paper_id,source_pdf,uploaded_pdf,batch_id,data_id,status,affiliations,raw_first_page_text,ocr_fallback_used,ocr_image_paths,ocr_transcribed_text,error,affiliation_details_json
2021.acl-long.10,,,,2021.acl-long.10,done,Huawei Noah's Ark Lab,"# Generalising Multilingual Concept-to-Text NLG with Language Agnostic Delexicalisation

Giulio Zhou

Huawei Noah's Ark Lab

London, UK

giuliozhou@huawei.com gerasimos.lampouras@huawei.com

Gerasimos Lampouras

Huawei Noah's Ark Lab

London, UK",false,,,,"[{""raw_affiliation_text"": ""Huawei Noah's Ark Lab, London, UK"", ""institution"": ""Huawei Noah's Ark Lab"", ""country"": ""UK""}]"
2021.acl-long.102,,,,2021.acl-long.102,done,University of Southern California,"# Common Sense Beyond English: Evaluating and Improving Multilingual Language Models for Commonsense Reasoning

Bill Yuchen Lin Seyeon Lee Xiaoyang Qiao Xiang Ren

{yuchen.lin, seyeonle, xiaoyanq, xiangren}@usc.edu

Department of Computer Science and Information Sciences Institute,

University of Southern California",false,,,,"[{""raw_affiliation_text"": ""Department of Computer Science and Information Sciences Institute, University of Southern California"", ""institution"": ""University of Southern California"", ""country"": null}]"
2021.acl-long.105,,,,2021.acl-long.105,done,Indian Institute of Technology Bombay | Google Research,"# Exploiting Language Relatedness for Low Web-Resource Language Model Adaptation: An Indic Languages Study

Yash Khemchandani $^{1*}$ Sarvesh Mehtani $^{1*}$ Vaidehi Patil $^{1}$ Abhijeet Awasthi $^{1}$ Partha Talukdar $^{2}$ Sunita Sarawagi $^{1}$

$^{1}$ Indian Institute of Technology Bombay, India $^{2}$ Google Research, India

{yashkhem, smehtani, awasthi, sunita}@cse.iitb.ac.in  
vaidehipatil@ee.iitb.ac.in, partha@google.com",false,,,,"[{""raw_affiliation_text"": ""Indian Institute of Technology Bombay, India"", ""institution"": ""Indian Institute of Technology Bombay"", ""country"": ""India""}, {""raw_affiliation_text"": ""Google Research, India"", ""institution"": ""Google Research"", ""country"": ""India""}]"
2021.acl-long.101,,,,2021.acl-long.101,done,Maastricht University | Facebook AI,"# Improving Zero-Shot Translation by Disentangling Positional Information

Danni Liu<sup>1</sup>, Jan Niehues<sup>1</sup>, James Cross<sup>2</sup>, Francisco Guzmán<sup>2</sup>, Xian Li<sup>2</sup>  
<sup>1</sup>Department of Data Science and Knowledge Engineering, Maastricht University  
<sup>2</sup>Facebook AI

{danni.liu,jan.niehues}@maastrichtuniversity.nl {jcross,fguzman,xianl}@fb.com",false,,,,"[{""raw_affiliation_text"": ""Department of Data Science and Knowledge Engineering, Maastricht University"", ""institution"": ""Maastricht University"", ""country"": null}, {""raw_affiliation_text"": ""Facebook AI"", ""institution"": ""Facebook AI"", ""country"": null}]"
2021.acl-long.104,,,,2021.acl-long.104,done,Deep Mind,"# Diverse Pretrained Context Encodings Improve Document Translation

Domenic Donato, Lei Yu, Chris Dyer

DeepMind

London, United Kingdom

{domenicd,leiyu,cdyer}@deepmind.com",false,,,,"[{""raw_affiliation_text"": ""DeepMind, London, United Kingdom"", ""institution"": ""Deep Mind"", ""country"": ""United Kingdom""}]"
2021.acl-long.1,,,,2021.acl-long.1,done,Technical University of Darmstadt | Johannes Gutenberg-University Mainz,"# Investigating label suggestions for opinion mining in German Covid-19 social media

Tilman Beck<sup>1</sup>, Ji-Ung Lee<sup>1</sup>, Christina Viehmann<sup>2</sup>, Marcus Maurer<sup>2</sup>, Oliver Quiring<sup>2</sup> and Iryna Gurevych<sup>1</sup>

<sup>1</sup>Ubiquitous Knowledge Processing Lab, Technical University of Darmstadt  
<sup>2</sup>Institut für Publizistik, Johannes Gutenberg-University Mainz

www.ukp.tu-darmstadt.de

www.ifp.uni-mainz.de",false,,,,"[{""raw_affiliation_text"": ""Ubiquitous Knowledge Processing Lab, Technical University of Darmstadt"", ""institution"": ""Technical University of Darmstadt"", ""country"": null}, {""raw_affiliation_text"": ""Institut für Publizistik, Johannes Gutenberg-University Mainz"", ""institution"": ""Johannes Gutenberg-University Mainz"", ""country"": null}]"
2021.acl-long.106,,,,2021.acl-long.106,done,University of Cambridge | Johns Hopkins University,"# On Finding the $K$ -best Non-projective Dependency Trees

Ran Zmigrod

Tim Vieira

Ryan Cotterell

![](images/da78a069b09850d10eff47af61060e6d8d185332aad6d48a39249a8edfa5c50b.jpg)

University of Cambridge Johns Hopkins University

rz279@cam.ac.uk tim.f.vieira@gmail.com

ryan.cotterell@inf.ethz.ch",false,,,,"[{""raw_affiliation_text"": ""University of Cambridge"", ""institution"": ""University of Cambridge"", ""country"": null}, {""raw_affiliation_text"": ""Johns Hopkins University"", ""institution"": ""Johns Hopkins University"", ""country"": null}]"
2021.acl-long.103,,,,2021.acl-long.103,done,"Institute of Automation, CAS | University of Chinese Academy of Sciences | Tencent Cloud Xiaowei","# Attention Calibration for Transformer in Neural Machine Translation

Yu Lu $^{1,2*}$ , Jiali Zeng $^{3}$ , Jiajun Zhang $^{1,2†}$ , Shuangzhi Wu $^{3}$ and Mu Li $^{3}$

$^{1}$ National Laboratory of Pattern Recognition, Institute of Automation, CAS, Beijing, China $^{2}$ School of Artificial Intelligence, University of Chinese Academy of Sciences, Beijing, China $^{3}$ Tencent Cloud Xiaowei, Beijing, China  
{yu.lu, jjzhang}@nlpr.ia.ac.cn  
{lemonzeng, frostwu, ethanlli} @tencent.com",false,,,,"[{""raw_affiliation_text"": ""National Laboratory of Pattern Recognition, Institute of Automation, CAS, Beijing, China"", ""institution"": ""Institute of Automation, CAS"", ""country"": ""China""}, {""raw_affiliation_text"": ""School of Artificial Intelligence, University of Chinese Academy of Sciences, Beijing, China"", ""institution"": ""University of Chinese Academy of Sciences"", ""country"": ""China""}, {""raw_affiliation_text"": ""Tencent Cloud Xiaowei, Beijing, China"", ""institution"": ""Tencent Cloud Xiaowei"", ""country"": ""China""}]"
2021.acl-long.107,,,,2021.acl-long.107,done,University of Stuttgart,"# Towards Argument Mining for Social Good: A Survey

Eva Maria Vecchi, Neele Falk, Iman Jundi and Gabriella Lapesa

Institute for Natural Language Processing

University of Stuttgart (Germany)

first[-middle].last@ims.uni-stuttgart.de",false,,,,"[{""raw_affiliation_text"": ""Institute for Natural Language Processing, University of Stuttgart (Germany)"", ""institution"": ""University of Stuttgart"", ""country"": ""Germany""}]"
2021.acl-long.100,,,,2021.acl-long.100,done,INRIA | ESPCI | Dauphine University,"# Measure and Evaluation of Semantic Divergence across Two Languages

Syrielle Montariol *

INRIA Paris

syrielle.montariol@inria.fr

Alexandre Allauzen

ESPCI Paris

Dauphine University

alexandre.allauzen@espci.psl.eu",false,,,,"[{""raw_affiliation_text"": ""INRIA Paris"", ""institution"": ""INRIA"", ""country"": null}, {""raw_affiliation_text"": ""ESPCI Paris"", ""institution"": ""ESPCI"", ""country"": null}, {""raw_affiliation_text"": ""Dauphine University"", ""institution"": ""Dauphine University"", ""country"": null}]"
2021.acl-long.109,,,,2021.acl-long.109,done,Amazon Alexa AI | CUNY Graduate Center | United States Digital Service | MIT,"# CLIP: A Dataset for Extracting Action Items for Physicians from Hospital Discharge Notes

James Mullenbach $^{1*}$ Yada Pruksachatkun $^{2*†}$ Sean Adler $^{1}$ Jennifer Seale $^{3\dagger}$ Jordan Swartz T. Greg McKelvey $^{4\dagger}$ Hui Dai Yi Yang $^{1}$ David Sontag $^{1,5}$

2 Amazon Alexa AI

3 CUNY Graduate Center

4 United States Digital Service

5 MIT",false,,,,"[{""raw_affiliation_text"": ""Amazon Alexa AI"", ""institution"": ""Amazon Alexa AI"", ""country"": null}, {""raw_affiliation_text"": ""CUNY Graduate Center"", ""institution"": ""CUNY Graduate Center"", ""country"": null}, {""raw_affiliation_text"": ""United States Digital Service"", ""institution"": ""United States Digital Service"", ""country"": null}, {""raw_affiliation_text"": ""MIT"", ""institution"": ""MIT"", ""country"": null}]"
2021.acl-long.111,,,,2021.acl-long.111,done,"University of California, Los Angeles | Yahoo Research","# Select, Extract and Generate: Neural Keyphrase Generation with Layer-wise Coverage Attention

Wasi Uddin Ahmad†, Xiao Bai‡, Soomin Lee‡, Kai-Wei Chang†

†University of California, Los Angeles, ‡Yahoo Research

$\dagger$ {wasiahmad, kwchang}@cs.ucla.edu

{$xbai,soominl}@verizonmedia.com",false,,,,"[{""raw_affiliation_text"": ""University of California, Los Angeles"", ""institution"": ""University of California, Los Angeles"", ""country"": null}, {""raw_affiliation_text"": ""Yahoo Research"", ""institution"": ""Yahoo Research"", ""country"": null}]"
2021.acl-long.110,,,,2021.acl-long.110,done,Rutgers University | University of Potsdam,"# Assessing Emoji Use in Modern Text Processing Tools

![](images/72f196b7abad1a09e5ff5b2bfd9ce2a335f45619686b1a76bc4b12027303a55d.jpg)

# Abu Awal Md Shoeb

Dept. of Computer Science

Rutgers University

New Brunswick, NJ, USA

abu.shoeb@rutgers.edu

# Gerard de Melo

Hasso Plattner Institute /

University of Potsdam

Potsdam, Germany

gdm@demelo.org",false,,,,"[{""raw_affiliation_text"": ""Dept. of Computer Science, Rutgers University, New Brunswick, NJ, USA"", ""institution"": ""Rutgers University"", ""country"": ""USA""}, {""raw_affiliation_text"": ""Hasso Plattner Institute / University of Potsdam, Potsdam, Germany"", ""institution"": ""University of Potsdam"", ""country"": ""Germany""}]"
2021.acl-long.112,,,,2021.acl-long.112,done,University of Edinburgh,"# Factorising Meaning and Form for Intent-Preserving Paraphrasing

Tom Hosking Mirella Lapata

Institute for Language, Cognition and Computation

School of Informatics, University of Edinburgh

10 Crichton Street, Edinburgh EH8 9AB

tom.hosking@ed.ac.uk mlap@inf.ed.ac.uk",false,,,,"[{""raw_affiliation_text"": ""Institute for Language, Cognition and Computation"", ""institution"": ""University of Edinburgh"", ""country"": null}]"
2021.acl-long.108,,,,2021.acl-long.108,done,Mc Gill University,"# Automated Generation of Storytelling Vocabulary from Photographs for Use in AAC

Maurizio Fontana de Vargas and Karyn Moffatt

School of Information Studies

McGill University, Montreal, Canada

mauricio fontanadevargas@mail.mcgill.ca, karyn.moffatt@mcgill.ca",false,,,,"[{""raw_affiliation_text"": ""School of Information Studies McGill University, Montreal, Canada"", ""institution"": ""Mc Gill University"", ""country"": ""Canada""}]"
2021.acl-long.114,,,,2021.acl-long.114,done,University of Washington | Allen Institute for Artificial Intelligence,"# Reflective Decoding: Beyond Unidirectional Generation with Off-the-Shelf Language Models

Peter West $^{1,2}$ Ximing Lu $^{1,2}$ Ari Holtzman $^{1}$ Chandra Bhagavatula $^{2}$ Jena Hwang $^{2}$ Yejin Choi $^{1,2}$

<sup>1</sup>Paul G. Allen School of Computer Science & Engineering, University of Washington  
<sup>2</sup>Allen Institute for Artificial Intelligence  
{pawest, ahai, yejin}@cs.washington.edu  
{ximinglu, chandrab, jenah}@allenai.org",false,,,,"[{""raw_affiliation_text"": ""Paul G. Allen School of Computer Science & Engineering, University of Washington"", ""institution"": ""University of Washington"", ""country"": null}, {""raw_affiliation_text"": ""Allen Institute for Artificial Intelligence"", ""institution"": ""Allen Institute for Artificial Intelligence"", ""country"": null}]"
2021.acl-long.11,,,,2021.acl-long.11,done,Chinese Academy of Sciences | University of Chinese Academy of Sciences | Tencent Inc,"# Conversations Are Not Flat: Modeling the Dynamic Information Flow across Dialogue Utterances

Zekang Li $^{12}$ , Jinchao Zhang $^{3}$ , Zhengcong Fei $^{12}$ , Yang Feng $^{12*}$ , Jie Zhou $^{3}$

<sup>1</sup> Key Laboratory of Intelligent Information Processing

Institute of Computing Technology, Chinese Academy of Sciences (ICT/CAS)

2 University of Chinese Academy of Sciences

3 Pattern Recognition Center, WeChat AI, Tencent Inc, China

{lizekang19g,feizhengcong,fengyang}@ict.ac.cn

{dayerzhang,withtomzhou}@tencent.com",false,,,,"[{""raw_affiliation_text"": ""Key Laboratory of Intelligent Information Processing Institute of Computing Technology, Chinese Academy of Sciences (ICT/CAS)"", ""institution"": ""Chinese Academy of Sciences"", ""country"": null}, {""raw_affiliation_text"": ""University of Chinese Academy of Sciences"", ""institution"": ""University of Chinese Academy of Sciences"", ""country"": null}, {""raw_affiliation_text"": ""Pattern Recognition Center, WeChat AI, Tencent Inc, China"", ""institution"": ""Tencent Inc"", ""country"": ""China""}]"
2021.acl-long.113,,,,2021.acl-long.113,done,Heriot-Watt University | Charles University,"# AGGGEN: Ordering and Aggregating while Generating

Xinnuo Xu†, Ondřej Dusek‡, Verena Rieser† and Ioannis Konstas†

†The Interaction Lab, MACS, Heriot-Watt University, Edinburgh, UK

$^{\ddagger}$ Charles University, Faculty of Mathematics and Physics, Prague, Czechia

xx6, v.t.rieser, i.konstas@hw.ac.uk

odusek@ufal.mff.cuni.cz",false,,,,"[{""raw_affiliation_text"": ""The Interaction Lab, MACS, Heriot-Watt University, Edinburgh, UK"", ""institution"": ""Heriot-Watt University"", ""country"": ""UK""}, {""raw_affiliation_text"": ""Charles University, Faculty of Mathematics and Physics, Prague, Czechia"", ""institution"": ""Charles University"", ""country"": ""Czechia""}]"
2021.acl-long.118,,,,2021.acl-long.118,done,University of Washington | The University of Texas at Austin,"# Challenges in Information-Seeking QA: Unanswerable Questions and Paragraph Retrieval

Akari Asai

University of Washington

akari@cs.washington.edu

Eunsol Choi*

The University of Texas at Austin

eunsol@cs.utexas.edu",false,,,,"[{""raw_affiliation_text"": ""University of Washington"", ""institution"": ""University of Washington"", ""country"": null}, {""raw_affiliation_text"": ""The University of Texas at Austin"", ""institution"": ""The University of Texas at Austin"", ""country"": null}]"
2021.acl-long.117,,,,2021.acl-long.117,done,Harbin Institute of Technology | Peng Cheng Laboratory,"# Language Model as an Annotator: Exploring DialogoGPT for Dialogue Summarization

Xiachong Feng $^{1}$ , Xiaocheng Feng $^{1,2*}$ , Libo Qin $^{1}$ , Bing Qin $^{1,2}$ , Ting Liu $^{1,2}$

<sup>1</sup>Harbin Institute of Technology, China

$^{2}$ Peng Cheng Laboratory, China

{xiaochongfeng,xcfeng,lbqin,bqin,tliu}@ir.hit.edu.cn",false,,,,"[{""raw_affiliation_text"": ""Harbin Institute of Technology, China"", ""institution"": ""Harbin Institute of Technology"", ""country"": ""China""}, {""raw_affiliation_text"": ""Peng Cheng Laboratory, China"", ""institution"": ""Peng Cheng Laboratory"", ""country"": ""China""}]"
2021.acl-long.115,,,,2021.acl-long.115,done,Tokyo Institute of Technology | National Institute of Advanced Industrial Science and Technology (AIST),"# Towards Table-to-Text Generation with Numerical Reasoning

# Lya Hulliyyatus Suadaa<sup>1</sup>, Hidetaka Kamigaito<sup>1</sup>, Kotaro Funakoshi<sup>1</sup>, Manabu Okumura<sup>1</sup> and Hiroya Takamura<sup>1,2</sup>

$^{1}$ Tokyo Institute of Technology

$^{2}$ National Institute of Advanced Industrial Science and Technology (AIST)

lya@stis.ac.id

{kamigaito,funakoshi,oku}@lr.pi.titech.ac.jp

takamura@pi.titech.ac.jp",false,,,,"[{""raw_affiliation_text"": ""Tokyo Institute of Technology"", ""institution"": ""Tokyo Institute of Technology"", ""country"": null}, {""raw_affiliation_text"": ""National Institute of Advanced Industrial Science and Technology (AIST)"", ""institution"": ""National Institute of Advanced Industrial Science and Technology (AIST)"", ""country"": null}]"
2021.acl-long.120,,,,2021.acl-long.120,done,University of Cambridge | ASAPP,"# Leveraging Type Descriptions for Zero-shot Named Entity Recognition and Classification

Rami Aly<sup>1</sup>, Andreas Vlachos<sup>1</sup>, Ryan McDonald<sup>2*</sup>

<sup>1</sup>Computer Laboratory, University of Cambridge, U.K.

2ASAPP

{rami.aly|andreas.vlachos}@cl.cam.ac.uk, ryanmcd@asapp.com",false,,,,"[{""raw_affiliation_text"": ""Computer Laboratory, University of Cambridge, U.K."", ""institution"": ""University of Cambridge"", ""country"": ""U.K.""}, {""raw_affiliation_text"": ""ASAPP"", ""institution"": ""ASAPP"", ""country"": null}]"
2021.acl-long.116,,,,2021.acl-long.116,done,University of Illinois at Urbana-Champaign | Harvard University | Xiamen University,"# BACO: A Background Knowledge- and Content-Based Framework for Citing Sentence Generation

Yubin Ge $^{1}$ , Ly Dinh $^{1}$ , Xiaofeng Liu $^{2}$ , Jinsong Su $^{3}$ , Ziyao Lu $^{3}$ , Ante Wang $^{3}$ , Jana Diesner $^{1}$

<sup>1</sup>University of Illinois at Urbana-Champaign, USA

$^{2}$ Harvard University, USA

$^{3}$ Xiamen University, China

{yubinge2，dinh4，jdiesner}@illinois.edu

jssu@xmu.edu.cn",false,,,,"[{""raw_affiliation_text"": ""University of Illinois at Urbana-Champaign, USA"", ""institution"": ""University of Illinois at Urbana-Champaign"", ""country"": ""USA""}, {""raw_affiliation_text"": ""Harvard University, USA"", ""institution"": ""Harvard University"", ""country"": ""USA""}, {""raw_affiliation_text"": ""Xiamen University, China"", ""institution"": ""Xiamen University"", ""country"": ""China""}]"
2021.acl-long.12,,,,2021.acl-long.12,done,Beijing University of Posts and Telecommunications | The University of Tokyo,"# Dual Slot Selector via Local Reliability Verification for Dialogue State Tracking

Jinyu Guo $^{1}$ , Kai Shuang $^{1*}$ , Jijie Li $^{1}$ and Zihan Wang $^{2}$

$^{1}$ State Key Laboratory of Networking and Switching Technology, Beijing University of Posts and Telecommunications

$^{2}$ Graduate School of Information Science and Technology, The University of Tokyo $\{\text{guojinyu, shuangk, lijijie}\} @$ bupt.edu.cn zwang@tkl.iis.u-tokyo.ac.jp",false,,,,"[{""raw_affiliation_text"": ""State Key Laboratory of Networking and Switching Technology, Beijing University of Posts and Telecommunications"", ""institution"": ""Beijing University of Posts and Telecommunications"", ""country"": null}, {""raw_affiliation_text"": ""Graduate School of Information Science and Technology, The University of Tokyo"", ""institution"": ""The University of Tokyo"", ""country"": null}]"
2021.acl-long.119,,,,2021.acl-long.119,done,"University of California, San Diego | Adobe Research","# A Gradually Soft Multi-Task and Data-Augmented Approach to Medical Question Understanding

Khalil Mrini<sup>1</sup>, Franck Dernoncourt<sup>2</sup>, Seunghyun Yoon<sup>2</sup>, Trung Bui<sup>2</sup>, Walter Chang<sup>2</sup>, Emilia Farcas<sup>1</sup>, and Ndapa Nakashole<sup>1</sup>

<sup>1</sup>University of California, San Diego, La Jolla, CA 92093

{khalil, efarcas, nnakashole}@ucsd.edu

2Adobe Research, San Jose, CA 95110

{franck.dernoncourt, syoon, bui, wachang}@adobe.com",false,,,,"[{""raw_affiliation_text"": ""University of California, San Diego, La Jolla, CA 92093"", ""institution"": ""University of California, San Diego"", ""country"": ""USA""}, {""raw_affiliation_text"": ""Adobe Research, San Jose, CA 95110"", ""institution"": ""Adobe Research"", ""country"": ""USA""}]"
2021.acl-long.121,,,,2021.acl-long.121,done,Jiangnan University | University of Surrey,"# MECT: Multi-Metadata Embedding based Cross-Transformer for Chinese Named Entity Recognition

Shuang Wu $^{1}$ , Xiaoning Song $^{1*}$ , Zhenhua Feng $^{2,3*}$

$^{1}$ School of Artificial Intelligence and Computer Science, Jiangnan University, China

$^{2}$ Department of Computer Science, University of Surrey, UK

<sup>3</sup>Centre for Vision, Speech and Signal Processing, University of Surrey, UK

shuangwu@stu.jiangnan.edu.cn

x song@jiangnan.edu.cn, z.feng@surrey.ac.uk",false,,,,"[{""raw_affiliation_text"": ""School of Artificial Intelligence and Computer Science, Jiangnan University, China"", ""institution"": ""Jiangnan University"", ""country"": ""China""}, {""raw_affiliation_text"": ""Department of Computer Science, University of Surrey, UK"", ""institution"": ""University of Surrey"", ""country"": ""UK""}]"
2021.acl-long.122,,,,2021.acl-long.122,done,Brandeis University | Raytheon BBN Technologies,"# Factuality Assessment as Modal Dependency Parsing

Jiarui Yao $^{1}$ , Haoling Qiu $^{2}$ , Jin Zhao $^{1}$ , Bonan Min $^{2}$ , and Nianwen Xue $^{1}$

$^{1}$ Brandeis University  
{jryao, jinzhao, xuen}@brandeis.edu $^{2}$ Raytheon BBN Technologies  
{haoling.qiu, bonan.min}@raytheon.com",false,,,,"[{""raw_affiliation_text"": ""Brandeis University"", ""institution"": ""Brandeis University"", ""country"": null}, {""raw_affiliation_text"": ""Raytheon BBN Technologies"", ""institution"": ""Raytheon BBN Technologies"", ""country"": null}]"
2021.acl-long.123,,,,2021.acl-long.123,done,Sun Yat-sen University,"# Directed Acyclic Graph Network for Conversational Emotion Recognition

Weizhou Shen, Siyue Wu, Yunyi Yang, Xiaojun Quan*

School of Computer Science and Engineering, Sun Yat-sen University, China

{shenwzh3, wusy39, yangyy37} $@$ mail2.sysu.edu.cn

quanxj3@mail.sysu.edu.cn",false,,,,"[{""raw_affiliation_text"": ""School of Computer Science and Engineering, Sun Yat-sen University, China"", ""institution"": ""Sun Yat-sen University"", ""country"": ""China""}]"
2021.acl-long.124,,,,2021.acl-long.124,done,University of Massachusetts Amherst | University of Massachusetts Lowell,"# Improving Formality Style Transfer with Context-Aware Rule Injection

Zonghai Yao

University of Massachusetts Amherst

zonghaiyao@cs.umass.edu

Hong Yu

University of Massachusetts Lowell

hong_yu@uml.edu",false,,,,"[{""raw_affiliation_text"": ""University of Massachusetts Amherst"", ""institution"": ""University of Massachusetts Amherst"", ""country"": null}, {""raw_affiliation_text"": ""University of Massachusetts Lowell"", ""institution"": ""University of Massachusetts Lowell"", ""country"": null}]"
2021.acl-long.127,,,,2021.acl-long.127,done,Kansas State University | University of Illinois at Chicago,"# Stance Detection in COVID-19 Tweets

# Kyle Glandt\* Sarthak Khanal\* Yingjie Li Doina Caragea\* Cornelia Caragea

\*Computer Science, Kansas State University $\diamond$ Computer Science, University of Illinois at Chicago {kglandt, sarthakk, dcaragea}@ksu.edu {yli300, cornelia}@uic.edu",false,,,,"[{""raw_affiliation_text"": ""Computer Science, Kansas State University"", ""institution"": ""Kansas State University"", ""country"": null}, {""raw_affiliation_text"": ""Computer Science, University of Illinois at Chicago"", ""institution"": ""University of Illinois at Chicago"", ""country"": null}]"
2021.acl-long.125,,,,2021.acl-long.125,done,University of Warwick | Southeast University,"# Topic-Driven and Knowledge-Aware Transformer for Dialogue Emotion Detection

Lixing Zhu†, Gabriele Pergola†, Lin Gui†, Deyu Zhou§, Yulan He†

$^{\dagger}$ Department of Computer Science, University of Warwick, UK

$^{\S}$ School of Computer Science and Engineering, Key Laboratory of Computer Network and Information Integration, Ministry of Education, Southeast University, China

{lixing.zhu, gabriele.pergola, lin.qui, yulan.he}@warwick.ac.uk d.zhou@seu.edu.cn",false,,,,"[{""raw_affiliation_text"": ""Department of Computer Science, University of Warwick, UK"", ""institution"": ""University of Warwick"", ""country"": ""UK""}, {""raw_affiliation_text"": ""School of Computer Science and Engineering, Key Laboratory of Computer Network and Information Integration, Ministry of Education, Southeast University, China"", ""institution"": ""Southeast University"", ""country"": ""China""}]"
2021.acl-long.126,,,,2021.acl-long.126,done,University of Maryland | Adobe Research | Paderborn University,"# Syntopical Graphs for Computational Argumentation Tasks

Joe Barrow*  
University of Maryland  
jdbarrow@cs.umd.edu

Rajiv Jain  
Adobe Research  
rajijain@adobe.com

Nedim Lipka  
Adobe Research  
lipka@adobe.com

Franck Dernoncourt  
Adobe Research  
dernonco@adobe.com

Vlad I. Morariu  
Adobe Research  
morariu@adobe.com

Varun Manjunatha
Adobe Research
vmanjuna@adobe.com

Douglas W. Oard  
University of Maryland  
oard@umd.edu

Philip Resnik  
University of Maryland  
resnik@umd.edu

Henning Wachsmuth  
Paderborn University  
henningw@upb.de",false,,,,"[{""raw_affiliation_text"": ""University of Maryland"", ""institution"": ""University of Maryland"", ""country"": null}, {""raw_affiliation_text"": ""Adobe Research"", ""institution"": ""Adobe Research"", ""country"": null}, {""raw_affiliation_text"": ""Paderborn University"", ""institution"": ""Paderborn University"", ""country"": null}]"
2021.acl-long.131,,,,2021.acl-long.131,done,Ghent University | Microsoft Research India | UT at Austin,"# A Survey of Code-switching: Linguistic and Social Perspectives for Language Technologies

A. Seza Dogruoz

Ghent University, Gent, Belgium

as.dogruoz@ugent.be

Sunayana Sitaram

Microsoft Research India, Bangalore, India

sunayana.sitaram@microsoft.com

Barbara E. Bullock

UT at Austin, Austin, USA

bbullock@austin.utexas.edu

Almeida Jacqueline Toribio

UT at Austin, Austin, USA

toribio@austin.utexas.edu",false,,,,"[{""raw_affiliation_text"": ""Ghent University, Gent, Belgium"", ""institution"": ""Ghent University"", ""country"": ""Belgium""}, {""raw_affiliation_text"": ""Microsoft Research India, Bangalore, India"", ""institution"": ""Microsoft Research India"", ""country"": ""India""}, {""raw_affiliation_text"": ""UT at Austin, Austin, USA"", ""institution"": ""UT at Austin"", ""country"": ""USA""}]"
2021.acl-long.133,,,,2021.acl-long.133,done,University of Illinois at Urbana-Champaign | Columbia University | U Mass Amherst | University of North Carolina at Chapel Hill | IBM,"# InfoSurgeon: Cross-Media Fine-grained Information Consistency Checking for Fake News Detection

Yi R. Fung<sup>1</sup>, Chris Thomas<sup>2</sup>, Revanth Reddy<sup>1</sup>, Sandeep Polisetty<sup>3</sup>, Heng Ji<sup>1</sup>, Shih-Fu Chang<sup>2</sup>, Kathleen McKeown<sup>2</sup>, Mohit Bansal<sup>4</sup>, Avirup Sil<sup>5</sup>

<sup>1</sup>University of Illinois at Urbana-Champaign, <sup>2</sup>Columbia University

<sup>3</sup>UMass Amherst, <sup>4</sup>University of North Carolina at Chapel Hill, <sup>5</sup>IBM

$^{1}\{\mathrm{yifung2,revanth3,hengji}\} @illinois.edu$

$^{2}\{$ christopher.thomas,sc250,kathy\}@columbia.edu

<sup>3</sup>spolisetty@umass.edu, <sup>4</sup>mbansal@cs.unc.edu, <sup>5</sup>avi@us.ibm.com",false,,,,"[{""raw_affiliation_text"": ""University of Illinois at Urbana-Champaign"", ""institution"": ""University of Illinois at Urbana-Champaign"", ""country"": null}, {""raw_affiliation_text"": ""Columbia University"", ""institution"": ""Columbia University"", ""country"": null}, {""raw_affiliation_text"": ""UMass Amherst"", ""institution"": ""U Mass Amherst"", ""country"": null}, {""raw_affiliation_text"": ""University of North Carolina at Chapel Hill"", ""institution"": ""University of North Carolina at Chapel Hill"", ""country"": null}, {""raw_affiliation_text"": ""IBM"", ""institution"": ""IBM"", ""country"": null}]"
2021.acl-long.13,,,,2021.acl-long.13,done,University of Cambridge | Alibaba Group,"# Transferable Dialogue Systems and User Simulators

Bo-Hsiang Tseng†, Yinpei Dai‡, Florian Kreyssig†, Bill Byrne†

$^{\dagger}$ Engineering Department, University of Cambridge, UK

‡ Alibaba Group

{bht26,flk24,wjb31}@cam.ac.uk

yinpei.dyp@alibaba-inc.com",false,,,,"[{""raw_affiliation_text"": ""Engineering Department, University of Cambridge, UK"", ""institution"": ""University of Cambridge"", ""country"": ""UK""}, {""raw_affiliation_text"": ""Alibaba Group"", ""institution"": ""Alibaba Group"", ""country"": null}]"
2021.acl-long.129,,,,2021.acl-long.129,done,Goethe University Frankfurt am Main | Technische Universität Darmstadt,"# Changes in European Solidarity Before and During COVID-19: Evidence from a Large Crowd- and Expert-Annotated Twitter Dataset

Alexandra Ils†, Dan Liu‡, Daniela Grunow†, Steffen Eger‡

† Department of Social Sciences, Goethe University Frankfurt am Main   
$^{\ddagger}$ Natural Language Learning Group, Technische Universität Darmstadt

{iIs,grunow}@soz.uni-frankfurt.de,

dan.liu.19@stud.tu-darmstadt.de,eger@aiphes.tu-darmstadt.de",false,,,,"[{""raw_affiliation_text"": ""Department of Social Sciences, Goethe University Frankfurt am Main"", ""institution"": ""Goethe University Frankfurt am Main"", ""country"": null}, {""raw_affiliation_text"": ""Natural Language Learning Group, Technische Universität Darmstadt"", ""institution"": ""Technische Universität Darmstadt"", ""country"": null}]"
2021.acl-long.132,,,,2021.acl-long.132,done,The Alan Turing Institute | University of Sheffield | Facebook AI Research,"# Learning from the Worst: Dynamically Generated Datasets to Improve Online Hate Detection

Bertie Vidgen†, Tristan Thrush†, Zeerak Waseem*, Douwe Kiela‡

†The Alan Turing Institute; †University of Sheffield; ‡Facebook AI Research

bvidgen@turing.ac.uk",false,,,,"[{""raw_affiliation_text"": ""The Alan Turing Institute"", ""institution"": ""The Alan Turing Institute"", ""country"": null}, {""raw_affiliation_text"": ""University of Sheffield"", ""institution"": ""University of Sheffield"", ""country"": null}, {""raw_affiliation_text"": ""Facebook AI Research"", ""institution"": ""Facebook AI Research"", ""country"": null}]"
2021.acl-long.128,,,,2021.acl-long.128,done,Southeast University | University of Warwick,"# Topic-Aware Evidence Reasoning and Stance-Aware Aggregation for Fact Verification

Jiasheng Si† Deyu Zhou†* Tongzhe Li† Xingyu Shi† Yulan He§  
† School of Computer Science and Engineering, Key Laboratory of Computer Network and Information Integration, Ministry of Education, Southeast University, China  
§ Department of Computer Science, University of Warwick, UK  
{jasenchn, d.zhou, 220184611, xyu-shi}@seu.edu.cn, yulan.he@warwick.ac.uk",false,,,,"[{""raw_affiliation_text"": ""School of Computer Science and Engineering, Key Laboratory of Computer Network and Information Integration, Ministry of Education, Southeast University, China"", ""institution"": ""Southeast University"", ""country"": ""China""}, {""raw_affiliation_text"": ""Department of Computer Science, University of Warwick, UK"", ""institution"": ""University of Warwick"", ""country"": ""UK""}]"
2021.acl-long.134,,,,2021.acl-long.134,done,UNC Chapel Hill | Facebook AI Research,"# I like fish , especially dolphins $3: ^ { \text{喜} }$ Addressing Contradictions in Dialogue Modeling

Yixin Nie $^{1}$ , Mary Williamson $^{2}$ , Mohit Bansal $^{1}$ , Douwe Kiela $^{2}$ , Jason Weston $^{2}$

1UNC Chapel Hill

$^{2}$ Facebook AI Research",false,,,,"[{""raw_affiliation_text"": ""UNC Chapel Hill"", ""institution"": ""UNC Chapel Hill"", ""country"": null}, {""raw_affiliation_text"": ""Facebook AI Research"", ""institution"": ""Facebook AI Research"", ""country"": null}]"
2021.acl-long.130,,,,2021.acl-long.130,done,Stanford University | University of Maryland | Harvard University | University of Virginia,"# Measuring Conversational Uptake: A Case Study on Student-Teacher Interactions

Dorottya Demszky $^{1}$ Jing Liu $^{2}$ Zid Mancenido $^{3}$ Julie Cohen $^{4}$ Heather Hill $^{3}$ Dan Jurafsky $^{1}$ Tatsunori Hashimoto $^{1}$

$^{1}$ Stanford University $^{2}$ University of Maryland $^{3}$ Harvard University $^{4}$ University of Virginia $\{\mathrm{ddemszky,~hashim}\}@\mathrm{stanford.edu}$",false,,,,"[{""raw_affiliation_text"": ""Stanford University"", ""institution"": ""Stanford University"", ""country"": null}, {""raw_affiliation_text"": ""University of Maryland"", ""institution"": ""University of Maryland"", ""country"": null}, {""raw_affiliation_text"": ""Harvard University"", ""institution"": ""Harvard University"", ""country"": null}, {""raw_affiliation_text"": ""University of Virginia"", ""institution"": ""University of Virginia"", ""country"": null}]"
2021.acl-long.135,,,,2021.acl-long.135,done,University College London | Byte Dance AI Lab,"# A Sequence-to-Sequence Approach to Dialogue State Tracking

Yue Feng† * Yang Wang‡ Hang Li‡

†University College London, London, UK

$^{\ddagger}$ ByteDance AI Lab, Beijing, China

† yue.feng.20@ucl.ac.uk

$\ddagger$ {wangyang.127, lihang.lh}@bytedance.com",false,,,,"[{""raw_affiliation_text"": ""University College London, London, UK"", ""institution"": ""University College London"", ""country"": ""UK""}, {""raw_affiliation_text"": ""ByteDance AI Lab, Beijing, China"", ""institution"": ""Byte Dance AI Lab"", ""country"": ""China""}]"
2021.acl-long.136,,,,2021.acl-long.136,done,Harbin Institute of Technology | Baidu Inc.,"# Discovering Dialog Structure Graph for Coherent Dialog Generation

Jun Xu $^{1*}$ , Zeyang Lei $^{2*}$ , Haifeng Wang $^{2}$ , Zheng-Yu Niu $^{2}$ , Hua Wu $^{2}$ , Wanxiang Che $^{1\dagger}$

<sup>1</sup>Research Center for Social Computing and Information Retrieval,

Harbin Institute of Technology, Harbin, China

$^{2}$ Baidu Inc., Beijing, China

{jxu, car} $@$ ir.hit.edu.cn, {leizeyang, wanghaifeng, niuzhengyu, wu_hua} $@$ baidu.com",false,,,,"[{""raw_affiliation_text"": ""Research Center for Social Computing and Information Retrieval, Harbin Institute of Technology, Harbin, China"", ""institution"": ""Harbin Institute of Technology"", ""country"": ""China""}, {""raw_affiliation_text"": ""Baidu Inc., Beijing, China"", ""institution"": ""Baidu Inc."", ""country"": ""China""}]"
2021.acl-long.138,,,,2021.acl-long.138,done,Beijing University of Posts and Telecommunications | Renmin University of China | Brandeis University,"# A Joint Model for Dropped Pronoun Recovery and Conversational Discourse Parsing in Chinese Conversational Speech

Jingxuan Yang $^{1}$ , Kerui Xu $^{1}$ , Jun Xu $^{2,3*}$ , Si Li $^{1}$ , Sheng Gao $^{1}$ , Jun Guo $^{1}$ , Nianwen Xue $^{4}$ and Ji-Rong Wen $^{2,3}$

$^{1}$ School of Artificial Intelligence, Beijing University of Posts and Telecommunications

$^{2}$ Gaoling School of Artificial Intelligence, Renmin University of China

$^{3}$ Beijing Key Laboratory of Big Data Management and Analysis Methods

$^{4}$ Department of Computer Science, Brandeis University

{yjx, xukerui, lisi, gaosheng, guojun}@bupt.edu.cn junxu@ruc.edu.cn, jirong.wen@gmail.com, xuen@brandeis.edu",false,,,,"[{""raw_affiliation_text"": ""School of Artificial Intelligence, Beijing University of Posts and Telecommunications"", ""institution"": ""Beijing University of Posts and Telecommunications"", ""country"": null}, {""raw_affiliation_text"": ""Gaoling School of Artificial Intelligence, Renmin University of China"", ""institution"": ""Renmin University of China"", ""country"": null}, {""raw_affiliation_text"": ""Department of Computer Science, Brandeis University"", ""institution"": ""Brandeis University"", ""country"": null}]"
2021.acl-long.137,,,,2021.acl-long.137,done,University of Cambridge | The Chinese University of Hong Kong | Tencent Inc.,"# Dialogue Response Selection with Hierarchical Curriculum Learning

Yixuan Su\*, Deng Cai\*, Qingyu Zhou Zibo Lin Simon Baker

Yunbo Cao $\diamond$ Shuming Shi $\diamond$ Nigel Collier $\spadesuit$ Yan Wang $\diamond$

$\spadesuit$ Language Technology Lab, University of Cambridge

The Chinese University of Hong Kong

Tencent Inc.

{ys484, sb895, nhc30}@cam.ac.uk

thisisjcykcd@gmail.com

{qingyuzhou, jimblin, Yunbocao, shumingshi, brandenwang}@tencent.com",false,,,,"[{""raw_affiliation_text"": ""Language Technology Lab, University of Cambridge"", ""institution"": ""University of Cambridge"", ""country"": null}, {""raw_affiliation_text"": ""The Chinese University of Hong Kong"", ""institution"": ""The Chinese University of Hong Kong"", ""country"": null}, {""raw_affiliation_text"": ""Tencent Inc."", ""institution"": ""Tencent Inc."", ""country"": null}]"
2021.acl-long.140,,,,2021.acl-long.140,done,Georgia Institute of Technology | Amazon.com Inc,"# Named Entity Recognition with Small Strongly Labeled and Large Weakly Labeled Data

Haoming Jiang\*1, Danqing Zhang2, Tianyu Cao2, Bing Yin2, Tuo Zhao1

<sup>1</sup>Georgia Institute of Technology, Atlanta, GA, USA

$^{2}$ Amazon.com Inc, Palo Alto, CA, USA

{jianghm, tourzhao}@gatech.edu

{danqinz, caoty, alexbyin}@amazon.com",false,,,,"[{""raw_affiliation_text"": ""Georgia Institute of Technology, Atlanta, GA, USA"", ""institution"": ""Georgia Institute of Technology"", ""country"": ""USA""}, {""raw_affiliation_text"": ""Amazon.com Inc, Palo Alto, CA, USA"", ""institution"": ""Amazon.com Inc"", ""country"": ""USA""}]"
2021.acl-long.139,,,,2021.acl-long.139,done,"The Ohio State University | University of California, Santa Barbara | Fujitsu Laboratories of America","# A Systematic Investigation of KB-Text Embedding Alignment at Scale

Vardaan Pahuja $^{1}$ , Yu Gu $^{1}$ , Wenhu Chen $^{2}$ , Mehdi Bahrami $^{3}$ , Lei Liu $^{3}$ , Wei-Peng Chen $^{3}$ , Yu Su $^{1}$

<sup>1</sup>The Ohio State University <sup>2</sup>University of California, Santa Barbara

$^{3}$ Fujitsu Laboratories of America

{pahuja.9, gu.826, su.809}@osu.edu, wenhuchen@cs.ucsb.edu

{mbahrami, lliu, wchen}@fujitsu.com",false,,,,"[{""raw_affiliation_text"": ""The Ohio State University"", ""institution"": ""The Ohio State University"", ""country"": null}, {""raw_affiliation_text"": ""University of California, Santa Barbara"", ""institution"": ""University of California, Santa Barbara"", ""country"": null}, {""raw_affiliation_text"": ""Fujitsu Laboratories of America"", ""institution"": ""Fujitsu Laboratories of America"", ""country"": null}]"
2021.acl-long.14,,,,2021.acl-long.14,done,Harbin Institute of Technology,"# BoB: BERT Over BERT for Training Persona-based Dialogue Models from Limited Personalized Data

Haoyu Song $^{1}$ , Yan Wang, Kaiyan Zhang $^{1}$ , Wei-Nan Zhang $^{1*}$ , Ting Liu $^{1}$

$^{1}$ Research Center for Social Computing and Information Retrieval, Harbin Institute of Technology, Heilongjiang, China

{hysong,kyzhang,wnzhang,tliu}@ir.hit.edu.cn yanwang.branden@gmail.com",false,,,,"[{""raw_affiliation_text"": ""Research Center for Social Computing and Information Retrieval, Harbin Institute of Technology, Heilongjiang, China"", ""institution"": ""Harbin Institute of Technology"", ""country"": ""China""}]"
2021.acl-long.143,,,,2021.acl-long.143,done,Massachusetts Institute of Technology,"# Implicit Representations of Meaning in Neural Language Models

# Belinda Z. Li Maxwell Nye Jacob Andreas

Massachusetts Institute of Technology

{bzl,mnye,jda}@mit.edu",false,,,,"[{""raw_affiliation_text"": ""Massachusetts Institute of Technology"", ""institution"": ""Massachusetts Institute of Technology"", ""country"": null}]"
2021.acl-long.141,,,,2021.acl-long.141,done,HKUST | Instacart,"# Ultra-Fine Entity Typing with Weak Supervision from a Masked Language Model

Hongliang Dai, Yangqiu Song

Department of CSE, HKUST

{hdai,yqsong}@cse.ust.hk

Haixun Wang

Instacart

haixun.wang@instacart.com",false,,,,"[{""raw_affiliation_text"": ""Department of CSE, HKUST"", ""institution"": ""HKUST"", ""country"": null}, {""raw_affiliation_text"": ""Instacart"", ""institution"": ""Instacart"", ""country"": null}]"
2021.acl-long.145,,,,2021.acl-long.145,done,ETH Zürich,"# Bird's Eye: Probing for Linguistic Graph Structures with a Simple Information-Theoretic Approach

Yifan Hou

Department of Computer Science ETH Zürich

yifan.hou@inf.ethz.ch

Mrinmaya Sachan

Department of Computer Science ETH Zürich

mrinmaya.sachan@inf.ethz.ch",false,,,,"[{""raw_affiliation_text"": ""Department of Computer Science ETH Zürich"", ""institution"": ""ETH Zürich"", ""country"": null}]"
2021.acl-long.148,,,,2021.acl-long.148,done,Cornell University,"# Bad Seeds: Evaluating Lexical Methods for Bias Measurement

Maria Antoniak

Cornell University

maa343@cornell.edu

David Mimno

Cornell University

mimno@cornell.edu",false,,,,"[{""raw_affiliation_text"": ""Cornell University"", ""institution"": ""Cornell University"", ""country"": null}]"
2021.acl-long.142,,,,2021.acl-long.142,done,Shanghai Tech University | Shanghai Engineering Research Center of Intelligent Vision and Imaging | Chinese Academy of Sciences | University of Chinese Academy of Sciences | Alibaba Group,"# Improving Named Entity Recognition by External Context Retrieving and Cooperative Learning

Xinyu Wang\*, Yong Jiang\*, Nguyen Bach\*, Tao Wang\*, Zhongqiang Huang\*, Fei Huang\*, Kewei Tu\*

$^{\text{a}}$ School of Information Science and Technology, ShanghaiTech University

Shanghai Engineering Research Center of Intelligent Vision and Imaging

Shanghai Institute of Microsystem and Information Technology, Chinese Academy of Sciences  
University of Chinese Academy of Sciences $\dagger$ DAMO Academy, Alibaba Group

{wangxyl,tukw}@shanghaiitech.edu.cn, yongjiang.jy@alibaba-inc.com {nguyen.bach,leeo.wangt,z.huang,f.huang} @alibaba-inc.com",false,,,,"[{""raw_affiliation_text"": ""School of Information Science and Technology, ShanghaiTech University"", ""institution"": ""Shanghai Tech University"", ""country"": ""null""}, {""raw_affiliation_text"": ""Shanghai Engineering Research Center of Intelligent Vision and Imaging"", ""institution"": ""Shanghai Engineering Research Center of Intelligent Vision and Imaging"", ""country"": ""null""}, {""raw_affiliation_text"": ""Shanghai Institute of Microsystem and Information Technology, Chinese Academy of Sciences"", ""institution"": ""Chinese Academy of Sciences"", ""country"": ""null""}, {""raw_affiliation_text"": ""University of Chinese Academy of Sciences"", ""institution"": ""University of Chinese Academy of Sciences"", ""country"": ""null""}, {""raw_affiliation_text"": ""DAMO Academy, Alibaba Group"", ""institution"": ""Alibaba Group"", ""country"": ""null""}]"
2021.acl-long.144,,,,2021.acl-long.144,done,Harvard University | Johns Hopkins University | Google Research | New York University | Technion - IIT,"# Causal Analysis of Syntactic Agreement Mechanisms in Neural Language Models

Matthew Finlayson*

Harvard University

Cambridge, MA

mattnfn@gmail.com

Aaron Mueller*

Johns Hopkins University

Baltimore, MD

amueller@jhu.edu

Sebastian Gehrmann

Google Research

New York, NY

gehrmann@google.com

Stuart Shieber

Harvard University

Cambridge, MA

shieber@seas.harvard.edu

Tal Linzen†

New York University

New York, NY

linzen@nyu.edu

Yonatan Belinkov†

Technion - IIT

Haifa, Israel

belinkov@technion.ac.il",false,,,,"[{""raw_affiliation_text"": ""Harvard University"", ""institution"": ""Harvard University"", ""country"": null}, {""raw_affiliation_text"": ""Johns Hopkins University"", ""institution"": ""Johns Hopkins University"", ""country"": null}, {""raw_affiliation_text"": ""Google Research"", ""institution"": ""Google Research"", ""country"": null}, {""raw_affiliation_text"": ""New York University"", ""institution"": ""New York University"", ""country"": null}, {""raw_affiliation_text"": ""Technion - IIT"", ""institution"": ""Technion - IIT"", ""country"": ""Israel""}]"
2021.acl-long.146,,,,2021.acl-long.146,done,Chinese Academy of Sciences | University of Chinese Academy of Sciences | Tencent Inc.,"# Knowledgeable or Educated Guess? Revisiting Language Models as Knowledge Bases

Boxi Cao $^{1,3}$ , Hongyu Lin $^{1*}$ , Xianpei Han $^{1,2*}$ , Le Sun $^{1,2}$

Lingyong Yan $^{1,3}$ , Meng Liao $^{4}$ , Tong Xue $^{4}$ , Jin Xu $^{4}$

$^{1}$ Chinese Information Processing Laboratory $^{2}$ State Key Laboratory of Computer Science Institute of Software, Chinese Academy of Sciences, Beijing, China

<sup>3</sup>University of Chinese Academy of Sciences, Beijing, China

<sup>4</sup>Data Quality Team, WeChat, Tencent Inc., China

{boxi2020,hongyu,xianpei,sunle,lingyong2014}@iscas.ac.cn

{maricoliao,xavierxue,jinxxu}@tencent.com",false,,,,"[{""raw_affiliation_text"": ""Chinese Information Processing Laboratory State Key Laboratory of Computer Science Institute of Software, Chinese Academy of Sciences, Beijing, China"", ""institution"": ""Chinese Academy of Sciences"", ""country"": ""China""}, {""raw_affiliation_text"": ""University of Chinese Academy of Sciences, Beijing, China"", ""institution"": ""University of Chinese Academy of Sciences"", ""country"": ""China""}, {""raw_affiliation_text"": ""Data Quality Team, WeChat, Tencent Inc., China"", ""institution"": ""Tencent Inc."", ""country"": ""China""}]"
2021.acl-long.149,,,,2021.acl-long.149,done,Carnegie Mellon University | Microsoft Research | University of Sheffield | University of Washington,"# A Survey of Race, Racism, and Anti-Racism in NLP

Anjalie Field

Carnegie Mellon University

anjalief@cs.cmu.edu

Su Lin Blodgett

Microsoft Research

sulin.blodgett@microsoft.com

Zeerak Waseem

University of Sheffield

z.w.butt@sheffield.ac.uk

Yulia Tsvetkov

University of Washington

yuliats@cs.washington.edu",false,,,,"[{""raw_affiliation_text"": ""Carnegie Mellon University"", ""institution"": ""Carnegie Mellon University"", ""country"": null}, {""raw_affiliation_text"": ""Microsoft Research"", ""institution"": ""Microsoft Research"", ""country"": null}, {""raw_affiliation_text"": ""University of Sheffield"", ""institution"": ""University of Sheffield"", ""country"": null}, {""raw_affiliation_text"": ""University of Washington"", ""institution"": ""University of Washington"", ""country"": null}]"
2021.acl-long.15,,,,2021.acl-long.15,done,Harbin Institute of Technology,"# GL-GIN: Fast and Accurate Non-Autoregressive Model for Joint Multiple Intent Detection and Slot Filling

Libo Qin, Fuxuan Wei, Tianbao Xie, Xiao Xu, Wanxiang Che\*, Ting Liu

Research Center for Social Computing and Information Retrieval

Harbin Institute of Technology, China

{lbqin, fuxuanwei, tianbaoxie, xxu, car, tliu}@ir.hit.edu.cn",false,,,,"[{""raw_affiliation_text"": ""Research Center for Social Computing and Information Retrieval Harbin Institute of Technology, China"", ""institution"": ""Harbin Institute of Technology"", ""country"": ""China""}]"
2021.acl-long.150,,,,2021.acl-long.150,done,University of Edinburgh | Rasa Technologies Gmb H,"# Intrinsic Bias Metrics Do Not Correlate with Application Bias

Seraphina Goldfarb-Tarrant*† Rebecca Marchant*† Ricardo Muñoz Sánchez*† Mugdha Pandya*† Adam Lopez‡†

†University of Edinburgh, ‡Rasa Technologies GmbH

s.tarrant@ed.ac.uk

{rebecca.marchant31, ricardoms.math, pandya.mugdha4}@gmail.com a.lopez@rasa.com",false,,,,"[{""raw_affiliation_text"": ""University of Edinburgh"", ""institution"": ""University of Edinburgh"", ""country"": null}, {""raw_affiliation_text"": ""Rasa Technologies GmbH"", ""institution"": ""Rasa Technologies Gmb H"", ""country"": null}]"
2021.acl-long.151,,,,2021.acl-long.151,done,University of Mannheim | University of Cambridge,"# REDDITBIAS: A Real-World Resource for Bias Evaluation and Debiasing of Conversational Language Models

Soumya Barikeri, $^{1}$ Anne Lauscher, $^{1}$ Ivan Vulic, $^{2}$ and Goran Glavaš $^{1}$

Data and Web Science Research Group

University of Mannheim

soumyabarikeri@gmail.com,{anne,goran}@informatik.uni-mannheim.de

$^{2}$ Language Technology Lab

University of Cambridge

iv250@cam.ac.uk",false,,,,"[{""raw_affiliation_text"": ""Data and Web Science Research Group University of Mannheim"", ""institution"": ""University of Mannheim"", ""country"": null}, {""raw_affiliation_text"": ""Language Technology Lab University of Cambridge"", ""institution"": ""University of Cambridge"", ""country"": null}]"
2021.acl-long.147,,,,2021.acl-long.147,done,Trinity College Dublin | TU Dublin | Accenture Labs,"# Poisoning Knowledge Graph Embeddings via Relation Inference Patterns

Peru Bhardwaj<sup>1</sup> John Kelleher<sup>2*</sup> Luca Costabello<sup>3*</sup> Declan O'Sullivan<sup>1*</sup>

$^{1}$ ADAPT Centre, Trinity College Dublin, Ireland

$^{2}$ ADAPT Centre, TU Dublin, Ireland

3 Accenture Labs, Ireland

peru.bhardwaj@adaptcentre.ie",false,,,,"[{""raw_affiliation_text"": ""ADAPT Centre, Trinity College Dublin, Ireland"", ""institution"": ""Trinity College Dublin"", ""country"": ""Ireland""}, {""raw_affiliation_text"": ""ADAPT Centre, TU Dublin, Ireland"", ""institution"": ""TU Dublin"", ""country"": ""Ireland""}, {""raw_affiliation_text"": ""Accenture Labs, Ireland"", ""institution"": ""Accenture Labs"", ""country"": ""Ireland""}]"
2021.acl-long.152,,,,2021.acl-long.152,done,Dartmouth College | Tsinghua University | Zhejiang University City College,"# Contributions of Transformer Attention Heads in Multi- and Cross-lingual Tasks

Weicheng Ma<sup>1*</sup>, Kai Zhang<sup>2*</sup>, Renze Lou<sup>3†</sup>, Lili Wang<sup>1</sup>, and Soroush Vosoughi<sup>4</sup>

$^{1,4}$ Department of Computer Science, Dartmouth College

$^{2}$ Department of Computer Science and Technology, Tsinghua University

$^{3}$ Department of Computer Science, Zhejiang University City College

$^{1}\{\mathrm{first.last}\} .\mathrm{gr}@$ dartmouth.edu

2drogozhang@gmail.com

<sup>3</sup>marionojump0722@gmail.com

sorghum.vosoughi@dartmouth.edu",false,,,,"[{""raw_affiliation_text"": ""Department of Computer Science, Dartmouth College"", ""institution"": ""Dartmouth College"", ""country"": null}, {""raw_affiliation_text"": ""Department of Computer Science and Technology, Tsinghua University"", ""institution"": ""Tsinghua University"", ""country"": null}, {""raw_affiliation_text"": ""Department of Computer Science, Zhejiang University City College"", ""institution"": ""Zhejiang University City College"", ""country"": null}]"
2021.acl-long.155,,,,2021.acl-long.155,done,Shanghai Jiao Tong University | Byte Dance AI Lab | Nanjing University,"# Glancing Transformer for Non-Autoregressive Neural Machine Translation

Lihua Qian $^{1,2*}$ Hao Zhou $^{2}$ Yu Bao $^{3}$ Mingxuan Wang $^{2}$

Lin Qiu<sup>1</sup> Weinan Zhang<sup>1</sup> Yong Yu<sup>1</sup> Lei Li<sup>2</sup>

$^{1}$ Shanghai Jiao Tong University $^{2}$ ByteDance AI Lab $^{3}$ Nanjing University {qianlihua, lqiu, wnzhang, yyu} @apex.sjtu.edu.cn

{zhouhao.nlp, wangmingxuan.89, lileilab}@bytedance.com baoy@smail.nju.edu.cn",false,,,,"[{""raw_affiliation_text"": ""Shanghai Jiao Tong University"", ""institution"": ""Shanghai Jiao Tong University"", ""country"": null}, {""raw_affiliation_text"": ""ByteDance AI Lab"", ""institution"": ""Byte Dance AI Lab"", ""country"": null}, {""raw_affiliation_text"": ""Nanjing University"", ""institution"": ""Nanjing University"", ""country"": null}]"
2021.acl-long.156,,,,2021.acl-long.156,done,"Institute of Computing Technology, CAS | University of Chinese Academy of Sciences | Microsoft Research Asia | New York University","# Hierarchical Context-aware Network for Dense Video Event Captioning

Lei Ji $^{1,2,3}$ , Xianglin Guo $^{4*}$ , Haoyang Huang $^{3}$ , Xilin Chen $^{1,2}$

$^{1}$ Institute of Computing Technology, CAS, Beijing, China

$^{2}$ University of Chinese Academy of Sciences, Beijing, China

<sup>3</sup>Microsoft Research Asia, Beijing, China

$^{4}$ New York University, New York, USA

leiji@microsoft.com, xg893@nyu.edu

haoyang.huang@microsoft.com, xlchen@ict.ac.cn",false,,,,"[{""raw_affiliation_text"": ""Institute of Computing Technology, CAS, Beijing, China"", ""institution"": ""Institute of Computing Technology, CAS"", ""country"": ""China""}, {""raw_affiliation_text"": ""University of Chinese Academy of Sciences, Beijing, China"", ""institution"": ""University of Chinese Academy of Sciences"", ""country"": ""China""}, {""raw_affiliation_text"": ""Microsoft Research Asia, Beijing, China"", ""institution"": ""Microsoft Research Asia"", ""country"": ""China""}, {""raw_affiliation_text"": ""New York University, New York, USA"", ""institution"": ""New York University"", ""country"": ""USA""}]"
2021.acl-long.159,,,,2021.acl-long.159,done,University of Washington | Allen Institute for Artificial Intelligence,"# Language Grounding Through Neuro-Symbolic Interaction in a 3D World

Rowan Zellers\* Ari Holtzman\* Matthew Peters

Roozbeh Mottaghi Aniruddha Kembhavi Ali Farhadi $\clubsuit$ Yejin Choi

$\spadesuit$ Paul G. Allen School of Computer Science & Engineering, University of Washington

$^{\text{心}}$ Allen Institute for Artificial Intelligence

https://rowanzellers.com/piglet",false,,,,"[{""raw_affiliation_text"": ""Paul G. Allen School of Computer Science & Engineering, University of Washington"", ""institution"": ""University of Washington"", ""country"": null}, {""raw_affiliation_text"": ""Allen Institute for Artificial Intelligence"", ""institution"": ""Allen Institute for Artificial Intelligence"", ""country"": null}]"
2021.acl-long.154,,,,2021.acl-long.154,done,Nanyang Technological University | Salesforce Research Asia,"# UXLA: A Robust Unsupervised Data Augmentation Framework for Zero-Resource Cross-Linguual NLP

M Saiful Bari *#, Tasnim Mohiuddin *#, and Shafiq Joty

Nanyang Technological University, Singapore

$\S$ Salesforce Research Asia, Singapore

{bari0001@e., mohi0004@e., srjoty@}ntu.edu.sg",false,,,,"[{""raw_affiliation_text"": ""Nanyang Technological University, Singapore"", ""institution"": ""Nanyang Technological University"", ""country"": ""Singapore""}, {""raw_affiliation_text"": ""Salesforce Research Asia, Singapore"", ""institution"": ""Salesforce Research Asia"", ""country"": ""Singapore""}]"
2021.acl-long.158,,,,2021.acl-long.158,done,Allen Institute for Artificial Intelligence | University of Michigan | University of Washington | Stanford University,"# Edited Media Understanding Frames: Reasoning About the Intents and Implications of Visual Disinformation

Jeff Da* Maxwell Forbes* Rowan Zellers* Anthony Zheng* Jena D. Hwang* Antoine Bosselut* Yejin Choi*

*Allen Institute for Artificial Intelligence *University of Michigan

$^{\diamond}$ Paul G. Allen School of Computer Science & Engineering, University of Washington

Stanford University

jeffda.com/edited-media-understanding",false,,,,"[{""raw_affiliation_text"": ""Allen Institute for Artificial Intelligence"", ""institution"": ""Allen Institute for Artificial Intelligence"", ""country"": null}, {""raw_affiliation_text"": ""University of Michigan"", ""institution"": ""University of Michigan"", ""country"": null}, {""raw_affiliation_text"": ""Paul G. Allen School of Computer Science & Engineering, University of Washington"", ""institution"": ""University of Washington"", ""country"": null}, {""raw_affiliation_text"": ""Stanford University"", ""institution"": ""Stanford University"", ""country"": null}]"
2021.acl-long.153,,,,2021.acl-long.153,done,Huazhong University of Science and Technology,"# Crafting Adversarial Examples for Neural Machine Translation

Xinze Zhang $^{1,2,*}$ Junzhe Zhang $^{1}$ Zhenhua Chen $^{1}$ Kun He $^{1,\dagger}$

$^{1}$ School of Computer Science and Technology,

$^{2}$ School of Management,

Huazhong University of Science and Technology

{xinze,junzhezhang,zhenhuachen,brooklet60}@hust.edu.cn",false,,,,"[{""raw_affiliation_text"": ""School of Computer Science and Technology, Huazhong University of Science and Technology"", ""institution"": ""Huazhong University of Science and Technology"", ""country"": null}]"
2021.acl-long.16,,,,2021.acl-long.16,done,Fudan University,"# Accelerating BERT Inference for Sequence Labeling via Early-Exit

Xiaonan Li, Yunfan Shao, Tianxiang Sun, Hang Yan, Xipeng Qiu\*, Xuanjing Huang

Shanghai Key Laboratory of Intelligent Information Processing, Fudan University School of Computer Science, Fudan University

{lixn20, yfshao19, txsun19, hyan19, xpqiu, xjhuang} @fudan.edu.cn",false,,,,"[{""raw_affiliation_text"": ""Shanghai Key Laboratory of Intelligent Information Processing, Fudan University School of Computer Science, Fudan University"", ""institution"": ""Fudan University"", ""country"": null}]"
2021.acl-long.157,,,,2021.acl-long.157,done,"Beihang University | Institute of Computing Technology, CAS | University of Chinese Academy of Sciences | Microsoft Research Asia | Southwest Jiaotong University","# Control Image Captioning Spatially and Temporally

Kun Yan†, Lei Ji‡§¶, Huaishao Luo∥, Ming Zhou¶, Nan Duan¶, Shuai Ma†

†SKLSDE Lab, Beihang University, Beijing, China

$^{\ddagger}$ Institute of Computing Technology, CAS, Beijing, China

$^{\S}$ University of Chinese Academy of Sciences, Beijing, China

Microsoft Research Asia, Beijing, China

$^{\parallel}$ Southwest Jiaotong University, Chengdu, China

$\dagger$ {kunyan,mashuai} @ buaa.edu.cn $\mathbb{I}$ {leiji,mingzhou,nanduan} @microsoft.com

huaishaoluo@gmail.com",false,,,,"[{""raw_affiliation_text"": ""SKLSDE Lab, Beihang University, Beijing, China"", ""institution"": ""Beihang University"", ""country"": ""China""}, {""raw_affiliation_text"": ""Institute of Computing Technology, CAS, Beijing, China"", ""institution"": ""Institute of Computing Technology, CAS"", ""country"": ""China""}, {""raw_affiliation_text"": ""University of Chinese Academy of Sciences, Beijing, China"", ""institution"": ""University of Chinese Academy of Sciences"", ""country"": ""China""}, {""raw_affiliation_text"": ""Microsoft Research Asia, Beijing, China"", ""institution"": ""Microsoft Research Asia"", ""country"": ""China""}, {""raw_affiliation_text"": ""Southwest Jiaotong University, Chengdu, China"", ""institution"": ""Southwest Jiaotong University"", ""country"": ""China""}]"
2021.acl-long.160,,,,2021.acl-long.160,done,The University of Texas at Austin | University of Massachusetts Amherst | Google Research,"# Modeling Fine-Grained Entity Types with Box Embeddings

Yasumasa Onoe\*, Michael Boratko\*, Andrew McCallum\*, Greg Durrett\*

$\spadesuit$ The University of Texas at Austin

$\diamond$ University of Massachusetts Amherst

Google Research

{yasumasa,gdurrett}@cs.utexas.edu  
{mboratko, mccallum}@cs.umass.edu  
mccallum@google.com",false,,,,"[{""raw_affiliation_text"": ""The University of Texas at Austin"", ""institution"": ""The University of Texas at Austin"", ""country"": null}, {""raw_affiliation_text"": ""University of Massachusetts Amherst"", ""institution"": ""University of Massachusetts Amherst"", ""country"": null}, {""raw_affiliation_text"": ""Google Research"", ""institution"": ""Google Research"", ""country"": null}]"
2021.acl-long.161,,,,2021.acl-long.161,done,Zhejiang University | Chinese Academy of Sciences,"# ChineseBERT: Chinese Pretraining Enhanced by Glyph and Pinyin Information

Zijun Sun\*, Xiaoya Li\*, Xiaofei Sun\*, Yuxian Meng\*

Xiang Ao\*, Qing He\*, Fei Wu\* and Jiwei Li\*\*

$\clubsuit$ Shannon.AI, $\clubsuit$ Zhejiang University

$\spadesuit$ Key Lab of Intelligent Information Processing of Chinese Academy of Sciences

{zijun_sun, xiaoya_li, xiaofei.sun, yuxian_meng, jiwei_li} @shannonai.com

{aoxiang,heqing} @ict.ac.cn, wufei@zju.edu.cn",false,,,,"[{""raw_affiliation_text"": ""Shannon.AI, Zhejiang University"", ""institution"": ""Zhejiang University"", ""country"": null}, {""raw_affiliation_text"": ""Key Lab of Intelligent Information Processing of Chinese Academy of Sciences"", ""institution"": ""Chinese Academy of Sciences"", ""country"": null}]"
2021.acl-long.162,,,,2021.acl-long.162,done,Northeastern University | The Chinese University of Hong Kong | Niu Trans Research,"# Weight Distillation: Transferring the Knowledge in Neural Network Parameters

Ye Lin $^{1*}$ , Yanyang Li $^{2*}$ , Ziyang Wang $^{1}$ , Bei Li $^{1}$ , Quan Du $^{1}$ , Tong Xiao $^{1,3}$ , Jingbo Zhu $^{1,3\dagger}$

$^{1}$ NLP Lab, School of Computer Science and Engineering,

Northeastern University, Shenyang, China

2The Chinese University of Hong Kong, Hong Kong, China

$^{3}$ NiuTrans Research, Shenyang, China

{linye2015,blamedrlee,libeineu,duquanneu}@outlook.com

{wangziyang}@stumail.neu.edu.cn

{xiaotong,zhujingbo} $@$ mail.neu.edu.cn",false,,,,"[{""raw_affiliation_text"": ""NLP Lab, School of Computer Science and Engineering, Northeastern University, Shenyang, China"", ""institution"": ""Northeastern University"", ""country"": ""China""}, {""raw_affiliation_text"": ""The Chinese University of Hong Kong, Hong Kong, China"", ""institution"": ""The Chinese University of Hong Kong"", ""country"": ""China""}, {""raw_affiliation_text"": ""NiuTrans Research, Shenyang, China"", ""institution"": ""Niu Trans Research"", ""country"": ""China""}]"
2021.acl-long.167,,,,2021.acl-long.167,done,Stony Brook University,"# IrEne: Interpretable Energy Prediction for Transformers

Qingqing Cao, Yash Kumar Lal, Harsh Trivedi, Aruna Balasubramanian, Niranjan Balasubramanian

Department of Computer Science Stony Brook University Stony Brook, NY 11794, USA

{qicao,ylal,hjtrivedi,arunab,niranjan}@cs.stonybrook.edu",false,,,,"[{""raw_affiliation_text"": ""Department of Computer Science Stony Brook University Stony Brook, NY 11794, USA"", ""institution"": ""Stony Brook University"", ""country"": ""USA""}]"
2021.acl-long.169,,,,2021.acl-long.169,done,UC Berkeley,"# PLOTcoder: Hierarchical Decoding for Synthesizing Visualization Code in Programmatic Context

Xinyun Chen, Linyuan Gong, Alvin Cheung and Dawn Song

UC Berkeley

{xinyun.chen, gly, akcheung, dawnsong}@berkeley.edu",false,,,,"[{""raw_affiliation_text"": ""UC Berkeley"", ""institution"": ""UC Berkeley"", ""country"": null}]"
2021.acl-long.165,,,,2021.acl-long.165,done,Columbia University,"# COVID-Fact: Fact Extraction and Verification of Real-World Claims on COVID-19 Pandemic

Arkadiy Saakyan<sup>1</sup>, Tuhin Chakrabarty<sup>1</sup>, and Smaranda Muresan<sup>1,2</sup>

$^{1}$ Department of Computer Science, Columbia University

$^{2}$ Data Science Institute, Columbia University

a.saakyan@columbia.edu,{tuhin.chakr,smara}@cs.columbia.edu",false,,,,"[{""raw_affiliation_text"": ""Department of Computer Science, Columbia University"", ""institution"": ""Columbia University"", ""country"": null}]"
2021.acl-long.164,,,,2021.acl-long.164,done,National Institute of Information and Communications Technology (NICT) | NAIST,"# BERTAC: Enhancing Transformer-based Language Models with Adversarily Pretrained Convolutional Neural Networks

Jong-Hoon Oh $^{\S}$ Ryu Iida $^{\S}$ Julien Kloetzer $^{\S}$ Kentaro Torisawa $^{\S}$

Data-driven Intelligent System Research Center (DIRECT), National Institute of Information and Communications Technology (NICT) $^{\S}$

Graduate School of Science and Technology, NAIST

{rovellia, ryu.iida, julien, torisawa}@nict.go.jp",false,,,,"[{""raw_affiliation_text"": ""Data-driven Intelligent System Research Center (DIRECT), National Institute of Information and Communications Technology (NICT)"", ""institution"": ""National Institute of Information and Communications Technology (NICT)"", ""country"": null}, {""raw_affiliation_text"": ""Graduate School of Science and Technology, NAIST"", ""institution"": ""NAIST"", ""country"": null}]"
2021.acl-long.163,,,,2021.acl-long.163,done,Borealis AI | University of Waterloo | Mc Gill University | University of Alberta,"# Optimizing Deeper Transformers on Small Datasets

Peng Xu $^{1}$ , Dhruv Kumar $^{*1,2}$ , Wei Yang $^{1}$ , Wenjie Zi $^{1}$ , Keyi Tang $^{1}$ , Chenyang Huang $^{*1,5}$ , Jackie Chi Kit Cheung $^{1,3,4}$ , Simon J.D. Prince $^{1}$ , Yanshuai Cao $^{1}$

$^{1}$ Borealis AI $^{2}$ University of Waterloo

<sup>3</sup>McGill University <sup>4</sup>Canada CIFAR Chair, Mila <sup>5</sup>University of Alberta

{peng.z.xu,wei.yang,wenjie.zi,key.tang,simon.prince,yanshuai.cao}@borealisai.com

dhruv.kumar@uwaterloo.ca, chuang8@ualberta.ca, jcheung@cs.mcgill.ca",false,,,,"[{""raw_affiliation_text"": ""Borealis AI"", ""institution"": ""Borealis AI"", ""country"": null}, {""raw_affiliation_text"": ""University of Waterloo"", ""institution"": ""University of Waterloo"", ""country"": null}, {""raw_affiliation_text"": ""McGill University"", ""institution"": ""Mc Gill University"", ""country"": null}, {""raw_affiliation_text"": ""University of Alberta"", ""institution"": ""University of Alberta"", ""country"": null}]"
2021.acl-long.166,,,,2021.acl-long.166,done,University of Washington | Allen Institute for AI | Johns Hopkins University,"# Explaining Relationships Between Scientific Documents

Kelvin Luu $^{1,*}$ Xinyi Wu $^{1,*}$ Rik Koncel-Kedziorski $^{1}$

Kyle Lo² Isabel Cachola³ Noah A. Smith¹,²

$^{1}$ University of Washington $^{2}$ Allen Institute for AI $^{3}$ Johns Hopkins University

{kellu,nasmith}@cs.washington.edu,{xywu,kedzior}@uw.edu,

kylel@allenai.org, icachola@cs.jhu.edu",false,,,,"[{""raw_affiliation_text"": ""University of Washington"", ""institution"": ""University of Washington"", ""country"": null}, {""raw_affiliation_text"": ""Allen Institute for AI"", ""institution"": ""Allen Institute for AI"", ""country"": null}, {""raw_affiliation_text"": ""Johns Hopkins University"", ""institution"": ""Johns Hopkins University"", ""country"": null}]"
2021.acl-long.168,,,,2021.acl-long.168,done,Arizona State University,"# Mitigating Bias in Session-based Cyberbullying Detection: A Non-Compromising Approach

Lu Cheng $^{1}$ ; Ahmadreza Mosallanezhad $^{1}$ ; Yasin N. Silva $^{2}$ , Deborah L. Hall $^{3}$ , and Huan Liu $^{1}$

<sup>1</sup> Computer Science and Engineering, Arizona State University   
$^{2}$ Mathematical and Natural Sciences, Arizona State University

$^{3}$ Social and Behavioral Sciences, Arizona State University {lcheng35, amosalla, ysilva, d.hall, huanliu}@asu.edu",false,,,,"[{""raw_affiliation_text"": ""Computer Science and Engineering, Arizona State University"", ""institution"": ""Arizona State University"", ""country"": null}]"
2021.acl-long.170,,,,2021.acl-long.170,done,University of Copenhagen,"# Changing the World by Changing the Data

Anna Rogers  
Center for Social Data Science  
University of Copenhagen  
arogers@sodas.ku.dk",false,,,,"[{""raw_affiliation_text"": ""Center for Social Data Science, University of Copenhagen"", ""institution"": ""University of Copenhagen"", ""country"": null}]"
2021.acl-long.17,,,,2021.acl-long.17,done,Beijing Institute of Technology | Nanyang Technological University | Wuhan University,"# Modularized Interaction Network for Named Entity Recognition

Fei Li $^{1}$ , Zheng Wang $^{2*}$ , Siu Cheung Hui $^{2}$ , Lejian Liao $^{1}$ , Dandan Song $^{1*}$ , Jing Xu $^{1}$ , Guoxiu He $^{3}$ , Meihuizi Jia $^{1}$

<sup>1</sup>Beijing Institute of Technology, China

$^{2}$ Nanyang Technological University, Singapore

$^{3}$ Wuhan University, China

{lifei926,liaolj,sdd,xujing,jmhuizi24}@bit.edu.cn

{wang_zheng,asschui}@ntu.edu.sg,guoxiu.he@whu.edu.cn",false,,,,"[{""raw_affiliation_text"": ""Beijing Institute of Technology, China"", ""institution"": ""Beijing Institute of Technology"", ""country"": ""China""}, {""raw_affiliation_text"": ""Nanyang Technological University, Singapore"", ""institution"": ""Nanyang Technological University"", ""country"": ""Singapore""}, {""raw_affiliation_text"": ""Wuhan University, China"", ""institution"": ""Wuhan University"", ""country"": ""China""}]"
2021.acl-long.173,,,,2021.acl-long.173,done,Tencent AI Lab,"# Data Augmentation for Text Generation Without Any Augmented Data

Wei Bi* Huayang Li* Jiacheng Huang

Tencent AI Lab, Shenzhen, China

{victoriabi,alanili,eziohuang}@tencent.com",false,,,,"[{""raw_affiliation_text"": ""Tencent AI Lab, Shenzhen, China"", ""institution"": ""Tencent AI Lab"", ""country"": ""China""}]"
2021.acl-long.171,,,,2021.acl-long.171,done,University of Texas at Austin | Microsoft Corporation,"# EarlyBERT: Efficient BERT Training via Early-bird Lottery Tickets

# Xiaohan Chen $^{1*}$ Yu Cheng $^{2}$ Shuohang Wang $^{2}$ Zhe Gan $^{2}$ Zhangyang Wang $^{1}$ Jingjing Liu $^{2}$

<sup>1</sup>University of Texas at Austin, <sup>2</sup>Microsoft Corporation

{xiaohan.chen,Atlaswang}@utexas.edu

{yu.cheng, shuowa, zhe.gan, jingjl}@microsoft.com",false,,,,"[{""raw_affiliation_text"": ""University of Texas at Austin"", ""institution"": ""University of Texas at Austin"", ""country"": null}, {""raw_affiliation_text"": ""Microsoft Corporation"", ""institution"": ""Microsoft Corporation"", ""country"": null}]"
2021.acl-long.175,,,,2021.acl-long.175,done,Arizona State University,"# SMURF: SeMantic and linguistic Understandig Fusion for Caption Evaluation via Typicality Analysis

Joshua Feinglass and Yezhou Yang

Arizona State University

{joshua.feinglass,yz.yang}@asu.edu",false,,,,"[{""raw_affiliation_text"": ""Arizona State University"", ""institution"": ""Arizona State University"", ""country"": null}]"
2021.acl-long.177,,,,2021.acl-long.177,done,Qatar Computing Research Institute | Kanari AI,"# QASR: QCRI Aljazeera Speech Resource A Large Scale Annotated Arabic Speech Corpus

Hamdy Mubarak, $^{1}$ Amir Hussein, $^{2}$ Shammur Absar Chowdhury, $^{1}$ and Ahmed Ali $^{1}$

$^{1}$ Qatar Computing Research Institute, HBKU, Doha, Qatar

$^{2}$ Kanari AI, California, USA

info@arabicspeech.org, https://arabicspeech.org/",false,,,,"[{""raw_affiliation_text"": ""Qatar Computing Research Institute, HBKU, Doha, Qatar"", ""institution"": ""Qatar Computing Research Institute"", ""country"": ""Qatar""}, {""raw_affiliation_text"": ""Kanari AI, California, USA"", ""institution"": ""Kanari AI"", ""country"": ""USA""}]"
2021.acl-long.176,,,,2021.acl-long.176,done,University of Washington | Microsoft Research,"# KaggleDBQA: Realistic Evaluation of Text-to-SQL Parsers

Chia-Hsuan Lee $^{\diamond}$ Oleksandr Polozov $^{\star}$ Matthew Richardson $^{\star}$

$\diamond$ University of Washington $\clubsuit$ Microsoft Research, Redmond

chiahlee@uw.edu

{polozov,matri} $@$ microsoft.com",false,,,,"[{""raw_affiliation_text"": ""University of Washington"", ""institution"": ""University of Washington"", ""country"": null}, {""raw_affiliation_text"": ""Microsoft Research, Redmond"", ""institution"": ""Microsoft Research"", ""country"": null}]"
2021.acl-long.179,,,,2021.acl-long.179,done,EPFL | Technische Universität Darmstadt,"# Better than Average: Paired Evaluation of NLP Systems

Maxime Peyrard*, Wei Zhao†, Steffen Eger†, Robert West*

*EPFL, Switzerland

$^{\dagger}$ Technische Universität Darmstadt, Germany

{maxime.peyrard, robert.west}@epfl.ch

{zhao,eger}@aiphes.tu-darmstadt.de",false,,,,"[{""raw_affiliation_text"": ""EPFL, Switzerland"", ""institution"": ""EPFL"", ""country"": ""Switzerland""}, {""raw_affiliation_text"": ""Technische Universität Darmstadt, Germany"", ""institution"": ""Technische Universität Darmstadt"", ""country"": ""Germany""}]"
2021.acl-long.174,,,,2021.acl-long.174,done,Sun Yat-sen University | Université de Montréal | Tencent Jarvis Lab | SUNY at Buffalo,"# Integrating Semantics and Neighborhood Information with Graph-Driven Generative Models for Document Retrieval

Zijing Ou $^{1}$ , Qinliang Su $^{1*}$ , Jianxing Yu $^{2}$ , Bang Liu $^{3}$

Jingwen Wang $^{4}$ , Ruihui Zhao $^{4}$ , Changyou Chen $^{5}$ and Yefeng Zheng $^{4}$

$^{1}$ School of Computer Science and Engineering, Sun Yat-sen University, Guangzhou, China,

$^{2}$ School of Artificial Intelligence, Sun Yat-sen University, Guangdong, China,

$^{3}$ RALI & Mila, Université de Montréal, $^{4}$ Tencent Jarvis Lab,

$^{5}$ CSE Department, SUNY at Buffalo

ouzj@mail2.sysu.edu.cn, {suqliang, yujx26} $@$ mail.sysu.edu.cn, bang.liu@umontreal.ca,

{v_wjwowang, zacharyzhao, yefengzheng} @tencent.com, changyou@buffalo.edu",false,,,,"[{""raw_affiliation_text"": ""School of Computer Science and Engineering, Sun Yat-sen University, Guangzhou, China"", ""institution"": ""Sun Yat-sen University"", ""country"": ""China""}, {""raw_affiliation_text"": ""RALI & Mila, Université de Montréal"", ""institution"": ""Université de Montréal"", ""country"": null}, {""raw_affiliation_text"": ""Tencent Jarvis Lab"", ""institution"": ""Tencent Jarvis Lab"", ""country"": null}, {""raw_affiliation_text"": ""CSE Department, SUNY at Buffalo"", ""institution"": ""SUNY at Buffalo"", ""country"": null}]"
2021.acl-long.172,,,,2021.acl-long.172,done,Alibaba Group | Nanyang Technological University | National University of Singapore | Singapore University of Technology and Design,"# On the Effectiveness of Adapter-based Tuning for Pretrained Language Model Adaptation

Ruidan He\*, Linlin Liu\*12†, Hai Ye\*3, Qingyu Tan\*13†, Bosheng Ding\*12†, Liying Cheng\*14†, Jia-Wei Low\*12†, Lidong Bing\*1, Luo Si\*1 $^{1}$ DAMO Academy, Alibaba Group $^{2}$ Nanyang Technological University $^{3}$ National University of Singapore $^{4}$ Singapore University of Technology and Design {ruidan.he, linlin.liu, qingyu.tan}@alibaba-inc.com {bosheng.ding, liying.cheng, jiawei.low}@alibaba-inc.com yeh@comp.nus.edu.sg {l.bing, luo.si}@alibaba-inc.com",false,,,,"[{""raw_affiliation_text"": ""DAMO Academy, Alibaba Group"", ""institution"": ""Alibaba Group"", ""country"": null}, {""raw_affiliation_text"": ""Nanyang Technological University"", ""institution"": ""Nanyang Technological University"", ""country"": null}, {""raw_affiliation_text"": ""National University of Singapore"", ""institution"": ""National University of Singapore"", ""country"": null}, {""raw_affiliation_text"": ""Singapore University of Technology and Design"", ""institution"": ""Singapore University of Technology and Design"", ""country"": ""Singapore""}]"
2021.acl-long.178,,,,2021.acl-long.178,done,Stevens Institute of Technology | Microsoft Research,"# An Empirical Study on Hyperparameter Optimization for Fine-Tuning Pre-trained Language Models

Xueqing Liu

Stevens Institute of Technology

xueqing.liu@stevens.edu

Chi Wang

Microsoft Research

wang.chi@microsoft.com",false,,,,"[{""raw_affiliation_text"": ""Stevens Institute of Technology"", ""institution"": ""Stevens Institute of Technology"", ""country"": null}, {""raw_affiliation_text"": ""Microsoft Research"", ""institution"": ""Microsoft Research"", ""country"": null}]"
2021.acl-long.18,,,,2021.acl-long.18,done,Peking University | Meituan Group | RICH AI,"# Capturing Event Argument Interaction via A Bi-Directional Entity-Level Recurrent Decoder

Xi Xiangyu $^{1,2}$ , Wei Ye $^{1,\dagger}$ , Shikun Zhang $^{1,\dagger}$ , Quanxiu Wang $^{3}$ , Huixing Jiang $^{2}$ , Wei Wu $^{2}$

$^{1}$ National Engineering Research Center for Software Engineering, Peking University, Beijing, China

2 Meituan Group, Beijing, China

3 RICH AI, Beijing, China

{xixy,wye,zhangsk}@pku.edu.cn",false,,,,"[{""raw_affiliation_text"": ""National Engineering Research Center for Software Engineering, Peking University, Beijing, China"", ""institution"": ""Peking University"", ""country"": ""China""}, {""raw_affiliation_text"": ""Meituan Group, Beijing, China"", ""institution"": ""Meituan Group"", ""country"": ""China""}, {""raw_affiliation_text"": ""RICH AI, Beijing, China"", ""institution"": ""RICH AI"", ""country"": ""China""}]"
2021.acl-long.180,,,,2021.acl-long.180,done,Xi'an Jiaotong University | Beihang University | Microsoft Research,"# CHASE: A Large-Scale and Pragmatic Chinese Dataset for Cross-Database Context-Dependent Text-to-SQL

Jiaqi Guo\* Ziliang Si \* Yu Wang \* Qian Liu\* Ming Fan  
Jian-Guang Lou \* Zijiang Yang\* and Ting Liu  
\*Xi'an Jiaotong University, Xi'an, China \*Beihang University, Beijing, China  
\*Microsoft Research, Beijing, China \*GuardStrike Inc.  
{jasperguo2013,szl123,uyleewang}@stu.xjtu.edu.cn  
qian.liu@buaa.edu.cn jlou@microsoft.com  
yang@guardstrike.com {mingfan,tingliu}@mail.xjtu.edu.cn",false,,,,"[{""raw_affiliation_text"": ""Xi'an Jiaotong University, Xi'an, China"", ""institution"": ""Xi'an Jiaotong University"", ""country"": ""China""}, {""raw_affiliation_text"": ""Beihang University, Beijing, China"", ""institution"": ""Beihang University"", ""country"": ""China""}, {""raw_affiliation_text"": ""Microsoft Research, Beijing, China"", ""institution"": ""Microsoft Research"", ""country"": ""China""}]"
2021.acl-long.186,,,,2021.acl-long.186,done,Stanford University | Facebook AI Research,"# DynaSent: A Dynamic Benchmark for Sentiment Analysis

Christopher Potts*

Stanford University

cgpotts@stanford.edu

Atticus Geiger

Stanford University

atticusg@stanford.edu

Zhengxuan Wu*

Stanford University

wuzhengx@stanford.edu

Douwe Kiela

Facebook AI Research

dkiela@fb.com",false,,,,"[{""raw_affiliation_text"": ""Stanford University"", ""institution"": ""Stanford University"", ""country"": null}, {""raw_affiliation_text"": ""Facebook AI Research"", ""institution"": ""Facebook AI Research"", ""country"": null}]"
2021.acl-long.181,,,,2021.acl-long.181,done,Tsinghua University | Tencent AI Lab,"# CLINE: Contrastive Learning with Semantic Negative Examples for Natural Language Understanding

Dong Wang $^{1,2*}$ , Ning Ding $^{1,2*}$ , Piji Li $^{3\dagger}$ , Hai-Tao Zheng $^{1,2\dagger}$

$^{1}$ Department of Computer Science and Technology, Tsinghua University

$^{2}$ Tsinghua ShenZhen International Graduate School, Tsinghua University

Tencent AI Lab

{wangd18,dingn18}@mails.tsinghua.edu.cn

pijili@tencent.com,zheng.haitao@sz.tsinghua.edu.cn",false,,,,"[{""raw_affiliation_text"": ""Department of Computer Science and Technology, Tsinghua University"", ""institution"": ""Tsinghua University"", ""country"": null}, {""raw_affiliation_text"": ""Tencent AI Lab"", ""institution"": ""Tencent AI Lab"", ""country"": null}]"
2021.acl-long.187,,,,2021.acl-long.187,done,IIT Kharagpur,"# A Hierarchical VAE for Calibrating Attributes while Generating Text using Normalizing Flow

Bidisha Samanta

IIT Kharagpur

Mohit Agrawal

IIT Kharagpur

Niloy Ganguly

IIT Kharagpur

bidisha@iitkgp.ac.in

mohit@iitkgp.ac.in niloy@cse.iitkgp.ac.in",false,,,,"[{""raw_affiliation_text"": ""IIT Kharagpur"", ""institution"": ""IIT Kharagpur"", ""country"": null}]"
2021.acl-long.185,,,,2021.acl-long.185,done,UC Berkeley | Carnegie Mellon University,"# Style is NOT a single variable: Case Studies for Cross-Style Language Understanding

Dongyeop Kang*  
dongyeopk@berkeley.edu  
UC Berkeley

Eduard Hovy hovy@cs.cmu.edu Carnegie Mellon University",false,,,,"[{""raw_affiliation_text"": ""UC Berkeley"", ""institution"": ""UC Berkeley"", ""country"": null}, {""raw_affiliation_text"": ""Carnegie Mellon University"", ""institution"": ""Carnegie Mellon University"", ""country"": null}]"
2021.acl-long.188,,,,2021.acl-long.188,done,Fudan University | Pazhou Lab | New York University,"# A Unified Generative Framework for Aspect-Based Sentiment Analysis

Hang Yan $^{1,*}$ , Junqi Dai $^{1,*}$ , Tuo Ji $^{1}$ , Xipeng Qiu $^{1,2\dagger}$ , Zheng Zhang $^{3}$

$^{1}$ Shanghai Key Laboratory of Intelligent Information Processing, Fudan University

<sup>1</sup>School of Computer Science, Fudan University

$^{2}$ Pazhou Lab, Guangzhou, China

$^{3}$ New York University

{hyan19,jqdai19,tji19,xpqiu}@fudan.edu.cn

zz@nyu.edu",false,,,,"[{""raw_affiliation_text"": ""Shanghai Key Laboratory of Intelligent Information Processing, Fudan University"", ""institution"": ""Fudan University"", ""country"": null}, {""raw_affiliation_text"": ""Pazhou Lab, Guangzhou, China"", ""institution"": ""Pazhou Lab"", ""country"": ""China""}, {""raw_affiliation_text"": ""New York University"", ""institution"": ""New York University"", ""country"": null}]"
2021.acl-long.183,,,,2021.acl-long.183,done,Harbin Institute of Technology,"# ExCAR: Event Graph Knowledge Enhanced Explainable Causal Reasoning

Li Du, Xiao Ding*, Kai Xiong, Ting Liu, and Bing Qin

Research Center for Social Computing and Information Retrieval

Harbin Institute of Technology, China

{ldu,xding,kxiong,tliu,qinb} $@$ ir.hit.edu.cn",false,,,,"[{""raw_affiliation_text"": ""Research Center for Social Computing and Information Retrieval Harbin Institute of Technology, China"", ""institution"": ""Harbin Institute of Technology"", ""country"": ""China""}]"
2021.acl-long.190,,,,2021.acl-long.190,done,Samsung Research America,"# Enhancing the generalization for Intent Classification and Out-of-Domain Detection in SLU

Yilin Shen, Yen-Chang Hsu, Avik Ray, Hongxia Jin  
Samsung Research America

{yilin.shen, yenchang.hsu, avik.r, hongxia.jin}@samsung.com",false,,,,"[{""raw_affiliation_text"": ""Samsung Research America"", ""institution"": ""Samsung Research America"", ""country"": null}]"
2021.acl-long.189,,,,2021.acl-long.189,done,Charles University | Columbia University,"# Discovering Dialogue Slots with Weak Supervision

Vojtěch Hudeček, $^{1}$ Ondřej Dušek $^{1}$ and Zhou Yu $^{2}$

<sup>1</sup>Charles University, Faculty of Mathematics and Physics, Institute of Formal and Applied Linguistics

2 Columbia University, Department of Computer Science

{hudecek, odusek}@ufal.mff.cuni.cz, zy2461@columbia.edu",false,,,,"[{""raw_affiliation_text"": ""Charles University, Faculty of Mathematics and Physics, Institute of Formal and Applied Linguistics"", ""institution"": ""Charles University"", ""country"": null}, {""raw_affiliation_text"": ""Columbia University, Department of Computer Science"", ""institution"": ""Columbia University"", ""country"": null}]"
2021.acl-long.182,,,,2021.acl-long.182,done,Sun Yat-sen University | Lingnan University,"# Tree-Structured Topic Modeling with Nonparametric Neural Variational Inference

Ziye Chen $^{1}$ , Cheng Ding $^{1}$ , Zusheng Zhang $^{1}$ , Yanghui Rao $^{1,*}$ , Haoran Xie $^{2}$ $^{1}$ School of Computer Science and Engineering, Sun Yat-sen University, Guangzhou, China $^{2}$ Department of Computing and Decision Sciences, Lingnan University, Hong Kong  
{chenzy35, dingch6, zhangzsh3}@mail2.sysu.edu.cn, raoyangh@mail.sysu.edu.cn, hxie2@gmail.com",false,,,,"[{""raw_affiliation_text"": ""School of Computer Science and Engineering, Sun Yat-sen University, Guangzhou, China"", ""institution"": ""Sun Yat-sen University"", ""country"": ""China""}, {""raw_affiliation_text"": ""Department of Computing and Decision Sciences, Lingnan University, Hong Kong"", ""institution"": ""Lingnan University"", ""country"": ""Hong Kong""}]"
2021.acl-long.184,,,,2021.acl-long.184,done,"Institute of Automation, CAS | University of Chinese Academy of Sciences | CAS Center for Excellence in Brain Science and Intelligence Technology","# Distributed Representations of Emotion Categories in Emotion Space

Xiangyu Wang $^{1,2}$ and Chengqing Zong $^{1,2,3*}$

$^{1}$ National Laboratory of Pattern Recognition, Institute of Automation, CAS

$^{2}$ School of Artificial Intelligence, University of Chinese Academy of Sciences

$^{3}$ CAS Center for Excellence in Brain Science and Intelligence Technology

{xiangyu.wang, cqzong}@nlpr.ia.ac.cn",false,,,,"[{""raw_affiliation_text"": ""National Laboratory of Pattern Recognition, Institute of Automation, CAS"", ""institution"": ""Institute of Automation, CAS"", ""country"": null}, {""raw_affiliation_text"": ""School of Artificial Intelligence, University of Chinese Academy of Sciences"", ""institution"": ""University of Chinese Academy of Sciences"", ""country"": null}, {""raw_affiliation_text"": ""CAS Center for Excellence in Brain Science and Intelligence Technology"", ""institution"": ""CAS Center for Excellence in Brain Science and Intelligence Technology"", ""country"": null}]"
2021.acl-long.194,,,,2021.acl-long.194,done,Heriot-Watt University,"# OTTers: One-turn Topic Transitions for Open-Domain Dialogue

Karin Sevegnani, David M. Howcroft, Ioannis Konstas, Verena Rieser

The Interaction Lab, MACS Heriot-Watt University

Edinburgh, Scotland, UK

{karin.sevegnani, i.konstas, v.t.rieser}@hw.ac.uk",false,,,,"[{""raw_affiliation_text"": ""The Interaction Lab, MACS Heriot-Watt University"", ""institution"": ""Heriot-Watt University"", ""country"": ""UK""}]"
2021.acl-long.191,,,,2021.acl-long.191,done,Université Jean Monnet | Meetic,"# PROTAUGMENT: Unsupervised diverse short-texts paraphrasing for intent detection meta-learning

Thomas Dopierre<sup>12</sup> and Christophe Gravier<sup>1</sup> and Wilfried Logerais<sup>2</sup>

$^{1}$ Laboratoire Hubert Curien

UMR CNRS 5516

Université Jean Monnet

Saint-Étienne, France

firstname_lastname@univ-st-etienne.fr

2Meetic

Paris, France

{t.dopierre,w.logerais}@meetic-corp.com",false,,,,"[{""raw_affiliation_text"": ""Laboratoire Hubert Curien, UMR CNRS 5516, Université Jean Monnet, Saint-Étienne, France"", ""institution"": ""Université Jean Monnet"", ""country"": ""France""}, {""raw_affiliation_text"": ""Meetic, Paris, France"", ""institution"": ""Meetic"", ""country"": ""France""}]"
2021.acl-long.192,,,,2021.acl-long.192,done,Tsinghua University | Huawei Technologies,"# Robustness Testing of Language Understanding in Task-Oriented Dialog

Jiexi Liu $^{1*}$ , Ryuichi Takanobu $^{1*}$ , Jiaxin Wen $^{1}$ , Dazhen Wan $^{1}$ , Hongguang Li $^{2}$ , Weiran Nie $^{2}$ , Cheng Li $^{2}$ , Wei Peng $^{2}$ , Minlie Huang $^{1\dagger}$

$^{1}$ CoAI Group, DCST, IAI, BNRIST, Tsinghua University, Beijing, China $^{2}$ Huawei Technologies, Shenzhen, China

{liujiexil9, gxl1y19}@mails.tsinghua.edu.cn, aihuang@tsinghua.edu.cn",false,,,,"[{""raw_affiliation_text"": ""CoAI Group, DCST, IAI, BNRIST, Tsinghua University, Beijing, China"", ""institution"": ""Tsinghua University"", ""country"": ""China""}, {""raw_affiliation_text"": ""Huawei Technologies, Shenzhen, China"", ""institution"": ""Huawei Technologies"", ""country"": ""China""}]"
2021.acl-long.196,,,,2021.acl-long.196,done,Zhejiang University | Alibaba Group | Tencent,"# KACE: Generating Knowledge-Aware Contrastive Explanations for Natural Language Inference

Qianglong Chen $^{1,2*}$ , Feng Ji $^{3†}$ , Xiangji Zeng $^{1}$ , Feng-Lin Li $^{2}$ , Ji Zhang $^{2}$ , Haiqing Chen $^{2}$ , Yin Zhang $^{1‡}$

<sup>1</sup>College of Computer Science and Technology, Zhejiang University, China  
<sup>2</sup>DAMO Academy, Alibaba Group, China, <sup>3</sup>Tencent, China  
{chenqianglong, zengxiangji, zhangyin98}@zju.edu.cn  
{fenglin.lfl, zj122146, haiqing.chenhq}@alibaba-inc.com  
{neilji}@tencent.com",false,,,,"[{""raw_affiliation_text"": ""College of Computer Science and Technology, Zhejiang University, China"", ""institution"": ""Zhejiang University"", ""country"": ""China""}, {""raw_affiliation_text"": ""DAMO Academy, Alibaba Group, China"", ""institution"": ""Alibaba Group"", ""country"": ""China""}, {""raw_affiliation_text"": ""Tencent, China"", ""institution"": ""Tencent"", ""country"": ""China""}]"
2021.acl-long.193,,,,2021.acl-long.193,done,Beijing Institute of Technology | Beijing Engineering Research Center of High Volume Language Information Processing and Cloud Computing Applications,"# Comprehensive Study: How the Context Information of Different Granularity Affects Dialogue State Tracking?

Puhai Yang and Heyan Huang* and Xian-Ling Mao

School of Computer Science and Technology,

Beijing Institute of Technology, Beijing, China

Beijing Engineering Research Center of High Volume Language

Information Processing and Cloud Computing Applications, Beijing, China

Southeast Academy of Information Technology, Beijing Institute of Technology, Fujian, China

{phyang, hhy63, maoxl}@bit.edu.cn",false,,,,"[{""raw_affiliation_text"": ""School of Computer Science and Technology, Beijing Institute of Technology, Beijing, China"", ""institution"": ""Beijing Institute of Technology"", ""country"": ""China""}, {""raw_affiliation_text"": ""Beijing Engineering Research Center of High Volume Language Information Processing and Cloud Computing Applications, Beijing, China"", ""institution"": ""Beijing Engineering Research Center of High Volume Language Information Processing and Cloud Computing Applications"", ""country"": ""China""}]"
2021.acl-long.19,,,,2021.acl-long.19,done,Shanghai Jiao Tong University | East China Normal University | Byte Dance AI Lab,"# UNIRE: A Unified Label Space for Entity Relation Extraction

Yijun Wang $^{1,2}$ , Changzhi Sun $^{4}$ , Yuanbin Wu $^{3}$ , Hao Zhou $^{4}$ , Lei Li $^{4}$ , and Junchi Yan $^{\dagger,2}$

$^{1}$ Department of Computer Science and Engineering, Shanghai Jiao Tong University $^{2}$ MoE Key Lab of Artificial Intelligence, AI Institute, Shanghai Jiao Tong University $^{3}$ School of Computer Science and Technology, East China Normal University $^{4}$ ByteDance AI Lab

{yjwang.cs, yanjunchi}@sjtu.edu.cn ybwu@cs.ecnu.edu.cn {sunchangzhi, zhouhao.nlp, lileilab}@bytedance.com",false,,,,"[{""raw_affiliation_text"": ""Department of Computer Science and Engineering, Shanghai Jiao Tong University"", ""institution"": ""Shanghai Jiao Tong University"", ""country"": ""null""}, {""raw_affiliation_text"": ""School of Computer Science and Technology, East China Normal University"", ""institution"": ""East China Normal University"", ""country"": ""null""}, {""raw_affiliation_text"": ""ByteDance AI Lab"", ""institution"": ""Byte Dance AI Lab"", ""country"": ""null""}]"
2021.acl-long.199,,,,2021.acl-long.199,done,Beijing University of Posts and Telecommunications,"# Multi-stage Pre-training over Simplified Multimodal Pre-training Models

Tongtong Liu  
Beijing University of Posts and Telecommunications  
ttliu@bupt.edu.cn

Fangxiang Feng  
Beijing University of Posts and Telecommunications  
fxfeng@bupt.edu.cn

Xiaojie Wang  
Beijing University of Posts and Telecommunications  
xjwang@bupt.edu.cn",false,,,,"[{""raw_affiliation_text"": ""Beijing University of Posts and Telecommunications"", ""institution"": ""Beijing University of Posts and Telecommunications"", ""country"": null}]"
2021.acl-long.195,,,,2021.acl-long.195,done,"Queen Mary University of London | UC Berkeley | Nanning Central Sub-branch of the People's Bank of China | Guangxi University of Finance and Economics | Beijing Meiyi Lab Co.,Ltd.","# Towards Robustness of Text-to-SQL Models against Synonym Substitution

Yujian Gan $^{1}$ Xinyun Chen $^{2}$ Qiuping Huang $^{3}$ Matthew Purver $^{1}$ John R. Woodward $^{1}$ Jinxia Xie $^{4}$ Pengsheng Huang $^{5}$

$^{1}$ Queen Mary University of London $^{2}$ UC Berkeley

<sup>3</sup>Nanning Central Sub-branch of the People's Bank of China

$^{4}$ Guangxi University of Finance and Economics

{y.gan,m.purver,j.woodward}@qmul.ac.uk

qiuping_h@foxmail.com jinxia_xie@hotmail.com

$^{5}$ Beijing MeiyiLab Co.,Ltd.

xinyun.chen@berkeley.edu

huangpengsheng@pku.edu.cn",false,,,,"[{""raw_affiliation_text"": ""Queen Mary University of London"", ""institution"": ""Queen Mary University of London"", ""country"": null}, {""raw_affiliation_text"": ""UC Berkeley"", ""institution"": ""UC Berkeley"", ""country"": null}, {""raw_affiliation_text"": ""Nanning Central Sub-branch of the People's Bank of China"", ""institution"": ""Nanning Central Sub-branch of the People's Bank of China"", ""country"": null}, {""raw_affiliation_text"": ""Guangxi University of Finance and Economics"", ""institution"": ""Guangxi University of Finance and Economics"", ""country"": null}, {""raw_affiliation_text"": ""Beijing MeiyiLab Co.,Ltd."", ""institution"": ""Beijing Meiyi Lab Co.,Ltd."", ""country"": null}]"
2021.acl-long.2,,,,2021.acl-long.2,done,The Hebrew University of Jerusalem,"# How Did This Get Funded?! Automatically Identifying Quirky Scientific Achievements

Chen Shani*, Nadav Borenstein*, Dafna Shahaf

The Hebrew University of Jerusalem

{chenxshani, nadav.borenstein, dshahaf}@cs.huji.ac.il",false,,,,"[{""raw_affiliation_text"": ""The Hebrew University of Jerusalem"", ""institution"": ""The Hebrew University of Jerusalem"", ""country"": null}]"
2021.acl-long.197,,,,2021.acl-long.197,done,Seoul National University | NAVER AI Lab,"# Self-Guided Contrastive Learning for BERT Sentence Representations

Taeuk Kim\*, Kang Min Yoo, and Sang-goo Lee

$^{\dagger}$ Dept. of Computer Science and Engineering, Seoul National University, Seoul, Korea $^{\ddagger}$ NAVER AI Lab, Seongnam, Korea

{taeuk,sglee}@europa.snu.ac.kr,kangmin.yoo@navercorp.com",false,,,,"[{""raw_affiliation_text"": ""Dept. of Computer Science and Engineering, Seoul National University, Seoul, Korea"", ""institution"": ""Seoul National University"", ""country"": ""Korea""}, {""raw_affiliation_text"": ""NAVER AI Lab, Seongnam, Korea"", ""institution"": ""NAVER AI Lab"", ""country"": ""Korea""}]"
2021.acl-long.20,,,,2021.acl-long.20,done,Fudan University,"# Refining Sample Embeddings with Relation Prototypes to Enhance Continual Relation Extraction

Li Cui $^{1}$ , Deqing Yang $^{1*}$ , Jiaxin Yu $^{1}$ , Chengwei Hu $^{1}$ , Jiayang Cheng $^{1}$ , Jingjie Yi $^{1}$ and Yanghua Xiao $^{2,3*}$

$^{1}$ School of Data Science, Fudan University

$^{2}$ Shanghai Key Laboratory of Data Science, School of Computer Science, Fudan University

$^{3}$ Fudan-Aishu Cognitive Intelligence Joint Research Center, Shanghai, China  
fd2014cl@gmail.com

{yangdeqing, jiaxinyu20, cwhu20, chengjy17, jjyi20, shawyh}@fudan.edu.cn",false,,,,"[{""raw_affiliation_text"": ""School of Data Science, Fudan University"", ""institution"": ""Fudan University"", ""country"": null}]"
2021.acl-long.200,,,,2021.acl-long.200,done,University of Edinburgh | University of Amsterdam | University of Zurich,"# Beyond Sentence-Level End-to-End Speech Translation: Context Helps

Biao Zhang $^{1}$ Ivan Titov $^{1,2}$ Barry Haddow $^{1}$ Rico Senrich $^{3,1}$

$^{1}$ School of Informatics, University of Edinburgh

$^{2}$ ILLC, University of Amsterdam

$^{3}$ Department of Computational Linguistics, University of Zurich

B.Zhang@ed.ac.uk, {ititov,bhaddow}@inf.ed.ac.uk, sennrich@cl.uzh.ch",false,,,,"[{""raw_affiliation_text"": ""School of Informatics, University of Edinburgh"", ""institution"": ""University of Edinburgh"", ""country"": null}, {""raw_affiliation_text"": ""ILLC, University of Amsterdam"", ""institution"": ""University of Amsterdam"", ""country"": null}, {""raw_affiliation_text"": ""Department of Computational Linguistics, University of Zurich"", ""institution"": ""University of Zurich"", ""country"": null}]"
2021.acl-long.202,,,,2021.acl-long.202,done,Baidu Inc.,"# UNIMO: Towards Unified-Modal Understanding and Generation via Cross-Modal Contrastive Learning

Wei Li\*, Can Gao\*, Guocheng Niu\*, Xinyan Xiao\*, Hao Liu, Jiachen Liu, Hua Wu, Haifeng Wang

Baidu Inc., Beijing, China

{liwei85,gaocan01,niuguocheng,xiaoxinyan,

liuhao24, liujiachen, wu_hua, wanghaifeng}@baidu.com",false,,,,"[{""raw_affiliation_text"": ""Baidu Inc., Beijing, China"", ""institution"": ""Baidu Inc."", ""country"": ""China""}]"
2021.acl-long.198,,,,2021.acl-long.198,done,"Shanghai Jiao Tong University | State Key Lab of Media Convergence Production Technology and Systems | AI Speech Co., Ltd.","# LGESQL: Line Graph Enhanced Text-to-SQL Model with Mixed Local and Non-Local Relations

Ruisheng Cao $^{1}$ , Lu Chen $^{1,2*}$ , Zhi Chen $^{1}$ , Yanbin Zhao $^{1}$ , Su Zhu $^{3}$ and Kai Yu $^{1,2*}$

$^{1}$ X-LANCE Lab, Department of Computer Science and Engineering MoE Key Lab of Artificial Intelligence, AI Institute, Shanghai Jiao Tong University Shanghai Jiao Tong University, Shanghai, China $^{2}$ State Key Lab of Media Convergence Production Technology and Systems, Beijing, China $^{3}$ AISpeech Co., Ltd., Suzhou, China {211314, chenlusz, kai.yu}@sjtu.edu.cn",false,,,,"[{""raw_affiliation_text"": ""X-LANCE Lab, Department of Computer Science and Engineering MoE Key Lab of Artificial Intelligence, AI Institute, Shanghai Jiao Tong University Shanghai Jiao Tong University, Shanghai, China"", ""institution"": ""Shanghai Jiao Tong University"", ""country"": ""China""}, {""raw_affiliation_text"": ""State Key Lab of Media Convergence Production Technology and Systems, Beijing, China"", ""institution"": ""State Key Lab of Media Convergence Production Technology and Systems"", ""country"": ""China""}, {""raw_affiliation_text"": ""AISpeech Co., Ltd., Suzhou, China"", ""institution"": ""AI Speech Co., Ltd."", ""country"": ""China""}]"
2021.acl-long.201,,,,2021.acl-long.201,done,Harbin Institute of Technology | Microsoft Research Asia | Microsoft Azure AI | Soochow University,"# LayoutLMv2: Multi-modal Pre-training for Visually-rich Document Understanding

Yang Xu $^{1*}$ , Yiheng Xu $^{2*}$ , Tengchao Lv $^{2*}$ , Lei Cui $^{2}$ , Furu Wei $^{2}$ , Guoxin Wang $^{3}$ , Yijuan Lu $^{3}$ , Dinei Florencio $^{3}$ , Cha Zhang $^{3}$ , Wanxiang Che $^{1}$ , Min Zhang $^{4}$ , Lidong Zhou $^{2}$

<sup>1</sup>Research Center for Social Computing and Information Retrieval, Harbin Institute of Technology

$^{2}$ Microsoft Research Asia $^{3}$ Microsoft Azure AI $^{4}$ Soochow University $^{1}$ $\{\mathrm{yxu, car}\} @$ ir.hit.edu.cn,

2{v-yixu,v-telv,lecu,fuwei,lidongz}@microsoft.com, 3{guow,yijlu,dinei,chazhang}@microsoft.com4minzhang@suda.edu.cn",false,,,,"[{""raw_affiliation_text"": ""Research Center for Social Computing and Information Retrieval, Harbin Institute of Technology"", ""institution"": ""Harbin Institute of Technology"", ""country"": null}, {""raw_affiliation_text"": ""Microsoft Research Asia"", ""institution"": ""Microsoft Research Asia"", ""country"": null}, {""raw_affiliation_text"": ""Microsoft Azure AI"", ""institution"": ""Microsoft Azure AI"", ""country"": null}, {""raw_affiliation_text"": ""Soochow University"", ""institution"": ""Soochow University"", ""country"": null}]"
2021.acl-long.205,,,,2021.acl-long.205,done,Beijing Institute of Technology | Zhejiang University,"# N-ary Constituent Tree Parsing with Recursive Semi-Markov Model

# Xin Xin\*, Jinlong Li

School of Computer Science and Technology,

Beijing Institute of Technology, Beijing, China

BJ ER Center of HVLIPCCA, BIT, Beijing, China

{xxin,jllee}@bit.edu.cn

# Zeqi Tan

Zhejiang University,

Hangzhou, China

zqtan@zju.edu.cn",false,,,,"[{""raw_affiliation_text"": ""School of Computer Science and Technology, Beijing Institute of Technology, Beijing, China"", ""institution"": ""Beijing Institute of Technology"", ""country"": ""China""}, {""raw_affiliation_text"": ""Zhejiang University, Hangzhou, China"", ""institution"": ""Zhejiang University"", ""country"": ""China""}]"
2021.acl-long.203,,,,2021.acl-long.203,done,Renmin University of China,"# Missing Modality Imagination Network for Emotion Recognition with Uncertain Missing Modalities

Jinming Zhao*  
School of Information  
Renmin University of China  
zhaojinming@ruc.edu.cn

Ruichen Li*  
School of Information  
Renmin University of China  
ruichen@ruc.edu.cn

Qin Jin†  
School of Information  
Renmin University of China  
qjin@ruc.edu.cn",false,,,,"[{""raw_affiliation_text"": ""School of Information, Renmin University of China"", ""institution"": ""Renmin University of China"", ""country"": null}]"
2021.acl-long.208,,,,2021.acl-long.208,done,Carnegie Mellon University,"# The Limitations of Limited Context for Constituency Parsing

Yuchen Li

Carnegie Mellon University

yuchenl4@andrew.cmu.edu

Andrej Risteski

Carnegie Mellon University

aristesk@andrew.cmu.edu",false,,,,"[{""raw_affiliation_text"": ""Carnegie Mellon University"", ""institution"": ""Carnegie Mellon University"", ""country"": null}]"
2021.acl-long.204,,,,2021.acl-long.204,done,Northeastern University | Tencent Minority-Mandarin Translation | The Chinese University of Hong Kong | Niu Trans Research,"# Stacked Acoustic-and-Textual Encoding: Integrating the Pre-trained Models into Speech Translation Encoders

Chen Xu $^{1}$ , Bojie Hu $^{2}$ , Yanyang Li $^{3}$ , Yuhao Zhang $^{1}$ , Shen Huang $^{2}$ , Qi Ju $^{2*}$ , Tong Xiao $^{1,4*}$ , Jingbo Zhu $^{1,4}$

$^{1}$ NLP Lab, School of Computer Science and Engineering, Northeastern University, Shenyang, China   
2Tencent Minority-Mandarin Translation, Beijing, China   
<sup>3</sup>The Chinese University of Hong Kong, Hong Kong, China  
<sup>4</sup>NiuTrans Research, Shenyang, China

{xuchenneu,blamedrlee,yoohaozhang}@outlook.com,

{bojiehu, springhuang, demonju}@tencent.com,

{xiaotong,zhujingbo} $@$ mail.neu.edu.cn",false,,,,"[{""raw_affiliation_text"": ""NLP Lab, School of Computer Science and Engineering, Northeastern University, Shenyang, China"", ""institution"": ""Northeastern University"", ""country"": ""China""}, {""raw_affiliation_text"": ""Tencent Minority-Mandarin Translation, Beijing, China"", ""institution"": ""Tencent Minority-Mandarin Translation"", ""country"": ""China""}, {""raw_affiliation_text"": ""The Chinese University of Hong Kong, Hong Kong, China"", ""institution"": ""The Chinese University of Hong Kong"", ""country"": ""China""}, {""raw_affiliation_text"": ""NiuTrans Research, Shenyang, China"", ""institution"": ""Niu Trans Research"", ""country"": ""China""}]"
2021.acl-long.207,,,,2021.acl-long.207,done,Shanghai Tech University | Shanghai Engineering Research Center of Intelligent Vision and Imaging | Chinese Academy of Sciences | University of Chinese Academy of Sciences | Alibaba Group,"# Multi-View Cross-Lingual Structured Prediction with Minimum Supervision

Zechuan Hu $^{\diamond \ddagger}$ , Yong Jiang $^{\dagger *}$ , Nguyen Bach $^{\dagger}$ , Tao Wang $^{\dagger}$ , Zhongqiang Huang $^{\dagger}$ , Fei Huang $^{\dagger}$ , Kewei Tu $^{\diamond *}$

$^{\text{a}}$ School of Information Science and Technology, ShanghaiTech University

Shanghai Engineering Research Center of Intelligent Vision and Imaging

$^{\diamond}$ Shanghai Institute of Microsystem and Information Technology, Chinese Academy of Sciences

$^{\diamond}$ University of Chinese Academy of Sciences

$^{\dagger}$ DAMO Academy, Alibaba Group

{huzch,tukw}@shanghaiitech.edu.cn, yongjiang.jy@alibaba-inc.com",false,,,,"[{""raw_affiliation_text"": ""School of Information Science and Technology, ShanghaiTech University"", ""institution"": ""Shanghai Tech University"", ""country"": ""null""}, {""raw_affiliation_text"": ""Shanghai Engineering Research Center of Intelligent Vision and Imaging"", ""institution"": ""Shanghai Engineering Research Center of Intelligent Vision and Imaging"", ""country"": ""null""}, {""raw_affiliation_text"": ""Shanghai Institute of Microsystem and Information Technology, Chinese Academy of Sciences"", ""institution"": ""Chinese Academy of Sciences"", ""country"": ""null""}, {""raw_affiliation_text"": ""University of Chinese Academy of Sciences"", ""institution"": ""University of Chinese Academy of Sciences"", ""country"": ""null""}, {""raw_affiliation_text"": ""DAMO Academy, Alibaba Group"", ""institution"": ""Alibaba Group"", ""country"": ""null""}]"
2021.acl-long.21,,,,2021.acl-long.21,done,Byte Dance AI Lab,"# Contrastive Learning for Many-to-many Multilingual Neural Machine Translation

Xiao Pan, Mingxuan Wang, Liwei Wu, Lei Li

ByteDance AI Lab

{panxiao.94, wangmingxuan.89, wuliwei.000, lileilab}@bytedance.com",false,,,,"[{""raw_affiliation_text"": ""ByteDance AI Lab"", ""institution"": ""Byte Dance AI Lab"", ""country"": null}]"
2021.acl-long.206,,,,2021.acl-long.206,done,Shanghai Tech University | Shanghai Engineering Research Center of Intelligent Vision and Imaging | Chinese Academy of Sciences | University of Chinese Academy of Sciences | Alibaba Group,"# Automated Concatenation of Embeddings for Structured Prediction

Xinyu Wang\*, Yong Jiang\*, Nguyen Bach\*, Tao Wang\*, Zhongqiang Huang\*, Fei Huang\*, Kewei Tu\*

$^{\diamond}$ School of Information Science and Technology, ShanghaiTech University

Shanghai Engineering Research Center of Intelligent Vision and Imaging

Shanghai Institute of Microsystem and Information Technology, Chinese Academy of Sciences

University of Chinese Academy of Sciences

$\dagger$ DAMO Academy, Alibaba Group

{wangxyl,tukw}@shanghaiitech.edu.cn, yongjiang.jy@alibaba-inc.com

{nguyen.bach,leeo.wangt,z.huang,f.huang}@alibaba-inc.com",false,,,,"[{""raw_affiliation_text"": ""School of Information Science and Technology, ShanghaiTech University"", ""institution"": ""Shanghai Tech University"", ""country"": null}, {""raw_affiliation_text"": ""Shanghai Engineering Research Center of Intelligent Vision and Imaging"", ""institution"": ""Shanghai Engineering Research Center of Intelligent Vision and Imaging"", ""country"": null}, {""raw_affiliation_text"": ""Shanghai Institute of Microsystem and Information Technology, Chinese Academy of Sciences"", ""institution"": ""Chinese Academy of Sciences"", ""country"": null}, {""raw_affiliation_text"": ""University of Chinese Academy of Sciences"", ""institution"": ""University of Chinese Academy of Sciences"", ""country"": null}, {""raw_affiliation_text"": ""DAMO Academy, Alibaba Group"", ""institution"": ""Alibaba Group"", ""country"": null}]"
2021.acl-long.209,,,,2021.acl-long.209,done,Shanghai Tech University | Shanghai Engineering Research Center of Intelligent Vision and Imaging | Chinese Academy of Sciences | University of Chinese Academy of Sciences | University of Edinburgh,"# Neural Bi-Lexicalized PCFG Induction

Songlin Yang*, Yanpeng Zhao, Kewei Tu*

\*School of Information Science and Technology, ShanghaiTech University

Shanghai Engineering Research Center of Intelligent Vision and Imaging

Shanghai Institute of Microsystem and Information Technology, Chinese Academy of Sciences

University of Chinese Academy of Sciences

$\diamond$ ILCC, University of Edinburgh

{yangsl,tukw}@shanghaiitech.edu.cn

yannzhao.ed@gmail.com",false,,,,"[{""raw_affiliation_text"": ""School of Information Science and Technology, ShanghaiTech University"", ""institution"": ""Shanghai Tech University"", ""country"": null}, {""raw_affiliation_text"": ""Shanghai Engineering Research Center of Intelligent Vision and Imaging"", ""institution"": ""Shanghai Engineering Research Center of Intelligent Vision and Imaging"", ""country"": null}, {""raw_affiliation_text"": ""Shanghai Institute of Microsystem and Information Technology, Chinese Academy of Sciences"", ""institution"": ""Chinese Academy of Sciences"", ""country"": null}, {""raw_affiliation_text"": ""University of Chinese Academy of Sciences"", ""institution"": ""University of Chinese Academy of Sciences"", ""country"": null}, {""raw_affiliation_text"": ""ILCC, University of Edinburgh"", ""institution"": ""University of Edinburgh"", ""country"": null}]"
2021.acl-long.213,,,,2021.acl-long.213,done,Johns Hopkins University,"# Factoring Statutory Reasoning as Language Understanding Challenges

Nils Holzenberger and Benjamin Van Durme

Center for Language and Speech Processing

Johns Hopkins University

Baltimore, Maryland, USA

nilsh@jhu.edu vandurme@cs.jhu.edu",false,,,,"[{""raw_affiliation_text"": ""Center for Language and Speech Processing, Johns Hopkins University, Baltimore, Maryland, USA"", ""institution"": ""Johns Hopkins University"", ""country"": ""USA""}]"
2021.acl-long.214,,,,2021.acl-long.214,done,Waseda University,"# Evaluating Evaluation Measures for Ordinal Classification and Ordinal Quantification

Tetsuya Sakai

Waseda University / Shinjuku-ku Okubo 3-4-1, Tokyo 169-8555, JAPAN

tetsuyasakai@acm.org",false,,,,"[{""raw_affiliation_text"": ""Waseda University / Shinjuku-ku Okubo 3-4-1, Tokyo 169-8555, JAPAN"", ""institution"": ""Waseda University"", ""country"": ""JAPAN""}]"
2021.acl-long.218,,,,2021.acl-long.218,done,University of Chinese Academy of Sciences,"# A Large-Scale Chinese Multimodal NER Dataset with Speech Clues

Dianbo Sui, Zhengkun Tian, Yubo Chen, Kang Liu, Jun Zhao

National Laboratory of Pattern Recognition, Institute of Automation, CAS School of Artificial Intelligence, University of Chinese Academy of Sciences

{dianbo.sui, zhengkun.tian, yubo.chen, kliu, jzhao}@nlpr.ia.ac.cn",false,,,,"[{""raw_affiliation_text"": ""National Laboratory of Pattern Recognition, Institute of Automation, CAS School of Artificial Intelligence, University of Chinese Academy of Sciences"", ""institution"": ""University of Chinese Academy of Sciences"", ""country"": null}]"
2021.acl-long.211,,,,2021.acl-long.211,done,Shenzhen Campus of Sun Yat-sen University | Sun Yat-Sen University | Dark Matter AI Inc.,"# Towards Quantifiable Dialogue Coherence Evaluation

Zheng Ye $^{1}$ , Liucun Lu $^{1}$ , Lishan Huang $^{2}$ , Liang Lin $^{2,3}$ , Xiaodan Liang $^{1*}$

<sup>1</sup>Shenzhen Campus of Sun Yat-sen University, <sup>2</sup>Sun Yat-Sen University, <sup>3</sup>Dark Matter AI Inc.

{yezh7,lulc,huanglsh6} $@$ mail2.sysu.edu.cn,

linliang@ieee.org, xdliang328@gmail.com",false,,,,"[{""raw_affiliation_text"": ""Shenzhen Campus of Sun Yat-sen University"", ""institution"": ""Shenzhen Campus of Sun Yat-sen University"", ""country"": null}, {""raw_affiliation_text"": ""Sun Yat-Sen University"", ""institution"": ""Sun Yat-Sen University"", ""country"": null}, {""raw_affiliation_text"": ""Dark Matter AI Inc."", ""institution"": ""Dark Matter AI Inc."", ""country"": null}]"
2021.acl-long.216,,,,2021.acl-long.216,done,Zhejiang University | University of Science and Technology of China,"# Locate and Label: A Two-stage Identifier for Nested Named Entity Recognition

Yongliang Shen $^{1}$ , Xinyin Ma $^{1}$ , Zeqi Tan $^{1}$ , Shuai Zhang $^{1}$ , Wen Wang $^{2}$ , Weiming Lu $^{1*}$

<sup>1</sup>College of Computer Science and Technology, Zhejiang University

$^{2}$ University of Science and Technology of China

{syl,luwm}@zju.edu.cn",false,,,,"[{""raw_affiliation_text"": ""College of Computer Science and Technology, Zhejiang University"", ""institution"": ""Zhejiang University"", ""country"": null}, {""raw_affiliation_text"": ""University of Science and Technology of China"", ""institution"": ""University of Science and Technology of China"", ""country"": null}]"
2021.acl-long.215,,,,2021.acl-long.215,done,Tsinghua University | University of Bonn | Alibaba Group,"# Interpretable and Low-Resource Entity Matching via Decoupling Feature Learning from Decision Making

Zijun Yao $^{1,2}$ Chengjiang Li $^{1,2}$ Tiansi Dong $^{3}$ Xin Lv $^{1,2}$ Jifan Yu $^{1,2}$ Lei Hou $^{1,2*}$ Juanzi Li $^{1,2}$ Yichi Zhang $^{4}$ Zelin Dai $^{4}$ $^{1}$ Department of Computer Science and Technology, BNRist; $^{2}$ KIRC, Institute for Artificial Intelligence Tsinghua University, Beijing 100084, China $^{3}$ B-IT, University of Bonn, Germany $^{4}$ Alibaba Group, Hangzhou, China {yaozj20@mails., houlei@tsinghua.edu.cn dongt@bit.uni-bonn.de",false,,,,"[{""raw_affiliation_text"": ""Department of Computer Science and Technology, BNRist; KIRC, Institute for Artificial Intelligence Tsinghua University, Beijing 100084, China"", ""institution"": ""Tsinghua University"", ""country"": ""China""}, {""raw_affiliation_text"": ""B-IT, University of Bonn, Germany"", ""institution"": ""University of Bonn"", ""country"": ""Germany""}, {""raw_affiliation_text"": ""Alibaba Group, Hangzhou, China"", ""institution"": ""Alibaba Group"", ""country"": ""China""}]"
2021.acl-long.210,,,,2021.acl-long.210,done,University of Amsterdam | Facebook AI | King’s College London | National Research Council Canada,"# Ruddit: Norms of Offensiveness for English Reddit Comments

Rishav Hada1,∗, Sohi Sudhir1,∗, Pushkar Mishra2, Helen Yannakoudakis3, Saif M. Mohammad4, Ekaterina Shutova1

1ILLC, University of Amsterdam

2Facebook AI, London

3Dept. of Informatics, King’s College London

4National Research Council Canada

rishavhada@gmail.com, sohigre@gmail.com, pushkarmishra@fb.com,

helen.yannakoudakis@kcl.ac.uk, saif.mohammad@nrc-cnrc.gc.ca, e.shutova@uva.nl",false,,,,"[{""raw_affiliation_text"": ""ILLC, University of Amsterdam"", ""institution"": ""University of Amsterdam"", ""country"": null}, {""raw_affiliation_text"": ""Facebook AI, London"", ""institution"": ""Facebook AI"", ""country"": null}, {""raw_affiliation_text"": ""Dept. of Informatics, King’s College London"", ""institution"": ""King’s College London"", ""country"": null}, {""raw_affiliation_text"": ""National Research Council Canada"", ""institution"": ""National Research Council Canada"", ""country"": ""Canada""}]"
2021.acl-long.212,,,,2021.acl-long.212,done,Universidade de Santiago de Compostela | Federal University of Rio Grande do Sul | University of Sheffield,"# Assessing the Representations of Idimaticity in Vector Models with a Noun Compound Dataset Labeled at Type and Token Levels

Marcos Garcia\*, Tiago Kramer Vieira\*, Carolina Scarton\*, Marco A. P. Idiart\*, Aline Villavicencio\*\*

<sup>1</sup> CiTIUS Research Centre, Universidade de Santiago de Compostela, Galiza (Spain)

$^{2}$ Institute of Informatics, Federal University of Rio Grande do Sul (Brazil)

<sup>3</sup> Department of Computer Science, University of Sheffield (UK)

<sup>4</sup> Institute of Physics, Federal University of Rio Grande do Sul (Brazil)

marcos.garcia.gonzalez@udc.gal, tiagokv@hotmail.com,

{c.scarton, a.villavicencio}@sheffield.ac.uk,

marco.idiart@gmail.com",false,,,,"[{""raw_affiliation_text"": ""CiTIUS Research Centre, Universidade de Santiago de Compostela, Galiza (Spain)"", ""institution"": ""Universidade de Santiago de Compostela"", ""country"": ""Spain""}, {""raw_affiliation_text"": ""Institute of Informatics, Federal University of Rio Grande do Sul (Brazil)"", ""institution"": ""Federal University of Rio Grande do Sul"", ""country"": ""Brazil""}, {""raw_affiliation_text"": ""Department of Computer Science, University of Sheffield (UK)"", ""institution"": ""University of Sheffield"", ""country"": ""UK""}]"
2021.acl-long.219,,,,2021.acl-long.219,done,PAII Inc. | Ping An Technology,"# A Neural Transition-based Joint Model for Disease Named Entity Recognition and Normalization

Zongcheng Ji $^{1}$ , Tian Xia $^{1}$ , Mei Han $^{1}$ , and Jing Xiao $^{2}$

$^{1}$ PAII Inc., Palo Alto, CA, USA

$^{2}$ Ping An Technology, Shenzhen, China

1{jizongcheng, SummerRainET2008, hanmei613}@gmail.com

$^{2}$ xiaojing039@pingan.com.cn",false,,,,"[{""raw_affiliation_text"": ""PAII Inc., Palo Alto, CA, USA"", ""institution"": ""PAII Inc."", ""country"": ""USA""}, {""raw_affiliation_text"": ""Ping An Technology, Shenzhen, China"", ""institution"": ""Ping An Technology"", ""country"": ""China""}]"
2021.acl-long.22,,,,2021.acl-long.22,done,University of Zurich | University of Edinburgh,"# Understanding the Properties of Minimum Bayes Risk Decoding in Neural Machine Translation

Mathias Müller<sup>1</sup> and Rico Sennrich<sup>1,2</sup>

$^{1}$ Department of Computational Linguistics, University of Zurich

$^{2}$ School of Informatics, University of Edinburgh",false,,,,"[{""raw_affiliation_text"": ""Department of Computational Linguistics, University of Zurich"", ""institution"": ""University of Zurich"", ""country"": null}, {""raw_affiliation_text"": ""School of Informatics, University of Edinburgh"", ""institution"": ""University of Edinburgh"", ""country"": null}]"
2021.acl-long.220,,,,2021.acl-long.220,done,Zhejiang University | Alibaba Group,"# OntoED: Low-resource Event Detection with Ontology Embedding

Shumin Deng1,2∗, Ningyu Zhang1,2∗, Luoqiu $\mathbf { L i } ^ { 1 , 2 }$ , Hui Chen3, Huaixiao Tou3, Mosha Chen3, Fei Huang3, Huajun Chen1,2†

1Zhejiang University & AZFT Joint Lab for Knowledge Engine, China 2Hangzhou Innovation Center, Zhejiang University, China 3Alibaba Group, China

{231sm, zhangningyu, 3160102409}@zju.edu.cn, {weidu.ch, huaixiao.thx}@alibaba-inc.com, {chenmosha.cms, f.huang}@alibaba-inc.com, huajunsir@zju.edu.cn",false,,,,"[{""raw_affiliation_text"": ""Zhejiang University & AZFT Joint Lab for Knowledge Engine, China"", ""institution"": ""Zhejiang University"", ""country"": ""China""}, {""raw_affiliation_text"": ""Alibaba Group, China"", ""institution"": ""Alibaba Group"", ""country"": ""China""}]"
2021.acl-long.217,,,,2021.acl-long.217,done,Chinese Information Processing Laboratory | Chinese Academy of Sciences | University of Chinese Academy of Sciences | Tencent Inc.,"# TEXT2EVENT: Controllable Sequence-to-Structure Generation for End-to-end Event Extraction

Yaojie Lu $^{1,3}$ , Hongyu Lin $^{1}$ , Jin Xu $^{4,*}$ , Xianpei Han $^{1,2,*}$ , Jialong Tang $^{1,3}$ , Annan Li $^{1,3}$ , Le Sun $^{1,2}$ , Meng Liao $^{4}$ , Shaoyi Chen $^{4}$

$^{1}$ Chinese Information Processing Laboratory $^{2}$ State Key Laboratory of Computer Science Institute of Software, Chinese Academy of Sciences, Beijing, China $^{3}$ University of Chinese Academy of Sciences, Beijing, China $^{4}$ Data Quality Team, WeChat, Tencent Inc., China {yaojie2017, jialong2019, liannan2019}@iscas.ac.cn {hongyu, xianpei, sunle}@iscas.ac.cn {jinxxu, maricoliao, shaoyichen} @tencent.com",false,,,,"[{""raw_affiliation_text"": ""Chinese Information Processing Laboratory"", ""institution"": ""Chinese Information Processing Laboratory"", ""country"": null}, {""raw_affiliation_text"": ""State Key Laboratory of Computer Science Institute of Software, Chinese Academy of Sciences, Beijing, China"", ""institution"": ""Chinese Academy of Sciences"", ""country"": ""China""}, {""raw_affiliation_text"": ""University of Chinese Academy of Sciences, Beijing, China"", ""institution"": ""University of Chinese Academy of Sciences"", ""country"": ""China""}, {""raw_affiliation_text"": ""Data Quality Team, WeChat, Tencent Inc., China"", ""institution"": ""Tencent Inc."", ""country"": ""China""}]"
2021.acl-long.224,,,,2021.acl-long.224,done,Fondazione Bruno Kessler | University of Trento,"# Cascade versus Direct Speech Translation: Do the Differences Still Make a Difference?

Luisa Bentivogli<sup>1</sup>, Mauro Cettolo<sup>1</sup>, Marco Gaido<sup>1,2</sup>, Alina Karakanta<sup>1,2</sup>, Alberto Martinelli<sup>2*</sup>, Matteo Negri<sup>1</sup>, Marco Turchi<sup>1</sup>  
<sup>1</sup>Fondazione Bruno Kessler  
<sup>2</sup>University of Trento  
{bentivo, cettolo, mgaido, akarakanta, negri, turchi}@fbk.eu",false,,,,"[{""raw_affiliation_text"": ""Fondazione Bruno Kessler"", ""institution"": ""Fondazione Bruno Kessler"", ""country"": null}, {""raw_affiliation_text"": ""University of Trento"", ""institution"": ""University of Trento"", ""country"": null}]"
2021.acl-long.222,,,,2021.acl-long.222,done,Soochow University | Alibaba DAMO Academy,"# Breaking Corpus Bottleneck for Context-Aware Neural Machine Translation with Cross-Task Pre-training

$^{1}$ Linqing Chen $^{1}$ Junhui Li* $^{1}$ Zhengxian Gong $^{2}$ Boxing Chen

$^{2}$ Weihua Luo $^{1}$ Min Zhang $^{1}$ Guodong Zhou

$^{1}$ School of Computer Science and Technology, Soochow University, Suzhou, China

2Alibaba DAMO Academy

{lijunhui, zhxgong, minzhang, gdzhou}@suda.edu.cn, lqchen21@gmail.com, {boxing.cbx, weihua.luowh}@alibaba-inc.com",false,,,,"[{""raw_affiliation_text"": ""School of Computer Science and Technology, Soochow University, Suzhou, China"", ""institution"": ""Soochow University"", ""country"": ""China""}, {""raw_affiliation_text"": ""Alibaba DAMO Academy"", ""institution"": ""Alibaba DAMO Academy"", ""country"": null}]"
2021.acl-long.221,,,,2021.acl-long.221,done,The Chinese University of Hong Kong | Tencent AI Lab,"# Self-Training Sampling with Monolingual Data Uncertainty for Neural Machine Translation

Wenxiang Jiao†* Xing Wang‡ Zhaopeng Tu‡ Shuming Shi‡ Michael R. Lyu† Irwin King†

$^{\dagger}$ Department of Computer Science and Engineering The Chinese University of Hong Kong, HKSAR, China

†Tencent AI Lab

$\dagger \{\mathtt{wxjiao},\mathtt{lyu},\mathtt{king}\} @cse.cuhk.edu.hk$ $\ddagger \{\mathtt{brightxwang},\mathtt{zptu},\mathtt{shumingshi}\} @tencent.com$",false,,,,"[{""raw_affiliation_text"": ""Department of Computer Science and Engineering The Chinese University of Hong Kong, HKSAR, China"", ""institution"": ""The Chinese University of Hong Kong"", ""country"": ""China""}, {""raw_affiliation_text"": ""Tencent AI Lab"", ""institution"": ""Tencent AI Lab"", ""country"": null}]"
2021.acl-long.223,,,,2021.acl-long.223,done,Chinese Academy of Sciences | University of Chinese Academy of Sciences,"# Guiding Teacher Forcing with Seer Forcing for Neural Machine Translation

Yang Feng $^{1,2}$ Shuhao Gu $^{1,2}$ Dengji Guo $^{1,2}$ Zhengxin Yang $^{1,2}$ Chenze Shao $^{1,2}$ *

<sup>1</sup> Key Laboratory of Intelligent Information Processing

Institute of Computing Technology, Chinese Academy of Sciences (ICT/CAS)

<sup>2</sup> University of Chinese Academy of Sciences, Beijing, China

{fengyang, gushuhao19b, guodengji19s} @ ict.ac.cn

{yangzhengxin17z, shaochenze18z}@ict.ac.cn",false,,,,"[{""raw_affiliation_text"": ""Institute of Computing Technology, Chinese Academy of Sciences (ICT/CAS)"", ""institution"": ""Chinese Academy of Sciences"", ""country"": null}, {""raw_affiliation_text"": ""University of Chinese Academy of Sciences, Beijing, China"", ""institution"": ""University of Chinese Academy of Sciences"", ""country"": ""China""}]"
2021.acl-long.226,,,,2021.acl-long.226,done,Kyoto University | EPFL,"# Lightweight Cross-Lingual Sentence Representation Learning

Zhuoyuan Mao\* Prakhar Gupta\* Chenhui Chu\* Martin Jaggi\* Sadao Kurohashi\*

$\spadesuit$ Kyoto University, Japan $\clubsuit$ EPFL, Switzerland {zhuoyuanmao,chu,kuro}@nlp.ist.i.kyoto-u.ac.jp {prakhar.gupta,martin.jaggi}@epfl.ch",false,,,,"[{""raw_affiliation_text"": ""Kyoto University, Japan"", ""institution"": ""Kyoto University"", ""country"": ""Japan""}, {""raw_affiliation_text"": ""EPFL, Switzerland"", ""institution"": ""EPFL"", ""country"": ""Switzerland""}]"
2021.acl-long.228,,,,2021.acl-long.228,done,Chinese Academy of Sciences | University of Chinese Academy of Sciences | Tencent Inc,"# Marginal Utility Diminishes: Exploring the Minimum Knowledge for BERT Knowledge Distillation

Yuanxin Liu $^{1,2*}$ , Fandong Meng $^{3}$ , Zheng Lin $^{1}$ , Weiping Wang $^{1}$ , Jie Zhou $^{3}$

$^{1}$ Institute of Information Engineering, Chinese Academy of Sciences, Beijing, China

$^{2}$ School of Cyber Security, University of Chinese Academy of Sciences, Beijing, China

$^{3}$ Pattern Recognition Center, WeChat AI, Tencent Inc, China

{liuyuanxin,linzheng,wangweiping} @ iie.ac.cn, {fandongmeng,withtomzhou} @tencent.com",false,,,,"[{""raw_affiliation_text"": ""Institute of Information Engineering, Chinese Academy of Sciences, Beijing, China"", ""institution"": ""Chinese Academy of Sciences"", ""country"": ""China""}, {""raw_affiliation_text"": ""School of Cyber Security, University of Chinese Academy of Sciences, Beijing, China"", ""institution"": ""University of Chinese Academy of Sciences"", ""country"": ""China""}, {""raw_affiliation_text"": ""Pattern Recognition Center, WeChat AI, Tencent Inc, China"", ""institution"": ""Tencent Inc"", ""country"": ""China""}]"
2021.acl-long.227,,,,2021.acl-long.227,done,Baidu Inc.,"# ERNIE-Doc: A Retrospective Long-Document Modeling Transformer

# Siyu Ding*, Junyuan Shang*, Shuohuan Wang, Yu Sun, Hao Tian, Hua Wu and Haifeng Wang

Baidu Inc., China

{dingsiyu, shangjunyuan, wangshuohuan, sunyu02,

tianhao, wu_hua, wanghaifeng}@baidu.com",false,,,,"[{""raw_affiliation_text"": ""Baidu Inc., China"", ""institution"": ""Baidu Inc."", ""country"": ""China""}]"
2021.acl-long.225,,,,2021.acl-long.225,done,NAVER Corp | Korea University | KAIST | DPDC | Upstage AI Research,"# Unsupervised Neural Machine Translation for Low-Resource Domains via Meta-Learning

Cheonbok Park $^{1,*}$ , Yunwon Tae $^{2,*}$ , Taehee Kim $^{3}$ , Soyoung Yang $^{3}$ , Mohammad Azam Khan $^{4}$ , Lucy Park $^{5,\dagger}$ , and Jaegul Choo $^{3}$

$^{1}$ NAVER Corp,cbok.park@navercorp.com, $^{2}$ Korea University, tyj204@korea.ac.kr

$^{3}$ KAIST, {taeheekim, sy_yang, jchoo} $@$ kaist.com

$^{4}$ DPDC, azam@dpdc.org.bd, $^{5}$ Upstage AI Research, lucy@upstage.ai",false,,,,"[{""raw_affiliation_text"": ""NAVER Corp"", ""institution"": ""NAVER Corp"", ""country"": null}, {""raw_affiliation_text"": ""Korea University"", ""institution"": ""Korea University"", ""country"": null}, {""raw_affiliation_text"": ""KAIST"", ""institution"": ""KAIST"", ""country"": null}, {""raw_affiliation_text"": ""DPDC"", ""institution"": ""DPDC"", ""country"": null}, {""raw_affiliation_text"": ""Upstage AI Research"", ""institution"": ""Upstage AI Research"", ""country"": null}]"
2021.acl-long.229,,,,2021.acl-long.229,done,Chulalongkorn University | Imperial College London,"# Rational LAMOL: A Rationale-Based Lifelong Learning Framework

Kasidis Kanwatchara $^{1*}$ , Thanapapas Horsuwan $^{1*}$ , Piyawat Lertvittayakumjorn $^{2}$ , Boonserm Kijsirikul $^{1}$ , Peerapon Vateekul $^{1\dagger}$

<sup>1</sup> Department of Computer Engineering, Faculty of Engineering,

Chulalongkorn University, Thailand

$^{2}$ Department of Computing, Imperial College London, UK

{kanwatchara.k, thanapapas.h}@gmail.com, pl1515@imperial.ac.uk, {boonserm.k, peerapon.v}@chula.ac.th",false,,,,"[{""raw_affiliation_text"": ""Department of Computer Engineering, Faculty of Engineering, Chulalongkorn University, Thailand"", ""institution"": ""Chulalongkorn University"", ""country"": ""Thailand""}, {""raw_affiliation_text"": ""Department of Computing, Imperial College London, UK"", ""institution"": ""Imperial College London"", ""country"": ""UK""}]"
2021.acl-long.231,,,,2021.acl-long.231,done,East China Normal University | Pingan Health Tech,"# LeeBERT: Learned Early Exit for BERT with Cross-Level Optimization

Wei Zhu $^{1,2}$ *

<sup>1</sup> East China Normal University, Shanghai, China

2 Pingan Health Tech, Shanghai, China",false,,,,"[{""raw_affiliation_text"": ""East China Normal University, Shanghai, China"", ""institution"": ""East China Normal University"", ""country"": ""China""}, {""raw_affiliation_text"": ""Pingan Health Tech, Shanghai, China"", ""institution"": ""Pingan Health Tech"", ""country"": ""China""}]"
2021.acl-long.232,,,,2021.acl-long.232,done,National Cheng Kung University | University of the Philippines Open University,"# Unsupervised Extractive Summarization-Based Representations for Accurate and Explainable Collaborative Filtering

Reinald Adrian Pugoy<sup>1,2</sup> and Hung-Yu Kao<sup>1</sup>

$^{1}$ Intelligent Knowledge Management Lab

National Cheng Kung University, Tainan City, Taiwan

$^{2}$ Faculty of Information and Communication Studies

University of the Philippines Open University, Los Baños, Philippines

rdpugoy@up.edu.ph, hykao@mail.ncku.edu.tw",false,,,,"[{""raw_affiliation_text"": ""National Cheng Kung University, Tainan City, Taiwan"", ""institution"": ""National Cheng Kung University"", ""country"": ""Taiwan""}, {""raw_affiliation_text"": ""Faculty of Information and Communication Studies, University of the Philippines Open University, Los Baños, Philippines"", ""institution"": ""University of the Philippines Open University"", ""country"": ""Philippines""}]"
2021.acl-long.233,,,,2021.acl-long.233,done,Tencent AI Platform,"# PLOME: Pre-training with Misspelled Knowledge for Chinese Spelling Correction

Shulin Liu, Tao Yang, Tianchi Yue, Feng Zhang, Di Wang

Tencent AI Platform Department, China

{forestliu, rigorosyang, tianchiyue}@tencent.com {jayzhang, diwang}@tencent.com",false,,,,"[{""raw_affiliation_text"": ""Tencent AI Platform Department, China"", ""institution"": ""Tencent AI Platform"", ""country"": ""China""}]"
2021.acl-long.230,,,,2021.acl-long.230,done,Xidian University | The University of Texas at Austin,"# EnsLM: Ensemble Language Model for Data Diversity by Semantic Clustering

Zhibin Duan\*, Hao Zhang\*, Chaojie Wang\*, Zhengjue Wang\*, Bo Chen\*, Mingyuan Zhou\*

$^{1}$ National Laboratory of Radar Signal Processing, Xidian University, Xi'an, China $^{2}$ McCombs School of Business The University of Texas at Austin, Austin, TX 78712, USA {xd_zhibin, zhanghao_xidian}@163.com bchen@mail.xidian.edu.cn, Mingyuan.Zhou@mccombs.utexas.edu",false,,,,"[{""raw_affiliation_text"": ""National Laboratory of Radar Signal Processing, Xidian University, Xi'an, China"", ""institution"": ""Xidian University"", ""country"": ""China""}, {""raw_affiliation_text"": ""McCombs School of Business The University of Texas at Austin, Austin, TX 78712, USA"", ""institution"": ""The University of Texas at Austin"", ""country"": ""USA""}]"
2021.acl-long.23,,,,2021.acl-long.23,done,DFKI and Saarland University | China Mobile Online Services | Tianjin University | Huawei Noah's Ark Lab,"# Multi-Head Highly Parallelized LSTM Decoder for Neural Machine Translation

Hongfei Xu<sup>1</sup> Qiuhui Liu<sup>2</sup> Josef van Genabith<sup>1</sup> Deyi Xiong<sup>3,4</sup> Meng Zhang<sup>5</sup>

$^{1}$ DFKI and Saarland University, Informatics Campus, Saarland, Germany

2China Mobile Online Services, Henan, China

$^{3}$ Tianjin University, Tianjin, China

4Global Tone Communication Technology Co., Ltd.

<sup>5</sup>Huawei Noah's Ark Lab

{hfxunlp, liuqhano} $@$ foxmail.com, josef.van_genabith@dfki.de,

dyxiong@tju.edu.cn, zhangmeng92@huawei.com",false,,,,"[{""raw_affiliation_text"": ""DFKI and Saarland University, Informatics Campus, Saarland, Germany"", ""institution"": ""DFKI and Saarland University"", ""country"": ""Germany""}, {""raw_affiliation_text"": ""China Mobile Online Services, Henan, China"", ""institution"": ""China Mobile Online Services"", ""country"": ""China""}, {""raw_affiliation_text"": ""Tianjin University, Tianjin, China"", ""institution"": ""Tianjin University"", ""country"": ""China""}, {""raw_affiliation_text"": ""Huawei Noah's Ark Lab"", ""institution"": ""Huawei Noah's Ark Lab"", ""country"": null}]"
2021.acl-long.234,,,,2021.acl-long.234,done,Peking University | Tencent Medical AI Lab,"# Competence-based Multimodal Curriculum Learning for Medical Report Generation

Fenglin Liu $^{1}$ , Shen Ge $^{2}$ , Xian Wu $^{2*}$

<sup>1</sup>ADSPLAB, School of ECE, Peking University

$^{2}$ Tencent Medical AI Lab, Beijing, China

fenglinliu98@pku.edu.cn; {shenge, kevinxwu}@tencent.com",false,,,,"[{""raw_affiliation_text"": ""ADSPLAB, School of ECE, Peking University"", ""institution"": ""Peking University"", ""country"": null}, {""raw_affiliation_text"": ""Tencent Medical AI Lab, Beijing, China"", ""institution"": ""Tencent Medical AI Lab"", ""country"": ""China""}]"
2021.acl-long.236,,,,2021.acl-long.236,done,Zhejiang Lab | Alibaba Group,"# Meta-KD: A Meta Knowledge Distillation Framework for Language Model Compression across Domains

Haojie Pan $^{1,2*}$ , Chengyu Wang $^{2*}$ , Minghui Qiu $^{2\dagger}$ , Yichang Zhang $^{2}$ , Yaliang Li $^{2}$ , Jun Huang $^{2}$

1 Zhejiang Lab   
2 Alibaba Group

{haojie.phj,chengyu.wcy,minghui.qmh}@alibaba-inc.com

{yichang.zyc, yaliang.li, huangjun.hj}@alibaba-inc.com",false,,,,"[{""raw_affiliation_text"": ""Zhejiang Lab"", ""institution"": ""Zhejiang Lab"", ""country"": null}, {""raw_affiliation_text"": ""Alibaba Group"", ""institution"": ""Alibaba Group"", ""country"": null}]"
2021.acl-long.235,,,,2021.acl-long.235,done,Guangdong University of Foreign Studies | Renmin University of China | University of Montreal,"# Learning Syntactic Dense Embedding with Correlation Graph for Automatic Readability Assessment

Xinying Qiu $^{1}$ Yuan Chen $^{1}$ Hanwu Chen $^{1}$ Jian-Yun Nie $^{2*}$ Yuming Shen $^{1*}$ Dawei Lu $^{3}$

$^{1}$ School of Information Science and Technology, Guangdong University of Foreign Studies, China $^{3}$ School of Liberal Arts, Renmin University of China

$^{2}$ Department of Computer Science and Operations Research, University of Montreal, Canada

xy.qiu@foxmail.com Nie@iro.umontreal.ca ymshen2002@163.com wedalu@163.com",false,,,,"[{""raw_affiliation_text"": ""School of Information Science and Technology, Guangdong University of Foreign Studies, China"", ""institution"": ""Guangdong University of Foreign Studies"", ""country"": ""China""}, {""raw_affiliation_text"": ""School of Liberal Arts, Renmin University of China"", ""institution"": ""Renmin University of China"", ""country"": null}, {""raw_affiliation_text"": ""Department of Computer Science and Operations Research, University of Montreal, Canada"", ""institution"": ""University of Montreal"", ""country"": ""Canada""}]"
2021.acl-long.238,,,,2021.acl-long.238,done,IIT Delhi | IBM Research AI,"# Explanations for CommonsenseQA: New Dataset and Models

Shourya Aggarwal<sup>1</sup>, Divyanshu Mandowara<sup>1</sup>, Vishwajeet Agrawal<sup>1</sup>, Dinesh Khandelwal<sup>2</sup>, Parag Singla<sup>1</sup>, Dinesh Garg<sup>2</sup>

$^{1}$ IIT Delhi, $^{2}$ IBM Research AI, India

aggarwal.shourya@gmail.com, divyanshu.mandowara92@gmail.com

vishwa.grawal@gmail.com, dikhand1@in.ibm.com

parags@cse.iitd.ac.in, garg.dinesh@in.ibm.com",false,,,,"[{""raw_affiliation_text"": ""IIT Delhi"", ""institution"": ""IIT Delhi"", ""country"": ""null""}, {""raw_affiliation_text"": ""IBM Research AI, India"", ""institution"": ""IBM Research AI"", ""country"": ""India""}]"
2021.acl-long.240,,,,2021.acl-long.240,done,Microsoft Research | Microsoft Azure AI,"# UnitedQA: A Hybrid Approach for Open Domain Question Answering

Hao Cheng $^{1*}$ , Yelong Shen $^{2*}$ , Xiaodong Liu $^{1}$ , Pengcheng He $^{2}$ , Weizhu Chen $^{2}$ , Jianfeng Gao $^{1}$

<sup>1</sup> Microsoft Research <sup>2</sup> Microsoft Azure AI

{chehao, yeshe, xiaodl, penhe, wzchen, jfgao}@microsoft.com",false,,,,"[{""raw_affiliation_text"": ""Microsoft Research"", ""institution"": ""Microsoft Research"", ""country"": null}, {""raw_affiliation_text"": ""Microsoft Azure AI"", ""institution"": ""Microsoft Azure AI"", ""country"": null}]"
2021.acl-long.239,,,,2021.acl-long.239,done,Tel Aviv University | Allen Institute for AI,"# Few-Shot Question Answering by Pretraining Span Selection

Ori Ram\*,1 Yuval Kirstain\*,1 Jonathan Berant\*,2 Amir Globerson\* Omer Levy

Blavatnik School of Computer Science, Tel Aviv University<sup>1</sup>  
Allen Institute for AI<sup>2</sup>

{ori.ram,yuval.kirstain,joberant,gamir,levyomer}@cs.tau.ac.il",false,,,,"[{""raw_affiliation_text"": ""Blavatnik School of Computer Science, Tel Aviv University"", ""institution"": ""Tel Aviv University"", ""country"": null}, {""raw_affiliation_text"": ""Allen Institute for AI"", ""institution"": ""Allen Institute for AI"", ""country"": null}]"
2021.acl-long.237,,,,2021.acl-long.237,done,Tsinghua University | Beijing University of Posts and Telecommunications,"# A Semantic-based Method for Unsupervised Commonsense Question Answering

Yilin Niu $^{1*}$ , Fei Huang $^{1*}$ , Jiaming Liang $^{1}$ , Wenkai Chen $^{2}$ , Xiaoyan Zhu $^{1}$ , Minlie Huang $^{1\dagger}$

<sup>1</sup> The CoAI group, DCST; <sup>1</sup> Institute for Artificial Intelligence;

<sup>1</sup> State Key Lab of Intelligent Technology and Systems;

<sup>1</sup> Beijing National Research Center for Information Science and Technology;   
$^{1}$ Tsinghua University, Beijing 100084, China.   
$^{2}$ School of Computer Science and Technology, Beijing University of Posts and Telecommunications

niuy14@tsinghua.org.cn {f-huang, liangjm18}18@mails.tsinghua.edu.cn  
wkchen630@gmail.com {zxy-dcs,aihuang}@tsinghua.edu.cn",false,,,,"[{""raw_affiliation_text"": ""Tsinghua University, Beijing 100084, China."", ""institution"": ""Tsinghua University"", ""country"": ""China""}, {""raw_affiliation_text"": ""School of Computer Science and Technology, Beijing University of Posts and Telecommunications"", ""institution"": ""Beijing University of Posts and Telecommunications"", ""country"": null}]"
2021.acl-long.241,,,,2021.acl-long.241,done,University of Cambridge | Facebook AI | Sapienza University | University College London,"# Database Reasoning Over Text

James Thorne

University of Cambridge

jt719@cam.ac.uk

Majid Yazdani

Facebook AI

myazdani@fb.com

Marzieh Saeidi

Facebook AI

marzieh@fb.com

Fabrizio Silvestri

Sapienza University, Rome

fsilvestri

@diag.uniroma1.it

Sebastian Riedel

Facebook AI

University College London

sriedel@fb.com

Alon Halevy

Facebook AI

ayh@fb.com",false,,,,"[{""raw_affiliation_text"": ""University of Cambridge"", ""institution"": ""University of Cambridge"", ""country"": null}, {""raw_affiliation_text"": ""Facebook AI"", ""institution"": ""Facebook AI"", ""country"": null}, {""raw_affiliation_text"": ""Sapienza University, Rome"", ""institution"": ""Sapienza University"", ""country"": null}, {""raw_affiliation_text"": ""University College London"", ""institution"": ""University College London"", ""country"": null}]"
2021.acl-long.24,,,,2021.acl-long.24,done,German Research Center for Artificial Intelligence (DFKI) | Saarland University,"# A Bidirectional Transformer Based Alignment Model for Unsupervised Word Alignment

Jingyi Zhang<sup>1</sup> and Josef van Genabith<sup>1,2</sup>

$^{1}$ German Research Center for Artificial Intelligence (DFKI), Saarland Informatics Campus, Saarbrücken, Germany

$^{2}$ Department of Language Science and Technology, Saarland University, Saarland Informatics Campus, Saarbrücken, Germany

Jingyi.Zhang@dfki.de,Josef.Van_Genabith@dfki.de",false,,,,"[{""raw_affiliation_text"": ""German Research Center for Artificial Intelligence (DFKI), Saarland Informatics Campus, Saarbrücken, Germany"", ""institution"": ""German Research Center for Artificial Intelligence (DFKI)"", ""country"": ""Germany""}, {""raw_affiliation_text"": ""Department of Language Science and Technology, Saarland University, Saarland Informatics Campus, Saarbrücken, Germany"", ""institution"": ""Saarland University"", ""country"": ""Germany""}]"
2021.acl-long.245,,,,2021.acl-long.245,done,Samsung Korea | Google India | IIT Bombay,"# From Machine Translation to Code-Switching: Generating High-Quality Code-Switched Text

Ishan Tarunesh; Syamantak Kumar; Preethi Jyothi

Samsung Korea, Google India, IIT Bombay

{ishantarunesh, syamantak.kumar}@gmail.com, pjyothi@cse.iitb.ac.in",false,,,,"[{""raw_affiliation_text"": ""Samsung Korea"", ""institution"": ""Samsung Korea"", ""country"": null}, {""raw_affiliation_text"": ""Google India"", ""institution"": ""Google India"", ""country"": null}, {""raw_affiliation_text"": ""IIT Bombay"", ""institution"": ""IIT Bombay"", ""country"": null}]"
2021.acl-long.247,,,,2021.acl-long.247,done,IT University of Copenhagen,"# Annotating Online Misogyny

Philine Zeinert

IT University of Copenhagen Denmark

phze@itu.dk

Nanna Inie

IT University of Copenhagen Denmark

nans@itu.dk

Leon Derczynski

IT University of Copenhagen Denmark

leod@itu.dk",false,,,,"[{""raw_affiliation_text"": ""IT University of Copenhagen Denmark"", ""institution"": ""IT University of Copenhagen"", ""country"": ""Denmark""}]"
2021.acl-long.244,,,,2021.acl-long.244,done,Universitat de Barcelona | Universitat Pompeu Fabra | University of Oslo,"# Evaluating morphological typology in zero-shot cross-lingual transfer

Antonio Martínez-García

Universitat de Barcelona

ao.martinez.garcia

@gmail.com

Toni Badia

Universitat Pompeu Fabra

tbadia@upf.edu

Jeremy Barnes

University of Oslo

jeremycb@ifi.uio.no",false,,,,"[{""raw_affiliation_text"": ""Universitat de Barcelona"", ""institution"": ""Universitat de Barcelona"", ""country"": null}, {""raw_affiliation_text"": ""Universitat Pompeu Fabra"", ""institution"": ""Universitat Pompeu Fabra"", ""country"": null}, {""raw_affiliation_text"": ""University of Oslo"", ""institution"": ""University of Oslo"", ""country"": null}]"
2021.acl-long.242,,,,2021.acl-long.242,done,"INESC-ID Lisboa | Instituto Superior Técnico, Universidade de Lisboa | Unbabel AI | Centro de Linguística da Universidade de Lisboa | Faculdade de Letras da Universidade de Lisboa","# Online Learning Meets Machine Translation Evaluation: Finding the Best Systems with the Least Human Effort

Vânia Mendonça<sup>1,2</sup>, Ricardo Rei<sup>1,2,3</sup>, Luísa Coheur<sup>1,2</sup>, Alberto Sardinha<sup>1,2</sup>, Ana Lúcia Santos<sup>4,5</sup>

$^{1}$ INESC-ID Lisboa, Portugal

$^{2}$ Instituto Superior Técnico, Universidade de Lisboa, Portugal

3 Unbabel AI, Lisboa, Portugal

<sup>4</sup> Centro de Linguística da Universidade de Lisboa, Portugal

$^{5}$ Faculdade de Letras da Universidade de Lisboa, Portugal

{vania.mendonca, luisa.coheur, jose.alberto.sardinha}@tecnico.ulisboa.pt, ricardo.rei@un babel.com, als@letras.ulisboa.pt",false,,,,"[{""raw_affiliation_text"": ""INESC-ID Lisboa, Portugal"", ""institution"": ""INESC-ID Lisboa"", ""country"": ""Portugal""}, {""raw_affiliation_text"": ""Instituto Superior Técnico, Universidade de Lisboa, Portugal"", ""institution"": ""Instituto Superior Técnico, Universidade de Lisboa"", ""country"": ""Portugal""}, {""raw_affiliation_text"": ""Unbabel AI, Lisboa, Portugal"", ""institution"": ""Unbabel AI"", ""country"": ""Portugal""}, {""raw_affiliation_text"": ""Centro de Linguística da Universidade de Lisboa, Portugal"", ""institution"": ""Centro de Linguística da Universidade de Lisboa"", ""country"": ""Portugal""}, {""raw_affiliation_text"": ""Faculdade de Letras da Universidade de Lisboa, Portugal"", ""institution"": ""Faculdade de Letras da Universidade de Lisboa"", ""country"": ""Portugal""}]"
2021.acl-long.243,,,,2021.acl-long.243,done,Technical University of Darmstadt | University of Cambridge | Deep Mind,"# How Good is Your Tokenizer? On the Monolingual Performance of Multilingual Language Models

Phillip Rust\*1†, Jonas Pfeiffer\*1, Ivan Vulic², Sebastian Ruder³, Iryna Gurevych¹

<sup>1</sup>Ubiquitous Knowledge Processing Lab, Technical University of Darmstadt

$^{2}$ Language Technology Lab, University of Cambridge

$^{3}$ DeepMind

www.ukp.tu-darmstadt.de",false,,,,"[{""raw_affiliation_text"": ""Ubiquitous Knowledge Processing Lab, Technical University of Darmstadt"", ""institution"": ""Technical University of Darmstadt"", ""country"": null}, {""raw_affiliation_text"": ""Language Technology Lab, University of Cambridge"", ""institution"": ""University of Cambridge"", ""country"": null}, {""raw_affiliation_text"": ""DeepMind"", ""institution"": ""Deep Mind"", ""country"": null}]"
2021.acl-long.25,,,,2021.acl-long.25,done,Byte Dance AI Lab,"# Learning Language Specific Sub-network for Multilingual Machine Translation

Zehui Lin\*, Liwei Wu\*, Mingxuan Wang, Lei Li

ByteDance AI Lab

{linzehui, wuliwei.000, wangmingxuan.89, lileilab} @bytedance.com",false,,,,"[{""raw_affiliation_text"": ""ByteDance AI Lab"", ""institution"": ""Byte Dance AI Lab"", ""country"": null}]"
2021.acl-long.249,,,,2021.acl-long.249,done,Dalian University of Technology,"# MultiMET: A Multimodal Dataset for Metaphor Understanding

Dongyu Zhang $^{1}$ , Minghao Zhang $^{1}$ , Heting Zhang $^{1}$ , Liang Yang $^{2}$ , Hongfei LIN $^{2}$

<sup>1</sup>Key Laboratory for Ubiquitous Network and Service Software of Liaoning Province, School of Software, Dalian University of Technology, China

$^{2}$ School of Computer Science and Technology, Dalian University of Technology, China hflin@dlut.edu.cn",false,,,,"[{""raw_affiliation_text"": ""Key Laboratory for Ubiquitous Network and Service Software of Liaoning Province, School of Software, Dalian University of Technology, China"", ""institution"": ""Dalian University of Technology"", ""country"": ""China""}]"
2021.acl-long.250,,,,2021.acl-long.250,done,University of Trento | Fondazione Bruno Kessler,"# Human-in-the-Loop for Data Collection: a Multi-Target Counter Narrative Dataset to Fight Online Hate Speech

Margherita Fanton $^{1,2}$ , Helena Bonaldi $^{1,2}$ , Serra Sinem Tekiroglu $^{2}$ , Marco Guerini $^{2}$

<sup>1</sup>University of Trento, Italy

$^{2}$ Fondazione Bruno Kessler, Via Sommarive 18, Povo, Trento, Italy

mfanton@fbk.eu, hbonacci@fbk.eu, tekiroglu@fbk.eu, guerini@fbk.eu",false,,,,"[{""raw_affiliation_text"": ""University of Trento, Italy"", ""institution"": ""University of Trento"", ""country"": ""Italy""}, {""raw_affiliation_text"": ""Fondazione Bruno Kessler, Via Sommarive 18, Povo, Trento, Italy"", ""institution"": ""Fondazione Bruno Kessler"", ""country"": ""Italy""}]"
2021.acl-long.248,,,,2021.acl-long.248,done,Tsinghua University | Alibaba Group,"# Few-NERD: A Few-shot Named Entity Recognition Dataset

Ning Ding $^{1,3*}$ , Guangwei Xu $^{2*}$ , Yulin Chen $^{3*}$ , Xiaobin Wang $^{2}$ , Xu Han $^{1}$ , Pengjun Xie $^{2}$ , Hai-Tao Zheng $^{3\dagger}$ , Zhiyuan Liu $^{1\dagger}$

$^{1}$ Department of Computer Science and Technology, Tsinghua University $^{2}$ Alibaba Group, $^{3}$ Shenzhen International Graduate School, Tsinghua University $\{\mathrm{dingn}18, \mathrm{yl}-\mathrm{chen}17, \mathrm{hanxu}17\} @$ mails.tsinghua.edu.cn $\{\mathrm{kunka.xgw}, \mathrm{xuanjie.wxb, chengchen.xpj}\} @$ alibaba-inc.com $\{\mathrm{zheng.haitao}\} @$ sz.tsinghua.edu.cn, $\{\mathrm{liuzy}\} @$ tsinghua.edu.cn https://ningding97.github.io/fewnerd/",false,,,,"[{""raw_affiliation_text"": ""Department of Computer Science and Technology, Tsinghua University"", ""institution"": ""Tsinghua University"", ""country"": null}, {""raw_affiliation_text"": ""Alibaba Group"", ""institution"": ""Alibaba Group"", ""country"": null}]"
2021.acl-long.246,,,,2021.acl-long.246,done,Southwest University | Tencent AI Lab | Nanjing University,"# Fast and Accurate Neural Machine Translation with Translation Memory

Qiuxiang He<sup>1</sup> Guoping Huang<sup>2</sup> Qu Cui<sup>3</sup> Li Li<sup>1*</sup> Lemaio Liu<sup>2</sup>

$^{1}$ Southwest University $^{2}$ Tencent AI Lab $^{3}$ Nanjing University

hqxiang@email.swu.edu.cn cuiq@smail.nju.edu.cn

{donkeyhuang,redmondliu} $@$ Tencent.com lily@swu.edu.cn",false,,,,"[{""raw_affiliation_text"": ""Southwest University"", ""institution"": ""Southwest University"", ""country"": null}, {""raw_affiliation_text"": ""Tencent AI Lab"", ""institution"": ""Tencent AI Lab"", ""country"": null}, {""raw_affiliation_text"": ""Nanjing University"", ""institution"": ""Nanjing University"", ""country"": null}]"
2021.acl-long.251,,,,2021.acl-long.251,done,Zhejiang University | Westlake University | Westlake Institute for Advanced Study,"# Can Generative Pre-trained Language Models Serve as Knowledge Bases for Closed-book QA?

Cunxiang Wang\**, Pai Liu\* and Yue Zhang\*

$\spadesuit$ Zhejiang University, China

\*School of Engineering, Westlake University, China

$^{\text{♥}}$ Institute of Advanced Technology, Westlake Institute for Advanced Study, China {wangcunxiang, zhangyue, liupai}@westlake.edu.cn",false,,,,"[{""raw_affiliation_text"": ""Zhejiang University, China"", ""institution"": ""Zhejiang University"", ""country"": ""China""}, {""raw_affiliation_text"": ""School of Engineering, Westlake University, China"", ""institution"": ""Westlake University"", ""country"": ""China""}, {""raw_affiliation_text"": ""Institute of Advanced Technology, Westlake Institute for Advanced Study, China"", ""institution"": ""Westlake Institute for Advanced Study"", ""country"": ""China""}]"
2021.acl-long.252,,,,2021.acl-long.252,done,The University of Arizona | Amazon Alexa AI,"# Joint Models for Answer Verification in Question Answering Systems

Zeyu Zhang* Thuy Vu Alessandro Moschitti

School of Information, The University of Arizona, Tucson, AZ, USA

Amazon Alexa AI, Manhattan Beach, CA, USA

zeyuzhang@email.arizona.edu，{thuyvu,amosch}@amazon.com",false,,,,"[{""raw_affiliation_text"": ""School of Information, The University of Arizona, Tucson, AZ, USA"", ""institution"": ""The University of Arizona"", ""country"": ""USA""}, {""raw_affiliation_text"": ""Amazon Alexa AI, Manhattan Beach, CA, USA"", ""institution"": ""Amazon Alexa AI"", ""country"": ""USA""}]"
2021.acl-long.255,,,,2021.acl-long.255,done,Singapore Management University,"# Modeling Transitions of Focal Entities for Conversational Knowledge Base Question Answering

Yunshi Lan

Singapore Management University

yslan@smu.edu.sg

Jing Jiang

Singapore Management University

jingjiang@smu.edu.sg",false,,,,"[{""raw_affiliation_text"": ""Singapore Management University"", ""institution"": ""Singapore Management University"", ""country"": null}]"
2021.acl-long.256,,,,2021.acl-long.256,done,University of Cambridge,"# Evidence-based Factual Error Correction

# James Thorne

Department of Computer Science University of Cambridge

jt719@cam.ac.uk

# Andreas Vlachos

Department of Computer Science University of Cambridge

av308@cam.ac.uk",false,,,,"[{""raw_affiliation_text"": ""Department of Computer Science University of Cambridge"", ""institution"": ""University of Cambridge"", ""country"": null}]"
2021.acl-long.257,,,,2021.acl-long.257,done,Georgetown University,"# Probabilistic, Structure-Aware Algorithms for Improved Variety, Accuracy, and Coverage of AMR Alignments

Austin Blodgett Nathan Schneider

Georgetown University

{ajb341, nathan.schneider}@georgetown.edu",false,,,,"[{""raw_affiliation_text"": ""Georgetown University"", ""institution"": ""Georgetown University"", ""country"": null}]"
2021.acl-long.258,,,,2021.acl-long.258,done,University of Edinburgh | University of Amsterdam,"# Meta-Learning to Compositionally Generalize

Henry Conklin<sup>1*</sup>; Bailin Wang<sup>1*</sup>; Kenny Smith<sup>1</sup> and Ivan Titov<sup>1,2</sup>

<sup>1</sup>University of Edinburgh <sup>2</sup>University of Amsterdam

{henry.conklin, bailin.wang, kenny.smith} @ed.ac.uk, ititov@inf.ed.ac.uk",false,,,,"[{""raw_affiliation_text"": ""University of Edinburgh"", ""institution"": ""University of Edinburgh"", ""country"": null}, {""raw_affiliation_text"": ""University of Amsterdam"", ""institution"": ""University of Amsterdam"", ""country"": null}]"
2021.acl-long.253,,,,2021.acl-long.253,done,AWS AI | The Chinese University of Hong Kong,"# Answering Ambiguous Questions through Generative Evidence Fusion and Round-Trip Prediction

Yifan Gao†, Henghui Zhu‡, Patrick Ng‡, Cicero Nogueira dos Santos‡, Zhiguo Wang‡, Feng Nan‡, Dejiao Zhang‡, Ramesh Nallapati‡, Andrew O. Arnold‡, Bing Xiang‡

$\ddagger$ AWS AI † The Chinese University of Hong Kong

yifangao95@gmail.com {henghui,patricng,cicnog,zhiguow}@amazon.com

$\ddagger$ {nanfen,dejiaoz, rnallapa, anarnld, bxiang}@amazon.com",false,,,,"[{""raw_affiliation_text"": ""AWS AI"", ""institution"": ""AWS AI"", ""country"": null}, {""raw_affiliation_text"": ""The Chinese University of Hong Kong"", ""institution"": ""The Chinese University of Hong Kong"", ""country"": null}]"
2021.acl-long.26,,,,2021.acl-long.26,done,University College Dublin | Westlake University,"# Exploring the Efficacy of Automatically Generated Counterfactuals for Sentiment Analysis

Linyi Yang $^{1,2,3,4}$ , Jiazheng Li $^{2}$ , Pádraig Cunningham $^{2}$ , Yue Zhang $^{3,4}$

Barry Smyth $^{1,2}$ , Ruihai Dong $^{1,2}$

<sup>1</sup> The Insight Centre for Data Analytics, University College Dublin

$^{2}$ School of Computer Science, University College Dublin

$^{3}$ School of Engineering, Westlake University

$^{4}$ Institute of Advanced Technology, Westlake Institute for Advanced Study {linyi.yang, ruihai.dong, barry.smyth}@insight-centre.org {padraig.cunningham}@ucd.ie {jiazheng.li}@ucdconnect.ie {yue.zhang}@westlake.edu.cn",false,,,,"[{""raw_affiliation_text"": ""The Insight Centre for Data Analytics, University College Dublin"", ""institution"": ""University College Dublin"", ""country"": null}, {""raw_affiliation_text"": ""School of Engineering, Westlake University"", ""institution"": ""Westlake University"", ""country"": null}]"
2021.acl-long.261,,,,2021.acl-long.261,done,University of Warwick,"# Position Bias Mitigation: A Knowledge-Aware Graph Model for Emotion Cause Extraction

Hanqi Yan, Lin Gui, Gabriele Pergola, Yulan He

Department of Computer Science, University of Warwick

{hanqi.yan, lin GUI, gabriele.pergola, yulan.he}@warwick.ac.uk",false,,,,"[{""raw_affiliation_text"": ""Department of Computer Science, University of Warwick"", ""institution"": ""University of Warwick"", ""country"": null}]"
2021.acl-long.259,,,,2021.acl-long.259,done,The Hong Kong University of Science and Technology | The Chinese University of Hong Kong | Shenzhen Research Institute of Big Data,"# Taming Pre-trained Language Models with N-gram Representations for Low-Resource Domain Adaptation

Shizhe Diao\*, Ruijia Xu\*, Hongjin Su\*, Yilei Jiang\* Yan Song\*, Tong Zhang

$\diamond$ The Hong Kong University of Science and Technology {sdiaoaa, rxuaq, tongzhang}@ust.hk

\*The Chinese University of Hong Kong

$\spadesuit$ The Chinese University of Hong Kong (Shenzhen)

$^{\text{©}}$ Shenzhen Research Institute of Big Data

songyan@cuhk.edu.cn",false,,,,"[{""raw_affiliation_text"": ""The Hong Kong University of Science and Technology"", ""institution"": ""The Hong Kong University of Science and Technology"", ""country"": null}, {""raw_affiliation_text"": ""The Chinese University of Hong Kong"", ""institution"": ""The Chinese University of Hong Kong"", ""country"": null}, {""raw_affiliation_text"": ""Shenzhen Research Institute of Big Data"", ""institution"": ""Shenzhen Research Institute of Big Data"", ""country"": null}]"
2021.acl-long.260,,,,2021.acl-long.260,done,Tsinghua University | University of Illinois at Urbana-Champaign | Tencent Inc.,"# ERICA: Improving Entity and Relation Understanding for Pre-trained Language Models via Contrastive Learning

Yujia Qin\*\*, Yankai Lin\*, Ryuichi Takanobu\*\*, Zhiyuan Liu\*\*, Peng Li\*, Heng Ji\*\*, Minlie Huang\*, Maosong Sun\*, Jie Zhou\*

\*Department of Computer Science and Technology, Tsinghua University, Beijing, China

$\spadesuit$ University of Illinois at Urbana-Champaign

$\diamond$ Pattern Recognition Center, WeChat AI, Tencent Inc.

yu jiaqin16@gmail.com",false,,,,"[{""raw_affiliation_text"": ""Department of Computer Science and Technology, Tsinghua University, Beijing, China"", ""institution"": ""Tsinghua University"", ""country"": ""China""}, {""raw_affiliation_text"": ""University of Illinois at Urbana-Champaign"", ""institution"": ""University of Illinois at Urbana-Champaign"", ""country"": null}, {""raw_affiliation_text"": ""Pattern Recognition Center, WeChat AI, Tencent Inc."", ""institution"": ""Tencent Inc."", ""country"": null}]"
2021.acl-long.254,,,,2021.acl-long.254,done,National University of Singapore | 6 Estates Pte Ltd | Sichuan University | Bloomberg,"# TAT-QA: A Question Answering Benchmark on a Hybrid of Tabular and Textual Content in Finance

Fengbin Zhu $^{1,2}$ , Wenqiang Lei $^{1*}$ , Youcheng Huang $^{3}$ , Chao Wang $^{2}$ , Shuo Zhang $^{4}$ , Jiancheng Lv $^{3}$ , Fuli Feng $^{1}$ , Tat-Seng Chua $^{1}$

$^{1}$ National University of Singapore, $^{2}$ 6Estates Pte Ltd, $^{3}$ Sichuan University, $^{4}$ Bloomberg $\{\text{zhfengbin, wenqianglei}\} @$ gmail.com, wangchao@6estates.com",false,,,,"[{""raw_affiliation_text"": ""National University of Singapore"", ""institution"": ""National University of Singapore"", ""country"": null}, {""raw_affiliation_text"": ""6Estates Pte Ltd"", ""institution"": ""6 Estates Pte Ltd"", ""country"": null}, {""raw_affiliation_text"": ""Sichuan University"", ""institution"": ""Sichuan University"", ""country"": null}, {""raw_affiliation_text"": ""Bloomberg"", ""institution"": ""Bloomberg"", ""country"": null}]"
2021.acl-long.262,,,,2021.acl-long.262,done,IBM Research,"# Every Bite Is an Experience: Key Point Analysis of Business Reviews

Roy Bar-Haim, Lilach Eden, Yoav Kantor*, Roni Friedman, Noam Slonim IBM Research

{roybar,lilache,yoavka,roni.friedman-melamed,noams}@il.ibm.com",false,,,,"[{""raw_affiliation_text"": ""IBM Research"", ""institution"": ""IBM Research"", ""country"": null}]"
2021.acl-long.263,,,,2021.acl-long.263,done,University of Oslo | National Library of Sweden,"# Structured Sentiment Analysis as Dependency Graph Parsing

Jeremy Barnes*, Robin Kurtz†, Stephan Oepen*, Lilja Øvrelid* and Erik Velldal*

*University of Oslo, Department of Informatics

†National Library of Sweden, KBLab

{jeremycb|oe|liljao|erikve}@ifi.uio.no

robin.kurtz@kb.se",false,,,,"[{""raw_affiliation_text"": ""University of Oslo, Department of Informatics"", ""institution"": ""University of Oslo"", ""country"": null}, {""raw_affiliation_text"": ""National Library of Sweden, KBLab"", ""institution"": ""National Library of Sweden"", ""country"": null}]"
2021.acl-long.268,,,,2021.acl-long.268,done,Peking University | Tencent Inc,"# Prevent the Language Model from being Overconfident in Neural Machine Translation

Mengqi Miao $^{1*}$ , Fandong Meng $^{2*}$ , Yijin Liu $^{2}$ , Xiao-Hua Zhou $^{3\dagger}$ , and Jie Zhou $^{2}$

<sup>1</sup>Peking University, China

$^{2}$ Pattern Recognition Center, WeChat AI, Tencent Inc, China

$^{3}$ Beijing International Center for Mathematical Research,

National Engineering Lab for Big Data Analysis and Applications,

Department of Biostatistics, Peking University, Beijing, China

miaomq@oku.edu.cn,{fandongmeng，yijinliu}@tencent.com

azhou@math.pku.edu.cn, withtomzhou@tencent.com",false,,,,"[{""raw_affiliation_text"": ""Peking University, China"", ""institution"": ""Peking University"", ""country"": ""China""}, {""raw_affiliation_text"": ""Pattern Recognition Center, WeChat AI, Tencent Inc, China"", ""institution"": ""Tencent Inc"", ""country"": ""China""}]"
2021.acl-long.269,,,,2021.acl-long.269,done,Institute for Artificial Intelligence | Tsinghua University | Tsinghua-Berkeley Shenzhen Institute | University of California | Columbia University,"# Towards Emotional Support Dialog Systems

# Siyang Liu $^{1,2*}$ , Chujie Zheng $^{1*}$ , Orianna Demasi $^{3}$ , Sahand Sabour $^{1}$ , Yu Li $^{3}$ , Zhou Yu $^{4}$ , Yong Jiang $^{2}$ , Minlie Huang $^{1\dagger}$

<sup>1</sup>The CoAI group, DCST, Institute for Artificial Intelligence, State Key Lab of Intelligent Technology and Systems,

<sup>1</sup>Beijing National Research Center for Information Science and Technology, Tsinghua University, Beijing 100084, China

$^{2}$ Tsinghua-Berkeley Shenzhen Institute, Tsinghua Shenzhen International Graduate School,

$^{2}$ Tsinghua University, Shenzhen, China

<sup>3</sup>University of California, Davis <sup>4</sup>Columbia University

siyang-l18@mails.tsinghua.edu.cn, chujiezhengchn@gmail.com, aihuang@tsinghua.edu.cn",false,,,,"[{""raw_affiliation_text"": ""The CoAI group, DCST, Institute for Artificial Intelligence, State Key Lab of Intelligent Technology and Systems,"", ""institution"": ""Institute for Artificial Intelligence"", ""country"": null}, {""raw_affiliation_text"": ""Beijing National Research Center for Information Science and Technology, Tsinghua University, Beijing 100084, China"", ""institution"": ""Tsinghua University"", ""country"": ""China""}, {""raw_affiliation_text"": ""Tsinghua-Berkeley Shenzhen Institute, Tsinghua Shenzhen International Graduate School,"", ""institution"": ""Tsinghua-Berkeley Shenzhen Institute"", ""country"": null}, {""raw_affiliation_text"": ""University of California, Davis"", ""institution"": ""University of California"", ""country"": null}, {""raw_affiliation_text"": ""Columbia University"", ""institution"": ""Columbia University"", ""country"": null}]"
2021.acl-long.267,,,,2021.acl-long.267,done,Westlake University | Westlake Institute for Advanced Study | Alibaba Group Inc.,"# G-Transformer for Document-level Machine Translation

Guangsheng Bao $^{1,2}$ , Yue Zhang $^{*,1,2}$ , Zhiyang Teng $^{1,2}$ , Boxing Chen $^{3}$ and Weihua Luo $^{3}$ \ $^{1}$ School of Engineering, Westlake University

$^{2}$ Institute of Advanced Technology, Westlake Institute for Advanced Study

$^{3}$ DAMO Academy, Alibaba Group Inc.

{baoguangsheng, zhangyue, tengzhiyang}@westlake.edu.cn {boxing.cbx, weihua.luowh}@alibaba-inc.com",false,,,,"[{""raw_affiliation_text"": ""School of Engineering, Westlake University"", ""institution"": ""Westlake University"", ""country"": null}, {""raw_affiliation_text"": ""Institute of Advanced Technology, Westlake Institute for Advanced Study"", ""institution"": ""Westlake Institute for Advanced Study"", ""country"": null}, {""raw_affiliation_text"": ""DAMO Academy, Alibaba Group Inc."", ""institution"": ""Alibaba Group Inc."", ""country"": null}]"
2021.acl-long.265,,,,2021.acl-long.265,done,Beijing Institute of Technology | Microsoft Research,"# Improving Pretrained Cross-Lingual Language Models via Self-Labeled Word Alignment

Zewen Chi†, Li Dong‡, Bo Zheng‡, Shaohan Huang‡  
Xian-Ling Mao†, Heyan Huang†, Furu Wei‡  
†Beijing Institute of Technology  
‡Microsoft Research  
{czw,maoxl,hhy63}@bit.edu.cn  
{lidong1,v-zhebo,shaohanh,fuwei}@microsoft.com",false,,,,"[{""raw_affiliation_text"": ""Beijing Institute of Technology"", ""institution"": ""Beijing Institute of Technology"", ""country"": null}, {""raw_affiliation_text"": ""Microsoft Research"", ""institution"": ""Microsoft Research"", ""country"": null}]"
2021.acl-long.266,,,,2021.acl-long.266,done,"The University of Sydney | Tencent AI Lab | University of Macau | JD Explore Academy, JD.com","# Rejuvenating Low-Frequency Words: Making the Most of Parallel Data in Non-Autoregressive Translation

Liang Ding*  
The University of Sydney  
Idin3097@sydnye.edu.au

Longyue Wang*  
Tencent AI Lab  
vinnylywang@tencent.com

Xuebo Liu  
University of Macau  
nlp2ct.xuebo@gmail.com

Derek F. Wong  
University of Macau  
derekfw@um.edu.com

Dacheng Tao  
JD Explore Academy, JD.com  
dacheng.tao@gmail.com

Zhaopeng Tu  
Tencent AI Lab  
zptu@tencent.com",false,,,,"[{""raw_affiliation_text"": ""The University of Sydney"", ""institution"": ""The University of Sydney"", ""country"": null}, {""raw_affiliation_text"": ""Tencent AI Lab"", ""institution"": ""Tencent AI Lab"", ""country"": null}, {""raw_affiliation_text"": ""University of Macau"", ""institution"": ""University of Macau"", ""country"": null}, {""raw_affiliation_text"": ""JD Explore Academy, JD.com"", ""institution"": ""JD Explore Academy, JD.com"", ""country"": null}]"
2021.acl-long.270,,,,2021.acl-long.270,done,Beijing University of Posts and Telecommunications | Meituan Group,"# Novel Slot Detection: A Benchmark for Discovering Unknown Slot Types in the Task-Oriented Dialogue System

Yanan Wu $^{1*}$ , Zhiyuan Zeng $^{1*}$ , Keqing He $^{2*}$ , Hong Xu $^{1}$ , Yuanmeng Yan $^{1}$ , Huixing Jiang $^{2}$ , Weiran Xu $^{1*}$

$^{1}$ Pattern Recognition & Intelligent System Laboratory

<sup>1</sup>Beijing University of Posts and Telecommunications, Beijing, China

$^{2}$ Meituan Group, Beijing, China

{yanan.wu, zengzhiyuan, xuhong, yanyuanmeng, xuweiran}@bupt.edu.cn

{hekeqing,jianghuixing}@meituan.com",false,,,,"[{""raw_affiliation_text"": ""Beijing University of Posts and Telecommunications, Beijing, China"", ""institution"": ""Beijing University of Posts and Telecommunications"", ""country"": ""China""}, {""raw_affiliation_text"": ""Meituan Group, Beijing, China"", ""institution"": ""Meituan Group"", ""country"": ""China""}]"
2021.acl-long.273,,,,2021.acl-long.273,done,The Hong Kong Polytechnic University | Fano Labs,"# Out-of-Distribution Intent Detection via Self-Supervision and Discriminative Training

Li-Ming Zhan1 Haowen Liang1∗ Bo Liu1∗ Lu Fan1 Albert Y.S. Lam2 Xiao-Ming Wu1†

Department of Computing, The Hong Kong Polytechnic University, Hong Kong S.A.R.1 Fano Labs, Hong Kong S.A.R.2

{lmzhan.zhan, michael.liang, doc-bo.liu}@connect.polyu.edu.hk {cslfan, csxmwu}@comp.polyu.edu.hk, albert@fano.ai",false,,,,"[{""raw_affiliation_text"": ""Department of Computing, The Hong Kong Polytechnic University, Hong Kong S.A.R."", ""institution"": ""The Hong Kong Polytechnic University"", ""country"": ""Hong Kong S.A.R.""}, {""raw_affiliation_text"": ""Fano Labs, Hong Kong S.A.R."", ""institution"": ""Fano Labs"", ""country"": ""Hong Kong S.A.R.""}]"
2021.acl-long.264,,,,2021.acl-long.264,done,Harbin Institute of Technology | Microsoft Corporation,"# Consistency Regularization for Cross-Lingual Fine-Tuning

Bo Zheng†, Li Dong‡, Shaohan Huang‡, Wenhui Wang‡, Zewen Chi‡* Saksham Singhal‡, Wanxiang Che†, Ting Liu†, Xia Song‡, Furu Wei‡

†Harbin Institute of Technology

Microsoft Corporation

{bzheng,car,tliu}@ir.hit.edu.cn

{lidong1,shaohanh,wenwan,saksingh,xiao,fuwei}@microsoft.com",false,,,,"[{""raw_affiliation_text"": ""Harbin Institute of Technology"", ""institution"": ""Harbin Institute of Technology"", ""country"": null}, {""raw_affiliation_text"": ""Microsoft Corporation"", ""institution"": ""Microsoft Corporation"", ""country"": null}]"
2021.acl-long.27,,,,2021.acl-long.27,done,Wuhan University,"# Bridge-Based Active Domain Adaptation for Aspect Term Extraction

Zhuang Chen, Tieyun Qian*  
School of Computer Science, Wuhan University, China  
{zhchen18, qty}@whu.edu.cn",false,,,,"[{""raw_affiliation_text"": ""School of Computer Science, Wuhan University, China"", ""institution"": ""Wuhan University"", ""country"": ""China""}]"
2021.acl-long.274,,,,2021.acl-long.274,done,Peking University | Peng Cheng Laboratory | Byte Dance AI Lab,"# Document-level Event Extraction via Heterogeneous Graph-based Interaction Model with a Tracker

Runxin Xu $^{1}$ , Tianyu Liu $^{1}$ , Lei Li $^{3}$ and Baobao Chang $^{1,2*}$

<sup>1</sup>Key Laboratory of Computational Linguistics, Peking University, MOE, China

$^{2}$ Peng Cheng Laboratory, Shenzhen, China

3ByteDance AI Lab

runxinxu@gmail.com, lileilab@bytedance.com

{tianyu0421,chbb}@pku.edu.cn",false,,,,"[{""raw_affiliation_text"": ""Key Laboratory of Computational Linguistics, Peking University, MOE, China"", ""institution"": ""Peking University"", ""country"": ""China""}, {""raw_affiliation_text"": ""Peng Cheng Laboratory, Shenzhen, China"", ""institution"": ""Peng Cheng Laboratory"", ""country"": ""China""}, {""raw_affiliation_text"": ""ByteDance AI Lab"", ""institution"": ""Byte Dance AI Lab"", ""country"": null}]"
2021.acl-long.277,,,,2021.acl-long.277,done,Fudan University | Shuyan Technology Inc. | Fudan-Aishu Cognitive Intelligence Joint Research Center,"# Revisiting the Negative Data of Distantly Supervised Relation Extraction

Chenhao Xie $^{1,2}$ , Jiaqing Liang $^{1,2}$ , Jingping Liu $^{1}$ , Chengsong Huang $^{1}$ , Wenhao Huang $^{1}$ , Yanghua Xiao $^{1,3*}$

$^{1}$ Shanghai Key Laboratory of Data Science, School of Computer Science, Fudan University $^{2}$ Shuyan Technology Inc., Shanghai, China

$^{3}$ Fudan-Aishu Cognitive Intelligence Joint Research Center, Shanghai, China {redreamality, l.j.q.light} $@$ gmail.com

{jpliu17,huangcs19,whhuang17,shawyh} $\text{假}$ fudan.edu.cn",false,,,,"[{""raw_affiliation_text"": ""Shanghai Key Laboratory of Data Science, School of Computer Science, Fudan University"", ""institution"": ""Fudan University"", ""country"": ""China""}, {""raw_affiliation_text"": ""Shuyan Technology Inc., Shanghai, China"", ""institution"": ""Shuyan Technology Inc."", ""country"": ""China""}, {""raw_affiliation_text"": ""Fudan-Aishu Cognitive Intelligence Joint Research Center, Shanghai, China"", ""institution"": ""Fudan-Aishu Cognitive Intelligence Joint Research Center"", ""country"": ""China""}]"
2021.acl-long.276,,,,2021.acl-long.276,done,"Institute of Automation, CAS | University of Chinese Academy of Sciences | Beijing Baidu Netcom Science Technology Co., Ltd","# LearnDA: Learnable Knowledge-Guided Data Augmentation for Event Causality Identification

Xinyu Zuo $^{1,2}$ , Pengfei Cao $^{1,2}$ , Yubo Chen $^{1,2}$ , Kang Liu $^{1,2}$ , Jun Zhao $^{1,2}$ , Weihua Peng $^{3}$ and Yuguang Chen $^{3}$

$^{1}$ National Laboratory of Pattern Recognition, Institute of Automation, CAS, Beijing, China $^{2}$ School of Artificial Intelligence, University of Chinese Academy of Sciences, Beijing, China $^{3}$ Beijing Baidu Netcom Science Technology Co., Ltd  
{xinyu.zuo, pengfei.cao, yubo.chen, kliu, jzhao}@nlpr.ia.ac.cn  
{pengweihua, chenyuguang} @baidu.com",false,,,,"[{""raw_affiliation_text"": ""National Laboratory of Pattern Recognition, Institute of Automation, CAS, Beijing, China"", ""institution"": ""Institute of Automation, CAS"", ""country"": ""China""}, {""raw_affiliation_text"": ""School of Artificial Intelligence, University of Chinese Academy of Sciences, Beijing, China"", ""institution"": ""University of Chinese Academy of Sciences"", ""country"": ""China""}, {""raw_affiliation_text"": ""Beijing Baidu Netcom Science Technology Co., Ltd"", ""institution"": ""Beijing Baidu Netcom Science Technology Co., Ltd"", ""country"": null}]"
2021.acl-long.271,,,,2021.acl-long.271,done,Chinese Academy of Sciences | University of Chinese Academy of Sciences | Tencent Inc,"# GTM: A Generative Triple-Wise Model for Conversational Question Generation

Lei Shen $^{1,2}$ Fandong Meng $^{3}$ Jinchao Zhang $^{3}$ Yang Feng $^{1,2*}$ Jie Zhou $^{3}$

$^{1}$ Institute of Computing Technology, Chinese Academy of Sciences, Beijing, China

$^{2}$ University of Chinese Academy of Sciences, Beijing, China   
$^{3}$ Pattern Recognition Center, WeChat AI, Tencent Inc, China

shenlei17z@ict.ac.cn, {fandongmeng,dayerzhang}@tencent.com

fengyang@ict.ac.cn, withtomzhou@tencent.com",false,,,,"[{""raw_affiliation_text"": ""Institute of Computing Technology, Chinese Academy of Sciences, Beijing, China"", ""institution"": ""Chinese Academy of Sciences"", ""country"": ""China""}, {""raw_affiliation_text"": ""University of Chinese Academy of Sciences, Beijing, China"", ""institution"": ""University of Chinese Academy of Sciences"", ""country"": ""China""}, {""raw_affiliation_text"": ""Pattern Recognition Center, WeChat AI, Tencent Inc, China"", ""institution"": ""Tencent Inc"", ""country"": ""China""}]"
2021.acl-long.28,,,,2021.acl-long.28,done,Northeastern University,"# Multimodal Sentiment Detection Based on Multi-channel Graph Neural Networks

Xiaocui Yang, Shi Feng, Yifei Zhang, Daling Wang

School of Computer Science and Engineering, Northeastern University, China

yangxiaocui@stumail.neu.edu.cn,

{fengshi, wangdaling, zhangyifei}@cse.neu.edu.cn",false,,,,"[{""raw_affiliation_text"": ""School of Computer Science and Engineering, Northeastern University, China"", ""institution"": ""Northeastern University"", ""country"": ""China""}]"
2021.acl-long.272,,,,2021.acl-long.272,done,Tsinghua University | Samsung Research China,"# Diversifying Dialog Generation via Adaptive Label Smoothing

Yida Wang $^{1,2*}$ , Yinhe Zheng $^{1,3*}$ , Yong Jiang $^{2}$ , Minlie Huang $^{1}$

<sup>1</sup> The CoAI group, DCST, Institute for Artificial Intelligence, State Key Lab of Intelligent Technology and Systems, Beijing National Research Center for Information Science and Technology, Tsinghua University, Beijing, China

$^{2}$ Tsinghua-Berkeley Shenzhen Institute, Tsinghua Shenzhen International Graduate School, Tsinghua University, Shenzhen, China

3 Samsung Research China - Beijing (SRC-B) wangyd18@mails.tsinghua.edu.cn, yh.zheng@samsung.com, jiangy@sz.tsinghua.edu.cn, aihuang@tsinghua.edu.cn",false,,,,"[{""raw_affiliation_text"": ""The CoAI group, DCST, Institute for Artificial Intelligence, State Key Lab of Intelligent Technology and Systems, Beijing National Research Center for Information Science and Technology, Tsinghua University, Beijing, China"", ""institution"": ""Tsinghua University"", ""country"": ""China""}, {""raw_affiliation_text"": ""Samsung Research China - Beijing (SRC-B)"", ""institution"": ""Samsung Research China"", ""country"": null}]"
2021.acl-long.278,,,,2021.acl-long.278,done,Nanjing University | University of Southern California,"# Knowing the No-match: Entity Alignment with Dangling Cases

Zequn Sun<sup>1</sup> Muhao Chen<sup>2,3</sup> Wei Hu<sup>1</sup>

$^{1}$ State Key Laboratory for Novel Software Technology, Nanjing University, China

$^{2}$ Department of Computer Science, University of Southern California, USA

<sup>3</sup>Information Sciences Institute, University of Southern California, USA

zqsun.nju@gmail.com, muhaoche@usc.edu, whu@nju.edu.cn",false,,,,"[{""raw_affiliation_text"": ""State Key Laboratory for Novel Software Technology, Nanjing University, China"", ""institution"": ""Nanjing University"", ""country"": ""China""}, {""raw_affiliation_text"": ""Department of Computer Science, University of Southern California, USA"", ""institution"": ""University of Southern California"", ""country"": ""USA""}]"
2021.acl-long.275,,,,2021.acl-long.275,done,National Institute of Information and Communications Technology | Nara Institute of Science and Technology | RIKEN Center for Advanced Intelligence Project,"# Nested Named Entity Recognition via Explicitly Excluding the Influence of the Best Path

Yiran Wang $^{1*}$ , Hiroyuki Shindo $^{2}$ , Yuji Matsumoto $^{3}$ , Taro Watanabe $^{2}$

$^{1}$ National Institute of Information and Communications Technology (NICT), Kyoto, Japan

$^{2}$ Nara Institute of Science and Technology (NAIST), Nara, Japan

$^{3}$ RIKEN Center for Advanced Intelligence Project (AIP), Tokyo, Japan

yiran.wang@nict.go.jp, shindo@is.naist.jp,

yuji.matsumoto@riken.jp, taro@is.naist.jp",false,,,,"[{""raw_affiliation_text"": ""National Institute of Information and Communications Technology (NICT), Kyoto, Japan"", ""institution"": ""National Institute of Information and Communications Technology"", ""country"": ""Japan""}, {""raw_affiliation_text"": ""Nara Institute of Science and Technology (NAIST), Nara, Japan"", ""institution"": ""Nara Institute of Science and Technology"", ""country"": ""Japan""}, {""raw_affiliation_text"": ""RIKEN Center for Advanced Intelligence Project (AIP), Tokyo, Japan"", ""institution"": ""RIKEN Center for Advanced Intelligence Project"", ""country"": ""Japan""}]"
2021.acl-long.280,,,,2021.acl-long.280,done,Cardiff University,"# BERT is to NLP what AlexNet is to CV: Can Pre-Trained Language Models Identify Analogies?

Asahi Ushio, Luis Espinosa-Anke, Steven Schockaert, Jose Camacho-Collados

Cardiff NLP, School of Computer Science and Informatics

Cardiff University, United Kingdom

{UshioA,Espinosa-AnkeL,SchockaertS1,CamachoColladosJ}@cardiff.ac.uk",false,,,,"[{""raw_affiliation_text"": ""Cardiff NLP, School of Computer Science and Informatics Cardiff University, United Kingdom"", ""institution"": ""Cardiff University"", ""country"": ""United Kingdom""}]"
2021.acl-long.279,,,,2021.acl-long.279,done,University of Oxford | LMU Munich,"# Superbizarre Is Not Superb: Derivational Morphology Improves BERT's Interpretation of Complex Words

Valentin Hofmann\*, Janet B. Pierrehumbert†*, Hinrich Schütze‡

*Faculty of Linguistics, University of Oxford

$^{\dagger}$ Department of Engineering Science, University of Oxford

$^{\ddagger}$ Center for Information and Language Processing, LMU Munich

valentin.hofmann@ling-phil.ox.ac.uk",false,,,,"[{""raw_affiliation_text"": ""Faculty of Linguistics, University of Oxford"", ""institution"": ""University of Oxford"", ""country"": null}, {""raw_affiliation_text"": ""Center for Information and Language Processing, LMU Munich"", ""institution"": ""LMU Munich"", ""country"": null}]"
2021.acl-long.281,,,,2021.acl-long.281,done,Ci TIUS - Research Center in Intelligent Technologies | Universidade de Santiago de Compostela,"# Exploring the Representation of Word Meanings in Context: A Case Study on Homonymy and Synonymy

Marcos Garcia

CiTIUS - Research Center in Intelligent Technologies

Universidade de Santiago de Compostela, Galiza

marcos.garcia.gonzalez@usc.gal",false,,,,"[{""raw_affiliation_text"": ""CiTIUS - Research Center in Intelligent Technologies"", ""institution"": ""Ci TIUS - Research Center in Intelligent Technologies"", ""country"": null}, {""raw_affiliation_text"": ""Universidade de Santiago de Compostela, Galiza"", ""institution"": ""Universidade de Santiago de Compostela"", ""country"": null}]"
2021.acl-long.283,,,,2021.acl-long.283,done,Stanford University | Columbia University,"# HERALD: An Annotation Efficient Method to Detect User Disengagement in Social Conversations

Weixin Liang

Stanford University

wxliang@stanford.edu

Kai-Hui Liang

Columbia University

kaihui.liang@columbia.edu

Zhou Yu

Columbia University

zy2461@columbia.edu",false,,,,"[{""raw_affiliation_text"": ""Stanford University"", ""institution"": ""Stanford University"", ""country"": null}, {""raw_affiliation_text"": ""Columbia University"", ""institution"": ""Columbia University"", ""country"": null}]"
2021.acl-long.285,,,,2021.acl-long.285,done,University of Science and Technology of China | Microsoft,"# MPC-BERT: A Pre-Trained Language Model for Multi-Party Conversation Understanding

Jia-Chen Gu $^{1*}$ , Chongyang Tao $^{2}$ , Zhen-Hua Ling $^{1}$ , Can Xu $^{2}$ , Xiubo Geng $^{2}$ , Daxin Jiang $^{2\dagger}$

$^{1}$ National Engineering Laboratory for Speech and Language Information Processing, University of Science and Technology of China, Hefei, China

2Microsoft, Beijing, China

gujc@mail.ustc.edu.cn, zhling@ustc.edu.cn,

{chotao,caxu,xigeng,djiang}@microsoft.com",false,,,,"[{""raw_affiliation_text"": ""National Engineering Laboratory for Speech and Language Information Processing, University of Science and Technology of China, Hefei, China"", ""institution"": ""University of Science and Technology of China"", ""country"": ""China""}, {""raw_affiliation_text"": ""Microsoft, Beijing, China"", ""institution"": ""Microsoft"", ""country"": ""China""}]"
2021.acl-long.284,,,,2021.acl-long.284,done,Microsoft Semantic Machines,"# Value-Agnostic Conversational Semantic Parsing

Emmanouil Antonios Platanios, Adam Pauls, Subhro Roy, Yuchen Zhang, Alex Kyte, Alan Guo, Sam Thomson, Jayant Krishnamurthy, Jason Wolfe, Jacob Andreas, Dan Klein

Microsoft Semantic Machines

sminfo@microsoft.com",false,,,,"[{""raw_affiliation_text"": ""Microsoft Semantic Machines"", ""institution"": ""Microsoft Semantic Machines"", ""country"": null}]"
2021.acl-long.282,,,,2021.acl-long.282,done,University of Illinois at Urbana-Champaign | IBM Thomas J. Watson Research Center | IBM-Illinois Center for Cognitive Computing Systems Research,"# Measuring Fine-Grained Domain Relevance of Terms: A Hierarchical Core-Fringe Approach

Jie Huang $^{1,3}$ Kevin Chen-Chuan Chang $^{1,3}$ Jinjun Xiong $^{2,3}$ Wen-mei Hwu $^{1,3}$

<sup>1</sup>University of Illinois at Urbana-Champaign, USA

$^{2}$ IBM Thomas J. Watson Research Center, USA

<sup>3</sup>IBM-Illinois Center for Cognitive Computing Systems Research (C3SR), USA

{jeffhj, kcchang, w-hwu}@illinois.edu

jinjun@us.ibm.com",false,,,,"[{""raw_affiliation_text"": ""University of Illinois at Urbana-Champaign, USA"", ""institution"": ""University of Illinois at Urbana-Champaign"", ""country"": ""USA""}, {""raw_affiliation_text"": ""IBM Thomas J. Watson Research Center, USA"", ""institution"": ""IBM Thomas J. Watson Research Center"", ""country"": ""USA""}, {""raw_affiliation_text"": ""IBM-Illinois Center for Cognitive Computing Systems Research (C3SR), USA"", ""institution"": ""IBM-Illinois Center for Cognitive Computing Systems Research"", ""country"": ""USA""}]"
2021.acl-long.286,,,,2021.acl-long.286,done,Queen Mary University of London,"# Best of Both Worlds: Making High Accuracy Non-incremental Transformer-based Disfluency Detection Incremental

Morteza Rohanian and Julian Hough

Cognitive Science Group

School of Electronic Engineering and Computer Science

Queen Mary University of London

{m. rohanian, j.hough} @qmul.ac.uk",false,,,,"[{""raw_affiliation_text"": ""Cognitive Science Group, School of Electronic Engineering and Computer Science, Queen Mary University of London"", ""institution"": ""Queen Mary University of London"", ""country"": null}]"
2021.acl-long.287,,,,2021.acl-long.287,done,NAVER AI Lab | Naver Clova,"# NeuralWOZ: Learning to Collect Task-Oriented Dialogue via Model-Based Simulation

Sungdong Kim<sup>1,2</sup> Minsuk Chang<sup>1,2</sup> Sang-Woo Lee<sup>1,2</sup>

NAVER AI Lab<sup>1</sup> Naver Clova<sup>2</sup>

{sungdong.kim, minsuk.chang, sang.woo.lee}@navercorp.com",false,,,,"[{""raw_affiliation_text"": ""NAVER AI Lab"", ""institution"": ""NAVER AI Lab"", ""country"": null}, {""raw_affiliation_text"": ""Naver Clova"", ""institution"": ""Naver Clova"", ""country"": null}]"
2021.acl-long.289,,,,2021.acl-long.289,done,MIT | IBM Research,"# Structural Guidance for Transformer Language Models

Peng Qian1 Tahira Naseem2 Roger Levy1 Ramon Fernandez Astudillo ´ 2

1 Department of Brain and Cognitive Sciences, MIT 2 IBM Research

pqian@mit.edu tnaseem@us.ibm.com

rplevy@mit.edu ramon.astudillo@ibm.com",false,,,,"[{""raw_affiliation_text"": ""Department of Brain and Cognitive Sciences, MIT"", ""institution"": ""MIT"", ""country"": null}, {""raw_affiliation_text"": ""IBM Research"", ""institution"": ""IBM Research"", ""country"": null}]"
2021.acl-long.29,,,,2021.acl-long.29,done,Nanjing University of Science and Technology,"# Aspect-Category-Oinion-Sentiment Quadruple Extraction with Implicit Aspects and Opinions

Hongjie Cai* Rui Xia\*† Jianfei Yu

School of Computer Science and Engineering,

Nanjing University of Science and Technology, China

{hjcai, rxia, jfyu}@njust.edu.cn",false,,,,"[{""raw_affiliation_text"": ""School of Computer Science and Engineering, Nanjing University of Science and Technology, China"", ""institution"": ""Nanjing University of Science and Technology"", ""country"": ""China""}]"
2021.acl-long.288,,,,2021.acl-long.288,done,The Ohio State University,"# CDRNN: Discovering Complex Dynamics in Human Language Processing

Cory Shain  
The Ohio State University

shain.3@osu.edu",false,,,,"[{""raw_affiliation_text"": ""The Ohio State University"", ""institution"": ""The Ohio State University"", ""country"": null}]"
2021.acl-long.291,,,,2021.acl-long.291,done,Tianjin University,"# CogAlign: Learning to Align Textual Neural Representations to Cognitive Language Processing Signals

Yuqi Ren and Deyi Xiong *

College of Intelligence and Computing, Tianjin University, Tianjin, China

{ryq20, dyxiong}@tju.edu.cn",false,,,,"[{""raw_affiliation_text"": ""College of Intelligence and Computing, Tianjin University, Tianjin, China"", ""institution"": ""Tianjin University"", ""country"": ""China""}]"
2021.acl-long.290,,,,2021.acl-long.290,done,The Ohio State University,"# Surprisal Estimators for Human Reading Times Need Character Models

Byung-Doh Oh Christian Clark William Schuler

Department of Linguistics

The Ohio State University

{oh.531, clark.3664, schuler.77}@osu.edu",false,,,,"[{""raw_affiliation_text"": ""Department of Linguistics The Ohio State University"", ""institution"": ""The Ohio State University"", ""country"": null}]"
2021.acl-long.292,,,,2021.acl-long.292,done,Princeton University | Columbia University,"# Self-Attention Networks Can Process Bounded Hierarchical Languages

Shunyu Yao† Binghui Peng‡ Christos Papadimitriou‡ Karthik Narasimhan†

†Princeton University ‡Columbia University

{shunyuy, karthikn}@princeton.edu

{bp2601, christos}@columbia.edu",false,,,,"[{""raw_affiliation_text"": ""Princeton University"", ""institution"": ""Princeton University"", ""country"": null}, {""raw_affiliation_text"": ""Columbia University"", ""institution"": ""Columbia University"", ""country"": null}]"
2021.acl-long.295,,,,2021.acl-long.295,done,Princeton University | Massachusetts Institute of Technology,"# Making Pre-trained Language Models Better Few-shot Learners

Tianyu Gao†* Adam Fisch‡* Danqi Chen†

†Princeton University ‡Massachusetts Institute of Technology

{tianyug,danqic}@cs.princeton.edu

fisch@csail.mit.edu",false,,,,"[{""raw_affiliation_text"": ""Princeton University"", ""institution"": ""Princeton University"", ""country"": null}, {""raw_affiliation_text"": ""Massachusetts Institute of Technology"", ""institution"": ""Massachusetts Institute of Technology"", ""country"": null}]"
2021.acl-long.296,,,,2021.acl-long.296,done,Penn State University | Yonsei University,"# A Sweet Rabbit Hole by DARCY: Using Honeypots to Detect Universal Trigger's Adversarial Attacks

Thai Le

Penn State University

thaile@psu.edu

Noseong Park

Yonsei University

noseong@yonsei.ac.kr

Dongwon Lee

Penn State University

dongwon@psu.edu",false,,,,"[{""raw_affiliation_text"": ""Penn State University"", ""institution"": ""Penn State University"", ""country"": null}, {""raw_affiliation_text"": ""Yonsei University"", ""institution"": ""Yonsei University"", ""country"": null}]"
2021.acl-long.293,,,,2021.acl-long.293,done,University of Rochester | Google Research | Stanford University,"# TextSETTR: Few-Shot Text Style Extraction and Tunable Targeted Restyling

Parker Riley $^{a*}$ , Noah Constant $^{b}$ , Mandy Guo $^{b}$ , Girish Kumar $^{c*}$ , David Uthus $^{b}$ , Zarana Parekh $^{b}$

$^a$ University of Rochester

Google Research

Stanford University",false,,,,"[{""raw_affiliation_text"": ""University of Rochester"", ""institution"": ""University of Rochester"", ""country"": null}, {""raw_affiliation_text"": ""Google Research"", ""institution"": ""Google Research"", ""country"": null}, {""raw_affiliation_text"": ""Stanford University"", ""institution"": ""Stanford University"", ""country"": null}]"
2021.acl-long.298,,,,2021.acl-long.298,done,Chinese Academy of Sciences | University of Chinese Academy of Sciences,"# Label-Specific Dual Graph Neural Network for Multi-Label Text Classification

Qianwen Ma $^{1,2}$ , Chunyuan Yuan $^{1,2}$ , Wei Zhou $^{1*}$ and Songlin Hu $^{1,2}$

<sup>1</sup> Institute of Information Engineering, Chinese Academy of Sciences

$^{2}$ School of Cyber Security, University of Chinese Academy of Sciences {maqianwen,yuanchunyuan,zhouwei,husonglin} @ iie.ac.cn",false,,,,"[{""raw_affiliation_text"": ""Institute of Information Engineering, Chinese Academy of Sciences"", ""institution"": ""Chinese Academy of Sciences"", ""country"": null}, {""raw_affiliation_text"": ""School of Cyber Security, University of Chinese Academy of Sciences"", ""institution"": ""University of Chinese Academy of Sciences"", ""country"": null}]"
2021.acl-long.299,,,,2021.acl-long.299,done,"Adobe | Birla Institute of Technology and Science, Pilani | Indian Institute of Technology Kanpur","# TAN-NTM: Topic Attention Networks for Neural Topic Modeling

Madhur Panwar $^{2*†}$ , Shashank Shailabh $^{3*†}$ , Milan Aggarwal $^{1*}$ , Balaji Krishnamurthy $^{1}$

Media and Data Science Research Labs, Adobe

Birla Institute of Technology and Science, Pilani (BITS Pilani), India<sup>2</sup>

Indian Institute of Technology Kanpur (IIT Kanpur), India<sup>3</sup>

mdrpanwar@gmail.com, shailabhshashank@gmail.com",false,,,,"[{""raw_affiliation_text"": ""Media and Data Science Research Labs, Adobe"", ""institution"": ""Adobe"", ""country"": null}, {""raw_affiliation_text"": ""Birla Institute of Technology and Science, Pilani (BITS Pilani), India"", ""institution"": ""Birla Institute of Technology and Science, Pilani"", ""country"": ""India""}, {""raw_affiliation_text"": ""Indian Institute of Technology Kanpur (IIT Kanpur), India"", ""institution"": ""Indian Institute of Technology Kanpur"", ""country"": ""India""}]"
2021.acl-long.297,,,,2021.acl-long.297,done,Chinese Academy of Sciences | National Computer System Engineering Research Institute of China | University of Chinese Academy of Sciences,"# Towards Propagation Uncertainty: Edge-enhanced Bayesian Graph Convolutional Networks for Rumor Detection

Lingwei Wei $^{1,4}$ , Dou Hu $^{2}$ , Wei Zhou $^{1*}$ , Zhaojuan Yue $^{3}$ , Songlin Hu $^{1,4*}$

$^{1}$ Institute of Information Engineering, Chinese Academy of Sciences   
$^{2}$ National Computer System Engineering Research Institute of China   
<sup>3</sup> Computer Network Information Center, Chinese Academy of Sciences   
$^{4}$ School of Cyber Security, University of Chinese Academy of Sciences  
{weilingwei18, hudou18}@ mails.ucas.edu.cn  
{zhouwei, husonglin}@iie.ac.cn  
yuezhaojuan@cnic.cn",false,,,,"[{""raw_affiliation_text"": ""Institute of Information Engineering, Chinese Academy of Sciences"", ""institution"": ""Chinese Academy of Sciences"", ""country"": null}, {""raw_affiliation_text"": ""National Computer System Engineering Research Institute of China"", ""institution"": ""National Computer System Engineering Research Institute of China"", ""country"": null}, {""raw_affiliation_text"": ""School of Cyber Security, University of Chinese Academy of Sciences"", ""institution"": ""University of Chinese Academy of Sciences"", ""country"": null}]"
2021.acl-long.294,,,,2021.acl-long.294,done,Google Research,"# H-Transformer-1D: Fast One-Dimensional Hierarchical Attention for Sequences

Zhenhai Zhu Google Research zhenhai@google.com

Radu Soricut  
Google Research  
rsoricut@google.com",false,,,,"[{""raw_affiliation_text"": ""Google Research"", ""institution"": ""Google Research"", ""country"": null}]"
2021.acl-long.300,,,,2021.acl-long.300,done,Columbia University | University of Maryland | Penn State University,"# Cross-language Sentence Selection via Data Augmentation and Rationale Training

Yanda Chen $^{1}$ , Chris Kedzie $^{1}$ , Suraj Nair $^{2}$ , Petra Galuscakova $^{2}$ , Rui Zhang $^{3}$ , Douglas W. Oard $^{2}$ , Kathleen McKeown $^{1}$

<sup>1</sup>Columbia University, <sup>2</sup>University of Maryland, <sup>3</sup>Penn State University

yc3384@columbia.edu, {kedzie, kathy}@cs.columbia.edu{srnair, petra, oard}@umd.edu, rmz5227@psu.edu",false,,,,"[{""raw_affiliation_text"": ""Columbia University"", ""institution"": ""Columbia University"", ""country"": null}, {""raw_affiliation_text"": ""University of Maryland"", ""institution"": ""University of Maryland"", ""country"": null}, {""raw_affiliation_text"": ""Penn State University"", ""institution"": ""Penn State University"", ""country"": null}]"
2021.acl-long.302,,,,2021.acl-long.302,done,University of British Columbia,"# W-RST: Towards a Weighted RST-style Discourse Framework

Patrick Huber* Wen Xiao* Giuseppe Carenini

Department of Computer Science

University of British Columbia

Vancouver, BC, Canada, V6T 1Z4

{huberpat, xiaowen3, carenini}@cs.ubc.ca",false,,,,"[{""raw_affiliation_text"": ""Department of Computer Science, University of British Columbia, Vancouver, BC, Canada, V6T 1Z4"", ""institution"": ""University of British Columbia"", ""country"": ""Canada""}]"
2021.acl-long.30,,,,2021.acl-long.30,done,Technion - Israel Institute of Technology | Amazon,"# PASS: Perturb-and-Select Summarizer for Product Reviews

Nadav Oved *

Technion - Israel Institute of Technology Haifa, Israel

nadavo@campus.technion.ac.il

Ran Levy

Amazon

Tel Aviv, Israel

ranlevy@amazon.com",false,,,,"[{""raw_affiliation_text"": ""Technion - Israel Institute of Technology Haifa, Israel"", ""institution"": ""Technion - Israel Institute of Technology"", ""country"": ""Israel""}, {""raw_affiliation_text"": ""Amazon Tel Aviv, Israel"", ""institution"": ""Amazon"", ""country"": ""Israel""}]"
2021.acl-long.303,,,,2021.acl-long.303,done,Pennsylvania State University,"# ABCD: A Graph Framework to Convert Complex Sentences to a Covering Set of Simple Sentences

Yanjun Gao and Ting-Hao (Kenneth) Huang and Rebecca J. Passonneau

Pennsylvania State University

{yug125,txh710,rjp49}@psu.edu",false,,,,"[{""raw_affiliation_text"": ""Pennsylvania State University"", ""institution"": ""Pennsylvania State University"", ""country"": null}]"
2021.acl-long.3,,,,2021.acl-long.3,done,The Hong Kong Polytechnic University | Microsoft Research | Tencent AI Lab,"# Engage the Public: Poll Question Generation for Social Media Posts

Zexin Lu<sup>1</sup> Keyang Ding<sup>1</sup> Yuji Zhang<sup>1</sup> Jing Li<sup>1*</sup> Baolin Peng<sup>2</sup> Lemao Liu<sup>3</sup>

$^{1}$ Department of Computing, The Hong Kong Polytechnic University, HKSAR, China

$^{2}$ Microsoft Research, Redmond, WA $^{3}$ Tencent AI Lab, Shenzhen, China

$^{1}\{zexin.lu, keyang.ding, yu-ji.zhang\} @connect.polyu.hk$

$^{1}$ jing-amelia.li@polyu.edu.hk $^{2}$ bapeng@microsoft.com

$^{3}$ redmondliu@tencent.com",false,,,,"[{""raw_affiliation_text"": ""Department of Computing, The Hong Kong Polytechnic University, HKSAR, China"", ""institution"": ""The Hong Kong Polytechnic University"", ""country"": ""China""}, {""raw_affiliation_text"": ""Microsoft Research, Redmond, WA"", ""institution"": ""Microsoft Research"", ""country"": null}, {""raw_affiliation_text"": ""Tencent AI Lab, Shenzhen, China"", ""institution"": ""Tencent AI Lab"", ""country"": ""China""}]"
2021.acl-long.301,,,,2021.acl-long.301,done,Athens University of Economics and Business | Institute for Language and Speech Processing,"# A Neural Model for Joint Document and Snippets Ranking in Question Answering for Large Document Collections

Dimitris Pappas<sup>1,2</sup> and Ion Androutsopoulos<sup>1</sup>

$^{1}$ Department of Informatics, Athens University of Economics and Business, Greece

1 pappasd@aueb.gr, ion@aueb.gr

$^{2}$ Institute for Language and Speech Processing, Research Center 'Athena', Greece

2 dpappas@athenarc.gr",false,,,,"[{""raw_affiliation_text"": ""Department of Informatics, Athens University of Economics and Business, Greece"", ""institution"": ""Athens University of Economics and Business"", ""country"": ""Greece""}, {""raw_affiliation_text"": ""Institute for Language and Speech Processing, Research Center 'Athena', Greece"", ""institution"": ""Institute for Language and Speech Processing"", ""country"": ""Greece""}]"
2021.acl-long.304,,,,2021.acl-long.304,done,Johns Hopkins University | Brown University | Google Research,"# Which Linguist Invented the Lightbulb? Presupposition Verification for Question-Answering

Najoung Kim†,*, Ellie Pavlickφ,δ, Burcu Karagol Ayanδ, Deepak Ramachandranδ,* †Johns Hopkins University φBrown University δGoogle Research n.kim@jhu.edu {epavlick, burcuka, ramachandrand} @google.com",false,,,,"[{""raw_affiliation_text"": ""Johns Hopkins University"", ""institution"": ""Johns Hopkins University"", ""country"": null}, {""raw_affiliation_text"": ""Brown University"", ""institution"": ""Brown University"", ""country"": null}, {""raw_affiliation_text"": ""Google Research"", ""institution"": ""Google Research"", ""country"": null}]"
2021.acl-long.308,,,,2021.acl-long.308,done,Alibaba Group,"# VECO: Variable and Flexible Cross-lingual Pre-training for Language Understanding and Generation

Fuli Luo*, Wei Wang*, Jiahao Liu, Yijia Liu, Bin Bi, Songfang Huang, Fei Huang, Luo Si Alibaba Group

{lf1259702, hebian.ww, glacier.ljh, yanshan.lyj}@alibaba-inc.com {b.bi, songfang.hsf, f.huang, luo.si} @alibaba-inc.com",false,,,,"[{""raw_affiliation_text"": ""Alibaba Group"", ""institution"": ""Alibaba Group"", ""country"": null}]"
2021.acl-long.306,,,,2021.acl-long.306,done,Hong Kong University of Science and Technology | Huawei Noah's Ark Lab,"# Exploring Discourse Structures for Argument Impact Classification

Xin Liu $^{1*}$

Jiefu Ou

Yangqiu Song

Xin Jiang $^{2}$

$^{1}$ Department of CSE, the Hong Kong University of Science and Technology

$^{2}$ Huawei Noah's Ark Lab

xliucr@cse.ust.hk jouaa@connect.ust.hk

yqsong@cse.ust.hk jiang.xin@huawei.com",false,,,,"[{""raw_affiliation_text"": ""Department of CSE, the Hong Kong University of Science and Technology"", ""institution"": ""Hong Kong University of Science and Technology"", ""country"": ""null""}, {""raw_affiliation_text"": ""Huawei Noah's Ark Lab"", ""institution"": ""Huawei Noah's Ark Lab"", ""country"": ""null""}]"
2021.acl-long.305,,,,2021.acl-long.305,done,Soochow University,"# Adversarial Learning for Discourse Rhetorical Structure Parsing

Longyin Zhang $^{1,2}$ , Fang Kong $^{1,2*}$ , Guodong Zhou $^{1,2}$

1. Institute of Artificial Intelligence, Soochow University, China

2. School of Computer Science and Technology, Soochow University, China

lyzhang9@stu.suda.edu.cn

{kongfang,gdzhou}@suda.edu.cn",false,,,,"[{""raw_affiliation_text"": ""Institute of Artificial Intelligence, Soochow University, China"", ""institution"": ""Soochow University"", ""country"": ""China""}]"
2021.acl-long.309,,,,2021.acl-long.309,done,Johns Hopkins University,"# A unified approach to sentence segmentation of punctuated text in many languages

Rachel Wicks<sup>1</sup> and Matt Post<sup>1,2</sup>

<sup>1</sup>Center for Language and Speech Processing

$^{2}$ Human Language Technology Center of Excellence

Johns Hopkins University

rewicks@jhu.edu, post@cs.jhu.edu",false,,,,"[{""raw_affiliation_text"": ""Center for Language and Speech Processing, Johns Hopkins University"", ""institution"": ""Johns Hopkins University"", ""country"": null}]"
2021.acl-long.307,,,,2021.acl-long.307,done,Peking University | BIGO,"# Point, Disambiguate and Copy: Incorporating Bilingual Dictionaries for Neural Machine Translation

Tong Zhang $^{1,2}$ , Long Zhang $^{1,2}$ , Wei Ye $^{1,\dagger}$ , Bo Li $^{1,2}$ , Jinan Sun $^{1}$ , Xiaoyu Zhu $^{3}$ , Wen Zhao $^{1}$ , Shikun Zhang $^{1,\dagger}$

$^{1}$ National Engineering Research Center for Software Engineering, Peking University $^{2}$ School of Software and Microelectronics, Peking University $^{3}$ BIGO

{zhangtong17,zhanglong418，wye，zhangsk}@pku.edu.cn",false,,,,"[{""raw_affiliation_text"": ""National Engineering Research Center for Software Engineering, Peking University"", ""institution"": ""Peking University"", ""country"": null}, {""raw_affiliation_text"": ""BIGO"", ""institution"": ""BIGO"", ""country"": null}]"
2021.acl-long.31,,,,2021.acl-long.31,done,Chinese Academy of Sciences | University of Chinese Academy of Sciences,"# Deep Differential Amplifier for Extractive Summarization

Ruipeng Jia $^{1,2}$ , Yanan Cao $^{1,2}$ , Fang Fang $^{1,2*}$ , Yuchen Zhou $^{1}$ , Zheng Fang $^{1}$ , Yanbing Liu $^{1,2}$ and Shi Wang $^{3*}$

$^{1}$ Institute of Information Engineering, Chinese Academy of Sciences

$^{2}$ School of Cyber Security, University of Chinese Academy of Sciences

$^{3}$ Institute of Computing Technology, Chinese Academy of Sciences

1,2{jiaruipeng, caoyanan, fangfang0703, zhouyuchen, fangzheng, liuyanbing}@iie.ac.cn

$^{3}$ wangshi@ict.ac.cn",false,,,,"[{""raw_affiliation_text"": ""Institute of Information Engineering, Chinese Academy of Sciences"", ""institution"": ""Chinese Academy of Sciences"", ""country"": null}, {""raw_affiliation_text"": ""School of Cyber Security, University of Chinese Academy of Sciences"", ""institution"": ""University of Chinese Academy of Sciences"", ""country"": null}]"
2021.acl-long.311,,,,2021.acl-long.311,done,Charles University,"# End-to-End Lexically Constrained Machine Translation for Morphologically Rich Languages

Josef Jon and João Paulo Aires and Dušan Varíš and Ondřej Bojar Charles University

surname@mail.ufal.mff.cuni.cz",false,,,,"[{""raw_affiliation_text"": ""Charles University"", ""institution"": ""Charles University"", ""country"": null}]"
2021.acl-long.313,,,,2021.acl-long.313,done,Indian Institute of Technology Kanpur | Indian Institute of Science Education and Research Kolkata | West Bengal National University of Juridical Sciences,"# ILDC for CJPE: Indian Legal Documents Corpus for Court Judgment Prediction and Explanation

Vijit Malik $^{1}$ Rishabh Sanjay $^{1}$ Shubham Kumar Nigam $^{1}$ Kripa Ghosh $^{2}$ Shouvik Kumar Guha $^{3}$ Arnab Bhattacharya $^{1}$ Ashutosh Modi $^{1}$ $^{1}$ Indian Institute of Technology Kanpur (IIT-K) $^{2}$ Indian Institute of Science Education and Research Kolkata (IISER-K) $^{3}$ West Bengal National University of Juridical Sciences (WBNUJS)  
{vijitvm, rsan, sknigam}@iitk.ac.in  
ipaghosh@iiserkol.ac.in shouvikumarguha@nujs.edu  
{arnabb, ashutoshm}@cse.iitk.ac.in",false,,,,"[{""raw_affiliation_text"": ""Indian Institute of Technology Kanpur (IIT-K)"", ""institution"": ""Indian Institute of Technology Kanpur"", ""country"": null}, {""raw_affiliation_text"": ""Indian Institute of Science Education and Research Kolkata (IISER-K)"", ""institution"": ""Indian Institute of Science Education and Research Kolkata"", ""country"": null}, {""raw_affiliation_text"": ""West Bengal National University of Juridical Sciences (WBNUJS)"", ""institution"": ""West Bengal National University of Juridical Sciences"", ""country"": null}]"
2021.acl-long.315,,,,2021.acl-long.315,done,AWS AI Labs,"# Dual Reader-Parser on Hybrid Textual and Tabular Evidence for Open Domain Question Answering

Alexander Hanbo Li, Patrick Ng, Peng Xu, Henghui Zhu, Zhiguo Wang, Bing Xiang

AWS AI Labs, Amazon

{hanboli, patricng, pengx, henghui, zhiguow, bxiang}@amazon.com",false,,,,"[{""raw_affiliation_text"": ""AWS AI Labs, Amazon"", ""institution"": ""AWS AI Labs"", ""country"": null}]"
2021.acl-long.310,,,,2021.acl-long.310,done,Xiamen University | Alibaba Group | Dalian University of Technology | Pengcheng Lab,"# Towards User-Driven Neural Machine Translation

Huan Lin $^{1,2}$ Liang Yao $^{3}$ Baosong Yang $^{3}$ Dayiheng Liu $^{3}$ Haibo Zhang $^{3}$ Weihua Luo $^{3}$ Degen Huang $^{4}$ Jinsong Su $^{1,2,5*}$

$^{1}$ School of Informatics, Xiamen University

$^{2}$ Institute of Artificial Intelligence, Xiamen University

3Alibaba Group 4Dalian University of Technology 5Pengcheng Lab, Shenzhen

huanlin@stu.xmu.edu.cn

{yaoliang.yl, yangbaosong.ybs, liudayiheng.1dyh, zhanhui.zhb}@alibaba-inc.com

weihua.luowh@alibaba-inc.com huangdg@dlut.edu.cn jssu@xmu.edu.cn",false,,,,"[{""raw_affiliation_text"": ""School of Informatics, Xiamen University"", ""institution"": ""Xiamen University"", ""country"": null}, {""raw_affiliation_text"": ""Alibaba Group"", ""institution"": ""Alibaba Group"", ""country"": null}, {""raw_affiliation_text"": ""Dalian University of Technology"", ""institution"": ""Dalian University of Technology"", ""country"": null}, {""raw_affiliation_text"": ""Pengcheng Lab, Shenzhen"", ""institution"": ""Pengcheng Lab"", ""country"": null}]"
2021.acl-long.312,,,,2021.acl-long.312,done,Rochester Institute of Technology,"# Handling Extreme Class Imbalance in Technical Logbook Datasets

Farhad Akhbardeh, Cecilia Ovesdotter Alm, Marcos Zampieri, Travis Desell

Rochester Institute of Technology

Rochester, NY, USA

{fa3019, coagla, mazgla, tjdvse}@rit.edu",false,,,,"[{""raw_affiliation_text"": ""Rochester Institute of Technology, Rochester, NY, USA"", ""institution"": ""Rochester Institute of Technology"", ""country"": ""USA""}]"
2021.acl-long.316,,,,2021.acl-long.316,done,University of Illinois | Microsoft Azure AI | Microsoft Research Institute,"# Generation-Augmented Retrieval for Open-Domain Question Answering

Yuning Mao $^{1*}$ , Pengcheng He $^{2}$ , Xiaodong Liu $^{3}$ , Yelong Shen $^{2}$ , Jianfeng Gao $^{3}$ , Jiawei Han $^{1}$ , Weizhu Chen $^{2}$

<sup>1</sup>University of Illinois, Urbana-Champaign <sup>2</sup>Microsoft Azure AI <sup>3</sup>Microsoft Research Institute <sup>1</sup>yuningm2, hanj>@illinois.edu

2,3{penhe,xiaodl,yeshe,jfgao,wzchen} $@$ microsoft.com",false,,,,"[{""raw_affiliation_text"": ""University of Illinois, Urbana-Champaign"", ""institution"": ""University of Illinois"", ""country"": ""USA""}, {""raw_affiliation_text"": ""Microsoft Azure AI"", ""institution"": ""Microsoft Azure AI"", ""country"": null}, {""raw_affiliation_text"": ""Microsoft Research Institute"", ""institution"": ""Microsoft Research Institute"", ""country"": null}]"
2021.acl-long.317,,,,2021.acl-long.317,done,Chinese Academy of Sciences | University of Chinese Academy of Sciences,"# Check It Again: Progressive Visual Question Answering via Visual Entailment

Qingyi Si $^{1,2}$ , Zheng Lin $^{1*}$ , Mingyu Zheng $^{1,2}$ , Peng Fu $^{1}$ , Weiping Wang $^{1}$

$^{1}$ Institute of Information Engineering, Chinese Academy of Sciences, Beijing, China $^{2}$ School of Cyber Security, University of Chinese Academy of Sciences, Beijing, China {siqingyi,linzheng,zhengmingyu,fupeng,wangweiping}@jie.ac.cn",false,,,,"[{""raw_affiliation_text"": ""Institute of Information Engineering, Chinese Academy of Sciences, Beijing, China"", ""institution"": ""Chinese Academy of Sciences"", ""country"": ""China""}, {""raw_affiliation_text"": ""School of Cyber Security, University of Chinese Academy of Sciences, Beijing, China"", ""institution"": ""University of Chinese Academy of Sciences"", ""country"": ""China""}]"
2021.acl-long.314,,,,2021.acl-long.314,done,University of St.Gallen | Carnegie Mellon University | University of Passau | University of Kassel,"# Supporting Cognitive and Emotional Empathic Writing of Students

# Thiemo Wambsganss $^{1,2}$ , Christina Niklaus $^{1,3}$ , Matthias Söllner $^{4}$ , Siegfried Handschuh $^{1,3}$ and Jan Marco Leimeister $^{1,4}$

<sup>1</sup> University of St.Gallen

{thiemo.wambsgangss, christina.niklaus,

siegfried.handschuh, janmarco.leimeister}@unisg.ch

# 2 Carnegie Mellon University

twambsga@andrew.cmu.edu

<sup>3</sup> University of Passau

{christina.niklaus, siegfried.handschuh}@uni-passau.de

<sup>4</sup> University of Kassel

{soellner, leimeister}@uni-kassel.de",false,,,,"[{""raw_affiliation_text"": ""University of St.Gallen"", ""institution"": ""University of St.Gallen"", ""country"": null}, {""raw_affiliation_text"": ""Carnegie Mellon University"", ""institution"": ""Carnegie Mellon University"", ""country"": null}, {""raw_affiliation_text"": ""University of Passau"", ""institution"": ""University of Passau"", ""country"": null}, {""raw_affiliation_text"": ""University of Kassel"", ""institution"": ""University of Kassel"", ""country"": null}]"
2021.acl-long.319,,,,2021.acl-long.319,done,Carnegie Mellon University | Fordham Law School | Penn State University,"# Breaking Down Walls of Text: How Can NLP Benefit Consumer Privacy?

# Abhilasha Ravichander $^{\diamond}$ Alan W Black $^{\diamond}$ Thomas Norton $^{\spadesuit}$ Shomir Wilson $^{\diamond}$ Norman Sadeh $^{\diamond}$

Carnegie Mellon University, Pittsburgh, PA

$\spadesuit$ Fordham Law School, New York, NY $\text{心}$ Penn State University, University Park, PA

{aravichaawb,sadeh}@cs.cmu.edu

{shomir}@psu.edu,{tnorton1}@law.fordham.edu",false,,,,"[{""raw_affiliation_text"": ""Carnegie Mellon University, Pittsburgh, PA"", ""institution"": ""Carnegie Mellon University"", ""country"": null}, {""raw_affiliation_text"": ""Fordham Law School, New York, NY"", ""institution"": ""Fordham Law School"", ""country"": null}, {""raw_affiliation_text"": ""Penn State University, University Park, PA"", ""institution"": ""Penn State University"", ""country"": null}]"
2021.acl-long.318,,,,2021.acl-long.318,done,Tsinghua University | Huawei Noah's Ark Lab,"# A Mutual Information Maximization Approach for the Spurious Solution Problem in Weakly Supervised Question Answering

Zhihong Shao $^{1}$ , Lifeng Shang $^{2}$ , Qun Liu $^{2}$ , Minlie Huang $^{1*}$

<sup>1</sup>The CoAI group, DCST, Tsinghua University, Institute for Artificial Intelligence;

<sup>1</sup>State Key Lab of Intelligent Technology and Systems;

<sup>1</sup>Beijing National Research Center for Information Science and Technology;

$^{1}$ Tsinghua University, Beijing 100084, China

$^{2}$ Huawei Noah's Ark Lab

szh19@mails.tsinghua.edu.cn, aihuang@tsinghua.edu.cn

{shang.lifeng, qun.liu}@huawei.com",false,,,,"[{""raw_affiliation_text"": ""Tsinghua University, Beijing 100084, China"", ""institution"": ""Tsinghua University"", ""country"": ""China""}, {""raw_affiliation_text"": ""Huawei Noah's Ark Lab"", ""institution"": ""Huawei Noah's Ark Lab"", ""country"": null}]"
2021.acl-long.32,,,,2021.acl-long.32,done,Kyoto University | University of Innsbruck | University of La Rochelle,"# Multi-TimeLine Summarization (MTLS): Improving Timeline Summarization by Generating Multiple Summaries

Yi Yu $^{1}$ , Adam Jatowt $^{2}$ , Antoine Doucet $^{3}$ , Kazunari Sugiyama $^{1}$ , Masatoshi Yoshikawa $^{1}$

$^{1}$ Kyoto University, Japan

<sup>2</sup>University of Innsbruck, Austria, <sup>3</sup>University of La Rochelle, France

yuyi@db.soc.i.kyoto-u.ac.jp

adam.jatowt@uibk.ac.at,antoine.doucet@univ-lr.fr

{kaz.sugiyama，yoshikawa}@i.kyoto-u.ac.jp",false,,,,"[{""raw_affiliation_text"": ""Kyoto University, Japan"", ""institution"": ""Kyoto University"", ""country"": ""Japan""}, {""raw_affiliation_text"": ""University of Innsbruck, Austria"", ""institution"": ""University of Innsbruck"", ""country"": ""Austria""}, {""raw_affiliation_text"": ""University of La Rochelle, France"", ""institution"": ""University of La Rochelle"", ""country"": ""France""}]"
2021.acl-long.322,,,,2021.acl-long.322,done,Carnegie Mellon University | University of Oregon | Columbia University | University of Pittsburgh,"# Learning Language and Multimodal Privacy-Preserving Markers of Mood from Mobile Data

Paul Pu Liang $^{1\star}$ , Terrance Liu $^{1\star}$ , Anna Cai $^{1}$ , Michal Muszynski $^{1}$ , Ryo Ishii $^{1}$ , Nicholas Allen $^{2}$ , Randy Auerbach $^{3}$ , David Brent $^{4}$ , Ruslan Salakhutdinov $^{1}$ , Louis-Philippe Morency $^{1}$

$^{1}$ Carnegie Mellon University $^{2}$ University of Oregon $^{3}$ Columbia University $^{4}$ University of Pittsburgh

{pliang, terrancl, annacai, mmuszyns, rishii, rsalakhu, morency}@cs.cmu.edu

nallen3@uoregon.edu rpa2009@cumc.columbia.edu brentda@upmc.edu",false,,,,"[{""raw_affiliation_text"": ""Carnegie Mellon University"", ""institution"": ""Carnegie Mellon University"", ""country"": null}, {""raw_affiliation_text"": ""University of Oregon"", ""institution"": ""University of Oregon"", ""country"": null}, {""raw_affiliation_text"": ""Columbia University"", ""institution"": ""Columbia University"", ""country"": null}, {""raw_affiliation_text"": ""University of Pittsburgh"", ""institution"": ""University of Pittsburgh"", ""country"": null}]"
2021.acl-long.320,,,,2021.acl-long.320,done,Leipzig University,"# Supporting Land Reuse of Former Open Pit Mining Sites using Text Classification and Active Learning

Christopher Schröder $^{1,5}$ , Kim Bürgl $^{1,4,5}$ , Yves Annanias $^{2,5}$ , Andreas Niekler $^{1,5}$ , Lydia Müller $^{1,4,5}$ , Daniel Wiegrefe $^{2,5}$ , Christian Bender $^{3,5}$ , Christoph Mengs $^{3,5}$ , Gerik Scheuermann $^{2,4,5}$ , and Gerhard Heyer $^{1,4,5}$

$^{1}$ Natural Language Processing Group

2Image and Signal Processing Group

$^{3}$ Institute of Public Finance and Public Management

$^{4}$ Institute for Applied Informatics (InfAI), Leipzig, Germany

5Leipzig University, Germany

{schroeder, buergl, annanias, aniekler}@informatik.uni-leipzig.de

{lydia,daniel,scheuermann,heyer}@informatik.uni-leipzig.de

{bender, mengs}@wifa.uni-leipzig.de",false,,,,"[{""raw_affiliation_text"": ""Natural Language Processing Group, Leipzig University, Germany"", ""institution"": ""Leipzig University"", ""country"": ""Germany""}]"
2021.acl-long.321,,,,2021.acl-long.321,done,Salesforce Research | Nanyang Technological University | National University of Singapore,"# Reliability Testing for Natural Language Processing Systems

Samson Tan\* Shafiq Joty\* Kathy Baxter\* Araz Taeihagh\* Gregory A. Bennett\* Min-Yen Kan

§Salesforce Research

$^{\ddagger}$ Nanyang Technological University

$^{b}$ School of Computing, National University of Singapore

$\diamond$ Lee Kuan Yew School of Public Policy, National University of Singapore

\*Centre for Trusted Internet and Community, National University of Singapore",false,,,,"[{""raw_affiliation_text"": ""Salesforce Research"", ""institution"": ""Salesforce Research"", ""country"": null}, {""raw_affiliation_text"": ""Nanyang Technological University"", ""institution"": ""Nanyang Technological University"", ""country"": null}, {""raw_affiliation_text"": ""School of Computing, National University of Singapore"", ""institution"": ""National University of Singapore"", ""country"": null}]"
2021.acl-long.328,,,,2021.acl-long.328,done,Facebook AI,"# Improving Speech Translation by Understanding and Learning from the Auxiliary Text Translation Task

Yun Tang, Juan Pino, Xian Li, Changhan Wang, Dmitriy Genzel  
Facebook AI

{yuntang, juancarabina, xianl, changhan, dgenzel}@fb.com",false,,,,"[{""raw_affiliation_text"": ""Facebook AI"", ""institution"": ""Facebook AI"", ""country"": null}]"
2021.acl-long.326,,,,2021.acl-long.326,done,Sun Yat-sen University,"# Psycholinguistic Tripartite Graph Network for Personality Detection

Tao Yang, Feifan Yang, Haolan Ouyang, Xiaojun Quan*

School of Computer Science and Engineering, Sun Yat-sen University, China

{yangt225, yangff6, ouyhlan}@mail2.sysu.edu.cn

quanxj3@mail.sysu.edu.cn",false,,,,"[{""raw_affiliation_text"": ""School of Computer Science and Engineering, Sun Yat-sen University, China"", ""institution"": ""Sun Yat-sen University"", ""country"": ""China""}]"
2021.acl-long.323,,,,2021.acl-long.323,done,Norwegian Computing Center | Universitat Rovira i Virgili | University of Oslo,"# Anonymisation Models for Text Data: State of the Art, Challenges and Future Directions

Pierre Lison<sup>1</sup>, Ildiko Pilán<sup>1</sup>, David Sánchez<sup>2</sup>, Montserrat Batet<sup>2</sup>, and Lilja Øvrelid<sup>3</sup>

$^{1}$ Norwegian Computing Center, Oslo, Norway $^{2}$ Universitat Rovira i Virgili, CYBERCAT, UNESCO Chair in Data Privacy, Spain $^{3}$ Language Technology Group, University of Oslo, Norway

{plison,pilan}@nr.no {david.sanchez,montserrat.batet} $@$ urv.cat liljao@ifi.uio.no",false,,,,"[{""raw_affiliation_text"": ""Norwegian Computing Center, Oslo, Norway"", ""institution"": ""Norwegian Computing Center"", ""country"": ""Norway""}, {""raw_affiliation_text"": ""Universitat Rovira i Virgili, CYBERCAT, UNESCO Chair in Data Privacy, Spain"", ""institution"": ""Universitat Rovira i Virgili"", ""country"": ""Spain""}, {""raw_affiliation_text"": ""Language Technology Group, University of Oslo, Norway"", ""institution"": ""University of Oslo"", ""country"": ""Norway""}]"
2021.acl-long.324,,,,2021.acl-long.324,done,Zhejiang University | Westlake University | Westlake Institute for Advanced Study | Tencent AI Lab,"# End-to-End AMR Coreference Resolution

Qiankun Fu $^{1,2,3}$ , Linfeng Song $^{4}$ , Wenyu Du $^{2,3}$ , Yue Zhang $^{2,3}$

1. Zhejiang University

2. School of Engineering, Westlake University

3. Institute of Advanced Technology, Westlake Institute for Advanced Study

4. Tencent AI Lab, Bellevue, WA, USA

fqiankun@gmail.com and lfsong@tencent.com

{duwenyu, zhangyue}@westlake.edu.cn",false,,,,"[{""raw_affiliation_text"": ""Zhejiang University"", ""institution"": ""Zhejiang University"", ""country"": null}, {""raw_affiliation_text"": ""School of Engineering, Westlake University"", ""institution"": ""Westlake University"", ""country"": null}, {""raw_affiliation_text"": ""Institute of Advanced Technology, Westlake Institute for Advanced Study"", ""institution"": ""Westlake Institute for Advanced Study"", ""country"": null}, {""raw_affiliation_text"": ""Tencent AI Lab, Bellevue, WA, USA"", ""institution"": ""Tencent AI Lab"", ""country"": ""USA""}]"
2021.acl-long.329,,,,2021.acl-long.329,done,The Hong Kong University of Science and Technology,"# Probing Toxic Content in Large Pre-Trained Language Models

Nedjma Ousidhoum, Xinran Zhao, Tianqing Fang, Yangqiu Song, Dit-Yan Yeung

Department of Computer Science and Engineering

The Hong Kong University of Science and Technology

nousidhoum@cse.ust.hk, xzhaoar@connect.ust.hk, tfangaa@connect.ust.hk,

yqsong@cse.ust.hk, dyyeung@cse.ust.hk",false,,,,"[{""raw_affiliation_text"": ""Department of Computer Science and Engineering The Hong Kong University of Science and Technology"", ""institution"": ""The Hong Kong University of Science and Technology"", ""country"": ""null""}]"
2021.acl-long.327,,,,2021.acl-long.327,done,Capital Normal University | i FLYTEK Research | i FLYTEK AI Research | Harbin Institute of Technology,"# Verb Metaphor Detection via Contextual Relation Learning

Wei Song $^{1*}$ , Shuhui Zhou $^{1*}$ , Ruiji Fu $^{2,3}$ , Ting Liu $^{4}$ , Lizhen Liu $^{1}$

<sup>1</sup>College of Information Engineering and Academy for Multidisciplinary Studies, Capital Normal University, Beijing, China

$^{2}$ State Key Laboratory of Cognitive Intelligence, iFLYTEK Research, China

$^{3}$ iFLYTEK AI Research (Hebei), Langfang, China

$^{4}$ Research Center for Social Computing and Information Retrieval,

Harbin Institute of Technology, Harbin, China

{wsong, shzhou, liz_liu7480}@cnu.edu.cn,

rjfu@iflytek.com, tliu@ir.hit.edu.cn",false,,,,"[{""raw_affiliation_text"": ""College of Information Engineering and Academy for Multidisciplinary Studies, Capital Normal University, Beijing, China"", ""institution"": ""Capital Normal University"", ""country"": ""China""}, {""raw_affiliation_text"": ""State Key Laboratory of Cognitive Intelligence, iFLYTEK Research, China"", ""institution"": ""i FLYTEK Research"", ""country"": ""China""}, {""raw_affiliation_text"": ""iFLYTEK AI Research (Hebei), Langfang, China"", ""institution"": ""i FLYTEK AI Research"", ""country"": ""China""}, {""raw_affiliation_text"": ""Research Center for Social Computing and Information Retrieval, Harbin Institute of Technology, Harbin, China"", ""institution"": ""Harbin Institute of Technology"", ""country"": ""China""}]"
2021.acl-long.33,,,,2021.acl-long.33,done,NCSOFT Co.,"# Self-Supervised Multimodal Opinion Summarization

Jinbae Im, Moonki Kim, Hoyeop Lee, Hyunsouk Cho, Sehee Chung

Knowledge AI Lab., NCSOFT Co., South Korea

{jinbae,kmkkrk,hoyeoplee,dakgalbi,seheechung}@ncsoft.com",false,,,,"[{""raw_affiliation_text"": ""Knowledge AI Lab., NCSOFT Co., South Korea"", ""institution"": ""NCSOFT Co."", ""country"": ""South Korea""}]"
2021.acl-long.331,,,,2021.acl-long.331,done,UC Berkeley | Facebook AI Research,"# Reservoir Transformers

Sheng Shen†, Alexei Baevski‡, Ari S. Morcos‡, Kurt Keutzer†, Michael Auli‡, Douwe Kiela‡

†UC Berkeley; ‡Facebook AI Research

sheng.s@berkeley.edu, dkiela@fb.com",false,,,,"[{""raw_affiliation_text"": ""UC Berkeley"", ""institution"": ""UC Berkeley"", ""country"": null}, {""raw_affiliation_text"": ""Facebook AI Research"", ""institution"": ""Facebook AI Research"", ""country"": null}]"
2021.acl-long.334,,,,2021.acl-long.334,done,"The Chinese University of Hong Kong | Huawei Noah's Ark Lab | Huawei Technologies Co., Ltd.","# BinaryBERT: Pushing the Limit of BERT Quantization

Haoli Bai $^{1}$ , Wei Zhang $^{2}$ , Lu Hou $^{2}$ , Lifeng Shang $^{2}$ , Jing Jin $^{3}$ , Xin Jiang $^{2}$ , Qun Liu $^{2}$ , Michael Lyu $^{1}$ , Irwin King $^{1}$

<sup>1</sup> The Chinese University of Hong Kong

$^{2}$ Huawei Noah's Ark Lab, $^{3}$ Huawei Technologies Co., Ltd.

{hlbai, lyu, king} $@$ cse.cuhk.edu.hk

{zhangwei379, houlu3, shang.lifeng, jinjing12, jiang.xin, qun.liu} @huawei.com",false,,,,"[{""raw_affiliation_text"": ""The Chinese University of Hong Kong"", ""institution"": ""The Chinese University of Hong Kong"", ""country"": null}, {""raw_affiliation_text"": ""Huawei Noah's Ark Lab"", ""institution"": ""Huawei Noah's Ark Lab"", ""country"": null}, {""raw_affiliation_text"": ""Huawei Technologies Co., Ltd."", ""institution"": ""Huawei Technologies Co., Ltd."", ""country"": null}]"
2021.acl-long.332,,,,2021.acl-long.332,done,University College London | University of Cambridge | Vector AI,"# Subsequence Based Deep Active Learning for Named Entity Recognition

Puria Radmard<sup>1,2,3</sup>

pr450@cam.ac.uk

Yassir Fathullah

yf286@cam.ac.uk

Aldo Lipani $^{1,3}$

aldo.lipani@ucl.ac.uk

<sup>1</sup>University College London

$^{2}$ University of Cambridge

$^{3}$ Vector AI",false,,,,"[{""raw_affiliation_text"": ""University College London"", ""institution"": ""University College London"", ""country"": null}, {""raw_affiliation_text"": ""University of Cambridge"", ""institution"": ""University of Cambridge"", ""country"": null}, {""raw_affiliation_text"": ""Vector AI"", ""institution"": ""Vector AI"", ""country"": null}]"
2021.acl-long.325,,,,2021.acl-long.325,done,University of Toronto | Vector Institute for Artificial Intelligence | Unity Health Toronto,"# How is BERT surprised? Layerwise detection of linguistic anomalies

Bai Li $^{1,4}$ , Zining Zhu $^{1,4}$ Guillaume Thomas $^{2}$ , Yang Xu $^{1,3,4}$ , Frank Rudzicz $^{1,4,5}$

<sup>1</sup> University of Toronto, Department of Computer Science   
<sup>2</sup> University of Toronto, Department of Linguistics   
<sup>3</sup> University of Toronto, Cognitive Science Program

$^{4}$ Vector Institute for Artificial Intelligence $^{5}$ Unity Health Toronto

{bai, zining, yangxu, frank}@cs.toronto.edu

guillaume.thomas@utoronto.ca",false,,,,"[{""raw_affiliation_text"": ""University of Toronto, Department of Computer Science"", ""institution"": ""University of Toronto"", ""country"": null}, {""raw_affiliation_text"": ""Vector Institute for Artificial Intelligence"", ""institution"": ""Vector Institute for Artificial Intelligence"", ""country"": null}, {""raw_affiliation_text"": ""Unity Health Toronto"", ""institution"": ""Unity Health Toronto"", ""country"": null}]"
2021.acl-long.333,,,,2021.acl-long.333,done,University of California San Diego | Halicioglu Data Science Institute,"# Convolutions and Self-Attention: Re-interpreting Relative Positions in Pre-trained Language Models

Tyler A. Chang $^{1,2}$ , Yifan Xu $^{1}$ , Weijian Xu $^{1}$ , Zhuowen Tu $^{1}$

<sup>1</sup>University of California San Diego

$^{2}$ Halicioglu Data Science Institute

{tachang, yix081, wex041, ztu}@ucsd.edu",false,,,,"[{""raw_affiliation_text"": ""University of California San Diego"", ""institution"": ""University of California San Diego"", ""country"": null}, {""raw_affiliation_text"": ""Halicioglu Data Science Institute"", ""institution"": ""Halicioglu Data Science Institute"", ""country"": null}]"
2021.acl-long.335,,,,2021.acl-long.335,done,Google Research,"# Are Pre-trained Convolutions Better than Pre-trained Transformers?

Yi Tay

Google Research

Mountain View, California

yitay@google.com

Mostafa Dehghani

Google Research, Brain Team

Amsterdam, Netherlands

dehghani@google.com

Jai Gupta

Google Research

Mountain View, California

jaigupta@google.com

Vamsi Aribandi*

Google Research

Mountain View, California

aribandi@google.com

Dara Bahri

Google Research

Mountain View, California

dbahri@google.com

Zhen Qin

Google Research

Mountain View, California

zhenqin@google.com

Donald Metzler

Google Research

Mountain View, California

metzler@google.com",false,,,,"[{""raw_affiliation_text"": ""Google Research"", ""institution"": ""Google Research"", ""country"": ""null""}]"
2021.acl-long.330,,,,2021.acl-long.330,done,"University of Southern California | University of California, Los Angeles","# Societal Biases in Language Generation: Progress and Challenges

Emily Sheng $^{1}$ , Kai-Wei Chang $^{2}$ , Premkumar Natarajan $^{1}$ , Nanyun Peng $^{1,2}$

<sup>1</sup> Information Sciences Institute, University of Southern California

<sup>2</sup> Computer Science Department, University of California, Los Angeles

{ewsheng, pnataraj}@isi.edu, {kwchang, violetpeng}@cs.ucla.edu",false,,,,"[{""raw_affiliation_text"": ""Information Sciences Institute, University of Southern California"", ""institution"": ""University of Southern California"", ""country"": null}, {""raw_affiliation_text"": ""Computer Science Department, University of California, Los Angeles"", ""institution"": ""University of California, Los Angeles"", ""country"": null}]"
2021.acl-long.336,,,,2021.acl-long.336,done,Ant Group | alibaba-inc.com,"# PairRE: Knowledge Graph Embeddings via Paired Relation Vectors

Linlin Chao, Jianshan He, Taifeng Wang, Wei Chu AntGroup {chulin.cll, yebai.hjs} @antgroup.com {taifeng.wang,wei.chu} @alibaba-inc.com",false,,,,"[{""raw_affiliation_text"": ""AntGroup"", ""institution"": ""Ant Group"", ""country"": null}, {""raw_affiliation_text"": ""alibaba-inc.com"", ""institution"": ""alibaba-inc.com"", ""country"": null}]"
2021.acl-long.337,,,,2021.acl-long.337,done,South China University of Technology,"# Hierarchy-aware Label Semantics Matching Network for Hierarchical Text Classification

Haibin Chen, Qianli Ma*, Zhenxi Lin, Jiangyue Yan

School of Computer Science and Engineering,

South China University of Technology, Guangzhou, China

haibin_chen@foxmail.com

qianlima@scut.edu.cn*",false,,,,"[{""raw_affiliation_text"": ""School of Computer Science and Engineering, South China University of Technology, Guangzhou, China"", ""institution"": ""South China University of Technology"", ""country"": ""China""}]"
2021.acl-long.338,,,,2021.acl-long.338,done,Georgia Institute of Technology | Microsoft Dynamics 365 AI,"# HiddenCut: Simple Data Augmentation for Natural Language Understanding with Better Generalization

Jiaao Chen, Dinghan Shen<sup>1</sup>, Weizhu Chen<sup>1</sup>, Diyi Yang

Georgia Institute of Technology, <sup>1</sup>Microsoft Dynamics 365 AI

{jchen896,dyang888}@gatech.edu

{dishen, wzchen}@microsoft.com",false,,,,"[{""raw_affiliation_text"": ""Georgia Institute of Technology"", ""institution"": ""Georgia Institute of Technology"", ""country"": null}, {""raw_affiliation_text"": ""Microsoft Dynamics 365 AI"", ""institution"": ""Microsoft Dynamics 365 AI"", ""country"": null}]"
2021.acl-long.339,,,,2021.acl-long.339,done,"Harbin Institute of Technology | University of California, Santa Barbara","# Neural Stylistic Response Generation with Disentangled Latent Variables

Qingfu Zhu#, Weinan Zhang*, Ting Liu#, William Yang Wang

$^{\sharp}$ Harbin Institute of Technology, Harbin, China

<sup>b</sup>University of California, Santa Barbara, USA

{qfzhu, wnzhang, tliu}@ir.hit.edu.cn

william@cs.ucsb.edu",false,,,,"[{""raw_affiliation_text"": ""Harbin Institute of Technology, Harbin, China"", ""institution"": ""Harbin Institute of Technology"", ""country"": ""China""}, {""raw_affiliation_text"": ""University of California, Santa Barbara, USA"", ""institution"": ""University of California, Santa Barbara"", ""country"": ""USA""}]"
2021.acl-long.341,,,,2021.acl-long.341,done,Microsoft Research | Iowa State University,"# RIDDLE: An Evaluation Benchmark and Analysis Platform for Robust Task-oriented Dialog Systems

Baolin Peng $^{1}$ , Chunyuan Li $^{1}$ , Zhu Zhang $^{12\dagger}$ , Chenguang Zhu $^{1}$ , Jinchao Li $^{1}$ , Jianfeng Gao $^{1}$ $^{1}$ Microsoft Research, Redmond, WA $^{2}$ Iowa State University / Ames, IA  
{bapeng, chunyl, chezhu, jincli, jfgao}@microsoft.com  
zhuzhang@iastate.edu",false,,,,"[{""raw_affiliation_text"": ""Microsoft Research, Redmond, WA"", ""institution"": ""Microsoft Research"", ""country"": ""USA""}, {""raw_affiliation_text"": ""Iowa State University / Ames, IA"", ""institution"": ""Iowa State University"", ""country"": ""USA""}]"
2021.acl-long.34,,,,2021.acl-long.34,done,The Chinese University of Hong Kong | Tencent AI Lab,"# A Training-free and Reference-free Summarization Evaluation Metric via Centrality-weighted Relevance and Self-referenced Redundancy

Wang Chen $^{1*}$ Piji Li $^{2}$ Irwin King $^{1}$

<sup>1</sup>Department of Computer Science and Engineering,

The Chinese University of Hong Kong, Shatin, N.T., Hong Kong

Tencent AI Lab

1{wchen, king}@cse.cuhk.edu.hk

$^{2}$ pijili@tencent.com",false,,,,"[{""raw_affiliation_text"": ""Department of Computer Science and Engineering, The Chinese University of Hong Kong, Shatin, N.T., Hong Kong"", ""institution"": ""The Chinese University of Hong Kong"", ""country"": ""Hong Kong""}, {""raw_affiliation_text"": ""Tencent AI Lab"", ""institution"": ""Tencent AI Lab"", ""country"": null}]"
2021.acl-long.347,,,,2021.acl-long.347,done,University of Michigan | MIT | University of Oxford,"# Claim Matching Beyond English to Scale Global Fact-Checking

Ashkan Kazemi

University of Michigan and Meedan

ashkank@umich.edu

Kiran Garimella

MIT

garimell@mit.edu

Devin Gaffney

Meedan

devin@meedan.com

Scott A. Hale

University of Oxford and Meedan

scott@meedan.com",false,,,,"[{""raw_affiliation_text"": ""University of Michigan and Meedan"", ""institution"": ""University of Michigan"", ""country"": null}, {""raw_affiliation_text"": ""MIT"", ""institution"": ""MIT"", ""country"": null}, {""raw_affiliation_text"": ""University of Oxford and Meedan"", ""institution"": ""University of Oxford"", ""country"": null}]"
2021.acl-long.343,,,,2021.acl-long.343,done,Peking University | Renmin University of China | Beijing Academy of Artificial Intelligence,"# A Pre-training Strategy for Zero-Resource Response Selection in Knowledge-Grounded Conversations

Chongyang Tao $^{1*}$ , Changyu Chen $^{2*}$ , Jiazhan Feng $^{1}$ , Jirong Wen $^{2,3}$ and Rui Yan $^{2,3\dagger}$

<sup>1</sup>Peking University, Beijing, China

$^{2}$ Gaoling School of Artificial Intelligence, Renmin University of China

$^{3}$ Beijing Academy of Artificial Intelligence

1{chongyangtao,fengjiazhan}@pku.edu.cn

2{chen.changyu, jrwen, ruiyan}@ruc.edu.cn",false,,,,"[{""raw_affiliation_text"": ""Peking University, Beijing, China"", ""institution"": ""Peking University"", ""country"": ""China""}, {""raw_affiliation_text"": ""Gaoling School of Artificial Intelligence, Renmin University of China"", ""institution"": ""Renmin University of China"", ""country"": null}, {""raw_affiliation_text"": ""Beijing Academy of Artificial Intelligence"", ""institution"": ""Beijing Academy of Artificial Intelligence"", ""country"": null}]"
2021.acl-long.340,,,,2021.acl-long.340,done,"University of California, Los Angeles | University of Virginia | Fordham University","# Intent Classification and Slot Filling for Privacy Policies

Wasi Uddin Ahmad†,* Jianfeng Chi‡,* Tu Le‡

Thomas Norton $^{\S}$ , Yuan Tian $^{\ddagger}$ , Kai-Wei Chang

†University of California, Los Angeles, ‡University of Virginia, §Fordham University

$\dagger$ {wasiahmad, kwchang}@cs.ucla.edu

$\ddagger$ {jc6ub,tnl6wk,yuant}@virginia.edu

$\S$ tnorton1@law.fordham.edu",false,,,,"[{""raw_affiliation_text"": ""University of California, Los Angeles"", ""institution"": ""University of California, Los Angeles"", ""country"": null}, {""raw_affiliation_text"": ""University of Virginia"", ""institution"": ""University of Virginia"", ""country"": null}, {""raw_affiliation_text"": ""Fordham University"", ""institution"": ""Fordham University"", ""country"": null}]"
2021.acl-long.344,,,,2021.acl-long.344,done,University of Washington | The Chinese University of Hong Kong | Shenzhen Research Institute of Big Data,"# Dependency-driven Relation Extraction with Attentive Graph Convolutional Networks

Yuanhe Tian ⇤, Guimin Chen}⇤, Yan $\mathbf { S o n g } ^ { \mathbf { \hat { a } } \odot \dagger }$ , Xiang Wan~

 University of Washington }QTrade

The Chinese University of Hong Kong (Shenzhen)

~Shenzhen Research Institute of Big Data

 yhtian@uw.edu }chenguimin@foxmail.com

songyan@cuhk.edu.cn ~wanxiang@sribd.cn",false,,,,"[{""raw_affiliation_text"": ""University of Washington"", ""institution"": ""University of Washington"", ""country"": null}, {""raw_affiliation_text"": ""The Chinese University of Hong Kong (Shenzhen)"", ""institution"": ""The Chinese University of Hong Kong"", ""country"": null}, {""raw_affiliation_text"": ""Shenzhen Research Institute of Big Data"", ""institution"": ""Shenzhen Research Institute of Big Data"", ""country"": null}]"
2021.acl-long.348,,,,2021.acl-long.348,done,Beihang University | Microsoft Research Asia,"# SemFace: Pre-training Encoder and Decoder with a Semantic Interface for Neural Machine Translation

Shuo Ren†‡*, Long Zhou‡, Shujie Liu‡, Furu Wei‡, Ming Zhou‡, Shuai Ma†

†SKLSDE Lab, Beihang University, Beijing, China

$^{\ddagger}$ Microsoft Research Asia, Beijing, China

† {shuoren,mashuai} @ buaa.edu.cn §{long.zhou,shujliu,fuwei,mingzhou} @ microsoft.com",false,,,,"[{""raw_affiliation_text"": ""SKLSDE Lab, Beihang University, Beijing, China"", ""institution"": ""Beihang University"", ""country"": ""China""}, {""raw_affiliation_text"": ""Microsoft Research Asia, Beijing, China"", ""institution"": ""Microsoft Research Asia"", ""country"": ""China""}]"
2021.acl-long.346,,,,2021.acl-long.346,done,University of Maryland | University of Notre Dame | University of Southern California | Facebook Reality Labs,"# Evaluation Examples Are Not Equally Informative: How Should That Change NLP Leaderboards?

Pedro Rodriguez

University of Maryland

Facebook Reality Labs*

me@pedro.ai

Joe Barrow

University of Maryland

jdbarrow@cs.umd.edu

Alexander Hoyle

University of Maryland

hoyle@umd.edu

John P. Lalor

University of Notre Dame

john.lalor@nd.edu

Robin Jia

University of Southern California

robinjia@usc.edu

Jordan Boyd-Graber

University of Maryland

jbg@umiacs.umd.edu",false,,,,"[{""raw_affiliation_text"": ""University of Maryland"", ""institution"": ""University of Maryland"", ""country"": null}, {""raw_affiliation_text"": ""University of Notre Dame"", ""institution"": ""University of Notre Dame"", ""country"": null}, {""raw_affiliation_text"": ""University of Southern California"", ""institution"": ""University of Southern California"", ""country"": null}, {""raw_affiliation_text"": ""Facebook Reality Labs*"", ""institution"": ""Facebook Reality Labs"", ""country"": null}]"
2021.acl-long.342,,,,2021.acl-long.342,done,Zhejiang University | Westlake University | Tencent AI Lab | Westlake Institute for Advanced Study,"# Semantic Representation for Dialogue Modeling

Xuefeng Bai\*, Yulong Chen\*, Linfeng Song\*, Yue Zhang

$\spadesuit$ Zhejiang University, China

$\diamond$ School of Engineering, Westlake University, China

Tencent AI Lab, Bellevue, WA, USA

$\diamond$ Institute of Advanced Technology, Westlake Institute for Advanced Study, China",false,,,,"[{""raw_affiliation_text"": ""Zhejiang University, China"", ""institution"": ""Zhejiang University"", ""country"": ""China""}, {""raw_affiliation_text"": ""School of Engineering, Westlake University, China"", ""institution"": ""Westlake University"", ""country"": ""China""}, {""raw_affiliation_text"": ""Tencent AI Lab, Bellevue, WA, USA"", ""institution"": ""Tencent AI Lab"", ""country"": ""USA""}, {""raw_affiliation_text"": ""Institute of Advanced Technology, Westlake Institute for Advanced Study, China"", ""institution"": ""Westlake Institute for Advanced Study"", ""country"": ""China""}]"
2021.acl-long.345,,,,2021.acl-long.345,done,"University of California, Irvine | Apple","# Evaluating Entity Disambiguation and the Role of Popularity in Retrieval-Based NLP

Anthony Chen* Pallavi Gudipati Shayne Longpre Xiao Ling Sameer Singh

University of California, Irvine Apple

{anthony.chen,sameer}@uci.edu

{pgudipati, slongpre, xiaoling}@apple.com",false,,,,"[{""raw_affiliation_text"": ""University of California, Irvine"", ""institution"": ""University of California, Irvine"", ""country"": ""null""}, {""raw_affiliation_text"": ""Apple"", ""institution"": ""Apple"", ""country"": ""null""}]"
2021.acl-long.351,,,,2021.acl-long.351,done,University of Colorado Boulder,"# How to Adapt Your Pretrained Multilingual Model to 1600 Languages

Abteen Ebrahimi and Katharina Kann

University of Colorado Boulder

{abteen.ebrahimi,katharina.kann}@colorado.edu",false,,,,"[{""raw_affiliation_text"": ""University of Colorado Boulder"", ""institution"": ""University of Colorado Boulder"", ""country"": null}]"
2021.acl-long.353,,,,2021.acl-long.353,done,Stanford University,"# Prefix-Tuning: Optimizing Continuous Prompts for Generation

Xiang Lisa Li
Stanford University
xlisali@stanford.edu

Percy Liang  
Stanford University  
pliang@cs.stanford.edu",false,,,,"[{""raw_affiliation_text"": ""Stanford University"", ""institution"": ""Stanford University"", ""country"": null}]"
2021.acl-long.354,,,,2021.acl-long.354,done,Fudan University,"# ONE2SET: Generating Diverse Keyphrases as a Set

Jiacheng Ye $^{1}$ , Tao Gui $^{2*}$ , Yichao Luo $^{1}$ , Yige Xu $^{1}$ and Qi Zhang $^{1*}$

$^{1}$ School of Computer Science, Fudan University

$^{2}$ Institute of Modern Languages and Linguistics, Fudan University

{yejc19，tgui16，ycluo18，ygxu18，qz}@fudan.edu.cn",false,,,,"[{""raw_affiliation_text"": ""School of Computer Science, Fudan University"", ""institution"": ""Fudan University"", ""country"": null}]"
2021.acl-long.352,,,,2021.acl-long.352,done,"University of California, San Diego | Bosch Research North America","# Weakly Supervised Named Entity Tagging with Learnable Logical Rules

Jiacheng Li $^{1*}$ , Haibo Ding $^{2}$ , Jingbo Shang $^{1}$ , Julian McAuley $^{1}$ , Zhe Feng $^{2}$

University of California, San Diego

Bosch Research North America

{j91i, jshang, jmcauley}@eng.ucsd.edu

{haibo.ding, zhe.feng2}@us.bosch.com²",false,,,,"[{""raw_affiliation_text"": ""University of California, San Diego"", ""institution"": ""University of California, San Diego"", ""country"": null}, {""raw_affiliation_text"": ""Bosch Research North America"", ""institution"": ""Bosch Research North America"", ""country"": null}]"
2021.acl-long.355,,,,2021.acl-long.355,done,UNC Chapel Hill,"# Continuous Language Generative Flow

Zineng Tang Shiyue Zhang Hyounghun Kim Mohit Bansal

UNC Chapel Hill

{terran, shiyue, hyounghk, mbansal}@cs.unc.edu",false,,,,"[{""raw_affiliation_text"": ""UNC Chapel Hill"", ""institution"": ""UNC Chapel Hill"", ""country"": null}]"
2021.acl-long.349,,,,2021.acl-long.349,done,University of North Carolina Charlotte | University of Massachusetts Amherst,"# Energy-Based Reranking: Improving Neural Machine Translation Using Energy-Based Models

Sumanta Bhattacharyya, Amirmohammad Rooshenas*

Department of Computer Science, College of Computing and Informatics

University of North Carolina Charlotte

{sbhatta9,rooshenas}@uncc.edu

Subhajit Naskar, Simeng Sun, Mohit Iyyer, and Andrew McCallum

College of Information and Computer Science, University of Massachusetts Amherst

{snaskar,simeng,miyyer,mccallum}@cs.umass.edu",false,,,,"[{""raw_affiliation_text"": ""Department of Computer Science, College of Computing and Informatics, University of North Carolina Charlotte"", ""institution"": ""University of North Carolina Charlotte"", ""country"": ""null""}, {""raw_affiliation_text"": ""College of Information and Computer Science, University of Massachusetts Amherst"", ""institution"": ""University of Massachusetts Amherst"", ""country"": ""null""}]"
2021.acl-long.350,,,,2021.acl-long.350,done,"University of California, Los Angeles | Facebook AI","# Syntax-augmented Multilingual BERT for Cross-lingual Transfer

Wasi Uddin Ahmad†, Haoran Li‡, Kai-Wei Chang†, Yashar Mehdad‡

†University of California, Los Angeles, ‡Facebook AI

†{wasiahmad, kwchang}@cs.ucla.edu,‡{aimeeli, mehdad}@fb.com",false,,,,"[{""raw_affiliation_text"": ""University of California, Los Angeles"", ""institution"": ""University of California, Los Angeles"", ""country"": null}, {""raw_affiliation_text"": ""Facebook AI"", ""institution"": ""Facebook AI"", ""country"": null}]"
2021.acl-long.35,,,,2021.acl-long.35,done,University of Washington,"# DESCGEN: A Distantly Supervised Dataset for Generating Abstractive Entity Descriptions

Weijia Shi $^{1}$ , Mandar Joshi $^{1}$ , Luke Zettlemoyer $^{1}$

Paul G. Allen School of Computer Science

Engineering, University of Washington, Seattle, WA

{swj0419, mandar90, lsz}@cs.washington.edu",false,,,,"[{""raw_affiliation_text"": ""Paul G. Allen School of Computer Science Engineering, University of Washington, Seattle, WA"", ""institution"": ""University of Washington"", ""country"": ""USA""}]"
2021.acl-long.357,,,,2021.acl-long.357,done,University of Southern California,"# FORECASTQA: A Question Answering Challenge for Event Forecasting with Temporal Text Data

Woojeong Jin $^{1}$ Rahul Khanna $^{1}$ Suji Kim $^{1}$ Dong-Ho Lee $^{1}$ Fred Morstatter $^{2}$ Aram Galstyan $^{2}$ Xiang Ren $^{1,2}$

$^{1}$ Department of Computer Science, University of Southern California

$^{2}$ Information Sciences Institute, University of Southern California

{woojeong.jin, rahulkha, sujikim, donghole, xiangren} @usc.edu, {fredmors, galstyan} @isi.edu",false,,,,"[{""raw_affiliation_text"": ""Department of Computer Science, University of Southern California"", ""institution"": ""University of Southern California"", ""country"": null}]"
2021.acl-long.359,,,,2021.acl-long.359,done,National University of Singapore | Nanyang Technological University | Virginia Tech,"# How Knowledge Graph and Attention Help? A Quantitative Analysis into Bag-level Relation Extraction

Zikun Hu<sup>1</sup>, Yixin Cao<sup>2</sup>, Lifu Huang<sup>3</sup>, Tat-Seng Chua<sup>1</sup>

$^{1}$ National University of Singapore

$^{2}$ S-Lab, Nanyang Technological University

<sup>3</sup>Computer Science Department, Virginia Tech

zikunhu@nus.edu.sg, yixin.cao@ntu.edu.sg

lifuh@vt.edu,chuats@comp.nus.edu.sg",false,,,,"[{""raw_affiliation_text"": ""National University of Singapore"", ""institution"": ""National University of Singapore"", ""country"": null}, {""raw_affiliation_text"": ""S-Lab, Nanyang Technological University"", ""institution"": ""Nanyang Technological University"", ""country"": null}, {""raw_affiliation_text"": ""Computer Science Department, Virginia Tech"", ""institution"": ""Virginia Tech"", ""country"": null}]"
2021.acl-long.356,,,,2021.acl-long.356,done,Tsinghua University | Beihang University | Huawei Inc.,"# TWAG: A Topic-guided Wikipedia Abstract Generator

Fangwei Zhu $^{1,2}$ , Shangqing Tu $^{3}$ , Jiaxin Shi $^{1,2}$ , Juanzi Li $^{1,2}$ , Lei Hou $^{1,2*}$ and Tong Cui $^{4}$

$^{1}$ Dept. of Computer Sci.&Tech., BNRist, Tsinghua University, Beijing 100084, China

$^{2}$ KIRC, Institute for Artificial Intelligence, Tsinghua University

$^{3}$ School of Computer Science and Engineering, Beihang University

<sup>4</sup>Noah's Ark Lab, Huawei Inc.

{zfw19@mails.,shijx16@mails,lijuanzi@,houlei@}tsinghua.edu.cn

tsq@buaa.edu.cn, cuitong5@huawei.com",false,,,,"[{""raw_affiliation_text"": ""Dept. of Computer Sci.&Tech., BNRist, Tsinghua University, Beijing 100084, China"", ""institution"": ""Tsinghua University"", ""country"": ""China""}, {""raw_affiliation_text"": ""School of Computer Science and Engineering, Beihang University"", ""institution"": ""Beihang University"", ""country"": null}, {""raw_affiliation_text"": ""Noah's Ark Lab, Huawei Inc."", ""institution"": ""Huawei Inc."", ""country"": null}]"
2021.acl-long.360,,,,2021.acl-long.360,done,Chinese Academy of Sciences | University of Chinese Academy of Sciences,"# Trigger is Not Sufficient: Exploiting Frame-aware Knowledge for Implicit Event Argument Extraction

Kaiwen Wei $^{1,2}$ , Sun Xian $^{1,2}$ , Zequn Zhang $^{*1,2}$ , Jingyuan Zhang $^{1,2}$ , Zhi Guo $^{1,2}$ and Li Jin $^{1,2}$

<sup>1</sup>Key Laboratory of Network Information System Technology, Aerospace Information Research Institute, Chinese Academy of Sciences

$^{2}$ School of Electronic, Electrical and Communication Engineering, University of Chinese Academy of Sciences

weikaiwen19@mails.ucas.ac.cn, zqzhang1@mail.ie.ac.cn",false,,,,"[{""raw_affiliation_text"": ""Key Laboratory of Network Information System Technology, Aerospace Information Research Institute, Chinese Academy of Sciences"", ""institution"": ""Chinese Academy of Sciences"", ""country"": null}, {""raw_affiliation_text"": ""School of Electronic, Electrical and Communication Engineering, University of Chinese Academy of Sciences"", ""institution"": ""University of Chinese Academy of Sciences"", ""country"": null}]"
2021.acl-long.358,,,,2021.acl-long.358,done,"University of California, San Diego","# Recursive Tree-Structured Self-Attention for Answer Sentence Selection

Khalil Mrini, Emilia Farcas, and Ndapa Nakashole

University of California, San Diego, La Jolla, CA 92093

{khalil,efarcas,nnakashole}@ucsd.edu",false,,,,"[{""raw_affiliation_text"": ""University of California, San Diego, La Jolla, CA 92093"", ""institution"": ""University of California, San Diego"", ""country"": ""USA""}]"
2021.acl-long.363,,,,2021.acl-long.363,done,Carnegie Mellon University | Amazon,"# CoRI: Collective Relation Integration with Data Augmentation for Open Information Extraction

Zhengbao Jiang $^{1*}$ , Jialong Han $^{2}$ , Bunyamin Sisman $^{2}$ , Xin Luna Dong $^{2}$

Language Technologies Institute, Carnegie Mellon University

Amazon2

zhengbai@cs.cmu.edu

{jialongh,bunyamis,lunadong}@amazon.com",false,,,,"[{""raw_affiliation_text"": ""Language Technologies Institute, Carnegie Mellon University"", ""institution"": ""Carnegie Mellon University"", ""country"": null}, {""raw_affiliation_text"": ""Amazon"", ""institution"": ""Amazon"", ""country"": null}]"
2021.acl-long.36,,,,2021.acl-long.36,done,Charles University,"# Introducing Orthogonal Constraint in Structural Probes

Tomasz Limisiewicz and David Mareček

Institute of Formal and Applied Linguistics, Faculty of Mathematics and Physics

Charles University, Prague, Czech Republic

{limisiewicz, marecek}@ufal.mff.cuni.cz",false,,,,"[{""raw_affiliation_text"": ""Institute of Formal and Applied Linguistics, Faculty of Mathematics and Physics, Charles University, Prague, Czech Republic"", ""institution"": ""Charles University"", ""country"": ""Czech Republic""}]"
2021.acl-long.361,,,,2021.acl-long.361,done,Chinese Academy of Sciences | University of Chinese Academy of Sciences,"# Element Intervention for Open Relation Extraction

Fangchao Liu1,3, Lingyong Yan1,3, Hongyu $\mathbf { L i n ^ { 1 , * } }$ , Xianpei $\mathbf { H } \mathbf { a } \mathbf { n } ^ { 1 , 2 , * }$ , Le $\mathbf { S u n ^ { 1 , 2 } }$

1Chinese Information Processing Laboratory 2State Key Laboratory of Computer Science

Institute of Software, Chinese Academy of Sciences, Beijing, China

3University of Chinese Academy of Sciences, Beijing, China

{fangchao2017,lingyong2014,hongyu,xianpei,sunle}@iscas.ac.cn",false,,,,"[{""raw_affiliation_text"": ""Chinese Information Processing Laboratory Institute of Software, Chinese Academy of Sciences, Beijing, China"", ""institution"": ""Chinese Academy of Sciences"", ""country"": ""China""}, {""raw_affiliation_text"": ""University of Chinese Academy of Sciences, Beijing, China"", ""institution"": ""University of Chinese Academy of Sciences"", ""country"": ""China""}]"
2021.acl-long.365,,,,2021.acl-long.365,done,University of Chinese Academy of Sciences | Chinese Academy of Sciences | Baidu Inc.,"# Search from History and Reason for Future: Two-stage Reasoning on Temporal Knowledge Graphs

Zixuan Li $^{1,2}$ , Xiaolong Jin $^{1,2}$ , Saiping Guan $^{1,2}$ , Wei Li $^{3}$ , Jiafeng Guo $^{1,2}$ , Yuanzhuo Wang $^{1,2}$ and Xueqi Cheng $^{1,2}$

$^{1}$ School of Computer Science and Technology, University of Chinese Academy of Sciences;

$^{2}$ CAS Key Laboratory of Network Data Science and Technology, Institute of

Computing Technology, Chinese Academy of Sciences;

$^{3}$ Baidu Inc.

{lizixuan,jinxiaolong,guansaiping}@ict.ac.cn

liwei85@baidu.com",false,,,,"[{""raw_affiliation_text"": ""School of Computer Science and Technology, University of Chinese Academy of Sciences"", ""institution"": ""University of Chinese Academy of Sciences"", ""country"": null}, {""raw_affiliation_text"": ""CAS Key Laboratory of Network Data Science and Technology, Institute of Computing Technology, Chinese Academy of Sciences"", ""institution"": ""Chinese Academy of Sciences"", ""country"": null}, {""raw_affiliation_text"": ""Baidu Inc."", ""institution"": ""Baidu Inc."", ""country"": null}]"
2021.acl-long.366,,,,2021.acl-long.366,done,Leipzig University | University of Erlangen-Nuremberg | Paderborn University | IBM Research Europe | Bauhaus-Universität Weimar,"# Employing Argumentation Knowledge Graphs for Neural Argument Generation

Khalid Al-Khatib<sup>1</sup> Lukas Trautner<sup>2</sup> Henning Wachsmuth<sup>3</sup> Yufang Hou<sup>4</sup> Benno Stein<sup>5</sup>

<sup>1</sup> Leipzig University, Germany, khalid.alkhatib@uni-leipzig.de

<sup>2</sup> University of Erlangen-Nuremberg, Germany, lukas.trautner@fau.de

3 Paderborn University, Germany, henningw@upb.de

<sup>4</sup> IBM Research Europe, Ireland, yhou@ie.ibm.com

<sup>5</sup> Bauhaus-Universität Weimar, Germany, benno.stein@uni-weimar.de",false,,,,"[{""raw_affiliation_text"": ""Leipzig University, Germany"", ""institution"": ""Leipzig University"", ""country"": ""Germany""}, {""raw_affiliation_text"": ""University of Erlangen-Nuremberg, Germany"", ""institution"": ""University of Erlangen-Nuremberg"", ""country"": ""Germany""}, {""raw_affiliation_text"": ""Paderborn University, Germany"", ""institution"": ""Paderborn University"", ""country"": ""Germany""}, {""raw_affiliation_text"": ""IBM Research Europe, Ireland"", ""institution"": ""IBM Research Europe"", ""country"": ""Ireland""}, {""raw_affiliation_text"": ""Bauhaus-Universität Weimar, Germany"", ""institution"": ""Bauhaus-Universität Weimar"", ""country"": ""Germany""}]"
2021.acl-long.362,,,,2021.acl-long.362,done,University of Southern California | Amazon.com | University of Oklahoma,"# AdaTag: Multi-Attribute Value Extraction from Product Profiles with Adaptive Decoding

Jun Yan $^{1*}$ , Nasser Zalmout $^{2}$ , Yan Liang $^{2}$ , Christian Grant $^{3}$ , Xiang Ren $^{1}$ , Xin Luna Dong $^{2}$

University of Southern California<sup>1</sup>, Amazon.com<sup>2</sup>, University of Oklahoma<sup>3</sup>,

{yanjun, xiangren}@usc.edu,{nzalmout, ynliang, lunadong}@amazon.com,cgrant@ou.edu",false,,,,"[{""raw_affiliation_text"": ""University of Southern California"", ""institution"": ""University of Southern California"", ""country"": null}, {""raw_affiliation_text"": ""Amazon.com"", ""institution"": ""Amazon.com"", ""country"": null}, {""raw_affiliation_text"": ""University of Oklahoma"", ""institution"": ""University of Oklahoma"", ""country"": null}]"
2021.acl-long.364,,,,2021.acl-long.364,done,"University of California, Irvine | Google Research | University of Massachusetts, Amherst","# Benchmarking Scalable Methods for Streaming Cross Document Entity Coreference

Robert L. Logan IV* Andrew McCallum Daniel Bikel University of California, Irvine Google Research University of Massachusetts, Amherst {rlogan,sameer}@uci.edu {mccallum,dbikel}@google.com",false,,,,"[{""raw_affiliation_text"": ""University of California, Irvine"", ""institution"": ""University of California, Irvine"", ""country"": null}, {""raw_affiliation_text"": ""Google Research"", ""institution"": ""Google Research"", ""country"": null}, {""raw_affiliation_text"": ""University of Massachusetts, Amherst"", ""institution"": ""University of Massachusetts, Amherst"", ""country"": null}]"
2021.acl-long.367,,,,2021.acl-long.367,done,Singapore University of Technology and Design | Alibaba Group,"# Learning Span-Level Interactions for Aspect Sentiment Triplet Extraction

Lu Xu $^{1,2}$ , Yew Ken Chia $^{1,2}$ , Lidong Bing $^{2}$

$^{1}$ Singapore University of Technology and Design

2 DAMO Academy, Alibaba Group

{xu_lu,yewken_chia}@mypail.sutd.edu.sg

l.bing@alibaba-inc.com",false,,,,"[{""raw_affiliation_text"": ""Singapore University of Technology and Design"", ""institution"": ""Singapore University of Technology and Design"", ""country"": null}, {""raw_affiliation_text"": ""DAMO Academy, Alibaba Group"", ""institution"": ""Alibaba Group"", ""country"": null}]"
2021.acl-long.368,,,,2021.acl-long.368,done,Zhejiang University | Westlake University | Westlake Institute for Advanced Study,"# On Compositional Generalization of Neural Machine Translation

Yafu Li\*, Yongjing Yin\*, Yulong Chen\*, Yue Zhang

$\spadesuit$ Zhejiang University

School of Engineering, Westlake University

$\diamond$ Institute of Advanced Technology, Westlake Institute for Advanced Study

yafuly@gmail.com yinyongjing@westlake.edu.cn

yulongchen1010@gmail.com yue.zhang@wias.org.cn",false,,,,"[{""raw_affiliation_text"": ""Zhejiang University"", ""institution"": ""Zhejiang University"", ""country"": null}, {""raw_affiliation_text"": ""School of Engineering, Westlake University"", ""institution"": ""Westlake University"", ""country"": null}, {""raw_affiliation_text"": ""Institute of Advanced Technology, Westlake Institute for Advanced Study"", ""institution"": ""Westlake Institute for Advanced Study"", ""country"": null}]"
2021.acl-long.370,,,,2021.acl-long.370,done,Tencent AI Lab,"# GWLAN: General Word-Level AutocompletionN for Computer-Aided Translation

Huayang Li Lemao Liu Guoping Huang Shuming Shi

Tencent AI Lab

{alanili,redmondliu,donkeyhuang,shumingshi}@tencent.com",false,,,,"[{""raw_affiliation_text"": ""Tencent AI Lab"", ""institution"": ""Tencent AI Lab"", ""country"": null}]"
2021.acl-long.369,,,,2021.acl-long.369,done,Tsinghua University | Beijing National Research Center for Information Science and Technology | Beijing Academy of Artificial Intelligence,"# MASK-ALIGN: Self-Supervised Neural Word Alignment

Chi Chen $^{1,3,4}$ , Maosong Sun $^{1,3,4,5}$ , Yang Liu $^{*1,2,3,4,5}$

$^{1}$ Department of Computer Science and Technology, Tsinghua University, Beijing, China

$^{2}$ Institute for AI Industry Research, Tsinghua University, Beijing, China

$^{3}$ Institute for Artificial Intelligence, Tsinghua University, Beijing, China

<sup>4</sup>Beijing National Research Center for Information Science and Technology

$^{5}$ Beijing Academy of Artificial Intelligence",false,,,,"[{""raw_affiliation_text"": ""Department of Computer Science and Technology, Tsinghua University, Beijing, China"", ""institution"": ""Tsinghua University"", ""country"": ""China""}, {""raw_affiliation_text"": ""Beijing National Research Center for Information Science and Technology"", ""institution"": ""Beijing National Research Center for Information Science and Technology"", ""country"": null}, {""raw_affiliation_text"": ""Beijing Academy of Artificial Intelligence"", ""institution"": ""Beijing Academy of Artificial Intelligence"", ""country"": null}]"
2021.acl-long.37,,,,2021.acl-long.37,done,Tsinghua University | Beijing National Research Center for Information Science and Technology | Beihang University | Huazhong University of Science and Technology | Huawei Noah's Ark Lab,"# Hidden Killer: Invisible Textual Backdoor Attacks with Syntactic Trigger

Fanchao Qi $^{1,2*}$ , Mukai Li $^{2,4*†}$ , Yangyi Chen $^{2,5*†}$ , Zhengyan Zhang $^{1,2}$ , Zhiyuan Liu $^{1,2,3}$ , Yasheng Wang $^{6}$ , Maosong Sun $^{1,2,3‡}$

$^{1}$ Department of Computer Science and Technology, Tsinghua University, Beijing, China

Beijing National Research Center for Information Science and Technology

$^{3}$ Institute for Artificial Intelligence, Tsinghua University, Beijing, China

<sup>4</sup>Beihang University <sup>5</sup>Huazhong University of Science and Technology

$^{6}$ Huawei Noah's Ark Lab

qfc17@mails.tsinghua.edu.cn",false,,,,"[{""raw_affiliation_text"": ""Department of Computer Science and Technology, Tsinghua University, Beijing, China"", ""institution"": ""Tsinghua University"", ""country"": ""China""}, {""raw_affiliation_text"": ""Beijing National Research Center for Information Science and Technology"", ""institution"": ""Beijing National Research Center for Information Science and Technology"", ""country"": null}, {""raw_affiliation_text"": ""Beihang University"", ""institution"": ""Beihang University"", ""country"": null}, {""raw_affiliation_text"": ""Huazhong University of Science and Technology"", ""institution"": ""Huazhong University of Science and Technology"", ""country"": null}, {""raw_affiliation_text"": ""Huawei Noah's Ark Lab"", ""institution"": ""Huawei Noah's Ark Lab"", ""country"": null}]"
2021.acl-long.371,,,,2021.acl-long.371,done,"Institute of Software, Chinese Academy of Sciences | University of Chinese Academy of Sciences","# De-biasing Distantly Supervised Named Entity Recognition via Causal Intervention

Wenkai Zhang $^{1,3}$ , Hongyu Lin $^{1,*}$ , Xianpei Han $^{1,2,*}$ , Le Sun $^{1,2}$

$^{1}$ Chinese Information Processing Laboratory $^{2}$ State Key Laboratory of Computer Science

Institute of Software, Chinese Academy of Sciences, Beijing, China

<sup>3</sup> University of Chinese Academy of Sciences, Beijing, China

{wenkai2019,hongyu,xianpei,sunle}@iscas.ac.cn",false,,,,"[{""raw_affiliation_text"": ""Chinese Information Processing Laboratory, Institute of Software, Chinese Academy of Sciences, Beijing, China"", ""institution"": ""Institute of Software, Chinese Academy of Sciences"", ""country"": ""China""}, {""raw_affiliation_text"": ""University of Chinese Academy of Sciences, Beijing, China"", ""institution"": ""University of Chinese Academy of Sciences"", ""country"": ""China""}]"
2021.acl-long.372,,,,2021.acl-long.372,done,Wuhan University | Tianjin University,"# A Span-Based Model for Joint Overlapped and Discontinuous Named Entity Recognition

Fei Li $^{1}$ and Zhichao Lin $^{2}$ and Meishan Zhang $^{2}$ and Donghong Ji $^{1*}$

1. Department of Key Laboratory of Aerospace Information Security and Trusted Computing, Ministry of Education, School of Cyber Science and Engineering, Wuhan University, China

2. School of New Media and Communication, Tianjin University, China

{lifei_csnlp, dhji}@whu.edu.cn and mason.zms@gmail.com",false,,,,"[{""raw_affiliation_text"": ""Department of Key Laboratory of Aerospace Information Security and Trusted Computing, Ministry of Education, School of Cyber Science and Engineering, Wuhan University, China"", ""institution"": ""Wuhan University"", ""country"": ""China""}, {""raw_affiliation_text"": ""School of New Media and Communication, Tianjin University, China"", ""institution"": ""Tianjin University"", ""country"": ""China""}]"
2021.acl-long.374,,,,2021.acl-long.374,done,Vin AI Research | University of Oregon,"# Exploiting Document Structures and Cluster Consistencies for Event Coreference Resolution

Hieu Minh Tran<sup>1</sup>, Duy Phung<sup>1</sup> and Thien Huu Nguyen<sup>2</sup>

$^{1}$ VinAI Research, Vietnam

$^{2}$ Department of Computer and Information Science, University of Oregon, Eugene, OR 97403, USA

{v.hieutm4,v.duypv1}@vinai.io,thien@cs.uoregon.edu",false,,,,"[{""raw_affiliation_text"": ""VinAI Research, Vietnam"", ""institution"": ""Vin AI Research"", ""country"": ""Vietnam""}, {""raw_affiliation_text"": ""Department of Computer and Information Science, University of Oregon, Eugene, OR 97403, USA"", ""institution"": ""University of Oregon"", ""country"": ""USA""}]"
2021.acl-long.373,,,,2021.acl-long.373,done,Zhejiang University,"# MLBiNet: A Cross-Sentence Collective Event Detection Network

Dongfang Lou $^{1,2}$ , Zhilin Liao $^{1,2}$ , Shumin Deng $^{1,2}$ , Ningyu Zhang $^{1,2}$ , Huajun Chen $^{1,2}$

<sup>1</sup> Zhejiang University & AZFT Joint Lab for Knowledge Engine

$^{2}$ Hangzhou Innovation Center, Zhejiang University

loudongfang2015@163.com, zhilinlianq@yeah.net

{231sm, zhangningyu, huajunsir}@zju.edu.cn",false,,,,"[{""raw_affiliation_text"": ""Zhejiang University & AZFT Joint Lab for Knowledge Engine"", ""institution"": ""Zhejiang University"", ""country"": null}]"
2021.acl-long.376,,,,2021.acl-long.376,done,"Institute of Automation, CAS | University of Chinese Academy of Sciences | Beijing Baidu Netcom Science Technology Co., Ltd","# Knowledge-Enriched Event Causality Identification via Latent Structure Induction Networks

Pengfei Cao1,2, Xinyu $\mathbf { Z } \mathbf { u } \mathbf { o } ^ { 1 , 2 }$ , Yubo Chen1,2, Kang Liu1,2, Jun Zhao1,2, Yuguang Chen3 and Weihua Peng3

1National Laboratory of Pattern Recognition, Institute of Automation, CAS, Beijing, China 2School of Artificial Intelligence, University of Chinese Academy of Sciences, Beijing, China

3Beijing Baidu Netcom Science Technology Co., Ltd {pengfei.cao, xinyu.zuo, yubo.chen, kliu, jzhao}@nlpr.ia.ac.cn, {chenyuguang, pengweihua}@baidu.com",false,,,,"[{""raw_affiliation_text"": ""National Laboratory of Pattern Recognition, Institute of Automation, CAS, Beijing, China"", ""institution"": ""Institute of Automation, CAS"", ""country"": ""China""}, {""raw_affiliation_text"": ""School of Artificial Intelligence, University of Chinese Academy of Sciences, Beijing, China"", ""institution"": ""University of Chinese Academy of Sciences"", ""country"": ""China""}, {""raw_affiliation_text"": ""Beijing Baidu Netcom Science Technology Co., Ltd"", ""institution"": ""Beijing Baidu Netcom Science Technology Co., Ltd"", ""country"": null}]"
2021.acl-long.378,,,,2021.acl-long.378,done,Harvard University | Cornell University | MIT CSAIL | MIT-IBM Watson AI,"# Parameter-Efficient Transfer Learning with Diff Pruning

Demi Guo

Harvard University  
dguo@college.harvard.edu

Alexander M. Rush

Cornell University arush@cornell.edu

Yoon Kim

MIT CSAIL  
MIT-IBM Watson AI  
yoonkim@mit.edu",false,,,,"[{""raw_affiliation_text"": ""Harvard University"", ""institution"": ""Harvard University"", ""country"": null}, {""raw_affiliation_text"": ""Cornell University"", ""institution"": ""Cornell University"", ""country"": null}, {""raw_affiliation_text"": ""MIT CSAIL"", ""institution"": ""MIT CSAIL"", ""country"": null}, {""raw_affiliation_text"": ""MIT-IBM Watson AI"", ""institution"": ""MIT-IBM Watson AI"", ""country"": null}]"
2021.acl-long.38,,,,2021.acl-long.38,done,University of Cambridge | ETH Zürich,"# Examining the Inductive Bias of Neural Language Models with Artificial Languages

Jennifer C. White Ryan Cotterell

University of Cambridge, ETH Zürich

jw2088@cam.ac.uk, ryan.cotterell@inf.ethz.ch",false,,,,"[{""raw_affiliation_text"": ""University of Cambridge"", ""institution"": ""University of Cambridge"", ""country"": null}, {""raw_affiliation_text"": ""ETH Zürich"", ""institution"": ""ETH Zürich"", ""country"": null}]"
2021.acl-long.375,,,,2021.acl-long.375,done,Technology Beijing Key Lab of Traffic Data Analysis and Mining | Beijing Jiaotong University,"# StereoRel: Relational Triple Extraction from a Stereoscopic Perspective

Xuetao Tian $^{1}$ , Liping Jing $^{1,*}$ , Lu He $^{2}$ , Feng Liu $^{2}$

$^{1}$ Technology Beijing Key Lab of Traffic Data Analysis and Mining

$^{2}$ Engineering Research Center of Network Management Technology for High Speed Railway School of Computer and Information Technology, Beijing Jiaotong University,

Beijing, China, 100044

{xttian, lpjing, helu19, fliu}@bjtu.edu.cn",false,,,,"[{""raw_affiliation_text"": ""Technology Beijing Key Lab of Traffic Data Analysis and Mining"", ""institution"": ""Technology Beijing Key Lab of Traffic Data Analysis and Mining"", ""country"": null}, {""raw_affiliation_text"": ""Engineering Research Center of Network Management Technology for High Speed Railway School of Computer and Information Technology, Beijing Jiaotong University, Beijing, China, 100044"", ""institution"": ""Beijing Jiaotong University"", ""country"": ""China""}]"
2021.acl-long.383,,,,2021.acl-long.383,done,Hong Kong Baptist University | Rutgers University,"# Personalized Transformer for Explainable Recommendation

Lei Li $^{1}$ Yongfeng Zhang $^{2}$ Li Chen $^{1}$

$^{1}$ Hong Kong Baptist University, Hong Kong, China

2Rutgers University, New Brunswick, USA

1{csleili,lichen}@comp.hkbu.edu.hk

yongfeng.zhang@rutgers.edu",false,,,,"[{""raw_affiliation_text"": ""Hong Kong Baptist University, Hong Kong, China"", ""institution"": ""Hong Kong Baptist University"", ""country"": ""China""}, {""raw_affiliation_text"": ""Rutgers University, New Brunswick, USA"", ""institution"": ""Rutgers University"", ""country"": ""USA""}]"
2021.acl-long.386,,,,2021.acl-long.386,done,Humboldt Universität zu Berlin,"# Early Detection of Sexual Predators in Chats

# Matthias Vogt Ulf Leser Alan Akbik

# Humboldt Universität zu Berlin

matthias.vogt@campus.tu-berlin.de

leser@informatik.hu-berlin.de

alan.akbik@hu-berlin.de",false,,,,"[{""raw_affiliation_text"": ""Humboldt Universität zu Berlin"", ""institution"": ""Humboldt Universität zu Berlin"", ""country"": null}]"
2021.acl-long.384,,,,2021.acl-long.384,done,Carnegie Mellon University,"# Generating SOAP Notes from Doctor-Patient Conversations Using Modular Summarization Techniques

Kundan Krishna, Sopan Khosla, Jeffrey Bigham, Zachary C. Lipton

Carnegie Mellon University

5000 Forbes Avenue

Pittsburgh, PA

{kundank,sopank,jbigham,zlipton}@andrew.cmu.edu",false,,,,"[{""raw_affiliation_text"": ""Carnegie Mellon University"", ""institution"": ""Carnegie Mellon University"", ""country"": null}]"
2021.acl-long.385,,,,2021.acl-long.385,done,Tencent AI Lab,"# Tail-to-Tail Non-Autoregressive Sequence Prediction for Chinese Grammatical Error Correction

Piji Li Shuming Shi

Tencent AI Lab, Shenzhen, China

{pijili,shumingshi}@tencent.com",false,,,,"[{""raw_affiliation_text"": ""Tencent AI Lab, Shenzhen, China"", ""institution"": ""Tencent AI Lab"", ""country"": ""China""}]"
2021.acl-long.382,,,,2021.acl-long.382,done,Massachusetts Institute of Technology,"# Lexicon Learning for Few-Shot Neural Sequence Modeling

Ekin Akyurek Jacob Andreas Massachusetts Institute of Technology {akyurek, jda}@mit.edu",false,,,,"[{""raw_affiliation_text"": ""Massachusetts Institute of Technology"", ""institution"": ""Massachusetts Institute of Technology"", ""country"": ""null""}]"
2021.acl-long.387,,,,2021.acl-long.387,done,UC San Diego | Penn State University | Microsoft Azure Computer Vision,"# Writing by Memorizing: Hierarchical Retrieval-based Medical Report Generation

Xingyi Yang*

UC San Diego

x3yang@eng.ucsd.edu

Muchao Ye

Penn State University

muchao@psu.edu

Quanzeng You

Microsoft Azure Computer Vision

quyou@microsoft.com

Fenglong Ma†

Penn State University

fenglong@psu.edu",false,,,,"[{""raw_affiliation_text"": ""UC San Diego"", ""institution"": ""UC San Diego"", ""country"": null}, {""raw_affiliation_text"": ""Penn State University"", ""institution"": ""Penn State University"", ""country"": null}, {""raw_affiliation_text"": ""Microsoft Azure Computer Vision"", ""institution"": ""Microsoft Azure Computer Vision"", ""country"": null}]"
2021.acl-long.388,,,,2021.acl-long.388,done,Tencent AI Platform Department,"# Concept-Based Label Embedding via Dynamic Routing for Hierarchical Text Classification

Xuepeng Wang, Li Zhao, Bing Liu, Tao Chen, Feng Zhang, Di Wang

Tencent AI Platform Department, China

{woodswang,lilythzhao,andybliu}@tencent.com

{vitochen,jayzhang,diwang}@tencent.com",false,,,,"[{""raw_affiliation_text"": ""Tencent AI Platform Department, China"", ""institution"": ""Tencent AI Platform Department"", ""country"": ""China""}]"
2021.acl-long.379,,,,2021.acl-long.379,done,Ant Financial Services Group | University of Potsdam,"# R2D2: Recursive Transformer based on Differentiable Tree for Interpretable Hierarchical Language Modeling

Xiang Hu†* Haitao Mi†* Zujie Wen† Yafang Wang† Yi Su† Jing Zheng† Gerard de Melo‡

Ant Financial Services Group†

{aaron.hx, Haitao.mi, zujie.wzj, yafang.wyf, yi.su, jing.zheng}

@alibaba-inc.com

Hasso Plattner Institute / University of Potsdam

gdm@demelo.org",false,,,,"[{""raw_affiliation_text"": ""Ant Financial Services Group†"", ""institution"": ""Ant Financial Services Group"", ""country"": null}, {""raw_affiliation_text"": ""Hasso Plattner Institute / University of Potsdam"", ""institution"": ""University of Potsdam"", ""country"": null}]"
2021.acl-long.381,,,,2021.acl-long.381,done,Yereva NN | Yerevan State University | University of Southern California,"# WARP: Word-level Adversarial ReProgramming

Karen Hambardzumyan<sup>1</sup>, Hrant Khachatrian<sup>1,2</sup>, Jonathan May<sup>3</sup>

$^{1}$ YerevaNN, $^{2}$ Yerevan State University,

<sup>3</sup>Information Sciences Institute, University of Southern California

mahnerak@yerevann.com, hrant@yerevann.com, jonmay@isi.edu",false,,,,"[{""raw_affiliation_text"": ""YerevaNN"", ""institution"": ""Yereva NN"", ""country"": null}, {""raw_affiliation_text"": ""Yerevan State University"", ""institution"": ""Yerevan State University"", ""country"": null}, {""raw_affiliation_text"": ""Information Sciences Institute, University of Southern California"", ""institution"": ""University of Southern California"", ""country"": null}]"
2021.acl-long.389,,,,2021.acl-long.389,done,Carnegie Mellon University | SOCO Inc,"# VisualSparta: An Embarrassingly Simple Approach to Large-scale Text-to-Image Search with Weighted Bag-of-words

Xiaopeng Lu*

Language Technologies Institute

Carnegie Mellon University

xiaopen2@andrew.cmu.edu

Tiancheng Zhao, Kyusong Lee

SOCO Inc

Pittsburgh, USA

{tianchez,kyusongl}@soco.ai",false,,,,"[{""raw_affiliation_text"": ""Language Technologies Institute Carnegie Mellon University"", ""institution"": ""Carnegie Mellon University"", ""country"": null}, {""raw_affiliation_text"": ""SOCO Inc Pittsburgh, USA"", ""institution"": ""SOCO Inc"", ""country"": ""USA""}]"
2021.acl-long.377,,,,2021.acl-long.377,done,Tsinghua University | Beijing National Research Center for Information Science and Technology | Mc Gill University,"# Turn the Combination Lock: Learnable Textual Backdoor Attacks via Word Substitution

Fanchao Qi $^{1,2*}$ , Yuan Yao $^{1,2*}$ , Sophia Xu $^{2,4*†}$ , Zhiyuan Liu $^{1,2,3}$ , Maosong Sun $^{1,2,3‡}$ $^{1}$ Department of Computer Science and Technology, Tsinghua University, Beijing, China $^{2}$ Beijing National Research Center for Information Science and Technology $^{3}$ Institute for Artificial Intelligence, Tsinghua University, Beijing, China $^{4}$ McGill University, Canada  
{qfc17, yuan-yao18}@ mails.tsinghua.edu.cn  
sophia.xu@mail.mcgill.ca {liuzy,sms}@tsinghua.edu.cn",false,,,,"[{""raw_affiliation_text"": ""Department of Computer Science and Technology, Tsinghua University, Beijing, China"", ""institution"": ""Tsinghua University"", ""country"": ""China""}, {""raw_affiliation_text"": ""Beijing National Research Center for Information Science and Technology"", ""institution"": ""Beijing National Research Center for Information Science and Technology"", ""country"": null}, {""raw_affiliation_text"": ""McGill University, Canada"", ""institution"": ""Mc Gill University"", ""country"": ""Canada""}]"
2021.acl-long.39,,,,2021.acl-long.39,done,University of Konstanz,"# Explaining Contextualization in Language Models using Visual Analytics

Rita Sevastjanova* and Aikaterini-Lida Kalouli† and Christin Beck† and Hanna Schäfer* and Mennatallah El-Assady*

University of Konstanz

firstname.lastname@uni-konstanz.de",false,,,,"[{""raw_affiliation_text"": ""University of Konstanz"", ""institution"": ""University of Konstanz"", ""country"": null}]"
2021.acl-long.391,,,,2021.acl-long.391,done,Jilin University | Key Laboratory of Symbolic Computation and Knowledge Engineering,"# Semi-Supervised Text Classification with Balanced Deep Representation Distributions

Changchun Li, Ximing Li*† and Jihong Ouyang†

College of Computer Science and Technology, Jilin University, China

Key Laboratory of Symbolic Computation and Knowledge Engineering

of Ministry of Education, China

changchunli93@gmail.com, liximing86@gmail.com, ouyj@jlu.edu.cn",false,,,,"[{""raw_affiliation_text"": ""College of Computer Science and Technology, Jilin University, China"", ""institution"": ""Jilin University"", ""country"": ""China""}, {""raw_affiliation_text"": ""Key Laboratory of Symbolic Computation and Knowledge Engineering of Ministry of Education, China"", ""institution"": ""Key Laboratory of Symbolic Computation and Knowledge Engineering"", ""country"": ""China""}]"
2021.acl-long.380,,,,2021.acl-long.380,done,Shanghai Tech University | Shanghai Engineering Research Center of Intelligent Vision and Imaging | Chinese Academy of Sciences | University of Chinese Academy of Sciences | Alibaba Group,"# Risk Minimization for Zero-shot Sequence Labeling

Zechuan Hu $^{\diamond \ddagger}$ , Yong Jiang $^{\dagger *}$ , Nguyen Bach $^{\dagger}$ , Tao Wang $^{\dagger}$ , Zhongqiang Huang $^{\dagger}$ , Fei Huang $^{\dagger}$ , Kewei Tu $^{\diamond *}$

$^{\diamond}$ School of Information Science and Technology, ShanghaiTech University

$^{\diamond}$ Shanghai Engineering Research Center of Intelligent Vision and Imaging

$^{\diamond}$ Shanghai Institute of Microsystem and Information Technology, Chinese Academy of Sciences

$^{\circ}$ University of Chinese Academy of Sciences

$\dagger$ DAMO Academy, Alibaba Group

{huzch,tukw}@shanghaiitech.edu.cn, yongjiang.jy@alibaba-inc.com

{nguyen.bach,leeo.wangt,z.huang,f.huang}@alibaba-inc.com",false,,,,"[{""raw_affiliation_text"": ""School of Information Science and Technology, ShanghaiTech University"", ""institution"": ""Shanghai Tech University"", ""country"": null}, {""raw_affiliation_text"": ""Shanghai Engineering Research Center of Intelligent Vision and Imaging"", ""institution"": ""Shanghai Engineering Research Center of Intelligent Vision and Imaging"", ""country"": null}, {""raw_affiliation_text"": ""Shanghai Institute of Microsystem and Information Technology, Chinese Academy of Sciences"", ""institution"": ""Chinese Academy of Sciences"", ""country"": null}, {""raw_affiliation_text"": ""University of Chinese Academy of Sciences"", ""institution"": ""University of Chinese Academy of Sciences"", ""country"": null}, {""raw_affiliation_text"": ""DAMO Academy, Alibaba Group"", ""institution"": ""Alibaba Group"", ""country"": null}]"
2021.acl-long.392,,,,2021.acl-long.392,done,Chinese Academy of Sciences | University of Chinese Academy of Sciences | Meituan,"# Improving Document Representations by Generating Pseudo Query Embeddings for Dense Retrieval

Hongyin Tang $^{1,2,*}$ , Xingwu Sun $^{3,*}$ , Beihong Jin $^{1,2,\dagger}$ , Jingang Wang $^{3}$ , Fuzheng Zhang $^{3}$ , Wei Wu $^{3}$

$^{1}$ State Key Laboratory of Computer Science

Institute of Software, Chinese Academy of Sciences

$^{2}$ University of Chinese Academy of Sciences, Beijing China

3Meituan

tanghongyin14@otcaix.iscas.ac.cn,Beihong@iscas.ac.cn {sunxingwu，wangjingang02，zhangfuzheng，wuwei30}@meituan.com",false,,,,"[{""raw_affiliation_text"": ""State Key Laboratory of Computer Science Institute of Software, Chinese Academy of Sciences"", ""institution"": ""Chinese Academy of Sciences"", ""country"": null}, {""raw_affiliation_text"": ""University of Chinese Academy of Sciences, Beijing China"", ""institution"": ""University of Chinese Academy of Sciences"", ""country"": ""China""}, {""raw_affiliation_text"": ""Meituan"", ""institution"": ""Meituan"", ""country"": null}]"
2021.acl-long.393,,,,2021.acl-long.393,done,Beijing University of Posts and Telecommunications | Meituan Inc.,"# ConSERT: A Contrastive Framework for Self-Supervised Sentence Representation Transfer

Yuanmeng Yan $^{1*}$ , Rumei Li $^{2*}$ , Sirui Wang $^{2}$ , Fuzheng Zhang $^{2}$ , Wei Wu $^{2}$ , Weiran Xu $^{1}$

<sup>1</sup>Beijing University of Posts and Telecommunications, Beijing, China

$^{2}$ Meituan Inc., Beijing, China

{yanyuanmeng,xuweiran}@bupt.edu.cn

{lirumei, wangsirui, zhangfuzheng, wuwei30}@meituan.com",false,,,,"[{""raw_affiliation_text"": ""Beijing University of Posts and Telecommunications, Beijing, China"", ""institution"": ""Beijing University of Posts and Telecommunications"", ""country"": ""China""}, {""raw_affiliation_text"": ""Meituan Inc., Beijing, China"", ""institution"": ""Meituan Inc."", ""country"": ""China""}]"
2021.acl-long.390,,,,2021.acl-long.390,done,Tsinghua University | Beijing National Research Center for Information Science and Technology | Microsoft Research,"# Few-Shot Text Ranking with Meta Adapted Synthetic Weak Supervision

Si Sun $^{1}$ , Yingzhuo Qian $^{2}$ , Zhenghao Liu $^{2}$ , Chenyan Xiong $^{3}$ , Kaitao Zhang $^{2}$ , Jie Bao $^{1}$ , Zhiyuan Liu $^{2}$ , Paul Bennett $^{3}$

$^{1}$ Department of Electronic Engineering, Tsinghua University, Beijing, China $^{2}$ Department of Computer Science and Technology, Tsinghua University, Beijing, China  
Institute for Artificial Intelligence, Tsinghua University, Beijing, China  
Beijing National Research Center for Information Science and Technology, China $^{3}$ Microsoft Research, Redmond, USA  
{s-sun17, qyz17, liu-zh16, zkt18}@mails.tsinghua.edu.cn  
{bao, liuzy}@tsinghua.edu.cn  
{chenyan.xiong, Paul.N.Bennett}@microsoft.com",false,,,,"[{""raw_affiliation_text"": ""Department of Electronic Engineering, Tsinghua University, Beijing, China"", ""institution"": ""Tsinghua University"", ""country"": ""China""}, {""raw_affiliation_text"": ""Beijing National Research Center for Information Science and Technology, China"", ""institution"": ""Beijing National Research Center for Information Science and Technology"", ""country"": ""China""}, {""raw_affiliation_text"": ""Microsoft Research, Redmond, USA"", ""institution"": ""Microsoft Research"", ""country"": ""USA""}]"
2021.acl-long.395,,,,2021.acl-long.395,done,Heidelberg University,"# COINS: Dynamically Generating COntextualized Inference Rules for Narrative Story Completion

Debjit Paul

Research Training Group AIPHES Institute for Computational Linguistics Heidelberg University paul@cl.uni-heidelberg.de

Anette Frank

Research Training Group AIPHES Institute for Computational Linguistics Heidelberg University frank@cl.uni-heidelberg.de",false,,,,"[{""raw_affiliation_text"": ""Research Training Group AIPHES Institute for Computational Linguistics Heidelberg University"", ""institution"": ""Heidelberg University"", ""country"": null}]"
2021.acl-long.40,,,,2021.acl-long.40,done,University of Sheffield,"# Improving the Faithfulness of Attention-based Explanations with Task-specific Information for Text Classification

George Chrysostomou Nikolaos Aletras

Department of Computer Science, University of Sheffield

United Kingdom

{gchrysostomoul, n.aletras}@sheffield.ac.uk",false,,,,"[{""raw_affiliation_text"": ""Department of Computer Science, University of Sheffield"", ""institution"": ""University of Sheffield"", ""country"": ""United Kingdom""}]"
2021.acl-long.396,,,,2021.acl-long.396,done,University of Technology Sydney | Microsoft | Simon Fraser University,"# Reasoning over Entity-Action-Location Graph for Procedural Text Understanding

Hao Huang $^{1*}$ , Xiubo Geng $^{2\dagger}$ , Pei Jian $^{3}$ , Guodong Long $^{1}$ , Daxin Jiang $^{2\dagger}$

$^{1}$ Australian AI Institute, School of CS, FEIT, University of Technology Sydney $^{2}$ STCA NLP Group, Microsoft

$^{3}$ School of Computing Science, Simon Fraser University

{hao.huang-4,guodong.long}@{student.uts,uts}.edu.au {xigeng,djiang}@microsoft.com, jpei@cs.sfu.ca",false,,,,"[{""raw_affiliation_text"": ""Australian AI Institute, School of CS, FEIT, University of Technology Sydney"", ""institution"": ""University of Technology Sydney"", ""country"": null}, {""raw_affiliation_text"": ""STCA NLP Group, Microsoft"", ""institution"": ""Microsoft"", ""country"": null}, {""raw_affiliation_text"": ""School of Computing Science, Simon Fraser University"", ""institution"": ""Simon Fraser University"", ""country"": null}]"
2021.acl-long.394,,,,2021.acl-long.394,done,Xiamen University | Tencent Inc | University of Edinburgh | Dalian University of Technology,"# Exploring Dynamic Selection of Branch Expansion Orders for Code Generation

Hui Jiang $^{1,2*}$ Chulun Zhou $^{1,2*}$ Fandong Meng $^{3}$ Biao Zhang $^{4}$ Jie Zhou $^{3}$ Degen Huang $^{5}$ Qingqiang Wu $^{1,2}$ Jinsong Su $^{1,2\dagger}$

$^{1}$ School of Informatics, Xiamen University

$^{2}$ Institute of Artificial Intelligence, Xiamen University

$^{3}$ Pattern Recognition Center, WeChat AI, Tencent Inc, China

$^{4}$ School of Informatics, University of Edinburgh $^{5}$ Dalian University of Technology

{hjiang,clzhou}@stu.xmu.edu.cn {fandongmeng,withtomzhou}@tencent.com

B.Zhang@ed.ac.uk huangdq@dlut.edu.cn {wuqq, jssu} $@$ xmu.edu.cn",false,,,,"[{""raw_affiliation_text"": ""School of Informatics, Xiamen University"", ""institution"": ""Xiamen University"", ""country"": null}, {""raw_affiliation_text"": ""Pattern Recognition Center, WeChat AI, Tencent Inc, China"", ""institution"": ""Tencent Inc"", ""country"": ""China""}, {""raw_affiliation_text"": ""School of Informatics, University of Edinburgh"", ""institution"": ""University of Edinburgh"", ""country"": null}, {""raw_affiliation_text"": ""Dalian University of Technology"", ""institution"": ""Dalian University of Technology"", ""country"": null}]"
2021.acl-long.4,,,,2021.acl-long.4,done,University of Oxford | The Alan Turing Institute | Utrecht University | University of Sheffield,"# HATECHECK: Functional Tests for Hate Speech Detection Models

Paul Röttger<sup>1,2</sup>, Bertram Vidgen<sup>2</sup>, Dong Nguyen<sup>3</sup>, Zeerak Waseem<sup>4</sup>, Helen Margetts<sup>1,2</sup>, and Janet B. Pierrehumbert<sup>1</sup>

<sup>1</sup>University of Oxford  
<sup>2</sup>The Alan Turing Institute  
<sup>3</sup>Utrecht University  
<sup>4</sup>University of Sheffield",false,,,,"[{""raw_affiliation_text"": ""University of Oxford"", ""institution"": ""University of Oxford"", ""country"": null}, {""raw_affiliation_text"": ""The Alan Turing Institute"", ""institution"": ""The Alan Turing Institute"", ""country"": null}, {""raw_affiliation_text"": ""Utrecht University"", ""institution"": ""Utrecht University"", ""country"": null}, {""raw_affiliation_text"": ""University of Sheffield"", ""institution"": ""University of Sheffield"", ""country"": null}]"
2021.acl-long.399,,,,2021.acl-long.399,done,Shanghai Jiao Tong University,"# Structural Pre-training for Dialogue Comprehension

Zhuosheng Zhang $^{1,2,3}$ , Hai Zhao $^{1,2,3,*}$

$^{1}$ Department of Computer Science and Engineering, Shanghai Jiao Tong University

$^{2}$ Key Laboratory of Shanghai Education Commission for Intelligent Interaction and Cognitive Engineering, Shanghai Jiao Tong University, Shanghai, China

$^{3}$ MoE Key Lab of Artificial Intelligence, AI Institute, Shanghai Jiao Tong University

zhangzs@sjtu.edu.cn, zhaohai@cs.sjtu.edu.cn",false,,,,"[{""raw_affiliation_text"": ""Department of Computer Science and Engineering, Shanghai Jiao Tong University"", ""institution"": ""Shanghai Jiao Tong University"", ""country"": ""China""}]"
2021.acl-long.398,,,,2021.acl-long.398,done,Shanghai Jiao Tong University,"# Pre-training Universal Language Representation

Yian Li $^{1,2,3}$ , Hai Zhao $^{1,2,3,*}$

<sup>1</sup> Department of Computer Science and Engineering, Shanghai Jiao Tong University   
$^{2}$ Key Laboratory of Shanghai Education Commission for Intelligent Interaction and Cognitive Engineering, Shanghai Jiao Tong University, Shanghai, China   
$^{3}$ MoE Key Lab of Artificial Intelligence, AI Institute, Shanghai Jiao Tong University

liya19@sjtu.edu.cn, zhaohai@cs.sjtu.edu.cn",false,,,,"[{""raw_affiliation_text"": ""Department of Computer Science and Engineering, Shanghai Jiao Tong University"", ""institution"": ""Shanghai Jiao Tong University"", ""country"": ""China""}]"
2021.acl-long.397,,,,2021.acl-long.397,done,Chinese Information Processing Laboratory | Chinese Academy of Sciences | University of Chinese Academy of Sciences | Meituan,"# From Paraphrasing to Semantic Parsing: Unsupervised Semantic Parsing via Synchronous Semantic Decoding

Shan Wu $^{1,3}$ , Bo Chen $^{1}$ , Chunlei Xin $^{1,3}$ , Xianpei Han $^{1,2,*}$ , Le Sun $^{1,2,*}$ , Weipeng Zhang $^{4}$ , Jiansong Chen $^{4}$ , Fan Yang $^{4}$ , Xunliang Cai $^{4}$

$^{1}$ Chinese Information Processing Laboratory $^{2}$ State Key Laboratory of Computer Science Institute of Software, Chinese Academy of Sciences, Beijing, China

<sup>3</sup>University of Chinese Academy of Sciences, Beijing, China <sup>4</sup>Meituan {wushan2018, chenbo, xianpei, sunle}@iscas.ac.cn, xinchunlei20@mails.ucas.ac.cn,

{zhangweipeng02,chenjiangsong,yangfan79,caixunliang}@meituan.com",false,,,,"[{""raw_affiliation_text"": ""Chinese Information Processing Laboratory"", ""institution"": ""Chinese Information Processing Laboratory"", ""country"": null}, {""raw_affiliation_text"": ""State Key Laboratory of Computer Science Institute of Software, Chinese Academy of Sciences, Beijing, China"", ""institution"": ""Chinese Academy of Sciences"", ""country"": ""China""}, {""raw_affiliation_text"": ""University of Chinese Academy of Sciences, Beijing, China"", ""institution"": ""University of Chinese Academy of Sciences"", ""country"": ""China""}, {""raw_affiliation_text"": ""Meituan"", ""institution"": ""Meituan"", ""country"": null}]"
2021.acl-long.400,,,,2021.acl-long.400,done,Huawei Noah's Ark Lab | Tsinghua University,"# AutoTinyBERT: Automatic Hyper-parameter Optimization for Efficient Pre-trained Language Models

Yichun Yin $^{1}$ , Cheng Chen $^{2*}$ , Lifeng Shang $^{1}$ , Xin Jiang $^{1}$ , Xiao Chen $^{1}$ , Qun Liu $^{1}$ $^{1}$ Huawei Noah's Ark Lab

$^{2}$ Department of Computer Science and Technology, Tsinghua University {yinyichun, shang.lifeng, jiang.xin, chen.xiao2, qun.liu}@huawei.com c-chen19@mails.tsinghua.edu.cn",false,,,,"[{""raw_affiliation_text"": ""Huawei Noah's Ark Lab"", ""institution"": ""Huawei Noah's Ark Lab"", ""country"": null}, {""raw_affiliation_text"": ""Department of Computer Science and Technology, Tsinghua University"", ""institution"": ""Tsinghua University"", ""country"": null}]"
2021.acl-long.403,,,,2021.acl-long.403,done,Harbin Institute of Technology,"# Learning Event Graph Knowledge for Abductive Reasoning

Li Du, Xiao Ding*, Ting Liu, and Bing Qin

Research Center for Social Computing and Information Retrieval

Harbin Institute of Technology, China

$\{ldu, xding, tliu, qinb\} @ir.hit.edu.cn$",false,,,,"[{""raw_affiliation_text"": ""Research Center for Social Computing and Information Retrieval Harbin Institute of Technology, China"", ""institution"": ""Harbin Institute of Technology"", ""country"": ""China""}]"
2021.acl-long.408,,,,2021.acl-long.408,done,EPFL,"# Obtaining Better Static Word Embeddings Using Contextual Embedding Models

Prakhar Gupta

EPFL, Switzerland

prakhar.gupta@epfl.ch

Martin Jaggi

EPFL, Switzerland

martin.jaggi@epfl.ch",false,,,,"[{""raw_affiliation_text"": ""EPFL, Switzerland"", ""institution"": ""EPFL"", ""country"": ""Switzerland""}]"
2021.acl-long.406,,,,2021.acl-long.406,done,Shanghai University of Finance and Economics,"# Word Sense Disambiguation: Towards Interactive Context Exploitation from Both Word and Sense Perspectives

Ming Wang<sup>1</sup> and Yinglin Wang<sup>2,*</sup>

School of Information Management and Engineering

Shanghai University of Finance and Economics, Shanghai, China

$^{1}$ wangming@163.sufe.edu.cn, $^{2}$ wang.yinglin@shufe.edu.cn",false,,,,"[{""raw_affiliation_text"": ""School of Information Management and Engineering, Shanghai University of Finance and Economics, Shanghai, China"", ""institution"": ""Shanghai University of Finance and Economics"", ""country"": ""China""}]"
2021.acl-long.402,,,,2021.acl-long.402,done,"National University of Singapore | DAMO Academy, Alibaba Group | ZJU-UIUC Institute | Kriston AI Lab","# Bootstrapped Unsupervised Sentence Representation Learning

Yan Zhang\*1 Ruidan He\*2 Zuozhu Liu\*3 Lidong Bing\* Haizhou Li\*1,4 $^{1}$ National University of Singapore, Singapore $^{2}$ DAMO Academy, Alibaba Group $^{3}$ ZJU-UIUC Institute $^{4}$ Kriston AI Lab, China

eleyanz@nus.edu.sg, ruidan.he@alibaba-inc.com zuozhuliu@intl.zju.edu.cn, l.bing@alibaba-inc.com haizhou.li@nus.edu.sg",false,,,,"[{""raw_affiliation_text"": ""National University of Singapore, Singapore"", ""institution"": ""National University of Singapore"", ""country"": ""Singapore""}, {""raw_affiliation_text"": ""DAMO Academy, Alibaba Group"", ""institution"": ""DAMO Academy, Alibaba Group"", ""country"": null}, {""raw_affiliation_text"": ""ZJU-UIUC Institute"", ""institution"": ""ZJU-UIUC Institute"", ""country"": null}, {""raw_affiliation_text"": ""Kriston AI Lab, China"", ""institution"": ""Kriston AI Lab"", ""country"": ""China""}]"
2021.acl-long.401,,,,2021.acl-long.401,done,Rutgers University | The Pennsylvania State University | Hasso Plattner Institute / University of Potsdam,"# Data Augmentation with Adversarial Training for Cross-Lingual NLI

Xin Dong $^{1}$ , Yaxin Zhu $^{1}$ , Zuohui Fu $^{1}$ , Dongkuan Xu $^{2}$ , Gerard de Melo $^{3}$

1 Rutgers University

2 The Pennsylvania State University

<sup>3</sup> Hasso Plattner Institute / University of Potsdam

{xd48, yz956, zuohui.fu}@rutgers.edu

dux19@psu.edu, gdm@demelo.org",false,,,,"[{""raw_affiliation_text"": ""Rutgers University"", ""institution"": ""Rutgers University"", ""country"": null}, {""raw_affiliation_text"": ""The Pennsylvania State University"", ""institution"": ""The Pennsylvania State University"", ""country"": null}, {""raw_affiliation_text"": ""Hasso Plattner Institute / University of Potsdam"", ""institution"": ""Hasso Plattner Institute / University of Potsdam"", ""country"": null}]"
2021.acl-long.404,,,,2021.acl-long.404,done,Google AI Language | ETH Zürich | University of Cambridge,"# A Cognitive Regularizer for Language Modeling

![](images/be98da44c207f1bda52ede2a820ee99ed94257e25ce6071570f37e650f84c318.jpg)",true,auto/images/be98da44c207f1bda52ede2a820ee99ed94257e25ce6071570f37e650f84c318.jpg,"Jason Wei
Google AI Language
jasonwei@google.com

Clara Meister
ETH Zürich
clara.meister@inf.ethz.ch

Ryan Cotterell
University of Cambridge
ryan.cotterell@inf.ethz.ch",,"[{""raw_affiliation_text"": ""Google AI Language"", ""institution"": ""Google AI Language"", ""country"": null}, {""raw_affiliation_text"": ""ETH Zürich"", ""institution"": ""ETH Zürich"", ""country"": ""Switzerland""}, {""raw_affiliation_text"": ""University of Cambridge"", ""institution"": ""University of Cambridge"", ""country"": ""United Kingdom""}]"
2021.acl-long.405,,,,2021.acl-long.405,done,Tohoku University | Langsmith Inc. | University of Tokyo | RIKEN | NINJAL,"# Lower Perplexity is Not Always Human-Like

Tatsuki Kuribayashi1,2, Yohei Oseki3,4, Takumi Ito1,2, Ryo Yoshida3, Masayuki Asahara5, Kentaro Inui1,4 1Tohoku University 2Langsmith Inc. 3University of Tokyo 4RIKEN 5NINJAL {kuribayashi, takumi.ito.c4, inui}@tohoku.ac.jp , {oseki, yoshiryo0617}@g.ecc.u-tokyo.ac.jp , masayu-a@ninjal.ac.jp",false,,,,"[{""raw_affiliation_text"": ""Tohoku University"", ""institution"": ""Tohoku University"", ""country"": null}, {""raw_affiliation_text"": ""Langsmith Inc."", ""institution"": ""Langsmith Inc."", ""country"": null}, {""raw_affiliation_text"": ""University of Tokyo"", ""institution"": ""University of Tokyo"", ""country"": null}, {""raw_affiliation_text"": ""RIKEN"", ""institution"": ""RIKEN"", ""country"": null}, {""raw_affiliation_text"": ""NINJAL"", ""institution"": ""NINJAL"", ""country"": null}]"
2021.acl-long.407,,,,2021.acl-long.407,done,Shanxi University | Shanxi Vocational University of Engineering Technology | A*Star | University of Edinburgh,"# A Knowledge-Guided Framework for Frame Identification

Xuefeng Su $^{1,2}$ , Ru Li $^{1,3,*}$ , Xiaoli Li $^{4}$ , Jeff Z.Pan $^{5}$ , Hu Zhang $^{1}$ , Qinghua Chai $^{1}$ , Xiaoqi Han $^{1}$

1. School of Computer and Information Technology, Shanxi University, Taiyuan, China

2. School of E-commerce and Logistics, Shanxi Vocational University of Engineering Technology, Taiyuan, China

3. Key Laboratory of Computational Intelligence and Chinese Information

Processing of Ministry of Education, Shanxi University, Taiyuan, China

4. Institute for Infocomm Research, A*Star, Singapore

5. ILCC, School of Informatics, University of Edinburgh, UK

{suexf,xiaoqisev}@163.com,{liru,zhanghu,charles}@sxu.edu.cn

xlli@ntu.edu.sg, j.z.pan@ed.ac.uk",false,,,,"[{""raw_affiliation_text"": ""School of Computer and Information Technology, Shanxi University, Taiyuan, China"", ""institution"": ""Shanxi University"", ""country"": ""China""}, {""raw_affiliation_text"": ""School of E-commerce and Logistics, Shanxi Vocational University of Engineering Technology, Taiyuan, China"", ""institution"": ""Shanxi Vocational University of Engineering Technology"", ""country"": ""China""}, {""raw_affiliation_text"": ""Institute for Infocomm Research, A*Star, Singapore"", ""institution"": ""A*Star"", ""country"": ""Singapore""}, {""raw_affiliation_text"": ""ILCC, School of Informatics, University of Edinburgh, UK"", ""institution"": ""University of Edinburgh"", ""country"": ""UK""}]"
2021.acl-long.409,,,,2021.acl-long.409,done,University of Amsterdam | Amberscript,"# Meta-Learning with Variational Semantic Memory for Word Sense Disambiguation

Yingjun Du  
University of Amsterdam  
y.du@uva.nl

Nithin Holla  
Amberscript  
nithin.holla7@gmail.com

Xiantong Zhen  
University of Amsterdam  
x.zhen@uva.nl

# Cees G.M. Snoek

University of Amsterdam C.G.M. Snoek@uva.nl

# Ekaterina Shutova

University of Amsterdam e.shutova@uva.nl",false,,,,"[{""raw_affiliation_text"": ""University of Amsterdam"", ""institution"": ""University of Amsterdam"", ""country"": null}, {""raw_affiliation_text"": ""Amberscript"", ""institution"": ""Amberscript"", ""country"": null}]"
2021.acl-long.41,,,,2021.acl-long.41,done,Heidelberg University,"# Generating Landmark Navigation Instructions from Maps as a Graph-to-Text Problem

Raphael Schumann

Computational Linguistics

Heidelberg University, Germany

{rschuman|riezler}@cl.uni-heidelberg.de

Stefan Riezler

Computational Linguistics & IWR

Heidelberg University, Germany",false,,,,"[{""raw_affiliation_text"": ""Heidelberg University, Germany"", ""institution"": ""Heidelberg University"", ""country"": ""Germany""}]"
2021.acl-long.413,,,,2021.acl-long.413,done,Uppsala University | Net Ease Inc.,"# Positional Artefacts Propagate Through Masked Language Model Embeddings

Ziyang Luo $^{1*}$ , Artur Kulmizev $^{1}$ , Xiaoxi Mao $^{2}$

$^{1}$ Department of Linguistics and Philology, Uppsala University, Sweden

$^{2}$ Fuxi AI Lab, NetEase Inc., Hangzhou, China

Ziyang.Luo.9588@student.uu.se, artur.kulmizev@lingfil.uu.se

maoxiaoxi@corp.netease.com",false,,,,"[{""raw_affiliation_text"": ""Department of Linguistics and Philology, Uppsala University, Sweden"", ""institution"": ""Uppsala University"", ""country"": ""Sweden""}, {""raw_affiliation_text"": ""Fuxi AI Lab, NetEase Inc., Hangzhou, China"", ""institution"": ""Net Ease Inc."", ""country"": ""China""}]"
2021.acl-long.415,,,,2021.acl-long.415,done,Monash University | CSIRO Data 61,"# Learning to Explain: Generating Stable Explanations Fast

Xuelin Situ† Ingrid Zukerman† Cecile Paris‡ Sameen Maruf† Gholamreza Haffari†

†Dept of Data Science and AI, Faculty of IT, Monash University, Australia  
‡CSIRO Data61, Australia

$\dagger \{$ firstname.lastname $\} @$ monash.edu $\ddagger \{$ firstname.lastname $\} @$ data61.csiro.au",false,,,,"[{""raw_affiliation_text"": ""Dept of Data Science and AI, Faculty of IT, Monash University, Australia"", ""institution"": ""Monash University"", ""country"": ""Australia""}, {""raw_affiliation_text"": ""CSIRO Data61, Australia"", ""institution"": ""CSIRO Data 61"", ""country"": ""Australia""}]"
2021.acl-long.411,,,,2021.acl-long.411,done,Massachusetts Institute of Technology | University of Texas at Austin | Johns Hopkins University,"# Text-Free Image-to-Speech Synthesis Using Learned Segmental Units

Wei-Ning Hsu $^{1*}$ , David Harwath $^{2*}$ , Tyler Miller $^{2*}$ , Christopher Song $^{3}$ , James Glass $^{1}$

<sup>1</sup>Massachusetts Institute of Technology

$^{2}$ University of Texas at Austin

3Johns Hopkins University

wnhsu@csail.mit.edu,harwath@utexas.edu",false,,,,"[{""raw_affiliation_text"": ""Massachusetts Institute of Technology"", ""institution"": ""Massachusetts Institute of Technology"", ""country"": null}, {""raw_affiliation_text"": ""University of Texas at Austin"", ""institution"": ""University of Texas at Austin"", ""country"": null}, {""raw_affiliation_text"": ""Johns Hopkins University"", ""institution"": ""Johns Hopkins University"", ""country"": null}]"
2021.acl-long.410,,,,2021.acl-long.410,done,University of Cambridge | Mila - Quebec AI Institute | University of Mannheim,"# LexFit: Lexical Fine-Tuning of Pretrained Language Models

Ivan Vulic\* Edoardo M. Ponti,Anna Korhonen\* Goran Glavaš

$\spadesuit$ Language Technology Lab, University of Cambridge, UK   
$^{\diamond}$ Mila - Quebec AI Institute and McGill University, Canada

$\diamond$ Data and Web Science Group, University of Mannheim, Germany

{iv250,alk23}@cam.ac.uk

edoardo-maria.ponti@mila.quebec goran@informatik.uni-mannheim.de",false,,,,"[{""raw_affiliation_text"": ""Language Technology Lab, University of Cambridge, UK"", ""institution"": ""University of Cambridge"", ""country"": ""UK""}, {""raw_affiliation_text"": ""Mila - Quebec AI Institute and McGill University, Canada"", ""institution"": ""Mila - Quebec AI Institute"", ""country"": ""Canada""}, {""raw_affiliation_text"": ""Data and Web Science Group, University of Mannheim, Germany"", ""institution"": ""University of Mannheim"", ""country"": ""Germany""}]"
2021.acl-long.416,,,,2021.acl-long.416,done,Massachusetts Institute of Technology | Facebook | Mc Gill University,"# StereoSet: Measuring stereotypical bias in pretrained language models

Moin Nadeem $^{\S}$ and Anna Bethke $^{\dagger}$ and Siva Reddy $^{\ddagger}$

$^{\S}$ Massachusetts Institute of Technology, Cambridge MA, USA

Facebook, Menlo Park CA, USA

$^{\ddagger}$ Facebook CIFAR AI Chair, Mila; McGill University, Montreal, QC, Canada

mnadeem@mit.edu anna.bethke@intel.com,

siva.reddy@mila.quebec",false,,,,"[{""raw_affiliation_text"": ""Massachusetts Institute of Technology, Cambridge MA, USA"", ""institution"": ""Massachusetts Institute of Technology"", ""country"": ""USA""}, {""raw_affiliation_text"": ""Facebook, Menlo Park CA, USA"", ""institution"": ""Facebook"", ""country"": ""USA""}, {""raw_affiliation_text"": ""Facebook CIFAR AI Chair, Mila; McGill University, Montreal, QC, Canada"", ""institution"": ""Mc Gill University"", ""country"": ""Canada""}]"
2021.acl-long.417,,,,2021.acl-long.417,done,"Institute of Automation, CAS | University of Chinese Academy of Sciences","# Alignment Rationale for Natural Language Inference

Zhongtao Jiang $^{1,2}$ , Yuanzhe Zhang $^{1,2}$ , Zhao Yang $^{1,2}$ , Jun Zhao $^{1,2}$ and Kang Liu $^{1,2}$ \ $^{1}$ National Laboratory of Pattern Recognition, Institute of Automation, CAS, Beijing, China\ $^{2}$ School of Artificial Intelligence, University of Chinese Academy of Sciences, Beijing, China\
{zhongtao.jiang, yzzhang, zhao.yang, jzhao, kliu} @nlpr.ia.ac.cn",false,,,,"[{""raw_affiliation_text"": ""National Laboratory of Pattern Recognition, Institute of Automation, CAS, Beijing, China"", ""institution"": ""Institute of Automation, CAS"", ""country"": ""China""}, {""raw_affiliation_text"": ""School of Artificial Intelligence, University of Chinese Academy of Sciences, Beijing, China"", ""institution"": ""University of Chinese Academy of Sciences"", ""country"": ""China""}]"
2021.acl-long.42,,,,2021.acl-long.42,done,Alibaba Group,"# E2E-VLP: End-to-End Vision-Language Pre-training Enhanced by Visual Learning

Haiyang Xu*, Ming Yan, Chenliang Li, Bin Bi, Songfang Huang, Wenming Xiao, Fei Huang

Alibaba Group

{shuofeng.xhy, ym119608, lcl193798, b.bi}@alibaba-inc.com

{songfang.hsf, wenming.xiaowm, f.huang} $@$ alibaba-inc.com",false,,,,"[{""raw_affiliation_text"": ""Alibaba Group"", ""institution"": ""Alibaba Group"", ""country"": null}]"
2021.acl-long.412,,,,2021.acl-long.412,done,Hangzhou Dianzi University | Skolkovo Institute of Science and Technology | Polish Academy of Science | RIKEN,"# CTFN: Hierarchical Learning for Multimodal Sentiment Analysis Using Coupled-Translation Fusion Network

Jiajia Tang $^{1*}$ , Kang Li $^{1*}$ , Xuanyu Jin $^{1}$ , Andrzej Cichocki $^{2,3}$ , Qibin Zhao $^{4}$ , Wanzeng Kong $^{1\dagger}$

<sup>1</sup>Key Laboratory of Brain Machine Collaborative Intelligence of Zhejiang Province,

School of Computer Science and Technology, Hangzhou Dianzi University, China

$^{2}$ Skolkovo Institute of Science and Technology, Moscow, Russia

<sup>3</sup>Systems Research Institute, Polish Academy of Science, Warsaw, Poland

$^{4}$ Center for Advanced Intelligence Project, RIKEN

{hdutangjiajia, Jxuanyu599}@163.com

{likang_bro, kongwanzeng}@hdu.edu.cn

{a.cichocki, qibin.zhao}@riken.jp",false,,,,"[{""raw_affiliation_text"": ""Key Laboratory of Brain Machine Collaborative Intelligence of Zhejiang Province, School of Computer Science and Technology, Hangzhou Dianzi University, China"", ""institution"": ""Hangzhou Dianzi University"", ""country"": ""China""}, {""raw_affiliation_text"": ""Skolkovo Institute of Science and Technology, Moscow, Russia"", ""institution"": ""Skolkovo Institute of Science and Technology"", ""country"": ""Russia""}, {""raw_affiliation_text"": ""Systems Research Institute, Polish Academy of Science, Warsaw, Poland"", ""institution"": ""Polish Academy of Science"", ""country"": ""Poland""}, {""raw_affiliation_text"": ""Center for Advanced Intelligence Project, RIKEN"", ""institution"": ""RIKEN"", ""country"": null}]"
2021.acl-long.421,,,,2021.acl-long.421,done,Beihang University | Shenzhen Research Institute of Big Data,"# Matching Distributions between Model and Data: Cross-domain Knowledge Distillation for Unsupervised Domain Adaptation

Bo Zhang $^{1}$ , Xiaoming Zhang $^{1,*}$ , Yun Liu $^{2}$ , Lei Cheng $^{3}$ , Zhoujun Li $^{2}$

$^{1}$ School of Cyber Science and Technology, Beihang University, China

$^{2}$ State Key Laboratory of Software Development Environment, Beihang University, China

<sup>3</sup> Shenzhen Research Institute of Big Data, Shenzhen, China

{zhangnet,yolixs,gzliuyun,lizj}@buaa.edu.cn,leicheng@sribd.cn",false,,,,"[{""raw_affiliation_text"": ""School of Cyber Science and Technology, Beihang University, China"", ""institution"": ""Beihang University"", ""country"": ""China""}, {""raw_affiliation_text"": ""Shenzhen Research Institute of Big Data, Shenzhen, China"", ""institution"": ""Shenzhen Research Institute of Big Data"", ""country"": ""China""}]"
2021.acl-long.418,,,,2021.acl-long.418,done,Renmin University of China | Beijing Key Laboratory of Big Data Management and Analysis Methods | Beijing Academy of Artificial Intelligence,"# Enabling Lightweight Fine-tuning for Pre-trained Language Model Compression based on Matrix Product Operators

Peiyu Liu $^{1,4*}$ , Ze-Feng Gao $^{2,1*}$ , Wayne Xin Zhao $^{1,4,5\dagger}$ ,

Z.Y. Xie $^{2}$ , Zhong-Yi Lu $^{2\dagger}$ and Ji-Rong Wen $^{1,3,4}$

<sup>1</sup>Gaoling School of Artificial Intelligence, Renmin University of China

$^{2}$ Department of Physics, Renmin University of China

<sup>3</sup> School of Information, Renmin University of China

$^{4}$ Beijing Key Laboratory of Big Data Management and Analysis Methods

$^{5}$ Beijing Academy of Artificial Intelligence, Beijing, 100084, China

{liupeiyustu,zfgao,qingtaoxie,zlu,jrwen} $@$ ruc.edu.cn, batmanfly@gmail.com",false,,,,"[{""raw_affiliation_text"": ""Gaoling School of Artificial Intelligence, Renmin University of China"", ""institution"": ""Renmin University of China"", ""country"": ""null""}, {""raw_affiliation_text"": ""Beijing Key Laboratory of Big Data Management and Analysis Methods"", ""institution"": ""Beijing Key Laboratory of Big Data Management and Analysis Methods"", ""country"": ""null""}, {""raw_affiliation_text"": ""Beijing Academy of Artificial Intelligence, Beijing, 100084, China"", ""institution"": ""Beijing Academy of Artificial Intelligence"", ""country"": ""China""}]"
2021.acl-long.419,,,,2021.acl-long.419,done,Wayfair | Sogou Inc | IBM Research | IBM Data and AI,"# On Sample Based Explanation Methods for NLP: Efficiency, Faithfulness, and Semantic Evaluation

Wei Zhang *

Wayfair

Boston MA, USA

wzhang5@wayfair.com hzmyouxiang@gmail.com

Ziming Huang *

Sogou Inc

Beijing, China

youxiang@gmail.com

Yada Zhu

MIT-IBM Watson AI Lab

IBM Research, NY, USA

yzhu@us.ibm.com

Guangnan Ye

IBM Research

New York, USA

gye@us.ibm.com

Xiaodong Cui

IBM Research

New York, USA

xcui@us.ibm.com

Fan Zhang

IBM Data and AI

Littleton MA, USA

fzhang@us.ibm.com",false,,,,"[{""raw_affiliation_text"": ""Wayfair, Boston MA, USA"", ""institution"": ""Wayfair"", ""country"": ""USA""}, {""raw_affiliation_text"": ""Sogou Inc, Beijing, China"", ""institution"": ""Sogou Inc"", ""country"": ""China""}, {""raw_affiliation_text"": ""MIT-IBM Watson AI Lab, IBM Research, NY, USA"", ""institution"": ""IBM Research"", ""country"": ""USA""}, {""raw_affiliation_text"": ""IBM Data and AI, Littleton MA, USA"", ""institution"": ""IBM Data and AI"", ""country"": ""USA""}]"
2021.acl-long.420,,,,2021.acl-long.420,done,Sun Yat-sen University | Microsoft Research Asia | Microsoft Search Technology Center Asia | Guangdong Key Laboratory of Big Data Analysis and Processing | Key Lab. of Machine Intelligence and Advanced Computing,"# Syntax-Enhanced Pre-trained Model

Zenan Xu $^{1*†}$ , Daya Guo $^{1*}$ , Duyu Tang $^{2†}$ , Qinliang Su $^{1,4,5‡}$ , Linjun Shou $^{3}$ , Ming Gong $^{3}$ , Wanjun Zhong $^{1*}$ , Xiaojun Quan $^{1}$ , Daxin Jiang $^{3}$ , and Nan Duan $^{2}$ $^{1}$ School of Computer Science and Engineering, Sun Yat-sen University, Guangzhou, China $^{2}$ Microsoft Research Asia, Beijing, China $^{3}$ Microsoft Search Technology Center Asia, Beijing, China $^{4}$ Guangdong Key Laboratory of Big Data Analysis and Processing, Guangzhou, China $^{5}$ Key Lab. of Machine Intelligence and Advanced Computing, Ministry of Education, China  
{xuzn, guody5, zhongwj25}@mail2.sysu.edu.cn  
{suqliang, quanxj3}@mail.sysu.edu.cn  
{dutang, lisho, migon, djiang, NANDuan}@microsoft.com",false,,,,"[{""raw_affiliation_text"": ""School of Computer Science and Engineering, Sun Yat-sen University, Guangzhou, China"", ""institution"": ""Sun Yat-sen University"", ""country"": ""China""}, {""raw_affiliation_text"": ""Microsoft Research Asia, Beijing, China"", ""institution"": ""Microsoft Research Asia"", ""country"": ""China""}, {""raw_affiliation_text"": ""Microsoft Search Technology Center Asia, Beijing, China"", ""institution"": ""Microsoft Search Technology Center Asia"", ""country"": ""China""}, {""raw_affiliation_text"": ""Guangdong Key Laboratory of Big Data Analysis and Processing, Guangzhou, China"", ""institution"": ""Guangdong Key Laboratory of Big Data Analysis and Processing"", ""country"": ""China""}, {""raw_affiliation_text"": ""Key Lab. of Machine Intelligence and Advanced Computing, Ministry of Education, China"", ""institution"": ""Key Lab. of Machine Intelligence and Advanced Computing"", ""country"": ""China""}]"
2021.acl-long.414,,,,2021.acl-long.414,done,ETH Zürich | University of Cambridge,"# Language Model Evaluation Beyond Perplexity

![](images/5dc9f663074cf94f39b467696ecfb16ac6db7d6f59be30638f8240debd26655c.jpg)",true,auto/images/5dc9f663074cf94f39b467696ecfb16ac6db7d6f59be30638f8240debd26655c.jpg,"Clara Meister
ETH Zürich
Ryan Cotterell
University of Cambridge
{first.last}@inf.ethz.ch",,"[{""raw_affiliation_text"": ""ETH Zürich"", ""institution"": ""ETH Zürich"", ""country"": null}, {""raw_affiliation_text"": ""University of Cambridge"", ""institution"": ""University of Cambridge"", ""country"": null}]"
2021.acl-long.423,,,,2021.acl-long.423,done,Tsinghua University | Microsoft Research Asia,"# HieRec: Hierarchical User Interest Modeling for Personalized News Recommendation

Tao Qi $^{1}$ , Fangzhao Wu $^{2}$ , Chuhan Wu $^{1}$ , Peiru Yang $^{1}$ , Yang Yu $^{2}$ , Xing Xie $^{2}$ and Yongfeng Huang $^{1}$

$^{1}$ Department of Electronic Engineering & BNrist, Tsinghua University, Beijing 100084, China $^{2}$ Microsoft Research Asia, Beijing 100080, China

{taoqi.qt, wufangzhao, wuchuhan15, peiruyang17}@gmail.com  
yfhuang@mail.tsinghua.edu.cn  
{t-yyu,xing.xie}@microsoft.com",false,,,,"[{""raw_affiliation_text"": ""Department of Electronic Engineering & BNrist, Tsinghua University, Beijing 100084, China"", ""institution"": ""Tsinghua University"", ""country"": ""China""}, {""raw_affiliation_text"": ""Microsoft Research Asia, Beijing 100080, China"", ""institution"": ""Microsoft Research Asia"", ""country"": ""China""}]"
2021.acl-long.425,,,,2021.acl-long.425,done,Chinese Academy of Science | University of Chinese Academy of Sciences | Renmin University of China,"# Article Neranking by Memory-Enhanced Key Sentence Matching for Detecting Previously Fact-Checked Claims

Qiang Sheng $^{1,2}$ , Juan Cao $^{1,2}$ , Xueyao Zhang $^{1,2}$ , Xirong Li $^{3}$ , Lei Zhong $^{1,2}$

<sup>1</sup> Key Laboratory of Intelligent Information Processing, Institute of Computing Technology, Chinese Academy of Science

$^{2}$ University of Chinese Academy of Sciences

<sup>3</sup>Key Lab of Data Engineering and Knowledge Engineering, Renmin University of China {shengqiang18z, caojuan, zhangxueyao19s, zhonglei18s}@ict.ac.cn xirong@ruc.edu.cn",false,,,,"[{""raw_affiliation_text"": ""Key Laboratory of Intelligent Information Processing, Institute of Computing Technology, Chinese Academy of Science"", ""institution"": ""Chinese Academy of Science"", ""country"": null}, {""raw_affiliation_text"": ""University of Chinese Academy of Sciences"", ""institution"": ""University of Chinese Academy of Sciences"", ""country"": null}, {""raw_affiliation_text"": ""Key Lab of Data Engineering and Knowledge Engineering, Renmin University of China"", ""institution"": ""Renmin University of China"", ""country"": null}]"
2021.acl-long.424,,,,2021.acl-long.424,done,Tsinghua University | Microsoft Research Asia,"# PP-Rec: News Recommendation with Personalized User Interest and Time-aware News Popularity

Tao Qi $^{1}$ , Fangzhao Wu $^{2}$ , Chuhan Wu $^{1}$ and Yongfeng Huang $^{1}$

$^{1}$ Department of Electronic Engineering & BNRist, Tsinghua University, Beijing 100084, China

$^{2}$ Microsoft Research Asia, Beijing 100080, China

{taoqi.qt, wufangzhao, wuchuhan15}@gmail.com

yfhuang@mail.tsinghua.edu.cn",false,,,,"[{""raw_affiliation_text"": ""Department of Electronic Engineering & BNRist, Tsinghua University, Beijing 100084, China"", ""institution"": ""Tsinghua University"", ""country"": ""China""}, {""raw_affiliation_text"": ""Microsoft Research Asia, Beijing 100080, China"", ""institution"": ""Microsoft Research Asia"", ""country"": ""China""}]"
2021.acl-long.428,,,,2021.acl-long.428,done,University of New South Wales | Wuhan University,"# BanditMTL: Bandit-based Multi-task Learning for Text Classification

Yuren Mao $^{1}$ , Zekai Wang $^{2}$ , Weiwei Liu $^{2*}$ , Xuemin Lin $^{1}$ , Wenbin Hu $^{2}$

$^{1}$ School of Computer Science and Engineering, University of New South Wales

$^{2}$ School of Computer Science, Wuhan University

yuren.mao@unsw.edu.au, {wzekai99, liuweiwei863}@gmail.com

lxue@cse.unsw.edu.au, hwb@whu.edu.cn",false,,,,"[{""raw_affiliation_text"": ""School of Computer Science and Engineering, University of New South Wales"", ""institution"": ""University of New South Wales"", ""country"": null}, {""raw_affiliation_text"": ""School of Computer Science, Wuhan University"", ""institution"": ""Wuhan University"", ""country"": null}]"
2021.acl-long.426,,,,2021.acl-long.426,done,"Fudan University | University of California, Los Angeles","# Defense against Synonym Substitution-based Adversarial Attacks via Dirichlet Neighborhood Ensemble

Yi Zhou $^{1,2}$ , Xiaqing Zheng $^{*1,2}$ , Cho-Jui Hsieh $^{3}$ , Kai-Wei Chang $^{3}$ , Xuanjing Huang $^{1,2}$

$^{1}$ School of Computer Science, Fudan University, Shanghai, China

$^{2}$ Shanghai Key Laboratory of Intelligent Information Processing

$^{3}$ Department of Computer Science, University of California, Los Angeles, USA {yizhou17, zhengxq}@fudan.edu.cn, chohsieh@cs.ucla.edu, kwchang@cs.ucla.edu, xjhuang@fudan.edu.cn",false,,,,"[{""raw_affiliation_text"": ""School of Computer Science, Fudan University, Shanghai, China"", ""institution"": ""Fudan University"", ""country"": ""China""}, {""raw_affiliation_text"": ""Department of Computer Science, University of California, Los Angeles, USA"", ""institution"": ""University of California, Los Angeles"", ""country"": ""USA""}]"
2021.acl-long.422,,,,2021.acl-long.422,done,Tsinghua University | National University of Singapore | Alibaba DAMO Academy,"# Counterfactual Inference for Text Classification Debiasing

Chen Qian

Tsinghua University

qc16@mails.tsinghua.edu.cn

Fuli Feng*

National University of Singapore

fulifeng93@gmail.com

Lijie Wen*

Tsinghua University

wenlj@tsinghua.edu.cn

Chunping Ma

Alibaba DAMO Academy

chunping.mcp@alibaba-inc.com

Pengjun Xie

Alibaba DAMO Academy

chengchen.xpjg@taobao.com",false,,,,"[{""raw_affiliation_text"": ""Tsinghua University"", ""institution"": ""Tsinghua University"", ""country"": null}, {""raw_affiliation_text"": ""National University of Singapore"", ""institution"": ""National University of Singapore"", ""country"": null}, {""raw_affiliation_text"": ""Alibaba DAMO Academy"", ""institution"": ""Alibaba DAMO Academy"", ""country"": null}]"
2021.acl-long.429,,,,2021.acl-long.429,done,Tokyo Institute of Technology | Gunma University,"# Unified Interpretation of Softmax Cross-Entropy and Negative Sampling: With Case Study for Knowledge Graph Embedding

Hidetaka Kamigaito

Tokyo Institute of Technology

kamigaito@lr.pi.titech.ac.jp

Katsuhiko Hayashi

Gunma University, RIKEN AIP

khayashi0201@gmail.com",false,,,,"[{""raw_affiliation_text"": ""Tokyo Institute of Technology"", ""institution"": ""Tokyo Institute of Technology"", ""country"": null}, {""raw_affiliation_text"": ""Gunma University, RIKEN AIP"", ""institution"": ""Gunma University"", ""country"": null}]"
2021.acl-long.427,,,,2021.acl-long.427,done,University of Washington | Facebook AI Research | Allen Institute for AI,"# Shortformer: Better Language Modeling Using Shorter Inputs

Ofir Press<sup>1,2</sup> Noah A. Smith<sup>1,3</sup> Mike Lewis<sup>2</sup>

Paul G. Allen School of Computer Science & Engineering, University of Washington

$^{2}$ Facebook AI Research

3Allen Institute for AI

ofirp@cs.washington.edu",false,,,,"[{""raw_affiliation_text"": ""Paul G. Allen School of Computer Science & Engineering, University of Washington"", ""institution"": ""University of Washington"", ""country"": null}, {""raw_affiliation_text"": ""Facebook AI Research"", ""institution"": ""Facebook AI Research"", ""country"": null}, {""raw_affiliation_text"": ""Allen Institute for AI"", ""institution"": ""Allen Institute for AI"", ""country"": null}]"
2021.acl-long.43,,,,2021.acl-long.43,done,Peking University | Alibaba Group,"# Learning Relation Alignment for Calibrated Cross-modal Retrieval

Shuhuai Ren $^{1}$ , Junyang Lin $^{3}$ , Guangxiang Zhao $^{1}$ , Rui Men $^{3}$ , An Yang $^{3}$ , Jingren Zhou $^{3}$ , Xu Sun $^{1,2*}$ , Hongxia Yang $^{3}$

$^{1}$ MOE Key Lab of Computational Linguistics, School of EECS, Peking University

$^{2}$ Center for Data Science, Peking University

3Alibaba Group, China

shuhuai_ren@stu.pku.edu.cn, {zhaoguangxiang,xusun}@pku.edu.cn

{junyang.ljy,menrui.mr,ya235025} $@$ alibaba-inc.com

{jingren.zhou, yang.yhx}@alibaba-inc.com",false,,,,"[{""raw_affiliation_text"": ""MOE Key Lab of Computational Linguistics, School of EECS, Peking University"", ""institution"": ""Peking University"", ""country"": null}, {""raw_affiliation_text"": ""Alibaba Group, China"", ""institution"": ""Alibaba Group"", ""country"": ""China""}]"
2021.acl-long.430,,,,2021.acl-long.430,done,Shanghai Jiao Tong University,"# De-Confounded Variational Encoder-Decoder for Logical Table-to-Text Generation

Wenqing Chen $^{1,2}$ , Jidong Tian $^{1,2}$ , Yitian Li $^{1,2}$ , Hao He $^{1,2*}$ , Yaohui Jin $^{1,2*}$

<sup>1</sup>MoE Key Lab of Artificial Intelligence, AI Institute, Shanghai Jiao Tong University

$^{2}$ State Key Lab of Advanced Optical Communication System and Network,

Shanghai Jiao Tong University

{wenqingchen, frank92, yitian_li, hehao, jinyh}@sjtu.edu.cn",false,,,,"[{""raw_affiliation_text"": ""MoE Key Lab of Artificial Intelligence, AI Institute, Shanghai Jiao Tong University"", ""institution"": ""Shanghai Jiao Tong University"", ""country"": null}]"
2021.acl-long.431,,,,2021.acl-long.431,done,Peking University | Tencent Inc.,"# Rethinking Stealthiness of Backdoor Attack against NLP Models

Wenkai Yang $^{1}$ , Yankai Lin $^{2}$ , Peng Li $^{2}$ , Jie Zhou $^{2}$ , Xu Sun $^{1,3*}$

<sup>1</sup>Center for Data Science, Peking University

$^{2}$ Pattern Recognition Center, WeChat AI, Tencent Inc., China

$^{3}$ MOE Key Laboratory of Computational Linguistics, School of EECS, Peking University

wkyang@stu.pku.edu.cn xusun@pku.edu.cn

{yankailin, patrickpli, withtomzhou}@tencent.com",false,,,,"[{""raw_affiliation_text"": ""Center for Data Science, Peking University"", ""institution"": ""Peking University"", ""country"": null}, {""raw_affiliation_text"": ""Pattern Recognition Center, WeChat AI, Tencent Inc., China"", ""institution"": ""Tencent Inc."", ""country"": ""China""}]"
2021.acl-long.432,,,,2021.acl-long.432,done,Tianjin University,"# Crowdsourcing Learning as Domain Adaptation: A Case Study on Named Entity Recognition

Xin Zhang $^{1}$ , Guangwei Xu, Yueheng Sun $^{2}$ , Meishan Zhang $^{1*}$ , Pengjun Xie

$^{1}$ School of New Media and Communication, Tianjin University, China

$^{2}$ College of Intelligence and Computing, Tianjin University, China

{hsinz,yhs,zhangmeishan}@tju.edu.cn

{ahxgwOnePiece,xpjandy}@gmail.com",false,,,,"[{""raw_affiliation_text"": ""School of New Media and Communication, Tianjin University, China"", ""institution"": ""Tianjin University"", ""country"": ""China""}]"
2021.acl-long.434,,,,2021.acl-long.434,done,KAIST | ATRICS,"# Learning to Perturb Word Embeddings for Out-of-distribution QA

Seanie Lee $^{1*}$ Minki Kang $^{1*}$ Juho Lee $^{1}$ , Sung Ju Hwang $^{1,2}$

KAIST $^{1}$ , ATRICS $^{2}$ , South Korea

{lsnfamily02, zzx1133, juholee, sjhwang82}@kaist.ac.kr",false,,,,"[{""raw_affiliation_text"": ""KAIST, South Korea"", ""institution"": ""KAIST"", ""country"": ""South Korea""}, {""raw_affiliation_text"": ""ATRICS"", ""institution"": ""ATRICS"", ""country"": null}]"
2021.acl-long.433,,,,2021.acl-long.433,done,Peking University,"# Exploring Distantly-Labeled Rationales in Neural Network Models

Quzhe Huang, Shengqi Zhu, Yansong Feng*, Dongyan Zhao

Wangxuan Institute of Computer Technology, Peking University, China

The MOE Key Laboratory of Computational Linguistics, Peking University, China

{huangquzhe, zhusq, fengyansong, zhaody}@pku.edu.cn",false,,,,"[{""raw_affiliation_text"": ""Wangxuan Institute of Computer Technology, Peking University, China"", ""institution"": ""Peking University"", ""country"": ""China""}]"
2021.acl-long.435,,,,2021.acl-long.435,done,Sun Yat-sen University | Microsoft STCA NLP Group,"# Maria: A Visual Experience Powered Conversational Agent

Zujie Liang $^{1* \dagger}$ Huang Hu $^{2\dagger}$ Can Xu $^{2}$ Chongyang Tao $^{2}$

Xiubo Geng² Yining Chen² Fan Liang¹ Daxin Jiang²

$^{1}$ School of Electronics and Information Technology,

Sun Yat-sen University, Guangzhou, China

$^{2}$ Microsoft STCA NLP Group, Beijing, China

1{liangzj9@mail2.sysu.edu.cn, isslf@mail.sysu.edu.cn}

$^{2}$ huahu, caxu, chotao, xigeng, yinichen, djiang}@microsoft.com",false,,,,"[{""raw_affiliation_text"": ""School of Electronics and Information Technology, Sun Yat-sen University, Guangzhou, China"", ""institution"": ""Sun Yat-sen University"", ""country"": ""China""}, {""raw_affiliation_text"": ""Microsoft STCA NLP Group, Beijing, China"", ""institution"": ""Microsoft STCA NLP Group"", ""country"": ""China""}]"
2021.acl-long.437,,,,2021.acl-long.437,done,Beijing Institute of Technology | The University of Auckland,"# Generating Relevant and Coherent Dialogue Responses using Self-separated Conditional Variational AutoEncoders

Bin Sun $^{1}$ , Shaoxiong Feng $^{1}$ , Yiwei Li $^{1}$ , Jiamou Liu $^{2}$ , Kan Li $^{1*}$

<sup>1</sup>School of Computer Science & Technology, Beijing Institute of Technology

$^{2}$ School of Computer Science, The University of Auckland

{binsun, shaoxiongfeng, liyiwei, likan}@bit.edu.cn

jiamou.liu@auckland.ac.nz",false,,,,"[{""raw_affiliation_text"": ""School of Computer Science & Technology, Beijing Institute of Technology"", ""institution"": ""Beijing Institute of Technology"", ""country"": null}, {""raw_affiliation_text"": ""School of Computer Science, The University of Auckland"", ""institution"": ""The University of Auckland"", ""country"": null}]"
2021.acl-long.438,,,,2021.acl-long.438,done,Shandong University | University of Amsterdam | Sinovation Ventures,"# Learning to Ask Conversational Questions by Optimizing Levenshtein Distance

Zhongkun Liu $^{1}$ , Pengjie Ren $^{1*}$ , Zhumin Chen $^{1*}$ , Zhaochun Ren $^{1}$ , Maarten de Rijke $^{2}$ , Ming Zhou $^{3}$

$^{1}$ School of Computer Science and Technology, Shandong University, China

$^{2}$ University of Amsterdam & Ahold Delhaize

$^{3}$ Sinovation Ventures, China

{liuzhongkun, renpengjie, chenzhumin, zhaochun. ren}@sdu.edu.cn

m.derijke@uva.nl; mingzhou926@hotmail.com",false,,,,"[{""raw_affiliation_text"": ""School of Computer Science and Technology, Shandong University, China"", ""institution"": ""Shandong University"", ""country"": ""China""}, {""raw_affiliation_text"": ""University of Amsterdam & Ahold Delhaize"", ""institution"": ""University of Amsterdam"", ""country"": null}, {""raw_affiliation_text"": ""Sinovation Ventures, China"", ""institution"": ""Sinovation Ventures"", ""country"": ""China""}]"
2021.acl-long.44,,,,2021.acl-long.44,done,RWTH Aachen | LMU Munich | ETH Zurich,"# KM-BART: Knowledge Enhanced Multimodal BART for Visual Commonsense Generation

Yiran Xing*♠ Zai Shi*♣ Zhao Meng*♣

Gerhard Lakemeyer\* Yunpu Ma\* Roger Wattenhofer

$\spadesuit$ RWTH Aachen, Germany

$\diamond$ LMU Munich, Germany

\*ETH Zurich, Switzerland

{yiran.xing, gerhard}@rwth-aachen.de

cognitive.yunpu@gmail.com

{zaishi, zhmeng, wattenhofer}@ethz.ch",false,,,,"[{""raw_affiliation_text"": ""RWTH Aachen, Germany"", ""institution"": ""RWTH Aachen"", ""country"": ""Germany""}, {""raw_affiliation_text"": ""LMU Munich, Germany"", ""institution"": ""LMU Munich"", ""country"": ""Germany""}, {""raw_affiliation_text"": ""ETH Zurich, Switzerland"", ""institution"": ""ETH Zurich"", ""country"": ""Switzerland""}]"
2021.acl-long.440,,,,2021.acl-long.440,done,Renmin University of China,"# MMGCN: Multimodal Fusion via Deep Graph Convolution Network for Emotion Recognition in Conversation

Jingwen Hu, Yuchen Liu, Jinming Zhao, Qin Jin*

School of Information, Renmin University of China

{hujingwen_benja, Liuyuchen_Alfred, zhaojinming, qjin}@ruc.edu.cn",false,,,,"[{""raw_affiliation_text"": ""School of Information, Renmin University of China"", ""institution"": ""Renmin University of China"", ""country"": ""null""}]"
2021.acl-long.442,,,,2021.acl-long.442,done,Beihang University | Microsoft Research Asia | Microsoft STC Asia,"# CoSQA: 20,000+ Web Queries for Code Search and Question Answering

Junjie Huang $^{1*}$ , Duyu Tang $^{2}$ , Linjun Shou $^{3}$ , Ming Gong $^{3}$ , Ke Xu $^{1}$ , Daxin Jiang $^{3}$ , Ming Zhou $^{2}$ , Nan Duan $^{2}$

<sup>1</sup>Beihang University <sup>2</sup>Microsoft Research Asia <sup>3</sup>Microsoft STC Asia

<sup>1</sup>huangjunjie@buaa.edu.cn, kexu@nlsde.buaa.edu.cn

2,3{dutang,lisho,migon,djiang,nanduan}@microsoft.com",false,,,,"[{""raw_affiliation_text"": ""Beihang University"", ""institution"": ""Beihang University"", ""country"": null}, {""raw_affiliation_text"": ""Microsoft Research Asia"", ""institution"": ""Microsoft Research Asia"", ""country"": null}, {""raw_affiliation_text"": ""Microsoft STC Asia"", ""institution"": ""Microsoft STC Asia"", ""country"": null}]"
2021.acl-long.436,,,,2021.acl-long.436,done,University of Amsterdam | Shandong University | Ahold Delhaize,"# A Human-machine Collaborative Framework for Evaluating Malevolence in Dialogues

Yangjun Zhang

University of Amsterdam

y.zhang6@uva.nl

Pengjie Ren*

Shandong University

renpengjie@sdu.edu.cn

MaartendeRijke

University of Amsterdam

& Ahold Delhaize

m.derijke@uva.nl",false,,,,"[{""raw_affiliation_text"": ""University of Amsterdam"", ""institution"": ""University of Amsterdam"", ""country"": null}, {""raw_affiliation_text"": ""Shandong University"", ""institution"": ""Shandong University"", ""country"": null}, {""raw_affiliation_text"": ""Ahold Delhaize"", ""institution"": ""Ahold Delhaize"", ""country"": null}]"
2021.acl-long.443,,,,2021.acl-long.443,done,Tencent AI Lab | Ant Group,"# Rewriter-Evaluator Architecture for Neural Machine Translation

Yangming Li\* and Kaisheng Yao

Tencent AI Lab

Ant Group

newmanli@tencent.com, kaisheng.yao@antgroup.com",false,,,,"[{""raw_affiliation_text"": ""Tencent AI Lab"", ""institution"": ""Tencent AI Lab"", ""country"": null}, {""raw_affiliation_text"": ""Ant Group"", ""institution"": ""Ant Group"", ""country"": null}]"
2021.acl-long.439,,,,2021.acl-long.439,done,Facebook | Singapore Management University | A*STAR,"# DVD: A Diagnostic Dataset for Multi-step Reasoning in Video Grounded Dialogue

Hung Le\*S, Chinnadhurai Sankar, Seungwhan Moon, Ahmad Beirami, Alborz Geramifard, Satwik Kottur

Facebook

{chinnadhurai, shanemoon, beirami, alborzg, skottur}@fb.com

Singapore Management University

$^{\S}$ Institute for Infocomm Research, A*STAR

hungle.2018@smu.edu.sg",false,,,,"[{""raw_affiliation_text"": ""Facebook"", ""institution"": ""Facebook"", ""country"": null}, {""raw_affiliation_text"": ""Singapore Management University"", ""institution"": ""Singapore Management University"", ""country"": null}, {""raw_affiliation_text"": ""Institute for Infocomm Research, A*STAR"", ""institution"": ""A*STAR"", ""country"": null}]"
2021.acl-long.448,,,,2021.acl-long.448,done,Technische Universität Darmstadt | U Penn,"# Coreference Reasoning in Machine Reading Comprehension

Mingzhu Wu $^{1}$ , Nafise Sadat Moosavi $^{1}$ , Dan Roth $^{2}$ , Iryna Gurevych $^{1}$

$^{1}$ UKP Lab, Technische Universität Darmstadt

$^{2}$ Department of Computer and Information Science, UPenn

1https://www.ukp.tu-darmstadt.de

2 https://www.seas.upenn.edu/~danroth/",false,,,,"[{""raw_affiliation_text"": ""UKP Lab, Technische Universität Darmstadt"", ""institution"": ""Technische Universität Darmstadt"", ""country"": null}, {""raw_affiliation_text"": ""Department of Computer and Information Science, UPenn"", ""institution"": ""U Penn"", ""country"": null}]"
2021.acl-long.444,,,,2021.acl-long.444,done,Beijing Jiaotong University | Tencent Inc,"# Modeling Bilingual Conversational Characteristics for Neural Chat Translation

Yunlong Liang $^{1*}$ , Fandong Meng $^{2}$ , Yufeng Chen $^{1}$ , Jinan Xu $^{1\dagger}$ and Jie Zhou $^{2}$

<sup>1</sup>Beijing Key Lab of Traffic Data Analysis and Mining, Beijing Jiaotong University, Beijing, China

$^{2}$ Pattern Recognition Center, WeChat AI, Tencent Inc, China {yunlongliang, chenyf, jaxu} @bjtu.edu.cn {fandongmeng, withtomzhou} @tencent.com",false,,,,"[{""raw_affiliation_text"": ""Beijing Key Lab of Traffic Data Analysis and Mining, Beijing Jiaotong University, Beijing, China"", ""institution"": ""Beijing Jiaotong University"", ""country"": ""China""}, {""raw_affiliation_text"": ""Pattern Recognition Center, WeChat AI, Tencent Inc, China"", ""institution"": ""Tencent Inc"", ""country"": ""China""}]"
2021.acl-long.441,,,,2021.acl-long.441,done,National University of Singapore | Robert Bosch (SEA) | Universidad Politécnica de Madrid | Kriston AI Lab,"# DynaEval: Unifying Turn and Dialogue Level Evaluation

Chen Zhang†,‡ Yiming Chen† Luis Fernando D'Haro‡ Yan Zhang† Thomas Friedrichs* Grandee Lee† Haizhou Li†,‡

†National University of Singapore *Robert Bosch (SEA), Singapore   
$^{\ddagger}$ Universidad Politécnica de Madrid, Spain \*\*Kriston AI Lab, China

{chen_zhang,yiming.chen,grandee.lee}@u.nus.edu,

{haizhou.li,eleyanz}@nus.edu.sg,

luisfernando.dharo@upm.es, thomas.friedrichs@sg.bosch.com",false,,,,"[{""raw_affiliation_text"": ""National University of Singapore"", ""institution"": ""National University of Singapore"", ""country"": null}, {""raw_affiliation_text"": ""Robert Bosch (SEA), Singapore"", ""institution"": ""Robert Bosch (SEA)"", ""country"": ""Singapore""}, {""raw_affiliation_text"": ""Universidad Politécnica de Madrid, Spain"", ""institution"": ""Universidad Politécnica de Madrid"", ""country"": ""Spain""}, {""raw_affiliation_text"": ""Kriston AI Lab, China"", ""institution"": ""Kriston AI Lab"", ""country"": ""China""}]"
2021.acl-long.447,,,,2021.acl-long.447,done,LMU Munich | University of Cambridge | Monash University | Technion,"# A Closer Look at Few-Shot Crosslingual Transfer: The Choice of Shots Matters

Mengjie Zhao $^{1*}$ Yi Zhu $^{2*}$ Ehsan Shareghi $^{3,2}$ Ivan Vulic $^{2}$ Roi Reichart $^{4}$ Anna Korhonen $^{2}$ Hinrich Schütze $^{1}$

$^{1}$ CIS, LMU Munich $^{2}$ LTL, University of Cambridge

$^{3}$ Department of Data Science & AI, Monash University

$^{4}$ Faculty of Industrial Engineering and Management, Technion, IIT mzhao@cis.lmu.de, {yz568, iv250, alk23}@cam.ac.uk, ehsan shareqhi@monash.edu, roiri@technion.ac.il",false,,,,"[{""raw_affiliation_text"": ""CIS, LMU Munich"", ""institution"": ""LMU Munich"", ""country"": null}, {""raw_affiliation_text"": ""LTL, University of Cambridge"", ""institution"": ""University of Cambridge"", ""country"": null}, {""raw_affiliation_text"": ""Department of Data Science & AI, Monash University"", ""institution"": ""Monash University"", ""country"": null}, {""raw_affiliation_text"": ""Faculty of Industrial Engineering and Management, Technion, IIT"", ""institution"": ""Technion"", ""country"": null}]"
2021.acl-long.446,,,,2021.acl-long.446,done,Tsinghua University | Beijing Academy of Artificial Intelligence | Sogou Inc.,"# Transfer Learning for Sequence Generation: from Single-source to Multi-source

Xuancheng Huang $^{1}$ , Jingfang Xu $^{4}$ , Maosong Sun $^{1,3}$ , and Yang Liu $^{1,2,3*}$ $^{1}$ Dept. of Comp. Sci. & Tech., BNRist Center, Institute for AI, Tsinghua University $^{2}$ Institute for AI Industry Research, Tsinghua University, Beijing, China $^{3}$ Beijing Academy of Artificial Intelligence $^{4}$ Sogou Inc., Beijing, China",false,,,,"[{""raw_affiliation_text"": ""Dept. of Comp. Sci. & Tech., BNRist Center, Institute for AI, Tsinghua University"", ""institution"": ""Tsinghua University"", ""country"": ""China""}, {""raw_affiliation_text"": ""Beijing Academy of Artificial Intelligence"", ""institution"": ""Beijing Academy of Artificial Intelligence"", ""country"": null}, {""raw_affiliation_text"": ""Sogou Inc., Beijing, China"", ""institution"": ""Sogou Inc."", ""country"": ""China""}]"
2021.acl-long.45,,,,2021.acl-long.45,done,The University of Hong Kong | Sun Yat-sen University | Shanghai Artificial Intelligence Laboratory,"# Cascaded Head-colliding Attention

Lin Zheng\* Zhiyong Wu Lingpeng Kong

$\spadesuit$ Department of Computer Science, The University of Hong Kong

$\diamond$ School of Data and Computer Science, Sun Yat-sen University

\*Shanghai Artificial Intelligence Laboratory

zhenglin6@mail2.sysu.edu.cn,{zywu,lpk}@cs.hku.hk",false,,,,"[{""raw_affiliation_text"": ""Department of Computer Science, The University of Hong Kong"", ""institution"": ""The University of Hong Kong"", ""country"": ""null""}, {""raw_affiliation_text"": ""School of Data and Computer Science, Sun Yat-sen University"", ""institution"": ""Sun Yat-sen University"", ""country"": ""null""}, {""raw_affiliation_text"": ""Shanghai Artificial Intelligence Laboratory"", ""institution"": ""Shanghai Artificial Intelligence Laboratory"", ""country"": ""null""}]"
2021.acl-long.449,,,,2021.acl-long.449,done,Shanghai Tech University | Shanghai Engineering Research Center of Intelligent Vision and Imaging | Shanghai Institute of Microsystem and Information Technology | University of Chinese Academy of Sciences | Beijing Institute for General Artificial Intelligence,"# Adapting Unsupervised Syntactic Parsing Methodology for Discourse Dependency Parsing

Liwen Zhang $^{1,2,3,4}$ , Ge Wang $^{1,2,3,4}$ , Wenjuan Han $^{5}$ , Kewei Tu $^{1*}$

$^{1}$ School of Information Science and Technology, ShanghaiTech University

$^{2}$ Shanghai Engineering Research Center of Intelligent Vision and Imaging

$^{3}$ Shanghai Institute of Microsystem and Information Technology

<sup>4</sup>University of Chinese Academy of Sciences

$^{5}$ Beijing Institute for General Artificial Intelligence, Beijing, China

{zhanglw1, wangge, tukw}@shanghaitech.edu.cn

hanwenjuan@bigai.ai",false,,,,"[{""raw_affiliation_text"": ""School of Information Science and Technology, ShanghaiTech University"", ""institution"": ""Shanghai Tech University"", ""country"": null}, {""raw_affiliation_text"": ""Shanghai Engineering Research Center of Intelligent Vision and Imaging"", ""institution"": ""Shanghai Engineering Research Center of Intelligent Vision and Imaging"", ""country"": null}, {""raw_affiliation_text"": ""Shanghai Institute of Microsystem and Information Technology"", ""institution"": ""Shanghai Institute of Microsystem and Information Technology"", ""country"": null}, {""raw_affiliation_text"": ""University of Chinese Academy of Sciences"", ""institution"": ""University of Chinese Academy of Sciences"", ""country"": null}, {""raw_affiliation_text"": ""Beijing Institute for General Artificial Intelligence, Beijing, China"", ""institution"": ""Beijing Institute for General Artificial Intelligence"", ""country"": ""China""}]"
2021.acl-long.445,,,,2021.acl-long.445,done,Chinese Academy of Sciences | University of Chinese Academy of Sciences | Beijing Language and Culture University,"# Importance-based Neuron Allocation for Multilingual Neural Machine Translation

Wanying Xie $^{1,2,3}$ Yang Feng $^{1,2*}$ Shuhao Gu $^{1,2}$ Dong Yu $^{3}$

$^{1}$ Key Laboratory of Intelligent Information Processing Institute of Computing Technology, Chinese Academy of Sciences (ICT/CAS)

<sup>2</sup> University of Chinese Academy of Sciences, Beijing, China

<sup>3</sup> Beijing Language and Culture University, China

xiewanying07@gmail.com, yudong@blcu.edu.cn

{fengyang, gushuhao19b} @ ict.ac.cn",false,,,,"[{""raw_affiliation_text"": ""Key Laboratory of Intelligent Information Processing Institute of Computing Technology, Chinese Academy of Sciences (ICT/CAS)"", ""institution"": ""Chinese Academy of Sciences"", ""country"": null}, {""raw_affiliation_text"": ""University of Chinese Academy of Sciences, Beijing, China"", ""institution"": ""University of Chinese Academy of Sciences"", ""country"": ""China""}, {""raw_affiliation_text"": ""Beijing Language and Culture University, China"", ""institution"": ""Beijing Language and Culture University"", ""country"": ""China""}]"
2021.acl-long.450,,,,2021.acl-long.450,done,Nanyang Technological University | Salesforce Research Asia | Institute for Infocomm Research,"# A Conditional Splitting Framework for Efficient Constituency Parsing

Thanh-Tung Nguyen†, Xuan-Phi Nguyen†, Shafiq Joty‡§, Xiaoli Li†  
†Nanyang Technological University  
§Salesforce Research Asia  
†Institute for Infocomm Research, A-STAR  
Singapore  
{ng0155ng@e.;nguyenxu002@e.;srjoty@}ntu.edu.sg  
x11i@i2r.a-star.edu.sg",false,,,,"[{""raw_affiliation_text"": ""Nanyang Technological University"", ""institution"": ""Nanyang Technological University"", ""country"": ""Singapore""}, {""raw_affiliation_text"": ""Salesforce Research Asia"", ""institution"": ""Salesforce Research Asia"", ""country"": null}, {""raw_affiliation_text"": ""Institute for Infocomm Research, A-STAR"", ""institution"": ""Institute for Infocomm Research"", ""country"": ""Singapore""}]"
2021.acl-long.453,,,,2021.acl-long.453,done,"Nanyang Technological University | DAMO Academy, Alibaba Group","# MulDA: A Multilingual Data Augmentation Framework for Low-Resource Cross-Lingual NER

Linlin Liu\*12 Bosheng Ding\*12 Lidong Bing2 Shafiq Joty' Luo Si' Chunyan Miao

$^{1}$ Nanyang Technological University, Singapore $^{2}$ DAMO Academy, Alibaba Group

{linlin.liu, bosheng.ding, l.bing, luo.si}@alibaba-inc.com

{srjoty,ascymiao}@ntu.edu.sg",false,,,,"[{""raw_affiliation_text"": ""Nanyang Technological University, Singapore"", ""institution"": ""Nanyang Technological University"", ""country"": ""Singapore""}, {""raw_affiliation_text"": ""DAMO Academy, Alibaba Group"", ""institution"": ""DAMO Academy, Alibaba Group"", ""country"": null}]"
2021.acl-long.455,,,,2021.acl-long.455,done,Fudan University,"# Math Word Problem Solving with Explicit Numerical Values

Qinzhuo Wu, Qi Zhang, Zhongyu Wei, Xuanjing Huang*

Shanghai Key Laboratory of Intelligent Information Processing, School of Computer Science, Fudan University, Shanghai, China

(qzwul7, qz, zywei, xjhuang)@fudan.edu.cn",false,,,,"[{""raw_affiliation_text"": ""Shanghai Key Laboratory of Intelligent Information Processing, School of Computer Science, Fudan University, Shanghai, China"", ""institution"": ""Fudan University"", ""country"": ""China""}]"
2021.acl-long.452,,,,2021.acl-long.452,done,Soochow University | Huawei Cloud,"# An In-depth Study on Internal Structure of Chinese Words

Chen Gong $^{1}$ , Saihao Huang $^{1*}$ , Houquan Zhou $^{1}$ , Zhenghua Li $^{1}$ , Min Zhang $^{1}$ , Zhefeng Wang $^{2}$ , Baoxing Huai $^{2}$ , Nicholas Jing Yuan $^{2}$

$^{1}$ Institute of Artificial Intelligence, School of Computer Science and Technology, Soochow University, China; $^{2}$ Huawei Cloud, China

1{cgong,shhuang1999,hqzhou}@stu.suda.edu.cn

1{zhli13,minzhang}@suda.edu.cn

$^{2}\{wangzhefeng, huaibaoxing, nicholas.yuan\}@huawei.com$",false,,,,"[{""raw_affiliation_text"": ""Institute of Artificial Intelligence, School of Computer Science and Technology, Soochow University, China"", ""institution"": ""Soochow University"", ""country"": ""China""}, {""raw_affiliation_text"": ""Huawei Cloud, China"", ""institution"": ""Huawei Cloud"", ""country"": ""China""}]"
2021.acl-long.456,,,,2021.acl-long.456,done,"Sun Yat-sen University | Dark Matter AI Inc. | University of California, Los Angeles","# Neural-Symbolic Solver for Math Word Problems with Auxiliary Tasks

Jinghui Qin $^{1}$ , Xiaodan Liang $^{1,2}$ , Yining Hong $^{3}$ , Jianheng Tang $^{1}$ and Liang Lin $^{1,2*}$

<sup>1</sup> Sun Yat-sen University

2 Dark Matter AI Inc.

<sup>3</sup> University of California, Los Angeles

qinjingh@mail2.sysu.edu.cn,{xdliang328,sqrt3tjh}@gmail.com,

yininghong@cs.ucla.edu,linliang@ieee.org",false,,,,"[{""raw_affiliation_text"": ""Sun Yat-sen University"", ""institution"": ""Sun Yat-sen University"", ""country"": null}, {""raw_affiliation_text"": ""Dark Matter AI Inc."", ""institution"": ""Dark Matter AI Inc."", ""country"": null}, {""raw_affiliation_text"": ""University of California, Los Angeles"", ""institution"": ""University of California, Los Angeles"", ""country"": null}]"
2021.acl-long.458,,,,2021.acl-long.458,done,University of Pennsylvania,"# What is Your Article Based On? Inferring Fine-grained Provenance

Yi Zhang, Zachary G. Ives, Dan Roth  
Department of Computer and Information Science  
University of Pennsylvania, Philadelphia, PA, USA  
{yizhang5, zives, danroth} @cis.upenn.edu",false,,,,"[{""raw_affiliation_text"": ""Department of Computer and Information Science University of Pennsylvania, Philadelphia, PA, USA"", ""institution"": ""University of Pennsylvania"", ""country"": ""USA""}]"
2021.acl-long.459,,,,2021.acl-long.459,done,The Chinese University of Hong Kong | Shenzhen Research Institute of Big Data,"# Cross-modal Memory Networks for Radiology Report Generation

Zhihong Chen $\spadesuit$ ， Yaling Shen $\spadesuit$ ， Yan Song $\spadesuit$ ， Xiang Wan

$\spadesuit$ The Chinese University of Hong Kong (Shenzhen)

$^{\text{©}}$ Shenzhen Research Institute of Big Data

$\spadesuit$ {zhihongchen,yalingshen}@link.cuhk.edu.cn

\*songyan@cuhk.edu.cn $\text{心}$ wanxiang@sribd.cn",false,,,,"[{""raw_affiliation_text"": ""The Chinese University of Hong Kong (Shenzhen)"", ""institution"": ""The Chinese University of Hong Kong"", ""country"": ""null""}, {""raw_affiliation_text"": ""Shenzhen Research Institute of Big Data"", ""institution"": ""Shenzhen Research Institute of Big Data"", ""country"": ""null""}]"
2021.acl-long.460,,,,2021.acl-long.460,done,Wroclaw University of Science and Technology,"# Controversy and Conformity: from Generalized to Personalized Aggressiveness Detection

Kamil Kanclerz<sup>1</sup>, Alicja Figas<sup>2</sup>, Marcin Gruza<sup>1</sup>, Tomasz Kajdanowicz<sup>1</sup>, Jan Kocon<sup>1</sup>, Daria Puchalska<sup>2</sup>, Przemysław Kazienko<sup>1</sup>

Wroclaw University of Science and Technology

27 Wybrzeje Wyspianskiego st.

Wroclaw, Poland

$^{1}\{kamil.kanclerz,marcin.gruza,tomasz.kajdanowicz,jan.kocon, kazienko\} @pwr.edu.pl$

2{238442,234800}@student.pwr.edu.pl",false,,,,"[{""raw_affiliation_text"": ""Wroclaw University of Science and Technology, Wroclaw, Poland"", ""institution"": ""Wroclaw University of Science and Technology"", ""country"": ""Poland""}]"
2021.acl-long.457,,,,2021.acl-long.457,done,East China Normal University | Alibaba Group | Shanghai Key Laboratory of Trsustworthy Computing | DXY | Shanghai Research Institute for Intelligent Autonomous Systems,"# SMedBERT: A Knowledge-Enhanced Pre-trained Language Model with Structured Semantics for Medical Text Mining

Taolin Zhang $^{1,2,3}$ , Zerui Cai $^{4}$ , Chengyu Wang $^{2}$ , Minghui Qiu $^{2}$ Bite Yang $^{5}$ , Xiaofeng He $^{4,6*}$

$^{1}$ School of Software Engineering, East China Normal University $^{2}$ Alibaba Group $^{3}$ Shanghai Key Laboratory of Trsustworthy Computing   
$^{4}$ School of Computer Science and Technology, East China Normal University $^{5}$ DXY $^{6}$ Shanghai Research Institute for Intelligent Autonomous Systems

zhangtl0519@gmail.com, zrcai_flow@126.com, yangbt@dxy.cn {chengyu.wcy, minghui.qmh}@alibaba-inc.com, hexf@cs.ecnu.edu.cn",false,,,,"[{""raw_affiliation_text"": ""School of Software Engineering, East China Normal University"", ""institution"": ""East China Normal University"", ""country"": null}, {""raw_affiliation_text"": ""Alibaba Group"", ""institution"": ""Alibaba Group"", ""country"": null}, {""raw_affiliation_text"": ""Shanghai Key Laboratory of Trsustworthy Computing"", ""institution"": ""Shanghai Key Laboratory of Trsustworthy Computing"", ""country"": null}, {""raw_affiliation_text"": ""DXY"", ""institution"": ""DXY"", ""country"": null}, {""raw_affiliation_text"": ""Shanghai Research Institute for Intelligent Autonomous Systems"", ""institution"": ""Shanghai Research Institute for Intelligent Autonomous Systems"", ""country"": null}]"
2021.acl-long.454,,,,2021.acl-long.454,done,Alibaba Group | Nankai University | Westlake University | Westlake Institute for Advanced Study,"# Lexicon Enhanced Chinese Sequence Labelling Using BERT Adapter

Wei Liu1, Xiyan $\mathbf { F u ^ { 2 } }$ , Yue Zhang3, Wenming Xiao1

1DAMO Academy, Alibaba Group, China

2College of Computer Science, Nankai University, China

3School of Engineering, Westlake University, China

3Institute of Advanced Technology, Westlake Institute for Advanced Study

hezan.lw@alibaba-inc.com, fuxiyan@mail.nankai.edu.cn,

yue.zhang@wias.org.cn, wenming.xiaowm@alibaba-inc.com",false,,,,"[{""raw_affiliation_text"": ""DAMO Academy, Alibaba Group, China"", ""institution"": ""Alibaba Group"", ""country"": ""China""}, {""raw_affiliation_text"": ""College of Computer Science, Nankai University, China"", ""institution"": ""Nankai University"", ""country"": ""China""}, {""raw_affiliation_text"": ""School of Engineering, Westlake University, China"", ""institution"": ""Westlake University"", ""country"": ""China""}, {""raw_affiliation_text"": ""Institute of Advanced Technology, Westlake Institute for Advanced Study"", ""institution"": ""Westlake Institute for Advanced Study"", ""country"": null}]"
2021.acl-long.461,,,,2021.acl-long.461,done,"Shenzhen Institute of Advanced Technology, Chinese Academy of Sciences | University of Chinese Academy of Sciences | DAMO Academy, Alibaba Group","# Multi-perspective Coherent Reasoning for Helpfulness Prediction of Multimodal Reviews

Junhao Liu $^{1,2,3*}$ Zhen Hai $^{3}$ Min Yang $^{1\dagger}$ Lidong Bing $^{3}$

<sup>1</sup>Shenzhen Key Laboratory for High Performance Data Mining,

Shenzhen Institute of Advanced Technology, Chinese Academy of Sciences

$^{2}$ University of Chinese Academy of Sciences

$^{3}$ DAMO Academy, Alibaba Group

{jh.liu, min.yang}@siat.ac.cn

{zhen.hai, 1.bing}@alibaba-inc.com",false,,,,"[{""raw_affiliation_text"": ""Shenzhen Key Laboratory for High Performance Data Mining, Shenzhen Institute of Advanced Technology, Chinese Academy of Sciences"", ""institution"": ""Shenzhen Institute of Advanced Technology, Chinese Academy of Sciences"", ""country"": null}, {""raw_affiliation_text"": ""University of Chinese Academy of Sciences"", ""institution"": ""University of Chinese Academy of Sciences"", ""country"": null}, {""raw_affiliation_text"": ""DAMO Academy, Alibaba Group"", ""institution"": ""DAMO Academy, Alibaba Group"", ""country"": null}]"
2021.acl-long.46,,,,2021.acl-long.46,done,Shanghai Tech University | Shanghai Engineering Research Center of Intelligent Vision and Imaging | Chinese Academy of Sciences | University of Chinese Academy of Sciences | Alibaba Group,"# Structural Knowledge Distillation: Tractably Distilling Information for Structured Predictor

Xinyu Wang $\diamondsuit$ $\spadesuit$ , Yong Jiang $\dagger$ $*$ $\spadesuit$ , Zhaohui Yan $\diamondsuit$ $\spadesuit$ , Zixia Jia $\diamondsuit$ $\spadesuit$ , Nguyen Bach $\dagger$ , Tao Wang $\dagger$ , Zhongqiang Huang $\dagger$ , Fei Huang $\dagger$ , Kewei Tu $\diamond$

$^{\diamond}$ School of Information Science and Technology, ShanghaiTech University

Shanghai Engineering Research Center of Intelligent Vision and Imaging

Shanghai Institute of Microsystem and Information Technology, Chinese Academy of Sciences

University of Chinese Academy of Sciences

$^{\dagger}$ DAMO Academy, Alibaba Group

{wangxyl, jiazx, yanzhh, tukw}@shanghaiitech.edu.cn

{yongjiang.jy,nguyen.bach}@alibaba-inc.com

{leeo.wangt, z.huang, f.huang}@alibaba-inc.com",false,,,,"[{""raw_affiliation_text"": ""School of Information Science and Technology, ShanghaiTech University"", ""institution"": ""Shanghai Tech University"", ""country"": null}, {""raw_affiliation_text"": ""Shanghai Engineering Research Center of Intelligent Vision and Imaging"", ""institution"": ""Shanghai Engineering Research Center of Intelligent Vision and Imaging"", ""country"": null}, {""raw_affiliation_text"": ""Shanghai Institute of Microsystem and Information Technology, Chinese Academy of Sciences"", ""institution"": ""Chinese Academy of Sciences"", ""country"": null}, {""raw_affiliation_text"": ""University of Chinese Academy of Sciences"", ""institution"": ""University of Chinese Academy of Sciences"", ""country"": null}, {""raw_affiliation_text"": ""DAMO Academy, Alibaba Group"", ""institution"": ""Alibaba Group"", ""country"": null}]"
2021.acl-long.462,,,,2021.acl-long.462,done,Peking University | Microsoft Research Asia,"# Instantaneous Grammatical Error Correction with Shallow Aggressive Decoding

Xin Sun $^{1*}$ Tao Ge $^{2\dagger}$ Furu Wei $^{2}$ Houfeng Wang $^{1}$

<sup>1</sup> MOE Key Lab of Computational Linguistics, School of EECS, Peking University;

2 Microsoft Research Asia

{sunx5, wanghf}@pku.edu.cn;

{tage, fuwei}@microsoft.com",false,,,,"[{""raw_affiliation_text"": ""MOE Key Lab of Computational Linguistics, School of EECS, Peking University"", ""institution"": ""Peking University"", ""country"": null}, {""raw_affiliation_text"": ""Microsoft Research Asia"", ""institution"": ""Microsoft Research Asia"", ""country"": null}]"
2021.acl-long.464,,,,2021.acl-long.464,done,Fudan University | Ping An Technology,"# PHMOSpell: Phonological and Morphological Knowledge Guided Chinese Spelling Check

Li Huang $^{1,2}$ , Junjie Li $^{2}$ , Weiwei Jiang $^{2}$ , Zhiyu Zhang $^{2}$ , Minchuan Chen $^{2}$ , Shaojun Wang $^{2}$ and Jing Xiao $^{2}$

$^{1}$ Fudan University

2Ping An Technology

Ihuang9703@gmail.com, junjielee815@gmail.com",false,,,,"[{""raw_affiliation_text"": ""Fudan University"", ""institution"": ""Fudan University"", ""country"": null}, {""raw_affiliation_text"": ""Ping An Technology"", ""institution"": ""Ping An Technology"", ""country"": null}]"
2021.acl-long.451,,,,2021.acl-long.451,done,Fudan University | New York University | Pazhou Lab,"# A Unified Generative Framework for Various NER Subtasks

Hang Yan $^{1}$ , Tao Gui $^{2}$ , Junqi Dai $^{1}$ , Qipeng Guo $^{1}$ , Zheng Zhang $^{3}$ , Xipeng Qiu $^{1,4*}$

$^{1}$ Shanghai Key Laboratory of Intelligent Information Processing, Fudan University

<sup>1</sup>School of Computer Science, Fudan University

$^{2}$ Institute of Modern Languages and Linguistics, Fudan University

$^{3}$ New York University

$^{4}$ Pazhou Lab, Guangzhou, China

{hyan19,tgui16,jqdai19,qpguo16,xpqiu}@fudan.edu.cn

zz@nyu.edu",false,,,,"[{""raw_affiliation_text"": ""Shanghai Key Laboratory of Intelligent Information Processing, Fudan University"", ""institution"": ""Fudan University"", ""country"": null}, {""raw_affiliation_text"": ""New York University"", ""institution"": ""New York University"", ""country"": null}, {""raw_affiliation_text"": ""Pazhou Lab, Guangzhou, China"", ""institution"": ""Pazhou Lab"", ""country"": ""China""}]"
2021.acl-long.463,,,,2021.acl-long.463,done,"Chinese Academy of Sciences | University of Chinese Academy of Sciences | Beijing University of Posts and Telecommunications | Beijing Unisound Information Technology Co., Ltd","# Automatic ICD Coding via Interactive Shared Representation Networks with Self-distillation Mechanism

Tong Zhou $^{1,3,*}$ , Pengfei Cao $^{1,2}$ , Yubo Chen $^{1,2}$ , Kang Liu $^{1,2}$ , Jun Zhao $^{1,2}$ , Kun Niu $^{3}$ , Weifeng Chong $^{4}$ , Shengping Liu $^{4}$

$^{1}$ National Laboratory of Pattern Recognition, Institute of Automation, Chinese Academy of Sciences

$^{2}$ School of Artificial Intelligence University of Chinese Academy of Sciences

<sup>3</sup> Beijing University of Posts and Telecommunications

<sup>4</sup> Beijing Unisound Information Technology Co., Ltd

{tongzhou21, niukun}@bupt.edu.cn {pengfei.cao,yubo.chen,kliu,jzhao}@nlpr.ia.ac.cn {chongweifeng, liushengping} @unisound.com",false,,,,"[{""raw_affiliation_text"": ""National Laboratory of Pattern Recognition, Institute of Automation, Chinese Academy of Sciences"", ""institution"": ""Chinese Academy of Sciences"", ""country"": null}, {""raw_affiliation_text"": ""School of Artificial Intelligence University of Chinese Academy of Sciences"", ""institution"": ""University of Chinese Academy of Sciences"", ""country"": null}, {""raw_affiliation_text"": ""Beijing University of Posts and Telecommunications"", ""institution"": ""Beijing University of Posts and Telecommunications"", ""country"": null}, {""raw_affiliation_text"": ""Beijing Unisound Information Technology Co., Ltd"", ""institution"": ""Beijing Unisound Information Technology Co., Ltd"", ""country"": null}]"
2021.acl-long.466,,,,2021.acl-long.466,done,Chinese Academy of Sciences | University of Chinese Academy of Sciences | Heilongjiang Network Space Research Center,"# Improving Encoder by Auxiliary Supervision Tasks for Table-to-Text Generation

Liang Li $^{1,2}$ , Can Ma $^{1*}$ , Yinliang Yue $^{1*}$ and Dayong Hu $^{3}$

$^{1}$ Institute of Information Engineering, Chinese Academy of Sciences, Beijing, China $^{2}$ School of Cyber Security, University of Chinese Academy of Sciences, Beijing, China $^{3}$ Heilongjiang Network Space Research Center, Harbin 150010, China  
{liliang, macan, yueyinliang}@iie.ac.cn superhudayong@163.com",false,,,,"[{""raw_affiliation_text"": ""Institute of Information Engineering, Chinese Academy of Sciences, Beijing, China"", ""institution"": ""Chinese Academy of Sciences"", ""country"": ""China""}, {""raw_affiliation_text"": ""School of Cyber Security, University of Chinese Academy of Sciences, Beijing, China"", ""institution"": ""University of Chinese Academy of Sciences"", ""country"": ""China""}, {""raw_affiliation_text"": ""Heilongjiang Network Space Research Center, Harbin 150010, China"", ""institution"": ""Heilongjiang Network Space Research Center"", ""country"": ""China""}]"
2021.acl-long.465,,,,2021.acl-long.465,done,Tencent Jarvis Lab | Carnegie Mellon University | Université de Montréal | Peking University | The University of Sheffield,"# Guiding the Growth: Difficulty-Controllable Question Generation through Step-by-Step Rewriting

Yi Cheng $^{1}$ , Siyao Li $^{2}$ , Bang Liu $^{3*}$ , Ruihui Zhao $^{1}$ , Sujian Li $^{4}$ , Chenghua Lin $^{5}$ , Yefeng Zheng $^{1}$

$^{1}$ Tencent Jarvis Lab, China $^{2}$ LTI, Carnegie Mellon University

$^{3}$ RALI & Mila, Université de Montréal $^{4}$ Peking University $^{5}$ The University of Sheffield

{yicheng, zacharyzhao, yefengzheng}@tencent.com, siyaol@andrew.cmu.edu, bang.liu@umontreal.ca, lisujian@pku.edu.cn, c.lin@shef.ac.uk",false,,,,"[{""raw_affiliation_text"": ""Tencent Jarvis Lab, China"", ""institution"": ""Tencent Jarvis Lab"", ""country"": ""China""}, {""raw_affiliation_text"": ""LTI, Carnegie Mellon University"", ""institution"": ""Carnegie Mellon University"", ""country"": null}, {""raw_affiliation_text"": ""RALI & Mila, Université de Montréal"", ""institution"": ""Université de Montréal"", ""country"": null}, {""raw_affiliation_text"": ""Peking University"", ""institution"": ""Peking University"", ""country"": null}, {""raw_affiliation_text"": ""The University of Sheffield"", ""institution"": ""The University of Sheffield"", ""country"": null}]"
2021.acl-long.467,,,,2021.acl-long.467,done,Sichuan University | National University of Singapore | University of Science and Technology of China,"# POS-Constrained Parallel Decoding for Non-autoregressive Generation

Kexin Yang* Wenqiang Lei* Dayiheng Liu* Weizhen Qi* Jiancheng Lv*

$\spadesuit$ College of Computer Science, Sichuan University National University of Singapore

$\clubsuit$ University of Science and Technology of China {kexinyang0528, wenqianglei}@gmail.com",false,,,,"[{""raw_affiliation_text"": ""College of Computer Science, Sichuan University"", ""institution"": ""Sichuan University"", ""country"": null}, {""raw_affiliation_text"": ""National University of Singapore"", ""institution"": ""National University of Singapore"", ""country"": null}, {""raw_affiliation_text"": ""University of Science and Technology of China"", ""institution"": ""University of Science and Technology of China"", ""country"": null}]"
2021.acl-long.470,,,,2021.acl-long.470,done,University of Cambridge,"# Long-Span Summarization via Local Attention and Content Selection

Potsawee Manakul and Mark J. F. Gales

Department of Engineering, University of Cambridge

pm574@cam.ac.uk, mjfg@eng.cam.ac.uk",false,,,,"[{""raw_affiliation_text"": ""Department of Engineering, University of Cambridge"", ""institution"": ""University of Cambridge"", ""country"": null}]"
2021.acl-long.47,,,,2021.acl-long.47,done,Idiap Research Institute | Deep Mind | Google Brain,"# Parameter-efficient Multi-task Fine-tuning for Transformers via Shared Hypernetworks

Rabeeh Karimi Mahabadi*

EPFL University, Idiap Research Institute

rabeeh.karimimahabadi@epfl.ch

Sebastian Ruder

DeepMind

ruder@google.com

Mostafa Dehghani

Google Brain

dehghani@google.com

James Henderson

Idiap Research Institute

james.henderson@idiap.ch",false,,,,"[{""raw_affiliation_text"": ""EPFL University, Idiap Research Institute"", ""institution"": ""Idiap Research Institute"", ""country"": null}, {""raw_affiliation_text"": ""DeepMind"", ""institution"": ""Deep Mind"", ""country"": null}, {""raw_affiliation_text"": ""Google Brain"", ""institution"": ""Google Brain"", ""country"": null}]"
2021.acl-long.471,,,,2021.acl-long.471,done,Nankai University | Alibaba Group | Indiana University,"# RepSum: Unsupervised Dialogue Summarization based on Replacement Strategy

Xiyan Fu $^{1}$ , Yating Zhang $^{2}$ , Tianyi Wang $^{2}$ , Xiaozhong Liu $^{3}$ , Changlong Sun $^{2}$ and Zhenglu Yang $^{1}$

<sup>1</sup>Nankai University, Tianjin, China   
2 Alibaba Group, Hangzhou, China   
<sup>3</sup> Indiana University, Bloomington, USA

fuxiyan@mail.nankai.edu.cn, {ranran.zyt, will.wty}@alibaba-inc.com

liu237@indiana.edu, changlong.scl@taobao.com, yangzl@nankai.edu.cn",false,,,,"[{""raw_affiliation_text"": ""Nankai University, Tianjin, China"", ""institution"": ""Nankai University"", ""country"": ""China""}, {""raw_affiliation_text"": ""Alibaba Group, Hangzhou, China"", ""institution"": ""Alibaba Group"", ""country"": ""China""}, {""raw_affiliation_text"": ""Indiana University, Bloomington, USA"", ""institution"": ""Indiana University"", ""country"": ""USA""}]"
2021.acl-long.472,,,,2021.acl-long.472,done,Peking University | Baidu Inc. | Soochow University,"# BASS: Boosting Abstractive Summarization with Unified Semantic Graph

Wenhao Wu $^{1*}$ , Wei Li $^{2}$ , Xinyan Xiao $^{2}$ , Jiachen Liu $^{2}$ , Ziqiang Cao $^{3}$ , Sujian Li $^{1}$ , Hua Wu $^{2}$ , Haifeng Wang $^{2}$

<sup>1</sup>Key Laboratory of Computational Linguistics, MOE, Peking University

$^{2}$ Baidu Inc., Beijing, China

$^{3}$ Institute of Artificial Intelligence, Soochow University, China

{waynewu, lisujian}@pku.edu.cn

{liwei85,xiaoxinyan,liujiachen,wu_hua,wanghaifeng}@baidu.com

{zqcao}@suda.edu.cn",false,,,,"[{""raw_affiliation_text"": ""Key Laboratory of Computational Linguistics, MOE, Peking University"", ""institution"": ""Peking University"", ""country"": null}, {""raw_affiliation_text"": ""Baidu Inc., Beijing, China"", ""institution"": ""Baidu Inc."", ""country"": ""China""}, {""raw_affiliation_text"": ""Institute of Artificial Intelligence, Soochow University, China"", ""institution"": ""Soochow University"", ""country"": ""China""}]"
2021.acl-long.474,,,,2021.acl-long.474,done,University of Copenhagen | Google Research | ASAPP,"# Focus Attention: Promoting Faithfulness and Diversity in Summarization

Rahul Aralikatte*

University of Copenhagen

rahul@di.ku.dk

Shashi Narayan

Google Research

shashinarayan@google.com

Joshua Maynez

Google Research

joshuahm@google.com

Sascha Rothe

Google Research

rothe@google.com

Ryan McDonald*

ASAPP

ryanmcd@asapp.com",false,,,,"[{""raw_affiliation_text"": ""University of Copenhagen"", ""institution"": ""University of Copenhagen"", ""country"": null}, {""raw_affiliation_text"": ""Google Research"", ""institution"": ""Google Research"", ""country"": null}, {""raw_affiliation_text"": ""ASAPP"", ""institution"": ""ASAPP"", ""country"": null}]"
2021.acl-long.469,,,,2021.acl-long.469,done,Tianjin University | Huawei Noah's Ark Lab,"# TGEA: An Error-Annotated Dataset and Benchmark Tasks for Text Generation from Pretrained Language Models

Jie He†*, Bo Peng§*, Yi Liao§, Qun Liu§ and Deyi Xiong†

† College of Intelligence and Computing, Tianjin University, Tianjin, China

Huawei Noah's Ark Lab, Hong Kong, China

{jieh, dyxiong}@tju.edu.cn,

{peng.bo2, liaoyi9, qun.liu}@huawei.com",false,,,,"[{""raw_affiliation_text"": ""College of Intelligence and Computing, Tianjin University, Tianjin, China"", ""institution"": ""Tianjin University"", ""country"": ""China""}, {""raw_affiliation_text"": ""Huawei Noah's Ark Lab, Hong Kong, China"", ""institution"": ""Huawei Noah's Ark Lab"", ""country"": ""China""}]"
2021.acl-long.468,,,,2021.acl-long.468,done,Xiamen University | Alibaba Group | Soochow University | Pengcheng Lab,"# Bridging Subword Gaps in Pretrain-Finetune Paradigm for Natural Language Generation

Xin Liu<sup>1,2</sup> Baosong Yang<sup>3</sup> Dayiheng Liu<sup>3</sup> Haibo Zhang<sup>3</sup> Weihua Luo<sup>3</sup> Min Zhang<sup>4</sup> Haiying Zhang<sup>1,2</sup> Jinsong Su<sup>1,2,5*</sup>

$^{1}$ School of Informatics, Xiamen University

$^{2}$ Institute of Artificial Intelligence, Xiamen University

$^{3}$ Alibaba Group $^{4}$ Soochow University, China $^{5}$ Pengcheng Lab, Shenzhen

liuxin@stu.xmu.edu.cn

{yangbaosong.ybs,liudayiheng.1dyh,zhanhui.zhb,weihua.luowh}@alibaba-inc.com

minzhang@suda.edu.cn {zhang2002, jssu}@xmu.edu.cn",false,,,,"[{""raw_affiliation_text"": ""School of Informatics, Xiamen University"", ""institution"": ""Xiamen University"", ""country"": null}, {""raw_affiliation_text"": ""Alibaba Group"", ""institution"": ""Alibaba Group"", ""country"": null}, {""raw_affiliation_text"": ""Soochow University, China"", ""institution"": ""Soochow University"", ""country"": ""China""}, {""raw_affiliation_text"": ""Pengcheng Lab, Shenzhen"", ""institution"": ""Pengcheng Lab"", ""country"": null}]"
2021.acl-long.476,,,,2021.acl-long.476,done,Yonsei University | Seoul National University,"# Robustifying Multi-hop Question Answering through Pseudo-Evidentiality Training

Kyungjae Lee $^{1}$ Seung-won Hwang $^{2*}$ Sang-eun Han $^{1}$ Dohyeon Lee $^{1}$

$^{1}$ Yonsei University $^{2}$ Seoul National University",false,,,,"[{""raw_affiliation_text"": ""Yonsei University"", ""institution"": ""Yonsei University"", ""country"": null}, {""raw_affiliation_text"": ""Seoul National University"", ""institution"": ""Seoul National University"", ""country"": null}]"
2021.acl-long.477,,,,2021.acl-long.477,done,Microsoft Corporation,"# xMoCo: Cross Momentum Contrastive Learning for Open-Domain Question Answering

Nan Yang, Furu Wei, Binxing Jiao, Daxin Jiang, Linjun Yang  
Microsoft Corporation

{nanya, fuwei, binxjia, djiang, linjya}@microsoft.com",false,,,,"[{""raw_affiliation_text"": ""Microsoft Corporation"", ""institution"": ""Microsoft Corporation"", ""country"": null}]"
2021.acl-long.473,,,,2021.acl-long.473,done,Peking University | King Abdullah University of Science and Technology | Umm Al-Qura University | Renmin University of China,"# Capturing Relations between Scientific Papers: An Abstractive Model for Related Work Section Generation

Xiuying Chen $^{123}$ , Hind Alamro $^{34}$ , Mingzhe Li $^{12}$ , Shen Gao $^{1}$ , Xiangliang Zhang $^{3*}$ , Dongyan Zhao $^{125*}$ , Rui Yan $^{6}$

$^{1}$ Wangxuan Institute of Computer Technology, Peking University, Beijing, China

$^{2}$ Center for Data Science, Peking University, Beijing, China

$^{3}$ King Abdullah University of Science and Technology, Thuwal, Saudi Arabia

<sup>4</sup>Computer Science Department, Umm Al-Qura University, Makkah, Saudi Arabia

${}^{5}$ State Key Laboratory of Media Convergence Production Technology and Systems

$^{6}$ Gaoling School of Artificial Intelligence, Renmin University of China

xy-chen@pku.edu.cn",false,,,,"[{""raw_affiliation_text"": ""Wangxuan Institute of Computer Technology, Peking University, Beijing, China"", ""institution"": ""Peking University"", ""country"": ""China""}, {""raw_affiliation_text"": ""King Abdullah University of Science and Technology, Thuwal, Saudi Arabia"", ""institution"": ""King Abdullah University of Science and Technology"", ""country"": ""Saudi Arabia""}, {""raw_affiliation_text"": ""Computer Science Department, Umm Al-Qura University, Makkah, Saudi Arabia"", ""institution"": ""Umm Al-Qura University"", ""country"": ""Saudi Arabia""}, {""raw_affiliation_text"": ""Gaoling School of Artificial Intelligence, Renmin University of China"", ""institution"": ""Renmin University of China"", ""country"": null}]"
2021.acl-long.475,,,,2021.acl-long.475,done,"Institute for Language, Cognition and Computation | University of Edinburgh","# Generating Query Focused Summaries from Query-Free Resources

Yumo Xu and Mirella Lapata

Institute for Language, Cognition and Computation

School of Informatics, University of Edinburgh

10 Crichton Street, Edinburgh EH8 9AB

yumo.xu@ed.ac.uk mlap@inf.ed.ac.uk",false,,,,"[{""raw_affiliation_text"": ""Institute for Language, Cognition and Computation"", ""institution"": ""Institute for Language, Cognition and Computation"", ""country"": null}, {""raw_affiliation_text"": ""School of Informatics, University of Edinburgh"", ""institution"": ""University of Edinburgh"", ""country"": null}]"
2021.acl-long.478,,,,2021.acl-long.478,done,Korea University,"# Learn to Resolve Conversational Dependency: A Consistency Training Framework for Conversational Question Answering

Gangwoo Kim Hyunjae Kim Jungsoo Park Jaewoo Kang $^{\dagger}$ Korea University

{gangwoo_kim,hyunjae-kim}@korea.ac.kr {jungsoovalek,kangj} $@$ korea.ac.kr",false,,,,"[{""raw_affiliation_text"": ""Korea University"", ""institution"": ""Korea University"", ""country"": null}]"
2021.acl-long.479,,,,2021.acl-long.479,done,Google Research | Kuaishou Technology,"# PhotoChat: A Human-Human Dialogue Dataset with Photo Sharing Behavior for Joint Image-Text Modeling

Xiaoxue Zang $^{1}$ , Lijuan Liu $^{1}$ , Maria Wang $^{1}$ , Yang Song $^{2*}$ , Hao Zhang $^{1}$ , Jindong Chen $^{1}$

<sup>1</sup> Google Research, <sup>2</sup> Kuaishou Technology

$^{1}\{xiaoxuez, lijuanliu, mariawang, haozhangthu, jdchen\} @$ google.com,

2 yangsong@kuaishou.com",false,,,,"[{""raw_affiliation_text"": ""Google Research"", ""institution"": ""Google Research"", ""country"": null}, {""raw_affiliation_text"": ""Kuaishou Technology"", ""institution"": ""Kuaishou Technology"", ""country"": null}]"
2021.acl-long.480,,,,2021.acl-long.480,done,The University of Hong Kong | Tencent AI Lab | Shanghai Artificial Intelligence Laboratory | East China Normal University,"# Good for Misconceived Reasons: An Empirical Revisiting on the Need for Visual Context in Multimodal Machine Translation

Zhiyong Wu†, Lingpeng Kong†, Wei Bi‡, Xiang Li§, Ben Kao†

†The University of Hong Kong,

†Tencent AI Lab, ‡Shanghai Artificial Intelligence Laboratory, §East China Normal University †{zywu,lpk,kao}@cs.hku.hk, ‡victoriabi@tencent.com, §xiangli@dase.ecnu.edu.cn",false,,,,"[{""raw_affiliation_text"": ""The University of Hong Kong"", ""institution"": ""The University of Hong Kong"", ""country"": null}, {""raw_affiliation_text"": ""Tencent AI Lab"", ""institution"": ""Tencent AI Lab"", ""country"": null}, {""raw_affiliation_text"": ""Shanghai Artificial Intelligence Laboratory"", ""institution"": ""Shanghai Artificial Intelligence Laboratory"", ""country"": null}, {""raw_affiliation_text"": ""East China Normal University"", ""institution"": ""East China Normal University"", ""country"": null}]"
2021.acl-long.48,,,,2021.acl-long.48,done,"Singapore Management University | Nanyang Technological University | Agency for Science, Technology and Research","# COSY: COUNTERFactual SYntax for Cross-Lingual Understanding

Sicheng Yu $^{1}$ , Hao Zhang $^{2,3}$ , Yulei Niu $^{2}$ , Qianru Sun $^{1}$ , Jing Jiang $^{1}$

$^{1}$ Singapore Management University, Singapore

$^{2}$ Nanyang Technological University, Singapore

<sup>3</sup>Agency for Science, Technology and Research, Singapore

scyu.2018@phdcs.smu.edu.sg, hao007@e.ntu.edu.sg

yn.yuleiniu@gmail.com, {qianrusun,jingjiang}@smu.edu.sg",false,,,,"[{""raw_affiliation_text"": ""Singapore Management University, Singapore"", ""institution"": ""Singapore Management University"", ""country"": ""Singapore""}, {""raw_affiliation_text"": ""Nanyang Technological University, Singapore"", ""institution"": ""Nanyang Technological University"", ""country"": ""Singapore""}, {""raw_affiliation_text"": ""Agency for Science, Technology and Research, Singapore"", ""institution"": ""Agency for Science, Technology and Research"", ""country"": ""Singapore""}]"
2021.acl-long.482,,,,2021.acl-long.482,done,Georgia Institute of Technology | Mohamed bin Zayed University of Artificial Intelligence,"# BERTifying the Hidden Markov Model for Multi-Source Weakly Supervised Named Entity Recognition

Yinghao Li $^{1}$ , Pranav Shetty $^{1}$ , Lucas Liu $^{1}$ , Chao Zhang $^{1}$ , and Le Song $^{2}$ \ $^{1}$ Georgia Institute of Technology, Atlanta, USA

$^{2}$ Mohamed bin Zayed University of Artificial Intelligence, Abu Dhabi, United Arab Emirates {yinghaoli, pranav.shetty, lucasliu, chaozhang}@gatech.edu le.song@mbzuai.ac.ae",false,,,,"[{""raw_affiliation_text"": ""Georgia Institute of Technology, Atlanta, USA"", ""institution"": ""Georgia Institute of Technology"", ""country"": ""USA""}, {""raw_affiliation_text"": ""Mohamed bin Zayed University of Artificial Intelligence, Abu Dhabi, United Arab Emirates"", ""institution"": ""Mohamed bin Zayed University of Artificial Intelligence"", ""country"": ""United Arab Emirates""}]"
2021.acl-long.484,,,,2021.acl-long.484,done,Fudan University,"# SENT: Sentence-level Distant Relation Extraction via Negative Training

Ruotian Ma $^{1}$ , Tao Gui $^{2*}$ , Linyang Li $^{1}$ , Qi Zhang $^{1*}$ , Xuanjing Huang $^{1}$ and Yaqian Zhou $^{1}$

$^{1}$ School of Computer Science, Fudan University, Shanghai, China

$^{2}$ Institute of Modern Languages and Linguistics, Fudan University, Shanghai, China

{rtmal9,tgui16,linyangli19,qz,xjhuang,yqzhou}@fudan.edu.cn",false,,,,"[{""raw_affiliation_text"": ""School of Computer Science, Fudan University, Shanghai, China"", ""institution"": ""Fudan University"", ""country"": ""China""}]"
2021.acl-long.483,,,,2021.acl-long.483,done,Zhejiang University | Alibaba-Zhejiang University Joint Research Institute of Frontier Technologies | State Key Laboratory of Cognitive Intelligence,"# CIL: Contrastive Instance Learning Framework for Distantly Supervised Relation Extraction

Tao Chen $^{1,2}$ , Haizhou Shi $^{1}$ , Siliang Tang $^{1,2*}$ , Zhigang Chen $^{3}$ , Fei Wu $^{1}$ & Yueting Zhuang $^{1}$

1Zhejiang University

$^{2}$ Alibaba-Zhejiang University Joint Research Institute of Frontier Technologies

$^{3}$ State Key Laboratory of Cognitive Intelligence, Hefei, China

{ TTC, shihaizhou, siliang, yzhuang}@zju.edu.cn

zgchen@iflytek.com, wufei@cs.zju.edu.cn",false,,,,"[{""raw_affiliation_text"": ""Zhejiang University"", ""institution"": ""Zhejiang University"", ""country"": null}, {""raw_affiliation_text"": ""Alibaba-Zhejiang University Joint Research Institute of Frontier Technologies"", ""institution"": ""Alibaba-Zhejiang University Joint Research Institute of Frontier Technologies"", ""country"": null}, {""raw_affiliation_text"": ""State Key Laboratory of Cognitive Intelligence, Hefei, China"", ""institution"": ""State Key Laboratory of Cognitive Intelligence"", ""country"": ""China""}]"
2021.acl-long.486,,,,2021.acl-long.486,done,Shenzhen University | Tencent Jarvis Lab | Zhejiang University,"# PRGC: Potential Relation and Global Correspondence Based Joint Relational Triple Extraction

Hengyi Zheng $^{1,2,3}$ , Rui Wen $^{3}$ , Xi Chen $^{3,4*}$ , Yifan Yang $^{3}$ , Yunyan Zhang $^{3}$ , Ziheng Zhang $^{3}$ , Ningyu Zhang $^{5}$ , Bin Qin $^{2*}$ , Ming Xu $^{2*}$ , Yefeng Zheng $^{3}$

$^{1}$ College of Electronics and Information Engineering, Shenzhen University $^{2}$ Information Technology Center, Shenzhen University

$^{3}$ Tencent Jarvis Lab, Shenzhen, China

<sup>4</sup> Platform and Content Group, Tencent <sup>5</sup>Zhejiang University

zhenghengyi2019@email.szu.edu.cn, {qinbin,xuming}@szu.edu.cn

{ruiwen,Jasonxchen,tobyfyang,yunyanzhang,zihengzhang,yefengzheng}@tencent.com",false,,,,"[{""raw_affiliation_text"": ""College of Electronics and Information Engineering, Shenzhen University"", ""institution"": ""Shenzhen University"", ""country"": null}, {""raw_affiliation_text"": ""Tencent Jarvis Lab, Shenzhen, China"", ""institution"": ""Tencent Jarvis Lab"", ""country"": ""China""}, {""raw_affiliation_text"": ""Zhejiang University"", ""institution"": ""Zhejiang University"", ""country"": null}]"
2021.acl-long.488,,,,2021.acl-long.488,done,University of Illinois at Urbana-Champaign | Adobe Research,"# Joint Biomedical Entity and Relation Extraction with Knowledge-Enhanced Collective Inference

Tuan Lai $^{1}$ , Heng Ji $^{1}$ , ChengXiang Zhai $^{1}$ , Quan Hung Tran $^{2}$

<sup>1</sup>University of Illinois at Urbana-Champaign <sup>2</sup>Adobe Research

{tuanml2, hengji, czhai} @illinois.edu

qtran@adobe.com",false,,,,"[{""raw_affiliation_text"": ""University of Illinois at Urbana-Champaign"", ""institution"": ""University of Illinois at Urbana-Champaign"", ""country"": null}, {""raw_affiliation_text"": ""Adobe Research"", ""institution"": ""Adobe Research"", ""country"": null}]"
2021.acl-long.49,,,,2021.acl-long.49,done,POSTECH,"# OoMMix: Out-of-manifold Regularization in Contextual Embedding Space for Text Classification

Seonghyeon Lee $^{1}$ , Dongha Lee $^{2}$ and Hwanjo Yu $^{1*}$

<sup>1</sup>Dept. of Computer Science and Engineering, POSTECH, Republic of Korea

$^{2}$ Institute of Artificial Intelligence, POSTECH, Republic of Korea

{sh0416, dongha.lee, hwanjoyu}@postech.ac.kr",false,,,,"[{""raw_affiliation_text"": ""Dept. of Computer Science and Engineering, POSTECH, Republic of Korea"", ""institution"": ""POSTECH"", ""country"": ""Republic of Korea""}]"
2021.acl-long.485,,,,2021.acl-long.485,done,Nankai University,"# An End-to-End Progressive Multi-Task Learning Framework for Medical Named Entity Recognition and Normalization

Baohang Zhou $^{1,3}$ , Xiangrui Cai $^{2,3}$ , Ying Zhang $^{1,3,*}$ , Xiaojie Yuan $^{1,3}$

<sup>1</sup> College of Computer Science, Nankai University, Tianjin 300350, China

$^{2}$ College of Cyber Science, Nankai University, Tianjin 300350, China

$^{3}$ Tianjin Key Laboratory of Network and Data Security Technology, Tianjin 300350, China zhoubh@mail.nankai.edu.cn, {yingzhang, caixr, yuanxj} $@$ nankai.edu.cn",false,,,,"[{""raw_affiliation_text"": ""College of Computer Science, Nankai University, Tianjin 300350, China"", ""institution"": ""Nankai University"", ""country"": ""China""}]"
2021.acl-long.490,,,,2021.acl-long.490,done,University of Oregon | Adobe Research,"# Unleash GPT-2 Power for Event Detection

Amir Pouran Ben Veyseh<sup>1</sup>, Viet Dac Lai<sup>1</sup>, Franck Dernoncourt<sup>2</sup>, and Thien Huu Nguyen<sup>1</sup>

$^{1}$ Department of Computer and Information Science, University of Oregon, Eugene, OR 97403, USA

$^{2}$ Adobe Research, San Jose, CA, USA

{apouranb,vietl,thien}@cs.uoregon.edu,

franck.dernoncourt@adobe.com",false,,,,"[{""raw_affiliation_text"": ""Department of Computer and Information Science, University of Oregon, Eugene, OR 97403, USA"", ""institution"": ""University of Oregon"", ""country"": ""USA""}, {""raw_affiliation_text"": ""Adobe Research, San Jose, CA, USA"", ""institution"": ""Adobe Research"", ""country"": ""USA""}]"
2021.acl-long.487,,,,2021.acl-long.487,done,Tsinghua University | JOYY Inc | Nanyang Technological University,"# Learning from Miscellaneous Other-Class Words for Few-shot Named Entity Recognition

Meihan Tong $^{1}$ , Shuai Wang $^{2}$ , Bin Xu $^{1*}$ , Yixin Cao $^{3}$ , Minghui Liu $^{1}$ , Lei Hou $^{1}$ , Juanzi Li $^{1}$

$^{1}$ Knowledge Engineering Laboratory, Tsinghua University, Beijing, China

$^{2}$ SLP Group, AI Technology Department, JOYY Inc, China

$^{3}$ S-Lab Nanyang Technological University, Singapore

tongmeihan@gmail.com, wangshuai@yy.com

xubin@tsinghua.edu.cn, caoyixin2011@gmail.com

liu-mh16@mails.tsinghua.edu.cn,greener2009@gmail.com

lijuanzi@tsinghua.edu.cn",false,,,,"[{""raw_affiliation_text"": ""Knowledge Engineering Laboratory, Tsinghua University, Beijing, China"", ""institution"": ""Tsinghua University"", ""country"": ""China""}, {""raw_affiliation_text"": ""SLP Group, AI Technology Department, JOYY Inc, China"", ""institution"": ""JOYY Inc"", ""country"": ""China""}, {""raw_affiliation_text"": ""S-Lab Nanyang Technological University, Singapore"", ""institution"": ""Nanyang Technological University"", ""country"": ""Singapore""}]"
2021.acl-long.489,,,,2021.acl-long.489,done,University of Illinois at Urbana-Champaign | University of Colorado Boulder,"# Fine-grained Information Extraction from Biomedical Literature based on Knowledge-enriched Abstract Meaning Representation

Zixuan Zhang $^{1}$ , Nikolaus Parulian $^{1}$ , Heng Ji $^{1}$ , Ahmed S. Elsayed $^{2}$ , Skatje Myers $^{2}$ , Martha Palmer $^{2}$

<sup>1</sup>University of Illinois at Urbana-Champaign

$^{2}$ University of Colorado Boulder

{zixuan11, nnp2, hengji}@illinois.edu

{ahmed.s.elsayed, skatje.myers, martha.palmer}@colorado.edu",false,,,,"[{""raw_affiliation_text"": ""University of Illinois at Urbana-Champaign"", ""institution"": ""University of Illinois at Urbana-Champaign"", ""country"": null}, {""raw_affiliation_text"": ""University of Colorado Boulder"", ""institution"": ""University of Colorado Boulder"", ""country"": null}]"
2021.acl-long.492,,,,2021.acl-long.492,done,Chinese Academy of Sciences | University of Chinese Academy of Sciences | Ant Group,"# Document-level Event Extraction via Parallel Prediction Networks

Hang Yang $^{1,2}$ , Dianbo Sui $^{1,2}$ , Yubo Chen $^{1,2}$ , Kang Liu $^{1,2}$ , Jun Zhao $^{1,2}$ , Taifeng Wang $^{3}$

$^{1}$ National Laboratory of Pattern Recognition, Institute of Automation, Chinese Academy of Sciences, Beijing, 100190, China

$^{2}$ School of Artificial Intelligence, University of Chinese Academy of Sciences,

Beijing, 100049, China

$^{3}$ Ant Group, Hangzhou, 310013, China

{hang.yang, dianbo.sui, yubo.chen, kliu, jzhao} @nlpr.i.a.ac.cn ,

taifeng.wang@antgroup.com",false,,,,"[{""raw_affiliation_text"": ""National Laboratory of Pattern Recognition, Institute of Automation, Chinese Academy of Sciences, Beijing, 100190, China"", ""institution"": ""Chinese Academy of Sciences"", ""country"": ""China""}, {""raw_affiliation_text"": ""School of Artificial Intelligence, University of Chinese Academy of Sciences, Beijing, 100049, China"", ""institution"": ""University of Chinese Academy of Sciences"", ""country"": ""China""}, {""raw_affiliation_text"": ""Ant Group, Hangzhou, 310013, China"", ""institution"": ""Ant Group"", ""country"": ""China""}]"
2021.acl-long.496,,,,2021.acl-long.496,done,"Singapore University of Technology and Design | DAMO Academy, Alibaba Group","# Argument Pair Extraction via Attention-guided Multi-Layer Multi-Cross Encoding

Liying Cheng*1,2 Tianyu Wu1 Lidong Bing2 Luo Si2

$^{1}$ Singapore University of Technology and Design $^{2}$ DAMO Academy, Alibaba Group

{liying.cheng, 1.bing, luo.si}@alibaba-inc.com

tianyu_wu@alumni.sutd.edu.sg",false,,,,"[{""raw_affiliation_text"": ""Singapore University of Technology and Design"", ""institution"": ""Singapore University of Technology and Design"", ""country"": null}, {""raw_affiliation_text"": ""DAMO Academy, Alibaba Group"", ""institution"": ""DAMO Academy, Alibaba Group"", ""country"": null}]"
2021.acl-long.494,,,,2021.acl-long.494,done,Beijing University of Posts and Telecommunications | Carnegie Mellon University,"# Dual Graph Convolutional Networks for Aspect-based Sentiment Analysis

Ruifan Li $^{1*}$ , Hao Chen $^{1}$ , Fangxiang Feng $^{1}$ , Zhanyu Ma $^{1}$ , Xiaojie WANG $^{1}$ , and Eduard Hovy $^{2}$

<sup>1</sup> School of Artificial Intelligence, Beijing University of Posts and Telecommunications, China

$^{2}$ Language Technologies Institute, Carnegie Mellon University, USA

{rfli, ccchenhao997, fxfeng, mazhanyu, xjwang}@bupt.edu.cn hovy@cmu.edu",false,,,,"[{""raw_affiliation_text"": ""School of Artificial Intelligence, Beijing University of Posts and Telecommunications, China"", ""institution"": ""Beijing University of Posts and Telecommunications"", ""country"": ""China""}, {""raw_affiliation_text"": ""Language Technologies Institute, Carnegie Mellon University, USA"", ""institution"": ""Carnegie Mellon University"", ""country"": ""USA""}]"
2021.acl-long.481,,,,2021.acl-long.481,done,Seoul National University | AI Institute for Seoul National University (AIIS) | Hanyang University,"# Attend What You Need: Motion-Appearance Synergistic Networks for Video Question Answering

Ahjeong Seo $^{1}$ , Gi-Cheon Kang $^{1,2}$ , Joonhan Park $^{3,*}$ , Byoung-Tak Zhang $^{1,2}$

$^{1}$ Seoul National University

$^{2}$ AI Institute for Seoul National University (AIIS)

3 Hanyang University

{ajseo,gckang,jhpark,btzhang}@bi.snu.ac.kr",false,,,,"[{""raw_affiliation_text"": ""Seoul National University"", ""institution"": ""Seoul National University"", ""country"": null}, {""raw_affiliation_text"": ""AI Institute for Seoul National University (AIIS)"", ""institution"": ""AI Institute for Seoul National University (AIIS)"", ""country"": null}, {""raw_affiliation_text"": ""Hanyang University"", ""institution"": ""Hanyang University"", ""country"": null}]"
2021.acl-long.495,,,,2021.acl-long.495,done,Nankai University | IBM Research - China | JD Explore Academy,"# Multi-Label Few-Shot Learning for Aspect Category Detection

Mengting Hu $^{1}$ Shiwan Zhao $^{2*}$ Honglei Guo $^{2}$ Chao Xue $^{3\dagger}$ Hang Gao $^{1}$ Tiegang Gao $^{1}$ Renhong Cheng $^{1}$ Zhong Su $^{2}$

$^{1}$ Nankai University $^{2}$ IBM Research - China $^{3}$ JD Explore Academy $\{\mathrm{mthu, knimet}\} @$ mail.nankai.edu.cn, $\{\mathrm{zhaosw, guohl, suzhong}\} @$ cn.ibm.com xuechao19@jd.com, $\{\mathrm{gaotiegang, chengrh}\} @$ nankai.edu.cn",false,,,,"[{""raw_affiliation_text"": ""Nankai University"", ""institution"": ""Nankai University"", ""country"": null}, {""raw_affiliation_text"": ""IBM Research - China"", ""institution"": ""IBM Research - China"", ""country"": null}, {""raw_affiliation_text"": ""JD Explore Academy"", ""institution"": ""JD Explore Academy"", ""country"": null}]"
2021.acl-long.493,,,,2021.acl-long.493,done,Alibaba Group,"# StructuralLM: Structural Pre-training for Form Understanding

Chenliang Li, Bin Bi, Ming Yan, Wei Wang, Songfang Huang, Fei Huang, Luo Si

Alibaba Group

{lc1193798, b.bi, ym119608, hebian.ww}@alibaba-inc.com

{songfang.hsf，f.huang，luo.si}@alibaba-inc.com",false,,,,"[{""raw_affiliation_text"": ""Alibaba Group"", ""institution"": ""Alibaba Group"", ""country"": null}]"
2021.acl-long.491,,,,2021.acl-long.491,done,Tsinghua University | Tencent Inc,"# CLEVE: Contrastive Pre-training for Event Extraction

Ziqi Wang $^{1*}$ , Xiaozhi Wang $^{1*}$ , Xu Han $^{1}$ , Yankai Lin $^{3}$ , Lei Hou $^{1,2\dagger}$ , Zhiyuan Liu $^{1,2}$ , Peng Li $^{3}$ , Juanzi Li $^{1,2}$ , Jie Zhou $^{3}$

$^{1}$ Department of Computer Science and Technology, BNRist;

$^{2}$ KIRC, Institute for Artificial Intelligence,

Tsinghua University, Beijing, 100084, China

$^{3}$ Pattern Recognition Center, WeChat AI, Tencent Inc, China

{ziqi-wan16, wangxz20, hanxu17}@mails.tsinghua.edu.cn",false,,,,"[{""raw_affiliation_text"": ""Department of Computer Science and Technology, BNRist; KIRC, Institute for Artificial Intelligence, Tsinghua University, Beijing, 100084, China"", ""institution"": ""Tsinghua University"", ""country"": ""China""}, {""raw_affiliation_text"": ""Pattern Recognition Center, WeChat AI, Tencent Inc, China"", ""institution"": ""Tencent Inc"", ""country"": ""China""}]"
2021.acl-long.498,,,,2021.acl-long.498,done,UC Berkeley | Microsoft,"# Keep it Simple: Unsupervised Simplification of Multi-Paragraph Text

Philippe Laban  
UC Berkeley

Tobias Schnabel  
Microsoft

Paul N. Bennett  
Microsoft

Marti A. Hearst  
UC Berkeley*",false,,,,"[{""raw_affiliation_text"": ""UC Berkeley"", ""institution"": ""UC Berkeley"", ""country"": null}, {""raw_affiliation_text"": ""Microsoft"", ""institution"": ""Microsoft"", ""country"": null}]"
2021.acl-long.499,,,,2021.acl-long.499,done,Tsinghua University | Netease Fuxi AI Lab | TAL Education Group,"# Long Text Generation by Modeling Sentence-Level and Discourse-Level Coherence

Jian Guan $^{1}$ , Xiaoxi Mao $^{2}$ , Changjie Fan $^{2}$ , Zitao Liu $^{3}$ , Wenbiao Ding $^{3}$ and Minlie Huang $^{1*}$

<sup>1</sup>The CoAI group, DCST; <sup>1</sup>Institute for Artificial Intelligence; <sup>1</sup>State Key Lab of Intelligent Technology and Systems;

<sup>1</sup> Beijing National Research Center for Information Science and Technology;

$^{1}$ Tsinghua University, Beijing 100084, China. $^{2}$ Netease Fuxi AI Lab. $^{3}$ TAL Education Group.

j-quan19@mails.tsinghua.edu.cn, {maoxiaoxi,fanchangjie}@corp.netease.com,

zitao.jerry.liu@gmail.com,dingwenbiao@100tal.com,aihuang@tsinghua.edu.cn",false,,,,"[{""raw_affiliation_text"": ""Tsinghua University, Beijing 100084, China."", ""institution"": ""Tsinghua University"", ""country"": ""China""}, {""raw_affiliation_text"": ""Netease Fuxi AI Lab."", ""institution"": ""Netease Fuxi AI Lab"", ""country"": null}, {""raw_affiliation_text"": ""TAL Education Group."", ""institution"": ""TAL Education Group"", ""country"": null}]"
2021.acl-long.502,,,,2021.acl-long.502,done,University of Michigan,"# Controllable Open-ended Question Generation with A New Question Type Ontology

Shuyang Cao and Lu Wang

Computer Science and Engineering

University of Michigan

Ann Arbor, MI

{caoshuy, wangluxy}@umich.edu",false,,,,"[{""raw_affiliation_text"": ""Computer Science and Engineering University of Michigan Ann Arbor, MI"", ""institution"": ""University of Michigan"", ""country"": ""USA""}]"
2021.acl-long.50,,,,2021.acl-long.50,done,National Research Council Canada,"# Understanding and Countering Stereotypes: A Computational Approach to the Stereotype Content Model

Kathleen C. Fraser, Isar Nejadgholi, and Svetlana Kritchenko

National Research Council Canada

Ottawa, Canada

{Kathleen.Fraser,Isar.Nejadgholi,Svetlana.Kiritchenko}@nrc-cnrc.gc.ca",false,,,,"[{""raw_affiliation_text"": ""National Research Council Canada"", ""institution"": ""National Research Council Canada"", ""country"": ""Canada""}]"
2021.acl-long.5,,,,2021.acl-long.5,done,Xi'an Jiaotong University,"# Unified Dual-view Cognitive Model for Interpretable Claim Verification

Lianwei Wu, Yuan Rao, Yuqian Lan, Ling Sun, Zhaoyin Qi

Xi'an Key Lab. of Social Intelligence and Complexity Data Processing,

School of Software Engineering, Xi'an Jiaotong University, China

Shaanxi Joint Key Laboratory for Artifact Intelligence(Sub-Lab of Xi'an Jiaotong University), China

Research Institute of Xi'an Jiaotong University, Shenzhen, China

{stayhungry, yuqian.lan.xjtu, sunling, daqigel23}@stu.xjtu.edu.cn

raoyuan@mail.xjtu.edu.cn",false,,,,"[{""raw_affiliation_text"": ""School of Software Engineering, Xi'an Jiaotong University, China"", ""institution"": ""Xi'an Jiaotong University"", ""country"": ""China""}]"
2021.acl-long.500,,,,2021.acl-long.500,done,Tsinghua University | TAL Education Group | Netease Fuxi AI Lab,"# OpenMEVA: A Benchmark for Evaluating Open-ended Story Generation Metrics

Jian Guan $^{1}$ , Zhexin Zhang $^{1}$ , Zhuoer Feng $^{1}$ , Zitao Liu $^{2}$ , Wenbiao Ding $^{2}$ , Xiaoxi Mao $^{3}$ , Changjie Fan $^{3}$ and Minlie Huang $^{1*}$

$^{1}$ The CoAI group, DCST; $^{1}$ Institute for Artificial Intelligence; $^{1}$ State Key Lab of Intelligent Technology and Systems; $^{1}$ Beijing National Research Center for Information Science and Technology; $^{1}$ Tsinghua University, Beijing 100084, China.

$^{2}$ TAL Education Group. $^{3}$ Netease Fuxi AI Lab.

{j-guan19,zx-zhang18,fze17}@mails.tsinghua.edu.cn, zitao.jerry.liu@gmail.com,

dingwenbiao@100tal.com, {maoxiaoxi,fanchangjie}@corp.netease.com,

aihuang@tsinghua.edu.cn",false,,,,"[{""raw_affiliation_text"": ""Tsinghua University, Beijing 100084, China."", ""institution"": ""Tsinghua University"", ""country"": ""China""}, {""raw_affiliation_text"": ""TAL Education Group."", ""institution"": ""TAL Education Group"", ""country"": null}, {""raw_affiliation_text"": ""Netease Fuxi AI Lab."", ""institution"": ""Netease Fuxi AI Lab"", ""country"": null}]"
2021.acl-long.501,,,,2021.acl-long.501,done,Northeastern University | University of Michigan,"# DYPLOC: Dynamic Planning of Content Using Mixed Language Models for Text Generation

Xinyu Hua<sup>1</sup> Ashwin Sreevatsa<sup>2</sup> Lu Wang<sup>2</sup>

<sup>1</sup>Khoury College of Computer Sciences, Northeastern University, Boston, MA

$^{2}$ Computer Science and Engineering, University of Michigan, Ann Arbor, MI

hua.x@northeastern.edu

$^{2}\{$ asreeva, wangluxy\}@umich.edu",false,,,,"[{""raw_affiliation_text"": ""Khoury College of Computer Sciences, Northeastern University, Boston, MA"", ""institution"": ""Northeastern University"", ""country"": null}, {""raw_affiliation_text"": ""Computer Science and Engineering, University of Michigan, Ann Arbor, MI"", ""institution"": ""University of Michigan"", ""country"": null}]"
2021.acl-long.497,,,,2021.acl-long.497,done,"Harbin Institute of Technology (Shenzhen) | Joint Lab of China Merchants Securities and HITSZ | China Merchants Securities Co., Ltd. | Peng Cheng Laboratory","# A Neural Transition-based Model for Argumentation Mining

Jianzhu Bao $^{1,2*}$ , Chuang Fan $^{1,2*}$ , Jipeng Wu $^{1,2}$ , Yixue Dang $^{3}$ , Jiachen Du $^{1,2}$ , Ruifeng Xu $^{1,4\dagger}$

<sup>1</sup>Harbin Institute of Technology (Shenzhen), China

$^{2}$ Joint Lab of China Merchants Securities and HITSZ

<sup>3</sup>China Merchants Securities Co., Ltd.

$^{4}$ Peng Cheng Laboratory, Shenzhen, China

{jianzhubao, fanchuanghit}@gmail.com

wujipeng@stu.hit.edu.cn, dangyixue@cmschina.com.cn

jacobvan199165@gmail.com, xuruifeng@hit.edu.cn",false,,,,"[{""raw_affiliation_text"": ""Harbin Institute of Technology (Shenzhen), China"", ""institution"": ""Harbin Institute of Technology (Shenzhen)"", ""country"": ""China""}, {""raw_affiliation_text"": ""Joint Lab of China Merchants Securities and HITSZ"", ""institution"": ""Joint Lab of China Merchants Securities and HITSZ"", ""country"": null}, {""raw_affiliation_text"": ""China Merchants Securities Co., Ltd."", ""institution"": ""China Merchants Securities Co., Ltd."", ""country"": null}, {""raw_affiliation_text"": ""Peng Cheng Laboratory, Shenzhen, China"", ""institution"": ""Peng Cheng Laboratory"", ""country"": ""China""}]"
2021.acl-long.503,,,,2021.acl-long.503,done,Imperial College London | University of Sheffield,"# BERTGEN: Multi-task Generation through BERT

Faidon Mitzalis<sup>1</sup>, Ozan Caglayan<sup>1</sup>, Pranava Madhyastha<sup>1</sup>, Lucia Specia<sup>1,2</sup>

$^{1}$ Department of Computing, Imperial College London, UK

$^{2}$ Department of Computer Science, University of Sheffield, UK

phaedonmit@gmail.com, {o.caglayan,pranava,lspecies}@ic.ac.uk",false,,,,"[{""raw_affiliation_text"": ""Department of Computing, Imperial College London, UK"", ""institution"": ""Imperial College London"", ""country"": ""UK""}, {""raw_affiliation_text"": ""Department of Computer Science, University of Sheffield, UK"", ""institution"": ""University of Sheffield"", ""country"": ""UK""}]"
2021.acl-long.504,,,,2021.acl-long.504,done,Peking University | Tencent,"# Selective Knowledge Distillation for Neural Machine Translation

Fusheng Wang\*, Jianhao Yan\*, Fandong Meng\*, Jie Zhou

Peking University, China

Pattern Recognition Center, WeChat AI, Tencent, China

wfs0315@pku.edu.com

{elliottyan, fandongmeng} $@$ Tencent.com",false,,,,"[{""raw_affiliation_text"": ""Peking University, China"", ""institution"": ""Peking University"", ""country"": ""China""}, {""raw_affiliation_text"": ""Pattern Recognition Center, WeChat AI, Tencent, China"", ""institution"": ""Tencent"", ""country"": ""China""}]"
2021.acl-long.51,,,,2021.acl-long.51,done,Northeastern University,"# Structurizing Misinformation Stories via Rationalizing Fact-Checks

Shan Jiang and Christo Wilson

Northeastern University, USA {sjiang, cbw}@ccs.neu.edu",false,,,,"[{""raw_affiliation_text"": ""Northeastern University, USA"", ""institution"": ""Northeastern University"", ""country"": ""USA""}]"
2021.acl-long.508,,,,2021.acl-long.508,done,Naver Corp. | New York University,"# Length-Adaptive Transformer: Train Once with Length Drop, Use Anytime with Search

Gyuwan Kim

Clova AI, Naver Corp.

gyuwan.kim@navercorp.com

Kyunghyun Cho

New York University

kyunghyun.cho@nyu.edu",false,,,,"[{""raw_affiliation_text"": ""Clova AI, Naver Corp."", ""institution"": ""Naver Corp."", ""country"": null}, {""raw_affiliation_text"": ""New York University"", ""institution"": ""New York University"", ""country"": null}]"
2021.acl-long.507,,,,2021.acl-long.507,done,Facebook AI,"# CCMatrix: Mining Billions of High-Quality Parallel Sentences on the Web

Holger Schwenk and Guillaume Wenzek and Sergey Edunov  
Edouard Grave and Armand Joulin and Angela Fan  
Facebook AI

{schwenk,guw,edunov,egrave,ajoulin,angelafan}@fb.com",false,,,,"[{""raw_affiliation_text"": ""Facebook AI"", ""institution"": ""Facebook AI"", ""country"": null}]"
2021.acl-long.509,,,,2021.acl-long.509,done,Peking University | Huawei Noah's Ark Lab,"# GhostBERT: Generate More Features with Cheap Operations for BERT

Zhiqi Huang $^{1}$ , Lu Hou $^{2}$ , Lifeng Shang $^{2}$ , Xin Jiang $^{2}$ , Xiao Chen $^{2}$ , Qun Liu $^{2}$

$^{1}$ Peking University, $^{2}$ Huawei Noah's Ark Lab

zhiqihuang@pku.edu.cn, {houlu3, shang.lifeng, jiang.xin, chen.xiao, qun.liu} @huawei.com",false,,,,"[{""raw_affiliation_text"": ""Peking University"", ""institution"": ""Peking University"", ""country"": null}, {""raw_affiliation_text"": ""Huawei Noah's Ark Lab"", ""institution"": ""Huawei Noah's Ark Lab"", ""country"": null}]"
2021.acl-long.510,,,,2021.acl-long.510,done,Georgia Institute of Technology | Microsoft Research | Microsoft Azure AI,"# Super Tickets in Pre-Trained Language Models: From Model Compression to Improving Generalization

Chen Liang\*, Simiao Zuo\*, Minshuo Chen\*, Haoming Jiang\*, Xiaodong Liu\*, Pengcheng He\*, Tuo Zhao\*, Weizhu Chen\*

<sup>1</sup> Georgia Institute of Technology, <sup>2</sup> Microsoft Research, <sup>3</sup> Microsoft Azure AI {cliang73, simiaozuo, mchen393, jianghm, tourzhao}@gatech.edu {xiaodl, penhe, wzchen} @microsoft.com",false,,,,"[{""raw_affiliation_text"": ""Georgia Institute of Technology"", ""institution"": ""Georgia Institute of Technology"", ""country"": null}, {""raw_affiliation_text"": ""Microsoft Research"", ""institution"": ""Microsoft Research"", ""country"": null}, {""raw_affiliation_text"": ""Microsoft Azure AI"", ""institution"": ""Microsoft Azure AI"", ""country"": null}]"
2021.acl-long.505,,,,2021.acl-long.505,done,Carnegie Mellon University | Instituto Superior Técnico | Instituto de Telecomunicações | Unbabel,"# Measuring and Increasing Context Usage in Context-Aware Machine Translation

Patrick Fernandes<sup>1,2,3</sup>

Kayo Yin

Graham Neubig<sup>1</sup>

Andre F. T. Martins $^{2,3,4}$

$^{1}$ Language Technologies Institute, Carnegie Mellon University, Pittsburgh, PA

$^{2}$ Instituto Superior Técnico & LULIS (Lisbon ELLIS Unit), Lisbon, Portugal

$^{3}$ Instituto de Telecomunicações, Lisbon, Portugal

4Unbabel, Lisbon, Portugal

{pfernand, kayoy, gneubig}@cs.cmu.edu andre.t.martins@tecnico.ulisboa.pt",false,,,,"[{""raw_affiliation_text"": ""Language Technologies Institute, Carnegie Mellon University, Pittsburgh, PA"", ""institution"": ""Carnegie Mellon University"", ""country"": null}, {""raw_affiliation_text"": ""Instituto Superior Técnico & LULIS (Lisbon ELLIS Unit), Lisbon, Portugal"", ""institution"": ""Instituto Superior Técnico"", ""country"": ""Portugal""}, {""raw_affiliation_text"": ""Instituto de Telecomunicações, Lisbon, Portugal"", ""institution"": ""Instituto de Telecomunicações"", ""country"": ""Portugal""}, {""raw_affiliation_text"": ""Unbabel, Lisbon, Portugal"", ""institution"": ""Unbabel"", ""country"": ""Portugal""}]"
2021.acl-long.506,,,,2021.acl-long.506,done,University of the Basque Country (UPV/EHU) | Facebook AI Research,"# Beyond Offline Mapping: Learning Cross-lingual Word Embeddings through Context Anchoring

Aitor Ormazabal<sup>1</sup>, Mikel Artetxe<sup>2</sup>, Aitor Soroa<sup>1</sup>, Gorka Labaka<sup>1</sup>, Eneko Agirre<sup>1</sup>

<sup>1</sup>HiTZ Center, University of the Basque Country (UPV/EHU)

$^{2}$ Facebook AI Research

{aitor.ormazabal,a.soroa,gorka.labaka,e.agirre}@ehu.eus

artetxe@fb.com",false,,,,"[{""raw_affiliation_text"": ""HiTZ Center, University of the Basque Country (UPV/EHU)"", ""institution"": ""University of the Basque Country (UPV/EHU)"", ""country"": null}, {""raw_affiliation_text"": ""Facebook AI Research"", ""institution"": ""Facebook AI Research"", ""country"": null}]"
2021.acl-long.511,,,,2021.acl-long.511,done,Université Paris Saclay | IBM GBS France,"# A Novel Estimator of Mutual Information for Learning to Disentangle Textual Representations

Pierre Colombo†, Pablo Piantanida*, Chloe Clavel*

*Telecom ParisTech, Université Paris Saclay

† IBM GBS France

$^{*}$ Laboratoire des Signaux et Systèmes (L2S), CentraleSupelec CNRS Universite Paris-Saclay

pierre.colombo@ibm.com

chloe.clavel@telecom-paris.fr

pablo.piantanida@centralesupelec.fr",false,,,,"[{""raw_affiliation_text"": ""Telecom ParisTech, Université Paris Saclay"", ""institution"": ""Université Paris Saclay"", ""country"": null}, {""raw_affiliation_text"": ""IBM GBS France"", ""institution"": ""IBM GBS France"", ""country"": ""France""}]"
2021.acl-long.515,,,,2021.acl-long.515,done,University of Waterloo | Amazon AWS AI,"# Regression Bugs Are In Your Model! Measuring, Reducing and Analyzing Regressions In NLP Model Updates

Yuqing Xie\*, Yi-An Lai?, Yuanjun Xiong?, Yi Zhang?, Stefano Soatto?

<sup>1</sup>University of Waterloo

2Amazon AWS AI

yuqing.xie@uwaterloo.ca

{yianl, yuanjx, yizhngn, soattos}@amazon.com",false,,,,"[{""raw_affiliation_text"": ""University of Waterloo"", ""institution"": ""University of Waterloo"", ""country"": null}, {""raw_affiliation_text"": ""Amazon AWS AI"", ""institution"": ""Amazon AWS AI"", ""country"": null}]"
2021.acl-long.514,,,,2021.acl-long.514,done,Michigan Technological University | Washington Leadership Academy,"# Accelerating Text Communication via Abbreviated Sentence Input

Jiban Adhikary<sup>1</sup>

Jamie Berger

Keith Vertanen

jiban@mtu.edu

jamieberger16@gmail.com

vertanen@mtu.edu

<sup>1</sup>Michigan Technological University, Houghton, Michigan, USA

$^{2}$ Washington Leadership Academy, Washington, DC, USA",false,,,,"[{""raw_affiliation_text"": ""Michigan Technological University, Houghton, Michigan, USA"", ""institution"": ""Michigan Technological University"", ""country"": ""USA""}, {""raw_affiliation_text"": ""Washington Leadership Academy, Washington, DC, USA"", ""institution"": ""Washington Leadership Academy"", ""country"": ""USA""}]"
2021.acl-long.512,,,,2021.acl-long.512,done,ETH Zürich | University of Cambridge,"# Determinantal Beam Search

Clara Meister Martina Forster Ryan Cotterell

ETH Zürich University of Cambridge

meistec1@inf.ethz.ch martfors@ethz.ch

ryan.cotterell@inf.ethz.ch",false,,,,"[{""raw_affiliation_text"": ""ETH Zürich"", ""institution"": ""ETH Zürich"", ""country"": null}, {""raw_affiliation_text"": ""University of Cambridge"", ""institution"": ""University of Cambridge"", ""country"": null}]"
2021.acl-long.516,,,,2021.acl-long.516,done,"Sofia University ""St. Kliment Ohridski"" | King's College London | Qatar Computing Research Institute, HBKU | Sapienza University of Rome | Facebook AI | University of Padova","# Detecting Propaganda Techniques in Memes

Dimitar Dimitrov, $^{1}$ Bishr Bin Ali, $^{2}$ Shaden Shaar, $^{3}$ Firoj Alam, $^{3}$ Fabrizio Silvestri, $^{4}$ Hamed Firooz, $^{5}$ Preslav Nakov, $^{3}$ and Giovanni Da San Martino $^{6}$

$^{1}$ Sofia University ""St. Kliment Ohridski"", Bulgaria, $^{2}$ King's College London, UK, $^{3}$ Qatar Computing Research Institute, HBKU, Qatar $^{4}$ Sapienza University of Rome, Italy, $^{5}$ Facebook AI, USA, $^{6}$ University of Padova, Italy  
mitko.bg.ss@gmail.com, bishrkc@gmail.com  
{sshaar, fialam, pnakov}@hbku.edu.qa, mhfirooz@fb.com  
fsilvestri@diag.uniroma1.it, dasan@math.unipd.it",false,,,,"[{""raw_affiliation_text"": ""Sofia University \""St. Kliment Ohridski\"", Bulgaria"", ""institution"": ""Sofia University \""St. Kliment Ohridski\"""", ""country"": ""Bulgaria""}, {""raw_affiliation_text"": ""King's College London, UK"", ""institution"": ""King's College London"", ""country"": ""UK""}, {""raw_affiliation_text"": ""Qatar Computing Research Institute, HBKU, Qatar"", ""institution"": ""Qatar Computing Research Institute, HBKU"", ""country"": ""Qatar""}, {""raw_affiliation_text"": ""Sapienza University of Rome, Italy"", ""institution"": ""Sapienza University of Rome"", ""country"": ""Italy""}, {""raw_affiliation_text"": ""Facebook AI, USA"", ""institution"": ""Facebook AI"", ""country"": ""USA""}, {""raw_affiliation_text"": ""University of Padova, Italy"", ""institution"": ""University of Padova"", ""country"": ""Italy""}]"
2021.acl-long.513,,,,2021.acl-long.513,done,Harbin Institute of Technology,"# Multi-hop Graph Convolutional Network with High-order Chebyshev Approximation for Text Reasoning

Shuoran Jiang, Qingcai Chen*, Xin Liu, Baotian Hu, Lisai Zhang

Harbin Institute of Technology, Shenzhen

{shuoran.chiang, hit.xinliu, lisaizhang2016}@gmail.com {qingcai.chen, hubaotian}@hit.edu.cn",false,,,,"[{""raw_affiliation_text"": ""Harbin Institute of Technology, Shenzhen"", ""institution"": ""Harbin Institute of Technology"", ""country"": null}]"
2021.acl-long.52,,,,2021.acl-long.52,done,Spotify,"# Modeling Language Usage and Listener Engagement in Podcasts

Sravana Reddy

Spotify

sravana@spotify.com

Mariya Lazarova

Spotify

mimiglazarova@gmail.com

Yongze Yu

Spotify

yongzey@spotify.com

Rosie Jones

Spotify

rjones@spotify.com",false,,,,"[{""raw_affiliation_text"": ""Spotify"", ""institution"": ""Spotify"", ""country"": null}]"
2021.acl-long.519,,,,2021.acl-long.519,done,Mila - Quebec AI Institute | Mc Gill University | NVIDIA,"# End-to-End Training of Neural Retrievers for Open-Domain Question Answering

Devendra Singh Sachan $^{1,2*}$ , Mostofa Patwary $^{3}$ , Mohammad Shoeybi $^{3}$ , Neel Kant $^{3}$ , Wei Ping $^{3}$ , William L Hamilton $^{1,2,4}$ , Bryan Catanzaro $^{3}$

<sup>1</sup>Mila - Quebec AI Institute; <sup>2</sup>McGill University; <sup>3</sup>NVIDIA; <sup>4</sup>Canada CIFAR AI Chair sachande@mila.quebec, mpatwary@nvidia.com",false,,,,"[{""raw_affiliation_text"": ""Mila - Quebec AI Institute"", ""institution"": ""Mila - Quebec AI Institute"", ""country"": null}, {""raw_affiliation_text"": ""McGill University"", ""institution"": ""Mc Gill University"", ""country"": null}, {""raw_affiliation_text"": ""NVIDIA"", ""institution"": ""NVIDIA"", ""country"": null}]"
2021.acl-long.517,,,,2021.acl-long.517,done,Carnegie Mellon University | Facebook AI Research,"# On the Efficacy of Adversarial Data Collection for Question Answering: Results from a Large-Scale Randomized Study

Divyansh Kaushik†, Douwe Kiela‡, Zachary C. Lipton†, Wen-tau Yih‡

† Carnegie Mellon University; ‡ Facebook AI Research

{dkaushik,zlipton}@cmu.edu, {dkiela,scottyih}@fb.com",false,,,,"[{""raw_affiliation_text"": ""Carnegie Mellon University"", ""institution"": ""Carnegie Mellon University"", ""country"": null}, {""raw_affiliation_text"": ""Facebook AI Research"", ""institution"": ""Facebook AI Research"", ""country"": null}]"
2021.acl-long.520,,,,2021.acl-long.520,done,Indian Institute of Science | Indian Institute of Technology | Google Research India,"# Question Answering Over Temporal Knowledge Graphs

Apoorv Saxena  
Indian Institute of Science  
Bangalore  
apoorvsaxena@iisc.ac.in

Soumen Chakrabarti  
Indian Institute of Technology  
Bombay  
soumen@cse.iitb.ac.in

Partha Talukdar  
Google Research India  
partha@google.com",false,,,,"[{""raw_affiliation_text"": ""Indian Institute of Science, Bangalore"", ""institution"": ""Indian Institute of Science"", ""country"": null}, {""raw_affiliation_text"": ""Indian Institute of Technology, Bombay"", ""institution"": ""Indian Institute of Technology"", ""country"": null}, {""raw_affiliation_text"": ""Google Research India"", ""institution"": ""Google Research India"", ""country"": null}]"
2021.acl-long.521,,,,2021.acl-long.521,done,Dartmouth College | Google AI Language,"# Language Model Augmented Relevance Score

Ruibo Liu<sup>1</sup> Jason Wei<sup>2</sup> Soroush Vosoughi<sup>1</sup>

$^{1}$ Dartmouth College $^{2}$ Google AI Language

ruibo.liu.gr@dartmouth.edu jasonwei@google.com

sorghush.vosoughi@dartmouth.edu",false,,,,"[{""raw_affiliation_text"": ""Dartmouth College"", ""institution"": ""Dartmouth College"", ""country"": null}, {""raw_affiliation_text"": ""Google AI Language"", ""institution"": ""Google AI Language"", ""country"": null}]"
2021.acl-long.525,,,,2021.acl-long.525,done,Ohio State University,"# Learning Latent Structures for Cross Action Phrase Relations in Wet Lab Protocols

Chaitanya Kulkarni, Jany Chan, Eric Fosler-Lussier, Raghu Machiraju

Department of Computer Science and Engineering

Ohio State University

{kulkarni.132,chan.206,fosler-lussier.1,machiraju.1}@osu.edu",false,,,,"[{""raw_affiliation_text"": ""Department of Computer Science and Engineering Ohio State University"", ""institution"": ""Ohio State University"", ""country"": null}]"
2021.acl-long.518,,,,2021.acl-long.518,done,Korea University | Princeton University,"# Learning Dense Representations of Phrases at Scale

Jinhyuk Lee $^{1,2*}$ Mujeen Sung $^{1}$ Jaewoo Kang $^{1}$ Danqi Chen $^{2}$ Korea University $^{1}$ Princeton University $^{2}$

{jinhyuk_lee, mujeensung, kang}@korea.ac.kr danqic@cs.princeton.edu",false,,,,"[{""raw_affiliation_text"": ""Korea University"", ""institution"": ""Korea University"", ""country"": null}, {""raw_affiliation_text"": ""Princeton University"", ""institution"": ""Princeton University"", ""country"": null}]"
2021.acl-long.524,,,,2021.acl-long.524,done,Technical University of Darmstadt | Columbia University | University of California Los Angeles,"# Metaphor Generation with Conceptual Mappings

# Kevin Stowe<sup>1</sup>, Tuhin Chakrabarty<sup>2</sup>, Nanyun Peng<sup>3</sup>, Smaranda Muresan<sup>2</sup>, Iryna Gurevych<sup>1</sup>

<sup>1</sup>Ubiquitous Knowledge Processing Lab, Technical University of Darmstadt

https://www.informatik.tu-darmstadt.de/ukp/

$^{2}$ Columbia University, {tuhin.chakr, smara}@cs.columbia.edu

<sup>3</sup>University of California Los Angeles, violetpeng@cs.ucla.edu",false,,,,"[{""raw_affiliation_text"": ""Ubiquitous Knowledge Processing Lab, Technical University of Darmstadt"", ""institution"": ""Technical University of Darmstadt"", ""country"": null}, {""raw_affiliation_text"": ""Columbia University"", ""institution"": ""Columbia University"", ""country"": null}, {""raw_affiliation_text"": ""University of California Los Angeles"", ""institution"": ""University of California Los Angeles"", ""country"": null}]"
2021.acl-long.522,,,,2021.acl-long.522,done,University of Washington | Allen Institute for Artificial Intelligence,"# DEXPERTS: Decoding-Time Controlled Text Generation with Experts and Anti-Experts

Alisa Liu Maarten Sap Ximing Lu Swabha Swayamdipta Chandra Bhagavatula Noah A. Smith Yejin Choi

$^{\text{心}}$ Paul G. Allen School of Computer Science & Engineering, University of Washington

*Allen Institute for Artificial Intelligence

alisaliu@cs.washington.edu",false,,,,"[{""raw_affiliation_text"": ""Paul G. Allen School of Computer Science & Engineering, University of Washington"", ""institution"": ""University of Washington"", ""country"": null}, {""raw_affiliation_text"": ""Allen Institute for Artificial Intelligence"", ""institution"": ""Allen Institute for Artificial Intelligence"", ""country"": null}]"
2021.acl-long.523,,,,2021.acl-long.523,done,University of Washington | Microsoft Research | Allen Institute for Artificial Intelligence,"# POLYJUICE: Generating Counterfactuals for Explaining, Evaluating, and Improving Models

Tongshuang Wu

<sup>1</sup>University of Washington wtshuang@cs.uw.edu

Marco Tulio Ribeiro

2Microsoft Research

marcotcr@microsoft.com

Jeffrey Heer

Daniel S. Weld<sup>1,3</sup>

3Allen Institute for Artificial Intelligence

{jheer,weld} $@$ cs.uw.edu",false,,,,"[{""raw_affiliation_text"": ""University of Washington"", ""institution"": ""University of Washington"", ""country"": null}, {""raw_affiliation_text"": ""Microsoft Research"", ""institution"": ""Microsoft Research"", ""country"": null}, {""raw_affiliation_text"": ""Allen Institute for Artificial Intelligence"", ""institution"": ""Allen Institute for Artificial Intelligence"", ""country"": null}]"
2021.acl-long.526,,,,2021.acl-long.526,done,IIIT Delhi | University of Maryland,"# Multimodal Multi-Speaker Merger & Acquisition Financial Modeling: A New Task, Dataset, and Neural Baselines

Ramit Sawhney†, Mihir Goyal†, Prakhar Goel†, Puneet Mathur‡, Rajiv Ratn Shah†

† Department of Computer Engineering, IIIT Delhi

‡ University of Maryland, College Park

{ramits, mihir17166, prakhar17306, rajivratn}@iiitd.ac.in $^\ddagger$ puneetm@umd.edu",false,,,,"[{""raw_affiliation_text"": ""Department of Computer Engineering, IIIT Delhi"", ""institution"": ""IIIT Delhi"", ""country"": null}, {""raw_affiliation_text"": ""University of Maryland, College Park"", ""institution"": ""University of Maryland"", ""country"": null}]"
2021.acl-long.527,,,,2021.acl-long.527,done,German Research Center for Artificial Intelligence (DFKI) | Saarland University,"# Mid-Air Hand Gestures for Post-Editing of Machine Translation

Rashad Albo Jamara<sup>1</sup>, Nico Herbig<sup>1</sup>, Antonio Krüger<sup>1</sup>, Josef van Genabith<sup>1,2</sup>

$^{1}$ German Research Center for Artificial Intelligence (DFKI), Saarland Informatics Campus, Germany $^{2}$ Department of Language Science and Technology, Saarland University, Germany  
rashad.jamara@gmail.com  
{nico.herbig, krueger, josef.van_genabith}@dfki.de",false,,,,"[{""raw_affiliation_text"": ""German Research Center for Artificial Intelligence (DFKI), Saarland Informatics Campus, Germany"", ""institution"": ""German Research Center for Artificial Intelligence (DFKI)"", ""country"": ""Germany""}, {""raw_affiliation_text"": ""Department of Language Science and Technology, Saarland University, Germany"", ""institution"": ""Saarland University"", ""country"": ""Germany""}]"
2021.acl-long.53,,,,2021.acl-long.53,done,"The Ohio State University | Inria, Institut Polytechnique de Paris | Thales Research & Technology","# Breaking Down the Invisible Wall of Informal Fallacies in Online Discussions

Saumya Yashmohini Sahai

The Ohio State University, USA

sahai.17@osu.edu

Oana Balalau

Inria, Institut Polytechnique de Paris, France

oana.balalau@inria.fr

# Roxana Horincar

Thales Research & Technology, France

roxana.horincar@thalesgroup.com",false,,,,"[{""raw_affiliation_text"": ""The Ohio State University, USA"", ""institution"": ""The Ohio State University"", ""country"": ""USA""}, {""raw_affiliation_text"": ""Inria, Institut Polytechnique de Paris, France"", ""institution"": ""Inria, Institut Polytechnique de Paris"", ""country"": ""France""}, {""raw_affiliation_text"": ""Thales Research & Technology, France"", ""institution"": ""Thales Research & Technology"", ""country"": ""France""}]"
2021.acl-long.528,,,,2021.acl-long.528,done,UCLA | Zhejiang University | Sun Yat-sen University | Beijing Institute of General Artificial Intelligence | Peking University | Tsinghua University,"# Inter-GPS: Interpretable Geometry Problem Solving with Formal Language and Symbolic Reasoning

Pan Lu $^{1*}$ , Ran Gong $^{1*}$ , Shibiao Jiang $^{2*}$ , Liang Qiu $^{1}$ , Siyuan Huang $^{1}$ , Xiaodan Liang $^{3}$ , Song-Chun Zhu $^{1,4,5,6}$

<sup>1</sup>Center for Vision, Cognition, Learning and Autonomy, UCLA   
$^{2}$ College of Computer Science and Technology, Zhejiang University   
$^{3}$ School of Intelligent Systems Engineering, Sun Yat-sen University

<sup>4</sup>Beijing Institute of General Artificial Intelligence, <sup>5</sup>Peking University, <sup>6</sup>Tsinghua University panlu@cs.ucla.edu, {nikepupu, liangqiu, huangsiyuan}@ucla.edu, {jiangshibiao1999, xdliang328}@gmail.com, sczhu@stat.ucla.edu",false,,,,"[{""raw_affiliation_text"": ""Center for Vision, Cognition, Learning and Autonomy, UCLA"", ""institution"": ""UCLA"", ""country"": null}, {""raw_affiliation_text"": ""College of Computer Science and Technology, Zhejiang University"", ""institution"": ""Zhejiang University"", ""country"": null}, {""raw_affiliation_text"": ""School of Intelligent Systems Engineering, Sun Yat-sen University"", ""institution"": ""Sun Yat-sen University"", ""country"": null}, {""raw_affiliation_text"": ""Beijing Institute of General Artificial Intelligence"", ""institution"": ""Beijing Institute of General Artificial Intelligence"", ""country"": null}, {""raw_affiliation_text"": ""Peking University"", ""institution"": ""Peking University"", ""country"": null}, {""raw_affiliation_text"": ""Tsinghua University"", ""institution"": ""Tsinghua University"", ""country"": null}]"
2021.acl-long.529,,,,2021.acl-long.529,done,University of Cambridge | Facebook AI Research | University College London,"# Joint Verification and Reranking for Open Fact Checking Over Tables

Michael Schlichtkrull\*, Vladimir Karpukhin?, Barlas Oguz?, Mike Lewis?, Wen-tau Yih?, Sebastian Riedel2,3

<sup>1</sup>University of Cambridge, <sup>2</sup>Facebook AI Research, <sup>3</sup>University College London

michael.schlichtkrull@cst.cam.ac.uk,

{vladk, barlaso, mikelewis, scottyih, sriedel}@fb.com",false,,,,"[{""raw_affiliation_text"": ""University of Cambridge"", ""institution"": ""University of Cambridge"", ""country"": null}, {""raw_affiliation_text"": ""Facebook AI Research"", ""institution"": ""Facebook AI Research"", ""country"": null}, {""raw_affiliation_text"": ""University College London"", ""institution"": ""University College London"", ""country"": null}]"
2021.acl-long.533,,,,2021.acl-long.533,done,University of Southern California,"# The statistical advantage of automatic NLG metrics at the system level

Johnny Tian-Zheng Wei

Robin Jia

Department of Computer Science, University of Southern California

{jtwei, robinjia}@usc.edu",false,,,,"[{""raw_affiliation_text"": ""Department of Computer Science, University of Southern California"", ""institution"": ""University of Southern California"", ""country"": null}]"
2021.acl-long.532,,,,2021.acl-long.532,done,Pennsylvania State University,"# Privacy at Scale: Introducing the PrivaSeer Corpus of Web Privacy Policies

Mukund Srinath Shomir Wilson C. Lee Giles

College of Information Sciences and Technology

Pennsylvania State University

University Park, PA, USA

{mukund, shomir, clg20}@psu.edu",false,,,,"[{""raw_affiliation_text"": ""College of Information Sciences and Technology, Pennsylvania State University, University Park, PA, USA"", ""institution"": ""Pennsylvania State University"", ""country"": ""USA""}]"
2021.acl-long.531,,,,2021.acl-long.531,done,Ohio State University | Georgia Institute of Technology,"# Neural semi-Markov CRF for Monolingual Word Alignment

Wuwei Lan\*, Chao Jiang\*, Wei Xu

<sup>1</sup> Department of Computer Science and Engineering, Ohio State University

$^{2}$ School of Interactive Computing, Georgia Institute of Technology

lan.105@osu.edu {chao.jiang, wei.xu}@cc.gatech.edu",false,,,,"[{""raw_affiliation_text"": ""Department of Computer Science and Engineering, Ohio State University"", ""institution"": ""Ohio State University"", ""country"": null}, {""raw_affiliation_text"": ""School of Interactive Computing, Georgia Institute of Technology"", ""institution"": ""Georgia Institute of Technology"", ""country"": null}]"
2021.acl-long.530,,,,2021.acl-long.530,done,University of Warwick | University of Oxford | Queen Mary University of London | The Alan Turing Institute,"# Evaluation of Thematic Coherence in Microblogs

Iman Munire Bilal $^{1}$ Bo Wang $^{2,4}$ Maria Liakata $^{1,3,4}$

Rob Procter $^{1,4}$ Adam Tsakalidis $^{3,4}$

$^{1}$ Department of Computer Science, University of Warwick

$^{2}$ Department of Psychiatry, University of Oxford

$^{3}$ School of Electronic Engineering and Computer Science, Queen Mary University of London

4The Alan Turing Institute, London, UK

{iman.bilal|rob.procter}@warwick.ac.uk

{mliakata|bwang|atsakalidis}@turing.ac.uk",false,,,,"[{""raw_affiliation_text"": ""Department of Computer Science, University of Warwick"", ""institution"": ""University of Warwick"", ""country"": null}, {""raw_affiliation_text"": ""Department of Psychiatry, University of Oxford"", ""institution"": ""University of Oxford"", ""country"": null}, {""raw_affiliation_text"": ""School of Electronic Engineering and Computer Science, Queen Mary University of London"", ""institution"": ""Queen Mary University of London"", ""country"": null}, {""raw_affiliation_text"": ""The Alan Turing Institute, London, UK"", ""institution"": ""The Alan Turing Institute"", ""country"": ""UK""}]"
2021.acl-long.534,,,,2021.acl-long.534,done,Nanyang Technological University | Tsinghua University,"# Are Missing Links Predictable? An Inferential Benchmark for Knowledge Graph Completion

Yixin Cao12 Xiang Ji1 Xin Lv3 Juanzi Li3 Yonggang Wen1 Hanwang Zhang1

1School of CSE, Nanyang Technological University, Singapore

2S-Lab, Nanyang Technological University, Singapore

3Department of CST, Tsinghua University, Beijing, China

caoyixin2011@gmail.com, lv-x18@mails.tsinghua.edu.cn lijuanzi@tsinghua.edu.cn, {ygwen,hanwangzhang}@ntu.edu.sg",false,,,,"[{""raw_affiliation_text"": ""School of CSE, Nanyang Technological University, Singapore"", ""institution"": ""Nanyang Technological University"", ""country"": ""Singapore""}, {""raw_affiliation_text"": ""Department of CST, Tsinghua University, Beijing, China"", ""institution"": ""Tsinghua University"", ""country"": ""China""}]"
2021.acl-long.535,,,,2021.acl-long.535,done,Yale University | Facebook AI,"# ConvoSumm: Conversation Summarization Benchmark and Improved Abstractive Summarization with Argument Mining

Alexander R. Fabbri[†] Faiaz Rahman[†] Imad Rizvi[†] Borui Wang[†] Haoran Li [‡] Yashar Mehdad[‡] Dragomir Radev[†] [†] Yale University [‡] Facebook AI {alexander.fabbri, faiaz.rahman, imad.rizvi, borui.wang, dragomir.radev}@yale.edu {aimeeli, mehdad}@fb.com",false,,,,"[{""raw_affiliation_text"": ""Yale University"", ""institution"": ""Yale University"", ""country"": null}, {""raw_affiliation_text"": ""Facebook AI"", ""institution"": ""Facebook AI"", ""country"": null}]"
2021.acl-long.536,,,,2021.acl-long.536,done,Amazon Web Services | Columbia University,"# Improving Factual Consistency of Abstractive Summarization via Question Answering

Feng Nan $^{1}$ Cicero Nogueira dos Santos $^{1}$ Henghui Zhu $^{1}$ Patrick Ng $^{1}$ Kathleen McKeown $^{1,2}$ Ramesh Nallapati $^{1}$ Dejiao Zhang $^{1}$ Zhiguo Wang $^{1}$ Andrew O. Arnold $^{1}$ Bing Xiang $^{1}$ Amazon Web Services $^{1}$ , Columbia University $^{2}$

{nanfen, cicnog, henghui, patricng, mckeownk rnallapa,iejiaz, zhiguow, anarnld, bxiang}@amazon.com",false,,,,"[{""raw_affiliation_text"": ""Amazon Web Services"", ""institution"": ""Amazon Web Services"", ""country"": null}, {""raw_affiliation_text"": ""Columbia University"", ""institution"": ""Columbia University"", ""country"": null}]"
2021.acl-long.537,,,,2021.acl-long.537,done,UNC Chapel Hill | Facebook AI Research | Microsoft Research,"# E M A I L S U M: Abstractive Email Thread Summarization

Shiyue Zhang\* Asli Celikyilmaz\* Jianfeng Gao\* Mohit Bansal\*

$\spadesuit$ UNC Chapel Hill $\text{©}$ Facebook AI Research $\clubsuit$ Microsoft Research

{shiyue,mbansal}@cs.unc.edu

aslic@fb.com jfgao@microsoft.com",false,,,,"[{""raw_affiliation_text"": ""UNC Chapel Hill"", ""institution"": ""UNC Chapel Hill"", ""country"": null}, {""raw_affiliation_text"": ""Facebook AI Research"", ""institution"": ""Facebook AI Research"", ""country"": null}, {""raw_affiliation_text"": ""Microsoft Research"", ""institution"": ""Microsoft Research"", ""country"": null}]"
2021.acl-long.539,,,,2021.acl-long.539,done,The University of Texas at Austin,"# Dissecting Generation Modes for Abstractive Summarization Models via Ablation and Attribution

Jiacheng Xu and Greg Durrett  
Department of Computer Science  
The University of Texas at Austin  
{jcxu, gdurrett}@cs.utexas.edu",false,,,,"[{""raw_affiliation_text"": ""Department of Computer Science The University of Texas at Austin"", ""institution"": ""The University of Texas at Austin"", ""country"": null}]"
2021.acl-long.544,,,,2021.acl-long.544,done,"University of California, Davis | Columbia University","# The R-U-A-Robot Dataset: Helping Avoid Chatbot Deception by Detecting User Questions About Human or Non-Human Identity

# David Gros

Computer Science Dept.  
University of California, Davis  
dgros@ucdavis.edu

# Yu Li

Computer Science Dept.  
University of California, Davis  
yooli@ucdavis.edu

# Zhou Yu

Computer Science Dept. Columbia University zy2461@columbia.edu",false,,,,"[{""raw_affiliation_text"": ""Computer Science Dept. University of California, Davis"", ""institution"": ""University of California, Davis"", ""country"": null}, {""raw_affiliation_text"": ""Computer Science Dept. Columbia University"", ""institution"": ""Columbia University"", ""country"": null}]"
2021.acl-long.538,,,,2021.acl-long.538,done,Beijing Institute of Technology | Southeast Academy of Information Technology | Beijing Engineering Research Center of High Volume Language Information Processing and Cloud Computing Applications,"# Cross-Lingual Abstractive Summarization with Limited Parallel Resources

Yu Bai, Yang Gao, Heyan Huang*

School of Computer Science and Technology,

Beijing Institute of Technology, Beijing, China

Southeast Academy of Information Technology, Fujian, China

Beijing Engineering Research Center of High Volume Language Information

Processing and Cloud Computing Applications, Beijing, China

{yubai,gyang,hhy63}@bit.edu.cn",false,,,,"[{""raw_affiliation_text"": ""School of Computer Science and Technology, Beijing Institute of Technology, Beijing, China"", ""institution"": ""Beijing Institute of Technology"", ""country"": ""China""}, {""raw_affiliation_text"": ""Southeast Academy of Information Technology, Fujian, China"", ""institution"": ""Southeast Academy of Information Technology"", ""country"": ""China""}, {""raw_affiliation_text"": ""Beijing Engineering Research Center of High Volume Language Information Processing and Cloud Computing Applications, Beijing, China"", ""institution"": ""Beijing Engineering Research Center of High Volume Language Information Processing and Cloud Computing Applications"", ""country"": ""China""}]"
2021.acl-long.54,,,,2021.acl-long.54,done,"UCLA Center for Vision, Cognition, Learning, and Autonomy | University of California, Los Angeles | Microsoft Research | University of California, Davis","# SocAoG: Incremental Graph Parsing for Social Relation Inference in Dialogues

Liang Qiu $^{1}$ , Yuan Liang $^{2}$ , Yizhou Zhao $^{1}$ , Pan Lu $^{1}$ , Baolin Peng $^{3}$ , Zhou Yu $^{4}$ , Ying Nian Wu $^{1}$ , Song-Chun Zhu $^{1}$

$^{1}$ UCLA Center for Vision, Cognition, Learning, and Autonomy

$^{2}$ University of California, Los Angeles

<sup>3</sup>Microsoft Research, Redmond

<sup>4</sup>University of California, Davis

liangqiu@ucla.edu",false,,,,"[{""raw_affiliation_text"": ""UCLA Center for Vision, Cognition, Learning, and Autonomy"", ""institution"": ""UCLA Center for Vision, Cognition, Learning, and Autonomy"", ""country"": null}, {""raw_affiliation_text"": ""University of California, Los Angeles"", ""institution"": ""University of California, Los Angeles"", ""country"": ""USA""}, {""raw_affiliation_text"": ""Microsoft Research, Redmond"", ""institution"": ""Microsoft Research"", ""country"": ""USA""}, {""raw_affiliation_text"": ""University of California, Davis"", ""institution"": ""University of California, Davis"", ""country"": ""USA""}]"
2021.acl-long.541,,,,2021.acl-long.541,done,University of Cambridge | University of Mannheim | Mila – Quebec AI Institute,"# Verb Knowledge Injection for Multilingual Event Processing

Olga Majewska<sup>1</sup> Ivan Vulic<sup>1</sup> Goran Glavas<sup>2</sup> Edoardo M. Ponti<sup>1,3</sup> Anna Korhonen<sup>1</sup>

$^{1}$ Language Technology Lab, TAL, University of Cambridge, UK

2 Data and Web Science Group, University of Mannheim, Germany

<sup>3</sup> Mila – Quebec AI Institute, Montreal, Canada

1{om304,iv250,ep490,alk23}@cam.ac.uk

2goran@informatik.uni-mannheim.de",false,,,,"[{""raw_affiliation_text"": ""Language Technology Lab, TAL, University of Cambridge, UK"", ""institution"": ""University of Cambridge"", ""country"": ""UK""}, {""raw_affiliation_text"": ""Data and Web Science Group, University of Mannheim, Germany"", ""institution"": ""University of Mannheim"", ""country"": ""Germany""}, {""raw_affiliation_text"": ""Mila – Quebec AI Institute, Montreal, Canada"", ""institution"": ""Mila – Quebec AI Institute"", ""country"": ""Canada""}]"
2021.acl-long.542,,,,2021.acl-long.542,done,University of Oxford | LMU Munich,"# Dynamic Contextualized Word Embeddings

Valentin Hofmann\*, Janet B. Pierrehumbert†*, Hinrich Schütze‡

* Faculty of Linguistics, University of Oxford

$^{\dagger}$ Department of Engineering Science, University of Oxford

$^{\ddagger}$ Center for Information and Language Processing, LMU Munich

valentin.hofmann@ling-phil.ox.ac.uk",false,,,,"[{""raw_affiliation_text"": ""Faculty of Linguistics, University of Oxford"", ""institution"": ""University of Oxford"", ""country"": null}, {""raw_affiliation_text"": ""Center for Information and Language Processing, LMU Munich"", ""institution"": ""LMU Munich"", ""country"": null}]"
2021.acl-long.540,,,,2021.acl-long.540,done,University of Utah,"# Learning Prototypical Functions for Physical Artifacts

Tianyu Jiang and Ellen Riloff

School of Computing

University of Utah

Salt Lake City, UT 84112

{tianyu, riloff}@cs.utah.edu",false,,,,"[{""raw_affiliation_text"": ""School of Computing, University of Utah, Salt Lake City, UT 84112"", ""institution"": ""University of Utah"", ""country"": ""USA""}]"
2021.acl-long.545,,,,2021.acl-long.545,done,IBM Research,"# Using Meta-Knowledge Mines from Identifiers to Improve Intent Recognition in Conversational Systems

Claudio S. Pinhanez, Paulo Cavalin, Victor Ribeiro, Ana Paula Appel, Heloisa Candello, Julio Nogima, Mauro Pichiliani, Melina Guerra, Maira Gatti de Bayser, Gabriel Malfatti, Henrique Ferreira

IBM Research - Brazil

csantosp@br.ibm.com",false,,,,"[{""raw_affiliation_text"": ""IBM Research - Brazil"", ""institution"": ""IBM Research"", ""country"": ""Brazil""}]"
2021.acl-long.546,,,,2021.acl-long.546,done,Volkswagen Innovation Center | University of Potsdam | University of Bonn | Fraunhofer IAIS,"# Space Efficient Context Encoding for Non-Task-Oriented Dialogue Generation with Graph Attention Transformer

Fabian Galetzka $^{1,2,*}$ , Jewgeni Rose $^{1,3,*†}$ , David Schlangen $^{2}$ and Jens Lehmann $^{3,4}$

$^{1}$ Volkswagen Innovation Center, Wolfsburg, Germany

$^{2}$ Computational Linguistics, University of Potsdam, Germany

<sup>3</sup>University of Bonn, Germany

$^{4}$ Fraunhofer IAIS, Dresden, Germany

{jewgeni.rose, fabian.galetzka}@volkswagen.de

jens.lehmann@iais.fraunhofer.de

david.schlangen@uni-potsdam.de",false,,,,"[{""raw_affiliation_text"": ""Volkswagen Innovation Center, Wolfsburg, Germany"", ""institution"": ""Volkswagen Innovation Center"", ""country"": ""Germany""}, {""raw_affiliation_text"": ""Computational Linguistics, University of Potsdam, Germany"", ""institution"": ""University of Potsdam"", ""country"": ""Germany""}, {""raw_affiliation_text"": ""University of Bonn, Germany"", ""institution"": ""University of Bonn"", ""country"": ""Germany""}, {""raw_affiliation_text"": ""Fraunhofer IAIS, Dresden, Germany"", ""institution"": ""Fraunhofer IAIS"", ""country"": ""Germany""}]"
2021.acl-long.543,,,,2021.acl-long.543,done,University of Stuttgart | Leibniz Institute for the German Language,"# Lexical Semantic Change Discovery

# Sinan Kurtyigit\* Maike Park\* Dominik Schlechtweg\* Jonas Kuhn\* Sabine Schulte im Walde\*

$\spadesuit$ Institute for Natural Language Processing, University of Stuttgart $\text{念}$ Leibniz Institute for the German Language, Mannheim

sinan.kurtyigit@gmail.com, park@ids-mannheim.de {schlecdk,jonas.kuhn,schulte}@ims.uni-stuttgart.de",false,,,,"[{""raw_affiliation_text"": ""Institute for Natural Language Processing, University of Stuttgart"", ""institution"": ""University of Stuttgart"", ""country"": null}, {""raw_affiliation_text"": ""Leibniz Institute for the German Language, Mannheim"", ""institution"": ""Leibniz Institute for the German Language"", ""country"": null}]"
2021.acl-long.547,,,,2021.acl-long.547,done,National Computer System Engineering Research Institute of China | Chinese Academy of Sciences | University of Chinese Academy of Sciences,"# DialogueCRN: Contextual Reasoning Networks for Emotion Recognition in Conversations

Dou Hu<sup>1</sup>, Lingwei Wei<sup>2,3</sup>, Xiaoyong Huai<sup>1</sup>

<sup>1</sup> National Computer System Engineering Research Institute of China   
$^{2}$ Institute of Information Engineering, Chinese Academy of Sciences   
<sup>3</sup> School of Cyber Security, University of Chinese Academy of Sciences {hudou18, weilingwei18}@mails.ucas.edu.cn huaixy@sina.com",false,,,,"[{""raw_affiliation_text"": ""National Computer System Engineering Research Institute of China"", ""institution"": ""National Computer System Engineering Research Institute of China"", ""country"": null}, {""raw_affiliation_text"": ""Institute of Information Engineering, Chinese Academy of Sciences"", ""institution"": ""Chinese Academy of Sciences"", ""country"": null}, {""raw_affiliation_text"": ""School of Cyber Security, University of Chinese Academy of Sciences"", ""institution"": ""University of Chinese Academy of Sciences"", ""country"": null}]"
2021.acl-long.550,,,,2021.acl-long.550,done,"University of California, San Diego","# RAW-C: Relatedness of Ambiguous Words—in Context (A New Lexical Resource for English)

Sean Trott

University of California, San Diego

sttrott@ucsd.edu

Benjamin Bergen

University of California, San Diego

bkbergen@ucsd.edu",false,,,,"[{""raw_affiliation_text"": ""University of California, San Diego"", ""institution"": ""University of California, San Diego"", ""country"": null}]"
2021.acl-long.548,,,,2021.acl-long.548,done,Google Research,"# Cross-replication Reliability - An Empirical Approach to Interpreting Inter-rater Reliability

Ka Wong

Google Research

danicky@gmail.com

Praveen Paritosh

Google Research

pkg@google.com

Lora Aroyo

Google Research

l.m.aroyo@gmail.com",false,,,,"[{""raw_affiliation_text"": ""Google Research"", ""institution"": ""Google Research"", ""country"": null}]"
2021.acl-long.55,,,,2021.acl-long.55,done,Google,"# TicketTalk: Toward human-level performance with end-to-end, transaction-based dialog systems

Bill Byrne*, Karthik Krishnamoorthi*, Saravanan Ganesh*, Mihir Kale

Google, Mountain View, CA

{billb, krishnamoorthi, srrvnn, mihirkale}@google.com",false,,,,"[{""raw_affiliation_text"": ""Google, Mountain View, CA"", ""institution"": ""Google"", ""country"": ""USA""}]"
2021.acl-long.551,,,,2021.acl-long.551,done,The University of British Columbia,"# ARBERT & MARBERT: Deep Bidirectional Transformers for Arabic

Muhammad Abdul-Mageed† AbdelRahim Elmadany† El Moatez Billah Nagoudi†

Natural Language Processing Lab

The University of British Columbia

{muhammad.mageed, a.elmadany, moatez.nagoudi}@ubc.ca",false,,,,"[{""raw_affiliation_text"": ""Natural Language Processing Lab The University of British Columbia"", ""institution"": ""The University of British Columbia"", ""country"": null}]"
2021.acl-long.553,,,,2021.acl-long.553,done,Mc Gill University | Microsoft Research,"# ADEPT: An Adjective-Dependent Plausibility Task

Ali Emami<sup>1</sup>, Ian Porada<sup>1</sup>, Alexandra Olteanu<sup>2</sup>, Kaheer Suleman<sup>2</sup>, Adam Trischler<sup>2</sup>, and Jackie Chi Kit Cheung<sup>1</sup>

$^{1}$ Mila, McGill University $^{2}$ Microsoft Research Montreal  
{ali.emami, ian.porada} $@$ mail.mcgill.ca  
{alexandra.olteanu, adam.trischler, kasulema} $@$ microsoft.com  
jcheung@cs.mcgill.ca",false,,,,"[{""raw_affiliation_text"": ""Mila, McGill University"", ""institution"": ""Mc Gill University"", ""country"": null}, {""raw_affiliation_text"": ""Microsoft Research Montreal"", ""institution"": ""Microsoft Research"", ""country"": null}]"
2021.acl-long.549,,,,2021.acl-long.549,done,University of Washington | Google Assistant,"# TIMEDIAL: Temporal Commonsense Reasoning in Dialog

Lianhui Qin\* Aditya Gupta $\spadesuit$ Shyam Upadhyay $\spadesuit$ Luheng He $\spadesuit$ Yejin Choi $\spadesuit$ Manaal Faruqui $\spadesuit$ Google Assistant

$\diamond$ Paul G. Allen School of Computer Science & Engineering, University of Washington {gaditya, shyamupa, luheng, mfaruqui}@google.com {lianhuiq, yejin}@cs.washington.edu",false,,,,"[{""raw_affiliation_text"": ""Paul G. Allen School of Computer Science & Engineering, University of Washington"", ""institution"": ""University of Washington"", ""country"": null}, {""raw_affiliation_text"": ""Google Assistant"", ""institution"": ""Google Assistant"", ""country"": null}]"
2021.acl-long.552,,,,2021.acl-long.552,done,University of South Florida,"# Improving Paraphrase Detection with the Adversarial Paraphrasing Task

Animesh Nighojkar, John Licato

Advancing Machine and Human Reasoning Lab

Department of Computer Science and Engineering

University of South Florida

Tampa, FL, USA

{anighojkar,licato}@usf.edu",false,,,,"[{""raw_affiliation_text"": ""University of South Florida, Tampa, FL, USA"", ""institution"": ""University of South Florida"", ""country"": ""USA""}]"
2021.acl-long.554,,,,2021.acl-long.554,done,University of Texas | Allen Institute for AI,"# READONCE Transformers: Reusable Representations of Text for Transformers

Shih-Ting Lin* Ashish Sabharwal† Tushar Khot†

* University of Texas, Austin, U.S.A.

† Allen Institute for AI, Seattle, U.S.A.

j0717lin@utexas.edu, {ashishtushark}@allenai.org",false,,,,"[{""raw_affiliation_text"": ""University of Texas, Austin, U.S.A."", ""institution"": ""University of Texas"", ""country"": ""USA""}, {""raw_affiliation_text"": ""Allen Institute for AI, Seattle, U.S.A."", ""institution"": ""Allen Institute for AI"", ""country"": ""USA""}]"
2021.acl-long.556,,,,2021.acl-long.556,done,Xinjiang Normal University | Dalian University of Technology,"# Hate Speech Detection based on Sentiment Knowledge Sharing

Xianbing Zhou $^{1}$ , Yong Yang $^{1}$ , Xiaochao Fan $^{1*}$ , Ge Ren $^{1}$ , Yunfeng Song $^{1}$ , Yufeng Dao $^{2}$ , Liang Yang $^{2}$ , Hongfei Lin $^{2*}$

$^{1}$ School of Computer Science and Technology, Xinjiang Normal University, China $^{2}$ Department of Computer Science and Technology, Dalian University of Technology, China {1783696285, 68523593, 37769630, 236789497, 1697277502}@qq.com {diaoyufeng, liang}@mail.dlut.edu.cn, hflin@dlut.edu.cn",false,,,,"[{""raw_affiliation_text"": ""School of Computer Science and Technology, Xinjiang Normal University, China"", ""institution"": ""Xinjiang Normal University"", ""country"": ""China""}, {""raw_affiliation_text"": ""Department of Computer Science and Technology, Dalian University of Technology, China"", ""institution"": ""Dalian University of Technology"", ""country"": ""China""}]"
2021.acl-long.560,,,,2021.acl-long.560,done,"University of California, Davis","# Language Embeddings for Typology and Cross-lingual Transfer Learning

Dian Yu\*, Taiqi He\* and Kenji Sagae

University of California, Davis

{dianyu, tqhe, sagae}@ucdavis.edu",false,,,,"[{""raw_affiliation_text"": ""University of California, Davis"", ""institution"": ""University of California, Davis"", ""country"": null}]"
2021.acl-long.555,,,,2021.acl-long.555,done,The University of Texas at Austin | United States Naval Academy,"# Conditional Generation of Temporally-ordered Event Sequences

Shih-Ting Lin\* Nathanael Chambers\* Greg Durrett\*

$\spadesuit$ The University of Texas at Austin

United States Naval Academy

j0717lin@cs.utexas.edu, nchamber@usna.edu, gdurrett@cs.utexas.edu",false,,,,"[{""raw_affiliation_text"": ""The University of Texas at Austin"", ""institution"": ""The University of Texas at Austin"", ""country"": ""United States""}, {""raw_affiliation_text"": ""United States Naval Academy"", ""institution"": ""United States Naval Academy"", ""country"": null}]"
2021.acl-long.557,,,,2021.acl-long.557,done,Cornell University,"# Transition-based Bubble Parsing: Improvements on Coordination Structure Prediction

Tianze Shi Cornell University tianze@cs.cornell.edu

Lillian Lee Cornell University llee@cs.cornell.edu",false,,,,"[{""raw_affiliation_text"": ""Cornell University"", ""institution"": ""Cornell University"", ""country"": null}]"
2021.acl-long.558,,,,2021.acl-long.558,done,Fudan University | Carnegie Mellon University,"# SPANNER: Named Entity Re-/Recognition as Span Prediction

Jinlan Fu *

Fudan University

fujl16@fudan.edu.cn

Xuanjing Huang

Fudan University

xjhuang@fudan.edu.cn

Pengfei Liu

Carnegie Mellon University

pliu3@cs.cmu.edu",false,,,,"[{""raw_affiliation_text"": ""Fudan University"", ""institution"": ""Fudan University"", ""country"": null}, {""raw_affiliation_text"": ""Carnegie Mellon University"", ""institution"": ""Carnegie Mellon University"", ""country"": null}]"
2021.acl-long.562,,,,2021.acl-long.562,done,University of Maryland,"# Beyond Noise: Mitigating the Impact of Fine-grained Semantic Divergences on Neural Machine Translation

Eleftheria Briakou and Marine Carpuat

Department of Computer Science

University of Maryland

College Park, MD 20742, USA

ebriakou@cs.umd.edu, marine@cs.umd.edu",false,,,,"[{""raw_affiliation_text"": ""Department of Computer Science University of Maryland College Park, MD 20742, USA"", ""institution"": ""University of Maryland"", ""country"": ""USA""}]"
2021.acl-long.559,,,,2021.acl-long.559,done,Mila/Université de Montréal | Google Research,"# StructFormer: Joint Unsupervised Induction of Dependency and Constituency Structure from Masked Language Modeling

Yikang Shen*

Mila/Université de Montréal

Yi Tay

Google Research

Che Zheng

Google Research

Dara Bahri

Google Research

Donald Metzler

Google Research

Aaron Courville

Mila/Université de Montréal",false,,,,"[{""raw_affiliation_text"": ""Mila/Université de Montréal"", ""institution"": ""Mila/Université de Montréal"", ""country"": null}, {""raw_affiliation_text"": ""Google Research"", ""institution"": ""Google Research"", ""country"": null}]"
2021.acl-long.561,,,,2021.acl-long.561,done,University of Southern California | Information Sciences Institute,"# Can Sequence-to-Sequence Models Crack Substitution Ciphers?

Nada Aldarrab and Jonathan May  
University of Southern California  
Information Sciences Institute  
{aldarrab, jonmay}@isi.edu",false,,,,"[{""raw_affiliation_text"": ""University of Southern California"", ""institution"": ""University of Southern California"", ""country"": null}, {""raw_affiliation_text"": ""Information Sciences Institute"", ""institution"": ""Information Sciences Institute"", ""country"": null}]"
2021.acl-long.564,,,,2021.acl-long.564,done,Stanford University,"# Mind Your Outliers! Investigating the Negative Impact of Outliers on Active Learning for Visual Question Answering

Siddharth Karamcheti Ranjay Krishna Li Fei-Fei Christopher D. Manning

Department of Computer Science, Stanford University

{skaramcheti, ranjaykrishna, feifeili, manning}@cs.stanford.edu",false,,,,"[{""raw_affiliation_text"": ""Department of Computer Science, Stanford University"", ""institution"": ""Stanford University"", ""country"": ""null""}]"
2021.acl-long.563,,,,2021.acl-long.563,done,Facebook AI Research,"# Discriminative Reranking for Neural Machine Translation

Ann Lee Michael Auli Marc'Aurelio Ranzato

Facebook AI Research

{annl,michaelauli,ranzato}@fb.com",false,,,,"[{""raw_affiliation_text"": ""Facebook AI Research"", ""institution"": ""Facebook AI Research"", ""country"": null}]"
2021.acl-long.56,,,,2021.acl-long.56,done,Princeton University | Shanghai Jiao Tong University,"# Improving Dialog Systems for Negotiation with Personality Modeling

Runzhe Yang*

Princeton University

runzhey@princeton.edu

Jingxiao Chen*

Shanghai Jiao Tong University

timemachine@sjtu.edu.cn

Karthik Narasimhan

Princeton University

karthikn@princeton.edu",false,,,,"[{""raw_affiliation_text"": ""Princeton University"", ""institution"": ""Princeton University"", ""country"": null}, {""raw_affiliation_text"": ""Shanghai Jiao Tong University"", ""institution"": ""Shanghai Jiao Tong University"", ""country"": null}]"
2021.acl-long.57,,,,2021.acl-long.57,done,Beihang University,"# Learning from Perturbations: Diverse and Informative Dialogue Generation with Inverse Adversarial Training

Wangchunshu Zhou*† Qifei Li* Chenle Li

Beihang University, Beijing, China

zhouwangchunshu@buaa.edu.cn",false,,,,"[{""raw_affiliation_text"": ""Beihang University, Beijing, China"", ""institution"": ""Beihang University"", ""country"": ""China""}]"
2021.acl-long.565,,,,2021.acl-long.565,done,University of Washington | Allen Institute for Artificial Intelligence,"# All That's 'Human' Is Not Gold: Evaluating Human Evaluation of Generated Text

Elizabeth Clark

Tal August<sup>1</sup>

Sofia Serrano

Nikita Hahuong<sup>1</sup>

Suchin Gururangan

Noah A. Smith<sup>1,2</sup>

Paul G. Allen School of Computer Science & Engineering, University of Washington

2Allen Institute for Artificial Intelligence

{eaclark7,taugust,sofias6,qu,sg01,nasmith}@cs.washington.edu",false,,,,"[{""raw_affiliation_text"": ""Paul G. Allen School of Computer Science & Engineering, University of Washington"", ""institution"": ""University of Washington"", ""country"": null}, {""raw_affiliation_text"": ""Allen Institute for Artificial Intelligence"", ""institution"": ""Allen Institute for Artificial Intelligence"", ""country"": null}]"
2021.acl-long.566,,,,2021.acl-long.566,done,National Institute of Information and Communications Technology,"# Scientific Credibility of Machine Translation Research: A Meta-Evaluation of 769 Papers

Benjamin Marie

Atsushi Fujita

Raphael Rubino

National Institute of Information and Communications Technology

3-5 Hikaridai, Seika-cho, Soraku-gun, Kyoto, 619-0289, Japan

{bmarie,atsushi.fujita,raphael.rubino} $@$ nict.go.jp",false,,,,"[{""raw_affiliation_text"": ""National Institute of Information and Communications Technology"", ""institution"": ""National Institute of Information and Communications Technology"", ""country"": ""Japan""}]"
2021.acl-long.567,,,,2021.acl-long.567,done,The Chinese University of Hong Kong | Tencent AI Lab,"# Neural Machine Translation with Monolingual Translation Memory*

Deng Cai $^{\text{♥}}$ , Yan Wang $^{\text{♣}}$ , Huayang Li $^{\text{♣}}$ , Wai Lam $^{\text{♥}}$ , and Lemao Liu $^{\text{♣}}$

The Chinese University of Hong Kong

thisisjcykcd@gmail.com

wlam@se.cuhk.edu.hk

Tencent AI Lab

{brandenwang,alanili,redmondliu}@tencent.com",false,,,,"[{""raw_affiliation_text"": ""The Chinese University of Hong Kong"", ""institution"": ""The Chinese University of Hong Kong"", ""country"": null}, {""raw_affiliation_text"": ""Tencent AI Lab"", ""institution"": ""Tencent AI Lab"", ""country"": null}]"
2021.acl-long.568,,,,2021.acl-long.568,done,Facebook AI | Facebook | University of Washington,"# Intrinsic Dimensionality Explains the Effectiveness of Language Model Fine-Tuning

Armen Aghajanyan

Facebook AI

armenag@fb.com

Sonal Gupta

Facebook

sonalgupta@fb.com

Luke Zettlemoyer

Facebook AI

University of Washington

lsz@fb.com",false,,,,"[{""raw_affiliation_text"": ""Facebook AI"", ""institution"": ""Facebook AI"", ""country"": null}, {""raw_affiliation_text"": ""Facebook"", ""institution"": ""Facebook"", ""country"": null}, {""raw_affiliation_text"": ""University of Washington"", ""institution"": ""University of Washington"", ""country"": null}]"
2021.acl-long.569,,,,2021.acl-long.569,done,Mc Gill University | Montreal Institute of Learning Algorithms | Facebook AI Research,"# UnNatural Language Inference

# Koustuv Sinha $^{1,2,3}$ , Prasanna Parthasarathi $^{1,2}$ , Joelle Pineau $^{1,2,3}$ and Adina Williams $^{3}$

<sup>1</sup> School of Computer Science, McGill University, Canada

2 Montreal Institute of Learning Algorithms (Mila), Canada

$^{3}$ Facebook AI Research (FAIR)

{koustuv.sinha, prasanna.parthasarathi, jpineau, adinawilliams}

$@$ {mail.mcgill.ca, mail.mcgill.ca, cs.mcgill.ca, fb.com}",false,,,,"[{""raw_affiliation_text"": ""School of Computer Science, McGill University, Canada"", ""institution"": ""Mc Gill University"", ""country"": ""Canada""}, {""raw_affiliation_text"": ""Montreal Institute of Learning Algorithms (Mila), Canada"", ""institution"": ""Montreal Institute of Learning Algorithms"", ""country"": ""Canada""}, {""raw_affiliation_text"": ""Facebook AI Research (FAIR)"", ""institution"": ""Facebook AI Research"", ""country"": null}]"
2021.acl-long.571,,,,2021.acl-long.571,done,Byte Dance AI Lab | University of Wisconsin-Madison | Nanjing University,"# Vocabulary Learning via Optimal Transport for Neural Machine Translation

Jingjing Xu $^{1}$ , Hao Zhou $^{1}$ , Chun Gan $^{1,2\dagger}$ , Zaixiang Zheng $^{1,3\dagger}$ , Lei Li $^{1}$

$^{1}$ ByteDance AI Lab

$^{2}$ Math Department, University of Wisconsin-Madison

$^{3}$ Nanjing University

{xujingjing.melody,zhouhao.nlp,lileilab}@bytedance.com

cgan5@wisc.edu

zhengzx@smail.nju.edu.cn",false,,,,"[{""raw_affiliation_text"": ""ByteDance AI Lab"", ""institution"": ""Byte Dance AI Lab"", ""country"": null}, {""raw_affiliation_text"": ""Math Department, University of Wisconsin-Madison"", ""institution"": ""University of Wisconsin-Madison"", ""country"": ""USA""}, {""raw_affiliation_text"": ""Nanjing University"", ""institution"": ""Nanjing University"", ""country"": null}]"
2021.acl-long.58,,,,2021.acl-long.58,done,Google Research,"# Increasing Faithfulness in Knowledge-Grounded Dialogue with Controllable Features

Hannah Rashkin David Reitter Gaurav Singh Tomar Dipanjan Das Google Research, New York, NY

{hrashkin, reitter, gtomar, dipanjand}@google.com",false,,,,"[{""raw_affiliation_text"": ""Google Research, New York, NY"", ""institution"": ""Google Research"", ""country"": ""null""}]"
2021.acl-long.59,,,,2021.acl-long.59,done,Carnegie Mellon University,"# CitationIE: Leveraging the Citation Graph for Scientific Information Extraction

Vijay Viswanathan, Graham Neubig, Pengfei Liu

Language Technologies Institute, Carnegie Mellon University

{vijayv, gneubig, pfliu3}@cs.cmu.edu",false,,,,"[{""raw_affiliation_text"": ""Language Technologies Institute, Carnegie Mellon University"", ""institution"": ""Carnegie Mellon University"", ""country"": null}]"
2021.acl-long.570,,,,2021.acl-long.570,done,Carnegie Mellon University | Bar-Ilan University | Gallaudet University | University of Pittsburgh | Allen Institute for AI,"# Including Signed Languages in Natural Language Processing

Kayo Yin<sup>1</sup>, Amit Moryossef<sup>2</sup>, Julie Hochgesang<sup>3</sup>, Yoav Goldberg<sup>2,4</sup>, Malihe Alikhani<sup>5</sup>

$^{1}$ Language Technologies Institute, Carnegie Mellon University

$^{2}$ Bar-Ilan University

$^{3}$ Department of Linguistics, Gallaudet University

4Allen Institute for AI

$^{5}$ School of Computing and Information, University of Pittsburgh

kayoy@cs.cmu.edu, amitmoryossef@gmail.com

julie.hochgesang@gallaudet.edu, yogo@cs.biu.ac.il, malihe@pitt.edu",false,,,,"[{""raw_affiliation_text"": ""Language Technologies Institute, Carnegie Mellon University"", ""institution"": ""Carnegie Mellon University"", ""country"": null}, {""raw_affiliation_text"": ""Bar-Ilan University"", ""institution"": ""Bar-Ilan University"", ""country"": null}, {""raw_affiliation_text"": ""Department of Linguistics, Gallaudet University"", ""institution"": ""Gallaudet University"", ""country"": null}, {""raw_affiliation_text"": ""School of Computing and Information, University of Pittsburgh"", ""institution"": ""University of Pittsburgh"", ""country"": null}, {""raw_affiliation_text"": ""Allen Institute for AI"", ""institution"": ""Allen Institute for AI"", ""country"": null}]"
2021.acl-long.62,,,,2021.acl-long.62,done,Beijing University of Posts and Telecommunications | Meituan | Sun Yat-sen University | Microsoft Research Asia,"# Compare to The Knowledge: Graph Neural Fake News Detection with External Knowledge

Linmei Hu $^{1}$ , Tianchi Yang $^{1}$ , Luhao Zhang $^{2}$ , Wanjun Zhong $^{3}$ , Duyu Tang $^{4}$ , Chuan Shi $^{1*}$ , Nan Duan $^{4}$ , Ming Zhou $^{4}$

<sup>1</sup>School of Computer Science, Beijing University of Posts and Telecommunications

$^{2}$ Meituan $^{3}$ Sun Yat-sen University $^{4}$ Microsoft Research Asia {hulinmei, yangtianchi, shichuan}@bupt.edu.cn zhangluhao@meituan.com zhongwj25@mail2.sysu.edu.cn {dutang, NANDuan, mingzhou}@microsoft.com",false,,,,"[{""raw_affiliation_text"": ""School of Computer Science, Beijing University of Posts and Telecommunications"", ""institution"": ""Beijing University of Posts and Telecommunications"", ""country"": null}, {""raw_affiliation_text"": ""Meituan"", ""institution"": ""Meituan"", ""country"": null}, {""raw_affiliation_text"": ""Sun Yat-sen University"", ""institution"": ""Sun Yat-sen University"", ""country"": null}, {""raw_affiliation_text"": ""Microsoft Research Asia"", ""institution"": ""Microsoft Research Asia"", ""country"": null}]"
2021.acl-long.6,,,,2021.acl-long.6,done,The Hong Kong University of Science and Technology | Nanjing University of Science and Technology | Fudan University | Microsoft Research Asia | Tsinghua University,"# DeepRapper: Neural Rap Generation with Rhyme and Rhythm Modeling

Lanqing Xue $^{1}$ , Kaitao Song $^{2}$ , Duocai Wu $^{3}$ , Xu Tan $^{4*}$ ,  
Nevin L. Zhang $^{1}$ , Tao Qin $^{4}$ , Wei-Qiang Zhang $^{5}$ , Tie-Yan Liu $^{4}$ $^{1}$ The Hong Kong University of Science and Technology $^{2}$ Nanjing University of Science and Technology $^{3}$ Fudan University ${}^{4}$ Microsoft Research Asia ${}^{5}$ Tsinghua University  
{lxueaa, lzhang}@cse.ust.hk  
kt song@njust.edu.cn dcwu18@fudan.edu.cn  
{xuta, taoqin, tyliu}@microsoft.com wqzhang@tsinghua.edu.cn",false,,,,"[{""raw_affiliation_text"": ""The Hong Kong University of Science and Technology"", ""institution"": ""The Hong Kong University of Science and Technology"", ""country"": null}, {""raw_affiliation_text"": ""Nanjing University of Science and Technology"", ""institution"": ""Nanjing University of Science and Technology"", ""country"": null}, {""raw_affiliation_text"": ""Fudan University"", ""institution"": ""Fudan University"", ""country"": null}, {""raw_affiliation_text"": ""Microsoft Research Asia"", ""institution"": ""Microsoft Research Asia"", ""country"": null}, {""raw_affiliation_text"": ""Tsinghua University"", ""institution"": ""Tsinghua University"", ""country"": null}]"
2021.acl-long.65,,,,2021.acl-long.65,done,Carnegie Mellon University | Instituto Superior Técnico & LULIS (Lisbon ELLIS Unit) | Instituto de Telecomunicações | Unbabel,"# Do Context-Aware Translation Models Pay the Right Attention?

Kayo Yin<sup>1</sup> Patrick Fernandes<sup>1,2,3</sup> Danish Pruthi<sup>1</sup> Aditi Chaudhary<sup>1</sup> André F. T. Martins<sup>2,3,4</sup> Graham Neubig<sup>1</sup>

$^{1}$ Language Technologies Institute, Carnegie Mellon University, Pittsburgh, PA

$^{2}$ Instituto Superior Técnico & LULIS (Lisbon ELLIS Unit), Lisbon, Portugal

$^{3}$ Instituto de Telecomunicações, Lisbon, Portugal

4Unbabel, Lisbon, Portugal

{kayoy, pfernand, ddanish, aschaudh, gneubig}@cs.cmu.edu

andre.t.martins@tecnico.ulisboa.pt",false,,,,"[{""raw_affiliation_text"": ""Language Technologies Institute, Carnegie Mellon University, Pittsburgh, PA"", ""institution"": ""Carnegie Mellon University"", ""country"": null}, {""raw_affiliation_text"": ""Instituto Superior Técnico & LULIS (Lisbon ELLIS Unit), Lisbon, Portugal"", ""institution"": ""Instituto Superior Técnico & LULIS (Lisbon ELLIS Unit)"", ""country"": ""Portugal""}, {""raw_affiliation_text"": ""Instituto de Telecomunicações, Lisbon, Portugal"", ""institution"": ""Instituto de Telecomunicações"", ""country"": ""Portugal""}, {""raw_affiliation_text"": ""Unbabel, Lisbon, Portugal"", ""institution"": ""Unbabel"", ""country"": ""Portugal""}]"
2021.acl-long.64,,,,2021.acl-long.64,done,MIT | IBM Research | University of Oregon,"# LNN-EL: A Neuro-Symbolic Approach to Short-text Entity Linking

Hang Jiang $^{1*}$ , Sairam Gurajada $^{2*}$ , Qiuhao Lu $^{3}$ , Sumit Neelam $^{2}$ , Lucian Popa $^{2}$ , Prithviraj Sen $^{2}$ , Yunyao Li $^{2}$ , Alexander Gray $^{2}$

$^{1}$ MIT

$^{2}$ IBM Research

<sup>3</sup>University of Oregon

hjian42@mit.edu, {sairam.gurajada, alexander(gray)@ibm.com, luqh@cs.uoregon.edu,

sumit.neelam@in.ibm.com,{lpopa,senp,yunyaoli}@us.ibm.com",false,,,,"[{""raw_affiliation_text"": ""MIT"", ""institution"": ""MIT"", ""country"": null}, {""raw_affiliation_text"": ""IBM Research"", ""institution"": ""IBM Research"", ""country"": null}, {""raw_affiliation_text"": ""University of Oregon"", ""institution"": ""University of Oregon"", ""country"": null}]"
2021.acl-long.68,,,,2021.acl-long.68,done,Facebook AI,"# Multilingual Speech Translation from Efficient Finetuning of Pretrained Models

Xian Li*, Changhan Wang*, Yun Tang, Chau Tran, Yuqing Tang, Juan Pino, Alexei Baevski, Alexis Conneau, Michael Auli

Facebook AI

{xianl,changhan,yuntang,chau,yuqtang,juancarabina, abaevski,aconneau,michaelauli}@fb.com",false,,,,"[{""raw_affiliation_text"": ""Facebook AI"", ""institution"": ""Facebook AI"", ""country"": null}]"
2021.acl-long.63,,,,2021.acl-long.63,done,Chinese Academy of Sciences | University of Chinese Academy of Sciences,"# Discontinuous Named Entity Recognition as Maximal Clique Discovery

# Yucheng Wang*, Bowen Yu*, Hongsong Zhu Tingwen Liu†, Nan Yu, Limin Sun

Institute of Information Engineering, Chinese Academy of Sciences School of Cyber Security, University of Chinese Academy of Sciences {wangyucheng, yubowen, zhuhongsong}@iie.ac.cn {liutingwen, yunan, sunlimin}@iie.ac.cn",false,,,,"[{""raw_affiliation_text"": ""Institute of Information Engineering, Chinese Academy of Sciences"", ""institution"": ""Chinese Academy of Sciences"", ""country"": null}, {""raw_affiliation_text"": ""School of Cyber Security, University of Chinese Academy of Sciences"", ""institution"": ""University of Chinese Academy of Sciences"", ""country"": null}]"
2021.acl-long.61,,,,2021.acl-long.61,done,Harbin Institute of Technology | Peking University | Tsinghua University | Microsoft Research,"# AdvPicker: Effectively Leveraging Unlabeled Data via Adversarial Discriminator for Cross-Lingual NER

Weile Chen $^{1}$ , Huiqiang Jiang $^{2}$ , Qianhui Wu $^{3}$ , Börje F. Karlsson $^{4}$ , and Yi Guan $^{1}$

<sup>1</sup>Harbin Institute of Technology, Harbin, 15000, China

$^{2}$ Peking University, Beijing, 100871, China

$^{3}$ Department of Automation, Tsinghua University, Beijing, 100084, China

<sup>4</sup>Microsoft Research, Beijing, 100080, China

chen.weile7@gmail.com, jhq@pku.edu.cn, guanyi@hit.edu.cn,

wuqianhui@tsinghua.org.cn, borje.karlsson@microsoft.com",false,,,,"[{""raw_affiliation_text"": ""Harbin Institute of Technology, Harbin, 15000, China"", ""institution"": ""Harbin Institute of Technology"", ""country"": ""China""}, {""raw_affiliation_text"": ""Peking University, Beijing, 100871, China"", ""institution"": ""Peking University"", ""country"": ""China""}, {""raw_affiliation_text"": ""Department of Automation, Tsinghua University, Beijing, 100084, China"", ""institution"": ""Tsinghua University"", ""country"": ""China""}, {""raw_affiliation_text"": ""Microsoft Research, Beijing, 100080, China"", ""institution"": ""Microsoft Research"", ""country"": ""China""}]"
2021.acl-long.60,,,,2021.acl-long.60,done,Chinese Information Processing Laboratory | Chinese Academy of Sciences | University of Chinese Academy of Sciences | Tencent Inc.,"# From Discourse to Narrative: Knowledge Projection for Event Relation Extraction

Jialong Tang $^{1,3}$ , Hongyu Lin $^{1}$ , Meng Liao $^{4}$ , Yaojie Lu $^{1,3}$ , Xianpei Han $^{1,2}$ , Le Sun $^{1,2,*}$ , Weijian Xie $^{4}$ , Jin Xu $^{4,*}$

$^{1}$ Chinese Information Processing Laboratory $^{2}$ State Key Laboratory of Computer Science Institute of Software, Chinese Academy of Sciences, Beijing, China $^{3}$ University of Chinese Academy of Sciences, Beijing, China $^{4}$ Data Quality Team, WeChat, Tencent Inc., China {jialong2019,hongyu,xianpei,sunle}@iscas.ac.cn {maricoliao,vikoxie,jinxxu}@tencent.com",false,,,,"[{""raw_affiliation_text"": ""Chinese Information Processing Laboratory"", ""institution"": ""Chinese Information Processing Laboratory"", ""country"": null}, {""raw_affiliation_text"": ""State Key Laboratory of Computer Science Institute of Software, Chinese Academy of Sciences, Beijing, China"", ""institution"": ""Chinese Academy of Sciences"", ""country"": ""China""}, {""raw_affiliation_text"": ""University of Chinese Academy of Sciences, Beijing, China"", ""institution"": ""University of Chinese Academy of Sciences"", ""country"": ""China""}, {""raw_affiliation_text"": ""Data Quality Team, WeChat, Tencent Inc., China"", ""institution"": ""Tencent Inc."", ""country"": ""China""}]"
2021.acl-long.67,,,,2021.acl-long.67,done,TTI-Chicago | University of Washington | Facebook AI Research,"# Bilingual Lexicon Induction via Unsupervised Bitext Construction and Word Alignment

Haoyue Shi\* TTI-Chicago freda@ttic.edu

Luke Zettlemoyer  
University of Washington  
Facebook AI Research  
lsz@fb.com

Sida I. Wang  
Facebook AI Research  
sida@fb.com",false,,,,"[{""raw_affiliation_text"": ""TTI-Chicago"", ""institution"": ""TTI-Chicago"", ""country"": null}, {""raw_affiliation_text"": ""University of Washington"", ""institution"": ""University of Washington"", ""country"": null}, {""raw_affiliation_text"": ""Facebook AI Research"", ""institution"": ""Facebook AI Research"", ""country"": null}]"
2021.acl-long.69,,,,2021.acl-long.69,done,New York University,"# Learning Faithful Representations of Causal Graphs

Ananth Balashankar Lakshminarayanan Subramanian

New York University

New York, NY, USA

{ananth,lakshmi}@nyu.edu",false,,,,"[{""raw_affiliation_text"": ""New York University"", ""institution"": ""New York University"", ""country"": ""USA""}]"
2021.acl-long.66,,,,2021.acl-long.66,done,University of Texas at Austin | Twitter Cortex | Facebook AI | The Hong Kong University of Science and Technology | Johns Hopkins University,"# Adapting High-resource NMT Models to Translate Low-resource Related Languages without Parallel Data

Wei-Jen Ko $^{1*}$ , Ahmed El-Kishky $^{2*}$ , Adithya Renduchintala $^{3}$ , Vishrav Chaudhary $^{3}$ , Naman Goyal $^{3}$ , Francisco Guzmán $^{3}$ , Pascale Fung $^{4}$ , Philipp Koehn $^{5}$ , Mona Diab $^{3}$

<sup>1</sup>University of Texas at Austin, <sup>2</sup>Twitter Cortex, <sup>3</sup>Facebook AI  
<sup>4</sup>The Hong Kong University of Science and Technology, <sup>5</sup>Johns Hopkins University  
wjko@utexas.edu, aelkishky@twitter.com  
{adirendu, vishrav, naman, fguzman, mdiab}@fb.com  
pascale@ece.ust.hk, phi@jhu.edu",false,,,,"[{""raw_affiliation_text"": ""University of Texas at Austin"", ""institution"": ""University of Texas at Austin"", ""country"": null}, {""raw_affiliation_text"": ""Twitter Cortex"", ""institution"": ""Twitter Cortex"", ""country"": null}, {""raw_affiliation_text"": ""Facebook AI"", ""institution"": ""Facebook AI"", ""country"": null}, {""raw_affiliation_text"": ""The Hong Kong University of Science and Technology"", ""institution"": ""The Hong Kong University of Science and Technology"", ""country"": null}, {""raw_affiliation_text"": ""Johns Hopkins University"", ""institution"": ""Johns Hopkins University"", ""country"": null}]"
2021.acl-long.70,,,,2021.acl-long.70,done,Massachusetts Institute of Technology,"# What Context Features Can Transformer Language Models Use?

Joe O'Connor Jacob Andreas Massachusetts Institute of Technology {joeoc, jda}@mit.edu",false,,,,"[{""raw_affiliation_text"": ""Massachusetts Institute of Technology"", ""institution"": ""Massachusetts Institute of Technology"", ""country"": null}]"
2021.acl-long.71,,,,2021.acl-long.71,done,RWTH Aachen University | University of Virginia,"# Integrated Directional Gradients: Feature Interaction Attribution for Neural NLP Models

Sandipan Sikdar*

RWTH Aachen University

sandipan.sikdar@

cssh.rwth-aachen.de

Parantapa Bhattacharya*

University of Virginia

parantapa@

virginia.edu

Kieran Heese

University of Virginia

kh8fb@

virginia.edu",false,,,,"[{""raw_affiliation_text"": ""RWTH Aachen University"", ""institution"": ""RWTH Aachen University"", ""country"": null}, {""raw_affiliation_text"": ""University of Virginia"", ""institution"": ""University of Virginia"", ""country"": null}]"
2021.acl-long.73,,,,2021.acl-long.73,done,Soochow University | Tencent News,"# XLPT-AMR: Cross-Lingual Pre-Training via Multi-Task Learning for Zero-Shot AMR Parsing and Text Generation

Dongqin $\mathbf{X}\mathbf{u}^{1}$ Junhui Li $^{1*}$ Muhua Zhu $^{2}$ Min Zhang $^{1}$ Guodong Zhou

$^{1}$ School of Computer Science and Technology, Soochow University, Suzhou, China

2Tencent News, Beijing, China

xdqck@live.com, {lijunjhui, minzhang, gdzhou} @suda.edu.cn

zhumuhua@gmail.com",false,,,,"[{""raw_affiliation_text"": ""School of Computer Science and Technology, Soochow University, Suzhou, China"", ""institution"": ""Soochow University"", ""country"": ""China""}, {""raw_affiliation_text"": ""Tencent News, Beijing, China"", ""institution"": ""Tencent News"", ""country"": ""China""}]"
2021.acl-long.7,,,,2021.acl-long.7,done,Chinese Academy of Sciences | Microsoft Research Asia | Microsoft | University of Chinese Academy of Sciences,"# PENS: A Dataset and Generic Framework for Personalized News Headline Generation

Xiang Ao\*Xiting Wang, Ling Luo, Qing He, Xing Xie

$\spadesuit$ Key Lab of Intelligent Information Processing of Chinese Academy of Sciences (CAS), Institute of Computing Technology, CAS, Beijing 100190, China

Microsoft Research Asia

Microsoft

$\diamond$ University of Chinese Academy of Sciences, Beijing 100049, China

{aoxiang,luoling18s,heqing}@ict.ac.cn

{xitwan,yiqia,xing.xie}@microsoft.com",false,,,,"[{""raw_affiliation_text"": ""Key Lab of Intelligent Information Processing of Chinese Academy of Sciences (CAS), Institute of Computing Technology, CAS, Beijing 100190, China"", ""institution"": ""Chinese Academy of Sciences"", ""country"": ""China""}, {""raw_affiliation_text"": ""Microsoft Research Asia"", ""institution"": ""Microsoft Research Asia"", ""country"": null}, {""raw_affiliation_text"": ""Microsoft"", ""institution"": ""Microsoft"", ""country"": null}, {""raw_affiliation_text"": ""University of Chinese Academy of Sciences, Beijing 100049, China"", ""institution"": ""University of Chinese Academy of Sciences"", ""country"": ""China""}]"
2021.acl-long.76,,,,2021.acl-long.76,done,Harvard University | MIT,"# A Targeted Assessment of Incremental Processing in Neural Language Models and Humans

Ethan Gotlieb Wilcox

Harvard University

Department of Linguistics

wilcoxeg@g.harvard.edu

Pranali Vani

MIT

Brain and Cognitive Science

pvani@mit.edu

Roger P. Levy

MIT

Brain and Cognitive Science

rplevy@mit.edu",false,,,,"[{""raw_affiliation_text"": ""Harvard University"", ""institution"": ""Harvard University"", ""country"": null}, {""raw_affiliation_text"": ""MIT"", ""institution"": ""MIT"", ""country"": null}]"
2021.acl-long.74,,,,2021.acl-long.74,done,Tel-Aviv University | Allen Institute for Artificial Intelligence,"# Span-based Semantic Parsing for Compositional Generalization

Jonathan Herzig<sup>1</sup>

Jonathan Berant $^{1,2}$

<sup>1</sup>Blavatnik School of Computer Science, Tel-Aviv University

$^{2}$ Allen Institute for Artificial Intelligence

{jonathan.herzig,joerant}@cs.tau.ac.il",false,,,,"[{""raw_affiliation_text"": ""Blavatnik School of Computer Science, Tel-Aviv University"", ""institution"": ""Tel-Aviv University"", ""country"": null}, {""raw_affiliation_text"": ""Allen Institute for Artificial Intelligence"", ""institution"": ""Allen Institute for Artificial Intelligence"", ""country"": null}]"
2021.acl-long.75,,,,2021.acl-long.75,done,Google Research,"# Compositional Generalization and Natural Language Variation: Can a Semantic Parsing Approach Handle Both?

Peter Shaw Ming-Wei Chang Panupong Pasupat Kristina Toutanova

Google Research

{petershaw,mingweichang,ppasupat,kristout}@google.com",false,,,,"[{""raw_affiliation_text"": ""Google Research"", ""institution"": ""Google Research"", ""country"": null}]"
2021.acl-long.79,,,,2021.acl-long.79,done,University of Edinburgh,"# Prosodic segmentation for parsing spoken dialogue

Elizabeth Nielsen Mark Steedman Sharon Goldwater

School of Informatics

University of Edinburgh, UK

e.k. nielsen@sms.ed.ac.uk

{steedman, sgwater}@inf.ed.ac.uk",false,,,,"[{""raw_affiliation_text"": ""School of Informatics, University of Edinburgh, UK"", ""institution"": ""University of Edinburgh"", ""country"": ""UK""}]"
2021.acl-long.8,,,,2021.acl-long.8,done,The Hong Kong University of Science and Technology,"# Enhancing Content Preservation in Text Style Transfer Using Reverse Attention and Conditional Layer Normalization

Dongkyu Lee Zhiliang Tian Lanqing Xue Nevin L. Zhang

Department of Computer Science and Engineering,

The Hong Kong University of Science and Technology

{dlear, ztianac, lxueaa, lzhang}@cse.ust.hk",false,,,,"[{""raw_affiliation_text"": ""Department of Computer Science and Engineering, The Hong Kong University of Science and Technology"", ""institution"": ""The Hong Kong University of Science and Technology"", ""country"": null}]"
2021.acl-long.80,,,,2021.acl-long.80,done,Facebook AI,"# VoxPopuli: A Large-Scale Multilingual Speech Corpus for Representation Learning, Semi-Supervised Learning and Interpretation

Changhan Wang*, Morgane Rivière*, Ann Lee, Anne Wu, Chaitanya Talnikar, Daniel Haziza, Mary Williamson, Juan Pino, Emmanuel Dupoux

Facebook AI

{changhan, mriviere, annl, annewu, talnikar, dhaziza, marywilliamson, juancarabina, dpx}@fb.com",false,,,,"[{""raw_affiliation_text"": ""Facebook AI"", ""institution"": ""Facebook AI"", ""country"": null}]"
2021.acl-long.81,,,,2021.acl-long.81,done,Microsoft Research,"# Stereotyping Norwegian Salmon: An Inventory of Pitfalls in Fairness Benchmark Datasets

# Su Lin Blodgett, Gilsinia Lopez, Alexandra Olteanu, Robert Sim, Hanna Wallach

Microsoft Research

{sulin.blodgett,gilopez,alexandra.olteanu,rsim,wallach}@microsoft.com",false,,,,"[{""raw_affiliation_text"": ""Microsoft Research"", ""institution"": ""Microsoft Research"", ""country"": null}]"
2021.acl-long.77,,,,2021.acl-long.77,done,Bar Ilan University | Hebrew University of Jerusalem | Georgetown University,"# The Possible, the Plausible, and the Desirable: Event-Based Modality Detection for Language Processing

Valentina Pyatkin*

Bar Ilan University

pyatkiv@biu.ac.il

Shoval Sadde*

Bar Ilan University

shovatz@gmail.com

Aynat Rubinstein

Hebrew University of Jerusalem

aynat.rubinstein@mail.huji.ac.il

# Paul Portner

Georgetown University

paul.portner@georgetown.edu

# Reut Tsarfaty

Bar Ilan University

reut.tsarfaty@biu.ac.il",false,,,,"[{""raw_affiliation_text"": ""Bar Ilan University"", ""institution"": ""Bar Ilan University"", ""country"": null}, {""raw_affiliation_text"": ""Hebrew University of Jerusalem"", ""institution"": ""Hebrew University of Jerusalem"", ""country"": null}, {""raw_affiliation_text"": ""Georgetown University"", ""institution"": ""Georgetown University"", ""country"": null}]"
2021.acl-long.72,,,,2021.acl-long.72,done,University of Toronto | Terrence Donnelly Centre for Cellular & Biomolecular Research | Vector Institute for Artificial Intelligence | University Health Network,"# DeCLUTR: Deep Contrastive Learning for Unsupervised Textual Representations

John Giorgi $^{1,5,6}$ Osvald Nitski $^{2,7}$ Bo Wang $^{1,4,6,7,\dagger}$ Gary Bader $^{1,3,5,\dagger}$

$^{1}$ Department of Computer Science, University of Toronto

$^{2}$ Faculty of Applied Science and Engineering, University of Toronto

$^{3}$ Department of Molecular Genetics, University of Toronto

$^{4}$ Department of Laboratory Medicine and Pathobiology, University of Toronto

$^{5}$ Terrence Donnelly Centre for Cellular & Biomolecular Research

$^{6}$ Vector Institute for Artificial Intelligence

$^{7}$ Peter Munk Cardiac Center, University Health Network

†Co-senior authors

{john.giorgi, osvald.nitski, gary.bader}@mail.utoronto.ca

bowang@vectorinstitute.ai",false,,,,"[{""raw_affiliation_text"": ""Department of Computer Science, University of Toronto"", ""institution"": ""University of Toronto"", ""country"": null}, {""raw_affiliation_text"": ""Terrence Donnelly Centre for Cellular & Biomolecular Research"", ""institution"": ""Terrence Donnelly Centre for Cellular & Biomolecular Research"", ""country"": null}, {""raw_affiliation_text"": ""Vector Institute for Artificial Intelligence"", ""institution"": ""Vector Institute for Artificial Intelligence"", ""country"": null}, {""raw_affiliation_text"": ""Peter Munk Cardiac Center, University Health Network"", ""institution"": ""University Health Network"", ""country"": null}]"
2021.acl-long.78,,,,2021.acl-long.78,done,University of Colorado Boulder,"# To POS Tag or Not to POS Tag: The Impact of POS Tags on Morphological Learning in Low-Resource Settings

Sarah Moeller Ling Liu Mans Hulden

University of Colorado Boulder first.last@colorado.edu",false,,,,"[{""raw_affiliation_text"": ""University of Colorado Boulder"", ""institution"": ""University of Colorado Boulder"", ""country"": null}]"
2021.acl-long.83,,,,2021.acl-long.83,done,Yat-sen University | Guangdong University of Foreign Studies | Pazhou Lab,"# A DQN-based Approach to Finding Precise Evidences for Fact Verification

Hai Wan $^{1}$ , Haicheng Chen $^{1}$ , Jianfeng Du $^{2,3*}$ , Weilin Luo $^{1}$ , Rongzhen Ye $^{1}$

$^{1}$ School of Computer Science and Engineering, Yat-sen University, Guangzhou 510006, P.R.China

$^{2}$ Guangzhou Key Laboratory of Multilingual Intelligent Processing, Guangdong University of Foreign Studies, Guangzhou 510006, P.R.China

$^{3}$ Pazhou Lab, Guangzhou 510330, P.R.China  
wanhai@mail.sysu.edu.cn, jfdu@gdufs.edu.cn,

{chenhch8,luowlin3,yerzh} $@$ mail2.sysu.edu.cn",false,,,,"[{""raw_affiliation_text"": ""School of Computer Science and Engineering, Yat-sen University, Guangzhou 510006, P.R.China"", ""institution"": ""Yat-sen University"", ""country"": ""P.R.China""}, {""raw_affiliation_text"": ""Guangzhou Key Laboratory of Multilingual Intelligent Processing, Guangdong University of Foreign Studies, Guangzhou 510006, P.R.China"", ""institution"": ""Guangdong University of Foreign Studies"", ""country"": ""P.R.China""}, {""raw_affiliation_text"": ""Pazhou Lab, Guangzhou 510330, P.R.China"", ""institution"": ""Pazhou Lab"", ""country"": ""P.R.China""}]"
2021.acl-long.82,,,,2021.acl-long.82,done,Carnegie Mellon University | University of Pittsburgh | Microsoft Research,"# Robust Knowledge Graph Completion with Stacked Convolutions and a Student Re-Ranking Network

Justin Lovelace<sup>1</sup> Denis Newman-Griffis<sup>2</sup> Shikhar Vashishth<sup>3*</sup> Jill Fain Lehman<sup>4</sup> Carolyn Penstein Rose<sup>1</sup>

$^{1}$ Language Technologies Institute, Carnegie Mellon University, USA $^{2}$ Department of Biomedical Informatics, University of Pittsburgh, USA $^{3}$ Microsoft Research,

$^{4}$ Human-Computer Interaction Institute, Carnegie Mellon University, USA

{jlovelac, jfl, cpa3}@cs.cmu.edu,dnewmangriffis@pitt.edu

t-svashishth@microsoft.com",false,,,,"[{""raw_affiliation_text"": ""Language Technologies Institute, Carnegie Mellon University, USA"", ""institution"": ""Carnegie Mellon University"", ""country"": ""USA""}, {""raw_affiliation_text"": ""Department of Biomedical Informatics, University of Pittsburgh, USA"", ""institution"": ""University of Pittsburgh"", ""country"": ""USA""}, {""raw_affiliation_text"": ""Microsoft Research"", ""institution"": ""Microsoft Research"", ""country"": null}]"
2021.acl-long.84,,,,2021.acl-long.84,done,University of Waterloo | Vector Institute for Artificial Intelligence,"# The Art of Abstention: Selective Prediction and Error Regularization for Natural Language Processing

Ji Xin, Raphael Tang, Yaoliang Yu, and Jimmy Lin

David R. Cheriton School of Computer Science, University of Waterloo

Vector Institute for Artificial Intelligence

{ji.xin,r33tang,yaoliang.yu,jimmylin}@uwaterloo.ca",false,,,,"[{""raw_affiliation_text"": ""David R. Cheriton School of Computer Science, University of Waterloo"", ""institution"": ""University of Waterloo"", ""country"": null}, {""raw_affiliation_text"": ""Vector Institute for Artificial Intelligence"", ""institution"": ""Vector Institute for Artificial Intelligence"", ""country"": null}]"
2021.acl-long.86,,,,2021.acl-long.86,done,Huawei Noah's Ark Lab | University of British Columbia,"# MATE-KD: Masked Adversarial TExt, a Companion to Knowledge Distillation

Ahmad Rashid $^{1*}$ , Vasileios Lioutas $^{2*†}$ , Mehdi Rezagholizadeh $^{1}$

<sup>1</sup>Huawei Noah's Ark Lab, <sup>2</sup>University of British Columbia ahmad.rashid@huawei.com, contact@vlioutas.com, mehdi.rezagholizadeh@huawei.com",false,,,,"[{""raw_affiliation_text"": ""Huawei Noah's Ark Lab"", ""institution"": ""Huawei Noah's Ark Lab"", ""country"": null}, {""raw_affiliation_text"": ""University of British Columbia"", ""institution"": ""University of British Columbia"", ""country"": null}]"
2021.acl-long.85,,,,2021.acl-long.85,done,Columbia University | University of Texas at Austin | Carnegie Mellon University | Salesforce Research,"# Unsupervised Out-of-Domain Detection via Pre-trained Transformers

Keyang Xu $^{1}$ , Tongzheng Ren $^{2}$ , Shikun Zhang $^{3}$ , Yihao Feng $^{2}$ , Caiming Xiong $^{4}$

<sup>1</sup> Columbia University <sup>2</sup> University of Texas at Austin

$^{3}$ Carnegie Mellon University $^{4}$ Salesforce Research

kx2155@columbia.edu shikunz@cs.cmu.edu

{tzren, yihao}@cs.utexas.edu cxiong@salesforce.com",false,,,,"[{""raw_affiliation_text"": ""Columbia University"", ""institution"": ""Columbia University"", ""country"": null}, {""raw_affiliation_text"": ""University of Texas at Austin"", ""institution"": ""University of Texas at Austin"", ""country"": null}, {""raw_affiliation_text"": ""Carnegie Mellon University"", ""institution"": ""Carnegie Mellon University"", ""country"": null}, {""raw_affiliation_text"": ""Salesforce Research"", ""institution"": ""Salesforce Research"", ""country"": null}]"
2021.acl-long.89,,,,2021.acl-long.89,done,Facebook AI,"# Multi-Task Retrieval for Knowledge-Intensive Tasks

Jean Maillard* Vladimir Karpukhin* Fabio Petroni  
Wen-tau Yih Barlas Oğuz Veselin Stoyanov Gargi Ghosh  
Facebook AI

{jeanm,vladk, fabiopetroni, scottyih, barlaso, ves, gghosh}@fb.com",false,,,,"[{""raw_affiliation_text"": ""Facebook AI"", ""institution"": ""Facebook AI"", ""country"": null}]"
2021.acl-long.87,,,,2021.acl-long.87,done,UT Austin | Intel Labs,"# Selecting Informative Contexts Improves Language Model Fine-tuning

Richard Antonello

UT Austin

rjantonello@utexas.edu

Nicole M. Beckage

Intel Labs

nicole.beckage@intel.com

Javier S. Turek

Intel Labs

javier.turek@intel.com

Alexander G. Huth

UT Austin

huth@cs.utexas.edu",false,,,,"[{""raw_affiliation_text"": ""UT Austin"", ""institution"": ""UT Austin"", ""country"": null}, {""raw_affiliation_text"": ""Intel Labs"", ""institution"": ""Intel Labs"", ""country"": null}]"
2021.acl-long.88,,,,2021.acl-long.88,done,University of Michigan | University of Colorado | University of North Carolina,"# Explainable Prediction of Text Complexity: The Missing Preliminaries for Text Simplification

Cristina Gârbacea<sup>1</sup>, Mengtian Guo<sup>4</sup>, Samuel Carton<sup>3</sup>, Qiaozhu Mei<sup>1,2</sup>

<sup>1</sup>Department of EECS, University of Michigan, Ann Arbor

$^{2}$ School of Information, University of Michigan, Ann Arbor

$^{3}$ Department of CS, University of Colorado, Boulder

$^{4}$ School of Information and Library Science, University of North Carolina, Chapel Hill",false,,,,"[{""raw_affiliation_text"": ""Department of EECS, University of Michigan, Ann Arbor"", ""institution"": ""University of Michigan"", ""country"": null}, {""raw_affiliation_text"": ""Department of CS, University of Colorado, Boulder"", ""institution"": ""University of Colorado"", ""country"": null}, {""raw_affiliation_text"": ""School of Information and Library Science, University of North Carolina, Chapel Hill"", ""institution"": ""University of North Carolina"", ""country"": null}]"
2021.acl-long.9,,,,2021.acl-long.9,done,Macquarie University | CSIRO Data 61 | Oracle Corporation,"# Mention Flags (MF): Constraining Transformer-based Text Generators

Yufei Wang $^{1}$ , Ian D. Wood $^{1,2}$ , Stephen Wan $^{2}$ , Mark Dras $^{1}$ and Mark Johnson $^{3}$

Macquarie University, Sydney, Australia

CSIRO Data61, Sydney, Australia

Oracle Digital Assistant, Oracle Corporation<sup>3</sup>

yufei.wang@students.mq.edu.au, ian.wood@mq.edu.au

stephen.wan@data61.csiro.au, mark.dras@mq.edu.au

mark.mj.johnson@oracle.com",false,,,,"[{""raw_affiliation_text"": ""Macquarie University, Sydney, Australia"", ""institution"": ""Macquarie University"", ""country"": ""Australia""}, {""raw_affiliation_text"": ""CSIRO Data61, Sydney, Australia"", ""institution"": ""CSIRO Data 61"", ""country"": ""Australia""}, {""raw_affiliation_text"": ""Oracle Digital Assistant, Oracle Corporation"", ""institution"": ""Oracle Corporation"", ""country"": null}]"
2021.acl-long.91,,,,2021.acl-long.91,done,University of Edinburgh | University of Amsterdam | University of Zurich,"# Analyzing the Source and Target Contributions to Predictions in Neural Machine Translation

Elena Voita $^{1,2}$ Rico Sennrich $^{3,1}$ Ivan Titov $^{1,2}$

<sup>1</sup>University of Edinburgh, Scotland <sup>2</sup>University of Amsterdam, Netherlands <sup>3</sup>University of Zurich, Switzerland

lena-voita@hotmail.com sennrich@cl.uzh.ch ititov@inf.ed.ac.uk",false,,,,"[{""raw_affiliation_text"": ""University of Edinburgh, Scotland"", ""institution"": ""University of Edinburgh"", ""country"": ""Scotland""}, {""raw_affiliation_text"": ""University of Amsterdam, Netherlands"", ""institution"": ""University of Amsterdam"", ""country"": ""Netherlands""}, {""raw_affiliation_text"": ""University of Zurich, Switzerland"", ""institution"": ""University of Zurich"", ""country"": ""Switzerland""}]"
2021.acl-long.93,,,,2021.acl-long.93,done,Cornell University,"# Uncovering Constraint-Based Behavior in Neural Models via Targeted Fine-Tuning

Forrest Davis and Marten van Schijndel

Department of Linguistics

Cornell University

{fd252|mv443}@cornell.edu",false,,,,"[{""raw_affiliation_text"": ""Department of Linguistics Cornell University"", ""institution"": ""Cornell University"", ""country"": null}]"
2021.acl-long.90,,,,2021.acl-long.90,done,New York University,"# When Do You Need Billions of Words of Pretraining Data?

Yian Zhang, $^{*,1}$ Alex Warstadt, $^{*,2}$ Haau-Sing Li, $^{3}$ and Samuel R. Bowman $^{1,2,3}$

$^{1}$ Dept. of Computer Science, $^{2}$ Dept. of Linguistics, $^{3}$ Center for Data Science New York University

{yian.zhang, warstadt, xl3119, bowman}@nyu.edu",false,,,,"[{""raw_affiliation_text"": ""Dept. of Computer Science, New York University"", ""institution"": ""New York University"", ""country"": null}]"
2021.acl-long.92,,,,2021.acl-long.92,done,Amazon | New York University | Allen Institute for AI,"# Comparing Test Sets with Item Response Theory

Clara Vania\* Phu Mon Htut\* William Huang\* Dhara Mungra\* Richard Yuanzhe Pang\* Jason Phang\* Haokun Liu\* Kyunghyun Cho\* Samuel R. Bowman

Amazon New York University Allen Institute for AI

vaniclar@amazon.co.uk, bowman@nyu.edu",false,,,,"[{""raw_affiliation_text"": ""Amazon"", ""institution"": ""Amazon"", ""country"": null}, {""raw_affiliation_text"": ""New York University"", ""institution"": ""New York University"", ""country"": null}, {""raw_affiliation_text"": ""Allen Institute for AI"", ""institution"": ""Allen Institute for AI"", ""country"": null}]"
2021.acl-long.94,,,,2021.acl-long.94,done,Singapore University of Technology and Design | Carnegie Mellon University,"# More Identifiable yet Equally Performant Transformers for Text Classification

Rishabh Bhardwaj<sup>1</sup>, Navonil Majumder<sup>1</sup>, Soujanya Poria<sup>1</sup>, Eduard Hovy<sup>2</sup>

$^{1}$ Singapore University of Technology and Design, Singapore

$^{2}$ Carnegie Mellon University, Pittsburgh, PA, USA

rishabh_bhardwaj@mymail.sutd.edu.sg

{navonilmajumder, sporia}@sutd.edu.sg

hovy@cs.cmu.edu",false,,,,"[{""raw_affiliation_text"": ""Singapore University of Technology and Design, Singapore"", ""institution"": ""Singapore University of Technology and Design"", ""country"": ""Singapore""}, {""raw_affiliation_text"": ""Carnegie Mellon University, Pittsburgh, PA, USA"", ""institution"": ""Carnegie Mellon University"", ""country"": ""USA""}]"
2021.acl-long.95,,,,2021.acl-long.95,done,Heriot-Watt University | Amazon Alexa AI,"# AUGNLG: Few-shot Natural Language Generation using Self-trained Data Augmentation

Xinnuo Xu $^{1}$ , Guoyin Wang $^{2}$ , Young-Bum Kim $^{2}$ , Sungjin Lee $^{2}$

<sup>1</sup>The Interaction Lab, Heriot-Watt University, Edinburgh

$^{2}$ Amazon Alexa AI, Seattle, WA, USA

xx6@hw.ac.uk, guoyiwan, youngbum, sungjinl@amazon.com",false,,,,"[{""raw_affiliation_text"": ""The Interaction Lab, Heriot-Watt University, Edinburgh"", ""institution"": ""Heriot-Watt University"", ""country"": null}, {""raw_affiliation_text"": ""Amazon Alexa AI, Seattle, WA, USA"", ""institution"": ""Amazon Alexa AI"", ""country"": ""USA""}]"
2021.acl-long.97,,,,2021.acl-long.97,done,University of Maryland | Microsoft AI | Microsoft Research | Qualtrics,"# A Dataset and Baselines for Multilingual Reply Suggestion

Mozhi Zhang*  
University of Maryland  
mozhi@cs.umd.edu

Wei Wang $^{\dagger}$ Qualtrics
wwang@qualtrics.com

Budhaditya Deb  
Microsoft AI  
budev@microsoft.com

Guoqing Zheng  
Microsoft Research  
zheng@microsoft.com

Milad Shokouhi  
Microsoft AI  
milads@microsoft.com

Ahmed Hassan Awadallah  
Microsoft Research  
hassanam@microsoft.com",false,,,,"[{""raw_affiliation_text"": ""University of Maryland"", ""institution"": ""University of Maryland"", ""country"": null}, {""raw_affiliation_text"": ""Microsoft AI"", ""institution"": ""Microsoft AI"", ""country"": null}, {""raw_affiliation_text"": ""Microsoft Research"", ""institution"": ""Microsoft Research"", ""country"": null}, {""raw_affiliation_text"": ""Qualtrics"", ""institution"": ""Qualtrics"", ""country"": null}]"
2021.acl-long.96,,,,2021.acl-long.96,done,University of Birmingham,"# Can vectors read minds better than experts? Comparing data augmentation strategies for the automated scoring of children's mindreading ability

Venelin Kovatchev<sup>1</sup>, Phillip Smith<sup>2</sup>, Mark Lee<sup>2</sup>, and Rory Devine<sup>1</sup>

$^{1}$ School of Psychology, University of Birmingham $^{2}$ School of Computer Science, University of Birmingham 52 Prichatts Road, Edgbaston, B15 2SB, United Kingdom {v.o.kovatchev, P.Smith.7, m.g.lee, R.T.Devine} @bham.ac.uk",false,,,,"[{""raw_affiliation_text"": ""School of Psychology, University of Birmingham"", ""institution"": ""University of Birmingham"", ""country"": ""United Kingdom""}]"
2021.acl-long.98,,,,2021.acl-long.98,done,New York University | National Institute of Informatics | Stony Brook University | Amazon,"# What Ingredients Make for an Effective Crowdsourcing Protocol for Difficult NLU Data Collection Tasks?

Nikita Nangia $^{1*}$

Saku Sugawara\*

Harsh Trivedi<sup>3</sup>

Alex Warstadt

Clara Vania

Samuel R. Bowman<sup>1</sup>

$^{1}$ New York University, $^{2}$ National Institute of Informatics, $^{3}$ Stony Brook University, $^{4}$ Amazon

Correspondence: {nikitanangia, bowman}@nyu.edu, saku@nii.ac.jp",false,,,,"[{""raw_affiliation_text"": ""New York University"", ""institution"": ""New York University"", ""country"": null}, {""raw_affiliation_text"": ""National Institute of Informatics"", ""institution"": ""National Institute of Informatics"", ""country"": null}, {""raw_affiliation_text"": ""Stony Brook University"", ""institution"": ""Stony Brook University"", ""country"": null}, {""raw_affiliation_text"": ""Amazon"", ""institution"": ""Amazon"", ""country"": null}]"
2021.acl-long.99,,,,2021.acl-long.99,done,Fudan University | Tencent,"# Align Voting Behavior with Public Statements for Legislator Representation Learning

Xinyi Mou $^{1}$ , Zhongyu Wei $^{1,2*}$ , Lei Chen $^{1}$ , Shangyi Ning $^{1}$ , Yancheng He $^{3}$ , Changjian Jiang $^{4*}$ , Xuanjing Huang $^{5}$

$^{1}$ School of Data Science, Fudan University, China

$^{2}$ Research Institute of Intelligent and Complex Systems, Fudan University, China

<sup>3</sup>Platform and Content Group, Tencent, China

$^{4}$ School of International Relations & Public Affairs, Fudan University, China

$^{5}$ School of Computer Science, Fudan University, China

{xymou20,zywei,chen18,syning18}@fudan.edu.cn

collinhe@tencent.com,{Changjian,xjhuang}@fudan.edu.cn",false,,,,"[{""raw_affiliation_text"": ""School of Data Science, Fudan University, China"", ""institution"": ""Fudan University"", ""country"": ""China""}, {""raw_affiliation_text"": ""Platform and Content Group, Tencent, China"", ""institution"": ""Tencent"", ""country"": ""China""}]"
