paper_id,source_pdf,uploaded_pdf,batch_id,data_id,status,affiliations,raw_first_page_text,ocr_fallback_used,ocr_image_paths,ocr_transcribed_text,error,affiliation_details_json
2021.naacl-main.1,,,,2021.naacl-main.1,done,ETH Zurich | Google Research,"# KNOWLEDGE ROUTER: Learning Disentangled Representations for Knowledge Graphs

Shuai Zhang $^{1}$ , Xi Rao $^{1}$ , Yi Tay $^{2}$ and Ce Zhang $^{1}$

$^{1}$ ETH Zurich, Switzerland

2Google Research, USA",false,,,,"[{""raw_affiliation_text"": ""ETH Zurich, Switzerland"", ""institution"": ""ETH Zurich"", ""country"": ""Switzerland""}, {""raw_affiliation_text"": ""Google Research, USA"", ""institution"": ""Google Research"", ""country"": ""USA""}]"
2021.naacl-main.100,,,,2021.naacl-main.100,done,Facebook AI | University of Washington,"# RECONSIDER: Improved Re-Ranking using Span-Focused Cross-Attention for Open Domain Question Answering

Srinivasan Iyer† Sewon Min‡* Yashar Mehdad† Wen-tau Yih†

†Facebook AI ‡University of Washington

{sviyer, mehdad, scottyih}@fb.com sewon@cs.washington.edu",false,,,,"[{""raw_affiliation_text"": ""Facebook AI"", ""institution"": ""Facebook AI"", ""country"": null}, {""raw_affiliation_text"": ""University of Washington"", ""institution"": ""University of Washington"", ""country"": null}]"
2021.naacl-main.10,,,,2021.naacl-main.10,done,ETH Zurich | University of Zurich | University of Potsdam | Vrije Universiteit Amsterdam,"# Multilingual Language Models Predict Human Reading Behavior

Nora Hollenstein $^{1}$ , Federico Pirovano $^{1}$ , Ce Zhang $^{1}$ , Lena Jäger $^{2,3}$ , Lisa Beinborn $^{4}$

ETH Zurich

2 University of Zurich

<sup>3</sup> University of Potsdam

$^{4}$ Vrije Universiteit Amsterdam

{noraho,fpirovan,ce.zhang}@inf.ethz.ch,

jaeger@cl.uzh.ch, l.beinborn@vu.nl",false,,,,"[{""raw_affiliation_text"": ""ETH Zurich"", ""institution"": ""ETH Zurich"", ""country"": null}, {""raw_affiliation_text"": ""University of Zurich"", ""institution"": ""University of Zurich"", ""country"": null}, {""raw_affiliation_text"": ""University of Potsdam"", ""institution"": ""University of Potsdam"", ""country"": null}, {""raw_affiliation_text"": ""Vrije Universiteit Amsterdam"", ""institution"": ""Vrije Universiteit Amsterdam"", ""country"": null}]"
2021.naacl-main.102,,,,2021.naacl-main.102,done,Université de Montréal | Mc Gill University | Element AI | Microsoft Research,"# Understanding by Understanding Not: Modeling Negation in Language Models

# Arian Hosseini

Mila/Université de Montréal

Montréal, Canada

arian.hosseini9@gmail.com

# Siva Reddy

Mila/McGill University

Montréal, Canada

# Dzmitry Bahdanau

Element AI

a ServiceNow Company

Montréal, Canada

# R Devon Hjelm

Mila/Université de Montréal

and Microsoft Research

Montréal, Canada

# Alessandro Sordoni

Microsoft Research

Montréal, Canada

# Aaron Courville

Mila/Université de Montréal

Montréal, Canada",false,,,,"[{""raw_affiliation_text"": ""Mila/Université de Montréal Montréal, Canada"", ""institution"": ""Université de Montréal"", ""country"": ""Canada""}, {""raw_affiliation_text"": ""Mila/McGill University Montréal, Canada"", ""institution"": ""Mc Gill University"", ""country"": ""Canada""}, {""raw_affiliation_text"": ""Element AI a ServiceNow Company Montréal, Canada"", ""institution"": ""Element AI"", ""country"": ""Canada""}, {""raw_affiliation_text"": ""Microsoft Research Montréal, Canada"", ""institution"": ""Microsoft Research"", ""country"": ""Canada""}]"
2021.naacl-main.101,,,,2021.naacl-main.101,done,Apple Inc.,"# On the Transferability of Minimal Prediction Preserving Inputs in Question Answering

Shayne Longpre*

Apple Inc.

slongpre@apple.com

Yi Lu*

Apple Inc.

ylu7@apple.com

Christopher DuBois

Apple Inc.

cdubois@apple.com",false,,,,"[{""raw_affiliation_text"": ""Apple Inc."", ""institution"": ""Apple Inc."", ""country"": null}]"
2021.naacl-main.103,,,,2021.naacl-main.103,done,Element AI,"# DuoRAT: Towards Simpler Text-to-SQL Models

# Torsten Scholak*, Raymond Li*, Dzmitry Bahdanau, Harm de Vries, Chris Pal Element AI, a ServiceNow company",false,,,,"[{""raw_affiliation_text"": ""Element AI, a ServiceNow company"", ""institution"": ""Element AI"", ""country"": null}]"
2021.naacl-main.105,,,,2021.naacl-main.105,done,The Ohio State University | Microsoft Research,"# Structure-Grounded Pretraining for Text-to-SQL

Xiang Deng $^{*1}$ , Ahmed Hassan Awadallah $^{2}$ , Christopher Meek $^{2}$ , Oleksandr Polozov $^{2}$ , Huan Sun $^{1}$ , and Matthew Richardson $^{2}$

<sup>1</sup>The Ohio State University

{deng.595,sun.397}@osu.edu

2Microsoft Research, Redmond

{hassanam,meek,polozov,matri}@microsoft.com",false,,,,"[{""raw_affiliation_text"": ""The Ohio State University"", ""institution"": ""The Ohio State University"", ""country"": null}, {""raw_affiliation_text"": ""Microsoft Research, Redmond"", ""institution"": ""Microsoft Research"", ""country"": null}]"
2021.naacl-main.104,,,,2021.naacl-main.104,done,University of Massachusetts Amherst | IBM Research,"# Looking Beyond Sentence-Level Natural Language Inference for Question Answering and Text Summarization

Anshuman Mishra, Dhruvesh Patel, Aparna Vijayakumar, Xiang Lorraine Li  
College of Information and Computer Sciences,  
University of Massachusetts Amherst

# Pavan Kapanipathi, Kartik Talamadupula IBM Research",false,,,,"[{""raw_affiliation_text"": ""College of Information and Computer Sciences, University of Massachusetts Amherst"", ""institution"": ""University of Massachusetts Amherst"", ""country"": null}, {""raw_affiliation_text"": ""IBM Research"", ""institution"": ""IBM Research"", ""country"": null}]"
2021.naacl-main.108,,,,2021.naacl-main.108,done,"University of California, Los Angeles","# Disentangling Semantics and Syntax in Sentence Embeddings with Pre-trained Language Models

James Y. Huang and Kuan-Hao Huang and Kai-Wei Chang  
University of California, Los Angeles

{jyhuang, khhuang, kwchang}@cs.ucla.edu",false,,,,"[{""raw_affiliation_text"": ""University of California, Los Angeles"", ""institution"": ""University of California, Los Angeles"", ""country"": null}]"
2021.naacl-main.107,,,,2021.naacl-main.107,done,Allen Institute for AI | University of Pennsylvania | Amazon,"# Temporal Reasoning on Implicit Events from Distant Supervision

Ben Zhou $^{1,2}$ Kyle Richardson $^{1}$ Qiang Ning $^{3}$ Tushar Khot $^{1}$ Ashish Sabharwal $^{1}$ Dan Roth $^{2}$

*1 Allen Institute for AI

$^{2}$ University of Pennsylvania

3Amazon

{kyler,tushark,ashishs}@allenai.org

{xyzhou,danroth}@cis.upenn.edu qning@amazon.com",false,,,,"[{""raw_affiliation_text"": ""Allen Institute for AI"", ""institution"": ""Allen Institute for AI"", ""country"": null}, {""raw_affiliation_text"": ""University of Pennsylvania"", ""institution"": ""University of Pennsylvania"", ""country"": null}, {""raw_affiliation_text"": ""Amazon"", ""institution"": ""Amazon"", ""country"": null}]"
2021.naacl-main.11,,,,2021.naacl-main.11,done,University of Cambridge | ETH Zürich,"# Do Syntactic Probes Probe Syntax? Experiments with Jabberwocky Probing

Rowan Hall Maudslay $^{1,2}$ Ryan Cotterell $^{1,2}$

<sup>1</sup>University of Cambridge <sup>2</sup>ETH Zürich

rh635@cam.ac.uk ryan.cotterell@inf.ethz.ch",false,,,,"[{""raw_affiliation_text"": ""University of Cambridge"", ""institution"": ""University of Cambridge"", ""country"": null}, {""raw_affiliation_text"": ""ETH Zürich"", ""institution"": ""ETH Zürich"", ""country"": null}]"
2021.naacl-main.109,,,,2021.naacl-main.109,done,Georgia Institute of Technology,"# Structure-Aware Abstractive Conversation Summarization via Discourse and Action Graphs

Jiaao Chen

School of Interactive Computing Georgia Institute of Technology

jiaochen@gatech.edu

Diyi Yang

School of Interactive Computing

Georgia Institute of Technology

dyang888@gatech.edu",false,,,,"[{""raw_affiliation_text"": ""School of Interactive Computing Georgia Institute of Technology"", ""institution"": ""Georgia Institute of Technology"", ""country"": null}]"
2021.naacl-main.106,,,,2021.naacl-main.106,done,University of Illinois at Chicago | Salesforce Research | University of Texas at Austin,"# Incremental Few-shot Text Classification with Multi-round New Classes: Formulation, Dataset and System

Congying Xia $^{1*}$ , Wenpeng Yin $^{2*}$ , Yihao Feng $^{3}$ , Philip Yu $^{1}$

<sup>1</sup>University of Illinois at Chicago, Chicago, IL, USA

$^{2}$ Salesforce Research, Palo Alto, CA, USA

<sup>3</sup>University of Texas at Austin, Austin, TX, USA

{cxia8, psyu}@uic.edu,wyin@salesforce.com,yihao@cs.utexas.edu",false,,,,"[{""raw_affiliation_text"": ""University of Illinois at Chicago, Chicago, IL, USA"", ""institution"": ""University of Illinois at Chicago"", ""country"": ""USA""}, {""raw_affiliation_text"": ""Salesforce Research, Palo Alto, CA, USA"", ""institution"": ""Salesforce Research"", ""country"": ""USA""}, {""raw_affiliation_text"": ""University of Texas at Austin, Austin, TX, USA"", ""institution"": ""University of Texas at Austin"", ""country"": ""USA""}]"
2021.naacl-main.110,,,,2021.naacl-main.110,done,University of Central Florida | Robert Bosch LLC,"# A New Approach to Overgenerating and Scoring Abstractive Summaries

Kaiqiang Song, $^{1}$ Bingqing Wang, $^{2}$ Zhe Feng, $^{2}$ Fei Liu $^{1}$

<sup>1</sup>University of Central Florida, Orlando, FL

$^{2}$ Robert Bosch LLC, Sunnyvale, CA

kqsong@knights.ucf.edu, {bingqing.wang,zhe.feng2}@us.bosch.com feiliu@cs.ucf.edu",false,,,,"[{""raw_affiliation_text"": ""University of Central Florida, Orlando, FL"", ""institution"": ""University of Central Florida"", ""country"": ""USA""}, {""raw_affiliation_text"": ""Robert Bosch LLC, Sunnyvale, CA"", ""institution"": ""Robert Bosch LLC"", ""country"": ""USA""}]"
2021.naacl-main.113,,,,2021.naacl-main.113,done,Carnegie Mellon University,"# RefSum: Refactoring Neural Summarization

Yixin Liu, Zi-Yi Dou, Pengfei Liu *

Carnegie Mellon University

{yixinl2, zdou, pliu3}@cs.cmu.edu",false,,,,"[{""raw_affiliation_text"": ""Carnegie Mellon University"", ""institution"": ""Carnegie Mellon University"", ""country"": null}]"
2021.naacl-main.112,,,,2021.naacl-main.112,done,University of Michigan | University of Illinois at Urbana-Champaign,"# Efficient Attentions for Long Document Summarization

Luyang Huang<sup>1</sup> Shuyang Cao<sup>1</sup> Nikolaus Parulian<sup>2</sup> Heng Ji<sup>2</sup> Lu Wang<sup>1</sup>

$^{1}$ Computer Science and Engineering, University of Michigan, Ann Arbor, MI $^{2}$ Department of Computer Science, University of Illinois at Urbana-Champaign, IL

1{lyhuang, caoshuy, wangluxy}@umich.edu

2{nnp2, hengji}@illinois.edu",false,,,,"[{""raw_affiliation_text"": ""Computer Science and Engineering, University of Michigan, Ann Arbor, MI"", ""institution"": ""University of Michigan"", ""country"": ""USA""}, {""raw_affiliation_text"": ""Department of Computer Science, University of Illinois at Urbana-Champaign, IL"", ""institution"": ""University of Illinois at Urbana-Champaign"", ""country"": ""USA""}]"
2021.naacl-main.111,,,,2021.naacl-main.111,done,University of Michigan | IBM Research Europe | IBM Research,"# D2S: Document-to-Slide Generation Via Query-Based Text Summarization

Edward Sun*

University of Michigan

Michigan, USA

edwsun@umich.edu

Yufang Hou

IBM Research Europe

Dublin, Ireland

yhou@ie.ibm.com

Dakuo Wang

IBM Research

Cambridge, USA

dakuo.wang@ibm.com

Yunfeng Zhang

IBM Research

Yorktown, USA

zhangyun@us.ibm.com

Nancy X.R. Wang

IBM Research

Almaden, USA

nancywang1991@gmail.com",false,,,,"[{""raw_affiliation_text"": ""University of Michigan Michigan, USA"", ""institution"": ""University of Michigan"", ""country"": ""USA""}, {""raw_affiliation_text"": ""IBM Research Europe Dublin, Ireland"", ""institution"": ""IBM Research Europe"", ""country"": ""Ireland""}, {""raw_affiliation_text"": ""IBM Research Cambridge, USA"", ""institution"": ""IBM Research"", ""country"": ""USA""}]"
2021.naacl-main.114,,,,2021.naacl-main.114,done,The University of Texas at Austin,"# Annotating and Modeling Fine-grained Factuality in Summarization

Tanya Goyal and Greg Durrett

Department of Computer Science

The University of Texas at Austin

tanyagoyal@utexas.edu, gdurrett@cs.utexas.edu",false,,,,"[{""raw_affiliation_text"": ""Department of Computer Science, The University of Texas at Austin"", ""institution"": ""The University of Texas at Austin"", ""country"": ""null""}]"
2021.naacl-main.116,,,,2021.naacl-main.116,done,Tencent AI Lab | Ant Group,"# Neural Sequence Segmentation as Determining the Leftmost Segments

Yangming Li<sup>1</sup>, Lemao Liu<sup>1</sup>, Kaisheng Yao<sup>2</sup>

Tencent AI Lab

$^{2}$ Ant Group

{newmanli,redmondliu} $@$ tencent.com

kaisheng.yao@antgroup.com",false,,,,"[{""raw_affiliation_text"": ""Tencent AI Lab"", ""institution"": ""Tencent AI Lab"", ""country"": null}, {""raw_affiliation_text"": ""Ant Group"", ""institution"": ""Ant Group"", ""country"": null}]"
2021.naacl-main.119,,,,2021.naacl-main.119,done,University of Rochester | Tencent AI Lab,"# Video-aided Unsupervised Grammar Induction

Songyang Zhang $^{1*}$ , Linfeng Song $^{2}$ , Lifeng Jin $^{2}$ , Kun Xu $^{2}$ , Dong Yu $^{2}$ and Jiebo Luo $^{1}$

<sup>1</sup>University of Rochester, Rochester, NY, USA

szhang83@ur.ROCHESTER.edu, jluo@cs.rochester.edu

$^{2}$ Tencent AI Lab, Bellevue, WA, USA

{lfsong, lifengjin, kxxkunxu, dyu}@tencent.com",false,,,,"[{""raw_affiliation_text"": ""University of Rochester, Rochester, NY, USA"", ""institution"": ""University of Rochester"", ""country"": ""USA""}, {""raw_affiliation_text"": ""Tencent AI Lab, Bellevue, WA, USA"", ""institution"": ""Tencent AI Lab"", ""country"": ""USA""}]"
2021.naacl-main.115,,,,2021.naacl-main.115,done,Fudan University | Carnegie Mellon University,"# Larger-Context Tagging: When and Why Does It Work?

Jinlan Fu†, Liangjing Feng†, Qi Zhang†, Xuanjing Huang†, Pengfei Liu‡ * † School of Computer Science, Shanghai Key Laboratory of Intelligent Information Processing, Fudan University, ‡Carnegie Mellon University {fujl16, qz, xjhuang} @fudan.edu.cn, pliu3@cs.cmu.edu",false,,,,"[{""raw_affiliation_text"": ""School of Computer Science, Shanghai Key Laboratory of Intelligent Information Processing, Fudan University"", ""institution"": ""Fudan University"", ""country"": null}, {""raw_affiliation_text"": ""Carnegie Mellon University"", ""institution"": ""Carnegie Mellon University"", ""country"": null}]"
2021.naacl-main.12,,,,2021.naacl-main.12,done,University of Cambridge | University of Edinburgh | ETH Zürich,"# A Non-Linear Structural Probe

Jennifer C. White $^{\check{\mathcal{O}}}$ Tiago Pimentel $^{\check{\mathcal{O}}}$ Naomi Saphra $^{\check{\mathcal{O}}}$ Ryan Cotterell $^{\check{\mathcal{O}},\check{\mathcal{I}}}$ $^{\check{\mathcal{O}}}$ University of Cambridge, $^{\check{\mathcal{O}}}$ University of Edinburgh, ETH Zürich

jw2088@cam.ac.uk, tp472@cam.ac.uk  
n.saphra@ed.ac.uk, ryan.cotterell@inf.ethz.ch",false,,,,"[{""raw_affiliation_text"": ""University of Cambridge"", ""institution"": ""University of Cambridge"", ""country"": null}, {""raw_affiliation_text"": ""University of Edinburgh"", ""institution"": ""University of Edinburgh"", ""country"": null}, {""raw_affiliation_text"": ""ETH Zürich"", ""institution"": ""ETH Zürich"", ""country"": null}]"
2021.naacl-main.121,,,,2021.naacl-main.121,done,Seoul National University,"# How Robust are Fact Checking Systems on Colloquial Claims?

Byeongchang Kim* Hyunwoo Kim* Seokhee Hong Gunhee Kim Seoul National University, Seoul, Korea

{byeongchang.kim,hyunw.kim,seokhee.hong}@vl.snu.ac.kr,gunhee@snu.ac.kr https://vl.snu.ac.kr/projects/colloquial-claims",false,,,,"[{""raw_affiliation_text"": ""Seoul National University, Seoul, Korea"", ""institution"": ""Seoul National University"", ""country"": ""Korea""}]"
2021.naacl-main.118,,,,2021.naacl-main.118,done,"UCLA | Amazon.com, Inc.","# GEMNET: Effective Gated Gazetteer Representations for Recognizing Complex Entities in Low-context Input

Tao Meng* UCLA Los Angeles, USA

Anjie Fang  
Amazon.com, Inc.  
Seattle, WA, USA

Oleg Rokhlenko  
Amazon.com, Inc.  
Seattle, WA, USA

Shervin Malmasi  
Amazon.com, Inc.  
Seattle, WA, USA

tmeng@cs.ucla.edu {njfn,olegro,malmasi} $@$ amazon.com",false,,,,"[{""raw_affiliation_text"": ""UCLA Los Angeles, USA"", ""institution"": ""UCLA"", ""country"": ""USA""}, {""raw_affiliation_text"": ""Amazon.com, Inc. Seattle, WA, USA"", ""institution"": ""Amazon.com, Inc."", ""country"": ""USA""}]"
2021.naacl-main.120,,,,2021.naacl-main.120,done,Korea Advanced Institute of Science and Technology,"# Generating Negative Samples by Manipulating Golden Responses for Unsupervised Learning of a Response Evaluation Model

ChaeHun Park

Eugene Jang

Wonsuk Yang

Jong C. Park*

School of Computing

Korea Advanced Institute of Science and Technology

{ddehun,eugenej,derrick0511,park}@nlp.kaist.ac.kr",false,,,,"[{""raw_affiliation_text"": ""School of Computing, Korea Advanced Institute of Science and Technology"", ""institution"": ""Korea Advanced Institute of Science and Technology"", ""country"": null}]"
2021.naacl-main.117,,,,2021.naacl-main.117,done,Shanghai Tech University | Shanghai Engineering Research Center of Intelligent Vision and Imaging | Chinese Academy of Sciences | University of Chinese Academy of Sciences | University of Edinburgh,"# PCFGs Can Do Better: Inducing Probabilistic Context-Free Grammars with Many Symbols

Songlin Yang\*, Yanpeng Zhao\*, Kewei Tu\*

$\clubsuit$ School of Information Science and Technology, ShanghaiTech University

Shanghai Engineering Research Center of Intelligent Vision and Imaging

Shanghai Institute of Microsystem and Information Technology, Chinese Academy of Sciences

University of Chinese Academy of Sciences

$\diamond$ ILCC, University of Edinburgh

{yangsl,tukw}@shanghaiitech.edu.cn

yannzhao.ed@gmail.com",false,,,,"[{""raw_affiliation_text"": ""School of Information Science and Technology, ShanghaiTech University"", ""institution"": ""Shanghai Tech University"", ""country"": null}, {""raw_affiliation_text"": ""Shanghai Engineering Research Center of Intelligent Vision and Imaging"", ""institution"": ""Shanghai Engineering Research Center of Intelligent Vision and Imaging"", ""country"": null}, {""raw_affiliation_text"": ""Shanghai Institute of Microsystem and Information Technology, Chinese Academy of Sciences"", ""institution"": ""Chinese Academy of Sciences"", ""country"": null}, {""raw_affiliation_text"": ""University of Chinese Academy of Sciences"", ""institution"": ""University of Chinese Academy of Sciences"", ""country"": null}, {""raw_affiliation_text"": ""ILCC, University of Edinburgh"", ""institution"": ""University of Edinburgh"", ""country"": null}]"
2021.naacl-main.122,,,,2021.naacl-main.122,done,Sogang University | Sungkyunkwan University | LG AI Research,"# Fine-grained Post-training for Improving Retrieval-based Dialogue Systems

Janghoon Han $^{1,3}$ , Taesuk Hong $^{1}$ , Byoungjae Kim $^{1}$ , Youngjoong Ko $^{2}$ , Jungyun Seo $^{1}$

$^{1}$ Department of Computer Science and Engineering, Sogang University partment of Computer Science and Engineering, Sungkyunkwan University

$^{3}$ LG AI Research

janghoon.han@lgresearch.ai

{hongtaesuk, wiz3021, seojy}@sogang.ac.kr

yjko@skku.edu",false,,,,"[{""raw_affiliation_text"": ""Department of Computer Science and Engineering, Sogang University"", ""institution"": ""Sogang University"", ""country"": null}, {""raw_affiliation_text"": ""Department of Computer Science and Engineering, Sungkyunkwan University"", ""institution"": ""Sungkyunkwan University"", ""country"": null}, {""raw_affiliation_text"": ""LG AI Research"", ""institution"": ""LG AI Research"", ""country"": null}]"
2021.naacl-main.125,,,,2021.naacl-main.125,done,The University of Melbourne,"# Incorporating Syntax and Semantics in Coreference Resolution with Heterogeneous Graph Attention Network

Fan Jiang and Trevor Cohn

School of Computing and Information Systems

The University of Melbourne, Victoria, Austr.

fan.jiang1@student.unimelb.edu.au

t.cohn@unimelb.edu.au",false,,,,"[{""raw_affiliation_text"": ""School of Computing and Information Systems The University of Melbourne, Victoria, Austr."", ""institution"": ""The University of Melbourne"", ""country"": ""Austr.""}]"
2021.naacl-main.126,,,,2021.naacl-main.126,done,Tencent Inc | Beijing Institute of Technology,"# Context Tracking Network: Graph-based Context Modeling for Implicit Discourse Relation Recognition

Yingxue Zhang $^{1}$ , Fandong Meng $^{1}$ , Peng Li $^{1}$ , Ping Jian $^{2}$ , Jie Zhou $^{1}$

$^{1}$ Pattern Recognition Center, WeChat AI, Tencent Inc, China

$^{2}$ Beijing Institute of Technology, China

{yxuezhang, fandongmeng, patrickpli, withtomzhou} @tencent.com

pjian@bit.edu.cn",false,,,,"[{""raw_affiliation_text"": ""Pattern Recognition Center, WeChat AI, Tencent Inc, China"", ""institution"": ""Tencent Inc"", ""country"": ""China""}, {""raw_affiliation_text"": ""Beijing Institute of Technology, China"", ""institution"": ""Beijing Institute of Technology"", ""country"": ""China""}]"
2021.naacl-main.124,,,,2021.naacl-main.124,done,Cornell University | Facebook | Facebook AI Research,"# Adding Chit-Chat to Enhance Task-Oriented Dialogues

Kai Sun $^{1}$ , Seungwhan Moon $^{2}$ , Paul Crook $^{2}$ , Stephen Roller $^{3}$ , Becka Silvert $^{2}$ , Bing Liu $^{2}$ , Zhiguang Wang $^{2}$ , Honglei Liu $^{2}$ , Eunjoon Cho $^{2}$ , and Claire Cardie $^{1}$

$^{1}$ Cornell University $^{2}$ Facebook, $^{3}$ Facebook AI Research

ks985@cornell.edu, shanemoon@fb.com",false,,,,"[{""raw_affiliation_text"": ""Cornell University"", ""institution"": ""Cornell University"", ""country"": null}, {""raw_affiliation_text"": ""Facebook"", ""institution"": ""Facebook"", ""country"": null}, {""raw_affiliation_text"": ""Facebook AI Research"", ""institution"": ""Facebook AI Research"", ""country"": null}]"
2021.naacl-main.123,,,,2021.naacl-main.123,done,National Taiwan University | Stanford University | Intel Labs,"# Put Chatbot into Its Interlocutor's Shoes: New Framework to Learn Chatbot Responding with Intention

Hsuan Su $^{1*}$ , Jiun-Hao Jhan $^{2*}$ , Fan-yun Sun $^{2\dagger}$ , Saurav Sahay $^{2\diamond}$ and Hung-yi Lee $^{1*}$

\*National Taiwan University, Taipei, Taiwan

†Stanford University, Stanford, CA, USA

Intel Labs, Santa Clara, CA, USA

{b04203058, r06942141, hungyilee}@ntu.edu.tw

fanyun@stanford.edu

saurav.sahay@intel.com",false,,,,"[{""raw_affiliation_text"": ""National Taiwan University, Taipei, Taiwan"", ""institution"": ""National Taiwan University"", ""country"": ""Taiwan""}, {""raw_affiliation_text"": ""Stanford University, Stanford, CA, USA"", ""institution"": ""Stanford University"", ""country"": ""USA""}, {""raw_affiliation_text"": ""Intel Labs, Santa Clara, CA, USA"", ""institution"": ""Intel Labs"", ""country"": ""USA""}]"
2021.naacl-main.128,,,,2021.naacl-main.128,done,Nanyang Technological University | Salesforce Research Asia | A-STAR,"# RST Parsing from Scratch

Thanh-Tung Nguyen†, Xuan-Phi Nguyen†, Shafiq Joty§, Xiaoli Li†

Nanyang Technological University

Salesforce Research Asia

†Institute for Infocomm Research, A-STAR

Singapore

{ng0155ng@e.;nguyenxu002@e.;srjoty@}ntu.edu.sg

x11i@i2r.a-star.edu.sg",false,,,,"[{""raw_affiliation_text"": ""Nanyang Technological University"", ""institution"": ""Nanyang Technological University"", ""country"": ""Singapore""}, {""raw_affiliation_text"": ""Salesforce Research Asia"", ""institution"": ""Salesforce Research Asia"", ""country"": null}, {""raw_affiliation_text"": ""Institute for Infocomm Research, A-STAR"", ""institution"": ""A-STAR"", ""country"": ""Singapore""}]"
2021.naacl-main.130,,,,2021.naacl-main.130,done,Carnegie Mellon University,"# Evaluating the Impact of a Hierarchical Discourse Representation on Entity Coreference Resolution Performance

Sopan Khosla James Fiacco Carolyn Rosé

Language Technologies Institute

Carnegie Mellon University, USA

{sopank,jfiacco,cprose}@cs.cmu.edu",false,,,,"[{""raw_affiliation_text"": ""Language Technologies Institute Carnegie Mellon University, USA"", ""institution"": ""Carnegie Mellon University"", ""country"": ""USA""}]"
2021.naacl-main.127,,,,2021.naacl-main.127,done,Tokyo Institute of Technology | NTT Corporation,"# Improving Neural RST Parsing Model with Silver Agreement Subtrees

Naoki Kobayashi<sup>1</sup>, Tsutomu Hirao<sup>2</sup>, Hidetaka Kamigaito<sup>1</sup>, Manabu Okumura<sup>1</sup>, Masaaki Nagata<sup>2</sup>

$^{1}$ Institute of Innovative Research, Tokyo Institute of Technology,

$^{2}$ NTT Communication Science Laboratories, NTT Corporation

{kobayasi@lr., kamigaito@lr., oku@}pi.titech.ac.jp

{tsutomu.hirao.kp, masaaki.nagata.et}@hco.ntt.co.jp",false,,,,"[{""raw_affiliation_text"": ""Institute of Innovative Research, Tokyo Institute of Technology,"", ""institution"": ""Tokyo Institute of Technology"", ""country"": null}, {""raw_affiliation_text"": ""NTT Communication Science Laboratories, NTT Corporation"", ""institution"": ""NTT Corporation"", ""country"": null}]"
2021.naacl-main.131,,,,2021.naacl-main.131,done,University of Texas at Dallas,"# Bridging Resolution: Making Sense of the State of the Art

Hideo Kobayashi and Vincent Ng

Human Language Technology Research Institute

University of Texas at Dallas

Richardson, TX 75083-0688

{video,vince}@hlt.utdallas.edu",false,,,,"[{""raw_affiliation_text"": ""Human Language Technology Research Institute, University of Texas at Dallas"", ""institution"": ""University of Texas at Dallas"", ""country"": null}]"
2021.naacl-main.133,,,,2021.naacl-main.133,done,Heidelberg University | Google Research,"# Revisiting the Weaknesses of Reinforcement Learning for Neural Machine Translation

Samuel Kiegeland

Heidelberg University

kiegeland@cl.uni-heidelberg.de

Julia Kreutzer

Google Research

jkreutzer@google.com",false,,,,"[{""raw_affiliation_text"": ""Heidelberg University"", ""institution"": ""Heidelberg University"", ""country"": null}, {""raw_affiliation_text"": ""Google Research"", ""institution"": ""Google Research"", ""country"": null}]"
2021.naacl-main.129,,,,2021.naacl-main.129,done,The University of Texas at Austin,"# Did they answer? Subjective acts and intents in conversational discourse

Elisa Ferracane<sup>1</sup>, Greg Durrett<sup>2</sup>, Junyi Jessy Li<sup>1</sup>, and Katrin Erk<sup>1</sup>

$^{1}$ Department of Linguistics

$^{2}$ Department of Computer Science

The University of Texas at Austin

elisa@ferracane.com, gdurrett@cs.utexas.edu

jessy@austin.utexas.edu, katrin.erk@mail.utexas.edu",false,,,,"[{""raw_affiliation_text"": ""Department of Linguistics, The University of Texas at Austin"", ""institution"": ""The University of Texas at Austin"", ""country"": null}]"
2021.naacl-main.13,,,,2021.naacl-main.13,done,UC Berkeley | University of Maryland | UC Irvine,"# Concealed Data Poisoning Attacks on NLP Models

Eric Wallace\*

UC Berkeley

Tony Z. Zhao*

UC Berkeley

{ericwallace,tonyzhao0824}@berkeley.edu

Shi Feng

University of Maryland

shifeng@cs.umd.edu

Sameer Singh

UC Irvine

sameer@uci.edu",false,,,,"[{""raw_affiliation_text"": ""UC Berkeley"", ""institution"": ""UC Berkeley"", ""country"": null}, {""raw_affiliation_text"": ""University of Maryland"", ""institution"": ""University of Maryland"", ""country"": null}, {""raw_affiliation_text"": ""UC Irvine"", ""institution"": ""UC Irvine"", ""country"": null}]"
2021.naacl-main.134,,,,2021.naacl-main.134,done,Peking University | Renmin University of China | Beijing Academy of Artificial Intelligence,"# Learning to Organize a Bag of Words into Sentences with Neural Networks: An Empirical Study

Chongyang Tao $^{1}$ , Shen Gao $^{1}$ , Juntao Li $^{1}$ , Yansong Feng $^{1}$ , Dongyan Zhao $^{1*}$ , Rui Yan $^{1,2,3*}$

$^{1}$ Wangxuan Institute of Computer Technology, Peking University

$^{2}$ Gaoling School of Artificial Intelligence, Renmin University of China

$^{3}$ Beijing Academy of Artificial Intelligence

1{chongyangtao,shengao,lijuntao,fengyansong,zhaody}@pku.edu.cn

2{ruiyan}@ruc.edu.cn",false,,,,"[{""raw_affiliation_text"": ""Wangxuan Institute of Computer Technology, Peking University"", ""institution"": ""Peking University"", ""country"": null}, {""raw_affiliation_text"": ""Gaoling School of Artificial Intelligence, Renmin University of China"", ""institution"": ""Renmin University of China"", ""country"": null}, {""raw_affiliation_text"": ""Beijing Academy of Artificial Intelligence"", ""institution"": ""Beijing Academy of Artificial Intelligence"", ""country"": null}]"
2021.naacl-main.132,,,,2021.naacl-main.132,done,Université de Montréal | Microsoft Research | Mc Gill University,"# Explicitly Modeling Syntax in Language Models with Incremental Parsing and a Dynamic Oracle

Yikang Shen

Mila/Université de Montréal

yi-kang.shen@umontreal.ca

Shawn Tan

Mila/Université de Montréal

tanjings@mila.quebec

Alessandro Sordoni

Microsoft Research Montréal

Siva Reddy

Mila/McGill University

Aaron Courville

Mila/Université de Montréal",false,,,,"[{""raw_affiliation_text"": ""Mila/Université de Montréal"", ""institution"": ""Université de Montréal"", ""country"": null}, {""raw_affiliation_text"": ""Microsoft Research Montréal"", ""institution"": ""Microsoft Research"", ""country"": null}, {""raw_affiliation_text"": ""Mila/McGill University"", ""institution"": ""Mc Gill University"", ""country"": null}]"
2021.naacl-main.139,,,,2021.naacl-main.139,done,University of Waterloo,"# UmlsBERT: Clinical Domain Knowledge Augmentation of Contextual Embeddings Using the Unified Medical Language System Metathesaurus

George Michalopoulos, Yuanxin Wang, Hussam Kaka, Helen Chen, Alexander Wong

University of Waterloo,

Waterloo, Canada

{gmichalo, yuanxin.wang, hussam.kaka, helen.chen, alexander.wong} @uwaterloo.ca",false,,,,"[{""raw_affiliation_text"": ""University of Waterloo, Waterloo, Canada"", ""institution"": ""University of Waterloo"", ""country"": ""Canada""}]"
2021.naacl-main.137,,,,2021.naacl-main.137,done,Peking University | Alibaba Group,"# Lattice-BERT: Leveraging Multi-Granularity Representations in Chinese Pre-trained Language Models

Yuxuan Lai $^{1,2,*}$ , Yijia Liu $^{3}$ , Yansong Feng $^{1,2,\dagger}$ , Songfang Huang $^{3}$ and Dongyan Zhao $^{1,2}$

$^{1}$ Wangxuan Institute of Computer Technology, Peking University, China $^{2}$ The MOE Key Laboratory of Computational Linguistics, Peking University, China

3Alibaba Group

{erutan, fengyansong, zhaody}@pku.edu.cn

{yanshan.lyj, songfang.hsf}@alibaba-inc.com",false,,,,"[{""raw_affiliation_text"": ""Wangxuan Institute of Computer Technology, Peking University, China"", ""institution"": ""Peking University"", ""country"": ""China""}, {""raw_affiliation_text"": ""Alibaba Group"", ""institution"": ""Alibaba Group"", ""country"": null}]"
2021.naacl-main.138,,,,2021.naacl-main.138,done,Mc Gill University | Microsoft Research,"# Modeling Event Plausibility with Consistent Conceptual Abstraction

Ian Porada<sup>1</sup>, Kaheer Suleman<sup>2</sup>, Adam Trischler<sup>2</sup>, and Jackie Chi Kit Cheung<sup>1</sup>

$^{1}$ Mila, McGill University

{ian.porada@mail, jcheung@cs}.mcgill.ca

2Microsoft Research Montréal

{kasulema, adam.trischler}@microsoft.com",false,,,,"[{""raw_affiliation_text"": ""Mila, McGill University"", ""institution"": ""Mc Gill University"", ""country"": null}, {""raw_affiliation_text"": ""Microsoft Research Montréal"", ""institution"": ""Microsoft Research"", ""country"": null}]"
2021.naacl-main.142,,,,2021.naacl-main.142,done,Princeton University,"# Non-Parametric Few-Shot Learning for Word Sense Disambiguation

Howard Chen, Mengzhou Xia, Danqi Chen

Princeton University

{howardchen, mengzhou, danqic}@cs.princeton.edu",false,,,,"[{""raw_affiliation_text"": ""Princeton University"", ""institution"": ""Princeton University"", ""country"": null}]"
2021.naacl-main.136,,,,2021.naacl-main.136,done,Baidu Inc.,"# ERNIE-Gram: Pre-Training with Explicitly N-Gram Masked Language Modeling for Natural Language Understanding

Dongling Xiao, Yu-Kun Li, Han Zhang, Yu Sun, Hao Tian, Hua Wu and Haifeng Wang

Baidu Inc., China

{xiaodongling,liyukun01,zhanghan17,sunyu02,

tianhao,wu_hua, wanghaifeng}@baidu.com",false,,,,"[{""raw_affiliation_text"": ""Baidu Inc., China"", ""institution"": ""Baidu Inc."", ""country"": ""China""}]"
2021.naacl-main.140,,,,2021.naacl-main.140,done,Tencent Jarvis Lab | University of Maryland | Zhejiang University | Shenzhen Research Institute of Big Data,"# Field Embedding: A Unified Grain-Based Framework for Word Representation

Junjie Luo $^{1,2*}$ , Xi Chen $^{1*}$ , Jichao Sun $^{1*}$ , Yuejia Xiang $^{1}$ , Ningyu Zhang $^{3}$ , Xiang Wan $^{4}$

$^{1}$ Tencent Jarvis Lab $^{2}$ University of Maryland

$^{3}$ Zhejiang University $^{4}$ Shenzhen Research Institute of Big Data

jjluo@umd.edu zhangningyu@zju.edu.cn wanxiang@sribd.cn

{jasonxchen, jichaosun, yuejiaxiang}@tencent.com",false,,,,"[{""raw_affiliation_text"": ""Tencent Jarvis Lab"", ""institution"": ""Tencent Jarvis Lab"", ""country"": null}, {""raw_affiliation_text"": ""University of Maryland"", ""institution"": ""University of Maryland"", ""country"": null}, {""raw_affiliation_text"": ""Zhejiang University"", ""institution"": ""Zhejiang University"", ""country"": null}, {""raw_affiliation_text"": ""Shenzhen Research Institute of Big Data"", ""institution"": ""Shenzhen Research Institute of Big Data"", ""country"": null}]"
2021.naacl-main.141,,,,2021.naacl-main.141,done,Sungkyunkwan University | Bering Lab | The Pennsylvania State University,"# MelBERT: Metaphor Detection via Contextualized Late Interaction using Metaphorical Identification Theories

Minjin Choi $^{1}$ , Sunkyung Lee $^{1}$ , Eunseong Choi $^{1}$ , Heesoo Park $^{2}$ , Junhyuk Lee $^{1}$ , Dongwon Lee $^{3}$ and Jongwuk Lee $^{1}$

$^{1}$ Sungkyunkwan University, Republic of Korea, $^{2}$ Bering Lab, Republic of Korea,

<sup>3</sup>The Pennsylvania State University, United States

1{zxcvxd,skl027,eunseong,ljhjoon00,jongwuklee}@skku.edu

$^{2}$ heesoo.park@beringlab.com $^{3}$ dongwon@psu.edu",false,,,,"[{""raw_affiliation_text"": ""Sungkyunkwan University, Republic of Korea"", ""institution"": ""Sungkyunkwan University"", ""country"": ""Republic of Korea""}, {""raw_affiliation_text"": ""Bering Lab, Republic of Korea"", ""institution"": ""Bering Lab"", ""country"": ""Republic of Korea""}, {""raw_affiliation_text"": ""The Pennsylvania State University, United States"", ""institution"": ""The Pennsylvania State University"", ""country"": ""United States""}]"
2021.naacl-main.14,,,,2021.naacl-main.14,done,Charles University | University of Edinburgh | University of Sheffield | University of Wolverhampton | University of Tartu,"# Backtranslation Feedback Improves User Confidence in MT, Not Quality

Vilém Zouhar<sup>1</sup>, Michal Novák<sup>1</sup>, Matús Žilinec<sup>1</sup>, Ondřej Bojar<sup>1</sup>, Mateo Obregón<sup>2</sup>, Robin L. Hill<sup>2</sup>, Frédéric Blain<sup>3,4</sup>, Marina Fomicheva<sup>3</sup>, Lucia Specia<sup>3</sup>, Lisa Yankovskaya<sup>5</sup>

<sup>1</sup>Charles University, Czech Republic, <sup>2</sup>University of Edinburgh, <sup>3</sup>University of Sheffield, <sup>4</sup>University of Wolverhampton, United Kingdom, <sup>5</sup>University of Tartu, Estonia

{zouhar,mnovak,zilinec,bojar}@ufal.cuni.cz {mateo.obregon,r.l.hill}@ed.ac.uk f.blain@wlv.ac.uk {m.fomicheva,l.specia}@sheffield.ac.uk lisa.yankovskaya@ut.ee",false,,,,"[{""raw_affiliation_text"": ""Charles University, Czech Republic"", ""institution"": ""Charles University"", ""country"": ""Czech Republic""}, {""raw_affiliation_text"": ""University of Edinburgh"", ""institution"": ""University of Edinburgh"", ""country"": null}, {""raw_affiliation_text"": ""University of Sheffield"", ""institution"": ""University of Sheffield"", ""country"": null}, {""raw_affiliation_text"": ""University of Wolverhampton, United Kingdom"", ""institution"": ""University of Wolverhampton"", ""country"": ""United Kingdom""}, {""raw_affiliation_text"": ""University of Tartu, Estonia"", ""institution"": ""University of Tartu"", ""country"": ""Estonia""}]"
2021.naacl-main.143,,,,2021.naacl-main.143,done,UFMG,"# Why Do Document-Level Polarity Classifiers Fail?

Karen S. Martins

CS Department UFMG

Belo Horizonte, MG, Brazil

karensm@dcc.ufg.m.br

Pedro O.S. Vaz-de-Melo

CS Department

UFMG

Belo Horizonte, MG, Brazil

olmo@dcc.ufmg.br

Rodrygo L. T. Santos

CS Department

UFMG

Belo Horizonte, MG, Brazil

rodrygo@dcc.ufgm.br",false,,,,"[{""raw_affiliation_text"": ""CS Department UFMG Belo Horizonte, MG, Brazil"", ""institution"": ""UFMG"", ""country"": ""Brazil""}]"
2021.naacl-main.135,,,,2021.naacl-main.135,done,Fudan University | Microsoft Research Asia | DAMO Academy | Microsoft,"# Mask Attention Networks: Rethinking and Strengthen Transformer

Zhihao Fan $^{1*}$ , Yeyun Gong $^{2}$ , Dayiheng Liu $^{3}$ , Zhongyu Wei $^{1,6\dagger}$ , Siyuan Wang $^{1}$ , Jian Jiao $^{4}$ , Nan Duan $^{2}$ , Ruofei Zhang $^{4}$ , Xuanjing Huang $^{5}$

$^{1}$ School of Data Science, Fudan University, China

$^{2}$ Microsoft Research Asia, $^{3}$ DAMO Academy, $^{4}$ Microsoft

$^{5}$ School of Computer Science, Fudan University, China

$^{6}$ Research Institute of Intelligent and Complex Systems, Fudan University, China {fanzh18,zywei,wangsy18,xjhuang} @fudan.edu.cn, liudayiheng. ldyh@alibaba-inc.com {yegong,Jian.Jiao,nanduan,bzhang} @microsoft.com",false,,,,"[{""raw_affiliation_text"": ""School of Data Science, Fudan University, China"", ""institution"": ""Fudan University"", ""country"": ""China""}, {""raw_affiliation_text"": ""Microsoft Research Asia"", ""institution"": ""Microsoft Research Asia"", ""country"": null}, {""raw_affiliation_text"": ""DAMO Academy"", ""institution"": ""DAMO Academy"", ""country"": null}, {""raw_affiliation_text"": ""Microsoft"", ""institution"": ""Microsoft"", ""country"": null}]"
2021.naacl-main.148,,,,2021.naacl-main.148,done,University of Illinois at Chicago,"# Target-Aware Data Augmentation for Stance Detection

Yingjie Li

University of Illinois at Chicago

yli300@uic.edu

Cornelia Caragea

University of Illinois at Chicago

cornelia@uic.edu",false,,,,"[{""raw_affiliation_text"": ""University of Illinois at Chicago"", ""institution"": ""University of Illinois at Chicago"", ""country"": null}]"
2021.naacl-main.146,,,,2021.naacl-main.146,done,Fudan University | Carnegie Mellon University,"# Does syntax matter? A strong baseline for Aspect-based Sentiment Analysis with RoBERTa

Junqi Dai $^{1,\ast}$ , Hang Yan $^{1,\ast}$ , Tianxiang Sun $^{1}$ , Pengfei Liu $^{2}$ , Xipeng Qiu $^{1,\dagger}$ $^{1}$ Shanghai Key Laboratory of Intelligent Information Processing, Fudan University $^{1}$ School of Computer Science, Fudan University $^{2}$ Carnegie Mellon University  
{jqdai19, hyan19, txsun19, xpqiu} @fudan.edu.cn  
pliu3@cs.cmu.edu",false,,,,"[{""raw_affiliation_text"": ""Shanghai Key Laboratory of Intelligent Information Processing, Fudan University"", ""institution"": ""Fudan University"", ""country"": null}, {""raw_affiliation_text"": ""Carnegie Mellon University"", ""institution"": ""Carnegie Mellon University"", ""country"": null}]"
2021.naacl-main.147,,,,2021.naacl-main.147,done,National University of Singapore,"# Domain Divergences: A Survey and Empirical Analysis

Abhinav Ramesh Kashyap†, Devamanyu Hazarika†, Min-Yen Kan†, Roger Zimmermann†

†National University of Singapore, Singapore

{abhinav, hazarika, kanmy, rogerz}@comp.nus.edu.sg",false,,,,"[{""raw_affiliation_text"": ""National University of Singapore, Singapore"", ""institution"": ""National University of Singapore"", ""country"": ""Singapore""}]"
2021.naacl-main.145,,,,2021.naacl-main.145,done,Sun Yat-sen University | Tencent Inc,"# Target-specified Sequence Labeling with Multi-head Self-attention for Target-oriented Opinion Words Extraction

Yuhao Feng $^{1}$ , Yanghui Rao $^{1,*}$ , Yuyao Tang $^{2}$ , Ninghua Wang $^{2}$ , He Liu $^{2}$

$^{1}$ School of Computer Science and Engineering, Sun Yat-sen University, Guangzhou, China $^{2}$ Tencent Inc, Shenzhen, China

fengyh3@mail2.sysu.edu.cn; raoyangh@mail.sysu.edu.cn {youngtang,ninghuawang,heziliu}@tencent.com",false,,,,"[{""raw_affiliation_text"": ""School of Computer Science and Engineering, Sun Yat-sen University, Guangzhou, China"", ""institution"": ""Sun Yat-sen University"", ""country"": ""China""}, {""raw_affiliation_text"": ""Tencent Inc, Shenzhen, China"", ""institution"": ""Tencent Inc"", ""country"": ""China""}]"
2021.naacl-main.144,,,,2021.naacl-main.144,done,"Soochow University | Alibaba Group | Vipshop (China) Co., Ltd.","# A Unified Span-Based Approach for Opinion Mining with Syntactic Constituents

Qingrong Xia $^{1}$ , Bo Zhang $^{2}$ , Rui Wang $^{3*}$ , Zhenghua Li $^{1}$ , Yue Zhang $^{2}$ , Fei Huang $^{2}$ , Luo Si $^{2}$ , Min Zhang $^{1}$

$^{1}$ Institute of Artificial Intelligence, School of Computer Science and Technology, Soochow University, China

2Alibaba Group 3Vipshop (China) Co., Ltd.

<sup>1</sup>kirosummer.nlp@gmail.com, {zhli13,minzhang}@suda.edu.cn

$^{2}\{klayzhang.zb, shiyu.zy, f.huang, luo.si\} @alibaba-inc.com$ $^3\mathrm{mars198356@ hotmail.com}$",false,,,,"[{""raw_affiliation_text"": ""Institute of Artificial Intelligence, School of Computer Science and Technology, Soochow University, China"", ""institution"": ""Soochow University"", ""country"": ""China""}, {""raw_affiliation_text"": ""Alibaba Group"", ""institution"": ""Alibaba Group"", ""country"": null}, {""raw_affiliation_text"": ""Vipshop (China) Co., Ltd."", ""institution"": ""Vipshop (China) Co., Ltd."", ""country"": null}]"
2021.naacl-main.15,,,,2021.naacl-main.15,done,RWTH Aachen University,"# Data Filtering using Cross-Linguual Word Embeddings

Christian Herold Jan Rosendahl Joris Vanvinckenroye Hermann Ney

Human Language Technology and Pattern Recognition Group

Computer Science Department

RWTH Aachen University

D-52056 Aachen, Germany

{surname}@i6.informatik.rwth-aachen.de",false,,,,"[{""raw_affiliation_text"": ""Human Language Technology and Pattern Recognition Group, Computer Science Department, RWTH Aachen University, D-52056 Aachen, Germany"", ""institution"": ""RWTH Aachen University"", ""country"": ""Germany""}]"
2021.naacl-main.150,,,,2021.naacl-main.150,done,Kyoto University | Johns Hopkins University,"# Source and Target Bidirectional Knowledge Distillation for End-to-end Speech Translation

Hirofumi Inaguma\* Tatsuya Kawahara\* Shinji Watanabe\*

$\spadesuit$ Kyoto University, Japan $\spadesuit$ Johns Hopkins University, USA

inaguma@sap.ist.i.kyoto-u.ac.jp",false,,,,"[{""raw_affiliation_text"": ""Kyoto University, Japan"", ""institution"": ""Kyoto University"", ""country"": ""Japan""}, {""raw_affiliation_text"": ""Johns Hopkins University, USA"", ""institution"": ""Johns Hopkins University"", ""country"": ""USA""}]"
2021.naacl-main.151,,,,2021.naacl-main.151,done,Carnegie Mellon University,"# Searchable Hidden Intermediates for End-to-End Models of Decomposable Sequence Tasks

Siddharth Dalmia Brian Yan Vikas Raunak Florian Metze Shinji Watanabe

Language Technologies Institute, Carnegie Mellon University, USA

{sdalmia,byan}@cs.cmu.edu",false,,,,"[{""raw_affiliation_text"": ""Language Technologies Institute, Carnegie Mellon University, USA"", ""institution"": ""Carnegie Mellon University"", ""country"": ""USA""}]"
2021.naacl-main.149,,,,2021.naacl-main.149,done,Yahoo Japan Corporation | Jhons Hopkins University,"# End-to-end ASR to jointly predict transcriptions and linguistic annotations

Motoi Omachi and Yuya Fujita

Yahoo Japan Corporation

Shinji Watanabe and Matthew Wiesner

Center for Language and Speech Processing

Jhons Hopkins University",false,,,,"[{""raw_affiliation_text"": ""Yahoo Japan Corporation"", ""institution"": ""Yahoo Japan Corporation"", ""country"": null}, {""raw_affiliation_text"": ""Center for Language and Speech Processing, Jhons Hopkins University"", ""institution"": ""Jhons Hopkins University"", ""country"": null}]"
2021.naacl-main.154,,,,2021.naacl-main.154,done,Stanford University | Amazon AWS AI,"# Align-Refine: Non-Autoregressive Speech Recognition via Iterative Realignment

Ethan A. Chi

Stanford University\* ethanchi@cs.stanford.edu

Julian Salazar

Amazon AWS AI

julsal@amazon.com

Katrin Kirchhoff

Amazon AWS AI

katrinki@amazon.com",false,,,,"[{""raw_affiliation_text"": ""Stanford University"", ""institution"": ""Stanford University"", ""country"": null}, {""raw_affiliation_text"": ""Amazon AWS AI"", ""institution"": ""Amazon AWS AI"", ""country"": null}]"
2021.naacl-main.153,,,,2021.naacl-main.153,done,University of Illinois | KAIST,"# Worldly Wise (WoW) - Cross-Lingual Knowledge Fusion for Fact-based Visual Spoken-Question Answering

Kiran Ramnath<sup>1</sup>, Leda Sari<sup>1</sup>, Mark Hasegawa-Johnson<sup>1</sup>, and Chang Yoo<sup>2</sup>

<sup>1</sup>University of Illinois, Urbana-Champaign

$^{2}$ KAIST

$^{1}\{$ kiranr2, lsari2, jhasegaw\} @illinois.edu

2{cd_yoo}@kaist.ac.kr",false,,,,"[{""raw_affiliation_text"": ""University of Illinois, Urbana-Champaign"", ""institution"": ""University of Illinois"", ""country"": ""null""}, {""raw_affiliation_text"": ""KAIST"", ""institution"": ""KAIST"", ""country"": ""null""}]"
2021.naacl-main.152,,,,2021.naacl-main.152,done,MIT Computer Science and Artificial Intelligence Laboratory | Microsoft Cognitive Services Group,"# SPLAT: Speech-Language Joint Pre-Training for Spoken Language Understanding

Yu-An Chung $^{1*}$ , Chenguang Zhu $^{2*}$ , Michael Zeng $^{2}$

<sup>1</sup>MIT Computer Science and Artificial Intelligence Laboratory

2Microsoft Cognitive Services Group

andyuyuan@mit.edu,{chezhu,nzeng}@microsoft.com",false,,,,"[{""raw_affiliation_text"": ""MIT Computer Science and Artificial Intelligence Laboratory"", ""institution"": ""MIT Computer Science and Artificial Intelligence Laboratory"", ""country"": null}, {""raw_affiliation_text"": ""Microsoft Cognitive Services Group"", ""institution"": ""Microsoft Cognitive Services Group"", ""country"": null}]"
2021.naacl-main.157,,,,2021.naacl-main.157,done,Shanghai Jiao Tong University | University of Southern California | Georgia Institute of Technology,"# Personalized Response Generation via Generative Split Memory Network

Yuwei Wu\*, Xuezhe Ma\*, Diyi Yang

\* Shanghai Jiao Tong University, will 8821@sjtu.edu.cn

$\spadesuit$ University of Southern California, xuezhema@usc.edu

$\diamond$ Georgia Institute of Technology, dyang888@gatech.edu",false,,,,"[{""raw_affiliation_text"": ""Shanghai Jiao Tong University"", ""institution"": ""Shanghai Jiao Tong University"", ""country"": null}, {""raw_affiliation_text"": ""University of Southern California"", ""institution"": ""University of Southern California"", ""country"": null}, {""raw_affiliation_text"": ""Georgia Institute of Technology"", ""institution"": ""Georgia Institute of Technology"", ""country"": null}]"
2021.naacl-main.159,,,,2021.naacl-main.159,done,Indian Institute of Science,"# Active $^2$ Learning: Actively reducing redundancies in Active Learning methods for Sequence Tagging and Machine Translation

Rishi Hazra, Parag Dutta, Shubham Gupta, Mohammed Abdul Qaathir, Ambedkar Dukkipati

{rishihazra, parag Dutta, shubhamg,

mohammedq, ambedkar}@iisc.ac.in

Indian Institute of Science, Bangalore",false,,,,"[{""raw_affiliation_text"": ""Indian Institute of Science, Bangalore"", ""institution"": ""Indian Institute of Science"", ""country"": ""null""}]"
2021.naacl-main.155,,,,2021.naacl-main.155,done,"Peking University | University of California, Los Angeles","# Everything Has a Cause: Leveraging Causal Inference in Legal Text Analysis

Xiao Liu $^{1*}$ , Da Yin $^{2*}$ , Yansong Feng $^{1,3\dagger}$ , Yuting Wu $^{1}$ and Dongyan Zhao $^{1,3}$

$^{1}$ Wangxuan Institute of Computer Technology, Peking University, China

<sup>2</sup>Computer Science Department, University of California, Los Angeles

<sup>3</sup>The MOE Key Laboratory of Computational Linguistics, Peking University, China

{lxlisa,fengyansong,wyting,zhaody}@pku.edu.cn

da.yin@cs.ucla.edu",false,,,,"[{""raw_affiliation_text"": ""Wangxuan Institute of Computer Technology, Peking University, China"", ""institution"": ""Peking University"", ""country"": ""China""}, {""raw_affiliation_text"": ""Computer Science Department, University of California, Los Angeles"", ""institution"": ""University of California, Los Angeles"", ""country"": null}]"
2021.naacl-main.158,,,,2021.naacl-main.158,done,Hong Kong University of Science and Technology | Facebook AI,"# Towards Few-Shot Fact-Checking via Perplexity

Nayeon Lee†* Yejin Bang†* Andrea Madotto† Madian Khabsa§ Pascale Fung† †Hong Kong University of Science and Technology §Facebook AI {nyleea, yjbang}@connect.ust.hk",false,,,,"[{""raw_affiliation_text"": ""Hong Kong University of Science and Technology"", ""institution"": ""Hong Kong University of Science and Technology"", ""country"": ""null""}, {""raw_affiliation_text"": ""Facebook AI"", ""institution"": ""Facebook AI"", ""country"": ""null""}]"
2021.naacl-main.160,,,,2021.naacl-main.160,done,TCS Research,"# Generating An Optimal Interview Question Plan Using A Knowledge Graph And Integer Linear Programming

Soham Datta, Prabir Mallick, Sangameshwar Patil

d.soham, mallick.prabir, sangameshwar.patil

Indrajit Bhattacharya, Girish Palshikar

b.indrajit, gk.palshikar, @tcs.com

TCS Research",false,,,,"[{""raw_affiliation_text"": ""TCS Research"", ""institution"": ""TCS Research"", ""country"": null}]"
2021.naacl-main.16,,,,2021.naacl-main.16,done,LMU Munich,"# Improving the Lexical Ability of Pretrained Language Models for Unsupervised Neural Machine Translation

Alexandra Chronopoulou, Dario Stojanovski, Alexander Fraser

Center for Information and Language Processing, LMU Munich, Germany {achron, stojanovski, fraser}@cis.lmu.de",false,,,,"[{""raw_affiliation_text"": ""Center for Information and Language Processing, LMU Munich, Germany"", ""institution"": ""LMU Munich"", ""country"": ""Germany""}]"
2021.naacl-main.156,,,,2021.naacl-main.156,done,Chinese Academy of Sciences | University of Chinese Academy of Sciences,"# Counterfactual Supporting Facts Extraction for Explainable Medical Record Based Diagnosis with Graph Network

Haoran Wu $^{1,2}$ , Wei Chen $^{1}$ , Shuang Xu $^{1}$ and Bo Xu $^{1,2}$

$^{1}$ Institute of Automation, Chinese Academy of Sciences,

Beijing, 100190, China

$^{2}$ School of Artificial Intelligence, University of Chinese Academy of Sciences,

Beijing, 100049, China

{wuhaoran2018, w.chen, shuang.xu, xubo} @ia.ac.cn",false,,,,"[{""raw_affiliation_text"": ""Institute of Automation, Chinese Academy of Sciences, Beijing, 100190, China"", ""institution"": ""Chinese Academy of Sciences"", ""country"": ""China""}, {""raw_affiliation_text"": ""School of Artificial Intelligence, University of Chinese Academy of Sciences, Beijing, 100049, China"", ""institution"": ""University of Chinese Academy of Sciences"", ""country"": ""China""}]"
2021.naacl-main.163,,,,2021.naacl-main.163,done,Xiaomi AI,"# Masked Conditional Random Fields for Sequence Labeling

Tianwen Wei* Jianwei Qi Shenghuan He Songtao Sun  
Xiaomi AI

{weitianwen,qijianwei,heshenghuan,sunsongtao}@xiaomi.com",false,,,,"[{""raw_affiliation_text"": ""Xiaomi AI"", ""institution"": ""Xiaomi AI"", ""country"": null}]"
2021.naacl-main.162,,,,2021.naacl-main.162,done,Peking University | Huawei Noah's Ark Lab,"# A Global Past-Future Early Exit Method for Accelerating Inference of Pre-trained Language Models

Kaiyuan Liao†; Yi Zhang‡; Xuancheng Ren‡, Qi Su§, Xu Sun†‡, Bin He* † Center for Data Science, Peking University

$\ddagger$ MOE Key Laboratory of Computational Linguistics, School of EECS, Peking University

§ School of Foreign Languages, Peking University

* Huawei Noah's Ark Lab

{kyliao,zhangyi16,renxc,sukia,xusun}@pktu.edu.cn

hebin.nlp@huawei.com",false,,,,"[{""raw_affiliation_text"": ""Center for Data Science, Peking University"", ""institution"": ""Peking University"", ""country"": null}, {""raw_affiliation_text"": ""Huawei Noah's Ark Lab"", ""institution"": ""Huawei Noah's Ark Lab"", ""country"": null}]"
2021.naacl-main.165,,,,2021.naacl-main.165,done,Peking University | Huawei Noah's Ark Lab,"# Be Careful about Poisoned Word Embeddings: Exploring the Vulnerability of the Embedding Layers in NLP Models

Wenkai Yang $^{1}$ , Lei Li $^{2}$ , Zhiyuan Zhang $^{2}$ , Xuancheng Ren $^{2}$ , Xu Sun $^{1,2*}$ , Bin He $^{3}$

<sup>1</sup>Center for Data Science, Peking University

$^{2}$ MOE Key Laboratory of Computational Linguistics, School of EECS, Peking University

<sup>3</sup>Huawei Noah's Ark Lab

{wkyang,lilei}@stu.pku.edu.cn

{zzy1210, renxc, xusun}@pku.edu.cn hebin.nlp@huawei.com",false,,,,"[{""raw_affiliation_text"": ""Center for Data Science, Peking University"", ""institution"": ""Peking University"", ""country"": null}, {""raw_affiliation_text"": ""Huawei Noah's Ark Lab"", ""institution"": ""Huawei Noah's Ark Lab"", ""country"": null}]"
2021.naacl-main.167,,,,2021.naacl-main.167,done,Meituan | Dalian University of Technology,"# ASAP: A Chinese Review Dataset Towards Aspect Category Sentiment Analysis and Rating Prediction

Jiahao Bu $^{1*}$ , Lei Ren $^{1*}$ , Shuang Zheng $^{1,2*}$ , Yang Yang $^{1}$ , Jingang Wang $^{1\dagger}$ , Fuzheng Zhang $^{1}$ , Wei Wu $^{1}$ $^{1}$ Meituan, Beijing, China

$^{2}$ School of Economics and Management, Dalian University of Technology, Dalian, China {bujiahao, renlei04, zhengshuang04, yangyang113}@meituan.com {wangjingang02, zhangfuzheng, wuwei30}@meituan.com",false,,,,"[{""raw_affiliation_text"": ""Meituan, Beijing, China"", ""institution"": ""Meituan"", ""country"": ""China""}, {""raw_affiliation_text"": ""School of Economics and Management, Dalian University of Technology, Dalian, China"", ""institution"": ""Dalian University of Technology"", ""country"": ""China""}]"
2021.naacl-main.164,,,,2021.naacl-main.164,done,Zhejiang University,"# Heterogeneous Graph Neural Networks for Concept Prerequisite Relation Learning in Educational Data

Chenghao Jia, Yongliang Shen, Yechun Tang, Lu Sun, Weiming Lu*

College of Computer Science and Technology, Zhejiang University, Hangzhou, China

{chjia, syl, tangyechun, sunlu98, luwm} @zju.edu.cn",false,,,,"[{""raw_affiliation_text"": ""College of Computer Science and Technology, Zhejiang University, Hangzhou, China"", ""institution"": ""Zhejiang University"", ""country"": ""China""}]"
2021.naacl-main.168,,,,2021.naacl-main.168,done,Microsoft Research,"# Are NLP Models really able to Solve Simple Math Word Problems?

Arkil Patel Satwik Bhattamishra Navin Goyal  
Microsoft Research India

arkil.patel@gmail.com, {t-satbh,navingo}@microsoft.com",false,,,,"[{""raw_affiliation_text"": ""Microsoft Research India"", ""institution"": ""Microsoft Research"", ""country"": ""India""}]"
2021.naacl-main.161,,,,2021.naacl-main.161,done,Monash University | The Australian National University | Lehigh University | Ant Group,"# Model Extraction and Adversarial Transferability, Your BERT is Vulnerable!

Xuanli He†, Lingjuan Lyu†, Qiongkai Xu*, Lichao Sun§

† Monash University, xuanli.he1@monash.edu

$\ddagger$ Ant Group, lyulingjuan.llj@antgroup.com (Corresponding author)

* The Australian National University and Data61 CSIRO, Qiongkai.Xu@anu.edu.au

$^{\S}$ Lehigh University, lis221@lehigh.edu",false,,,,"[{""raw_affiliation_text"": ""Monash University"", ""institution"": ""Monash University"", ""country"": null}, {""raw_affiliation_text"": ""The Australian National University and Data61 CSIRO"", ""institution"": ""The Australian National University"", ""country"": null}, {""raw_affiliation_text"": ""Lehigh University"", ""institution"": ""Lehigh University"", ""country"": null}, {""raw_affiliation_text"": ""Ant Group"", ""institution"": ""Ant Group"", ""country"": null}]"
2021.naacl-main.166,,,,2021.naacl-main.166,done,Tsinghua University | Microsoft Research Asia,"# DA-Transformer: Distance-aware Transformer

Chuhan Wu† Fangzhao Wu‡ Yongfeng Huang†

$^{\dagger}$ Department of Electronic Engineering & BNRist, Tsinghua University, Beijing 100084, China

$^{\ddagger}$ Microsoft Research Asia, Beijing 100080, China

{wuchuhan15,wufangzhao}@gmail.com，yfhuang@tsinghua.edu.cn",false,,,,"[{""raw_affiliation_text"": ""Department of Electronic Engineering & BNRist, Tsinghua University, Beijing 100084, China"", ""institution"": ""Tsinghua University"", ""country"": ""China""}, {""raw_affiliation_text"": ""Microsoft Research Asia, Beijing 100080, China"", ""institution"": ""Microsoft Research Asia"", ""country"": ""China""}]"
2021.naacl-main.170,,,,2021.naacl-main.170,done,Seoul National University | Adobe Research | Roku Inc.,"# KPQA: A Metric for Generative Question Answering Using Keyphrase Weights

Hwanhee Lee $^{1}$ , Seunghyun Yoon $^{2}$ , Franck Dernoncourt $^{2}$

Doo Soon Kim $^{3*}$ , Trung Bui $^{2}$ , Joongbo Shin $^{1}$ and Kyomin Jung $^{1}$

<sup>1</sup>Dept. of Electrical and Computer Engineering, Seoul National University, Seoul, Korea

$^{2}$ Adobe Research, San Jose, CA, USA, $^{3}$ Roku Inc., San Jose, CA, USA

{wanted1007, jbshin, kjung}@snu.ac.kr

{syoon, franck.dernoncourt, bui}@adobe.com, dskim@roku.com",false,,,,"[{""raw_affiliation_text"": ""Dept. of Electrical and Computer Engineering, Seoul National University, Seoul, Korea"", ""institution"": ""Seoul National University"", ""country"": ""Korea""}, {""raw_affiliation_text"": ""Adobe Research, San Jose, CA, USA"", ""institution"": ""Adobe Research"", ""country"": ""USA""}, {""raw_affiliation_text"": ""Roku Inc., San Jose, CA, USA"", ""institution"": ""Roku Inc."", ""country"": ""USA""}]"
2021.naacl-main.169,,,,2021.naacl-main.169,done,Ehime University | Kyoto University | Osaka University,"# WRIME: A New Dataset for Emotional Intensity Estimation with Subjective and Objective Annotations

Tomoyuki Kajiwara

Graduate School of Science and Engineering

Ehime University, Japan

kajiwara@cs.ehime-u.ac.jp

Chenhui Chu

Graduate School of Informatics

Kyoto University, Japan

chu@i.kyoto-u.ac.jp

Noriko Takemura

Yuta Nakashima

Hajime Nagahara

Institute for Datability Science, Osaka University, Japan

{takemura, n-yuta, nagahara}@ids.osaka-u.ac.jp",false,,,,"[{""raw_affiliation_text"": ""Graduate School of Science and Engineering, Ehime University, Japan"", ""institution"": ""Ehime University"", ""country"": ""Japan""}, {""raw_affiliation_text"": ""Graduate School of Informatics, Kyoto University, Japan"", ""institution"": ""Kyoto University"", ""country"": ""Japan""}, {""raw_affiliation_text"": ""Institute for Datability Science, Osaka University, Japan"", ""institution"": ""Osaka University"", ""country"": ""Japan""}]"
2021.naacl-main.17,,,,2021.naacl-main.17,done,Tel Aviv University | Facebook AI Research,"# Neural Machine Translation without Embeddings

Uri Shaham $\diamond$ Omer Levy $\diamond$

$\diamond$ The Blavatnik School of Computer Science, Tel Aviv University $\spadesuit$ Facebook AI Research",false,,,,"[{""raw_affiliation_text"": ""The Blavatnik School of Computer Science, Tel Aviv University"", ""institution"": ""Tel Aviv University"", ""country"": null}, {""raw_affiliation_text"": ""Facebook AI Research"", ""institution"": ""Facebook AI Research"", ""country"": null}]"
2021.naacl-main.171,,,,2021.naacl-main.171,done,Carnegie Mellon University,"# STYLEPTB: A Compositional Benchmark for Fine-grained Controllable Text Style Transfer

Yiwei Lyu\*, Paul Pu Liang\*, Hai Pham\*, Eduard Hovy\*, Barnabás Póczos\*, Ruslan Salakhutdinov\*, Louis-Philippe Morency\* Machine Learning Department, Carnegie Mellon University \*Language Technologies Institute, Carnegie Mellon University {ylyul, pliang, htpham} @cs.cmu.edu

https://github.com/lvyiweil/StylePTB/",false,,,,"[{""raw_affiliation_text"": ""Machine Learning Department, Carnegie Mellon University"", ""institution"": ""Carnegie Mellon University"", ""country"": null}]"
2021.naacl-main.174,,,,2021.naacl-main.174,done,The University of Melbourne,"# Framing Unpacked: A Semi-Supervised Interpretable Multi-View Model of Media Frames

Shima Khanehzar† Trevor Cohn† Gosia Mikolajczak* Andrew Turpin† Lea Frermann†

† School of Computing and Information Systems

$^{\star}$ School of Social and Political Sciences

The University of Melbourne

skhanehzar@student.unimelb.edu.au

{tcohn,mmikolajcza,aturpin,lfrermann}@unimelb.edu.au",false,,,,"[{""raw_affiliation_text"": ""School of Computing and Information Systems The University of Melbourne"", ""institution"": ""The University of Melbourne"", ""country"": null}]"
2021.naacl-main.173,,,,2021.naacl-main.173,done,Vin AI Research,"# COVID-19 Named Entity Recognition for Vietnamese

Thinh Hung Truong, Mai Hoang Dao and Dat Quoc Nguyen VinAI Research, Hanoi, Vietnam

{v.thinhth88，v.maidh3，v.datng9}@vinai.io",false,,,,"[{""raw_affiliation_text"": ""VinAI Research, Hanoi, Vietnam"", ""institution"": ""Vin AI Research"", ""country"": ""Vietnam""}]"
2021.naacl-main.175,,,,2021.naacl-main.175,done,The University of Melbourne,"# Automatic Classification of Neutralization Techniques in the Narrative of Climate Change Scepticism

Shraey Bhatia<sup>1</sup>

Jey Han Lau

Timothy Baldwin<sup>1</sup>

<sup>1</sup> School of Computing and Information Systems, The University of Melbourne

shraeybhatia@gmail.com, jeyhan.lau@gmail.com, tb@ldwin.net",false,,,,"[{""raw_affiliation_text"": ""School of Computing and Information Systems, The University of Melbourne"", ""institution"": ""The University of Melbourne"", ""country"": null}]"
2021.naacl-main.172,,,,2021.naacl-main.172,done,"University of California, San Diego | Beihang University | Microsoft Research Asia","# Blow the Dog Whistle: A Chinese Dataset for Cant Understanding with Common Sense and World Knowledge

Canwen Xu $^{1*}$ , Wangchunshu Zhou $^{2*}$ , Tao Ge $^{3}$ , Ke Xu $^{2}$ , Julian McAuley $^{1}$ , Furu Wei $^{3}$

<sup>1</sup> University of California, San Diego <sup>2</sup> Beihang University <sup>3</sup> Microsoft Research Asia

$^{1}\{\mathrm{cxu}, \mathrm{jmcauley}\} @\mathrm{ucsd.edu}^{3}\{\mathrm{tage}, \mathrm{fuwei}\} @\mathrm{microsoft.com}$   
$^{2}$ zhouwangchunshu@buaa.edu.cn, kexu@nlsde.buaa.edu.cn",false,,,,"[{""raw_affiliation_text"": ""University of California, San Diego"", ""institution"": ""University of California, San Diego"", ""country"": null}, {""raw_affiliation_text"": ""Beihang University"", ""institution"": ""Beihang University"", ""country"": null}, {""raw_affiliation_text"": ""Microsoft Research Asia"", ""institution"": ""Microsoft Research Asia"", ""country"": null}]"
2021.naacl-main.179,,,,2021.naacl-main.179,done,University of Michigan,"# Modeling Framing in Immigration Discourse on Social Media

Julia Mendelsohn

University of Michigan juliame@umich.edu

Ceren Budak

University of Michigan cbudak@umich.edu

David Jurgens

University of Michigan jurgens@umich.edu",false,,,,"[{""raw_affiliation_text"": ""University of Michigan"", ""institution"": ""University of Michigan"", ""country"": null}]"
2021.naacl-main.178,,,,2021.naacl-main.178,done,University of Michigan,"# The structure of online social networks modulates the rate of lexical change

Jian Zhu

Department of Linguistics

University of Michigan

lingjzhu@umich.edu

David Jurgens

School of Information

University of Michigan

jurgens@umich.edu",false,,,,"[{""raw_affiliation_text"": ""Department of Linguistics, University of Michigan"", ""institution"": ""University of Michigan"", ""country"": null}]"
2021.naacl-main.176,,,,2021.naacl-main.176,done,University of Marburg | IIIT Delhi | University of Delhi,"# Suicide Ideation Detection via Social and Temporal User Representations using Hyperbolic Learning

Ramit Sawhney†‡* and Harshit Joshi¶* and Rajiv Ratn Shah‡ and Lucie Flek†

† Conversational AI and Social Analytics (CAISA) Lab

Department of Mathematics and Computer Science, University of Marburg

http://caisa-lab.github.io

$\ddagger$ Multimodal Digital Media Analysis (MIDAS) Lab

Department of Computer Science and Engineering, IIIT Delhi

http://midas.iitd.edu.in

$\mathbb{Q}$ Cluster Innovation Centre, University of Delhi",false,,,,"[{""raw_affiliation_text"": ""Department of Mathematics and Computer Science, University of Marburg"", ""institution"": ""University of Marburg"", ""country"": null}, {""raw_affiliation_text"": ""Department of Computer Science and Engineering, IIIT Delhi"", ""institution"": ""IIIT Delhi"", ""country"": null}, {""raw_affiliation_text"": ""Cluster Innovation Centre, University of Delhi"", ""institution"": ""University of Delhi"", ""country"": null}]"
2021.naacl-main.180,,,,2021.naacl-main.180,done,University of Sheffield,"# Modeling the Severity of Complaints in Social Media

Mali Jin Nikolaos Aletras

Department of Computer Science

University of Sheffield, UK

{mjin6, n.aletras}@sheffield.ac.uk",false,,,,"[{""raw_affiliation_text"": ""Department of Computer Science, University of Sheffield, UK"", ""institution"": ""University of Sheffield"", ""country"": ""UK""}]"
2021.naacl-main.181,,,,2021.naacl-main.181,done,University of Cambridge | ETH Zürich,"# What About the Precedent: An Information-Theoretic Analysis of Common Law

Josef Valvoda $^{\delta}$ Tiago Pimentel $^{\delta}$ Niklas Stoehr $^{\S}$ Ryan Cotterell $^{\delta,\S}$ Simone Teufel $^{\delta}$

$^{\mathrm{d}}$ University of Cambridge, ${}^{\mathrm{f}}$ ETH Zürich jv406@cam.ac.uk, sht25@cam.ac.uk",false,,,,"[{""raw_affiliation_text"": ""University of Cambridge"", ""institution"": ""University of Cambridge"", ""country"": null}, {""raw_affiliation_text"": ""ETH Zürich"", ""institution"": ""ETH Zürich"", ""country"": null}]"
2021.naacl-main.177,,,,2021.naacl-main.177,done,National University of Singapore | University of Pennsylvania | University of Sheffield | Adobe Research India Pvt. Ltd.,"# WikiTalkEdit: A Dataset for modeling Editors' behaviors on Wikipedia

# Kokil Jaidka<sup>1</sup> Andrea Ceolin<sup>2</sup> Iknoor Singh<sup>3</sup> Niyati Chhaya<sup>4</sup> Lyle H. Ungar<sup>5</sup>

$^{1}$ Department of Communications and New Media, National University of Singapore   
$^{2}$ Department of Linguistics, University of Pennsylvania   
$^{3}$ Department of Computer Science, University of Sheffield   
<sup>4</sup> Big Data Experience Lab, Adobe Research India Pvt. Ltd.

$^{5}$ Department of Computer & Information Science, University of Pennsylvania

jaidka@nus.edu.sg",false,,,,"[{""raw_affiliation_text"": ""Department of Communications and New Media, National University of Singapore"", ""institution"": ""National University of Singapore"", ""country"": ""Singapore""}, {""raw_affiliation_text"": ""Department of Linguistics, University of Pennsylvania"", ""institution"": ""University of Pennsylvania"", ""country"": ""USA""}, {""raw_affiliation_text"": ""Department of Computer Science, University of Sheffield"", ""institution"": ""University of Sheffield"", ""country"": null}, {""raw_affiliation_text"": ""Big Data Experience Lab, Adobe Research India Pvt. Ltd."", ""institution"": ""Adobe Research India Pvt. Ltd."", ""country"": null}]"
2021.naacl-main.182,,,,2021.naacl-main.182,done,The Alan Turing Institute | Utrecht University | University of Oxford | University of Liverpool | George Washington University,"# Introducing CAD: the Contextual Abuse Dataset

Bertie Vidgen†, Dong Nguyen†*, Helen Margetts†‡, Patricia Rossini¶, Rebekah Tromble†§

† The Alan Turing Institute; * Utrecht University; ‡ University of Oxford;

$^{\dagger}$ University of Liverpool; $^{\S}$ George Washington University

bvidgen@turing.ac.uk",false,,,,"[{""raw_affiliation_text"": ""The Alan Turing Institute"", ""institution"": ""The Alan Turing Institute"", ""country"": null}, {""raw_affiliation_text"": ""Utrecht University"", ""institution"": ""Utrecht University"", ""country"": null}, {""raw_affiliation_text"": ""University of Oxford"", ""institution"": ""University of Oxford"", ""country"": null}, {""raw_affiliation_text"": ""University of Liverpool"", ""institution"": ""University of Liverpool"", ""country"": null}, {""raw_affiliation_text"": ""George Washington University"", ""institution"": ""George Washington University"", ""country"": null}]"
2021.naacl-main.184,,,,2021.naacl-main.184,done,Stanford University | Queen Mary University of London | Google Research,"# Learning to Recognize Dialect Features

Dorottya Demszky $^{1*}$ Devyani Sharma $^{2}$ Jonathan H. Clark $^{3}$

Vinodkumar Prabhakaran<sup>3</sup> Jacob Eisenstein<sup>3</sup>

$^{1}$ Stanford Linguistics $^{2}$ Queen Mary University of London $^{3}$ Google Research

ddemszky@stanford.edu

d.sharma@qmul.ac.uk

{jhclark,vinodkpg,jeisenstein}@google.com",false,,,,"[{""raw_affiliation_text"": ""Stanford Linguistics"", ""institution"": ""Stanford University"", ""country"": null}, {""raw_affiliation_text"": ""Queen Mary University of London"", ""institution"": ""Queen Mary University of London"", ""country"": null}, {""raw_affiliation_text"": ""Google Research"", ""institution"": ""Google Research"", ""country"": null}]"
2021.naacl-main.186,,,,2021.naacl-main.186,done,LMU Munich,"# Static Embeddings as Efficient Knowledge Bases?

Philipp Dufter*, Nora Kassner*, Hinrich Schütze

Center for Information and Language Processing (CIS), LMU Munich, Germany

{philipp,kassner}@cis.lmu.de",false,,,,"[{""raw_affiliation_text"": ""Center for Information and Language Processing (CIS), LMU Munich, Germany"", ""institution"": ""LMU Munich"", ""country"": ""Germany""}]"
2021.naacl-main.185,,,,2021.naacl-main.185,done,LMU Munich | Sulzer Gmb H,"# It's Not Just Size That Matters: Small Language Models Are Also Few-Shot Learners

Timo Schick<sup>1,2</sup> and Hinrich Schütze<sup>1</sup>

<sup>1</sup> Center for Information and Language Processing, LMU Munich, Germany  
<sup>2</sup> Sulzer GmbH, Munich, Germany

timo.schick@sulzer.de",false,,,,"[{""raw_affiliation_text"": ""Center for Information and Language Processing, LMU Munich, Germany"", ""institution"": ""LMU Munich"", ""country"": ""Germany""}, {""raw_affiliation_text"": ""Sulzer GmbH, Munich, Germany"", ""institution"": ""Sulzer Gmb H"", ""country"": ""Germany""}]"
2021.naacl-main.18,,,,2021.naacl-main.18,done,University of Oxford | Deep Mind | University College London | The Alan Turing Institute,"# Counterfactual Data Augmentation for Neural Machine Translation

Qi Liu†, Matt J. Kusner†*, Phil Blunsom‡,

$^{\ddagger}$ University of Oxford $^{\diamond}$ DeepMind

†University College London *The Alan Turing Institute

$\ddagger$ {firstname.lastname}@cs.ox.ac.uk

m.kusner@ucl.ac.uk",false,,,,"[{""raw_affiliation_text"": ""University of Oxford"", ""institution"": ""University of Oxford"", ""country"": null}, {""raw_affiliation_text"": ""DeepMind"", ""institution"": ""Deep Mind"", ""country"": null}, {""raw_affiliation_text"": ""University College London"", ""institution"": ""University College London"", ""country"": null}, {""raw_affiliation_text"": ""The Alan Turing Institute"", ""institution"": ""The Alan Turing Institute"", ""country"": null}]"
2021.naacl-main.183,,,,2021.naacl-main.183,done,"University of California, Santa Barbara | Georgia Institute of Technology","# Lifelong Learning of Hate Speech Classification on Social Media

Jing Qian†, Hong Wang†, Mai ElSherief*, Xifeng Yan†

† University of California, Santa Barbara

* Georgia Institute of Technology

{jing_qian,hongwang600,xyan}@cs.ucsb.edu

mai.h.sherief@gmail.com",false,,,,"[{""raw_affiliation_text"": ""University of California, Santa Barbara"", ""institution"": ""University of California, Santa Barbara"", ""country"": null}, {""raw_affiliation_text"": ""Georgia Institute of Technology"", ""institution"": ""Georgia Institute of Technology"", ""country"": null}]"
2021.naacl-main.189,,,,2021.naacl-main.189,done,Georgia Institute of Technology,"# Towards a Comprehensive Understanding and Accurate Evaluation of Societal Biases in Pre-Trained Transformers

Andrew Silva∗

Pradyumna Tambwekar∗

Matthew Gombolay

School of Interactive Computing

Georgia Institute of Technology

Atlanta, GA

{andrew.silva, ptambwekar3, matthew.gombolay}@gatech.edu",false,,,,"[{""raw_affiliation_text"": ""School of Interactive Computing Georgia Institute of Technology Atlanta, GA"", ""institution"": ""Georgia Institute of Technology"", ""country"": ""null""}]"
2021.naacl-main.187,,,,2021.naacl-main.187,done,The University of Sheffield | Utrecht University,"# Highly Efficient Knowledge Graph Embedding Learning with Orthogonal Procrustes Analysis

Xutan Peng Guanyi Chen Chenghua Lin \* Mark Stevenson

$\diamond$ Department of Computer Science, The University of Sheffield

Department of Information and Computing Sciences, Utrecht University {x.peng, c.lin, mark.stevenson} @shef.ac.uk g.chen@uu.nl",false,,,,"[{""raw_affiliation_text"": ""Department of Computer Science, The University of Sheffield"", ""institution"": ""The University of Sheffield"", ""country"": null}, {""raw_affiliation_text"": ""Department of Information and Computing Sciences, Utrecht University"", ""institution"": ""Utrecht University"", ""country"": null}]"
2021.naacl-main.188,,,,2021.naacl-main.188,done,The Pennsylvania State University | Moffett AI,"# Rethinking Network Pruning—under the Pre-train and Fine-tune Paradigm

Dongkuan $\mathbf{X}\mathbf{u}^{1}$ and Ian En-Hsu Yen2 and Jinxi Zhao2 and Zhibin Xiao2

<sup>1</sup>The Pennsylvania State University, State College, PA, USA

$^{2}$ Moffett AI, Los Altos, CA, USA

{dux19} @psu.edu, {ian.yan, jx.zhao, zb.xiao} @moffett.ai",false,,,,"[{""raw_affiliation_text"": ""The Pennsylvania State University, State College, PA, USA"", ""institution"": ""The Pennsylvania State University"", ""country"": ""USA""}, {""raw_affiliation_text"": ""Moffett AI, Los Altos, CA, USA"", ""institution"": ""Moffett AI"", ""country"": ""USA""}]"
2021.naacl-main.19,,,,2021.naacl-main.19,done,Boston University | University of Pennsylvania,"# Cultural and Geographical Influences on Image Translatability of Words across Languages

Nikzad Khani

Boston University

nikzad@bu.edu

Isidora Chara Tourni

Boston University

isidora@bu.edu

# Mohammad Sadegh Rasooli

University of Pennsylvania

rasooli@upenn.edu

# Chris Callison-Burch

University of Pennsylvania

ccb@upenn.edu

# Derry Tanti Wijaya

Boston University

wijaya@bu.edu",false,,,,"[{""raw_affiliation_text"": ""Boston University"", ""institution"": ""Boston University"", ""country"": null}, {""raw_affiliation_text"": ""University of Pennsylvania"", ""institution"": ""University of Pennsylvania"", ""country"": null}]"
2021.naacl-main.193,,,,2021.naacl-main.193,done,University of North Carolina at Chapel Hill,"# DECEMBERT: Learning from Noisy Instructional Videos via Dense Captions and Entropy Minimization

Zineng Tang Jie Lei Mohit Bansal

Department of Computer Science

University of North Carolina at Chapel Hill

{terran, jielei, mbansal}@cs.unc.edu",false,,,,"[{""raw_affiliation_text"": ""Department of Computer Science, University of North Carolina at Chapel Hill"", ""institution"": ""University of North Carolina at Chapel Hill"", ""country"": ""null""}]"
2021.naacl-main.194,,,,2021.naacl-main.194,done,University of North Carolina at Chapel Hill,"# Improving Generation and Evaluation of Visual Stories via Semantic Consistency

Adyasha Maharana Darryl Hannan Mohit Bansal

Department of Computer Science

University of North Carolina at Chapel Hill

{adyasha, dhannan, mbansal}@cs.unc.edu",false,,,,"[{""raw_affiliation_text"": ""Department of Computer Science University of North Carolina at Chapel Hill"", ""institution"": ""University of North Carolina at Chapel Hill"", ""country"": null}]"
2021.naacl-main.196,,,,2021.naacl-main.196,done,University of Southern California | Facebook Inc.,"# Video Question Answering with Phrases via Semantic Roles

Arka Sadhu<sup>1</sup> Kan Chen<sup>2</sup>

<sup>1</sup>University of Southern California

Ram Nevatia

$^{2}$ Facebook Inc.

{asadhu|nevatia}@usc.edu kanchen18@fb.com",false,,,,"[{""raw_affiliation_text"": ""University of Southern California"", ""institution"": ""University of Southern California"", ""country"": null}, {""raw_affiliation_text"": ""Facebook Inc."", ""institution"": ""Facebook Inc."", ""country"": null}]"
2021.naacl-main.190,,,,2021.naacl-main.190,done,UC Berkeley | University of Washington,"# Detoxifying Language Models Risks Marginalizing Minority Voices

Albert Xu $\diamond$ Eshaan Pathak $\diamond$ Eric Wallace $\diamond$ Suchin Gururangan $\clubsuit$ Maarten Sap $\clubsuit$ Dan Klein $\diamond$

$\diamond$ UC Berkeley $\clubsuit$ University of Washington {albertxu3, eshaanpathak, ericwallace, Klein}@berkeley.edu {sg01, msap}@cs.washington.edu",false,,,,"[{""raw_affiliation_text"": ""UC Berkeley"", ""institution"": ""UC Berkeley"", ""country"": null}, {""raw_affiliation_text"": ""University of Washington"", ""institution"": ""University of Washington"", ""country"": null}]"
2021.naacl-main.198,,,,2021.naacl-main.198,done,Bar Ilan University | Intel Labs,"# WEC: Deriving a Large-scale Cross-document Event Coreference dataset from Wikipedia

Alon Eirew<sup>1,2</sup> Arie Cattan<sup>1</sup> Ido Dagan<sup>1</sup>

$^{1}$ Bar Ilan University, Ramat-Gan, Israel $^{2}$ Intel Labs, Israel

alon.eirew@intel.com arie.cattan@gmail.com

dagan@cs.biu.ac.il",false,,,,"[{""raw_affiliation_text"": ""Bar Ilan University, Ramat-Gan, Israel"", ""institution"": ""Bar Ilan University"", ""country"": ""Israel""}, {""raw_affiliation_text"": ""Intel Labs, Israel"", ""institution"": ""Intel Labs"", ""country"": ""Israel""}]"
2021.naacl-main.195,,,,2021.naacl-main.195,done,Carnegie Mellon University | University of Oxford | Facebook AI,"# Multilingual Multimodal Pre-training for Zero-Shot Cross-Lingual Transfer of Vision-Language Models

Po-Yao Huang $^{13*}$ , Mandela Patrick $^{23*}$ , Junjie Hu $^{1}$ , Graham Neubig $^{1}$ , Florian Metze $^{3}$ , Alexander Hauptmann $^{1}$

<sup>1</sup>School of Computer Science, Carnegie Mellon University

2Visual Geometry Group, University of Oxford

$^{3}$ Facebook AI

{poyaoh,junjieh,gneubig,alex} @cs.cmu.edu, {mandelapatrick,fmetze} @fb.com",false,,,,"[{""raw_affiliation_text"": ""School of Computer Science, Carnegie Mellon University"", ""institution"": ""Carnegie Mellon University"", ""country"": null}, {""raw_affiliation_text"": ""Visual Geometry Group, University of Oxford"", ""institution"": ""University of Oxford"", ""country"": null}, {""raw_affiliation_text"": ""Facebook AI"", ""institution"": ""Facebook AI"", ""country"": null}]"
2021.naacl-main.191,,,,2021.naacl-main.191,done,Bocconi University,"# HONEST: Measuring Hurtful Sentence Completion in Language Models

Debora Nozza

Bocconi University

Via Sarfatti 25, 20136

Milan, Italy

debora.nozza@unibocconi.it

Federico Bianchi

Bocconi University Via Sarfatti 25, 2013

Milan, Italy

f.bianchi@unibocconi.it

Dirk Hovy

Bocconi University

Via Sarfatti 25, 20136

Milan, Italy

dirk.hovy@unibocconi.it",false,,,,"[{""raw_affiliation_text"": ""Bocconi University"", ""institution"": ""Bocconi University"", ""country"": ""Italy""}]"
2021.naacl-main.192,,,,2021.naacl-main.192,done,TU Kaiserslautern | DFKI Gmb H | University of Amsterdam | SAP AI Research,"# EaSe: A Diagnostic Tool for VQA Based on Answer Diversity

Shailza Jolly

TU Kaiserslautern, Germany

DFKI GmbH, Germany

shailza.jolly@dfki.de

Sandro Pezzelle

ILLC, University of Amsterdam,

Netherlands

s.pezzelle@uva.nl

Moin Nabi

SAP AI Research,

Germany

m.nabi@sap.com",false,,,,"[{""raw_affiliation_text"": ""TU Kaiserslautern, Germany"", ""institution"": ""TU Kaiserslautern"", ""country"": ""Germany""}, {""raw_affiliation_text"": ""DFKI GmbH, Germany"", ""institution"": ""DFKI Gmb H"", ""country"": ""Germany""}, {""raw_affiliation_text"": ""ILLC, University of Amsterdam, Netherlands"", ""institution"": ""University of Amsterdam"", ""country"": ""Netherlands""}, {""raw_affiliation_text"": ""SAP AI Research, Germany"", ""institution"": ""SAP AI Research"", ""country"": ""Germany""}]"
2021.naacl-main.199,,,,2021.naacl-main.199,done,University of Amsterdam | Vrije Universiteit Amsterdam | Eindhoven University of Technology,"# Challenging Distributional Models with a Conceptual Network of Philosophical Terms

Yvette Oortwijn\* Francois Meyer\*

Jelke Bloem\* Wei Zhou\*

Pia Sommerauer* Antske Fokkens*†

\* Institute for Logic, Language and Computation, University of Amsterdam

*Computational Linguistics & Text Mining Lab, Vrije Universiteit Amstersterdam

$^{\dagger}$ Department of Mathematics and Computer Science, Eindhoven University of Technology

{y.oortwijn,j.bloem}@uva.nl,{pia.sommerauer,a.s.fokkens}@vu.nl

francoisrmeyer@gmail.com, c sunset14330@gmail.com",false,,,,"[{""raw_affiliation_text"": ""Institute for Logic, Language and Computation, University of Amsterdam"", ""institution"": ""University of Amsterdam"", ""country"": null}, {""raw_affiliation_text"": ""Computational Linguistics & Text Mining Lab, Vrije Universiteit Amsterdam"", ""institution"": ""Vrije Universiteit Amsterdam"", ""country"": null}, {""raw_affiliation_text"": ""Department of Mathematics and Computer Science, Eindhoven University of Technology"", ""institution"": ""Eindhoven University of Technology"", ""country"": null}]"
2021.naacl-main.20,,,,2021.naacl-main.20,done,IBM Watson | MIT-IBM Watson AI Lab,"# Multilingual BERT Post-Pretraining Alignment

Lin Pan†, Chung-Wei Hang†, Haode Qi†, Abhishek Shah†, Saloni Potdar†, Mo Yu‡  
†IBM Watson  
‡MIT-IBM Watson AI Lab

{pan1,hangc}@us.ibm.com，{Haode.Qi，Abhishek.Shah1}@ibm.com，{potdars，yum}@us.ibm.com",false,,,,"[{""raw_affiliation_text"": ""IBM Watson"", ""institution"": ""IBM Watson"", ""country"": null}, {""raw_affiliation_text"": ""MIT-IBM Watson AI Lab"", ""institution"": ""MIT-IBM Watson AI Lab"", ""country"": null}]"
2021.naacl-main.201,,,,2021.naacl-main.201,done,Saarland University | Bosch Center for Artificial Intelligence,"# A Survey on Recent Approaches for Natural Language Processing in Low-Resource Scenarios

Michael A. Hedderich\*, Lukas Lange\*, Heike Adel?, Jannik Strötgen\* & Dietrich Klakow

$^{1}$ Saarland University, Saarland Informatics Campus, Germany

2 Bosch Center for Artificial Intelligence, Germany

{mhedderich, dietrich.klakow}@lsv.uni-saarland.de

{lukas.lange, heike.adel, jannik.stroetgen}@de.bosch.com",false,,,,"[{""raw_affiliation_text"": ""Saarland University, Saarland Informatics Campus, Germany"", ""institution"": ""Saarland University"", ""country"": ""Germany""}, {""raw_affiliation_text"": ""Bosch Center for Artificial Intelligence, Germany"", ""institution"": ""Bosch Center for Artificial Intelligence"", ""country"": ""Germany""}]"
2021.naacl-main.202,,,,2021.naacl-main.202,done,University of Bonn | Fraunhofer IAIS,"# Temporal Knowledge Graph Completion using a Linear Temporal Regularizer and Multivector Embeddings

Chengjin Xu

University of Bonn / Germany

xuc@iai.uni-bonn.de

Yung-Yu Chen

University of Bonn / Germany

s6ynchen@uni-bonn.de

Mojtaba Nayyeri

University of Bonn / Germany

nayyeri@iai.uni-bonn.de

Jens Lehmann

University of Bonn / Germany

Fraunhofer IAIS/ Germany

jens.lehmann@iais.fraunhofer.de",false,,,,"[{""raw_affiliation_text"": ""University of Bonn / Germany"", ""institution"": ""University of Bonn"", ""country"": ""Germany""}, {""raw_affiliation_text"": ""Fraunhofer IAIS/ Germany"", ""institution"": ""Fraunhofer IAIS"", ""country"": ""Germany""}]"
2021.naacl-main.197,,,,2021.naacl-main.197,done,IT University of Copenhagen | Factmata | Tokyo Metropolitan University | University of Groningen | University of Trento | Fondazione the Microsoft Research - University of Trento Centre for Computational and Systems Biology (COSBI),"# From Masked Language Modeling to Translation: Non-English Auxiliary Tasks Improve Zero-shot Spoken Language Understanding

Rob van der Goot<sup>1</sup>, Ibrahim Sharaf<sup>2</sup>, Aizhan Imankulova<sup>3</sup>, Ahmet Üstün<sup>4</sup>, Marija Stepanović<sup>1</sup>, Alan Ramponi<sup>5,6</sup>, Siti Oryza Khairunnisa<sup>3</sup>, Mamoru Komachi<sup>3</sup>, Barbara Plank<sup>1</sup>

<sup>1</sup>IT University of Copenhagen, <sup>2</sup>Factmata, <sup>3</sup>Tokyo Metropolitan University, <sup>4</sup>University of Groningen, <sup>5</sup>University of Trento, <sup>6</sup>Fondazione The Microsoft Research - University of Trento Centre for Computational and Systems Biology (COSBI)

{robv,bap1}@itu.dk",false,,,,"[{""raw_affiliation_text"": ""IT University of Copenhagen"", ""institution"": ""IT University of Copenhagen"", ""country"": null}, {""raw_affiliation_text"": ""Factmata"", ""institution"": ""Factmata"", ""country"": null}, {""raw_affiliation_text"": ""Tokyo Metropolitan University"", ""institution"": ""Tokyo Metropolitan University"", ""country"": null}, {""raw_affiliation_text"": ""University of Groningen"", ""institution"": ""University of Groningen"", ""country"": null}, {""raw_affiliation_text"": ""University of Trento"", ""institution"": ""University of Trento"", ""country"": null}, {""raw_affiliation_text"": ""Fondazione The Microsoft Research - University of Trento Centre for Computational and Systems Biology (COSBI)"", ""institution"": ""Fondazione the Microsoft Research - University of Trento Centre for Computational and Systems Biology (COSBI)"", ""country"": null}]"
2021.naacl-main.204,,,,2021.naacl-main.204,done,Universita Bocconi | IT University of Copenhagen | Queen Mary University,"# Beyond Black & White: Leveraging Annotator Disagreement via Soft-Label Multi-Task Learning

Tommaso Fornaciari

Universita Bocconi

fornaciari@unibocconi.it

Barbara Plank

IT University of Copenhagen

bap1@itu.dk

Alexandra Uma

Queen Mary University

a.n.uma@qmul.ac.uk

Dirk Hovy

Universita Bocconi

dirk.hovy@unibocconi.it

Silviu Paun

Queen Mary University

s.paun@qmul.ac.uk

Massimo Poesio

Queen Mary University

m.poesio@qmul.ac.uk",false,,,,"[{""raw_affiliation_text"": ""Universita Bocconi"", ""institution"": ""Universita Bocconi"", ""country"": null}, {""raw_affiliation_text"": ""IT University of Copenhagen"", ""institution"": ""IT University of Copenhagen"", ""country"": null}, {""raw_affiliation_text"": ""Queen Mary University"", ""institution"": ""Queen Mary University"", ""country"": null}]"
2021.naacl-main.200,,,,2021.naacl-main.200,done,Facebook AI Research | University College London | LORIA | University of Cambridge | Hugging Face | University of Amsterdam,"# KILT: a Benchmark for Knowledge Intensive Language Tasks

Fabio Petroni<sup>1</sup> Aleksandra Piktus<sup>1</sup> Angela Fan<sup>1,3</sup> Patrick Lewis<sup>1,2</sup>  
Majid Yazdani<sup>1</sup> Nicola De Cao<sup>6</sup> James Thorne<sup>4</sup> Yacine Jernite<sup>5</sup> Vladimir Karpukhin<sup>1</sup>  
Jean Maillard<sup>1</sup> Vassilis Plachouras<sup>1</sup> Tim Rocktäschel<sup>1,2</sup> Sebastian Riedel<sup>1,2</sup>

$^{1}$ Facebook AI Research $^{2}$ University College London $^{3}$ LORIA

<sup>4</sup>University of Cambridge <sup>5</sup>HuggingFace <sup>6</sup>University of Amsterdam",false,,,,"[{""raw_affiliation_text"": ""Facebook AI Research"", ""institution"": ""Facebook AI Research"", ""country"": null}, {""raw_affiliation_text"": ""University College London"", ""institution"": ""University College London"", ""country"": null}, {""raw_affiliation_text"": ""LORIA"", ""institution"": ""LORIA"", ""country"": null}, {""raw_affiliation_text"": ""University of Cambridge"", ""institution"": ""University of Cambridge"", ""country"": null}, {""raw_affiliation_text"": ""HuggingFace"", ""institution"": ""Hugging Face"", ""country"": null}, {""raw_affiliation_text"": ""University of Amsterdam"", ""institution"": ""University of Amsterdam"", ""country"": null}]"
2021.naacl-main.203,,,,2021.naacl-main.203,done,National Technical University of Athens | USC | Behavioral Signal Technologies | Athena Research Center,"# UDALM: Unsupervised Domain Adaptation through Language Modeling

Constantinos Karouzos<sup>1</sup>, Georgios Paraskevopoulos<sup>1,4</sup>, Alexandros Potamianos<sup>1,2,3</sup>

<sup>1</sup> School of ECE, National Technical University of Athens, Athens, Greece

$^{2}$ Signal Analysis and Interpretation Laboratory (SAIL), USC, Los Angeles, CA, USA

$^{3}$ Behavioral Signal Technologies, Los Angeles, CA, USA

<sup>4</sup> Institute for Language and Speech Processing, Athena Research Center, Athens, Greece  
ckarouzos@gmail.com, geopar@central.ntua.gr, potam@central.ntua.gr",false,,,,"[{""raw_affiliation_text"": ""School of ECE, National Technical University of Athens, Athens, Greece"", ""institution"": ""National Technical University of Athens"", ""country"": ""Greece""}, {""raw_affiliation_text"": ""Signal Analysis and Interpretation Laboratory (SAIL), USC, Los Angeles, CA, USA"", ""institution"": ""USC"", ""country"": ""USA""}, {""raw_affiliation_text"": ""Behavioral Signal Technologies, Los Angeles, CA, USA"", ""institution"": ""Behavioral Signal Technologies"", ""country"": ""USA""}, {""raw_affiliation_text"": ""Institute for Language and Speech Processing, Athena Research Center, Athens, Greece"", ""institution"": ""Athena Research Center"", ""country"": ""Greece""}]"
2021.naacl-main.2,,,,2021.naacl-main.2,done,The University of Manchester | Toyota Technological Institute | National Institute of Advanced Industrial Science and Technology,"# Distantly Supervised Relation Extraction with Sentence Reconstruction and Knowledge Base Priors

Fenia Christopoulou<sup>1</sup>, Makoto Miwa<sup>2,3</sup>, Sophia Ananiadou<sup>1</sup>

$^{1}$ National Centre for Text Mining,

Department of Computer Science, The University of Manchester, United Kingdom

$^{2}$ Toyota Technological Institute, Nagoya, 468-8511, Japan

<sup>3</sup>Artificial Intelligence Research Center, National Institute of Advanced Industrial Science and Technology, Japan

{efstathia.christopoulou, sophia.ananiadou}@manchester.ac.uk

makoto-miwa@toyota-ti.ac.jp",false,,,,"[{""raw_affiliation_text"": ""National Centre for Text Mining, Department of Computer Science, The University of Manchester, United Kingdom"", ""institution"": ""The University of Manchester"", ""country"": ""United Kingdom""}, {""raw_affiliation_text"": ""Toyota Technological Institute, Nagoya, 468-8511, Japan"", ""institution"": ""Toyota Technological Institute"", ""country"": ""Japan""}, {""raw_affiliation_text"": ""Artificial Intelligence Research Center, National Institute of Advanced Industrial Science and Technology, Japan"", ""institution"": ""National Institute of Advanced Industrial Science and Technology"", ""country"": ""Japan""}]"
2021.naacl-main.205,,,,2021.naacl-main.205,done,University of Massachusetts Amherst | Chan Zuckerberg Initiative,"# Clustering-based Inference for Biomedical Entity Linking

Rico Angell $^{1}$ , Nicholas Monath $^{1}$ , Sunil Mohan $^{2}$ , Nishant Yadav $^{1}$ , and Andrew McCallum $^{1}$

<sup>1</sup> College of Information and Computer Sciences

University of Massachusetts Amherst

{rangell, nmonath, nishantyadav, mccallum}@cs.umass.edu

2Chan Zuckerberg Initiative

smohan@chanzuckerberg.com",false,,,,"[{""raw_affiliation_text"": ""College of Information and Computer Sciences, University of Massachusetts Amherst"", ""institution"": ""University of Massachusetts Amherst"", ""country"": null}, {""raw_affiliation_text"": ""Chan Zuckerberg Initiative"", ""institution"": ""Chan Zuckerberg Initiative"", ""country"": null}]"
2021.naacl-main.208,,,,2021.naacl-main.208,done,Hugging Face,"# How Many Data Points is a Prompt Worth?

Teven Le Scao

Hugging Face

teven@huggingface.co

Alexander M. Rush

Hugging Face

sasha@huggingface.co",false,,,,"[{""raw_affiliation_text"": ""Hugging Face"", ""institution"": ""Hugging Face"", ""country"": null}]"
2021.naacl-main.207,,,,2021.naacl-main.207,done,Cornell University | Bloomberg L.P.,"# Diversity-Aware Batch Active Learning for Dependency Parsing

Tianze Shi*

Cornell University

tianze@cs.cornell.edu

Adrian Benton

Bloomberg L.P.

abenton10@bloomberg.net

Igor Malioutov

Bloomberg L.P.

imalioutov@bloomberg.net

Ozan Irsoy

Bloomberg L.P.

Oirsoy@bloomberg.net",false,,,,"[{""raw_affiliation_text"": ""Cornell University"", ""institution"": ""Cornell University"", ""country"": null}, {""raw_affiliation_text"": ""Bloomberg L.P."", ""institution"": ""Bloomberg L.P."", ""country"": null}]"
2021.naacl-main.21,,,,2021.naacl-main.21,done,Ghent University,"# A Million Tweets Are Worth a Few Points: Tuning Transformers for Customer Service Tasks

Amir Hadifar† Sofie Labat‡ Veronique Hoste‡

Chris Develder $^{\dagger}$ Thomas Demeester $^{\dagger}$

† IDLab, Dept. of Information Technology, Ghent University - imec, Belgium

$\ddagger$ LT3, Dept. of Translation, Interpreting and Communication, Ghent University, Belgium",false,,,,"[{""raw_affiliation_text"": ""IDLab, Dept. of Information Technology, Ghent University - imec, Belgium"", ""institution"": ""Ghent University"", ""country"": ""Belgium""}]"
2021.naacl-main.206,,,,2021.naacl-main.206,done,"University of California, Los Angeles | JD AI Research | Stanford University","# Variance-reduced First-order Meta-learning for Natural Language Processing Tasks

Lingxiao Wang $^{1}$ , Kevin Huang $^{2}$ , Tengyu Ma $^{3}$ , Quanquan Gu $^{1}$ , Jing Huang $^{2}$

$^{1}$ Department of Computer Science, University of California, Los Angeles

$^{2}$ JD AI Research, Mountain View, CA

$^{3}$ Department of Computer Science, Stanford University

{lingxw, qgu}@cs.ucla.edu

{jing.huang,kevin.huang3}@jd.com

tengyuma@stanford.edu",false,,,,"[{""raw_affiliation_text"": ""Department of Computer Science, University of California, Los Angeles"", ""institution"": ""University of California, Los Angeles"", ""country"": ""USA""}, {""raw_affiliation_text"": ""JD AI Research, Mountain View, CA"", ""institution"": ""JD AI Research"", ""country"": ""USA""}, {""raw_affiliation_text"": ""Department of Computer Science, Stanford University"", ""institution"": ""Stanford University"", ""country"": ""null""}]"
2021.naacl-main.210,,,,2021.naacl-main.210,done,"Instituto de Telecomunicações, Instituto Superior Tecnico | LULIS (Lisbon ELLIS Unit) | Unbabel","# Smoothing and Shrinking the Sparse Seq2Seq Search Space

Ben Peters† and André F. T. Martins†‡*  
†Instituto de Telecomunicações, Instituto Superior Tecnico, Lisbon, Portugal  
‡LULIS (Lisbon ELLIS Unit), Lisbon, Portugal  
*Unbabel, Lisbon, Portugal  
benzurdopeters@gmail.com, andre.t.martins@tecnico.ulisboa.pt",false,,,,"[{""raw_affiliation_text"": ""Instituto de Telecomunicações, Instituto Superior Tecnico, Lisbon, Portugal"", ""institution"": ""Instituto de Telecomunicações, Instituto Superior Tecnico"", ""country"": ""Portugal""}, {""raw_affiliation_text"": ""LULIS (Lisbon ELLIS Unit), Lisbon, Portugal"", ""institution"": ""LULIS (Lisbon ELLIS Unit)"", ""country"": ""Portugal""}, {""raw_affiliation_text"": ""Unbabel, Lisbon, Portugal"", ""institution"": ""Unbabel"", ""country"": ""Portugal""}]"
2021.naacl-main.211,,,,2021.naacl-main.211,done,"University of California, Los Angeles | Columbia University","# Unified Pre-training for Program Understanding and Generation

Wasi Uddin Ahmad\*, Saikat Chakraborty†*, Baishakhi Ray†, Kai-Wei Chang

$^{\S}$ University of California, Los Angeles, $^\dagger$ Columbia University

$\S$ {wasiahmad, kwchang} $@$ cs.ucla.edu, $\dagger$ {saikatc, rayb} $@$ cs.columbia.edu",false,,,,"[{""raw_affiliation_text"": ""University of California, Los Angeles"", ""institution"": ""University of California, Los Angeles"", ""country"": ""null""}, {""raw_affiliation_text"": ""Columbia University"", ""institution"": ""Columbia University"", ""country"": ""null""}]"
2021.naacl-main.212,,,,2021.naacl-main.212,done,Samsung Research America,"# Hyperparameter-free Continuous Learning for Domain Classification in Natural Language Understanding

Ting Hua

Yilin Shen

Changsheng Zhao

Yen-Chang Hsu

Hongxia Jin

Samsung Research America

{ting.hua,yilin.shen,changsheng.z,yenchang.hsu,hongxia.jin}@samsung.com",false,,,,"[{""raw_affiliation_text"": ""Samsung Research America"", ""institution"": ""Samsung Research America"", ""country"": null}]"
2021.naacl-main.209,,,,2021.naacl-main.209,done,Tel Aviv University,"# Can Latent Alignments Improve Autoregressive Machine Translation?

Adi Haviv* Lior Vassertail* Omer Levy

The Blavatnik School of Computer Science

Tel Aviv University

{adi.haviv, lior.vassertail, levyomer}@cs.tau.ac.il",false,,,,"[{""raw_affiliation_text"": ""The Blavatnik School of Computer Science Tel Aviv University"", ""institution"": ""Tel Aviv University"", ""country"": null}]"
2021.naacl-main.214,,,,2021.naacl-main.214,done,The University of Sheffield,"# Cross-Lingual Word Embedding Refinement by $\ell_1$ Norm Optimisation

Xutan Peng Chenghua Lin* Mark Stevenson  
Department of Computer Science, The University of Sheffield, UK  
{x.peng, c.lin, mark.stevenson}@shef.ac.uk",false,,,,"[{""raw_affiliation_text"": ""Department of Computer Science, The University of Sheffield, UK"", ""institution"": ""The University of Sheffield"", ""country"": ""UK""}]"
2021.naacl-main.213,,,,2021.naacl-main.213,done,HSE University,"# On the Embeddings of Variables in Recurrent Neural Networks for Source Code

Nadezhda Chirkova  
HSE University*  
Moscow, Russia",false,,,,"[{""raw_affiliation_text"": ""HSE University* Moscow, Russia"", ""institution"": ""HSE University"", ""country"": ""Russia""}]"
2021.naacl-main.216,,,,2021.naacl-main.216,done,University of Michigan,"# MUSER: Multimodal Stress Detection using Emotion Recognition as an Auxiliary Task

Yiqun Yao $^{1}$ , Michalis Papakostas $^{1}$ , Mihai Burzo $^{2}$ , Mohamed Abouelenien $^{3}$ , Rada Mihalcea $^{1}$

<sup>1</sup>Computer Science and Engineering, University of Michigan

2Mechanical Engineering, University of Michigan

<sup>3</sup>Computer and Information Science, University of Michigan

{yaoyq,mpapakos,mburzo,zmohamed,mihalcea}@umich.edu",false,,,,"[{""raw_affiliation_text"": ""Computer Science and Engineering, University of Michigan"", ""institution"": ""University of Michigan"", ""country"": null}]"
2021.naacl-main.217,,,,2021.naacl-main.217,done,University of Pennsylvania | Microsoft Research,"# Learning to Decompose and Organize Complex Tasks

Yi Zhang†, Sujay Kumar Jauhar§, Julia Kiseleva§, Ryen W. White§ and Dan Roth†

†University of Pennsylvania, Philadelphia, PA, USA

Microsoft Research, Redmond, WA, USA

†{yizhang5, danroth} @cis.upenn.edu, §{sjauhar, jukisele, ryenw} @microsoft.com",false,,,,"[{""raw_affiliation_text"": ""University of Pennsylvania, Philadelphia, PA, USA"", ""institution"": ""University of Pennsylvania"", ""country"": ""USA""}, {""raw_affiliation_text"": ""Microsoft Research, Redmond, WA, USA"", ""institution"": ""Microsoft Research"", ""country"": ""USA""}]"
2021.naacl-main.219,,,,2021.naacl-main.219,done,University of Edinburgh,"# Learning from Executions for Semantic Parsing

Bailin Wang, Mirella Lapata and Ivan Titov  
Institute for Language, Cognition and Computation  
School of Informatics, University of Edinburgh

bailin.wang@ed.ac.uk, {mlap, ititov}@inf.ed.ac.uk",false,,,,"[{""raw_affiliation_text"": ""Institute for Language, Cognition and Computation, School of Informatics, University of Edinburgh"", ""institution"": ""University of Edinburgh"", ""country"": null}]"
2021.naacl-main.215,,,,2021.naacl-main.215,done,Pennsylvania State University,"# Semantic Frame Forecast

Chieh-Yang Huang and Ting-Hao (Kenneth) Huang  
Pennsylvania State University, University Park, PA 16802, USA  
{chiehyang, txh710}@psu.edu",false,,,,"[{""raw_affiliation_text"": ""Pennsylvania State University, University Park, PA 16802, USA"", ""institution"": ""Pennsylvania State University"", ""country"": ""USA""}]"
2021.naacl-main.218,,,,2021.naacl-main.218,done,Georgia Institute of Technology | Zhejiang University | Google,"# Continual Learning for Text Classification with Information Disentanglement Based Regularization

Yufan Huang*, Yanzhe Zhang\*1, Jiao Chen, Xuezhi Wang2, Diyi Yang

Georgia Institute of Technology, $^{1}$ Zhejiang University, $^{2}$ Google

{yhuang704, jiaaochen, dyang888}@gatech.edu

$^{1}$ z_yanzhe@zju.edu.cn, $^{2}$ xuezhiw@google.com",false,,,,"[{""raw_affiliation_text"": ""Georgia Institute of Technology"", ""institution"": ""Georgia Institute of Technology"", ""country"": null}, {""raw_affiliation_text"": ""Zhejiang University"", ""institution"": ""Zhejiang University"", ""country"": null}, {""raw_affiliation_text"": ""Google"", ""institution"": ""Google"", ""country"": null}]"
2021.naacl-main.221,,,,2021.naacl-main.221,done,University of Georgia | Adobe Research,"# EDGE: Enriching Knowledge Graph Embeddings with External Text

Saed Rezayi $^{1}$ , Handong Zhao $^{2}$ , Sungchul Kim $^{2}$ , Ryan A. Rossi $^{2}$ , Nedim Lipka $^{2}$ , and Sheng Li $^{1}$

$^{1}$ Department of Computer Science, University of Georgia, Athens, GA, USA

$^{2}$ Adobe Research, San Jose, CA, USA

{saedr,sheng.li}@uga.edu

{hazhao,sukim,ryrossi,lipka}@adobe.com",false,,,,"[{""raw_affiliation_text"": ""Department of Computer Science, University of Georgia, Athens, GA, USA"", ""institution"": ""University of Georgia"", ""country"": ""USA""}, {""raw_affiliation_text"": ""Adobe Research, San Jose, CA, USA"", ""institution"": ""Adobe Research"", ""country"": ""USA""}]"
2021.naacl-main.224,,,,2021.naacl-main.224,done,IIT Guwahati | University of Utah,"# Incorporating External Knowledge to Enhance Tabular Reasoning

J. Neeraja*

IIT Guwahati

jneeraja@iitg.ac.in

Vivek Gupta*

University of Utah

vgupta@cs.utah.edu

Vivek Srikumar

University of Utah

svivek@cs.utah.edu",false,,,,"[{""raw_affiliation_text"": ""IIT Guwahati"", ""institution"": ""IIT Guwahati"", ""country"": null}, {""raw_affiliation_text"": ""University of Utah"", ""institution"": ""University of Utah"", ""country"": null}]"
2021.naacl-main.220,,,,2021.naacl-main.220,done,University of Edinburgh | Salesforce Research | Facebook AI,"# Learning to Synthesize Data for Semantic Parsing

Bailin Wang†* Wenpeng Yin‡ Xi Victoria Lin§* and Caiming Xiong† University of Edinburgh, ‡ Salesforce Research, § Facebook AI bailin.wang@ed.ac.uk, {wyin, cxiong} @ Salesforce.com, victorialin@fb.com",false,,,,"[{""raw_affiliation_text"": ""University of Edinburgh"", ""institution"": ""University of Edinburgh"", ""country"": null}, {""raw_affiliation_text"": ""Salesforce Research"", ""institution"": ""Salesforce Research"", ""country"": null}, {""raw_affiliation_text"": ""Facebook AI"", ""institution"": ""Facebook AI"", ""country"": null}]"
2021.naacl-main.222,,,,2021.naacl-main.222,done,University of Illinois at Chicago | Microsoft Research,"# FLIN: A Flexible Natural Language Interface for Web Navigation

Sahisnu Mazumder*

Department of Computer Science  
University of Illinois at Chicago, USA  
sahisnumazumder@gmail.com

Oriana Riva

Microsoft Research

Redmond, USA

oriana.riva@microsoft.com",false,,,,"[{""raw_affiliation_text"": ""Department of Computer Science, University of Illinois at Chicago, USA"", ""institution"": ""University of Illinois at Chicago"", ""country"": ""USA""}, {""raw_affiliation_text"": ""Microsoft Research, Redmond, USA"", ""institution"": ""Microsoft Research"", ""country"": ""USA""}]"
2021.naacl-main.225,,,,2021.naacl-main.225,done,Carnegie Mellon University | Microsoft Semantic Machines,"# Compositional Generalization for Neural Semantic Parsing via Span-level Supervised Attention

Pengcheng Yin\*, Hao Fang\*, Graham Neubig\*, Adam Pauls\*, Emmanouil Antonios Platanios\*, Yu Su\*, Sam Thomson\*, Jacob Andreas\*

$\spadesuit$ Carnegie Mellon University $\clubsuit$ Microsoft Semantic Machines

{pcyin,gneubig}@cs.cmu.edu

{hao.fang,adam.pauls,anthony.platanios,

yusu2,samuel.thomson,jacob.andreas}@microsoft.com",false,,,,"[{""raw_affiliation_text"": ""Carnegie Mellon University"", ""institution"": ""Carnegie Mellon University"", ""country"": null}, {""raw_affiliation_text"": ""Microsoft Semantic Machines"", ""institution"": ""Microsoft Semantic Machines"", ""country"": null}]"
2021.naacl-main.226,,,,2021.naacl-main.226,done,Mohammed VI Polytechnic University | University of Sherbrooke,"# Domain Adaptation for Arabic Cross-Domain and Cross-Dialect Sentiment Analysis from Contextualized Word Embedding

Abdelah El Mekki

Ismail Berrada<sup>1</sup>

Abdelkader El Mahdaouy

Ahmed Khoumsi²

$^{1}$ School of Computer Sciences, Mohammed VI Polytechnic University, Morocco

$^{2}$ Dept. Electrical & Computer Engineering, University of Sherbrooke, Canada

{firstname.lastname}@um6p.ma

ahmed.khoumsi@usherbrooke.ca",false,,,,"[{""raw_affiliation_text"": ""School of Computer Sciences, Mohammed VI Polytechnic University, Morocco"", ""institution"": ""Mohammed VI Polytechnic University"", ""country"": ""Morocco""}, {""raw_affiliation_text"": ""Dept. Electrical & Computer Engineering, University of Sherbrooke, Canada"", ""institution"": ""University of Sherbrooke"", ""country"": ""Canada""}]"
2021.naacl-main.223,,,,2021.naacl-main.223,done,Brown University | Deep Mind,"# Game-theoretic Vocabulary Selection via the Shapley Value and Banzhaf Index

Roma Patel * Brown University

Marta Garnelo DeepMind

Ian Gemp DeepMind

Chris Dyer DeepMind

Yoram Bachrach DeepMind",false,,,,"[{""raw_affiliation_text"": ""Brown University"", ""institution"": ""Brown University"", ""country"": null}, {""raw_affiliation_text"": ""DeepMind"", ""institution"": ""Deep Mind"", ""country"": null}]"
2021.naacl-main.22,,,,2021.naacl-main.22,done,NCSR “Demokritos” | Athens University of Economics and Business | University of Sheffield | University of York,"# Paragraph-level Rationale Extraction through Regularization: A case study on European Court of Human Rights Cases

Ilias Chalkidis†‡ Nikolaos Aletras

Manos Fergadiotis†‡ Ion Androutsopoulos‡†

Dimitrios Tsarapatsanis* Prodromos Malakasiotis†‡

† EY AI Centre of Excellence in Document Intelligence, NCSR “Demokritos”

$^{\ddagger}$ Department of Informatics, Athens University of Economics and Business

Computer Science Department, University of Sheffield

\* Law School, University of York",false,,,,"[{""raw_affiliation_text"": ""EY AI Centre of Excellence in Document Intelligence, NCSR “Demokritos”"", ""institution"": ""NCSR “Demokritos”"", ""country"": null}, {""raw_affiliation_text"": ""Department of Informatics, Athens University of Economics and Business"", ""institution"": ""Athens University of Economics and Business"", ""country"": null}, {""raw_affiliation_text"": ""Computer Science Department, University of Sheffield"", ""institution"": ""University of Sheffield"", ""country"": null}, {""raw_affiliation_text"": ""Law School, University of York"", ""institution"": ""University of York"", ""country"": null}]"
2021.naacl-main.227,,,,2021.naacl-main.227,done,Lancaster University | University of Oslo,"# Multi-task Learning of Negation and Speculation for Targeted Sentiment Classification

Andrew Moore*

School of Computing

and Communications,

Lancaster University

a.moore@lancaster.ac.uk

Jeremy Barnes

University of Oslo

Department of Informatics

jeremycb@ifi.uio.no",false,,,,"[{""raw_affiliation_text"": ""School of Computing and Communications, Lancaster University"", ""institution"": ""Lancaster University"", ""country"": null}, {""raw_affiliation_text"": ""University of Oslo, Department of Informatics"", ""institution"": ""University of Oslo"", ""country"": null}]"
2021.naacl-main.229,,,,2021.naacl-main.229,done,JD AI Research | Stanford University,"# Graph Ensemble Learning over Multiple Dependency Trees for Aspect-level Sentiment Classification

Xiaochen Hou $^{1*}$ , Peng Qi $^{1}$ , Guangtao Wang $^{1}$ , Rex Ying $^{2}$ , Jing Huang $^{1}$ , Xiaodong He $^{1}$ , Bowen Zhou $^{1}$

$^{1}$ JD AI Research, Mountain View, CA

$^{2}$ Department of Computer Science, Stanford University, Stanford, CA

$^{*}$ xclmm1994@gmail.com",false,,,,"[{""raw_affiliation_text"": ""JD AI Research, Mountain View, CA"", ""institution"": ""JD AI Research"", ""country"": null}, {""raw_affiliation_text"": ""Department of Computer Science, Stanford University, Stanford, CA"", ""institution"": ""Stanford University"", ""country"": null}]"
2021.naacl-main.233,,,,2021.naacl-main.233,done,University of Rochester,"# Outside Computation with Superior Functions

Parker Riley and Daniel Gildea  
Department of Computer Science  
University of Rochester  
Rochester, NY 14627",false,,,,"[{""raw_affiliation_text"": ""Department of Computer Science, University of Rochester"", ""institution"": ""University of Rochester"", ""country"": ""USA""}]"
2021.naacl-main.236,,,,2021.naacl-main.236,done,Facebook,"# Non-Autoregressive Semantic Parsing for Compositional Task-Oriented Dialog

Arun Babu

Ahmed Aly

Akshit Shrivastava

Angela Fan

Armen Aghajanyan

Marjan Ghazvininejad

Facebook

{arbabu, akshats, armenag, ahhegazy, angelafan, ghazvini}@fb.com",false,,,,"[{""raw_affiliation_text"": ""Facebook"", ""institution"": ""Facebook"", ""country"": null}]"
2021.naacl-main.234,,,,2021.naacl-main.234,done,Cornell University | Bloomberg L.P.,"# Learning Syntax from Naturally-Occurring Bracketings

Tianze Shi

Cornell University

tianze@cs.cornell.edu

Ozan Irsoy

Bloomberg L.P.

oirsoy@bloomberg.net

Igor Malioutov

Bloomberg L.P.

imalioutov@bloomberg.net

Lillian Lee

Cornell University

llee@cs.cornell.edu",false,,,,"[{""raw_affiliation_text"": ""Cornell University"", ""institution"": ""Cornell University"", ""country"": null}, {""raw_affiliation_text"": ""Bloomberg L.P."", ""institution"": ""Bloomberg L.P."", ""country"": null}]"
2021.naacl-main.231,,,,2021.naacl-main.231,done,University of Washington | Shenzhen Research Institute of Big Data | The Chinese University of Hong Kong (Shenzhen),"# Aspect-based Sentiment Analysis with Type-aware Graph Convolutional Networks and Layer Ensemble

Yuanhe Tian\*, Guimin Chen\*, Yan Song\*

$\checkmark$ University of Washington $\checkmark$ Shenzhen Research Institute of Big Data

$\spadesuit$ The Chinese University of Hong Kong (Shenzhen)

yhtian@uw.edu chenguimin@foxmail.com songyan@cuhk.edu.cn",false,,,,"[{""raw_affiliation_text"": ""University of Washington"", ""institution"": ""University of Washington"", ""country"": null}, {""raw_affiliation_text"": ""Shenzhen Research Institute of Big Data"", ""institution"": ""Shenzhen Research Institute of Big Data"", ""country"": null}, {""raw_affiliation_text"": ""The Chinese University of Hong Kong (Shenzhen)"", ""institution"": ""The Chinese University of Hong Kong (Shenzhen)"", ""country"": null}]"
2021.naacl-main.232,,,,2021.naacl-main.232,done,Technische Universität Dresden,"# Supertagging-based Parsing with Linear Context-free Rewriting Systems

Thomas Ruprecht and Richard Morbitz

Faculty of Computer Science

Technische Universität Dresden

01062 Dresden, Germany

{thomas.ruprecht,richard.moerbitz}@tu-dresden.de",false,,,,"[{""raw_affiliation_text"": ""Faculty of Computer Science, Technische Universität Dresden, 01062 Dresden, Germany"", ""institution"": ""Technische Universität Dresden"", ""country"": ""Germany""}]"
2021.naacl-main.230,,,,2021.naacl-main.230,done,Columbia University,"# Emotion-Infused Models for Explainable Psychological Stress Detection

Elsbeth Turcan<sup>1</sup> and Smaranda Muresan<sup>1,2</sup> and Kathleen McKeown<sup>1</sup>  
Department of Computer Science, Columbia University<sup>1</sup>  
Data Science Institute, Columbia University<sup>2</sup>  
{eturcan, smara, kathy}@cs.columbia.edu",false,,,,"[{""raw_affiliation_text"": ""Department of Computer Science, Columbia University"", ""institution"": ""Columbia University"", ""country"": null}]"
2021.naacl-main.23,,,,2021.naacl-main.23,done,Bar-Ilan University | Amazon | Facebook,"# Answering Product-Questions by Utilizing Questions from Other Contextually Similar Products

Ohad Rozen $^{1*}$ , David Carmel $^{2}$ , Avihai Mejer $^{2}$ , Vitaly Mirkis $^{2}$ , and Yftah Ziser $^{3\dagger}$ $^{1}$ Computer Science Department, Bar-Ilan University, Ramat-Gan, Israel $^{2}$ Amazon $^{3}$ Facebook

ohadrozen@gmail.com, {dacarmel, amejer, vitamin}@amazon.com, yftahz@fb.com",false,,,,"[{""raw_affiliation_text"": ""Computer Science Department, Bar-Ilan University, Ramat-Gan, Israel"", ""institution"": ""Bar-Ilan University"", ""country"": ""Israel""}, {""raw_affiliation_text"": ""Amazon"", ""institution"": ""Amazon"", ""country"": null}, {""raw_affiliation_text"": ""Facebook"", ""institution"": ""Facebook"", ""country"": null}]"
2021.naacl-main.235,,,,2021.naacl-main.235,done,Facebook AI Research,"# Bot-Adversarial Dialogue for Safe Conversational Agents

Jing Xu Da Ju Margaret Li Y-Lan Boureau Jason Weston* Emily Dinan*

Facebook AI Research

New York, NY

{jingxu23,daju}@fb.com, margsli@cs.washington.edu, {ylan,jase,edinan}@fb.com",false,,,,"[{""raw_affiliation_text"": ""Facebook AI Research, New York, NY"", ""institution"": ""Facebook AI Research"", ""country"": null}]"
2021.naacl-main.237,,,,2021.naacl-main.237,done,Carnegie Mellon University,"# Example-Driven Intent Prediction with Observers

Shikib Mehri\* Mihail Eric

$\spadesuit$ Language Technologies Institute, Carnegie Mellon University, Amazon Alexa AI

amehri@cs.cmu.edu, mihaeric@amazon.com",false,,,,"[{""raw_affiliation_text"": ""Language Technologies Institute, Carnegie Mellon University, Amazon Alexa AI"", ""institution"": ""Carnegie Mellon University"", ""country"": null}]"
2021.naacl-main.24,,,,2021.naacl-main.24,done,IQVIA,"# EnSidNet: Enhanced Hybrid Siamese-Deep Network for grouping clinical trials into drug-development pathways

Lucia Pagani

Analytics Center of Excellence, IQVIA

Via Fabio Filzi 29, Milan, Italy

lucia.pagani@iqvia.com",false,,,,"[{""raw_affiliation_text"": ""Analytics Center of Excellence, IQVIA"", ""institution"": ""IQVIA"", ""country"": ""Italy""}]"
2021.naacl-main.240,,,,2021.naacl-main.240,done,Carnegie Mellon University,"# Controlling Dialogue Generation with Semantic Exemplars

Prakhar Gupta<sup>1</sup>, Jeffrey P. Bigham<sup>1,2</sup>, Yulia Tsvetkov<sup>1</sup>, Amy Pavel<sup>2</sup>

$^{1}$ Language Technologies Institute, Carnegie Mellon University, $^{2}$ Human-Computer Interaction Institute, Carnegie Mellon University, {prakharg, jbigham, ytsvetko, apavel} @cs.cmu.edu",false,,,,"[{""raw_affiliation_text"": ""Language Technologies Institute, Carnegie Mellon University"", ""institution"": ""Carnegie Mellon University"", ""country"": null}]"
2021.naacl-main.239,,,,2021.naacl-main.239,done,ASAPP | Columbia University,"# Action-Based Conversations Dataset: A Corpus for Building More In-Depth Task-Oriented Dialogue Systems

Derek Chen†, Howard Chen†, Yi Yang†, Alexander Lin†, Zhou Yu‡

†ASAPP, New York, NY 10007

$^{\ddagger}$ Columbia University, NY

$\dagger$ {dchen,hchen,yyang,alin}@asapp.com,zy2461@columbia.edu",false,,,,"[{""raw_affiliation_text"": ""ASAPP, New York, NY 10007"", ""institution"": ""ASAPP"", ""country"": ""USA""}, {""raw_affiliation_text"": ""Columbia University, NY"", ""institution"": ""Columbia University"", ""country"": ""USA""}]"
2021.naacl-main.238,,,,2021.naacl-main.238,done,Tencent Jarvis Lab | Université de Montréal | Sun Yat-sen University,"# Imperfect also Deserves Reward: Multi-Level and Sequential Reward Modeling for Better Dialog Management

Zhengxu Hou $^{1}$ , Bang Liu $^{2*}$ , Ruihui Zhao $^{1}$ , Zijing Ou $^{3}$ , Yafei Liu $^{1}$ , Xi Chen $^{1}$ , Yefeng Zheng $^{1}$

Tencent Jarvis Lab

$^{2}$ RALI & Mila, Université de Montréal $^{3}$ Sun Yat-sen University

holmes.hzx@gmail.com bang.liu@umontreal.ca ouzj@mail2.sysu.edu.cn

{zacharyzhao,davenliu,jasonxchen,yefengzheng}@tencent.com",false,,,,"[{""raw_affiliation_text"": ""Tencent Jarvis Lab"", ""institution"": ""Tencent Jarvis Lab"", ""country"": null}, {""raw_affiliation_text"": ""RALI & Mila, Université de Montréal"", ""institution"": ""Université de Montréal"", ""country"": null}, {""raw_affiliation_text"": ""Sun Yat-sen University"", ""institution"": ""Sun Yat-sen University"", ""country"": null}]"
2021.naacl-main.241,,,,2021.naacl-main.241,done,Carnegie Mellon University,"# COIL: Revisit Exact Lexical Match in Information Retrieval with Contextualized Inverted List

Luyu Gao, Zhuyun Dai, Jamie Callan

Language Technologies Institute

Carnegie Mellon University

{luyug, zhuyund, callan}@cs.cmu.edu",false,,,,"[{""raw_affiliation_text"": ""Language Technologies Institute Carnegie Mellon University"", ""institution"": ""Carnegie Mellon University"", ""country"": null}]"
2021.naacl-main.242,,,,2021.naacl-main.242,done,University of California San Diego,"# X-Class: Text Classification with Extremely Weak Supervision

Zihan Wang $^{1}$ Dheeraj Mekala $^{1}$ Jingbo Shang $^{1,2}$

$^{1}$ Department of Computer Science and Engineering, University of California San Diego, CA, USA

$^{2}$ Haliccioglu Data Science Institute, University of California San Diego, CA, USA

{ziw224, dmekala, jshang}@ucsd.edu",false,,,,"[{""raw_affiliation_text"": ""Department of Computer Science and Engineering, University of California San Diego, CA, USA"", ""institution"": ""University of California San Diego"", ""country"": ""USA""}]"
2021.naacl-main.243,,,,2021.naacl-main.243,done,Johns Hopkins University,"# Fine-tuning Encoders for Improved Monolingual and Zero-shot Polylingual Neural Topic Modeling

Aaron Mueller and Mark Dredze

Department of Computer Science

Johns Hopkins University

amueller@jhu.edu, mdredze@cs.jhu.edu",false,,,,"[{""raw_affiliation_text"": ""Department of Computer Science Johns Hopkins University"", ""institution"": ""Johns Hopkins University"", ""country"": null}]"
2021.naacl-main.244,,,,2021.naacl-main.244,done,Brigham Young University,"# Exploring the Relationship Between Algorithm Performance, Vocabulary, and Run-Time in Text Classification

Wilson Fearn

Brigham Young University
wilson.fearn@gmail.com

Orion Weller

Brigham Young University oweller@byu.edu

Kevin Seppi

Brigham Young University  
kseppi@byu.edu",false,,,,"[{""raw_affiliation_text"": ""Brigham Young University"", ""institution"": ""Brigham Young University"", ""country"": null}]"
2021.naacl-main.228,,,,2021.naacl-main.228,done,University of Warwick,"# A Disentangled Adversarial Neural Topic Model for Separating Opinions from Plots in User Reviews

Gabriele Pergola, Lin Gui, Yulan He

Department of Computer Science, University of Warwick, UK

{gabriele.pergola, lin GUIi, yulan.he} $@$ warwick.ac.uk",false,,,,"[{""raw_affiliation_text"": ""Department of Computer Science, University of Warwick, UK"", ""institution"": ""University of Warwick"", ""country"": ""UK""}]"
2021.naacl-main.246,,,,2021.naacl-main.246,done,Emory University | Amazon,"# You Sound Like Someone Who Watches Drama Movies: Towards Predicting Movie Preferences from Conversational Interactions

Sergey Volokhin*, Joyce Ho*, Oleg Rokhlenko+, and Eugene Agichtein*+

*Emory University, GA USA

+Amazon, Seattle, WA, USA

{svolokh,joyce.c.ho} $@$ emory.edu，{olegro,eugeneag}@amazon.com",false,,,,"[{""raw_affiliation_text"": ""Emory University, GA USA"", ""institution"": ""Emory University"", ""country"": ""USA""}, {""raw_affiliation_text"": ""Amazon, Seattle, WA, USA"", ""institution"": ""Amazon"", ""country"": ""USA""}]"
2021.naacl-main.245,,,,2021.naacl-main.245,done,Rutgers University,"# Faithfully Explainable Recommendation via Neural Logic Reasoning

Yaxin Zhu; Yikun Xian; Zuohui Fu; Gerard de Melo, Yongfeng Zhang  
Rutgers University, New Brunswick

{yaxin.a.zhu,yikun.xian,zuohui.fu}@rutgers.edu {gerard.demelo,yongfeng.zhang}@rutgers.edu",false,,,,"[{""raw_affiliation_text"": ""Rutgers University, New Brunswick"", ""institution"": ""Rutgers University"", ""country"": null}]"
2021.naacl-main.25,,,,2021.naacl-main.25,done,Bitdefender | University of Bucharest | Institute of Mathematics of the Romanian Academy,"# DATE: Detecting Anomalies in Text via Self-Supervision of Transformers

Andrei Manolache<sup>1,2</sup> and Florin Brad<sup>1</sup> and Elena Burceanu<sup>1,2,3</sup>

$^{1}$ Bitdefender

<sup>2</sup>University of Bucharest, Romania

$^{3}$ Institute of Mathematics of the Romanian Academy

{amanolache, fbrad, eburceanu}@bitdefender.com",false,,,,"[{""raw_affiliation_text"": ""Bitdefender"", ""institution"": ""Bitdefender"", ""country"": null}, {""raw_affiliation_text"": ""University of Bucharest, Romania"", ""institution"": ""University of Bucharest"", ""country"": ""Romania""}, {""raw_affiliation_text"": ""Institute of Mathematics of the Romanian Academy"", ""institution"": ""Institute of Mathematics of the Romanian Academy"", ""country"": null}]"
2021.naacl-main.250,,,,2021.naacl-main.250,done,The Ohio State University,"# Revisiting Document Representations for Large-Scale Zero-Shot Learning

Jihyung Kil

The Ohio State University

Columbus, Ohio, USA

kil.5@osu.edu

Wei-Lun Chao

The Ohio State University

Columbus, Ohio, USA

chao.209@osu.edu",false,,,,"[{""raw_affiliation_text"": ""The Ohio State University, Columbus, Ohio, USA"", ""institution"": ""The Ohio State University"", ""country"": ""USA""}]"
2021.naacl-main.248,,,,2021.naacl-main.248,done,"Georgia Tech | Facebook AI Research | University of California, San Diego | Salesforce Research","# SOrT-ing VQA Models : Contrastive Gradient Learning for Improved Consistency

Sameer Dharur<sup>1</sup> Purva Tendulkar<sup>1→3</sup>

Dhruv Batra $^{1,2}$ Devi Parikh $^{1,2}$ Ramprasaath R. Selvaraju $^{1\rightarrow 4}$

{sameerdharur, purva, dbatra, parikh, ramprs}@gatech.edu

$^{1}$ Georgia Tech $^{2}$ Facebook AI Research $^{3}$ University of California, San Diego $^{4}$ Salesforce Research",false,,,,"[{""raw_affiliation_text"": ""Georgia Tech"", ""institution"": ""Georgia Tech"", ""country"": null}, {""raw_affiliation_text"": ""Facebook AI Research"", ""institution"": ""Facebook AI Research"", ""country"": null}, {""raw_affiliation_text"": ""University of California, San Diego"", ""institution"": ""University of California, San Diego"", ""country"": null}, {""raw_affiliation_text"": ""Salesforce Research"", ""institution"": ""Salesforce Research"", ""country"": null}]"
2021.naacl-main.249,,,,2021.naacl-main.249,done,UC Santa Barbara,"# Semi-Supervised Policy Initialization for Playing Games with Language Hints

Tsu-Jui Fu and William Yang Wang

UC Santa Barbara

{tsu-juifu, william}@cs.ucsb.edu",false,,,,"[{""raw_affiliation_text"": ""UC Santa Barbara"", ""institution"": ""UC Santa Barbara"", ""country"": null}]"
2021.naacl-main.247,,,,2021.naacl-main.247,done,Princeton University | Microsoft Research,"# Reading and Acting while Blindfolded: The Need for Semantics in Text Game Agents

Shunyu Yao†* Karthik Narasimhan† Matthew Hausknecht‡

†Princeton University ‡Microsoft Research

{shunyuy, karthikn}@princeton.edu

matthew.hausknecht@microsoft.com",false,,,,"[{""raw_affiliation_text"": ""Princeton University"", ""institution"": ""Princeton University"", ""country"": null}, {""raw_affiliation_text"": ""Microsoft Research"", ""institution"": ""Microsoft Research"", ""country"": null}]"
2021.naacl-main.253,,,,2021.naacl-main.253,done,Google Research,"# Quality Estimation for Image Captions Based on Large-scale Human Evaluations

Tomer Levinboim

Ashish V. Thapliyal

Piyush Sharma

Radu Soricut

Google Research

Venice, CA 90291

{tomrl,asht,piyushsharma,rsoricut}@google.com",false,,,,"[{""raw_affiliation_text"": ""Google Research"", ""institution"": ""Google Research"", ""country"": null}]"
2021.naacl-main.252,,,,2021.naacl-main.252,done,"Imperial College London | University of California, Irvine","# SentSim: Crosslingual Semantic Evaluation of Machine Translation

Yurun Song*

Imperial College London UK

yurun.song19@imperial.ac.uk

Junchen Zhao*

University of California, Irvine CA, US

junchez3@uci.edu

Lucia Specia

Imperial College London UK

1.specia@imperial.ac.uk",false,,,,"[{""raw_affiliation_text"": ""Imperial College London UK"", ""institution"": ""Imperial College London"", ""country"": ""UK""}, {""raw_affiliation_text"": ""University of California, Irvine CA, US"", ""institution"": ""University of California, Irvine"", ""country"": ""US""}]"
2021.naacl-main.251,,,,2021.naacl-main.251,done,University of Alberta | Ed Te KLA Research Group,"# Negative language transfer in learner English: A new dataset

Leticia Farias Wanderley

Nicole Zhao

Carrie Demmans Epp

EdTeKLA Research Group

Department of Computing Science

University of Alberta

{fariaswa,zzhaol,cdemmansepp}@ualberta.ca",false,,,,"[{""raw_affiliation_text"": ""Department of Computing Science, University of Alberta"", ""institution"": ""University of Alberta"", ""country"": null}, {""raw_affiliation_text"": ""EdTeKLA Research Group"", ""institution"": ""Ed Te KLA Research Group"", ""country"": null}]"
2021.naacl-main.255,,,,2021.naacl-main.255,done,UC Berkeley,"# News Headline Grouping as a Challenging NLU Task

Philippe Laban

UC Berkeley

Lucas Bandarkar

UC Berkeley

Marti A. Hearst*

UC Berkeley",false,,,,"[{""raw_affiliation_text"": ""UC Berkeley"", ""institution"": ""UC Berkeley"", ""country"": null}]"
2021.naacl-main.256,,,,2021.naacl-main.256,done,"University of Maryland | Dataminr, Inc.","# Olá, Bonjour, Salve!  
XFORMAL: A Benchmark for Multilingual Formality Style Transfer

Eleftheria Briakou*  
University of Maryland  
ebriakou@cs.umd.edu

Di Lu
Dataminr, Inc.
dlu@dataminr.com

Ke Zhang  
Dataminr, Inc.  
kzhang@dataminr.com

Joel Tetreault  
Dataminr, Inc.  
etreault@dataminr.com",false,,,,"[{""raw_affiliation_text"": ""University of Maryland"", ""institution"": ""University of Maryland"", ""country"": null}, {""raw_affiliation_text"": ""Dataminr, Inc."", ""institution"": ""Dataminr, Inc."", ""country"": null}]"
2021.naacl-main.257,,,,2021.naacl-main.257,done,Stevens Institute of Technology | University of Illinois at Chicago,"# Grouping Words with Semantic Diversity

Karine Chubarian $^{\S}$ = Abdul Rafae Khan $^{\dagger}$ = Anastasios Sidiropoulos $^{\S}$ = Jia Xu $^{\dagger}$ *

$^{\dagger}$ Department of Computer Science, Stevens Institute of Technology

{akhan4, jxu70}@stevens.edu

$^{\S}$ Department of Computer Science and Technology, University of Illinois at Chicago

{kchuba2, sidiropo}@uic.edu",false,,,,"[{""raw_affiliation_text"": ""Department of Computer Science, Stevens Institute of Technology"", ""institution"": ""Stevens Institute of Technology"", ""country"": null}, {""raw_affiliation_text"": ""Department of Computer Science and Technology, University of Illinois at Chicago"", ""institution"": ""University of Illinois at Chicago"", ""country"": null}]"
2021.naacl-main.258,,,,2021.naacl-main.258,done,University of Rochester | Baidu Research | University of Macau,"# Noise Stability Regularization for Improving BERT Fine-tuning

Hang Hua $^{1*†}$ , Xingjian Li $^{2,3*}$ , Dejing Dou $^{2\boxtimes}$ , Chengzhong Xu $^{3}$ , Jiebo Luo $^{1}$

<sup>1</sup>University of Rochester, Rochester, NY, USA

{hhua2, jluo}@cs.ROchester.edu

$^{2}$ Big Data Lab, Baidu Research, Beijing, China

{lixingjian, doudejing}@baidu.com

$^{3}$ Department of Computer Science, University of Macau, Macau, China

czxu@um.edu.mo",false,,,,"[{""raw_affiliation_text"": ""University of Rochester, Rochester, NY, USA"", ""institution"": ""University of Rochester"", ""country"": ""USA""}, {""raw_affiliation_text"": ""Big Data Lab, Baidu Research, Beijing, China"", ""institution"": ""Baidu Research"", ""country"": ""China""}, {""raw_affiliation_text"": ""Department of Computer Science, University of Macau, Macau, China"", ""institution"": ""University of Macau"", ""country"": ""China""}]"
2021.naacl-main.254,,,,2021.naacl-main.254,done,University of Southern California | Rollins College | CUNY Lehman College,"# CaSiNo: A Corpus of Campsite Negotiation Dialogues for Automatic Negotiation Systems

Kushal Chawla $^{1}$ Jaysa Ramirez $^{2*}$ Rene Clever $^{3*}$ Gale Lucas $^{1}$ Jonathan May $^{4}$ Jonathan Gratch $^{1}$

$^{1\&4}$ University of Southern California, Los Angeles, USA

$^{2}$ Rollins College, Winter Park, USA $^{3}$ CUNY Lehman College, Bronx, USA

1{chawla, lucas, gratch}@ict.usc.edu

$^{2}$ jramirez@rollins.edu $^{3}$ rene.clever@lc.cuny.edu

4jonmay@isi.edu",false,,,,"[{""raw_affiliation_text"": ""University of Southern California, Los Angeles, USA"", ""institution"": ""University of Southern California"", ""country"": ""USA""}, {""raw_affiliation_text"": ""Rollins College, Winter Park, USA"", ""institution"": ""Rollins College"", ""country"": ""USA""}, {""raw_affiliation_text"": ""CUNY Lehman College, Bronx, USA"", ""institution"": ""CUNY Lehman College"", ""country"": ""USA""}]"
2021.naacl-main.26,,,,2021.naacl-main.26,done,HSE University,"# A Simple Approach for Handling Out-of-Vocabulary Identifiers in Deep Learning for Source Code

Nadezhda Chirkova* and Sergey Troshin*

HSE University

Moscow, Russia

{nchirkova, stroshin}@hse.ru",false,,,,"[{""raw_affiliation_text"": ""HSE University, Moscow, Russia"", ""institution"": ""HSE University"", ""country"": ""Russia""}]"
2021.naacl-main.259,,,,2021.naacl-main.259,done,University of Chicago | Toyota Technological Institute at Chicago,"# FlowPrior: Learning Expressive Priors for Latent Variable Sentence Models

Xiaoan Ding

University of Chicago

Chicago, IL, 60637, USA

xiaoanding@uchicago.edu

Kevin Gimpel

Toyota Technological Institute at Chicago

Chicago, IL, 60637, USA

kgimpel@ttic.edu",false,,,,"[{""raw_affiliation_text"": ""University of Chicago, Chicago, IL, 60637, USA"", ""institution"": ""University of Chicago"", ""country"": ""USA""}, {""raw_affiliation_text"": ""Toyota Technological Institute at Chicago, Chicago, IL, 60637, USA"", ""institution"": ""Toyota Technological Institute at Chicago"", ""country"": ""USA""}]"
2021.naacl-main.261,,,,2021.naacl-main.261,done,"Institute of Automation, CAS | University of Chinese Academy of Sciences | Beijing Unisound Information Technology Co., Ltd.","# Knowledge Guided Metric Learning for Few-Shot Text Classification

Dianbo Sui $^{1,2}$ , Yubo Chen $^{1,2}$ , Binjie Mao $^{1,2}$ , Delai Qiu $^{3}$ , Kang Liu $^{1,2}$ , Jun Zhao $^{1,2}$

$^{1}$ National Laboratory of Pattern Recognition, Institute of Automation, CAS

$^{2}$ School of Artificial Intelligence, University of Chinese Academy of Sciences

<sup>3</sup> Beijing Unisound Information Technology Co., Ltd.

{dianbo.sui, yubo.chen, binjie.mao, kliu, jzhao}@nlpr.ia.ac.cn

qiudelai@unisound.com",false,,,,"[{""raw_affiliation_text"": ""National Laboratory of Pattern Recognition, Institute of Automation, CAS"", ""institution"": ""Institute of Automation, CAS"", ""country"": null}, {""raw_affiliation_text"": ""School of Artificial Intelligence, University of Chinese Academy of Sciences"", ""institution"": ""University of Chinese Academy of Sciences"", ""country"": null}, {""raw_affiliation_text"": ""Beijing Unisound Information Technology Co., Ltd."", ""institution"": ""Beijing Unisound Information Technology Co., Ltd."", ""country"": null}]"
2021.naacl-main.266,,,,2021.naacl-main.266,done,Imperial College London | Amazon AI,"# Knowledge-Driven Slot Constraints for Goal-Oriented Dialogue Systems

Piyawat Lertvittayakumjorn*

Imperial College London

pl1515@ic.ac.uk

Daniele Bonadiman

Amazon AI

dbonadim@amazon.com

Saab Mansour

Amazon AI

saabm@amazon.com",false,,,,"[{""raw_affiliation_text"": ""Imperial College London"", ""institution"": ""Imperial College London"", ""country"": null}, {""raw_affiliation_text"": ""Amazon AI"", ""institution"": ""Amazon AI"", ""country"": null}]"
2021.naacl-main.260,,,,2021.naacl-main.260,done,University of Illinois at Chicago | Beihang University | Tianjin University,"# HTCInfoMax: A Global Model for Hierarchical Text Classification via Information Maximization

Zhongfen Deng $^{1}$ , Hao Peng $^{2,3}$ , Dongxiao He $^{4}$ , Jianxin Li $^{2}$ , Philip S. Yu $^{1}$

$^{1}$ Department of Computer Science, University of Illinois at Chicago, Chicago, USA $^{2}$ BDBC, Beihang University, Beijing, China

$^{3}$ School of Cyber Science and Technology, Beihang University, Beijing, China $^{4}$ School of Computer Science and Technology, Tianjin University, Tianjin, China  
{zdeng21,psyu}@uic.edu, {penghao,lijx} @act.buaa.edu.cn hedongxiao@tju.edu.cn",false,,,,"[{""raw_affiliation_text"": ""Department of Computer Science, University of Illinois at Chicago, Chicago, USA"", ""institution"": ""University of Illinois at Chicago"", ""country"": ""USA""}, {""raw_affiliation_text"": ""BDBC, Beihang University, Beijing, China"", ""institution"": ""Beihang University"", ""country"": ""China""}, {""raw_affiliation_text"": ""School of Computer Science and Technology, Tianjin University, Tianjin, China"", ""institution"": ""Tianjin University"", ""country"": ""China""}]"
2021.naacl-main.262,,,,2021.naacl-main.262,done,Technion | Net App,"# Ensemble of MRR and NDCG models for Visual Dialog

Idan Schwartz

Technion

NetApp

idansc@cs.technion.ac.il",false,,,,"[{""raw_affiliation_text"": ""Technion"", ""institution"": ""Technion"", ""country"": null}, {""raw_affiliation_text"": ""NetApp"", ""institution"": ""Net App"", ""country"": null}]"
2021.naacl-main.263,,,,2021.naacl-main.263,done,University of Trento | Amazon Alexa AI,"# Supervised Neural Clustering via Latent Structured Output Learning: Application to Question Intents

Iryna Haponchyk

DISI, University of Trento

Povo (TN), Italy

gaponchik. irina@gmail.com

Alessandro Moschitti

Amazon Alexa AI

Manhattan Beach, CA, USA

amosch@amazon.com",false,,,,"[{""raw_affiliation_text"": ""DISI, University of Trento"", ""institution"": ""University of Trento"", ""country"": ""Italy""}, {""raw_affiliation_text"": ""Amazon Alexa AI"", ""institution"": ""Amazon Alexa AI"", ""country"": ""USA""}]"
2021.naacl-main.267,,,,2021.naacl-main.267,done,University of Cambridge,"# Clipping Loops for Sample-Efficient Dialogue Policy Optimisation

Yen-Chen Wu  
University of Cambridge  
ycw30@cam.ac.uk

Carl Edward Rasmussen  
University of Cambridge  
cer54@cam.ac.uk",false,,,,"[{""raw_affiliation_text"": ""University of Cambridge"", ""institution"": ""University of Cambridge"", ""country"": null}]"
2021.naacl-main.264,,,,2021.naacl-main.264,done,Poly AI Ltd | University of Cambridge,"# ConvEx: Data-Efficient and Few-Shot Slot Labeling

Matthew Henderson<sup>1</sup> and Ivan Vulić<sup>1,2</sup>

$^{1}$ PolyAI Ltd, London, UK

$^{2}$ Language Technology Lab, University of Cambridge, UK

ivan@polyai.com",false,,,,"[{""raw_affiliation_text"": ""PolyAI Ltd, London, UK"", ""institution"": ""Poly AI Ltd"", ""country"": ""UK""}, {""raw_affiliation_text"": ""Language Technology Lab, University of Cambridge, UK"", ""institution"": ""University of Cambridge"", ""country"": ""UK""}]"
2021.naacl-main.265,,,,2021.naacl-main.265,done,University of Cambridge | Apple,"# CREAD: Combined Resolution of Ellipses and Anaphora in Dialogues

Bo-Hsiang Tseng $^{1*}$ , Shruti Bhargava $^{2}$ , Jiarui Lu $^{2}$ Joel Ruben Antony Moniz $^{2}$ , Dhivya Piraviperumal $^{2}$ , Lin Li $^{2}$ , Hong Yu $^{2}$ $^{1}$ Engineering Department, University of Cambridge, UK $^{2}$ Apple  
bht26@cam.ac.uk  
{shruti_bhargava, jiarui LU, joelrubenantony_moniz, dhivyaprp, lli9, hong_yu}@apple.com",false,,,,"[{""raw_affiliation_text"": ""Engineering Department, University of Cambridge, UK"", ""institution"": ""University of Cambridge"", ""country"": ""UK""}, {""raw_affiliation_text"": ""Apple"", ""institution"": ""Apple"", ""country"": null}]"
2021.naacl-main.268,,,,2021.naacl-main.268,done,Macquarie University and CSIRO | CSIRO | Oracle Digital Assistant,"# Integrating Lexical Information into Entity Neighbourhood Representations for Relation Prediction

Ian David Wood

Macquarie University and CSIRO, Australia

ian.wood@mq.edu.au

Stephen Wan

CSIRO, Australia

Stephen.Wan@

data61.csiro.au

Mark Johnson

Oracle Digital Assistant

mark.mj.johnson@

oracle.com",false,,,,"[{""raw_affiliation_text"": ""Macquarie University and CSIRO, Australia"", ""institution"": ""Macquarie University and CSIRO"", ""country"": ""Australia""}, {""raw_affiliation_text"": ""CSIRO, Australia"", ""institution"": ""CSIRO"", ""country"": ""Australia""}, {""raw_affiliation_text"": ""Oracle Digital Assistant"", ""institution"": ""Oracle Digital Assistant"", ""country"": null}]"
2021.naacl-main.269,,,,2021.naacl-main.269,done,Alibaba Group | University of Edinburgh | Zhejiang University | Guizhou University,"# Noisy-Labeled NER with Confidence Estimation

Kun Liu $^{1*}$ Yao Fu $^{2*}$ Chuanqi Tan $^{1\dagger}$ Mosha Chen $^{1}$

Ningyu Zhang $^{3}$ Songfang Huang $^{1}$ Sheng Gao $^{4}$

$^{1}$ Alibaba Group $^{2}$ University of Edinburgh $^{3}$ Zhejiang University

<sup>4</sup> Guizhou Provincial Key Laboratory of Public Big Data, Guizhou University

{kun.liu624; sheng.gao.81}@gmail.com yao.fu@ed.ac.uk {chuanqi.tcq; chenmosha.cms; songfang.hsf}@alibaba-inc.com zhangningyu@zju.edu.cn",false,,,,"[{""raw_affiliation_text"": ""Alibaba Group"", ""institution"": ""Alibaba Group"", ""country"": null}, {""raw_affiliation_text"": ""University of Edinburgh"", ""institution"": ""University of Edinburgh"", ""country"": null}, {""raw_affiliation_text"": ""Zhejiang University"", ""institution"": ""Zhejiang University"", ""country"": null}, {""raw_affiliation_text"": ""Guizhou Provincial Key Laboratory of Public Big Data, Guizhou University"", ""institution"": ""Guizhou University"", ""country"": null}]"
2021.naacl-main.275,,,,2021.naacl-main.275,done,Adobe Research,"# Multi-Style Transfer with Discriminative Feedback on Disjoint Corpus

Navita Goyal, Balaji Vasan Srinivasan, Anandhavelu N, Abhilasha Sancheti

Adobe Research, India

{navgoyal, balsrini, anandvn, sancheti} $@$ adobe.com",false,,,,"[{""raw_affiliation_text"": ""Adobe Research, India"", ""institution"": ""Adobe Research"", ""country"": ""India""}]"
2021.naacl-main.273,,,,2021.naacl-main.273,done,Vin AI Research | University of Oregon,"# Graph Convolutional Networks for Event Causality Identification with Rich Document-level Structures

MinhTranPhu

VinAI Research

Hanoi, Vietnam

v.minhttp@vinai.io

Thien Huu Nguyen

Department of Computer and Information Science

University of Oregon, Eugene, Oregon, USA

thien@cs.uoregon.edu",false,,,,"[{""raw_affiliation_text"": ""VinAI Research, Hanoi, Vietnam"", ""institution"": ""Vin AI Research"", ""country"": ""Vietnam""}, {""raw_affiliation_text"": ""Department of Computer and Information Science, University of Oregon, Eugene, Oregon, USA"", ""institution"": ""University of Oregon"", ""country"": ""USA""}]"
2021.naacl-main.272,,,,2021.naacl-main.272,done,National Taiwan University | National Cheng Kung University,"# ZS-BERT: Towards Zero-Shot Relation Extraction with Attribute Representation Learning

Chih-Yao Chen

Program of Data Science

National Taiwan University

Taipei, Taiwan

r09946001@ntu.edu.tw

Cheng-Te Li

Institute of Data Science

National Cheng Kung University

Tainan, Taiwan

chengte@ncku.edu.tw",false,,,,"[{""raw_affiliation_text"": ""Program of Data Science, National Taiwan University, Taipei, Taiwan"", ""institution"": ""National Taiwan University"", ""country"": ""Taiwan""}, {""raw_affiliation_text"": ""Institute of Data Science, National Cheng Kung University, Tainan, Taiwan"", ""institution"": ""National Cheng Kung University"", ""country"": ""Taiwan""}]"
2021.naacl-main.270,,,,2021.naacl-main.270,done,Sony Corporation | U Mass Amherst | Adobe Research,"# TABBIE: Pretrained Representations of Tabular Data

Hiroshi Iida† Dung Thai‡ Varun Manjunatha§ Mohit Iyyer‡

†Sony Corporation ‡UMass Amherst §Adobe Research

hiroshi.iida@sony.com

{dthai,miyyer}@cs.umass.edu

vmanjuna@adobe.com",false,,,,"[{""raw_affiliation_text"": ""Sony Corporation"", ""institution"": ""Sony Corporation"", ""country"": null}, {""raw_affiliation_text"": ""UMass Amherst"", ""institution"": ""U Mass Amherst"", ""country"": null}, {""raw_affiliation_text"": ""Adobe Research"", ""institution"": ""Adobe Research"", ""country"": null}]"
2021.naacl-main.274,,,,2021.naacl-main.274,done,University of Illinois at Urbana-Champaign | Adobe Research,"# A Context-Dependent Gated Module for Incorporating Symbolic Semantics into Event Coreference Resolution

Tuan Lai, Heng Ji  
University of Illinois at Urbana-Champaign  
{tuanml2, hengji} @illinois.edu  
Trung Bui, Quan Hung Tran, Franck Dernoncourt, Walter Chang  
Adobe Research  
{bui, qtran, franck.dernoncourt, wachang} @adobe.com",false,,,,"[{""raw_affiliation_text"": ""University of Illinois at Urbana-Champaign"", ""institution"": ""University of Illinois at Urbana-Champaign"", ""country"": ""USA""}, {""raw_affiliation_text"": ""Adobe Research"", ""institution"": ""Adobe Research"", ""country"": null}]"
2021.naacl-main.276,,,,2021.naacl-main.276,done,UC Berkeley,"# FUDGE: Controlled Text Generation With Future Discriminators

Kevin Yang

UC Berkeley

yangk@berkeley.edu

Dan Klein

UC Berkeley

klein@berkeley.edu",false,,,,"[{""raw_affiliation_text"": ""UC Berkeley"", ""institution"": ""UC Berkeley"", ""country"": null}]"
2021.naacl-main.277,,,,2021.naacl-main.277,done,Georgia Institute of Technology | University of Sheffield,"# Controllable Text Simplification with Explicit Paraphrasing

Mounica Maddela<sup>1</sup>, Fernando Alva-Manchego<sup>2</sup>, Wei Xu<sup>1</sup>

<sup>1</sup>School of Interactive Computing, Georgia Institute of Technology

$^{2}$ Department of Computer Science, University of Sheffield

{mounica.maddela, wei.xu}@cc.gatech.edu f.alva@sheffield.ac.uk",false,,,,"[{""raw_affiliation_text"": ""School of Interactive Computing, Georgia Institute of Technology"", ""institution"": ""Georgia Institute of Technology"", ""country"": null}, {""raw_affiliation_text"": ""Department of Computer Science, University of Sheffield"", ""institution"": ""University of Sheffield"", ""country"": null}]"
2021.naacl-main.278,,,,2021.naacl-main.278,done,University of Pennsylvania | Google Research,"# Knowledge Graph Based Synthetic Corpus Generation for Knowledge-Enhanced Language Model Pre-training

Oshin Agarwal*¹ Heming Ge² Siamak Shakeri² Rami Al-Rfou²

<sup>1</sup> University of Pennsylvania <sup>2</sup>Google Research

oagarwal@seas.upenn.edu, {hemingge, siamaks, rmyeid}@google.com",false,,,,"[{""raw_affiliation_text"": ""University of Pennsylvania"", ""institution"": ""University of Pennsylvania"", ""country"": null}, {""raw_affiliation_text"": ""Google Research"", ""institution"": ""Google Research"", ""country"": null}]"
2021.naacl-main.28,,,,2021.naacl-main.28,done,Technische Universität Darmstadt,"# Augmented SBERT: Data Augmentation Method for Improving Bi-Encoders for Pairwise Sentence Scoring Tasks

Nandan Thakur, Nils Reimers, Johannes Daxenberger and Iryna Gurevych

Ubiquitous Knowledge Processing Lab (UKP-TUDA)

Department of Computer Science, Technische Universität Darmstadt

www.ukp.tu-darmstadt.de",false,,,,"[{""raw_affiliation_text"": ""Ubiquitous Knowledge Processing Lab (UKP-TUDA)"", ""institution"": ""Technische Universität Darmstadt"", ""country"": null}]"
2021.naacl-main.271,,,,2021.naacl-main.271,done,Singapore University of Technology and Design | Alibaba Group | Byte Dance,"# Better Feature Integration for Named Entity Recognition

Lu Xu $^{1,2}$ , Zhanming Jie $^{1,3}$ , Wei Lu $^{1}$ , Lidong Bing $^{2}$

$^{1}$ StatNLP Research Group, Singapore University of Technology and Design

2 DAMO Academy, Alibaba Group 3 ByteDance

xu LU@mymail.sutd.edu.sg, allan@bytedance.com

luwei@sutd.edu.sg, l.bing@alibaba-inc.com",false,,,,"[{""raw_affiliation_text"": ""StatNLP Research Group, Singapore University of Technology and Design"", ""institution"": ""Singapore University of Technology and Design"", ""country"": ""null""}, {""raw_affiliation_text"": ""DAMO Academy, Alibaba Group"", ""institution"": ""Alibaba Group"", ""country"": ""null""}, {""raw_affiliation_text"": ""ByteDance"", ""institution"": ""Byte Dance"", ""country"": ""null""}]"
2021.naacl-main.283,,,,2021.naacl-main.283,done,University of Southern California | Adobe Research,"# X-METRA-ADA: Cross-lingual Meta-Transfer Learning Adaptation to Natural Language Understanding and Question Answering

Meryem M'hamdi $^{1*}$ , Doo Soon Kim $^{2}$ , Franck Dernoncourt $^{2}$ , Trung Bui $^{2}$ , Xiang Ren $^{1}$ and Jonathan May $^{1}$

<sup>1</sup>Information Sciences Institute, University of Southern California

{meryem, xiangren, jonmay} @isi.edu

2Adobe Research

{dkim, franck.dernoncourt, bui} @adobe.com",false,,,,"[{""raw_affiliation_text"": ""Information Sciences Institute, University of Southern California"", ""institution"": ""University of Southern California"", ""country"": null}, {""raw_affiliation_text"": ""Adobe Research"", ""institution"": ""Adobe Research"", ""country"": null}]"
2021.naacl-main.279,,,,2021.naacl-main.279,done,University of Washington | Allen Institute for Artificial Intelligence,"# Choose Your Own Adventure: Paired Suggestions in Collaborative Writing for Evaluating Story Generation Models

Elizabeth Clark<sup>1</sup> and Noah A. Smith<sup>1,2</sup>

Paul G. Allen School of Computer Science & Engineering, University of Washington

2Allen Institute for Artificial Intelligence

{eaclark7, nasmith}@cs.washington.edu",false,,,,"[{""raw_affiliation_text"": ""Paul G. Allen School of Computer Science & Engineering, University of Washington"", ""institution"": ""University of Washington"", ""country"": null}, {""raw_affiliation_text"": ""Allen Institute for Artificial Intelligence"", ""institution"": ""Allen Institute for Artificial Intelligence"", ""country"": null}]"
2021.naacl-main.281,,,,2021.naacl-main.281,done,Alibaba Group,"# Context-Interactive Pre-Training for Document Machine Translation

Pengcheng Yang, Pei Zhang, Boxing Chen, Jun Xie, Weihua Luo

Machine Intelligence Technology Lab

Alibaba Group

Hangzhou, China

{mingyang.ypc, xiaoyi.zp, boxing.cbx, qingjing.xj, weihua.luowh} @alibaba-inc.com",false,,,,"[{""raw_affiliation_text"": ""Machine Intelligence Technology Lab, Alibaba Group, Hangzhou, China"", ""institution"": ""Alibaba Group"", ""country"": ""China""}]"
2021.naacl-main.280,,,,2021.naacl-main.280,done,Beijing Institute of Technology | Microsoft Corporation,"# INFOXLM: An Information-Theoretic Framework for Cross-Lingual Language Model Pre-Training

Zewen Chi†‡*, Li Dong‡, Furu Wei‡, Nan Yang‡, Saksham Singhal‡, Wenhui Wang‡, Xia Song‡, Xian-Ling Mao†, Heyan Huang†, Ming Zhou‡

$^{\dagger}$ Beijing Institute of Technology

Microsoft Corporation

{czw,maoxl,hhy63}@bit.edu.cn

{lidong1, fuwei, nanya, saksingh, wenwan, xiao}@microsoft.com",false,,,,"[{""raw_affiliation_text"": ""Beijing Institute of Technology"", ""institution"": ""Beijing Institute of Technology"", ""country"": null}, {""raw_affiliation_text"": ""Microsoft Corporation"", ""institution"": ""Microsoft Corporation"", ""country"": null}]"
2021.naacl-main.285,,,,2021.naacl-main.285,done,Baidu Research,"# Cross-lingual Cross-modal Pretraining for Multimodal Retrieval

Hongliang Fei, Tan Yu, Ping Li

Cognitive Computing Lab

Baidu Research

10900 NE 8th St, Bellevue, WA 98004, USA

{hongliangfei, tanyu01, liping11}@baidu.com",false,,,,"[{""raw_affiliation_text"": ""Cognitive Computing Lab Baidu Research 10900 NE 8th St, Bellevue, WA 98004, USA"", ""institution"": ""Baidu Research"", ""country"": ""USA""}]"
2021.naacl-main.284,,,,2021.naacl-main.284,done,Carnegie Mellon University | Google Research,"# Explicit Alignment Objectives for Multilingual Bidirectional Encoders

Junjie Hu<sup>1*</sup>, Melvin Johnson<sup>2</sup>, Orhan Firat<sup>2</sup>, Aditya Siddhant<sup>2</sup>, Graham Neubig<sup>1</sup>  
<sup>1</sup>Carnegie Mellon University, <sup>2</sup>Google Research

{junjieh,gneubig}@cs.cmu.edu,{melvinp,orhanf,adisid}@google.com",false,,,,"[{""raw_affiliation_text"": ""Carnegie Mellon University"", ""institution"": ""Carnegie Mellon University"", ""country"": null}, {""raw_affiliation_text"": ""Google Research"", ""institution"": ""Google Research"", ""country"": null}]"
2021.naacl-main.288,,,,2021.naacl-main.288,done,Google Research,"# Adaptable and Interpretable Neural Memory Over Symbolic Knowledge

Pat Verga*, Haitian Sun*, Livio Baldini Soares, William W. Cohen

Google Research

{patverga, haitiansun, liviobs, wcohen} $@$ google.com",false,,,,"[{""raw_affiliation_text"": ""Google Research"", ""institution"": ""Google Research"", ""country"": null}]"
2021.naacl-main.287,,,,2021.naacl-main.287,done,UNC Chapel Hill,"# MULTIPROVER: Generating Multiple Proofs for Improved Interpretability in Rule Reasoning

Swarnadeep Saha Prateek Yadav Mohit Bansal

UNC Chapel Hill

{swarna, prateek, mbansal}@cs.unc.edu",false,,,,"[{""raw_affiliation_text"": ""UNC Chapel Hill"", ""institution"": ""UNC Chapel Hill"", ""country"": null}]"
2021.naacl-main.29,,,,2021.naacl-main.29,done,Tel Aviv University | Allen Institute for AI,"# SMBOP: Semi-autoregressive Bottom-up Semantic Parsing

Ohad Rubin  
Tel Aviv University  
ohadr@mail.tau.ac.il

Jonathan Berant  
Tel Aviv University  
Allen Institute for AI  
joberant@cs.tau.ac.il",false,,,,"[{""raw_affiliation_text"": ""Tel Aviv University"", ""institution"": ""Tel Aviv University"", ""country"": null}, {""raw_affiliation_text"": ""Allen Institute for AI"", ""institution"": ""Allen Institute for AI"", ""country"": null}]"
2021.naacl-main.286,,,,2021.naacl-main.286,done,New York University | University of Amsterdam | University of Helsinki | University of Copenhagen,"# Wikipedia Entities as Rendezvous across Languages: Grounding Multilingual Language Models by Predicting Wikipedia Hyperlinks

Iacer Calixto $^{1,2}$ Alessandro Raganato $^{3}$ Tommaso Pasini $^{4,*}$

$^{1}$ Center for Data Science, New York University $^{2}$ ILLCC, University of Amsterdam

$^{3}$ Department of Digital Humanities, University of Helsinki, Finland

$^{4}$ Department of Computer Science, University of Copenhagen

iacer.calixto@nyu.edu, alessandro.raganato@helsinki.fi,

tommaso.pasini@di.ku.dk",false,,,,"[{""raw_affiliation_text"": ""Center for Data Science, New York University"", ""institution"": ""New York University"", ""country"": null}, {""raw_affiliation_text"": ""ILLCC, University of Amsterdam"", ""institution"": ""University of Amsterdam"", ""country"": null}, {""raw_affiliation_text"": ""Department of Digital Humanities, University of Helsinki, Finland"", ""institution"": ""University of Helsinki"", ""country"": ""Finland""}, {""raw_affiliation_text"": ""Department of Computer Science, University of Copenhagen"", ""institution"": ""University of Copenhagen"", ""country"": null}]"
2021.naacl-main.289,,,,2021.naacl-main.289,done,Arizona State University,"# CLEVR_HYP: A Challenge Dataset and Baselines for Visual Question Answering with Hypothetical Actions over Images

Shailaja Keyur Sampat,\* Akshay Kumar, Yezhou Yang and Chitta Baral

Arizona State University, USA

{ssampa17,akuma216,yz.yang，chitta}@asu.edu",false,,,,"[{""raw_affiliation_text"": ""Arizona State University, USA"", ""institution"": ""Arizona State University"", ""country"": ""USA""}]"
2021.naacl-main.282,,,,2021.naacl-main.282,done,Salesforce Research Asia | National University of Singapore | Nanyang Technological University,"# Code-Mixing on Sesame Street: Dawn of the Adversarial Polyglots

Samson Tan§\ Shafiq Joty§‡

§Salesforce Research Asia \National University of Singapore ‡Nanyang Technological University

{samson.tan,sjoty}@salesforce.com",false,,,,"[{""raw_affiliation_text"": ""Salesforce Research Asia"", ""institution"": ""Salesforce Research Asia"", ""country"": null}, {""raw_affiliation_text"": ""National University of Singapore"", ""institution"": ""National University of Singapore"", ""country"": null}, {""raw_affiliation_text"": ""Nanyang Technological University"", ""institution"": ""Nanyang Technological University"", ""country"": null}]"
2021.naacl-main.291,,,,2021.naacl-main.291,done,Princeton University,"# Universal Adversarial Attacks with Natural Triggers for Text Classification

Liwei Song

Xinwei $\mathbf{Y}\mathbf{u}^{\S}$

Hsuan-Tung Peng

Karthik Narasimhan

Princeton University

{liweis, xinwei, hsuantungp, karthikon}@princeton.edu",false,,,,"[{""raw_affiliation_text"": ""Princeton University"", ""institution"": ""Princeton University"", ""country"": null}]"
2021.naacl-main.290,,,,2021.naacl-main.290,done,Stanford University,"# Refining Targeted Syntactic Evaluation of Language Models

Benjamin Newman

Kai-Siang Ang

Julia Gong

John Hewitt

Department of Computer Science

Stanford University

{blnewman, kaiang, jxgong, johnhew}@cs.stanford.edu",false,,,,"[{""raw_affiliation_text"": ""Department of Computer Science, Stanford University"", ""institution"": ""Stanford University"", ""country"": null}]"
2021.naacl-main.293,,,,2021.naacl-main.293,done,Beijing University of Posts and Telecommunications | Meituan Group,"# Dynamically Disentangling Social Bias from Task-Oriented Representations with Adversarial Attack

Liwen Wang $^{1*}$ , Yuanmeng Yan $^{1*}$ , Keqing He $^{1,2}$ , Yanan Wu $^{1}$ , Weiran Xu $^{1}$ $^{1}$ Beijing University of Posts and Telecommunications, Beijing, China $^{2}$ Meituan Group, Beijing, China

{w_liwen, yanyuanmeng, yan.wu, xuweiran}@bupt.edu.cn {hekeqing} @meituan.com",false,,,,"[{""raw_affiliation_text"": ""Beijing University of Posts and Telecommunications, Beijing, China"", ""institution"": ""Beijing University of Posts and Telecommunications"", ""country"": ""China""}, {""raw_affiliation_text"": ""Meituan Group, Beijing, China"", ""institution"": ""Meituan Group"", ""country"": ""China""}]"
2021.naacl-main.27,,,,2021.naacl-main.27,done,University of Oxford | The University of Sheffield | The Chinese University of Hong Kong,"# Fast and Scalable Dialogue State Tracking with Explicit Modular Decomposition

Dingmin Wang\*, Chenghua Lin\*, Qi Liu\*, Kam-Fai Wong

\*Department of Computer Science, University of Oxford, UK

$\spadesuit$ Department of Computer Science, The University of Sheffield, UK

$\diamond$ The Chinese University of Hong Kong, Hong Kong SAR

{dingmin.wang, qi.liu}@cs.ox.ac.uk c.lin@shef.ac.uk

kfwong@se.cuhk.edu.hk",false,,,,"[{""raw_affiliation_text"": ""Department of Computer Science, University of Oxford, UK"", ""institution"": ""University of Oxford"", ""country"": ""UK""}, {""raw_affiliation_text"": ""Department of Computer Science, The University of Sheffield, UK"", ""institution"": ""The University of Sheffield"", ""country"": ""UK""}, {""raw_affiliation_text"": ""The Chinese University of Hong Kong, Hong Kong SAR"", ""institution"": ""The Chinese University of Hong Kong"", ""country"": ""Hong Kong SAR""}]"
2021.naacl-main.294,,,,2021.naacl-main.294,done,IIIT Delhi | Adobe India,"# An Empirical Investigation of Bias in the Multimodal Analysis of Financial Earnings Calls

Ramit Sawhney

IIIT Delhi

ramits@iiitd.ac.in

Arshiya Aggarwal

Adobe India

arsaggar@adobe.com

Rajiv Ratn Shah

IIIT Delhi

rajivratn@iiitd.ac.in",false,,,,"[{""raw_affiliation_text"": ""IIIT Delhi"", ""institution"": ""IIIT Delhi"", ""country"": null}, {""raw_affiliation_text"": ""Adobe India"", ""institution"": ""Adobe India"", ""country"": null}]"
2021.naacl-main.292,,,,2021.naacl-main.292,done,Peking University | PX Securities,"# QuadrupletBERT: An Efficient Model For Embedding-Based Large-Scale Retrieval

Peiyang Liu $^{1,2}$ , Sen Wang $^{3}$ , Xi Wang $^{2}$ , Wei Ye $^{1,*}$ and Shikun Zhang $^{1}$

<sup>1</sup> National Engineering Research Center for Software Engineering, Peking University, Beijing, China,

$^{2}$ School of Software and Microelectronics, Peking University, Beijing, China,

3 PX Securities, Beijing, China,

wangsen.ai_px@yeah.net, {liupeiyang, wangxi5629, wye, zhangsk} @oku.edu.cn",false,,,,"[{""raw_affiliation_text"": ""National Engineering Research Center for Software Engineering, Peking University, Beijing, China"", ""institution"": ""Peking University"", ""country"": ""China""}, {""raw_affiliation_text"": ""PX Securities, Beijing, China"", ""institution"": ""PX Securities"", ""country"": ""China""}]"
2021.naacl-main.297,,,,2021.naacl-main.297,done,Carnegie Mellon University,"# Case Study: Deontological Ethics in NLP

Shrimai Prabhumoye *, Brendon Boldt *, Ruslan Salakhutdinov, Alan W Black

School of Computer Science

Carnegie Mellon University

Pittsburgh, PA, USA

{sprabhum, bboldt, rsalakhu, awb}@cs.cmu.edu",false,,,,"[{""raw_affiliation_text"": ""School of Computer Science, Carnegie Mellon University, Pittsburgh, PA, USA"", ""institution"": ""Carnegie Mellon University"", ""country"": ""USA""}]"
2021.naacl-main.3,,,,2021.naacl-main.3,done,University of Oregon,"# Cross-Task Instance Representation Interactions and Label Dependencies for Joint Information Extraction with Graph Convolutional Networks

Minh Van Nguyen, Viet Duc Lai and Thien Huu Nguyen

Department of Computer and Information Science

University of Oregon, Eugene, Oregon, USA

{minhnv, vietl, thien}@cs.uoregon.edu",false,,,,"[{""raw_affiliation_text"": ""Department of Computer and Information Science, University of Oregon, Eugene, Oregon, USA"", ""institution"": ""University of Oregon"", ""country"": ""USA""}]"
2021.naacl-main.298,,,,2021.naacl-main.298,done,University of California San Diego | Microsoft Corporation | Microsoft Research,"# Privacy Regularization: Joint Privacy-Utility Optimization in Language Models

Fatemehsadat Mireshghallah $^{1*}$ , Huseyin A. Inan $^{3}$ , Marcello Hasegawa $^{2}$ , Victor Ruhle $^{2}$ , Taylor Berg-Kirkpatrick $^{1}$ , Robert Sim $^{3}$

<sup>1</sup> University of California San Diego, <sup>2</sup> Microsoft Corporation, <sup>3</sup> Microsoft Research

{fatemeh, tberg}@ucsd.edu,

{huseyin.inan, marcellh, virueh, rsim}@microsoft.com",false,,,,"[{""raw_affiliation_text"": ""University of California San Diego"", ""institution"": ""University of California San Diego"", ""country"": null}, {""raw_affiliation_text"": ""Microsoft Corporation"", ""institution"": ""Microsoft Corporation"", ""country"": null}, {""raw_affiliation_text"": ""Microsoft Research"", ""institution"": ""Microsoft Research"", ""country"": null}]"
2021.naacl-main.302,,,,2021.naacl-main.302,done,Nanjing University | Microsoft Research Asia,"# UniDrop: A Simple yet Effective Technique to Improve Transformer without Extra Cost

Zhen Wu $^{1*}$ Lijun Wu $^{2}$ Qi Meng $^{2}$ Yingce Xia $^{2}$ Shufang Xie $^{2}$

Tao Qin² Xinyu Dai¹ Tie-Yan Liu²

$^{1}$ National Key Laboratory for Novel Software Technology, Nanjing University

2Microsoft Research Asia

wuz@smail.nju.edu.cn, daixinyu@nju.edu.cn

{Lijun.Wu,meq,yingce.xia,shufxi,taoqin,tyliu}@microsoft.com",false,,,,"[{""raw_affiliation_text"": ""National Key Laboratory for Novel Software Technology, Nanjing University"", ""institution"": ""Nanjing University"", ""country"": null}, {""raw_affiliation_text"": ""Microsoft Research Asia"", ""institution"": ""Microsoft Research Asia"", ""country"": null}]"
2021.naacl-main.303,,,,2021.naacl-main.303,done,Indian Institute of Technology Kharagpur,"# tWT-WT: A Dataset to Assert the Role of Target Entities for Detecting Stance of Tweets

Ayush Kaushal and Avirup Saha and Niloy Ganguly

Indian Institute of Technology Kharagpur

{ayushk4, saha.avirup}@gmail.com, niloy@cse.iitkgp.ac.in",false,,,,"[{""raw_affiliation_text"": ""Indian Institute of Technology Kharagpur"", ""institution"": ""Indian Institute of Technology Kharagpur"", ""country"": null}]"
2021.naacl-main.301,,,,2021.naacl-main.301,done,The University of Melbourne,"# Discourse Probing of Pretrained Language Models

Fajri Koto Jey Han Lau Timothy Baldwin

School of Computing and Information Systems The University of Melbourne

ffajri@student.unimelb.edu.au, jeyhan.lau@gmail.com, tbaldwin@unimelb.edu.au",false,,,,"[{""raw_affiliation_text"": ""School of Computing and Information Systems The University of Melbourne"", ""institution"": ""The University of Melbourne"", ""country"": null}]"
2021.naacl-main.306,,,,2021.naacl-main.306,done,University of Virginia | IBM Research AI,"# Explaining Neural Network Predictions on Sentence Pairs via Learning Word-Group Masks

Hanjie Chen $^{1}$ Song Feng $^{2}$ Jatin Ganhotra $^{2}$ Hui Wan $^{2}$ Chulaka Gunasekara $^{2}$ Sachindra Joshi $^{2}$ Yangfeng Ji $^{1}$

$^{1}$ Department of Computer Science, University of Virginia, Charlottesville, VA, USA $^{2}$ IBM Research AI

{hc9mx, yangfeng}@virginia.edu

{sfeng, jatinganhotra, hwan}@us.ibm.com

{Chulaka.Gunasekara@, jsachind@in.}ibm.com",false,,,,"[{""raw_affiliation_text"": ""Department of Computer Science, University of Virginia, Charlottesville, VA, USA"", ""institution"": ""University of Virginia"", ""country"": ""USA""}, {""raw_affiliation_text"": ""IBM Research AI"", ""institution"": ""IBM Research AI"", ""country"": null}]"
2021.naacl-main.295,,,,2021.naacl-main.295,done,Academia Sinica | National Tsing Hua University,"# Beyond Fair Pay: Ethical Implications of NLP Crowdsourcing

Boaz Shmueli $^{1,2,3,*}$ , Jan Fell $^{2}$ , Soumya Ray $^{2}$ , and Lun-Wei Ku $^{3}$ $^{1}$ Social Networks and Human-Centered Computing, TIGP, Academia Sinica $^{2}$ Institute of Service Science, National Tsing Hua University $^{3}$ Institute of Information Science, Academia Sinica",false,,,,"[{""raw_affiliation_text"": ""Social Networks and Human-Centered Computing, TIGP, Academia Sinica"", ""institution"": ""Academia Sinica"", ""country"": null}, {""raw_affiliation_text"": ""Institute of Service Science, National Tsing Hua University"", ""institution"": ""National Tsing Hua University"", ""country"": null}]"
2021.naacl-main.305,,,,2021.naacl-main.305,done,UCLA,"# Double Perturbation: On the Robustness of Robustness and Counterfactual Bias Evaluation

Chong Zhang Jieyu Zhao Huan Zhang Kai-Wei Chang Cho-Jui Hsieh

Department of Computer Science, UCLA

{chongz, jyzhao, kwchang, chohsieh} @cs.ucla.edu, huan@huan-zhang.com",false,,,,"[{""raw_affiliation_text"": ""Department of Computer Science, UCLA"", ""institution"": ""UCLA"", ""country"": null}]"
2021.naacl-main.300,,,,2021.naacl-main.300,done,Monash University,"# Topic Model or Topic Twaddle? Re-evaluating Semantic Interpretability Measures

Caitlin Doogan

Faculty of Information Technology

Monash University, Australia

caitlin.doogan@dmonash.edu

Wray Buntine

Faculty of Information Technology

Monash University, Australia

wray.buntine@dmonash.edu",false,,,,"[{""raw_affiliation_text"": ""Faculty of Information Technology, Monash University, Australia"", ""institution"": ""Monash University"", ""country"": ""Australia""}]"
2021.naacl-main.296,,,,2021.naacl-main.296,done,University of Southern California | Snap Inc.,"# On Transferability of Bias Mitigation Effects in Language Model Fine-Tuning

Xisen Jin $^{\S}$ , Francesco Barbieri $^{\dagger}$ , Brendan Kennedy $^{\S}$ , Aida Mostafazadeh Davani $^{\S}$ , Leonardo Neves $^{\dagger}$ , Xiang Ren $^{\S}$

$\S$ University of Southern California

†Snap Inc.

{xisenjin, mostafaz, btkenned, xiangren}@usc.edu

{fbarbieri, lneves}@snap.com",false,,,,"[{""raw_affiliation_text"": ""University of Southern California"", ""institution"": ""University of Southern California"", ""country"": null}, {""raw_affiliation_text"": ""Snap Inc."", ""institution"": ""Snap Inc."", ""country"": null}]"
2021.naacl-main.299,,,,2021.naacl-main.299,done,Northeastern University,"# On the Impact of Random Seeds on the Fairness of Clinical Classifiers

# Silvio Amir and Jan-Willem van de Meent and Byron C. Wallace Northeastern University

{s.amir,j.vandemeent,b.wallace}@northeastern.edu",false,,,,"[{""raw_affiliation_text"": ""Northeastern University"", ""institution"": ""Northeastern University"", ""country"": null}]"
2021.naacl-main.304,,,,2021.naacl-main.304,done,Tohoku University | RIKEN AIP,"# Learning to Learn to be Right for the Right Reasons

Pride Kavumba<sup>1,2</sup> Benjamin Heinzerling<sup>2,1</sup> Ana Brassard<sup>2,1</sup> Kentaro Inui<sup>1,2</sup>

$^{1}$ Tohoku University $^{2}$ RIKEN AIP

{pkavumba,inui}@ecei.tohoku.ac.jp

{benjamin.heinzerling,ana.brassard}@riken.jp",false,,,,"[{""raw_affiliation_text"": ""Tohoku University"", ""institution"": ""Tohoku University"", ""country"": null}, {""raw_affiliation_text"": ""RIKEN AIP"", ""institution"": ""RIKEN AIP"", ""country"": null}]"
2021.naacl-main.30,,,,2021.naacl-main.30,done,Sapienza University of Rome,"# SGL: Speaking the Graph Languages of Semantic Parsing via Multilingual Translation

Luigi Procopio Rocco Tripodi Roberto Navigli

Sapienza NLP Group

Department of Computer Science, Sapienza University of Rome

{procopio,tripodi,navigli}@di.uniroma1.it",false,,,,"[{""raw_affiliation_text"": ""Department of Computer Science, Sapienza University of Rome"", ""institution"": ""Sapienza University of Rome"", ""country"": null}]"
2021.naacl-main.309,,,,2021.naacl-main.309,done,Peking University | Alibaba Group,"# Multi-Hop Transformer for Document-Level Machine Translation

Long Zhang $^{1,2,\dagger}$ , Tong Zhang $^{1,2,\dagger}$ , Haibo Zhang $^{3}$ , Baosong Yang $^{3}$ , Wei Ye $^{1,*}$ , Shikun Zhang $^{1}$

$^{1}$ National Engineering Research Center for Software Engineering, Peking University

$^{2}$ School of Software and Microelectronics, Peking University

3 Alibaba Group

{zhanglong418, zhangtong17, wye, zhangsk}@pku.edu.cn

{zhanhui.zhb, yangbaosong.ybs}@alibaba-inc.com",false,,,,"[{""raw_affiliation_text"": ""National Engineering Research Center for Software Engineering, Peking University"", ""institution"": ""Peking University"", ""country"": null}, {""raw_affiliation_text"": ""Alibaba Group"", ""institution"": ""Alibaba Group"", ""country"": null}]"
2021.naacl-main.31,,,,2021.naacl-main.31,done,Sapienza University of Rome,"# Unifying Cross-Lingual Semantic Role Labeling with Heterogeneous Linguistic Resources

Simone Conia Andrea Bacciu Roberto Navigli

Sapienza NLP Group

Department of Computer Science

Sapienza University of Rome

{first这个名字}@uniromal.it",false,,,,"[{""raw_affiliation_text"": ""Sapienza NLP Group, Department of Computer Science, Sapienza University of Rome"", ""institution"": ""Sapienza University of Rome"", ""country"": null}]"
2021.naacl-main.310,,,,2021.naacl-main.310,done,Peking University | Alibaba Group,"# Continual Learning for Neural Machine Translation

Yue Cao, $^{1,2,3}$ Hao-Ran Wei, $^{4}$ Boxing Chen, $^{4}$ Xiaojun Wan $^{1,2,3}$

$^{1}$ Wangxuan Institute of Computer Technology, Peking University

$^{2}$ Center for Data Science, Peking University

<sup>3</sup>The MOE Key Laboratory of Computational Linguistics, Peking University

4 Alibaba Group

{yuecao,wanxiaojun} $@$ pku.edu.cn,{funan.whr,boxing.cbx} $@$ alibaba-inc.com",false,,,,"[{""raw_affiliation_text"": ""Wangxuan Institute of Computer Technology, Peking University"", ""institution"": ""Peking University"", ""country"": null}, {""raw_affiliation_text"": ""Alibaba Group"", ""institution"": ""Alibaba Group"", ""country"": null}]"
2021.naacl-main.307,,,,2021.naacl-main.307,done,Chongqing University,"# Almost Free Semantic Draft for Neural Machine Translation

Xi Ai

College of Computer Science Chongqing University

barid.x.ai@gmail.com

Bin Fang

College of Computer Science

Chongqing University

fb@cqu.edu.cn",false,,,,"[{""raw_affiliation_text"": ""College of Computer Science Chongqing University"", ""institution"": ""Chongqing University"", ""country"": null}]"
2021.naacl-main.308,,,,2021.naacl-main.308,done,Chinese Academy of Sciences | University of Chinese Academy of Sciences | Beijing Language and Culture University,"# Pruning-then-Expanding Model for Domain Adaptation of Neural Machine Translation

Shuhao Gu $^{1,2}$ , Yang Feng $^{1,2*}$ , Wanying Xie $^{1,3}$

<sup>1</sup> Key Laboratory of Intelligent Information Processing,

Institute of Computing Technology, Chinese Academy of Sciences (ICT/CAS)

$^{2}$ University of Chinese Academy of Sciences

<sup>3</sup> Beijing Language and Culture University, China

{gushuhao19b,fengyang} @ict.ac.cn, xiewanying07@gmail.com",false,,,,"[{""raw_affiliation_text"": ""Key Laboratory of Intelligent Information Processing, Institute of Computing Technology, Chinese Academy of Sciences (ICT/CAS)"", ""institution"": ""Chinese Academy of Sciences"", ""country"": null}, {""raw_affiliation_text"": ""University of Chinese Academy of Sciences"", ""institution"": ""University of Chinese Academy of Sciences"", ""country"": null}, {""raw_affiliation_text"": ""Beijing Language and Culture University, China"", ""institution"": ""Beijing Language and Culture University"", ""country"": ""China""}]"
2021.naacl-main.313,,,,2021.naacl-main.313,done,Soochow University | The Chinese University of Hong Kong | Tencent AI Lab,"# Multi-Task Learning with Shared Encoder for Non-Autoregressive Machine Translation

Yongchang Hao†* Shilin He‡* Wenxiang Jiao‡

Zhaopeng $\mathbf{T}\mathbf{u}^{\dagger \dagger}$ Michael R. Lyu\* Xing Wang

†School of Computer Science and Technology, Soochow University

$\ddagger$ Department of Computer Science and Engineering, The Chinese University of Hong Kong $\dagger \dagger$ Tencent AI Lab

†yongchanghao.w@gmai.com

$\ddagger$ {slhe,wxjiao,lyu}@cse.cuhk.edu.hk

††{zptu,brightxwang}@tencent.com",false,,,,"[{""raw_affiliation_text"": ""School of Computer Science and Technology, Soochow University"", ""institution"": ""Soochow University"", ""country"": null}, {""raw_affiliation_text"": ""Department of Computer Science and Engineering, The Chinese University of Hong Kong"", ""institution"": ""The Chinese University of Hong Kong"", ""country"": null}, {""raw_affiliation_text"": ""Tencent AI Lab"", ""institution"": ""Tencent AI Lab"", ""country"": null}]"
2021.naacl-main.311,,,,2021.naacl-main.311,done,Harbin Institute of Technology | JD AI Research | Shanghai Jiao Tong University | National Institute of Information and Communications Technology (NICT),"# Self-Training for Unsupervised Neural Machine Translation in Unbalanced Training Data Scenarios

Haipeng Sun $^{1,2*}$ , Rui Wang $^{3}$ , Kehai Chen $^{4}$ , Masao Utiyama $^{4}$ , Eiichiro Sumita $^{4}$ , and Tiejun Zhao $^{1\dagger}$

$^{1}$ Harbin Institute of Technology, Harbin, China $^{2}$ JD AI Research, Beijing, China

$^{3}$ Shanghai Jiao Tong University, Shanghai, China

$^{4}$ National Institute of Information and Communications Technology (NICT), Kyoto, Japan

sunhaipeng6@jd.com, wangrui.nlp@gmail.com, tjzhao@hit.edu.cn

{khchen, mutiyama, eiichiro-sumita}@nict.go.jp",false,,,,"[{""raw_affiliation_text"": ""Harbin Institute of Technology, Harbin, China"", ""institution"": ""Harbin Institute of Technology"", ""country"": ""China""}, {""raw_affiliation_text"": ""JD AI Research, Beijing, China"", ""institution"": ""JD AI Research"", ""country"": ""China""}, {""raw_affiliation_text"": ""Shanghai Jiao Tong University, Shanghai, China"", ""institution"": ""Shanghai Jiao Tong University"", ""country"": ""China""}, {""raw_affiliation_text"": ""National Institute of Information and Communications Technology (NICT), Kyoto, Japan"", ""institution"": ""National Institute of Information and Communications Technology (NICT)"", ""country"": ""Japan""}]"
2021.naacl-main.315,,,,2021.naacl-main.315,done,Amazon,"# Distantly Supervised Transformers For E-Commerce Product QA

Happy Mittal

India Machine Learning

Amazon

mithappy@amazon.com

Aniket Chakrabarti

India Machine Learning

Amazon

chakanik@amazon.com

Belhassen Bayar*

Digital Video

Amazon

bayarb@amazon.com

# Animesh Anant Sharma

Community Shopping

Amazon

shanimes@amazon.com

# Nikhil Rasiwasia

India Machine Learning

Amazon

rasiwasi@amazon.com",false,,,,"[{""raw_affiliation_text"": ""India Machine Learning Amazon"", ""institution"": ""Amazon"", ""country"": ""null""}]"
2021.naacl-main.316,,,,2021.naacl-main.316,done,IIIT Delhi | Manipal Institute of Technology,"# Quantitative Day Trading from Natural Language using Reinforcement Learning

Ramit Sawhney*

IIIT Delhi

ramits@iiitd.ac.in

Shivam Agarwal

Manipal Institute of Technology

shivamag99@gmail.com",false,,,,"[{""raw_affiliation_text"": ""IIIT Delhi"", ""institution"": ""IIIT Delhi"", ""country"": null}, {""raw_affiliation_text"": ""Manipal Institute of Technology"", ""institution"": ""Manipal Institute of Technology"", ""country"": null}]"
2021.naacl-main.312,,,,2021.naacl-main.312,done,Beihang University | Microsoft Research Asia | Shanghai Jiao Tong University,"# Smart-Start Decoding for Neural Machine Translation

Jian Yang $^{1}$ , Shuming Ma $^{2}$ , Dongdong Zhang $^{2}$ , Juncheng Wan $^{3}$ , Zhoujun Li $^{1}$ , Ming Zhou $^{2}$

$^{1}$ State Key Lab of Software Development Environment, Beihang University

2Microsoft Research Asia

$^{3}$ Shanghai Jiao Tong University

{jiaya, lizj} @ buaa.edu.cn; {shumma, dozhang, mingzhou} @ microsoft.com;

junchengwan@apex.sjtu.edu.cn",false,,,,"[{""raw_affiliation_text"": ""State Key Lab of Software Development Environment, Beihang University"", ""institution"": ""Beihang University"", ""country"": null}, {""raw_affiliation_text"": ""Microsoft Research Asia"", ""institution"": ""Microsoft Research Asia"", ""country"": null}, {""raw_affiliation_text"": ""Shanghai Jiao Tong University"", ""institution"": ""Shanghai Jiao Tong University"", ""country"": null}]"
2021.naacl-main.318,,,,2021.naacl-main.318,done,National Taiwan University,"# Modeling Diagnostic Label Correlation for Automatic ICD Coding

Shang-Chi Tsai* Chao-Wei Huang* Yun-Nung Chen

National Taiwan University, Taipei, Taiwan

{d08922014,f07922069}@csie.ntu.edu.tw y.v.chen@ieee.org",false,,,,"[{""raw_affiliation_text"": ""National Taiwan University, Taipei, Taiwan"", ""institution"": ""National Taiwan University"", ""country"": ""Taiwan""}]"
2021.naacl-main.317,,,,2021.naacl-main.317,done,Scatter Lab | Chung-Ang University | KAIST,"# Restoring and Mining the Records of the Joseon Dynasty via Neural Language Modeling and Machine Translation

Kyeongpil Kang

Scatter Lab

Seoul, South Korea

kyeongpil@scatterlab.co.kr

Kyohoon Jin

Chung-Ang University

Seoul, South Korea

fhzh123@cau.ac.kr

Soyoung Yang

KAIST

Daejeon, South Korea

sy_yang@kaist.ac.kr

Soojin Jang

Chung-Ang University

Seoul, South Korea

sujin0110@cau.ac.kr

Jaegul Choo

KAIST

Daejeon, South Korea

jchoo@kaist.ac.kr

Youngbin Kim

Chung-Ang University

Seoul, South Korea

ybkim85@cau.ac.kr",false,,,,"[{""raw_affiliation_text"": ""Scatter Lab, Seoul, South Korea"", ""institution"": ""Scatter Lab"", ""country"": ""South Korea""}, {""raw_affiliation_text"": ""Chung-Ang University, Seoul, South Korea"", ""institution"": ""Chung-Ang University"", ""country"": ""South Korea""}, {""raw_affiliation_text"": ""KAIST, Daejeon, South Korea"", ""institution"": ""KAIST"", ""country"": ""South Korea""}]"
2021.naacl-main.32,,,,2021.naacl-main.32,done,Google Research | University of Maryland,"# Fool Me Twice: Entailment from Wikipedia Gamification

# Julian Martin Eisenschlos, Bhuwan Dhingra, Jannis Bulian, Benjamin Borschinger Google Research

{eisenjulian, bdhingra, jbulian, bboerschinger} @google.com

# Jordan Boyd-Graber*

CS, iSchool, UMIACS, LSC University of Maryland

jbg@umiacs.umd.edu",false,,,,"[{""raw_affiliation_text"": ""Google Research"", ""institution"": ""Google Research"", ""country"": null}, {""raw_affiliation_text"": ""CS, iSchool, UMIACS, LSC University of Maryland"", ""institution"": ""University of Maryland"", ""country"": null}]"
2021.naacl-main.314,,,,2021.naacl-main.314,done,Mc Gill University | Queen's University | Zayed University,"# ER-AE: Differentially Private Text Generation for Authorship Anonymization

Haohan Bo

McGill University, Canada

haohan.bo@mail.mcgill.ca

Benjamin C. M. Fung

McGill University, Canada

ben.fung@mcgill.ca

Steven H. H. Ding

Queen's University, Canada

ding@cs.queensu.ca

Farkhund Iqbal

Zayed University, UAE

farkhund.iqbal@zu.ac.ae",false,,,,"[{""raw_affiliation_text"": ""McGill University, Canada"", ""institution"": ""Mc Gill University"", ""country"": ""Canada""}, {""raw_affiliation_text"": ""Queen's University, Canada"", ""institution"": ""Queen's University"", ""country"": ""Canada""}, {""raw_affiliation_text"": ""Zayed University, UAE"", ""institution"": ""Zayed University"", ""country"": ""UAE""}]"
2021.naacl-main.320,,,,2021.naacl-main.320,done,Universidad Nacional de Córdoba | Roskilde University,"# A recipe for annotating grounded clarifications

Luciana Benotti

Universidad Nacional de Córdoba CONICET, Argentina

luciana.benotti@unc.edu.ar

Patrick Blackburn

Philosophy and Science Studies  
IKH, Roskilde University, Denmark  
patrickb@ruc.dk",false,,,,"[{""raw_affiliation_text"": ""Universidad Nacional de Córdoba CONICET, Argentina"", ""institution"": ""Universidad Nacional de Córdoba"", ""country"": ""Argentina""}, {""raw_affiliation_text"": ""IKH, Roskilde University, Denmark"", ""institution"": ""Roskilde University"", ""country"": ""Denmark""}]"
2021.naacl-main.319,,,,2021.naacl-main.319,done,UCLA | Amazon Alexa AI,"# Self-Supervised Contrastive Learning for Efficient User Satisfaction Prediction in Conversational Agents

Mohammad Kachuee*  
UCLA Computer Science  
Los Angeles, CA  
mkachuee@cs.ucla.edu

Hao Yuan  
Amazon Alexa AI  
Seattle, WA

Young-Bum Kim  
Amazon Alexa AI  
Seattle, WA

Sungjin Lee  
Amazon Alexa AI  
Seattle, WA

{yuanha,youngbum,sungjinl}@amazon.com",false,,,,"[{""raw_affiliation_text"": ""UCLA Computer Science"", ""institution"": ""UCLA"", ""country"": null}, {""raw_affiliation_text"": ""Amazon Alexa AI"", ""institution"": ""Amazon Alexa AI"", ""country"": null}]"
2021.naacl-main.322,,,,2021.naacl-main.322,done,IIT Bombay,"# How low is too low? A monolingual take on lemmatisation in Indian languages

Kumar Saunack*, Kumar Saurav*, Pushpak Bhattacharyya

IIT Bombay

{krsaunack, krsrv, pb}@cse.iitb.ac.in",false,,,,"[{""raw_affiliation_text"": ""IIT Bombay"", ""institution"": ""IIT Bombay"", ""country"": null}]"
2021.naacl-main.321,,,,2021.naacl-main.321,done,IBM Research Australia | IBM Research | University of Melbourne,"# Grey-box Adversarial Attack And Defence For Sentiment Classification

Ying Xu* IBM Research Australia

Xu Zhong* IBM Research Australia

Antonio Jimeno Yepes  
IBM Research  
Australia

Jey Han Lau  
University of Melbourne  
Australia",false,,,,"[{""raw_affiliation_text"": ""IBM Research Australia"", ""institution"": ""IBM Research Australia"", ""country"": ""Australia""}, {""raw_affiliation_text"": ""IBM Research"", ""institution"": ""IBM Research"", ""country"": ""Australia""}, {""raw_affiliation_text"": ""University of Melbourne"", ""institution"": ""University of Melbourne"", ""country"": ""Australia""}]"
2021.naacl-main.328,,,,2021.naacl-main.328,done,University of Potsdam,"# Is Incoherence Surprising? Targeted Evaluation of Coherence Prediction from Language Models

Anne Beyer

Sharid Loáiciga

David Schlangen

Computational Linguistics, Department of Linguistics, University of Potsdam, Germany {anne.beyer, loaicigasanchez, david.schlangen}@uni-potsdam.de",false,,,,"[{""raw_affiliation_text"": ""Computational Linguistics, Department of Linguistics, University of Potsdam, Germany"", ""institution"": ""University of Potsdam"", ""country"": ""Germany""}]"
2021.naacl-main.323,,,,2021.naacl-main.323,done,Stanford University | University of Chicago | Columbia University,"# Causal Effects of Linguistic Properties

Reid Pryzant $^{1}$ Dallas Card $^{1}$ Dan Jurafsky $^{1}$ Victor Veitch $^{2}$ Dhanya Sridhar $^{3}$

1Stanford University

$^{2}$ University of Chicago

$^{3}$ Columbia University

$^{1}\{rpryzant, dcard, jurafsky\} @stanford.edu$

victorveitch@gmail.com

<sup>3</sup>ds3778@columbia.edu",false,,,,"[{""raw_affiliation_text"": ""Stanford University"", ""institution"": ""Stanford University"", ""country"": null}, {""raw_affiliation_text"": ""University of Chicago"", ""institution"": ""University of Chicago"", ""country"": null}, {""raw_affiliation_text"": ""Columbia University"", ""institution"": ""Columbia University"", ""country"": null}]"
2021.naacl-main.325,,,,2021.naacl-main.325,done,University of Pittsburgh | Carnegie Mellon University,"# Translational NLP: A New Paradigm and General Principles for Natural Language Processing Research

Denis Newman-Griffis $^{1}$ Jill Fain Lehman $^{2}$ Carolyn Rose $^{3}$ Harry Hochheiser $^{1}$

$^{1}$ Department of Biomedical Informatics, University of Pittsburgh, USA

$^{2}$ Human-Computer Interaction Institute, Carnegie Mellon University, USA

$^{3}$ Language Technologies Institute, Carnegie Mellon University, USA

{dnewmangriffis, haryh}@pitt.edu, {jfl, cprose}@cs.cmu.edu",false,,,,"[{""raw_affiliation_text"": ""Department of Biomedical Informatics, University of Pittsburgh, USA"", ""institution"": ""University of Pittsburgh"", ""country"": ""USA""}, {""raw_affiliation_text"": ""Human-Computer Interaction Institute, Carnegie Mellon University, USA"", ""institution"": ""Carnegie Mellon University"", ""country"": ""USA""}]"
2021.naacl-main.329,,,,2021.naacl-main.329,done,Queen Mary University of London | Technische Universität Darmstadt,"# Stay Together: A System for Single and Split-antecedent Anaphora Resolution

Juntao Yu $^{1}$ , Nafise Sadat Moosavi $^{2}$ , Silviu Paun $^{1}$ , Massimo Poesio $^{1}$

$^{1}$ Queen Mary University of London

$^{2}$ UKP Lab, Technische Universität Darmstadt

$^{1}\{juntao.yu, s.paun, m.poesio\} @qmul.ac.uk$

$^{2}$ moosavi@ukp.informatik.tu-darmstadt.de",false,,,,"[{""raw_affiliation_text"": ""Queen Mary University of London"", ""institution"": ""Queen Mary University of London"", ""country"": null}, {""raw_affiliation_text"": ""UKP Lab, Technische Universität Darmstadt"", ""institution"": ""Technische Universität Darmstadt"", ""country"": null}]"
2021.naacl-main.327,,,,2021.naacl-main.327,done,University of Lille | IBM Research Europe,"# Probing for Bridging Inference in Transformer Language Models

Onkar Pandit

University of Lille, INRIA Lille, CNRS, Centrale Lille, UMR 9189-CRISTAL,

F-59000, Lille, France

onkar.pandit@inria.fr

Yufang Hou

IBM Research Europe

Dublin, Ireland

yhou@ie.ibm.com",false,,,,"[{""raw_affiliation_text"": ""University of Lille, INRIA Lille, CNRS, Centrale Lille, UMR 9189-CRISTAL, F-59000, Lille, France"", ""institution"": ""University of Lille"", ""country"": ""France""}, {""raw_affiliation_text"": ""IBM Research Europe, Dublin, Ireland"", ""institution"": ""IBM Research Europe"", ""country"": ""Ireland""}]"
2021.naacl-main.324,,,,2021.naacl-main.324,done,Facebook AI Research | UCL | UNC Chapel Hill | CMU | Stanford University | Alan Turing Institute | JHU | Simon Fraser University,"# Dynabench: Rethinking Benchmarking in NLP

Douwe Kiela†, Max Bartolo‡, Yixin Nie‡, Divyansh Kaushik§, Atticus Geiger¶,

Zhengxuan Wu $^{\ddagger}$ , Bertie Vidgen $^{\parallel}$ , Grusha Prasad $^{**}$ , Amanpreet Singh $^{\dagger}$ , Pratik Ringshia $^{\dagger}$ ,

Zhiyi Ma†, Tristan Thrush†, Sebastian Riedel‡, Zeerak Waseem††, Pontus Stenetorp‡,

Robin Jia†, Mohit Bansal*, Christopher Potts¶ and Adina Williams†

† Facebook AI Research; ‡ UCL; * UNC Chapel Hill; § CMU; ¶ Stanford University

Alan Turing Institute; $\star \star$ JHU; † Simon Fraser University

dynabench@fb.com",false,,,,"[{""raw_affiliation_text"": ""Facebook AI Research"", ""institution"": ""Facebook AI Research"", ""country"": null}, {""raw_affiliation_text"": ""UCL"", ""institution"": ""UCL"", ""country"": null}, {""raw_affiliation_text"": ""UNC Chapel Hill"", ""institution"": ""UNC Chapel Hill"", ""country"": null}, {""raw_affiliation_text"": ""CMU"", ""institution"": ""CMU"", ""country"": null}, {""raw_affiliation_text"": ""Stanford University"", ""institution"": ""Stanford University"", ""country"": null}, {""raw_affiliation_text"": ""Alan Turing Institute"", ""institution"": ""Alan Turing Institute"", ""country"": null}, {""raw_affiliation_text"": ""JHU"", ""institution"": ""JHU"", ""country"": null}, {""raw_affiliation_text"": ""Simon Fraser University"", ""institution"": ""Simon Fraser University"", ""country"": null}]"
2021.naacl-main.326,,,,2021.naacl-main.326,done,University of British Columbia,"# Predicting Discourse Trees from Transformer-based Neural Summarizers

Wen Xiao, Patrick Huber, Giuseppe Carenini

Department of Computer Science

University of British Columbia

Vancouver, BC, Canada, V6T 1Z4

{xiaowen3, huberpat, carenini}@cs.ubc.ca",false,,,,"[{""raw_affiliation_text"": ""Department of Computer Science, University of British Columbia, Vancouver, BC, Canada, V6T 1Z4"", ""institution"": ""University of British Columbia"", ""country"": ""Canada""}]"
2021.naacl-main.331,,,,2021.naacl-main.331,done,Rhein Main University of Applied Sciences,"# CoRT: Complementary Rankings from Transformers

Marco Wrzalik Dirk Krechel

RheinMain University of Applied Sciences, Germany

{firstname_lastname}@hs-rm.de",false,,,,"[{""raw_affiliation_text"": ""RheinMain University of Applied Sciences, Germany"", ""institution"": ""Rhein Main University of Applied Sciences"", ""country"": ""Germany""}]"
2021.naacl-main.33,,,,2021.naacl-main.33,done,University of Edinburgh,"# Meta-Learning for Domain Generalization in Semantic Parsing

Bailin Wang, Mirella Lapata and Ivan Titov  
Institute for Language, Cognition and Computation  
School of Informatics, University of Edinburgh  
n.wang@ed.ac.uk, {mlap, ititov}@inf.ed.ac.uk",false,,,,"[{""raw_affiliation_text"": ""Institute for Language, Cognition and Computation"", ""institution"": ""University of Edinburgh"", ""country"": null}]"
2021.naacl-main.330,,,,2021.naacl-main.330,done,Université de Nantes,"# Redefining Absent Keyphrases and their Effect on Retrieval Effectiveness

Florian Boudin

LS2N, Université de Nantes, France

florian.boudin@univ-nantes.fr

Ygor Gallina

LS2N, Université de Nantes, France

ygor.gallina@univ-nantes.fr",false,,,,"[{""raw_affiliation_text"": ""LS2N, Université de Nantes, France"", ""institution"": ""Université de Nantes"", ""country"": ""France""}]"
2021.naacl-main.332,,,,2021.naacl-main.332,done,DRIM Co Gmb H | University of Munich (LMU),"# Multi-source Neural Topic Modeling in Multi-view Embedding Spaces

*Pankaj Gupta<sup>1</sup>, *Yatin Chaudhary<sup>1,2</sup>, Hinrich Schütze<sup>2</sup>

$^{1}$ DRIMCo GmbH Munich, Germany

$^{2}$ CIS, University of Munich (LMU) Munich, Germany

info@drimco.net|lyatin.chaudhary@drimco.net",false,,,,"[{""raw_affiliation_text"": ""DRIMCo GmbH Munich, Germany"", ""institution"": ""DRIM Co Gmb H"", ""country"": ""Germany""}, {""raw_affiliation_text"": ""CIS, University of Munich (LMU) Munich, Germany"", ""institution"": ""University of Munich (LMU)"", ""country"": ""Germany""}]"
2021.naacl-main.333,,,,2021.naacl-main.333,done,University of Manchester | Wuhan University | University of Montreal,"# Inductive Topic Variational Graph Auto-Encoder for Text Classification

Qianqian Xie

Department of Computer Science,

University of Manchester

qianqian.xie@manchester.ac.uk

Jimin Huang

School of Computer Science,

Wuhan University

huangjimin@whu.edu.cn

Pan Du

Department of Computer Science and Operations

Research, University of Montreal

pandu@iro.umontreal.ca

Min Peng

School of Computer Science,

Wuhan University

pengm@whu.edu.cn

# Jian-Yun Nie

Department of Computer Science and Operations Research,

University of Montreal

nie@iro.umontreal.ca",false,,,,"[{""raw_affiliation_text"": ""Department of Computer Science, University of Manchester"", ""institution"": ""University of Manchester"", ""country"": null}, {""raw_affiliation_text"": ""School of Computer Science, Wuhan University"", ""institution"": ""Wuhan University"", ""country"": null}, {""raw_affiliation_text"": ""Department of Computer Science and Operations Research, University of Montreal"", ""institution"": ""University of Montreal"", ""country"": null}]"
2021.naacl-main.334,,,,2021.naacl-main.334,done,University of Cambridge | Monash University | Amazon,"# Self-Alignment Pretraining for Biomedical Entity Representations

Fangyu Liu*, Ehsan Shareghi\*, Zaiqiao Meng*, Marco Basaldella\*, Nigel Collier

*Language Technology Lab, TAL, University of Cambridge

$\diamond$ Department of Data Science & AI, Monash University $\diamond$ Amazon Alexa

\*{f1399，zm324，nhc30}@cam.ac.uk

$\diamond$ ehsanshareghi@monash.edu $\diamond$ mbbasald@amazon.co.uk",false,,,,"[{""raw_affiliation_text"": ""Language Technology Lab, TAL, University of Cambridge"", ""institution"": ""University of Cambridge"", ""country"": null}, {""raw_affiliation_text"": ""Department of Data Science & AI, Monash University"", ""institution"": ""Monash University"", ""country"": null}, {""raw_affiliation_text"": ""Amazon Alexa"", ""institution"": ""Amazon"", ""country"": null}]"
2021.naacl-main.336,,,,2021.naacl-main.336,done,"Columbia University | University of California, Los Angeles | Tsinghua University","# MERMAID: Metaphor Generation with Symbolism and Discriminative Decoding

Tuhin Chakrabarty $^{1}$ Xurui Zhang $^{3*}$ ; Smaranda Muresan $^{1,4}$ and Nanyun Peng $^{2}$

$^{1}$ Department of Computer Science, Columbia University

<sup>2</sup> Computer Science Department, University of California, Los Angeles,

$^{3}$ Tsinghua University, $^{4}$ Data Science Institute, Columbia University

{tuhin.chakr, smara}@cs.columbia.edu

thuzxr@gmail.com,violetpeng@cs.ucla.edu",false,,,,"[{""raw_affiliation_text"": ""Department of Computer Science, Columbia University"", ""institution"": ""Columbia University"", ""country"": null}, {""raw_affiliation_text"": ""Computer Science Department, University of California, Los Angeles"", ""institution"": ""University of California, Los Angeles"", ""country"": ""USA""}, {""raw_affiliation_text"": ""Tsinghua University"", ""institution"": ""Tsinghua University"", ""country"": null}]"
2021.naacl-main.335,,,,2021.naacl-main.335,done,"University of Illinois at Urbana-Champaign | University of California, San Diego | University of Southern California","# TaxoClass: Hierarchical Multi-Label Text Classification Using Only Class Names

Jiaming Shen, Wenda Qiu, Yu Meng, Jingbo Shang, Xiang Ren, Jiawei Han

$\diamond$ University of Illinois at Urbana-Champaign, IL, USA, $\nabla$ University of California, San Diego, CA, USA

$\triangle$ University of Southern California, CA, USA

$\diamondsuit$ {js2, qiuwenda, yumeng5, hanj} @illinois.edu $\nabla$ jshang@ucsd.edu $\triangle$ xiangren@ucs.edu",false,,,,"[{""raw_affiliation_text"": ""University of Illinois at Urbana-Champaign, IL, USA"", ""institution"": ""University of Illinois at Urbana-Champaign"", ""country"": ""USA""}, {""raw_affiliation_text"": ""University of California, San Diego, CA, USA"", ""institution"": ""University of California, San Diego"", ""country"": ""USA""}, {""raw_affiliation_text"": ""University of Southern California, CA, USA"", ""institution"": ""University of Southern California"", ""country"": ""USA""}]"
2021.naacl-main.337,,,,2021.naacl-main.337,done,Carnegie Mellon University,"# On Learning Text Style Transfer with Direct Rewards

Yixin Liu, Graham Neubig, John Wieting

Carnegie Mellon University

{yixinl2,gneubig,jwieting}@cs.cmu.edu",false,,,,"[{""raw_affiliation_text"": ""Carnegie Mellon University"", ""institution"": ""Carnegie Mellon University"", ""country"": null}]"
2021.naacl-main.339,,,,2021.naacl-main.339,done,University of Washington | Allen Institute for Artificial Intelligence,"# NEUROLOGIC DECODING: (Un)supervised Neural Text Generation with Predicate Logic Constraints

Ximing Lu†‡ Peter West†‡ Rowan Zellers†‡

Ronan Le Bras† Chandra Bhagavatula‡ Yejin Choi†‡

†Paul G. Allen School of Computer Science & Engineering, University of Washington

$\ddagger$ Allen Institute for Artificial Intelligence

{lux32, pawest, rowanz, yejin}@cs.washington.edu

{ronanlb, chandrab}@allenai.org",false,,,,"[{""raw_affiliation_text"": ""Paul G. Allen School of Computer Science & Engineering, University of Washington"", ""institution"": ""University of Washington"", ""country"": null}, {""raw_affiliation_text"": ""Allen Institute for Artificial Intelligence"", ""institution"": ""Allen Institute for Artificial Intelligence"", ""country"": null}]"
2021.naacl-main.338,,,,2021.naacl-main.338,done,Carnegie Mellon University | Salesforce Research,"# Focused Attention Improves Document-Grounded Generation

Shrimai Prabhumoye $^{1*}$ , Kazuma Hashimoto $^{2}$ , Yingbo Zhou $^{2}$ , Alan W Black $^{1}$ , Ruslan Salakhutdinov $^{1}$

$^{1}$ Carnegie Mellon University, $^{2}$ Salesforce Research

{sprabhum@cs.cmu.edu，khashimoto@salesforce.com}",false,,,,"[{""raw_affiliation_text"": ""Carnegie Mellon University"", ""institution"": ""Carnegie Mellon University"", ""country"": null}, {""raw_affiliation_text"": ""Salesforce Research"", ""institution"": ""Salesforce Research"", ""country"": null}]"
2021.naacl-main.340,,,,2021.naacl-main.340,done,UC San Diego | Microsoft Research,"# Ask what's missing and what's useful: Improving Clarification Question Generation using Global Knowledge

Bodhisattwa Prasad Majumder†\* Sudha Rao

Michel Galley\* Julian McAuley

$\clubsuit$ Department of Computer Science and Engineering, UC San Diego

{bmajumde, jmcauley}@eng.ucsd.edu

Microsoft Research, Redmond

{sudha. rao, mgalley}@microsoft.com",false,,,,"[{""raw_affiliation_text"": ""Department of Computer Science and Engineering, UC San Diego"", ""institution"": ""UC San Diego"", ""country"": null}, {""raw_affiliation_text"": ""Microsoft Research, Redmond"", ""institution"": ""Microsoft Research"", ""country"": null}]"
2021.naacl-main.342,,,,2021.naacl-main.342,done,Brown University,"# SOCCER: An Information-Sparse Discourse State Tracking Collection in the Sports Commentary Domain

Ruochen Zhang and Carsten Eickhoff

Brown University

{ruochen_zhang, carsten}@brown.edu",false,,,,"[{""raw_affiliation_text"": ""Brown University"", ""institution"": ""Brown University"", ""country"": null}]"
2021.naacl-main.34,,,,2021.naacl-main.34,done,Ubiquitous Knowledge Processing Lab | Technical University of Darmstadt,"# Aspect-Controlled Neural Argument Generation

Benjamin Schiller and Johannes Daxenberger and Iryna Gurevych

Ubiquitous Knowledge Processing Lab

Department of Computer Science, Technical University of Darmstadt

http://www.ukp.tu-darmstadt.de/",false,,,,"[{""raw_affiliation_text"": ""Ubiquitous Knowledge Processing Lab"", ""institution"": ""Ubiquitous Knowledge Processing Lab"", ""country"": null}, {""raw_affiliation_text"": ""Department of Computer Science, Technical University of Darmstadt"", ""institution"": ""Technical University of Darmstadt"", ""country"": null}]"
2021.naacl-main.346,,,,2021.naacl-main.346,done,University of Washington | Allen Institute for Artificial Intelligence | Stanford University,"# ""I'm Not Mad"": Commonsense Implications of Negation and Contradiction

Liwei Jiang<sup>1</sup> Antoine Bosselut<sup>2,3</sup> Chandra Bhagavatula<sup>2</sup> Yejin Choi<sup>1,2</sup>

Paul G. Allen School of Computer Science & Engineering, University of Washington

$^{2}$ Allen Institute for Artificial Intelligence

3Stanford University

{lwjiang,yejin}@cs.washington.edu,{chandrab}@allenai.org",false,,,,"[{""raw_affiliation_text"": ""Paul G. Allen School of Computer Science & Engineering, University of Washington"", ""institution"": ""University of Washington"", ""country"": null}, {""raw_affiliation_text"": ""Allen Institute for Artificial Intelligence"", ""institution"": ""Allen Institute for Artificial Intelligence"", ""country"": null}, {""raw_affiliation_text"": ""Stanford University"", ""institution"": ""Stanford University"", ""country"": null}]"
2021.naacl-main.341,,,,2021.naacl-main.341,done,Carnegie Mellon University | Petuum Inc. | MBZUAI | UC San Diego,"# Progressive Generation of Long Text with Pretrained Language Models

Bowen Tan $^{1}$ , Zichao Yang $^{1}$ , Maruan Al-Shedivat $^{1}$ , Eric P. Xing $^{1,2,3}$ , Zhiting Hu $^{1,4}$

$^{1}$ Carnegie Mellon University, $^{2}$ Petuum Inc., $^{3}$ MBZUAI, $^{4}$ UC San Diego

{btan2, zichaoy, alshedivat, epxing}@andrew.cmu.edu, zhh019@ucsd.edu",false,,,,"[{""raw_affiliation_text"": ""Carnegie Mellon University"", ""institution"": ""Carnegie Mellon University"", ""country"": null}, {""raw_affiliation_text"": ""Petuum Inc."", ""institution"": ""Petuum Inc."", ""country"": null}, {""raw_affiliation_text"": ""MBZUAI"", ""institution"": ""MBZUAI"", ""country"": null}, {""raw_affiliation_text"": ""UC San Diego"", ""institution"": ""UC San Diego"", ""country"": null}]"
2021.naacl-main.344,,,,2021.naacl-main.344,done,University of Pennsylvania,"# MULTIOPED:

# A Corpus of Multi-Perspective News Editorials

Siyi Liu Sihao Chen Xander Uysettendaele Dan Roth

University of Pennsylvania

{siyiliu, sihaoc, xanderu, danroth}@seas.upenn.edu",false,,,,"[{""raw_affiliation_text"": ""University of Pennsylvania"", ""institution"": ""University of Pennsylvania"", ""country"": null}]"
2021.naacl-main.345,,,,2021.naacl-main.345,done,Stanford University,"# SWORDS $\times$ : A Benchmark for Lexical Substitution with Improved Data Coverage and Quality

Mina Lee*

Chris Donahue*

Robin Jia

Alexander Iyabor

Percy Liang

Stanford University

{minalee, cdonahue, robinjia, aiyabor, pliang}@cs.stanford.edu",false,,,,"[{""raw_affiliation_text"": ""Stanford University"", ""institution"": ""Stanford University"", ""country"": null}]"
2021.naacl-main.343,,,,2021.naacl-main.343,done,"University of Southern California | Indian Institute of Technology Roorkee | University of California, Los Angeles","# Plot-guided Adversarial Example Construction for Evaluating Open-domain Story Generation

Sarik Ghazarian, $^{1}$ Zixi Liu, $^{1}$ Akash SM, $^{2}$

Ralph Weischedel, $^{1}$ Aram Galstyan, $^{1}$ Nanyun Peng $^{1,3}$

<sup>1</sup>University of Southern California / Information Sciences Institute

$^{2}$ Indian Institute of Technology Roorkee

<sup>3</sup>Computer Science Department of University of California, Los Angeles {sarik, zixiliu, weisched, galstyan} @isi.edu, akashsm@ce.iitr.ac.in, violetpeng@cs.ucla.edu",false,,,,"[{""raw_affiliation_text"": ""University of Southern California / Information Sciences Institute"", ""institution"": ""University of Southern California"", ""country"": null}, {""raw_affiliation_text"": ""Indian Institute of Technology Roorkee"", ""institution"": ""Indian Institute of Technology Roorkee"", ""country"": null}, {""raw_affiliation_text"": ""Computer Science Department of University of California, Los Angeles"", ""institution"": ""University of California, Los Angeles"", ""country"": null}]"
2021.naacl-main.347,,,,2021.naacl-main.347,done,University of Illinois at Chicago,"# Identifying Medical Self-Disclosure in Online Communities

Mina Valizadeh* and Pardis Ranjbar-Noiey* and Cornelia Caragea and Natalie Parde

Department of Computer Science

University of Illinois at Chicago

{mvaliz2, pranjb3, cornelia, parde}@uic.edu",false,,,,"[{""raw_affiliation_text"": ""Department of Computer Science, University of Illinois at Chicago"", ""institution"": ""University of Illinois at Chicago"", ""country"": null}]"
2021.naacl-main.35,,,,2021.naacl-main.35,done,"Institute for Language, Cognition and Computation | University of Edinburgh","# Text Generation from Discourse Representation Structures

Jiangming Liu Shay B. Cohen Mirella Lapata

Institute for Language, Cognition and Computation

School of Informatics, University of Edinburgh

jiangming.liu@ed.ac.uk, {scohen,mlap}@inf.ed.ac.uk",false,,,,"[{""raw_affiliation_text"": ""Institute for Language, Cognition and Computation"", ""institution"": ""Institute for Language, Cognition and Computation"", ""country"": null}, {""raw_affiliation_text"": ""School of Informatics, University of Edinburgh"", ""institution"": ""University of Edinburgh"", ""country"": null}]"
2021.naacl-main.348,,,,2021.naacl-main.348,done,Bocconi University | Coveo Labs,"# Language in a (Search) Box: Grounding Language Learning in Real-World Human-Machine Interaction

Federico Bianchi*

Bocconi University

Milano, Italy

f.bianchi@unibocconi.it

Ciro Greco

Coveo Labs

New York, USA

cgreco@coveo.com

Jacopo Tagliabue

Coveo Labs

New York, USA

jtagliabue@coveo.com",false,,,,"[{""raw_affiliation_text"": ""Bocconi University Milano, Italy"", ""institution"": ""Bocconi University"", ""country"": ""Italy""}, {""raw_affiliation_text"": ""Coveo Labs New York, USA"", ""institution"": ""Coveo Labs"", ""country"": ""USA""}]"
2021.naacl-main.353,,,,2021.naacl-main.353,done,University of Zurich | Bar Ilan University | Allen Institute for Artificial Intelligence,"# Ab Antiquo: Neural Proto-language Reconstruction

Carlo Meloni*1 Shauli Ravfogel*2,3 Yoav Goldberg*2,3

$^{1}$ Department of Comparative Language Science, University of Zurich

$^{2}$ Computer Science Department, Bar Ilan University

3Allen Institute for Artificial Intelligence

carlomeloni@mail.tau.ac.il, {shauli.ravfogel, yoav.goldberg}@gmail.com",false,,,,"[{""raw_affiliation_text"": ""Department of Comparative Language Science, University of Zurich"", ""institution"": ""University of Zurich"", ""country"": null}, {""raw_affiliation_text"": ""Computer Science Department, Bar Ilan University"", ""institution"": ""Bar Ilan University"", ""country"": null}, {""raw_affiliation_text"": ""Allen Institute for Artificial Intelligence"", ""institution"": ""Allen Institute for Artificial Intelligence"", ""country"": null}]"
2021.naacl-main.351,,,,2021.naacl-main.351,done,University of Cambridge | University of Bath | Universität Hamburg,"# Word Complexity is in the Eye of the Beholder

Sian Gooding

Dept of Computer Science and Technology  
University of Cambridge

shg36@cam.ac.uk

Ekaterina Kochmar

Dept of Computer Science University of Bath

ek762@bath.ac.uk

# Seid Muhie Yimam

Language Technology group  
Universität Hamburg, Germany

yimam@informatik.uni-hamburg.de",false,,,,"[{""raw_affiliation_text"": ""Dept of Computer Science and Technology University of Cambridge"", ""institution"": ""University of Cambridge"", ""country"": null}, {""raw_affiliation_text"": ""Dept of Computer Science University of Bath"", ""institution"": ""University of Bath"", ""country"": null}, {""raw_affiliation_text"": ""Language Technology group Universität Hamburg, Germany"", ""institution"": ""Universität Hamburg"", ""country"": ""Germany""}]"
2021.naacl-main.354,,,,2021.naacl-main.354,done,University of Zurich | University of Edinburgh,"# On Biasing Transformer Attention Towards Monotonicity

Annette Rios<sup>1</sup>, Chantal Amrhein<sup>1</sup>, Noëmi Aepli<sup>1</sup> and Rico Sennrich<sup>1,2</sup>

$^{1}$ Department of Computational Linguistics, University of Zurich

$^{2}$ School of Informatics, University of Edinburgh

{rios,amrhein,naepli,sennrich}@cl.uzh.ch",false,,,,"[{""raw_affiliation_text"": ""Department of Computational Linguistics, University of Zurich"", ""institution"": ""University of Zurich"", ""country"": null}, {""raw_affiliation_text"": ""School of Informatics, University of Edinburgh"", ""institution"": ""University of Edinburgh"", ""country"": null}]"
2021.naacl-main.356,,,,2021.naacl-main.356,done,University of Texas at Dallas,"# Constrained Multi-Task Learning for Event Coreference Resolution

Jing Lu and Vincent Ng

Human Language Technology Research Institute

University of Texas at Dallas

Richardson, TX 75083-0688

{ljwinnie,vince}@hlt.utdallas.edu",false,,,,"[{""raw_affiliation_text"": ""Human Language Technology Research Institute University of Texas at Dallas"", ""institution"": ""University of Texas at Dallas"", ""country"": null}]"
2021.naacl-main.349,,,,2021.naacl-main.349,done,University of Cambridge | Google | Kazan Federal University | ETH Zürich | Harvard University | MPI for Evolutionary Anthropology | HSE University,"# Finding Concept-specific Biases in Form-Meaning Associations

Tiago Pimentel $^{\delta}$ Brian Roark $^{\circ}$ Søren Wichmann $^{\dagger}$ Ryan Cotterell $^{\delta,\Omega}$ Damián Blasi $^{1,9,\mathrm{D}}$

<sup>3</sup>University of Cambridge <sup>1</sup>Google <sup>1</sup>Kazan Federal University <sup>1</sup>ETH Zürich <sup>1</sup>Harvard University <sup>9</sup>MPI for Evolutionary Anthropology <sup>9</sup>HSE University <sup>tp472@cam.ac.uk, roark@google.com, wichmannsoeren@gmail.com, ryan.cotterell@inf.ethz.ch, dblasi@fas.harvard.edu",false,,,,"[{""raw_affiliation_text"": ""University of Cambridge"", ""institution"": ""University of Cambridge"", ""country"": null}, {""raw_affiliation_text"": ""Google"", ""institution"": ""Google"", ""country"": null}, {""raw_affiliation_text"": ""Kazan Federal University"", ""institution"": ""Kazan Federal University"", ""country"": null}, {""raw_affiliation_text"": ""ETH Zürich"", ""institution"": ""ETH Zürich"", ""country"": null}, {""raw_affiliation_text"": ""Harvard University"", ""institution"": ""Harvard University"", ""country"": null}, {""raw_affiliation_text"": ""MPI for Evolutionary Anthropology"", ""institution"": ""MPI for Evolutionary Anthropology"", ""country"": null}, {""raw_affiliation_text"": ""HSE University"", ""institution"": ""HSE University"", ""country"": null}]"
2021.naacl-main.352,,,,2021.naacl-main.352,done,Dartmouth College,"# Linguistic Complexity Loss in Text-Based Therapy

Jason Wei\* Kelly Finn Emma Templeton Thalia Wheatley Soroush Vosoughi Dartmouth College, Hanover, NH

Department of Computer Science Neukom Institute

Department of Psychological and Brain Sciences

{jason.20, kelly.r.finn, emma.m.templeton.gr,

thalia.p.wheatley, soroush}@dartmouth.edu",false,,,,"[{""raw_affiliation_text"": ""Dartmouth College, Hanover, NH"", ""institution"": ""Dartmouth College"", ""country"": ""USA""}]"
2021.naacl-main.358,,,,2021.naacl-main.358,done,Weill Cornell Medicine | UAMS College of Medicine,"# Leveraging Deep Representations of Radiology Reports in Survival Analysis for Predicting Heart Failure Patient Mortality

Hyun Gi Lee $^{1}$ Evan Sholle $^{2}$ Ashley Beecy $^{3}$ Subhi Al'Aref $^{4}$ Yifan Peng $^{1}$

$^{1}$ Department of Population Health Sciences, Weill Cornell Medicine

<sup>2</sup>Information Technologies and Services, Weill Cornell Medicine

$^{3}$ Department of Medicine, Weill Cornell Medicine

$^{4}$ Department of Internal Medicine, UAMS College of Medicine",false,,,,"[{""raw_affiliation_text"": ""Department of Population Health Sciences, Weill Cornell Medicine"", ""institution"": ""Weill Cornell Medicine"", ""country"": null}, {""raw_affiliation_text"": ""Department of Internal Medicine, UAMS College of Medicine"", ""institution"": ""UAMS College of Medicine"", ""country"": null}]"
2021.naacl-main.350,,,,2021.naacl-main.350,done,"University of Cambridge | Yle | University of California, Santa Barbara | ETH Zürich | Harvard University | MPI for Evolutionary Anthropology | HSE University","# How (Non-)Optimal is the Lexicon?

Tiago Pimentel*, Irene Nikkarinen*,,y Kyle Mahowald Ryan Cotterell, Damián E. Blasi,

$^{3}$ University of Cambridge $^{1}$ Yle $^{1}$ University of California, Santa Barbara $^{1}$ ETH Zürich $^{1}$ Harvard University $^{9}$ MPI for Evolutionary Anthropology $^{9}$ HSE University

tp472@cam.ac.uk, irene.nikkarinen@gmail.com, mahowald@ucsb.edu, ryan.cotterell@inf.ethz.ch, dbl@fas.harvard.edu",false,,,,"[{""raw_affiliation_text"": ""University of Cambridge"", ""institution"": ""University of Cambridge"", ""country"": null}, {""raw_affiliation_text"": ""Yle"", ""institution"": ""Yle"", ""country"": null}, {""raw_affiliation_text"": ""University of California, Santa Barbara"", ""institution"": ""University of California, Santa Barbara"", ""country"": null}, {""raw_affiliation_text"": ""ETH Zürich"", ""institution"": ""ETH Zürich"", ""country"": null}, {""raw_affiliation_text"": ""Harvard University"", ""institution"": ""Harvard University"", ""country"": null}, {""raw_affiliation_text"": ""MPI for Evolutionary Anthropology"", ""institution"": ""MPI for Evolutionary Anthropology"", ""country"": null}, {""raw_affiliation_text"": ""HSE University"", ""institution"": ""HSE University"", ""country"": null}]"
2021.naacl-main.36,,,,2021.naacl-main.36,done,Duke University | Microsoft Corporation,"# APO-VAE: Text Generation in Hyperbolic Space

Shuyang Dai $^{1*}$ Zhe Gan $^{2}$ Yu Cheng $^{2}$ Chenyang Tao $^{1}$ Lawrence Carin $^{1}$ Jingjing Liu $^{2}$

$^{1}$ Duke University $^{2}$ Microsoft Corporation

{shuyang.dai, chenyang.tao, lcarin} $@$ duke.edu

{zhe.gan, yu.cheng, jingjl} @microsoft.com",false,,,,"[{""raw_affiliation_text"": ""Duke University"", ""institution"": ""Duke University"", ""country"": null}, {""raw_affiliation_text"": ""Microsoft Corporation"", ""institution"": ""Microsoft Corporation"", ""country"": null}]"
2021.naacl-main.357,,,,2021.naacl-main.357,done,Stony Brook University,"# Empirical Evaluation of Pre-trained Transformers for Human-Level NLP: The Role of Sample Size and Dimensionality

Adithya V Ganesan, Matthew Matero, Aravind Reddy Ravula, Huy Vu, and H. Andrew Schwartz

Department of Computer Science, Stony Brook University

{avirinchipur, mmatero, aravula, hvu, has}@cs.stonybrook.edu",false,,,,"[{""raw_affiliation_text"": ""Department of Computer Science, Stony Brook University"", ""institution"": ""Stony Brook University"", ""country"": null}]"
2021.naacl-main.355,,,,2021.naacl-main.355,done,University of Washington | Allen Institute for Artificial Intelligence | Swedish Medical Group | Microsoft Research | The Hebrew University of Jerusalem,"# Extracting a Knowledge Base of Mechanisms from COVID-19 Papers

Tom Hope\*, Aida Amini \* David Wadden

Madeleine van Zuylen\* Sravanthi Parasa\* Eric Horvitz

Daniel Weld\*, Roy Schwartz Hannaneh Hajishirzi\*,

$\clubsuit$ Paul G. Allen School for Computer Science & Engineering, University of Washington

$\spadesuit$ Allen Institute for Artificial Intelligence $\text{♥}$ Swedish Medical Group

Microsoft Research The Hebrew University of Jerusalem, Israel

{tomh, aidaa, danw, hannah}@allenai.org",false,,,,"[{""raw_affiliation_text"": ""Paul G. Allen School for Computer Science & Engineering, University of Washington"", ""institution"": ""University of Washington"", ""country"": null}, {""raw_affiliation_text"": ""Allen Institute for Artificial Intelligence"", ""institution"": ""Allen Institute for Artificial Intelligence"", ""country"": null}, {""raw_affiliation_text"": ""Swedish Medical Group"", ""institution"": ""Swedish Medical Group"", ""country"": null}, {""raw_affiliation_text"": ""Microsoft Research"", ""institution"": ""Microsoft Research"", ""country"": null}, {""raw_affiliation_text"": ""The Hebrew University of Jerusalem, Israel"", ""institution"": ""The Hebrew University of Jerusalem"", ""country"": ""Israel""}]"
2021.naacl-main.363,,,,2021.naacl-main.363,done,University of Arizona,"# If You Want to Go Far Go Together: Unsupervised Joint Candidate Evidence Retrieval for Multi-hop Question Answering

Vikas Yadav, Steven Bethard, Mihai Surdeanu

University of Arizona, Tucson, AZ, USA

{vikasy, bethard, msurdeanu}@email.arizona.edu",false,,,,"[{""raw_affiliation_text"": ""University of Arizona, Tucson, AZ, USA"", ""institution"": ""University of Arizona"", ""country"": ""USA""}]"
2021.naacl-main.359,,,,2021.naacl-main.359,done,Bloomberg,"# On the Use of Context for Predicting Citation Worthiness of Sentences in Scholarly Articles

Rakesh Gosangi, Ravneet Arora, Mohsen Gheisarieha, Debanjan Mahata, Haimin Zhang

Bloomberg, New York

{rgosangi, rarora62, mgheisarieha, dmahata}@bloomberg.net, raymondzhang@gmail.com",false,,,,"[{""raw_affiliation_text"": ""Bloomberg, New York"", ""institution"": ""Bloomberg"", ""country"": null}]"
2021.naacl-main.364,,,,2021.naacl-main.364,done,Michigan State University | Amazon,"# SPARTQA: A Textual Question Answering Benchmark for Spatial Reasoning

Roshanak Mirzaee\* Hossein Rajaby Faghihi\* Qiang Ning\* Parisa Kordjamshidi\*

\*Michigan State University \*Amazon

{mirzaeem,rajabyfa,kordjams}@msu.edu qning@amazon.com",false,,,,"[{""raw_affiliation_text"": ""Michigan State University"", ""institution"": ""Michigan State University"", ""country"": null}, {""raw_affiliation_text"": ""Amazon"", ""institution"": ""Amazon"", ""country"": null}]"
2021.naacl-main.360,,,,2021.naacl-main.360,done,University of Arizona,"# Data and Model Distillation as a Solution for Domain-transferable Fact Verification

Mitch Paul Mithun, Sandeep Suntwal, Mihai Surdeanu

University of Arizona, Tucson, Arizona, USA

{mithunpaul,sandeepsuntwal,msurdeanu}@email.arizona.edu",false,,,,"[{""raw_affiliation_text"": ""University of Arizona, Tucson, Arizona, USA"", ""institution"": ""University of Arizona"", ""country"": ""USA""}]"
2021.naacl-main.367,,,,2021.naacl-main.367,done,IBM Research AI,"# Does Structure Matter? Encoding Documents for Machine Reading Comprehension

Hui Wan Song Feng Chulaka Gunasekara Siva Sankalp Patel Sachindra Joshi Luis A. Lastras

IBM Research AI

{hwan@us, sfeng@us, chulaka.gunasekara@}.ibm.com {siva.sankalp.patel@, jsachind@in, lastras1@us}.ibm.com",false,,,,"[{""raw_affiliation_text"": ""IBM Research AI"", ""institution"": ""IBM Research AI"", ""country"": null}]"
2021.naacl-main.361,,,,2021.naacl-main.361,done,"University of California, Los Angeles","# Adapting Coreference Resolution for Processing Violent Death Narratives

Ankith Uppunda, Susan D. Cochran, Jacob G. Foster  
Alina Arseniev-Koehler, Vickie M. Mays, Kai-Wei Chang*  
University of California, Los Angeles",false,,,,"[{""raw_affiliation_text"": ""University of California, Los Angeles"", ""institution"": ""University of California, Los Angeles"", ""country"": null}]"
2021.naacl-main.362,,,,2021.naacl-main.362,done,Michigan State University,"# Time-Stamped Language Model: Teaching Language Models to Understand the Flow of Events

Hossein Rajaby Faghihi  
Michigan State University  
rajabyfa@msu.edu

Parisa Kordjamshidi  
Michigan State University  
kordjams@msu.edu",false,,,,"[{""raw_affiliation_text"": ""Michigan State University"", ""institution"": ""Michigan State University"", ""country"": null}]"
2021.naacl-main.368,,,,2021.naacl-main.368,done,University of Maryland | Microsoft Research,"# Multi-Step Reasoning Over Unstructured Text with Beam Dense Retrieval

# Chen Zhao

University of Maryland

chenz@cs.umd.edu

# Chenyan Xiong

Microsoft Research

chenyan.xiong@microsoft.com

# Jordan Boyd-Graber

University of Maryland

jbg@umiacs.umd.edu

# Hal Daumé III

Microsoft Research & University of Maryland

me@hal3.name",false,,,,"[{""raw_affiliation_text"": ""University of Maryland"", ""institution"": ""University of Maryland"", ""country"": null}, {""raw_affiliation_text"": ""Microsoft Research"", ""institution"": ""Microsoft Research"", ""country"": null}]"
2021.naacl-main.365,,,,2021.naacl-main.365,done,Allen Institute for AI | University of Washington,"# A Dataset of Information-Seeking Questions and Answers Anchored in Research Papers

Pradeep Dasigi\* Kyle Lo\* Iz Beltagy\* Arman Cohan\*

Noah A. Smith\* Matt Gardner

$\clubsuit$ Allen Institute for AI $\diamond$ Paul G. Allen School of CSE, University of Washington {pradeepd, kylel, beltagy, armanc, noah, mattg} @allenai.org",false,,,,"[{""raw_affiliation_text"": ""Allen Institute for AI"", ""institution"": ""Allen Institute for AI"", ""country"": null}, {""raw_affiliation_text"": ""Paul G. Allen School of CSE, University of Washington"", ""institution"": ""University of Washington"", ""country"": null}]"
2021.naacl-main.366,,,,2021.naacl-main.366,done,University of Southern California | Google Research,"# Differentiable Open-Ended Commonsense Reasoning

Bill Yuchen Lin $^{1*}$ , Haitian Sun $^{2}$ , Bhuwan Dhingra $^{2}$ , Manzil Zaheer $^{2}$ , Xiang Ren $^{1}$ , William W. Cohen $^{2}$

<sup>1</sup> University of Southern California

2 Google Research

{yuchen.lin, xiangren}@usc.edu

{haitiansun,bdhingra,manzilzaheer,wcohen}@google.com",false,,,,"[{""raw_affiliation_text"": ""University of Southern California"", ""institution"": ""University of Southern California"", ""country"": null}, {""raw_affiliation_text"": ""Google Research"", ""institution"": ""Google Research"", ""country"": null}]"
2021.naacl-main.371,,,,2021.naacl-main.371,done,Sapienza University of Rome | University of Copenhagen,"# ESC: Redesigning WSD with Extractive Sense Comprehension

Edoardo Barba

Tommaso Pasini $^{2,*}$

Roberto Navigli

<sup>1</sup>Sapienza NLP Group, Department of Computer Science, Sapienza University of Rome

$^{2}$ Department of Computer Science, University of Copenhagen

{barba,navigli}@di.uniroma1.it

tommaso.pasini@di.ku.dk",false,,,,"[{""raw_affiliation_text"": ""Sapienza NLP Group, Department of Computer Science, Sapienza University of Rome"", ""institution"": ""Sapienza University of Rome"", ""country"": null}, {""raw_affiliation_text"": ""Department of Computer Science, University of Copenhagen"", ""institution"": ""University of Copenhagen"", ""country"": null}]"
2021.naacl-main.369,,,,2021.naacl-main.369,done,Univ. Paris-Saclay | Société Générale | University of Helsinki,"# Scalable and Interpretable Semantic Change Detection

Syrielle Montariol*  
LISN - CNRS, Univ. Paris-Saclay  
Société Générale

syrielle.montariol@limsi.fr

Matej Martinc* Jozef Stefan Institute matej.martinc@ijs.si

Lidia Pivovarova  
University of Helsinki  
lidia.pivovarova@helsinki.fi",false,,,,"[{""raw_affiliation_text"": ""LISN - CNRS, Univ. Paris-Saclay"", ""institution"": ""Univ. Paris-Saclay"", ""country"": null}, {""raw_affiliation_text"": ""Société Générale"", ""institution"": ""Société Générale"", ""country"": null}, {""raw_affiliation_text"": ""University of Helsinki"", ""institution"": ""University of Helsinki"", ""country"": null}]"
2021.naacl-main.37,,,,2021.naacl-main.37,done,Yale University | Salesforce Research | Penn State University | The University of Hong Kong | MIT,"# DART: Open-Domain Structured Data Record to Text Generation

Linyong Nan $^{1}$ Dragomir Radev $^{1,2}$ Rui Zhang $^{3}$ Amrit Rau $^{1}$ Abhinand Sivaprasad $^{1}$

Chiachun Hsieh<sup>4</sup> Xiangru Tang<sup>1</sup> Aadit Vyas<sup>1</sup> Neha Verma<sup>1</sup> Pranav Krishna<sup>5</sup> Yangxiaokang Liu<sup>1</sup> Nadia Irwanto<sup>1</sup> Jessica Pan<sup>1</sup> Faiaz Rahman<sup>1</sup> Ahmad Zaidi<sup>1</sup>

Mutethia Mutuma<sup>1</sup> Yasin Tarabar<sup>1</sup> Ankit Gupta<sup>1</sup> Tao Yu<sup>1</sup> Yi Chern Tan<sup>1</sup>

Xi Victoria Lin $^{2*}$ Caiming Xiong $^{2}$ Richard Socher $^{2}$ Nazneen Fatema Rajani $^{2}$

$^{1}$ Yale University $^{2}$ Salesforce Research $^{3}$ Penn State University

4 The University of Hong Kong 5 MIT

{linyong.nan,dragomir.radev}@yale.edu，rmz5227@psu.edu，nazneen rajani@salesforce.com",false,,,,"[{""raw_affiliation_text"": ""Yale University"", ""institution"": ""Yale University"", ""country"": null}, {""raw_affiliation_text"": ""Salesforce Research"", ""institution"": ""Salesforce Research"", ""country"": null}, {""raw_affiliation_text"": ""Penn State University"", ""institution"": ""Penn State University"", ""country"": null}, {""raw_affiliation_text"": ""The University of Hong Kong"", ""institution"": ""The University of Hong Kong"", ""country"": null}, {""raw_affiliation_text"": ""MIT"", ""institution"": ""MIT"", ""country"": null}]"
2021.naacl-main.374,,,,2021.naacl-main.374,done,University of Maryland Baltimore County,"# Event Representation with Sequential, Semi-Supervised Discrete Variables

Mehdi Rezaee

Department of Computer Science

University of Maryland Baltimore County

Baltimore, MD 21250 USA

rezaeel@umbc.edu

Francis Ferraro

Department of Computer Science

University of Maryland Baltimore County

Baltimore, MD 21250 USA

ferraro@umbc.edu",false,,,,"[{""raw_affiliation_text"": ""Department of Computer Science, University of Maryland Baltimore County, Baltimore, MD 21250 USA"", ""institution"": ""University of Maryland Baltimore County"", ""country"": ""USA""}]"
2021.naacl-main.372,,,,2021.naacl-main.372,done,University of Amsterdam | University of Bristol,"# Recent advances in neural metaphor processing: A linguistic, cognitive and social perspective

Xiaoyu Tong*, Ekaterina Shutova*, Martha Lewis

\*ILLC, University of Amsterdam, the Netherlands

$\diamond$ Department of Engineering Mathematics, University of Bristol, United Kingdom

xiaoyu.tong@student.uva.nl, e.shutova@uva.nl, martha.lewis@bristol.ac.uk",false,,,,"[{""raw_affiliation_text"": ""ILLC, University of Amsterdam, the Netherlands"", ""institution"": ""University of Amsterdam"", ""country"": ""the Netherlands""}, {""raw_affiliation_text"": ""Department of Engineering Mathematics, University of Bristol, United Kingdom"", ""institution"": ""University of Bristol"", ""country"": ""United Kingdom""}]"
2021.naacl-main.375,,,,2021.naacl-main.375,done,Alberta Machine Intelligence Institute | University of Alberta,"# Seq2Emo: A Sequence to Multi-Label Emotion Classification Model

Chenyang Huang, Amine Trabelsi, Xuebin Qin, Nawshad Farruque, Lili Mou, Osmar Zaïane

Alberta Machine Intelligence Institute

Department of Computing Science, University of Alberta

{chenyangh,atrabels,xuebin,nawshad,zaiane}@ualberta.ca

doublepower.mou@gmail.com",false,,,,"[{""raw_affiliation_text"": ""Alberta Machine Intelligence Institute"", ""institution"": ""Alberta Machine Intelligence Institute"", ""country"": null}, {""raw_affiliation_text"": ""Department of Computing Science, University of Alberta"", ""institution"": ""University of Alberta"", ""country"": null}]"
2021.naacl-main.370,,,,2021.naacl-main.370,done,Université Paris-Saclay | University of Helsinki,"# Scalar Adjective Identification and Multilingual Ranking

Aina Garí Soler

Université Paris-Saclay

CNRS, LIsN

91400, Orsay, France

aina.gari@limsi.fr

Marianna Apidianaki

Department of Digital Humanities

University of Helsinki

Helsinki, Finland

marianna.apidianaki@helsinki.fi",false,,,,"[{""raw_affiliation_text"": ""Université Paris-Saclay, CNRS, LIsN, 91400, Orsay, France"", ""institution"": ""Université Paris-Saclay"", ""country"": ""France""}, {""raw_affiliation_text"": ""Department of Digital Humanities, University of Helsinki, Helsinki, Finland"", ""institution"": ""University of Helsinki"", ""country"": ""Finland""}]"
2021.naacl-main.373,,,,2021.naacl-main.373,done,"University of California, Berkeley","# Constructing Taxonomies from Pretrained Language Models

Catherine Chen* Kevin Lin* Dan Klein

University of California, Berkeley

{cathychen,k-lin,klein}@berkeley.edu",false,,,,"[{""raw_affiliation_text"": ""University of California, Berkeley"", ""institution"": ""University of California, Berkeley"", ""country"": null}]"
2021.naacl-main.379,,,,2021.naacl-main.379,done,Columbia University,"# Adversarial Learning for Zero-Shot Stance Detection on Social Media

Emily Allaway*

Malavika Srikanth*

Kathleen McKeown

Department of Computer Science, Columbia University, New York, NY

{eallaway,kathy}@cs.columbia.edu, ms5908@columbia.edu",false,,,,"[{""raw_affiliation_text"": ""Department of Computer Science, Columbia University, New York, NY"", ""institution"": ""Columbia University"", ""country"": ""USA""}]"
2021.naacl-main.376,,,,2021.naacl-main.376,done,Georgetown University,"# Knowledge Enhanced Masked Language Model for Stance Detection

Kornraphop Kawintiranon and Lisa Singh

Department of Computer Science

Georgetown University

Washington, DC, USA

{kk1155, lisa.singh}@georgetown.edu",false,,,,"[{""raw_affiliation_text"": ""Department of Computer Science, Georgetown University, Washington, DC, USA"", ""institution"": ""Georgetown University"", ""country"": ""USA""}]"
2021.naacl-main.38,,,,2021.naacl-main.38,done,Inria | Sorbonne Université | George Mason University,"# When Being Unseen from mBERT is just the Beginning: Handling New Languages With Multilingual Language Models

Benjamin Muller†* Antonios Anastasopoulos‡ Benoit Sagot† Djamé Seddah†

†Inria, Paris, France *Sorbonne Université, Paris, France

$^{\ddagger}$ Department of Computer Science, George Mason University, USA

firstname.lastname@inria.fr antonis@gmu.edu",false,,,,"[{""raw_affiliation_text"": ""Inria, Paris, France"", ""institution"": ""Inria"", ""country"": ""France""}, {""raw_affiliation_text"": ""Sorbonne Université, Paris, France"", ""institution"": ""Sorbonne Université"", ""country"": ""France""}, {""raw_affiliation_text"": ""Department of Computer Science, George Mason University, USA"", ""institution"": ""George Mason University"", ""country"": ""USA""}]"
2021.naacl-main.377,,,,2021.naacl-main.377,done,University of Michigan,"# Learning Paralinguistic Features from Audiobooks through Style Voice Conversion

Zakaria Aldeneh, Matthew Perez, Emily Mower Provost

University of Michigan, Ann Arbor

{aldeneh, mk Perezz, emilykmp}@umich.edu",false,,,,"[{""raw_affiliation_text"": ""University of Michigan, Ann Arbor"", ""institution"": ""University of Michigan"", ""country"": ""null""}]"
2021.naacl-main.378,,,,2021.naacl-main.378,done,University of Illinois at Chicago | Facebook AI Research,"# Adapting BERT for Continual Learning of a Sequence of Aspect Sentiment Classification Tasks

Zixuan Ke $^{1}$ , Hu Xu $^{2}$ and Bing Liu $^{1}$

$^{1}$ Department of Computer Science, University of Illinois at Chicago

$^{2}$ Facebook AI Research

1{zke4, liub}@uic.edu

$^{2}$ huxu@fb.com",false,,,,"[{""raw_affiliation_text"": ""Department of Computer Science, University of Illinois at Chicago"", ""institution"": ""University of Illinois at Chicago"", ""country"": ""null""}, {""raw_affiliation_text"": ""Facebook AI Research"", ""institution"": ""Facebook AI Research"", ""country"": ""null""}]"
2021.naacl-main.381,,,,2021.naacl-main.381,done,UNC Chapel Hill | Microsoft Research | Johns Hopkins University,"# Enriching Transformers with Structured Tensor-Product Representations for Abstractive Summarization

Yichen Jiang\*1, Asli Celikyilmaz2, Paul Smolensky2,3, Paul Soulos\*3, Sudha Rao2, Hamid Palangi2, Roland Fernandez2, Caitlin Smith\*3, Mohit Bansal1, Jianfeng Gao2

$^{1}$ UNC Chapel Hill $^{2}$ Microsoft Research, Redmond $^{3}$ Johns Hopkins University

{yichenj,mbansal}@cs.unc.edu

{aslicel,psmo,sudha.rao,hpalangi,rfernand,jfgao}@microsoft.com

{psoulos1, csmit372}@jhu.edu",false,,,,"[{""raw_affiliation_text"": ""UNC Chapel Hill"", ""institution"": ""UNC Chapel Hill"", ""country"": null}, {""raw_affiliation_text"": ""Microsoft Research, Redmond"", ""institution"": ""Microsoft Research"", ""country"": null}, {""raw_affiliation_text"": ""Johns Hopkins University"", ""institution"": ""Johns Hopkins University"", ""country"": null}]"
2021.naacl-main.382,,,,2021.naacl-main.382,done,Columbia University | Harvard-MIT's Health Science and Technology,"# What's in a Summary? Laying the Groundwork for Advances in Hospital-Course Summarization

Griffin Adams<sup>1</sup>, Emily Alsentzer<sup>2</sup>, Mert Ketenci<sup>1</sup>, Jason Zucker<sup>1</sup>, Noémie Elhadad<sup>1</sup>

<sup>1</sup>Columbia University, New York, NY

$^{2}$ Harvard-MIT's Health Science and Technology, Cambridge, MA

{griffin.adams, mert.ketenci, noemie.elhadad}@columbia.edu emilya@mit.edu, jz2700@cumc.columbia.edu",false,,,,"[{""raw_affiliation_text"": ""Columbia University, New York, NY"", ""institution"": ""Columbia University"", ""country"": ""USA""}, {""raw_affiliation_text"": ""Harvard-MIT's Health Science and Technology, Cambridge, MA"", ""institution"": ""Harvard-MIT's Health Science and Technology"", ""country"": ""USA""}]"
2021.naacl-main.383,,,,2021.naacl-main.383,done,Carnegie Mellon University,"# Understanding Factuality in Abstractive Summarization with FRANK: A Benchmark for Factuality Metrics

Artidoro Pagnoni Vidhisha Balachandran Yulia Tsvetkov

Language Technologies Institute

Carnegie Mellon University

{apagnoni,vbalacha,ytsvetko}@cs.cmu.edu",false,,,,"[{""raw_affiliation_text"": ""Language Technologies Institute, Carnegie Mellon University"", ""institution"": ""Carnegie Mellon University"", ""country"": null}]"
2021.naacl-main.389,,,,2021.naacl-main.389,done,University of Texas at Austin | Yale University | Columbia University | Harvard University,"# Profiling of Intertextuality in Latin Literature Using Word Embeddings

Patrick J. Burns, $^{1}$ James A. Brofos, $^{2}$ Kyle Li, $^{3}$ Pramit Chaudhuri, $^{1}$ Joseph P. Dexter $^{4\dagger}$

$^{1}$ Department of Classics, University of Texas at Austin

$^{2}$ Department of Statistics and Data Science, Yale University

<sup>3</sup> Department of Computer Science, Columbia University

$^{4}$ Data Science Initiative and Department of Human Evolutionary Biology, Harvard University

† Corresponding author: jdexter@fas.harvard.edu",false,,,,"[{""raw_affiliation_text"": ""Department of Classics, University of Texas at Austin"", ""institution"": ""University of Texas at Austin"", ""country"": null}, {""raw_affiliation_text"": ""Department of Statistics and Data Science, Yale University"", ""institution"": ""Yale University"", ""country"": null}, {""raw_affiliation_text"": ""Department of Computer Science, Columbia University"", ""institution"": ""Columbia University"", ""country"": null}, {""raw_affiliation_text"": ""Data Science Initiative and Department of Human Evolutionary Biology, Harvard University"", ""institution"": ""Harvard University"", ""country"": null}]"
2021.naacl-main.380,,,,2021.naacl-main.380,done,UNC Chapel Hill | Amazon Alexa,"# Efficiently Summarizing Text and Graph Encodings of Multi-Document Clusters

Ramakanth Pasunuru<sup>1</sup> Mengwen Liu<sup>2</sup> Mohit Bansal<sup>1</sup> Sujith Ravi<sup>2</sup> Markus Dreyer<sup>2</sup>  
<sup>1</sup>UNC Chapel Hill  
<sup>2</sup>Amazon Alexa

{ram,mbansal}@cs.unc.edu,{mengwliu,sujithai,mddreyer}@amazon.com",false,,,,"[{""raw_affiliation_text"": ""UNC Chapel Hill"", ""institution"": ""UNC Chapel Hill"", ""country"": null}, {""raw_affiliation_text"": ""Amazon Alexa"", ""institution"": ""Amazon Alexa"", ""country"": null}]"
2021.naacl-main.386,,,,2021.naacl-main.386,done,University of Washington | Allen Institute for Artificial Intelligence,"# TuringAdvice: A Generative and Dynamic Evaluation of Language Use

Rowan Zellers\* Ari Holtzman\* Elizabeth Clark\*

Lianhui Qin\* Ali Farhadi\* Yejin Choi

\*Paul G. Allen School of Computer Science & Engineering, University of Washington

$^{\diamond}$ Allen Institute for Artificial Intelligence

rowanzellers.com/advice",false,,,,"[{""raw_affiliation_text"": ""Paul G. Allen School of Computer Science & Engineering, University of Washington"", ""institution"": ""University of Washington"", ""country"": null}, {""raw_affiliation_text"": ""Allen Institute for Artificial Intelligence"", ""institution"": ""Allen Institute for Artificial Intelligence"", ""country"": null}]"
2021.naacl-main.384,,,,2021.naacl-main.384,done,Carnegie Mellon University,"# GSum: A General Framework for Guided Neural Abstractive Summarization

Zi-Yi Dou, Pengfei Liu, Hiroaki Hayashi, Zhengbao Jiang, Graham Neubig

Language Technologies Institute, Carnegie Mellon University

{zdou, pliu3, hiroakih, zhengbaij, gneubig}@cs.cmu.edu",false,,,,"[{""raw_affiliation_text"": ""Language Technologies Institute, Carnegie Mellon University"", ""institution"": ""Carnegie Mellon University"", ""country"": null}]"
2021.naacl-main.387,,,,2021.naacl-main.387,done,IIIT-Delhi | University of Maryland,"# Multitask Learning for Emotionally Analyzing Sexual Abuse Disclosures

Ramit Sawhney†, Puneet Mathur‡, Taru Jain†, Akash Kumar Gautam†, Rajiv Ratn Shah†

† Department of Computer Engineering, IIIT-Delhi

{ramits, akash15011, rajivratn}@iiitd.ac.in

† University of Maryland, College Park

puneetm@cs.umd.edu",false,,,,"[{""raw_affiliation_text"": ""Department of Computer Engineering, IIIT-Delhi"", ""institution"": ""IIIT-Delhi"", ""country"": null}, {""raw_affiliation_text"": ""University of Maryland, College Park"", ""institution"": ""University of Maryland"", ""country"": null}]"
2021.naacl-main.385,,,,2021.naacl-main.385,done,New York University | Google Research,"# What Will it Take to Fix Benchmarking in Natural Language Understanding?

Samuel R. Bowman

New York University

bowman@nyu.edu

George E. Dahl

Google Research, Brain Team

gdahl@google.com",false,,,,"[{""raw_affiliation_text"": ""New York University"", ""institution"": ""New York University"", ""country"": null}, {""raw_affiliation_text"": ""Google Research, Brain Team"", ""institution"": ""Google Research"", ""country"": null}]"
2021.naacl-main.391,,,,2021.naacl-main.391,done,Purdue University,"# Modeling Human Mental States with an Entity-based Narrative Graph

I-Ta Lee, Maria Leonor Pacheco, Dan Goldwasser

Department of Computer Science

Purdue University

West Lafayette, IN, USA

{lee2226, pachecog, dgoldwas} @ purdue.edu",false,,,,"[{""raw_affiliation_text"": ""Department of Computer Science, Purdue University, West Lafayette, IN, USA"", ""institution"": ""Purdue University"", ""country"": ""USA""}]"
2021.naacl-main.390,,,,2021.naacl-main.390,done,The Ohio State University,"# Identifying inherent disagreement in natural language inference

Xinliang Frederick Zhang

Department of Computer Science and Engineering

The Ohio State University

zhang.9975@osu.edu

Marie-Catherine de Marneffe

Department of Linguistics

The Ohio State University

demarneffe.1@osu.edu",false,,,,"[{""raw_affiliation_text"": ""Department of Computer Science and Engineering, The Ohio State University"", ""institution"": ""The Ohio State University"", ""country"": null}]"
2021.naacl-main.392,,,,2021.naacl-main.392,done,Université de Montréal,"# A Simple and Efficient Multi-Task Learning Approach for Conditioned Dialogue Generation

Yan Zeng  
DIRO, Université de Montréal  
yan.zeng@umontreal.ca

Jian-Yun Nie  
DIRO, Université de Montréal  
nie@iro.umontreal.ca",false,,,,"[{""raw_affiliation_text"": ""DIRO, Université de Montréal"", ""institution"": ""Université de Montréal"", ""country"": null}]"
2021.naacl-main.388,,,,2021.naacl-main.388,done,Syracuse University | Independent Researcher | Leland High School,"# Self Promotion in US Congressional Tweets

# Jun Wang

Independent Researcher

Syracuse, New York

junwang4@gmail.com

# Kelly Cui

Leland High School

San Jose, California

kcui930@gmail.com

# Bei Yu

School of Information Studies  
Syracuse University, New York

byu@syr.edu",false,,,,"[{""raw_affiliation_text"": ""School of Information Studies Syracuse University, New York"", ""institution"": ""Syracuse University"", ""country"": null}, {""raw_affiliation_text"": ""Independent Researcher Syracuse, New York"", ""institution"": ""Independent Researcher"", ""country"": null}, {""raw_affiliation_text"": ""Leland High School San Jose, California"", ""institution"": ""Leland High School"", ""country"": null}]"
2021.naacl-main.39,,,,2021.naacl-main.39,done,University of Geneva | Idiap Research Institute,"# Multi-Adversarial Learning for Cross-Lingual Word Embeddings

Haozhou Wang $^{1}$ , James Henderson $^{2}$ , Paola Merlo $^{1}$

<sup>1</sup> University of Geneva

$^{2}$ Idiap Research Institute

{haozhou.wang, paola.merlo} @unige.ch, james.henderson@idiap.ch",false,,,,"[{""raw_affiliation_text"": ""University of Geneva"", ""institution"": ""University of Geneva"", ""country"": null}, {""raw_affiliation_text"": ""Idiap Research Institute"", ""institution"": ""Idiap Research Institute"", ""country"": null}]"
2021.naacl-main.393,,,,2021.naacl-main.393,done,University of Massachusetts Amherst | Google Research,"# Hurdles to Progress in Long-form Question Answering

Kalpesh Krishna*

Aurko Roy

Mohit Iyyer

$\spadesuit$ University of Massachusetts Amherst, Google Research

{kalpesh,miyyer}@cs.umass.edu

aurkor@google.com",false,,,,"[{""raw_affiliation_text"": ""University of Massachusetts Amherst, Google Research"", ""institution"": ""University of Massachusetts Amherst"", ""country"": null}, {""raw_affiliation_text"": ""University of Massachusetts Amherst, Google Research"", ""institution"": ""Google Research"", ""country"": null}]"
2021.naacl-main.398,,,,2021.naacl-main.398,done,Princeton University,"# Factual Probing Is [MASK]: Learning vs. Learning to Recall

Zexuan Zhong* Dan Friedman* Danqi Chen

Department of Computer Science

Princeton University

{zzhong, dfriedman, danqic}@cs.princeton.edu",false,,,,"[{""raw_affiliation_text"": ""Department of Computer Science Princeton University"", ""institution"": ""Princeton University"", ""country"": null}]"
2021.naacl-main.399,,,,2021.naacl-main.399,done,Johns Hopkins University,"# Evaluating Saliency Methods for Neural Language Models

Shuoyang Ding Philipp Koehn

Center for Language and Speech Processing

Johns Hopkins University

{dings，phi}@jhu.edu",false,,,,"[{""raw_affiliation_text"": ""Center for Language and Speech Processing, Johns Hopkins University"", ""institution"": ""Johns Hopkins University"", ""country"": null}]"
2021.naacl-main.395,,,,2021.naacl-main.395,done,The University of Texas at Austin | King's College London | Northeastern University,"# Paragraph-level Simplification of Medical Texts

Ashwin Devaraj

The University of Texas at Austin

ashwin.devaraj@utexas.edu

Iain J. Marshall

King's College London

iain.marshall@kcl.ac.uk

Byron C. Wallace

Northeastern University

b.wallace@northeastern.edu

Junyi Jessy Li

The University of Texas at Austin

jessy@austin.utexas.edu",false,,,,"[{""raw_affiliation_text"": ""The University of Texas at Austin"", ""institution"": ""The University of Texas at Austin"", ""country"": null}, {""raw_affiliation_text"": ""King's College London"", ""institution"": ""King's College London"", ""country"": null}, {""raw_affiliation_text"": ""Northeastern University"", ""institution"": ""Northeastern University"", ""country"": null}]"
2021.naacl-main.396,,,,2021.naacl-main.396,done,University of Pittsburgh | Microsoft Research,"# An Empirical Study on Neural Keyphrase Generation

Rui Meng† Xingdi Yuan‡ Tong Wang‡ Sanqiang Zhao† Adam Trischler‡ Daqing He†

†School of Computing and Information, University of Pittsburgh

$^{\ddagger}$ Microsoft Research, Montréal

rui.meng@pitt.edu",false,,,,"[{""raw_affiliation_text"": ""School of Computing and Information, University of Pittsburgh"", ""institution"": ""University of Pittsburgh"", ""country"": null}, {""raw_affiliation_text"": ""Microsoft Research, Montréal"", ""institution"": ""Microsoft Research"", ""country"": null}]"
2021.naacl-main.4,,,,2021.naacl-main.4,done,University of Illinois at Urbana-Champaign,"# Abstract Meaning Representation Guided Graph Encoding and Decoding for Joint Information Extraction

Zixuan Zhang and Heng Ji

Computer Science Department

University of Illinois at Urbana-Champaign

{zixuan11, hengji}@illinois.edu",false,,,,"[{""raw_affiliation_text"": ""Computer Science Department, University of Illinois at Urbana-Champaign"", ""institution"": ""University of Illinois at Urbana-Champaign"", ""country"": ""null""}]"
2021.naacl-main.394,,,,2021.naacl-main.394,done,Columbia University | Google,"# ENTRUST: Argument Reframing with Language Models and Entailment

Tuhin Chakrabarty<sup>1</sup>, Christopher Hidey <sup>3</sup> Smaranda Muresan<sup>1,2</sup>

Department of Computer Science, Columbia University

Data Science Institute, Columbia University 2

Google $^{3}$

{tuhin.chakr, smara}@cs.columbia.edu

chris.hide@gmail.com",false,,,,"[{""raw_affiliation_text"": ""Department of Computer Science, Columbia University"", ""institution"": ""Columbia University"", ""country"": null}, {""raw_affiliation_text"": ""Google"", ""institution"": ""Google"", ""country"": null}]"
2021.naacl-main.40,,,,2021.naacl-main.40,done,Carnegie Mellon University | Deep Mind,"# Multi-view Subword Regularization

Xinyi Wang<sup>1</sup> Sebastian Ruder<sup>2</sup> Graham Neubig<sup>1</sup>

$^{1}$ Language Technology Institute, Carnegie Mellon University

$^{2}$ DeepMind

xinyiw1@cs.cmu.edu, ruder@google.com, gneubig@cs.cmu.edu",false,,,,"[{""raw_affiliation_text"": ""Language Technology Institute, Carnegie Mellon University"", ""institution"": ""Carnegie Mellon University"", ""country"": null}, {""raw_affiliation_text"": ""DeepMind"", ""institution"": ""Deep Mind"", ""country"": null}]"
2021.naacl-main.397,,,,2021.naacl-main.397,done,University of Michigan,"# Attention Head Masking for Inference Time Content Selection in Abstractive Summarization

Shuyang Cao and Lu Wang

Computer Science and Engineering

University of Michigan

Ann Arbor, MI

{caoshuy, wangluxy}@umich.edu",false,,,,"[{""raw_affiliation_text"": ""Computer Science and Engineering, University of Michigan"", ""institution"": ""University of Michigan"", ""country"": ""null""}]"
2021.naacl-main.403,,,,2021.naacl-main.403,done,Florida State University,"# Too Much in Common: Shifting of Embeddings in Transformer Language Models and its Implications

Daniel Bió

Florida State University Tallahassee, USA

bis@cs.fsu.edu

Maksim Podkorytov

Florida State University

Tallahassee, USA

maksim@cs.fsu.edu

Xiuwen Liu

Florida State University

Tallahassee, USA

liux@cs.fsu.edu",false,,,,"[{""raw_affiliation_text"": ""Florida State University Tallahassee, USA"", ""institution"": ""Florida State University"", ""country"": ""USA""}]"
2021.naacl-main.400,,,,2021.naacl-main.400,done,University of Washington | Microsoft Research | Duke University,"# Contextualized Perturbation for Textual Adversarial Attack

Dianqi Li\* Yizhe Zhang Hao Peng\* Liquun Chen

Chris Brockett $^{\diamond}$ Ming-Ting Sun $^{\spadesuit}$ Bill Dolan $^{\diamond}$

$\spadesuit$ University of Washington Microsoft Research Duke University

{dianqili, mts}@uw.edu, hapeng@cs.uw.edu, liqun.chen@duke.edu

{Yizhe.Zhang, Chris.Brockett, billdol}@microsoft.com",false,,,,"[{""raw_affiliation_text"": ""University of Washington"", ""institution"": ""University of Washington"", ""country"": null}, {""raw_affiliation_text"": ""Microsoft Research"", ""institution"": ""Microsoft Research"", ""country"": null}, {""raw_affiliation_text"": ""Duke University"", ""institution"": ""Duke University"", ""country"": null}]"
2021.naacl-main.404,,,,2021.naacl-main.404,done,Stanford University,"# On the Inductive Bias of Masked Language Modeling: From Statistical to Syntactic Dependencies

Tianyi Zhang

Computer Science Department
Stanford University

tianyizhang@cs.stanford.edu

Tatsunori B. Hashimoto

Computer Science Department
Stanford University

thashim@stanford.edu",false,,,,"[{""raw_affiliation_text"": ""Computer Science Department Stanford University"", ""institution"": ""Stanford University"", ""country"": null}]"
2021.naacl-main.402,,,,2021.naacl-main.402,done,University of California Los Angeles,"# Evaluating the Values of Sources in Transfer Learning

# Md Rizwan Parvez

University of California Los Angeles

rizwan@cs.ucla.edu

# Kai-Wei Chang

University of California Los Angeles

kwchang@cs.ucla.edu",false,,,,"[{""raw_affiliation_text"": ""University of California Los Angeles"", ""institution"": ""University of California Los Angeles"", ""country"": null}]"
2021.naacl-main.406,,,,2021.naacl-main.406,done,Google Research | University of Illinois at Urbana-Champaign,"# On the Transformer Growth for Progressive BERT Training

Xiaotao Gu\*\* Liyuan Liu\* Hongkun Yu\* Jing Li\* Chen Chen\* Jiawei Han\*

$\spadesuit$ Google Research {hongkuny, jingli, chendouble} @google.com

$\spadesuit$ University of Illinois at Urbana-Champaign {xiaotao2,112,hanj}@illinois.edu",false,,,,"[{""raw_affiliation_text"": ""Google Research"", ""institution"": ""Google Research"", ""country"": null}, {""raw_affiliation_text"": ""University of Illinois at Urbana-Champaign"", ""institution"": ""University of Illinois at Urbana-Champaign"", ""country"": ""USA""}]"
2021.naacl-main.401,,,,2021.naacl-main.401,done,University of Utah,"# DIRECTPROBE: Studying Representations without Classifiers

Yichu Zhou

School of Computing

University of Utah

flyaway@cs.utah.edu

Vivek Srikumar

School of Computing

University of Utah

svivek@cs.utah.edu",false,,,,"[{""raw_affiliation_text"": ""School of Computing, University of Utah"", ""institution"": ""University of Utah"", ""country"": null}]"
2021.naacl-main.405,,,,2021.naacl-main.405,done,Johns Hopkins University | Facebook AI | Carnegie Mellon University,"# Limitations of Autoregressive Models and Their Alternatives

Chu-Cheng $\mathbf { L i n } ^ { \sharp * }$ Aaron Jaech♭ Xin Li♯ Matthew R. Gormley♮ Jason Eisner♯

♯Department of Computer Science, Johns Hopkins University ♭Facebook AI

♮Machine Learning Department, Carnegie Mellon University {kitsing,lixints,jason}@cs.jhu.edu ajaech@fb.com mgormley@cs.cmu.edu",false,,,,"[{""raw_affiliation_text"": ""Department of Computer Science, Johns Hopkins University"", ""institution"": ""Johns Hopkins University"", ""country"": null}, {""raw_affiliation_text"": ""Facebook AI"", ""institution"": ""Facebook AI"", ""country"": null}, {""raw_affiliation_text"": ""Machine Learning Department, Carnegie Mellon University"", ""institution"": ""Carnegie Mellon University"", ""country"": null}]"
2021.naacl-main.410,,,,2021.naacl-main.410,done,Johns Hopkins University,"# Learning How to Ask: Querying LMs with Mixtures of Soft Prompts

Guanghui Qin and Jason Eisner

Department of Computer Science, Johns Hopkins University

gqin2@jhu.edu jason@cs.jhu.edu",false,,,,"[{""raw_affiliation_text"": ""Department of Computer Science, Johns Hopkins University"", ""institution"": ""Johns Hopkins University"", ""country"": null}]"
2021.naacl-main.412,,,,2021.naacl-main.412,done,Amazon Alexa AI,"# AVA: an Automatic eValuation Approach for Question Answering Systems

Thuy Vu

Amazon Alexa AI

Manhattan Beach, CA, USA

thuyvu@amazon.com

Alessandro Moschitti

Amazon Alexa AI

Manhattan Beach, CA, USA

amosch@amazon.com",false,,,,"[{""raw_affiliation_text"": ""Amazon Alexa AI, Manhattan Beach, CA, USA"", ""institution"": ""Amazon Alexa AI"", ""country"": ""USA""}]"
2021.naacl-main.407,,,,2021.naacl-main.407,done,University of Massachusetts Amherst,"# Revisiting Simple Neural Probabilistic Language Models

Simeng Sun and Mohit Iyyer

College of Information and Computer Sciences

University of Massachusetts Amherst

{simengsun, miyyer}@cs.umass.edu",false,,,,"[{""raw_affiliation_text"": ""College of Information and Computer Sciences, University of Massachusetts Amherst"", ""institution"": ""University of Massachusetts Amherst"", ""country"": null}]"
2021.naacl-main.408,,,,2021.naacl-main.408,done,University of Southern California | Google Research,"# READTwICE: Reading Very Large Documents with Memories

Yury Zemlyanskiy*  
University of Southern California

yury.zemlyanskiy@usc.edu

Joshua Ainslie Google Research jainslie@google.com

Michiel de Jong  
University of Southern California  
msdejong@usc.edu

Philip Pham  
Google Research  
phillypham@gmail.com

Ilya Eckstein Google Research ilyaeck@gmail.com

Fei Sha†  
Google Research  
fsha@google.com",false,,,,"[{""raw_affiliation_text"": ""University of Southern California"", ""institution"": ""University of Southern California"", ""country"": null}, {""raw_affiliation_text"": ""Google Research"", ""institution"": ""Google Research"", ""country"": null}]"
2021.naacl-main.409,,,,2021.naacl-main.409,done,UCLA | Salesforce Research,"# SCRIPT: Self-Critic Pretraining of Transformers

Erik Nijkamp*

UCLA

enijkamp@ucla.edu

Bo Pang

UCLA

bopang@ucla.edu

Ying Nian Wu

UCLA

ywu@stat.ucla.edu

Caiming Xiong

Salesforce Research

cxiong@salesforce.com",false,,,,"[{""raw_affiliation_text"": ""UCLA"", ""institution"": ""UCLA"", ""country"": null}, {""raw_affiliation_text"": ""Salesforce Research"", ""institution"": ""Salesforce Research"", ""country"": null}]"
2021.naacl-main.41,,,,2021.naacl-main.41,done,Google Research,"# mT5: A Massively Multilingual Pre-trained Text-to-Text Transformer

Linting Xue* Noah Constant* Adam Roberts* Mihir Kale Rami Al-Rfou Aditya Siddhant Aditya Barua Colin Raffel Google Research",false,,,,"[{""raw_affiliation_text"": ""Google Research"", ""institution"": ""Google Research"", ""country"": null}]"
2021.naacl-main.414,,,,2021.naacl-main.414,done,ETH Zürich | Microsoft Research,"# Text Editing by Command

# Felix Faltings $^{\diamond, *}$ Michel Galley $^{\spadesuit}$ Gerald Hintz $^{\spadesuit}$ Chris Brockett $^{\spadesuit}$ Chris Quirk $^{\spadesuit}$ Jianfeng Gao $^{\spadesuit}$ Bill Dolan $^{\spadesuit}$

$\diamond$ Department of Computer Science, ETH Zürich $\clubsuit$ Microsoft Research fafelix@student.ethz.ch

{mgalley,gehint,chrisbkt,chrisq,jfgao,billdol}@Microsoft.com",false,,,,"[{""raw_affiliation_text"": ""Department of Computer Science, ETH Zürich"", ""institution"": ""ETH Zürich"", ""country"": null}, {""raw_affiliation_text"": ""Microsoft Research"", ""institution"": ""Microsoft Research"", ""country"": null}]"
2021.naacl-main.413,,,,2021.naacl-main.413,done,Duke University,"# SpanPredict: Extraction of Predictive Document Spans with Neural Attention

Vivek Subramanian, Matthew Engelhard, Samuel Berchuck, Liquin Chen, Ricardo Henao, and Lawrence Carin

Duke University

{vivek.subramanian, matthew.engelhard, samuel.berchuck, liquor.chen, ricardo.henao, lcarin}@duke.edu",false,,,,"[{""raw_affiliation_text"": ""Duke University"", ""institution"": ""Duke University"", ""country"": null}]"
2021.naacl-main.411,,,,2021.naacl-main.411,done,"Massachusetts Institute of Technology | ASAPP, Inc.","# Nutri-bullets Hybrid: Consensual Multi-document Summarization

Darsh J Shah $^{1}$ Lili Yu $^{2}$ Tao Lei $^{2}$ Regina Barzilay $^{1}$

<sup>1</sup>Computer Science and Artificial Intelligence Lab Massachusetts Institute of Technology

2ASAPP, Inc.

darsh@csail.mit.edu liliyu@asapp.com tao@asapp.com regina@csail.mit.edu",false,,,,"[{""raw_affiliation_text"": ""Computer Science and Artificial Intelligence Lab Massachusetts Institute of Technology"", ""institution"": ""Massachusetts Institute of Technology"", ""country"": null}, {""raw_affiliation_text"": ""ASAPP, Inc."", ""institution"": ""ASAPP, Inc."", ""country"": null}]"
2021.naacl-main.418,,,,2021.naacl-main.418,done,Triomics | Indian Institute of Technology Bombay | Adobe Research,"# MIMOQA: Multimodal Input Multimodal Output Question Answering

Hrituraj Singh

Triomics,

Noida, India

Anshul Nasery, Denil Mehta, Aishwarya Agarwal, Jatin Lamba

Indian Institute of Technology

Bombay, India

Balaji Vasan Srinivasan

Adobe Research,

Bangalore, India",false,,,,"[{""raw_affiliation_text"": ""Triomics, Noida, India"", ""institution"": ""Triomics"", ""country"": ""India""}, {""raw_affiliation_text"": ""Indian Institute of Technology Bombay, India"", ""institution"": ""Indian Institute of Technology Bombay"", ""country"": ""India""}, {""raw_affiliation_text"": ""Adobe Research, Bangalore, India"", ""institution"": ""Adobe Research"", ""country"": ""India""}]"
2021.naacl-main.415,,,,2021.naacl-main.415,done,Johns Hopkins University,"# A Deep Metric Learning Approach to Account Linking

Aleem Khan, Elizabeth Fleming, Noah Schofield, Marcus Bishop, and Nicholas Andrews

Human Language Technology Center of Excellence

Johns Hopkins University

{akhan141,eflemin9,nschofil,marcus.bishop,noa}@jhu.edu",false,,,,"[{""raw_affiliation_text"": ""Human Language Technology Center of Excellence"", ""institution"": ""Johns Hopkins University"", ""country"": null}]"
2021.naacl-main.416,,,,2021.naacl-main.416,done,Stanford University,"# Improving Factual Completeness and Consistency of Image-to-Text Radiology Report Generation

Yasuhide Miura, Yuhao Zhang, Emily Bao Tsai, Curtis P. Langlotz, Dan Jurafsky  
Stanford University

{ysmiura, zyh, ebtsai, langlotz, jurafsky}@stanford.edu",false,,,,"[{""raw_affiliation_text"": ""Stanford University"", ""institution"": ""Stanford University"", ""country"": null}]"
2021.naacl-main.423,,,,2021.naacl-main.423,done,Microsoft Research,"# BBAEG: Towards BERT-based Biomedical Adversarial Example Generation for Text Classification

Ishani Mondal

Microsoft Research

Lavelle Road, Bangalore, India

ishani340@gmail.com",false,,,,"[{""raw_affiliation_text"": ""Microsoft Research"", ""institution"": ""Microsoft Research"", ""country"": ""India""}]"
2021.naacl-main.425,,,,2021.naacl-main.425,done,Nanyang Technological University,"# Latent-Optimized Adversarial Neural Transfer for Sarcasm Detection

Xu Guo, Boyang Li*, Han Yu and Chunyan Miao*

School of Computer Science and Engineering,

Nanyang Technological University, Singapore

{xu008,han.yu,boyang.li,ascymiao}@ntu.edu.sg",false,,,,"[{""raw_affiliation_text"": ""School of Computer Science and Engineering, Nanyang Technological University, Singapore"", ""institution"": ""Nanyang Technological University"", ""country"": ""Singapore""}]"
2021.naacl-main.421,,,,2021.naacl-main.421,done,MIT CSAIL | Facebook AI Research,"# Multitasking Inhibits Semantic Drift

Athul Paul Jacob

apjacob@mit.edu

MIT CSAIL

Mike Lewis

mikelewis@fb.com

Facebook AI Research

Jacob Andreas

jda@mit.edu

MIT CSAIL",false,,,,"[{""raw_affiliation_text"": ""MIT CSAIL"", ""institution"": ""MIT CSAIL"", ""country"": null}, {""raw_affiliation_text"": ""Facebook AI Research"", ""institution"": ""Facebook AI Research"", ""country"": null}]"
2021.naacl-main.420,,,,2021.naacl-main.420,done,"University of California, Los Angeles | Columbia University","# Unsupervised Vision-and-Language Pre-training Without Parallel Images and Captions

Liuian Harold Li†, Haoxuan You*°, Zhecan Wang*°, Alireza Zareian°, Shih-Fu Chang° & Kai-Wei Chang†

†University of California, Los Angeles

Columbia University

liunian.harold.li@cs.ucla.edu,

{hy2612, zw2627, az2407, sc250}@columbia.edu,

kwchang@cs.ucla.edu",false,,,,"[{""raw_affiliation_text"": ""University of California, Los Angeles"", ""institution"": ""University of California, Los Angeles"", ""country"": ""null""}, {""raw_affiliation_text"": ""Columbia University"", ""institution"": ""Columbia University"", ""country"": ""null""}]"
2021.naacl-main.422,,,,2021.naacl-main.422,done,University of Washington,"# Probing Contextual Language Models for Common Ground with Visual Representations

Gabriel Ilharco Rowan Zellers Ali Farhadi Hannaneh Hajishirzi

Paul G. Allen School of Computer Science & Engineering

University of Washington

{gamaga, rowanz, ali, hannaneh}@cs.washington.edu",false,,,,"[{""raw_affiliation_text"": ""Paul G. Allen School of Computer Science & Engineering, University of Washington"", ""institution"": ""University of Washington"", ""country"": null}]"
2021.naacl-main.417,,,,2021.naacl-main.417,done,The Hong Kong University of Science and Technology,"# Multimodal End-to-End Sparse Model for Emotion Recognition

Wenliang Dai*, Samuel Cahyawijaya*, Zihan Liu, Pascale Fung

Center for Artificial Intelligence Research (CAiRE)

Department of Electronic and Computer Engineering

The Hong Kong University of Science and Technology, Clear Water Bay, Hong Kong

{wdaiai, scahyawijaya, zliucr} @connect.ust.hk, pascale@ece.ust.hk",false,,,,"[{""raw_affiliation_text"": ""Center for Artificial Intelligence Research (CAiRE)"", ""institution"": ""The Hong Kong University of Science and Technology"", ""country"": ""null""}]"
2021.naacl-main.419,,,,2021.naacl-main.419,done,National Taiwan University,"# OCID-Ref: A 3D Robotic Dataset with Embodied Language for Clutter Scene Grounding

Ke-Jyun Wang* Yun-Hsuan Liu* Hung-Ting Su Jen-Wei Wang

Yu-Siang Wang Winston H. Hsu Wen-Chin Chen

National Taiwan University",false,,,,"[{""raw_affiliation_text"": ""National Taiwan University"", ""institution"": ""National Taiwan University"", ""country"": null}]"
2021.naacl-main.424,,,,2021.naacl-main.424,done,Ochanomizu University | Microsoft Research,"# Targeted Adversarial Training for Natural Language Understanding

# Lis Pereira $^{1*}$ , Xiaodong Liu $^{2*}$ , Hao Cheng $^{2}$ , Hoifung Poon $^{2}$ , Jianfeng Gao $^{2}$ , Ichiro Kobayashi $^{1}$

$^{1}$ Ochanomizu University $^{2}$ Microsoft Research

{kanashiro.pereira, Kobayashi.ichiro}@ocha.ac.jp {xiaodl, chehao, hoifung, jfgao}@microsoft.com",false,,,,"[{""raw_affiliation_text"": ""Ochanomizu University"", ""institution"": ""Ochanomizu University"", ""country"": null}, {""raw_affiliation_text"": ""Microsoft Research"", ""institution"": ""Microsoft Research"", ""country"": null}]"
2021.naacl-main.431,,,,2021.naacl-main.431,done,Fudan University | The Hong Kong Polytechnic University,"# Discrete Argument Representation Learning for Interactive Argument Pair Identification

Lu Ji $^{1}$ , Zhongyu Wei $^{2*}$ , Jing Li $^{3}$ , Qi Zhang $^{1}$ , Xuanjing Huang $^{1}$

$^{1}$ School of Computer Science, Fudan University, Shanghai, China

$^{2}$ School of Data Science, Fudan University, China

$^{3}$ Department of Computing, The Hong Kong Polytechnic University, Hong Kong, China {17210240034,zywei,qz,xjhuang} @fudan.edu.cn

jing-amelia.li@polyu.edu.hk",false,,,,"[{""raw_affiliation_text"": ""School of Computer Science, Fudan University, Shanghai, China"", ""institution"": ""Fudan University"", ""country"": ""China""}, {""raw_affiliation_text"": ""Department of Computing, The Hong Kong Polytechnic University, Hong Kong, China"", ""institution"": ""The Hong Kong Polytechnic University"", ""country"": ""China""}]"
2021.naacl-main.43,,,,2021.naacl-main.43,done,Tel-Aviv University | Google Research,"# Open Domain Question Answering over Tables via Dense Retrieval Jonathan Herzig*,1, Thomas Müller2, Syrine Krichene2, Julian Martin Eisenschlos2

$^{1}$ School of Computer Science, Tel-Aviv University

jonathan.herzig@cs.tau.ac.il

2Google Research

{thomasmueller,syrinekrichene,eisenjulian}@google.com",false,,,,"[{""raw_affiliation_text"": ""School of Computer Science, Tel-Aviv University"", ""institution"": ""Tel-Aviv University"", ""country"": null}, {""raw_affiliation_text"": ""Google Research"", ""institution"": ""Google Research"", ""country"": null}]"
2021.naacl-main.427,,,,2021.naacl-main.427,done,AWS AI | Columbia University,"# Supporting Clustering with Contrastive Learning

Dejiao Zhang $^{1}$ Feng Nan $^{1}$ Xiaokai Wei $^{1}$ Shang-Wen Li $^{1}$ Henghui Zhu $^{1}$ Kathleen McKeown $^{1,2}$ Ramesh Nallapati $^{1}$ Andrew O. Arnold $^{1}$ Bing Xiang $^{1}$

$^{1}$ AWS AI $^{2}$ Columbia University

dejiaoz, nanfen, xiaokaiw, shangwel, henghui

mckeownk, rnallapa, anarnld, bxiang@amazon.com",false,,,,"[{""raw_affiliation_text"": ""AWS AI"", ""institution"": ""AWS AI"", ""country"": null}, {""raw_affiliation_text"": ""Columbia University"", ""institution"": ""Columbia University"", ""country"": null}]"
2021.naacl-main.430,,,,2021.naacl-main.430,done,Peking University | Huawei Noah's Ark Lab,"# Neural Network Surgery: Injecting Data Patterns into Pre-trained Models with Minimal Instance-wise Side Effects

Zhiyuan Zhang $^{1}$ , Xuancheng Ren $^{1}$ , Qi Su $^{1}$ , Xu Sun $^{1,2}$ and Bin He $^{3}$

<sup>1</sup> MOE Key Laboratory of Computational Linguistic, School of EECS, Peking University

2 Center for Data Science, Peking University

<sup>3</sup> Huawei Noah's Ark Lab

{zzy1210, renxc, sukia, xusun}@pku.edu.cn

hebin.nlp@huawei.com",false,,,,"[{""raw_affiliation_text"": ""MOE Key Laboratory of Computational Linguistic, School of EECS, Peking University"", ""institution"": ""Peking University"", ""country"": null}, {""raw_affiliation_text"": ""Huawei Noah's Ark Lab"", ""institution"": ""Huawei Noah's Ark Lab"", ""country"": null}]"
2021.naacl-main.428,,,,2021.naacl-main.428,done,Meituan Inc. | Chinese Academy of Sciences | University of Chinese Academy of Sciences,"# TITA: A Two-stage Interaction and Topic-Aware Text Matching Model

Xingwu Sun $^{1*}$ , Yanling Cui $^{2,3}$ , Hongyin Tang $^{2,3}$ , Qiuyu Zhu $^{1}$ , Fuzheng Zhang $^{1}$ , Beihong Jin $^{2,3*}$ $^{1}$ Meituan Inc., Beijing, China

$^{2}$ State Key Laboratory of Computer Sciences, Institute of Software, Chinese Academy of Sciences

<sup>3</sup>University of Chinese Academy of Sciences, Beijing, China

*The corresponding authors: sunxingwu01@gmail.com, beihong@iscas.ac.cn",false,,,,"[{""raw_affiliation_text"": ""Meituan Inc., Beijing, China"", ""institution"": ""Meituan Inc."", ""country"": ""China""}, {""raw_affiliation_text"": ""State Key Laboratory of Computer Sciences, Institute of Software, Chinese Academy of Sciences"", ""institution"": ""Chinese Academy of Sciences"", ""country"": null}, {""raw_affiliation_text"": ""University of Chinese Academy of Sciences, Beijing, China"", ""institution"": ""University of Chinese Academy of Sciences"", ""country"": ""China""}]"
2021.naacl-main.42,,,,2021.naacl-main.42,done,Princeton University | Carnegie Mellon University | Microsoft Research,"# MetaXL: Meta Representation Transformation for Low-resource Cross-lingual Learning

Mengzhou Xia\* Guoqing Zheng\* Subhabrata Mukherjee\* Milad Shokouhi\* Graham Neubig\* Ahmed Hassan Awadallah

$^{\S}$ Princeton University $\dagger$ Carnegie Mellon University $\ddagger$ Microsoft Research mengzhou@princeton.edu, {zheng, submukhe, milads} @ microsoft.com gneubig@cs.cmu.edu, hassanam@microsoft.com",false,,,,"[{""raw_affiliation_text"": ""Princeton University"", ""institution"": ""Princeton University"", ""country"": null}, {""raw_affiliation_text"": ""Carnegie Mellon University"", ""institution"": ""Carnegie Mellon University"", ""country"": null}, {""raw_affiliation_text"": ""Microsoft Research"", ""institution"": ""Microsoft Research"", ""country"": null}]"
2021.naacl-main.429,,,,2021.naacl-main.429,done,Tsinghua University | Beijing National Research Center for Information Science and Technology | Beijing Academy of Artificial Intelligence | Beijing Language and Culture University | National University of Singapore,"# Neural Quality Estimation with Multiple Hypotheses for Grammatical Error Correction

Zhenghao Liu $^{1,2}$ , Xiaoyuan Yi $^{1,2}$ , Maosong Sun $^{1,3*}$ , Liner Yang $^{4}$ , Tat-Seng Chua $^{5}$

$^{1}$ Department of Computer Science and Technology, Tsinghua University, Beijing, China

Institute for Artificial Intelligence, Tsinghua University, Beijing, China

Beijing National Research Center for Information Science and Technology

$^{2}$ State Key Lab on Intelligent Technology and Systems, Tsinghua University, Beijing, China

$^{3}$ Beijing Academy of Artificial Intelligence

<sup>4</sup>Beijing Language and Culture University, Beijing, China

$^{5}$ School of Computing, National University of Singapore, Singapore",false,,,,"[{""raw_affiliation_text"": ""Department of Computer Science and Technology, Tsinghua University, Beijing, China"", ""institution"": ""Tsinghua University"", ""country"": ""China""}, {""raw_affiliation_text"": ""Beijing National Research Center for Information Science and Technology"", ""institution"": ""Beijing National Research Center for Information Science and Technology"", ""country"": null}, {""raw_affiliation_text"": ""Beijing Academy of Artificial Intelligence"", ""institution"": ""Beijing Academy of Artificial Intelligence"", ""country"": null}, {""raw_affiliation_text"": ""Beijing Language and Culture University, Beijing, China"", ""institution"": ""Beijing Language and Culture University"", ""country"": ""China""}, {""raw_affiliation_text"": ""School of Computing, National University of Singapore, Singapore"", ""institution"": ""National University of Singapore"", ""country"": ""Singapore""}]"
2021.naacl-main.435,,,,2021.naacl-main.435,done,University of British Columbia | Indiana University | University of Colorado,"# Do RNN States Encode Abstract Phonological Alternations?

Miikka Silfverberg $^{3}$ Francis Tyers $^{1}$ Garrett Nicolai $^{3}$ Mans Hulden $^{\chi}$

$^{3}$ University of British Columbia Indiana University

$\chi$ University of Colorado

first.last@ubc.ca ftyers@iu.edu first.last@colorado.edu",false,,,,"[{""raw_affiliation_text"": ""University of British Columbia"", ""institution"": ""University of British Columbia"", ""country"": null}, {""raw_affiliation_text"": ""Indiana University"", ""institution"": ""Indiana University"", ""country"": null}, {""raw_affiliation_text"": ""University of Colorado"", ""institution"": ""University of Colorado"", ""country"": null}]"
2021.naacl-main.436,,,,2021.naacl-main.436,done,"Xiaomi AI Lab, Xiaomi Inc. | Fudan University","# Pre-training with Meta Learning for Chinese Word Segmentation

Zhen Ke $^{1}$ , Liang Shi $^{1}$ , Songtao Sun $^{1}$ , Erli Meng $^{1}$ , Bin Wang $^{1}$ , Xipeng Qiu $^{2}$

Xiaomi AI Lab, Xiaomi Inc., Beijing, China

Shanghai Key Laboratory of Intelligent Information Processing, Fudan University $^{2}$ {kezhen, shiliang1, sunsongtao, mengerli, wangbin11}@xiaomi.com {xpqiu}@fudan.edu.cn",false,,,,"[{""raw_affiliation_text"": ""Xiaomi AI Lab, Xiaomi Inc., Beijing, China"", ""institution"": ""Xiaomi AI Lab, Xiaomi Inc."", ""country"": ""China""}, {""raw_affiliation_text"": ""Shanghai Key Laboratory of Intelligent Information Processing, Fudan University"", ""institution"": ""Fudan University"", ""country"": null}]"
2021.naacl-main.432,,,,2021.naacl-main.432,done,Hong Kong University of Science and Technology | Facebook AI | MIT CSAIL,"# On Unifying Misinformation Detection

Nayeon Lee\* Belinda Z. Li\* Sinong Wang   
Pascale Fung Hao Ma Wen-tau Yih Madian Khabsa   
\*Hong Kong University of Science and Technology   
+Facebook AI   
+MIT CSAIL   
nyleea@connect.ust.hk, mkhabsa@fb.com",false,,,,"[{""raw_affiliation_text"": ""Hong Kong University of Science and Technology"", ""institution"": ""Hong Kong University of Science and Technology"", ""country"": ""null""}, {""raw_affiliation_text"": ""Facebook AI"", ""institution"": ""Facebook AI"", ""country"": ""null""}, {""raw_affiliation_text"": ""MIT CSAIL"", ""institution"": ""MIT CSAIL"", ""country"": ""null""}]"
2021.naacl-main.433,,,,2021.naacl-main.433,done,Kyoto University,"# Frustratingly Easy Edit-based Linguistic Steganography with a Masked Language Model

Honai Ueoka Yugo Murawaki Sadao Kurohashi

Graduate School of Informatics, Kyoto University

hueoka@icn.cce.i.kyoto-u.ac.jp

{murawaki, kuro}@i.kyoto-u.ac.jp",false,,,,"[{""raw_affiliation_text"": ""Graduate School of Informatics, Kyoto University"", ""institution"": ""Kyoto University"", ""country"": null}]"
2021.naacl-main.426,,,,2021.naacl-main.426,done,Facebook AI | Stanford University,"# Self-training Improves Pre-training for Natural Language Understanding

Jingfei Du†* Edouard Grave† Beliz Gunel‡ Vishray Chaudhary†

Onur Celebi† Michael Auli† Veselin Stoyanov† Alexis Conneau†*

{jingfeidu,egrave,vishrav,celebi,michaelaui,ves,aconneau} $@$ fb.com,bgunel@stanford.edu

†Facebook AI, ‡Stanford University",false,,,,"[{""raw_affiliation_text"": ""Facebook AI"", ""institution"": ""Facebook AI"", ""country"": null}, {""raw_affiliation_text"": ""Stanford University"", ""institution"": ""Stanford University"", ""country"": null}]"
2021.naacl-main.44,,,,2021.naacl-main.44,done,Apple Inc. | University of Amsterdam,"# Open-Domain Question Answering Goes Conversational via Question Rewriting

Raviteja Anantha\*, Svitlana Vakulenko\*, Zhucheng Tu\*, Shayne Longpre\*, Stephen Pulman\*, Srinivas Chappidi\*

Apple Inc. University of Amsterdam, Amsterdam, the Netherlands",false,,,,"[{""raw_affiliation_text"": ""Apple Inc."", ""institution"": ""Apple Inc."", ""country"": null}, {""raw_affiliation_text"": ""University of Amsterdam, Amsterdam, the Netherlands"", ""institution"": ""University of Amsterdam"", ""country"": ""the Netherlands""}]"
2021.naacl-main.434,,,,2021.naacl-main.434,done,Protago Labs | International Monetary Fund | Dartmouth College | Microsoft AI,"# Few-Shot Text Classification with Triplet Networks, Data Augmentation, and Curriculum Learning

Jason Wei Chengyu Huang Soroush Vosoughi Yu Cheng Shiqi Xu ProtagoLabs International Monetary Fund Dartmouth College Microsoft AI

{jason,xu}@protagolabs.com huangchengyu24@gmail.com soroush@dartmouth.edu yu.cheng@microsoft.com",false,,,,"[{""raw_affiliation_text"": ""ProtagoLabs"", ""institution"": ""Protago Labs"", ""country"": null}, {""raw_affiliation_text"": ""International Monetary Fund"", ""institution"": ""International Monetary Fund"", ""country"": null}, {""raw_affiliation_text"": ""Dartmouth College"", ""institution"": ""Dartmouth College"", ""country"": null}, {""raw_affiliation_text"": ""Microsoft AI"", ""institution"": ""Microsoft AI"", ""country"": null}]"
2021.naacl-main.437,,,,2021.naacl-main.437,done,Peking University | Peng Cheng Laboratory,"# Decompose, Fuse and Generate: A Formation-Informed Method for Chinese Definition Generation

Hua Zheng $^{1,2*}$ , Damai Dai $^{1,2*}$ , Lei Li $^{1,2}$ , Tianyu Liu $^{1,2}$ , Zhifang Sui $^{1,2,3}$ , Baobao Chang $^{1,2,3}$ , Yang Liu $^{1,2\dagger}$

$^{1}$ Department of Computer Science and Technology, Peking University

$^{2}$ Key Lab of Computational Linguistics (MOE), Peking University

$^{3}$ Peng Cheng Laboratory, China

{zhenghua,daidamai,tianyu0421,szf,chbb,liuyang}@pku.edu.cn

lilei@stu.pku.edu.cn",false,,,,"[{""raw_affiliation_text"": ""Department of Computer Science and Technology, Peking University"", ""institution"": ""Peking University"", ""country"": null}, {""raw_affiliation_text"": ""Peng Cheng Laboratory, China"", ""institution"": ""Peng Cheng Laboratory"", ""country"": ""China""}]"
2021.naacl-main.439,,,,2021.naacl-main.439,done,Yale University | Microsoft | University of Maryland,"# GPT Perdetry Test: Generating new meanings for new words

Nikolay Malkin<sup>1</sup>

Yale University

New Haven, CT

Sameera Lanka

Microsoft

Redmond, WA

Pranay Goel<sup>3</sup>

University of Maryland

College Park, MD

Sudha Rao

Microsoft Research

Redmond, WA

Nebojsa Jojic

Microsoft Research

Redmond, WA

kolya.malkin@yale.edu{sameera.lanka,sudha.rao,jojic}@microsoft.com pgoell@umd.edu",false,,,,"[{""raw_affiliation_text"": ""Yale University"", ""institution"": ""Yale University"", ""country"": null}, {""raw_affiliation_text"": ""Microsoft"", ""institution"": ""Microsoft"", ""country"": null}, {""raw_affiliation_text"": ""University of Maryland"", ""institution"": ""University of Maryland"", ""country"": null}]"
2021.naacl-main.440,,,,2021.naacl-main.440,done,Peking University | University of Cambridge,"# Universal Semantic Tagging for English and Mandarin Chinese

Wenxi Li $^{1}$ , Yiyang Hou $^{1}$ , Yajie Ye $^{2}$ , Li Liang $^{1*}$ and Weiwei Sun $^{3}$

$^{1}$ Department of Chinese Language and Literature, Peking University $^{2}$ Wangxuan Institute of Computer Technology, Peking University

$^{3}$ Department of Computer Science and Technology, University of Cambridge

{liwenxi, yiyang.hou, liangli15, yeyajie}@pku.edu.cn ws390@cam.ac.uk",false,,,,"[{""raw_affiliation_text"": ""Department of Chinese Language and Literature, Peking University"", ""institution"": ""Peking University"", ""country"": null}, {""raw_affiliation_text"": ""Department of Computer Science and Technology, University of Cambridge"", ""institution"": ""University of Cambridge"", ""country"": null}]"
2021.naacl-main.442,,,,2021.naacl-main.442,done,Kyoto University,"# Contextualized and Generalized Sentence Representations by Contrastive Self-Supervised Learning: A Case Study on Discourse Relation Analysis

Hirokazu Kiyomaru and Sadao Kurohashi

Graduate School of Informatics, Kyoto University

Yoshida-honmachi, Sakyo-ku, Kyoto, 606-8501, Japan

{kiyomaru, kuro}@nlp.ist.i.kyoto-u.ac.jp",false,,,,"[{""raw_affiliation_text"": ""Graduate School of Informatics, Kyoto University"", ""institution"": ""Kyoto University"", ""country"": ""Japan""}]"
2021.naacl-main.438,,,,2021.naacl-main.438,done,National Institute of Information and Communications Technology | Nara Institute of Science and Technology,"# User-Generated Text Corpus for Evaluating Japanese Morphological Analysis and Lexical Normalization

Shohei Higashiyama $^{1,2}$ , Masao Utiyama $^{1}$ , Taro Watanabe $^{2}$ , Eiichiro Sumita $^{1}$

$^{1}$ National Institute of Information and Communications Technology, Kyoto, Japan

$^{2}$ Nara Institute of Science and Technology, Nara, Japan

{shohei.higashiyama, mutiyama, eiichiro-sumita}@nict.go.jp, taro@is.naist.jp",false,,,,"[{""raw_affiliation_text"": ""National Institute of Information and Communications Technology, Kyoto, Japan"", ""institution"": ""National Institute of Information and Communications Technology"", ""country"": ""Japan""}, {""raw_affiliation_text"": ""Nara Institute of Science and Technology, Nara, Japan"", ""institution"": ""Nara Institute of Science and Technology"", ""country"": ""Japan""}]"
2021.naacl-main.444,,,,2021.naacl-main.444,done,University of Maryland | Microsoft Research,"# NL-EDIT:

# Correcting Semantic Parse Errors through Natural Language Interaction

Ahmed Elgohary*, Christopher Meek*, Matthew Richardson*, Adam Fourney*, Gonzalo Ramos*, Ahmed Hassan Awadallah*

$\star$ University of Maryland

Microsoft Research

elgohary@cs.umd.edu {meek,matri,adamfo,goramos,hassanam}@microsoft.com",false,,,,"[{""raw_affiliation_text"": ""University of Maryland"", ""institution"": ""University of Maryland"", ""country"": null}, {""raw_affiliation_text"": ""Microsoft Research"", ""institution"": ""Microsoft Research"", ""country"": null}]"
2021.naacl-main.443,,,,2021.naacl-main.443,done,Harvard University | IBM Research,"# AMR Parsing with Action-Pointer Transformer

Jiawei Zhou† Tahira Naseem* Ramón Fernandez Astudillo* Radu Florian* †Harvard University *IBM Research

$\dagger$ jzhou02@g.harvard.edu *{tnaseem, raduf}@us.ibm.com *ramon. astudillo@ibm.com",false,,,,"[{""raw_affiliation_text"": ""Harvard University"", ""institution"": ""Harvard University"", ""country"": null}, {""raw_affiliation_text"": ""IBM Research"", ""institution"": ""IBM Research"", ""country"": null}]"
2021.naacl-main.445,,,,2021.naacl-main.445,done,NEC Laboratories America,"# Unsupervised Concept Representation Learning for Length-Varying Text Similarity

Xuchao Zhang, Bo Zong, Wei Cheng, Jingchao Ni, Yanchi Liu, Haifeng Chen

NEC Laboratories America, Princeton, NJ, USA

{xuczhang,bzong,weicheng,jni,yanchi,haifeng} $@$ nec-labs.com",false,,,,"[{""raw_affiliation_text"": ""NEC Laboratories America, Princeton, NJ, USA"", ""institution"": ""NEC Laboratories America"", ""country"": ""USA""}]"
2021.naacl-main.447,,,,2021.naacl-main.447,done,Beijing University of Posts and Telecommunications | Meituan Group,"# Adversarial Self-Supervised Learning for Out-of-Domain Detection

Zhiyuan Zeng $^{1}$ , Keqing He $^{1,2}$ , Yuanmeng Yan $^{1}$ , Hong Xu $^{1}$ , Weiran Xu $^{1*}$

$^{1}$ Pattern Recognition & Intelligent System Laboratory

<sup>1</sup>Beijing University of Posts and Telecommunications, Beijing, China

$^{2}$ Meituan Group, Beijing, China

{zengzhiyuan, yanyuanmeng, xuhong, xuweiran}@bupt.edu.cn

{hekeqing}@meituan.com",false,,,,"[{""raw_affiliation_text"": ""Beijing University of Posts and Telecommunications, Beijing, China"", ""institution"": ""Beijing University of Posts and Telecommunications"", ""country"": ""China""}, {""raw_affiliation_text"": ""Meituan Group, Beijing, China"", ""institution"": ""Meituan Group"", ""country"": ""China""}]"
2021.naacl-main.441,,,,2021.naacl-main.441,done,"Shanghai Jiao Tong University | State Key Lab of Media Convergence Production Technology and Systems | AI Speech Co., Ltd.","# ShadowGNN: Graph Projection Neural Network for Text-to-SQL Parser

Zhi Chen $^{1}$ , Lu Chen $^{1*}$ , Yanbin Zhao $^{1}$ , Ruisheng Cao $^{1}$ , Zihan Xu $^{1}$ , Su Zhu $^{2}$ and Kai Yu $^{1*}$

$^{1}$ X-LANCE Lab, Department of Computer Science and Engineering MoE Key Lab of Artificial Intelligence, AI Institute, Shanghai Jiao Tong University Shanghai Jiao Tong University, Shanghai, China  
State Key Lab of Media Convergence Production Technology and Systems, Beijing, China $^{2}$ AISpeech Co., Ltd., Suzhou, China {zhenchi713, chenlusz, kai.yu}@sjtu.edu.cn",false,,,,"[{""raw_affiliation_text"": ""X-LANCE Lab, Department of Computer Science and Engineering MoE Key Lab of Artificial Intelligence, AI Institute, Shanghai Jiao Tong University Shanghai Jiao Tong University, Shanghai, China"", ""institution"": ""Shanghai Jiao Tong University"", ""country"": ""China""}, {""raw_affiliation_text"": ""State Key Lab of Media Convergence Production Technology and Systems, Beijing, China"", ""institution"": ""State Key Lab of Media Convergence Production Technology and Systems"", ""country"": ""China""}, {""raw_affiliation_text"": ""AISpeech Co., Ltd., Suzhou, China"", ""institution"": ""AI Speech Co., Ltd."", ""country"": ""China""}]"
2021.naacl-main.446,,,,2021.naacl-main.446,done,Chinese Academy of Sciences | JD.com | Tsinghua University,"# Augmenting Knowledge-grounded Conversations with Sequential Knowledge Transition

Haolan Zhan $^{1}$ , Hainan Zhang $^{2\dagger}$ , Hongshen Chen $^{2}$ , Zhuoye Ding $^{2}$ , Yongjun Bao $^{2}$ and Yanyan Lan $^{3}$

<sup>1</sup> Institute of Software, Chinese Academy of Sciences, Beijing, China

$^{2}$ Data Science Lab, JD.com, Beijing, China

$^{3}$ Institute for AI Industry Research, Tsinghua University, Beijing, China  
zhanhaolan316@gmail.com, zhanghainan6@jd.com, ac@chenhongshen.com, dingzhuoye@jd.com, lanyanyan@tsinghua.edu.cn",false,,,,"[{""raw_affiliation_text"": ""Institute of Software, Chinese Academy of Sciences, Beijing, China"", ""institution"": ""Chinese Academy of Sciences"", ""country"": ""China""}, {""raw_affiliation_text"": ""Data Science Lab, JD.com, Beijing, China"", ""institution"": ""JD.com"", ""country"": ""China""}, {""raw_affiliation_text"": ""Institute for AI Industry Research, Tsinghua University, Beijing, China"", ""institution"": ""Tsinghua University"", ""country"": ""China""}]"
2021.naacl-main.448,,,,2021.naacl-main.448,done,The Hong Kong University of Science and Technology | Columbia University | Facebook,"# Leveraging Slot Descriptions for Zero-Shot Cross-Domain Dialogue State Tracking

Zhaojiang Lin $^{1*}$ , Bing Liu $^{2}$ , Seungwhan Moon $^{2}$ , Paul Crook $^{2}$ , Zhenpeng Zhou $^{2}$ , Zhiguang Wang $^{2}$ , Zhou Yu $^{3}$ , Andrea Madotto $^{1*}$ , Eunjoon Cho $^{2}$ , Rajen Subba $^{2}$

<sup>1</sup>The Hong Kong University of Science and Technology

Facebook

$^{3}$ Columbia University

zlinao@ust.hk,bingl@fb.com",false,,,,"[{""raw_affiliation_text"": ""The Hong Kong University of Science and Technology"", ""institution"": ""The Hong Kong University of Science and Technology"", ""country"": null}, {""raw_affiliation_text"": ""Columbia University"", ""institution"": ""Columbia University"", ""country"": null}, {""raw_affiliation_text"": ""Facebook"", ""institution"": ""Facebook"", ""country"": null}]"
2021.naacl-main.45,,,,2021.naacl-main.45,done,Stanford University,"# QA-GNN: Reasoning with Language Models and Knowledge Graphs for Question Answering

Michihiro Yasunaga Hongyu Ren Antoine Bosselut

Percy Liang Jure Leskovec

Stanford University

{myasu,hyren,antoineb,pliang,jure}@cs.stanford.edu",false,,,,"[{""raw_affiliation_text"": ""Stanford University"", ""institution"": ""Stanford University"", ""country"": ""null""}]"
2021.naacl-main.451,,,,2021.naacl-main.451,done,Beijing University of Posts and Telecommunications,"# RTFE: A Recursive Temporal Fact Embedding Framework for Temporal Knowledge Graph Completion

Youri Xu, Haihong E*, Meina Song, wenyu song, Xiaodong Lv, wang haotian, yang jinrui

School of Computer Science, Beijing University of Posts and Telecommunications, China

{youri.xu,ehaihong,mnsong,swy9834,lvxiaodong,haotianwang,yangjinrui} @bupt.edu.cn",false,,,,"[{""raw_affiliation_text"": ""School of Computer Science, Beijing University of Posts and Telecommunications, China"", ""institution"": ""Beijing University of Posts and Telecommunications"", ""country"": ""China""}]"
2021.naacl-main.455,,,,2021.naacl-main.455,done,JD AI Research,"# SGG: Learning to Select, Guide, and Generate for Keyphrase Generation

Jing Zhao, Junwei Bao, Yifan Wang, Youzheng Wu, Xiaodong He, Bowen Zhou JD AI Research

{zhaojing857,baojunwei, wangyifan15,wuyouzheng1}@jd.com {xiaodong.he,bowen.zhou}@jd.com",false,,,,"[{""raw_affiliation_text"": ""JD AI Research"", ""institution"": ""JD AI Research"", ""country"": null}]"
2021.naacl-main.456,,,,2021.naacl-main.456,done,Indian Institute of Technology Patna,"# Towards Sentiment and Emotion aided Multi-modal Speech Act Classification in Twitter

Tulika Saha, Apoorva Upadhyaya, Sriparna Saha and Pushpak Bhattacharyya

Department of Computer Science and Engineering, Indian Institute of Technology Patna, India

(sahatulika15,sriparna.saha,pushpakbh)@gmail.com",false,,,,"[{""raw_affiliation_text"": ""Department of Computer Science and Engineering, Indian Institute of Technology Patna, India"", ""institution"": ""Indian Institute of Technology Patna"", ""country"": ""India""}]"
2021.naacl-main.450,,,,2021.naacl-main.450,done,Johns Hopkins University | New York University,"# Measuring the ‘I don’t know’ Problem through the Lens of Gricean Quantity

Huda Khayrallah Johns Hopkins University huda@jhu.edu

João Sedoc  
New York University  
jsedoc@stern.nyu.edu",false,,,,"[{""raw_affiliation_text"": ""Johns Hopkins University"", ""institution"": ""Johns Hopkins University"", ""country"": null}, {""raw_affiliation_text"": ""New York University"", ""institution"": ""New York University"", ""country"": null}]"
2021.naacl-main.457,,,,2021.naacl-main.457,done,Nanyang Technological University | Byte Dance AI Lab,"# Generative Imagination Elevates Machine Translation

Quanyu Long $^{1}$ , Mingxuan Wang $^{2}$ , and Lei Li $^{2}$

$^{1}$ Nanyang Technological University, Singapore

2ByteDance AI Lab, China

quanyu001@e.ntu.edu.sg;

{wangmingxuan.89, lileilab}@bytedance.com",false,,,,"[{""raw_affiliation_text"": ""Nanyang Technological University, Singapore"", ""institution"": ""Nanyang Technological University"", ""country"": ""Singapore""}, {""raw_affiliation_text"": ""ByteDance AI Lab, China"", ""institution"": ""Byte Dance AI Lab"", ""country"": ""China""}]"
2021.naacl-main.453,,,,2021.naacl-main.453,done,"Tsinghua University | University of California, Berkeley","# Jointly Extracting Explicit and Implicit Relational Triples with Reasoning Pattern Enhanced Binary Pointer Network

Yubo Chen†, Yunqi Zhang†, Changran Hu‡, Yongfeng Huang†

$^{\dagger}$ Department of Electronic Engineering & BNRist, Tsinghua University, Beijing, China

$^{\ddagger}$ University of California, Berkeley, USA

ybch14@gmail.com zhang-yq15@outlook.com

changran_hu@berkeley.edu yfhuang@tsinghua.edu.cn",false,,,,"[{""raw_affiliation_text"": ""Department of Electronic Engineering & BNRist, Tsinghua University, Beijing, China"", ""institution"": ""Tsinghua University"", ""country"": ""China""}, {""raw_affiliation_text"": ""University of California, Berkeley, USA"", ""institution"": ""University of California, Berkeley"", ""country"": ""USA""}]"
2021.naacl-main.454,,,,2021.naacl-main.454,done,"Ping An Technology (Shenzhen) Co., Ltd | Duke University","# Multi-Grained Knowledge Distillation for Named Entity Recognition

Xuan Zhou<sup>1</sup>, Xiao Zhang<sup>1</sup>, Chenyang Tao<sup>2</sup>, Junya Chen<sup>2</sup>, Bing Xu<sup>1</sup>, Wei Wang<sup>1</sup>, and Jing Xiao<sup>1</sup>

$^{1}$ Ping An Technology (Shenzhen) Co., Ltd $^{2}$ Duke University

{zhouxuan553,zhangxiao585,xubing962,wangweil92,xiaojing661}@pingan.com.cn

{chenyang.tao,junya.chen}@duke.edu",false,,,,"[{""raw_affiliation_text"": ""Ping An Technology (Shenzhen) Co., Ltd"", ""institution"": ""Ping An Technology (Shenzhen) Co., Ltd"", ""country"": null}, {""raw_affiliation_text"": ""Duke University"", ""institution"": ""Duke University"", ""country"": null}]"
2021.naacl-main.452,,,,2021.naacl-main.452,done,Tsinghua University | Beijing National Research Center for Information Science and Technology | Tencent,"# Open Hierarchical Relation Extraction

Kai Zhang $^{1*}$ , Yuan Yao $^{1*}$ , Ruobing Xie $^{2}$ , Xu Han $^{1}$ , Zhiyuan Liu $^{1\dagger}$ , Fen Lin $^{2}$ , Leyu Lin $^{2}$ , Maosong Sun $^{1}$

$^{1}$ Department of Computer Science and Technology

Institute for Artificial Intelligence, Tsinghua University, Beijing, China

Beijing National Research Center for Information Science and Technology, China

<sup>2</sup>WeChat Search Application Department, Tencent, China

drogozhang@gmail.com, yaoyuanthu@163.com",false,,,,"[{""raw_affiliation_text"": ""Department of Computer Science and Technology, Institute for Artificial Intelligence, Tsinghua University, Beijing, China"", ""institution"": ""Tsinghua University"", ""country"": ""China""}, {""raw_affiliation_text"": ""Beijing National Research Center for Information Science and Technology, China"", ""institution"": ""Beijing National Research Center for Information Science and Technology"", ""country"": ""China""}, {""raw_affiliation_text"": ""WeChat Search Application Department, Tencent, China"", ""institution"": ""Tencent"", ""country"": ""China""}]"
2021.naacl-main.460,,,,2021.naacl-main.460,done,Tokyo Institute of Technology | RIKEN | Tohoku University,"# Rethinking Perturbations in Encoder-Decoders for Fast Training

Sho Takase

Tokyo Institute of Technology

sho takase@nlp.c.titech.ac.jp

Shun Kiyono

RIKEN / Tohoku University

shun.kiyono@riken.jp",false,,,,"[{""raw_affiliation_text"": ""Tokyo Institute of Technology"", ""institution"": ""Tokyo Institute of Technology"", ""country"": null}, {""raw_affiliation_text"": ""RIKEN / Tohoku University"", ""institution"": ""RIKEN"", ""country"": null}, {""raw_affiliation_text"": ""RIKEN / Tohoku University"", ""institution"": ""Tohoku University"", ""country"": null}]"
2021.naacl-main.459,,,,2021.naacl-main.459,done,Google Research | IIT Bombay,"# Training Data Augmentation for Code-Mixed Translation

Abhirut Gupta

Google Research

abhirut@google.com {adityavavre,sunita}@cse.iitb.ac.in

Aditya Vavre and Sunita Sarawagi

IIT Bombay",false,,,,"[{""raw_affiliation_text"": ""Google Research"", ""institution"": ""Google Research"", ""country"": null}, {""raw_affiliation_text"": ""IIT Bombay"", ""institution"": ""IIT Bombay"", ""country"": null}]"
2021.naacl-main.458,,,,2021.naacl-main.458,done,"Nanjing University | Collaborative Innovation Center of Novel Software Technology and Industrialization | Niu Trans Co., Ltd.","# Non-Autoregressive Translation by Learning Target Categorical Codes

Yu Bao†\* Shujian Huang†\* Tong Xiao‡ Dongqi Wang†\* Xinyu Dai†\* Jiajun CHEN†\*

$^{\dagger}$ National Key Laboratory for Novel Software Technology, Nanjing University $^{\star}$ Collaborative Innovation Center of Novel Software Technology and Industrialization $^{\ddagger}$ NiuTrans Co., Ltd., Shenyang, China

{baoy, wangdq} $@$ smail.nju.edu.cn, xiaotong@mail.neu.edu.cn

{huangsj,daixinyu,chenjj}@nju.edu.cn",false,,,,"[{""raw_affiliation_text"": ""National Key Laboratory for Novel Software Technology, Nanjing University"", ""institution"": ""Nanjing University"", ""country"": null}, {""raw_affiliation_text"": ""Collaborative Innovation Center of Novel Software Technology and Industrialization"", ""institution"": ""Collaborative Innovation Center of Novel Software Technology and Industrialization"", ""country"": null}, {""raw_affiliation_text"": ""NiuTrans Co., Ltd., Shenyang, China"", ""institution"": ""Niu Trans Co., Ltd."", ""country"": ""China""}]"
2021.naacl-main.461,,,,2021.naacl-main.461,done,The University of Tokyo,"# Context-aware Decoder for Neural Machine Translation using a Target-side Document-Level Language Model

Amane Sugiyama

The University of Tokyo*

sugi@tkl.iis.u-tokyo.ac.jp

Naoki Yoshinaga

Institute of Industrial Science,

The University of Tokyo

ynaga@iis.u-tokyo.ac.jp",false,,,,"[{""raw_affiliation_text"": ""The University of Tokyo*"", ""institution"": ""The University of Tokyo"", ""country"": null}]"
2021.naacl-main.462,,,,2021.naacl-main.462,done,"KDDI Research, Inc. | The University of Tokyo | Indian Institute of Technology","# Machine Translated Text Detection Through Text Similarity with Round-Trip Translation

Hoang-Quoc Nguyen-Son<sup>1</sup>, Tran Phuong Thao<sup>2</sup>, Seira Hidano<sup>1</sup>, Ishita Gupta<sup>3</sup>, and Shinsaku Kiyomoto<sup>1</sup>

$^{1}$ KDDI Research, Inc., Japan

<sup>2</sup>The University of Tokyo, Japan

$^{3}$ Indian Institute of Technology, India

$^{1}\{\mathrm{ho - nguyen,se - hidano,kiyomoto}\} @kddi - research.jp$

2tpthao@yamagula.ic.i.u-tokyo.ac.jp

3ishita.gupta.ee317@ee.iitd.ac.in",false,,,,"[{""raw_affiliation_text"": ""KDDI Research, Inc., Japan"", ""institution"": ""KDDI Research, Inc."", ""country"": ""Japan""}, {""raw_affiliation_text"": ""The University of Tokyo, Japan"", ""institution"": ""The University of Tokyo"", ""country"": ""Japan""}, {""raw_affiliation_text"": ""Indian Institute of Technology, India"", ""institution"": ""Indian Institute of Technology"", ""country"": ""India""}]"
2021.naacl-main.449,,,,2021.naacl-main.449,done,Indian Institute of Technology Kharagpur,"# Hierarchical Transformer for Task Oriented Dialog Systems

Bishal Santra*  
bsantraigi†

Potnuru Anusha* anusha.sparkx†

Pawan Goyal pawang

Computer Science and Engineering Dept.

Indian Institute of Technology Kharagpur

Kharagpur, W.B., India

$\{\dagger\}$ @gmail.com, $\{\ddagger\}$ @cse.iitkgp.ac.in",false,,,,"[{""raw_affiliation_text"": ""Computer Science and Engineering Dept. Indian Institute of Technology Kharagpur Kharagpur, W.B., India"", ""institution"": ""Indian Institute of Technology Kharagpur"", ""country"": ""India""}]"
2021.naacl-main.46,,,,2021.naacl-main.46,done,University of Washington | Google Research | The University of Texas at Austin | Allen Institute for AI,"# XOR QA: Cross-lingual Open-Retrieval Question Answering

Akari Asai\*, Jungo Kasai\*, Jonathan H. Clark\*, Kenton Lee\*, Eunsol Choi\*, Hannaneh Hajishirzi\*

\*University of Washington \*Google Research

The University of Texas at Austin Allen Institute for AI

{akari, jkasai, hannaneh}@cs.washington.edu

{jhclark, kentonl}@google.com, eunsol@cs.utexas.edu",false,,,,"[{""raw_affiliation_text"": ""University of Washington"", ""institution"": ""University of Washington"", ""country"": null}, {""raw_affiliation_text"": ""Google Research"", ""institution"": ""Google Research"", ""country"": null}, {""raw_affiliation_text"": ""The University of Texas at Austin"", ""institution"": ""The University of Texas at Austin"", ""country"": null}, {""raw_affiliation_text"": ""Allen Institute for AI"", ""institution"": ""Allen Institute for AI"", ""country"": null}]"
2021.naacl-main.466,,,,2021.naacl-main.466,done,Baidu Inc. | Renmin University of China,"# RocketQA: An Optimized Training Approach to Dense Passage Retrieval for Open-Domain Question Answering

Yingqi $\mathbf{Q}\mathbf{u}^{1}$ , Yuchen Ding $^{1}$ , Jing Liu $^{1*}$ , Kai Liu $^{1}$ , Ruiyang Ren $^{2\dagger}$ , Wayne Xin Zhao $^{2*}$ , Daxiang Dong $^{1}$ , Hua Wu $^{1}$ and Haifeng Wang $^{1}$

$^{1}$ Baidu Inc.; $^{2}$ Gaoling School of Artificial Intelligence, Renmin University of China {quyingqi, dingyuchen, liujing46, liukai20, dongdaxiang, wu_hua, wanghaifeng} @baidu.com reyon. ren@ruc.edu.cn, batmanfly@gmail.com",false,,,,"[{""raw_affiliation_text"": ""Baidu Inc."", ""institution"": ""Baidu Inc."", ""country"": null}, {""raw_affiliation_text"": ""Gaoling School of Artificial Intelligence, Renmin University of China"", ""institution"": ""Renmin University of China"", ""country"": null}]"
2021.naacl-main.464,,,,2021.naacl-main.464,done,Sun Yat-sen University,"# Breadth First Reasoning Graph for Multi-hop Question Answering

Yongjie Huang<sup>1</sup> and Meng Yang<sup>1,2,*</sup>

$^{1}$ School of Computer Science and Engineering, Sun Yat-sen University / Guangzhou, China

$^{2}$ Key Laboratory of Machine Intelligence and Advanced Computing,

Sun Yat-sen University, Ministry of Education / China

huangyj229@mail2.sysu.edu.cn, yangm6@mail.sysu.edu.cn",false,,,,"[{""raw_affiliation_text"": ""School of Computer Science and Engineering, Sun Yat-sen University / Guangzhou, China"", ""institution"": ""Sun Yat-sen University"", ""country"": ""China""}]"
2021.naacl-main.463,,,,2021.naacl-main.463,done,Tsinghua University | Beijing National Research Center for Information Science and Technology | Beijing Academy of Artificial Intelligence | Tencent Inc.,"# TR-BERT: Dynamic Token Reduction for Accelerating BERT Inference

Deming Ye $^{1,2}$ , Yankai Lin $^{4}$ , Yufei Huang $^{1,2}$ , Maosong Sun $^{1,3*}$

$^{1}$ Department of Computer Science and Technology, Tsinghua University, Beijing, China $^{2}$ Institute for Artificial Intelligence, Tsinghua University, Beijing, China $^{3}$ Beijing National Research Center for Information Science and Technology

$^{2}$ State Key Lab on Intelligent Technology and Systems, Tsinghua University, Beijing, China $^{3}$ Beijing Academy of Artificial Intelligence $^{4}$ Pattern Recognition Center, WeChat AI, Tencent Inc.

ydm18@mails.tsinghua.edu.cn",false,,,,"[{""raw_affiliation_text"": ""Department of Computer Science and Technology, Tsinghua University, Beijing, China"", ""institution"": ""Tsinghua University"", ""country"": ""China""}, {""raw_affiliation_text"": ""Beijing National Research Center for Information Science and Technology"", ""institution"": ""Beijing National Research Center for Information Science and Technology"", ""country"": null}, {""raw_affiliation_text"": ""Beijing Academy of Artificial Intelligence"", ""institution"": ""Beijing Academy of Artificial Intelligence"", ""country"": null}, {""raw_affiliation_text"": ""Pattern Recognition Center, WeChat AI, Tencent Inc."", ""institution"": ""Tencent Inc."", ""country"": null}]"
2021.naacl-main.465,,,,2021.naacl-main.465,done,Fudan University | Microsoft | University of Technology Sydney,"# Improving Zero-Shot Cross-lingual Transfer for Multilingual Question Answering over Knowledge Graph

Yucheng Zhou $^{1*}$ , Xiubo Geng $^{2}$ , Tao Shen $^{3}$ , Wenqiang Zhang $^{1\dagger}$ , Daxin Jiang $^{2\dagger}$

$^{1}$ Fudan University, Shanghai, China

2Microsoft, Beijing, China

$^{3}$ Australian AI Institute, School of CS, FEIT, University of Technology Sydney

{yczhou18, wqzhang}@fudan.edu.cn, tao.shen@student.uts.edu.au

{xigeng,djiang}@microsoft.com",false,,,,"[{""raw_affiliation_text"": ""Fudan University, Shanghai, China"", ""institution"": ""Fudan University"", ""country"": ""China""}, {""raw_affiliation_text"": ""Microsoft, Beijing, China"", ""institution"": ""Microsoft"", ""country"": ""China""}, {""raw_affiliation_text"": ""Australian AI Institute, School of CS, FEIT, University of Technology Sydney"", ""institution"": ""University of Technology Sydney"", ""country"": null}]"
2021.naacl-main.467,,,,2021.naacl-main.467,done,Sun Yat-sen University | Tencent Robotics X | The University of Sydney | The Chinese University of Hong Kong,"# DAGN: Discourse-Aware Graph Network for Logical Reasoning

Yinya Huang $^{1*}$ Meng Fang $^{2}$ Yu Cao $^{3}$ Liwei Wang $^{4}$ Xiaodan Liang $^{1\dagger}$

<sup>1</sup>Shenzhen Campus of Sun Yat-sen University

Tencent Robotics X

$^{3}$ School of Computer Science, The University of Sydney

<sup>4</sup>The Chinese University of Hong Kong

yinya.huang@hotmail, mfang@tencent.com,

ycao8647@uni.sydney.edu.au,

lwwang@cse.cuhk.edu.hk, xdliang328@gmail.com",false,,,,"[{""raw_affiliation_text"": ""Shenzhen Campus of Sun Yat-sen University"", ""institution"": ""Sun Yat-sen University"", ""country"": null}, {""raw_affiliation_text"": ""Tencent Robotics X"", ""institution"": ""Tencent Robotics X"", ""country"": null}, {""raw_affiliation_text"": ""School of Computer Science, The University of Sydney"", ""institution"": ""The University of Sydney"", ""country"": null}, {""raw_affiliation_text"": ""The Chinese University of Hong Kong"", ""institution"": ""The Chinese University of Hong Kong"", ""country"": null}]"
2021.naacl-main.47,,,,2021.naacl-main.47,done,Carnegie Mellon University | SOCO Inc.,"# SPARTA: Efficient Open-Domain Question Answering via Sparse Transformer Matching Retrieval

Tiancheng Zhao $^{1}$ , Xiaopeng Lu $^{2*}$ and Kyusong Lee $^{1}$ SOCO Inc.

1{tianchez,kyusongl}@soco.ai

Language Technologies Institute, Carnegie Mellon University

$^{2}$ xiaopen2@andrew.cmu.edu",false,,,,"[{""raw_affiliation_text"": ""Language Technologies Institute, Carnegie Mellon University"", ""institution"": ""Carnegie Mellon University"", ""country"": null}, {""raw_affiliation_text"": ""SOCO Inc."", ""institution"": ""SOCO Inc."", ""country"": null}]"
2021.naacl-main.470,,,,2021.naacl-main.470,done,Harbin Institute of Technology,"# Sliding Selector Network with Dynamic Memory for Extractive Summarization of Long Documents

Peng Cui and Le Hu

School of Computer Science and Technology

Harbin Institute of Technology, Harbin, China

{pcui,lhu}@insun.hit.edu.cn",false,,,,"[{""raw_affiliation_text"": ""Harbin Institute of Technology, Harbin, China"", ""institution"": ""Harbin Institute of Technology"", ""country"": ""China""}]"
2021.naacl-main.468,,,,2021.naacl-main.468,done,KAIST | NAVER Corp.,"# Designing a Minimal Retrieve-and-Read System for Open-Domain Question Answering

Sohee Yang $^{1*}$ and Minjoon Seo $^{1,2}$

$^{1}$ KAIST AI $^{2}$ NAVER Corp.

{sohee.yang,minjoon}@kaist.ac.kr",false,,,,"[{""raw_affiliation_text"": ""KAIST AI"", ""institution"": ""KAIST"", ""country"": null}, {""raw_affiliation_text"": ""NAVER Corp."", ""institution"": ""NAVER Corp."", ""country"": null}]"
2021.naacl-main.472,,,,2021.naacl-main.472,done,"Fudan University | University of California, Los Angeles | Yale University | Microsoft Research","# QMSum: A New Benchmark for Query-based Multi-domain Meeting Summarization

Ming Zhong*† Da Yin*♣ Tao Yu† Ahmad Zaidi‡

Mutethia Mutuma† Rahul Jha¶ Ahmed Hassan Awadallah¶

Asli Celikyilmaz $^{\dagger}$ Yang Liu $^{\S}$ Xipeng Qiu† Dragomir Radev‡

†Fudan University ‡University of California, Los Angeles ‡Yale University

Microsoft Research

mzhong18@fudan.edu.cn da.yin@cs.ucla.edu

{tao.yu,dragomir.radev}@yale.edu",false,,,,"[{""raw_affiliation_text"": ""Fudan University"", ""institution"": ""Fudan University"", ""country"": null}, {""raw_affiliation_text"": ""University of California, Los Angeles"", ""institution"": ""University of California, Los Angeles"", ""country"": null}, {""raw_affiliation_text"": ""Yale University"", ""institution"": ""Yale University"", ""country"": null}, {""raw_affiliation_text"": ""Microsoft Research"", ""institution"": ""Microsoft Research"", ""country"": null}]"
2021.naacl-main.469,,,,2021.naacl-main.469,done,"National University of Singapore | University of California, Santa Barbara","# Unsupervised Multi-hop Question Answering by Question Generation

Liangming Pan<sup>1</sup> Wenhu Chen<sup>2</sup> Wenhan Xiong<sup>2</sup> Min-Yen Kan<sup>1</sup> William Yang Wang<sup>2</sup>

<sup>1</sup>School of Computing, National University of Singapore, Singapore

$^{2}$ University of California, Santa Barbara, CA, USA

e0272310@u.nus.edu

{wenhuchen, xwhan, william}@cs.ucsb.edu

kanmy@comp.nus.edu.sg",false,,,,"[{""raw_affiliation_text"": ""School of Computing, National University of Singapore, Singapore"", ""institution"": ""National University of Singapore"", ""country"": ""Singapore""}, {""raw_affiliation_text"": ""University of California, Santa Barbara, CA, USA"", ""institution"": ""University of California, Santa Barbara"", ""country"": ""USA""}]"
2021.naacl-main.476,,,,2021.naacl-main.476,done,University of Michigan,"# Inference Time Style Control for Summarization

Shuyang Cao and Lu Wang

Computer Science and Engineering

University of Michigan

Ann Arbor, MI

{caoshuy, wangluxy}@umich.edu",false,,,,"[{""raw_affiliation_text"": ""University of Michigan, Ann Arbor, MI"", ""institution"": ""University of Michigan"", ""country"": ""null""}]"
2021.naacl-main.471,,,,2021.naacl-main.471,done,Center for Artificial Intelligence Research (CAIRE) | The Hong Kong University of Science and Technology,"# AdaptSum: Towards Low-Resource Domain Adaptation for Abstractive Summarization

Tiezheng Yu*, Zihan Liu*, Pascale Fung

Center for Artificial Intelligence Research (CAIRE)

Department of Electronic and Computer Engineering

The Hong Kong University of Science and Technology, Clear Water Bay, Hong Kong

{tyuah,zliucr}@connect.ust.hk,pascale@ece.ust.hk",false,,,,"[{""raw_affiliation_text"": ""Center for Artificial Intelligence Research (CAIRE)"", ""institution"": ""Center for Artificial Intelligence Research (CAIRE)"", ""country"": null}, {""raw_affiliation_text"": ""Department of Electronic and Computer Engineering, The Hong Kong University of Science and Technology, Clear Water Bay, Hong Kong"", ""institution"": ""The Hong Kong University of Science and Technology"", ""country"": ""Hong Kong""}]"
2021.naacl-main.473,,,,2021.naacl-main.473,done,Nankai University | Ludong University,"# MM-AVS: A Full-Scale Dataset for Multi-modal Summarization

Xiyan Fu $^{1}$ , Jun Wang $^{2}$ , Zhenglu Yang $^{1}$

$^{1}$ Nankai University, China

$^{2}$ Ludong University, China

{fuxiyan,junwang} $@$ mail.nankai.edu.cn, yangzl@nankai.edu.cn",false,,,,"[{""raw_affiliation_text"": ""Nankai University, China"", ""institution"": ""Nankai University"", ""country"": ""China""}, {""raw_affiliation_text"": ""Ludong University, China"", ""institution"": ""Ludong University"", ""country"": ""China""}]"
2021.naacl-main.474,,,,2021.naacl-main.474,done,Microsoft Cognitive Services Research Group,"# MEDIASUM: A Large-scale Media Interview Dataset for Dialogue Summarization

Chenguang Zhu*, Yang Liu*, Jie Mei, Michael Zeng

Microsoft Cognitive Services Research Group

{chezhu,yaliu10,jimei,nzeng}@microsoft.com",false,,,,"[{""raw_affiliation_text"": ""Microsoft Cognitive Services Research Group"", ""institution"": ""Microsoft Cognitive Services Research Group"", ""country"": null}]"
2021.naacl-main.477,,,,2021.naacl-main.477,done,University of Adelaide | CSIRO Data 61,"# ReinforceBug: A Framework to Generate Adversarial Textual Examples

Bushra Sabir

University of Adelaide CREST - The Centre for Research on Engineering Software Technologies CSIRO Data61

Muhammad Ali Babar

University of Adelaide CREST - The Centre for Research on Engineering Software Technologies

Raj Gaire

CSIRO Data61",false,,,,"[{""raw_affiliation_text"": ""University of Adelaide CREST - The Centre for Research on Engineering Software Technologies CSIRO Data61"", ""institution"": ""University of Adelaide"", ""country"": null}, {""raw_affiliation_text"": ""CSIRO Data61"", ""institution"": ""CSIRO Data 61"", ""country"": null}]"
2021.naacl-main.49,,,,2021.naacl-main.49,done,Bocconi University | Georgia Institute of Technology,"# The Importance of Modeling Social Factors of Language: Theory and Practice

Dirk Hovy

Bocconi University

Via Sarfatti 25

20136 Milan, Italy

dirk.hovy@unibocconi.it

Diyi Yang

Georgia Institute of Technology

CODA Tech Square

Atlanta, GA, 30308

dyang888@gatech.edu",false,,,,"[{""raw_affiliation_text"": ""Bocconi University, Via Sarfatti 25, 20136 Milan, Italy"", ""institution"": ""Bocconi University"", ""country"": ""Italy""}, {""raw_affiliation_text"": ""Georgia Institute of Technology, CODA Tech Square, Atlanta, GA, 30308"", ""institution"": ""Georgia Institute of Technology"", ""country"": null}]"
2021.naacl-main.475,,,,2021.naacl-main.475,done,University of Pennsylvania | Google,"# Improving Faithfulness in Abstractive Summarization with Contrast Candidate Generation and Selection

Sihao Chen $^{1*}$ Fan Zhang $^{2}$ Kazoo Sone $^{2}$ Dan Roth $^{1*}$ $^{1}$ University of Pennsylvania $^{2}$ Google

{sihaoc, danroth}@cis.upenn.edu, {zhanfan, sone}@google.com",false,,,,"[{""raw_affiliation_text"": ""University of Pennsylvania"", ""institution"": ""University of Pennsylvania"", ""country"": null}, {""raw_affiliation_text"": ""Google"", ""institution"": ""Google"", ""country"": null}]"
2021.naacl-main.52,,,,2021.naacl-main.52,done,Massachusetts Institute of Technology,"# Get Your Vitamin C! Robust Fact Verification with Contrastive Evidence

Tal Schuster Adam Fisch Regina Barzilay

Computer Science and Artificial Intelligence Laboratory

Massachusetts Institute of Technology

{tals, fisch, regina} @csail.mit.edu",false,,,,"[{""raw_affiliation_text"": ""Computer Science and Artificial Intelligence Laboratory, Massachusetts Institute of Technology"", ""institution"": ""Massachusetts Institute of Technology"", ""country"": null}]"
2021.naacl-main.53,,,,2021.naacl-main.53,done,University of Southern California | Information Sciences Institute,"# Representing Numbers in NLP: a Survey and a Vision

Avijit Thawani and Jay Pujara and Filip Ilievski and Pedro Szekely

University of Southern California

Information Sciences Institute

{thawani,jpujara,ilievski,pszekely}@isi.edu",false,,,,"[{""raw_affiliation_text"": ""University of Southern California"", ""institution"": ""University of Southern California"", ""country"": null}, {""raw_affiliation_text"": ""Information Sciences Institute"", ""institution"": ""Information Sciences Institute"", ""country"": null}]"
2021.naacl-main.48,,,,2021.naacl-main.48,done,Digital Age Research Center (D!ARC) | Alpen-Adria-Universität Klagenfurt | Leibniz Institute for German Language | Institut für Germanistik,"# Implicitly Abusive Language – What does it actually look like and why are we not getting there?

Michael Wiegand

Digital Age Research Center (D!ARC)

Alpen-Adria-Universität Klagenfurt

AT-9020 Klagenfurt, Austria

michael.wiegand@aau.at

Josef Ruppenhofer

Leibniz Institute for German Language

D-68161 Mannheim, Germany

ruppenhofer@ids-mannheim.de

Elisabeth Eder

Institut für Germanistik

Alpen-Adria-Universität Klagenfurt

AT-9020 Klagenfurt, Austria

elisabeth.eder@aau.at",false,,,,"[{""raw_affiliation_text"": ""Digital Age Research Center (D!ARC)"", ""institution"": ""Digital Age Research Center (D!ARC)"", ""country"": null}, {""raw_affiliation_text"": ""Alpen-Adria-Universität Klagenfurt"", ""institution"": ""Alpen-Adria-Universität Klagenfurt"", ""country"": ""Austria""}, {""raw_affiliation_text"": ""Leibniz Institute for German Language"", ""institution"": ""Leibniz Institute for German Language"", ""country"": ""Germany""}, {""raw_affiliation_text"": ""Institut für Germanistik"", ""institution"": ""Institut für Germanistik"", ""country"": null}]"
2021.naacl-main.5,,,,2021.naacl-main.5,done,Princeton University,"# A Frustratingly Easy Approach for Entity and Relation Extraction

Zexuan Zhong Danqi Chen

Department of Computer Science

Princeton University

{zzhong, danqic}@cs.princeton.edu",false,,,,"[{""raw_affiliation_text"": ""Department of Computer Science Princeton University"", ""institution"": ""Princeton University"", ""country"": null}]"
2021.naacl-main.54,,,,2021.naacl-main.54,done,Bar-Ilan University | UNC Chapel Hill | Peres Academic Center,"# Extending Multi-Document Summarization Evaluation to the Interactive Setting

Ori Shapira<sup>1</sup>, Ramakanth Pasunuru<sup>2</sup>, Hadar Ronen<sup>3</sup>, Mohit Bansal<sup>2</sup>, Yael Amsterdamer<sup>1</sup>, and Ido Dagan<sup>1</sup>

$^{1}$ Bar-Ilan University $^{2}$ UNC Chapel Hill $^{3}$ Peres Academic Center

{obspp18, hadarg}@gmail.com {ram, mbansal}@cs.unc.edu amstery, dagan}@cs.biu.ac.il",false,,,,"[{""raw_affiliation_text"": ""Bar-Ilan University"", ""institution"": ""Bar-Ilan University"", ""country"": null}, {""raw_affiliation_text"": ""UNC Chapel Hill"", ""institution"": ""UNC Chapel Hill"", ""country"": null}, {""raw_affiliation_text"": ""Peres Academic Center"", ""institution"": ""Peres Academic Center"", ""country"": null}]"
2021.naacl-main.50,,,,2021.naacl-main.50,done,Utrecht University | Vrije Universiteit Brussel | University of Birmingham,"# On learning and representing social meaning in NLP: a sociolinguistic perspective

Dong Nguyen

Utrecht University

The Netherlands

d.p.nguyen@uu.nl

Laura Rosseel

Vrije Universiteit Brussel

Belgium

Laura.Rosseel@vub.be

Jack Grieve

University of Birmingham

United Kingdom

J.Grieve@bham.ac.uk",false,,,,"[{""raw_affiliation_text"": ""Utrecht University The Netherlands"", ""institution"": ""Utrecht University"", ""country"": ""The Netherlands""}, {""raw_affiliation_text"": ""Vrije Universiteit Brussel Belgium"", ""institution"": ""Vrije Universiteit Brussel"", ""country"": ""Belgium""}, {""raw_affiliation_text"": ""University of Birmingham United Kingdom"", ""institution"": ""University of Birmingham"", ""country"": ""United Kingdom""}]"
2021.naacl-main.51,,,,2021.naacl-main.51,done,Tilburg University,"# Preregistering NLP research

Emiel van Miltenburg and Chris van der Lee and Emiel Krahmer

Tilburg Center for Cognition and Communnication (TiCC)

Tilburg University

Tilburg, The Netherlands

{C.W.J.vanMiltenburg,C.vdrLee,E.J.Krahmer}@tilburguniversity.edu",false,,,,"[{""raw_affiliation_text"": ""Tilburg Center for Cognition and Communnication (TiCC)"", ""institution"": ""Tilburg University"", ""country"": ""The Netherlands""}]"
2021.naacl-main.57,,,,2021.naacl-main.57,done,Yale University | Facebook AI | Nanyang Technological University | Renmin University of China,"# Improving Zero and Few-Shot Abstractive Summarization with Intermediate Fine-tuning and Data Augmentation

Alexander R. Fabbri $^{\dagger}$ Simeng Han $^{\dagger\dagger}$ Haoyuan Li $^{\ddagger\ddagger}$ Haoran Li $^{\ddagger}$ Marjan Ghazvininejad $^{\ddagger}$ Shafiq Joty $^{\dagger\dagger}$ Dragomir Radev $^{\dagger}$ Yashar Mehdad $^{\ddagger}$

† Yale University ‡ Facebook AI

†† Nanyang Technological University ‡‡ Renmin University of China {alexander.fabbri,dragomir.radev}@yale.edu {aimeeli,ghazvini,mehdad}@fb.com",false,,,,"[{""raw_affiliation_text"": ""Yale University"", ""institution"": ""Yale University"", ""country"": null}, {""raw_affiliation_text"": ""Facebook AI"", ""institution"": ""Facebook AI"", ""country"": null}, {""raw_affiliation_text"": ""Nanyang Technological University"", ""institution"": ""Nanyang Technological University"", ""country"": null}, {""raw_affiliation_text"": ""Renmin University of China"", ""institution"": ""Renmin University of China"", ""country"": ""China""}]"
2021.naacl-main.6,,,,2021.naacl-main.6,done,University of Illinois at Urbana-Champaign | Amazon | IBM Research AI | University of Pennsylvania,"# Event Time Extraction and Propagation via Graph Attention Networks

Haoyang Wen $^{1}$ , Yanru Qu $^{1}$ , Heng Ji $^{1}$ , Qiang Ning $^{2*}$ , Jiawei Han $^{1}$ , Avirup Sil $^{3}$ , Hanghang Tong $^{1}$ , Dan Roth $^{4}$

<sup>1</sup> University of Illinois at Urbana-Champaign <sup>2</sup>Amazon

$^{3}$ IBM Research AI $^{4}$ University of Pennsylvania

{wen17, yanruqu2, hengji, hanj, htong}@illinois.edu

qning@amazon.comavi@us.ibm.com danroth@seas.upenn.edu",false,,,,"[{""raw_affiliation_text"": ""University of Illinois at Urbana-Champaign"", ""institution"": ""University of Illinois at Urbana-Champaign"", ""country"": null}, {""raw_affiliation_text"": ""Amazon"", ""institution"": ""Amazon"", ""country"": null}, {""raw_affiliation_text"": ""IBM Research AI"", ""institution"": ""IBM Research AI"", ""country"": null}, {""raw_affiliation_text"": ""University of Pennsylvania"", ""institution"": ""University of Pennsylvania"", ""country"": null}]"
2021.naacl-main.56,,,,2021.naacl-main.56,done,"Microsoft Cognitive Services Research | University of California, Berkeley | University of Edinburgh","# Noisy Self-Knowledge Distillation for Text Summarization

Yang Liu $^{\text{心}}$ , Sheng Shen $^{\text{◇}}$ , and Mirella Lapata $^{\text{△}}$

Microsoft Cognitive Services Research

$\diamond$ University of California, Berkeley

$\triangle$ School of Informatics, University of Edinburgh

yaliu10@microsoft.com sheng.s@berkeley.edu mlap@inf.ed.ac.uk",false,,,,"[{""raw_affiliation_text"": ""Microsoft Cognitive Services Research"", ""institution"": ""Microsoft Cognitive Services Research"", ""country"": null}, {""raw_affiliation_text"": ""University of California, Berkeley"", ""institution"": ""University of California, Berkeley"", ""country"": null}, {""raw_affiliation_text"": ""School of Informatics, University of Edinburgh"", ""institution"": ""University of Edinburgh"", ""country"": null}]"
2021.naacl-main.61,,,,2021.naacl-main.61,done,Stanford University,"# Human-like informative conversations: Better acknowledgements using conditional mutual information

Ashwin Paranjape

Stanford University

ashwinp@cs.stanford.edu

Christopher D. Manning

Stanford University

manning@cs.stanford.edu",false,,,,"[{""raw_affiliation_text"": ""Stanford University"", ""institution"": ""Stanford University"", ""country"": null}]"
2021.naacl-main.60,,,,2021.naacl-main.60,done,"University of Southern California | University of California, Los Angeles","# ""Nice Try, Kiddo"": Investigating Ad Hominems in Dialogue Responses

Emily Sheng $^{1}$ , Kai-Wei Chang $^{2}$ , Premkumar Natarajan $^{1}$ , Nanyun Peng $^{1,2}$

<sup>1</sup> Information Sciences Institute, University of Southern California

<sup>2</sup> Computer Science Department, University of California, Los Angeles

{ewsheng, pnataraj}@isi.edu, {kwchang, violetpeng}@cs.ucla.edu",false,,,,"[{""raw_affiliation_text"": ""Information Sciences Institute, University of Southern California"", ""institution"": ""University of Southern California"", ""country"": null}, {""raw_affiliation_text"": ""Computer Science Department, University of California, Los Angeles"", ""institution"": ""University of California, Los Angeles"", ""country"": null}]"
2021.naacl-main.55,,,,2021.naacl-main.55,done,Amazon | Emory University,"# Identifying Helpful Sentences in Product Reviews

Iftah Gamzu<sup>1</sup> Hila Gonen<sup>1</sup> Gilad Kutiel<sup>1</sup> Ran Levy<sup>1</sup> Eugene Agichtein<sup>2,3</sup>

{iftah,gonenhi,gkutiel,ranlevy,eugeneag}@amazon.com

$^{1}$ Amazon, Tel-Aviv, Israel   
$^{2}$ Amazon, Seattle, WA, USA   
<sup>3</sup>Emory University, GA, USA",false,,,,"[{""raw_affiliation_text"": ""Amazon, Tel-Aviv, Israel"", ""institution"": ""Amazon"", ""country"": ""Israel""}, {""raw_affiliation_text"": ""Emory University, GA, USA"", ""institution"": ""Emory University"", ""country"": ""USA""}]"
2021.naacl-main.58,,,,2021.naacl-main.58,done,Microsoft Cognitive Services Group | University of Notre Dame,"# Enhancing Factual Consistency of Abstractive Summarization

Chenguang Zhu<sup>1</sup>, William Hinthorn<sup>1</sup>, Ruochen Xu<sup>1</sup>, Qingkai Zeng<sup>2</sup>, Michael Zeng<sup>1</sup>, Xuedong Huang<sup>1</sup>, Meng Jiang<sup>2</sup>

<sup>1</sup> Microsoft Cognitive Services Group

2 University of Notre Dame

{chezhu, wihintho, ruox, nzeng, xdh} @microsoft.com

{qzeng,mjiang2}@nd.edu",false,,,,"[{""raw_affiliation_text"": ""Microsoft Cognitive Services Group"", ""institution"": ""Microsoft Cognitive Services Group"", ""country"": null}, {""raw_affiliation_text"": ""University of Notre Dame"", ""institution"": ""University of Notre Dame"", ""country"": null}]"
2021.naacl-main.59,,,,2021.naacl-main.59,done,"University of California, Davis | Google Research | Cornell University | Google Assistant","# Few-shot Intent Classification and Slot Filling with Retrieved Examples

Dian Yu*

University of California, Davis

dianyu@ucdavis.edu

Luheng He

Google Research

luheng@google.com

Yuan Zhang

Google Research

zhangyua@google.com

Xinya Du*

Cornell University

xd75@cornell.edu

Panupong Pasupat

Google Research

ppasupat@google.com

Qi Li

Google Assistant

qilqil@google.com",false,,,,"[{""raw_affiliation_text"": ""University of California, Davis"", ""institution"": ""University of California, Davis"", ""country"": null}, {""raw_affiliation_text"": ""Google Research"", ""institution"": ""Google Research"", ""country"": null}, {""raw_affiliation_text"": ""Cornell University"", ""institution"": ""Cornell University"", ""country"": null}, {""raw_affiliation_text"": ""Google Assistant"", ""institution"": ""Google Assistant"", ""country"": null}]"
2021.naacl-main.62,,,,2021.naacl-main.62,done,University of Utah | AWS AI,"# A Comparative Study on Schema-Guided Dialogue State Tracking

Jie Cao *

School of Computing, University of Utah

jcao@cs.utah.edu

Yi Zhang

AWS AI, Amazon

yizhngn@amazon.com",false,,,,"[{""raw_affiliation_text"": ""School of Computing, University of Utah"", ""institution"": ""University of Utah"", ""country"": null}, {""raw_affiliation_text"": ""AWS AI, Amazon"", ""institution"": ""AWS AI"", ""country"": null}]"
2021.naacl-main.63,,,,2021.naacl-main.63,done,University of California Irvine | Beijing Jiaotong University,"# Spoken Language Understanding for Task-oriented Dialogue Systems with Augmented Memory Networks

Jie Wu

University of California Irvine

wuj8@uci.edu

Ian G. Harris

University of California Irvine

harris@ics.uci.edu

Hongzhi Zhao

Beijing Jiaotong University

hzzhao@bjtu.edu.cn",false,,,,"[{""raw_affiliation_text"": ""University of California Irvine"", ""institution"": ""University of California Irvine"", ""country"": null}, {""raw_affiliation_text"": ""Beijing Jiaotong University"", ""institution"": ""Beijing Jiaotong University"", ""country"": null}]"
2021.naacl-main.65,,,,2021.naacl-main.65,done,Amazon AI,"# Linking Entities to Unseen Knowledge Bases with Arbitrary Schemas

Yogarshi Vyas Miguel Ballesteros

Amazon AI

{yogarshi, ballemig}@amazon.com",false,,,,"[{""raw_affiliation_text"": ""Amazon AI"", ""institution"": ""Amazon AI"", ""country"": null}]"
2021.naacl-main.67,,,,2021.naacl-main.67,done,Carnegie Mellon University,"# Neural Language Modeling for Contextualized Temporal Graph Generation

Aman Madaan, Yiming Yang

Language Technologies Institute, Carnegie Mellon University

Pittsburgh, PA, USA

amadaan@cs.cmu.edu",false,,,,"[{""raw_affiliation_text"": ""Language Technologies Institute, Carnegie Mellon University, Pittsburgh, PA, USA"", ""institution"": ""Carnegie Mellon University"", ""country"": ""USA""}]"
2021.naacl-main.64,,,,2021.naacl-main.64,done,Georgia Institute of Technology | Facebook AI Research,"# How to Motivate Your Dragon: Teaching Goal-Driven Agents to Speak and Act in Fantasy Worlds

Prithviraj Ammanabrolu† Jack Urbanek‡ Margaret Li‡

Arthur Szlam† Tim Rocktäschel‡ Jason Weston‡

$^{\dagger}$ Georgia Institute of Technology $\ddagger$ Facebook AI Research

raj.ammanabrolu@gatech.edu",false,,,,"[{""raw_affiliation_text"": ""Georgia Institute of Technology"", ""institution"": ""Georgia Institute of Technology"", ""country"": null}, {""raw_affiliation_text"": ""Facebook AI Research"", ""institution"": ""Facebook AI Research"", ""country"": null}]"
2021.naacl-main.66,,,,2021.naacl-main.66,done,Columbia University | Microsoft Research,"# Self-Training with Weak Supervision

Giannis Karamanolakis\* Subhabrata Mukherjee Guoqing Zheng' Ahmed Hassan Awadallah Columbia University, New York Microsoft Research gkaraman@cs.columbia.edu {submukhe, zheng, hassanam} @microsoft.com",false,,,,"[{""raw_affiliation_text"": ""Columbia University, New York"", ""institution"": ""Columbia University"", ""country"": ""USA""}, {""raw_affiliation_text"": ""Microsoft Research"", ""institution"": ""Microsoft Research"", ""country"": null}]"
2021.naacl-main.69,,,,2021.naacl-main.69,done,University of Illinois at Urbana-Champaign,"# Document-Level Event Argument Extraction by Conditional Generation

Sha Li and Heng Ji and Jiawei Han

University of Illinois at Urbana-Champaign, IL, USA

{shal2, hengji, hanj} @illinois.edu",false,,,,"[{""raw_affiliation_text"": ""University of Illinois at Urbana-Champaign, IL, USA"", ""institution"": ""University of Illinois at Urbana-Champaign"", ""country"": ""USA""}]"
2021.naacl-main.68,,,,2021.naacl-main.68,done,UCLA | U Mass Amherst | USC,"# Probabilistic Box Embeddings for Uncertain Knowledge Graph Reasoning

Xuelu Chen $^{1*}$ , Michael Boratko $^{2*}$ , Muhao Chen $^{3,4}$

Shib Sankar Dasgupta $^{2}$ , Xiang Lorraine Li $^{2}$ , Andrew McCallum $^{2}$

$^{1}$ Department of Computer Science, UCLA

$^{2}$ College of Information and Computer Sciences, UMass Amherst

$^{3}$ Department of Computer Science, USC

<sup>4</sup>Information Sciences Institute, USC

shirleychen@cs.ucla.edu;mboratko@iesl.cs.umass.edu;

muhaoche@usc.edu; {ssdasgupta, xiangl, mccallum}@cs.umass.edu",false,,,,"[{""raw_affiliation_text"": ""Department of Computer Science, UCLA"", ""institution"": ""UCLA"", ""country"": null}, {""raw_affiliation_text"": ""College of Information and Computer Sciences, UMass Amherst"", ""institution"": ""U Mass Amherst"", ""country"": null}, {""raw_affiliation_text"": ""Department of Computer Science, USC"", ""institution"": ""USC"", ""country"": null}]"
2021.naacl-main.70,,,,2021.naacl-main.70,done,Cornell University,"# Template Filling with Generative Transformers

Xinya Du Alexander M. Rush Claire Cardie

Department of Computer Science

Cornell University

{xdu, cardie}@cs.cornell.edu

arush@cornell.edu",false,,,,"[{""raw_affiliation_text"": ""Department of Computer Science, Cornell University"", ""institution"": ""Cornell University"", ""country"": null}]"
2021.naacl-main.72,,,,2021.naacl-main.72,done,Baidu Research,"# On Attention Redundancy: A Comprehensive Study

Yuchen Bian, Jiaji Huang, Xingyu Cai, Jiahong Yuan, Kenneth Church Baidu Research, Sunnyvale, CA, USA

{yuchenbian,huangjiaji,xingyucai,jiahongyuan,kennethchurch}@baidu.com",false,,,,"[{""raw_affiliation_text"": ""Baidu Research, Sunnyvale, CA, USA"", ""institution"": ""Baidu Research"", ""country"": ""USA""}]"
2021.naacl-main.75,,,,2021.naacl-main.75,done,"University of California, Irvine | Northeastern University","# An Empirical Comparison of Instance Attribution Methods for NLP

Pouya Pezeshkpour*

University of California, Irvine

pezeshkp@uci.edu

Sarthak Jain*

Northeastern University

jain.sar@northeastern.edu

Byron C. Wallace

Northeastern University

b.wallace@northeastern.edu

Sameer Singh

University of California, Irvine

sameer@uci.edu",false,,,,"[{""raw_affiliation_text"": ""University of California, Irvine"", ""institution"": ""University of California, Irvine"", ""country"": null}, {""raw_affiliation_text"": ""Northeastern University"", ""institution"": ""Northeastern University"", ""country"": null}]"
2021.naacl-main.76,,,,2021.naacl-main.76,done,University of Pennsylvania,"# Generalization in Instruction Following Systems

Soham Dan and Michael Zhou and Dan Roth

{sohamdan,mizho,danroth} $@$ seas.upenn.edu

University of Pennsylvania",false,,,,"[{""raw_affiliation_text"": ""University of Pennsylvania"", ""institution"": ""University of Pennsylvania"", ""country"": null}]"
2021.naacl-main.7,,,,2021.naacl-main.7,done,Saarland University | German Research Center for Artificial Intelligence | China Mobile Online Services | Tianjin University,"# Probing Word Translations in the Transformer and Trading Decoder for Encoder Layers

Hongfei Xu $^{1,2}$ Josef van Genabith $^{1,2}$ Qiuhui Liu $^{3*}$ Deyi Xiong $^{4}$

$^{1}$ Saarland University / Saarland, Germany

$^{2}$ German Research Center for Artificial Intelligence / Saarland, Germany

<sup>3</sup>China Mobile Online Services / Henan, China

$^{4}$ Tianjin University / Tianjin, China

hfxunlp@foxmail.com,Josef.Van_Genabith@dfki.de,

liuqhano@foxmail.com, dyxiong@tju.edu.cn",false,,,,"[{""raw_affiliation_text"": ""Saarland University / Saarland, Germany"", ""institution"": ""Saarland University"", ""country"": ""Germany""}, {""raw_affiliation_text"": ""German Research Center for Artificial Intelligence / Saarland, Germany"", ""institution"": ""German Research Center for Artificial Intelligence"", ""country"": ""Germany""}, {""raw_affiliation_text"": ""China Mobile Online Services / Henan, China"", ""institution"": ""China Mobile Online Services"", ""country"": ""China""}, {""raw_affiliation_text"": ""Tianjin University / Tianjin, China"", ""institution"": ""Tianjin University"", ""country"": ""China""}]"
2021.naacl-main.74,,,,2021.naacl-main.74,done,"University of California, Berkeley | Hugging Face","# Low-Complexity Probing via Finding Subnetworks

Steven Cao $^{1,2}$ Victor Sanh $^{2}$ Alexander M. Rush $^{2}$

<sup>1</sup>University of California, Berkeley

$^{2}$ Hugging Face

stevencao@berkeley.edu

{victor,sasha}@huggingface.co",false,,,,"[{""raw_affiliation_text"": ""University of California, Berkeley"", ""institution"": ""University of California, Berkeley"", ""country"": null}, {""raw_affiliation_text"": ""Hugging Face"", ""institution"": ""Hugging Face"", ""country"": null}]"
2021.naacl-main.71,,,,2021.naacl-main.71,done,Texas A&M University | Adobe Research | Adobe Document Cloud,"# Towards Interpreting and Mitigating Shortcut Learning Behavior of NLU Models

Mengnan Du<sup>1*</sup>, Varun Manjunatha<sup>2</sup>, Rajiv Jain<sup>2</sup>, Ruchi Deshpande<sup>3</sup>, Franck Dernoncourt<sup>2</sup>, Jiuxiang Gu<sup>2</sup>, Tong Sun<sup>2</sup> and Xia Hu<sup>1</sup>

Texas A&M University

2Adobe Research

3Adobe Document Cloud

dumengnan@tamu.edu

{vmanjuna,rajijain,rdeshpan,franck.dernoncourt,jigu,tsun}@adobe.com,hu@cse.tamu.edu",false,,,,"[{""raw_affiliation_text"": ""Texas A&M University"", ""institution"": ""Texas A&M University"", ""country"": null}, {""raw_affiliation_text"": ""Adobe Research"", ""institution"": ""Adobe Research"", ""country"": null}, {""raw_affiliation_text"": ""Adobe Document Cloud"", ""institution"": ""Adobe Document Cloud"", ""country"": null}]"
2021.naacl-main.8,,,,2021.naacl-main.8,done,The Hebrew University of Jerusalem,"# Mediators in Determining what Processing BERT Performs First

Aviv Slobodkin

Leshem Choshen

Omri Abend

School of Computer Science and Engineering

The Hebrew University of Jerusalem

{aviv.slobodkin,leshem.choshen,omri.abend}@mail.huji.ac.il",false,,,,"[{""raw_affiliation_text"": ""School of Computer Science and Engineering, The Hebrew University of Jerusalem"", ""institution"": ""The Hebrew University of Jerusalem"", ""country"": null}]"
2021.naacl-main.78,,,,2021.naacl-main.78,done,Massachusetts Institute of Technology,"# Measuring Social Biases in Grounded Vision and Language Embeddings

Candace Ross, Boris Katz & Andrei Barbu  
CSAIL, Massachusetts Institute of Technology  
{ccross, boris, abarbu}@mit.edu",false,,,,"[{""raw_affiliation_text"": ""CSAIL, Massachusetts Institute of Technology"", ""institution"": ""Massachusetts Institute of Technology"", ""country"": null}]"
2021.naacl-main.77,,,,2021.naacl-main.77,done,Microsoft Corporation,"# LightningDOT: Pre-training Visual-Semantic Embeddings for Real-Time Image-Text Retrieval

Siqi Sun; Yen-Chun Chen

Linjie Li, Shuohang Wang, Yuwei Fang, Jingjing Liu

Microsoft Corporation

{siqi.sun, yen-chun.chen, lindsey.li, shuohang.wang, yuwfan, jingjl} @microsoft.com",false,,,,"[{""raw_affiliation_text"": ""Microsoft Corporation"", ""institution"": ""Microsoft Corporation"", ""country"": null}]"
2021.naacl-main.80,,,,2021.naacl-main.80,done,Stanford University | Viv Labs,"# Grounding Open-Domain Instructions to Automate Web Support Tasks

# Nancy Xu

Computer Science Dept.

Stanford University

xnancy@stanford.edu

# Sam Masling

Computer Science Dept. Stanford University

smasling@stanford.edu

# Michael Du

Computer Science Dept.

Stanford University

mdu7@stanford.edu

# Giovanni Campagna

Computer Science Dept. Stanford University

# Larry Heck

Viv Labs

Samsung Research

gcampaign@stanford.edu

larry.heck@ieee.org",false,,,,"[{""raw_affiliation_text"": ""Computer Science Dept. Stanford University"", ""institution"": ""Stanford University"", ""country"": null}, {""raw_affiliation_text"": ""Viv Labs Samsung Research"", ""institution"": ""Viv Labs"", ""country"": null}]"
2021.naacl-main.82,,,,2021.naacl-main.82,done,UNC Chapel Hill,"# Improving Cross-Modal Alignment in Vision Language Navigation via Syntactic Information

Jialu Li Hao Tan Mohit Bansal

UNC Chapel Hill

{jialuli,airsplay，mbansal}@cs.unc.edu",false,,,,"[{""raw_affiliation_text"": ""UNC Chapel Hill"", ""institution"": ""UNC Chapel Hill"", ""country"": null}]"
2021.naacl-main.81,,,,2021.naacl-main.81,done,UC Berkeley,"# Modular Networks for Compositional Instruction Following

Rodolfo Corona Daniel Fried Coline Devin Dan Klein Trevor Darrell UC Berkeley

{rcorona,dfried,coline,klein,trevordarrell}@berkeley.edu",false,,,,"[{""raw_affiliation_text"": ""UC Berkeley"", ""institution"": ""UC Berkeley"", ""country"": null}]"
2021.naacl-main.86,,,,2021.naacl-main.86,done,Rutgers University,"# Understanding Hard Negatives in Noise Contrastive Estimation

Wenzheng Zhang and Karl Stratos

Department of Computer Science

Rutgers University

{wenzheng.zhang, karl.stratos}@rutgers.edu",false,,,,"[{""raw_affiliation_text"": ""Department of Computer Science Rutgers University"", ""institution"": ""Rutgers University"", ""country"": null}]"
2021.naacl-main.79,,,,2021.naacl-main.79,done,Carnegie Mellon University | Singapore University of Technology and Design,"# MTAG: Modal-Temporal Attention Graph for Unaligned Human Multimodal Language Sequences

Jianing Yang $^{1*}$ , Yongxin Wang $^{1*}$ , Ruitao Yi $^{1}$ , Yuying Zhu $^{1}$ , Azaan Rehman $^{1}$ , Amir Zadeh $^{1}$ , Soujanya Poria $^{2}$ , Louis-Philippe Morency $^{1}$

$^{1}$ Carnegie Mellon University $^{2}$ Singapore University of Technology and Design

{jianing3, yongxinw, ruitaoy, yuyingz, arehman, abagherz} @cs.cmu.edu, sporia@sutd.edu.sg, morency@cs.cmu.edu",false,,,,"[{""raw_affiliation_text"": ""Carnegie Mellon University"", ""institution"": ""Carnegie Mellon University"", ""country"": null}, {""raw_affiliation_text"": ""Singapore University of Technology and Design"", ""institution"": ""Singapore University of Technology and Design"", ""country"": null}]"
2021.naacl-main.85,,,,2021.naacl-main.85,done,Microsoft Research | Ochanomizu University | University of Waterloo,"# Posterior Differential Regularization with $f$ -divergence for Improving Model Robustness

Hao Cheng $^{1}$ , Xiaodong Liu $^{1}$ , Lis Pereira $^{2}$ , Yaoliang Yu $^{3}$ , Jianfeng Gao $^{1}$

<sup>1</sup>Microsoft Research <sup>2</sup>Ochanomizu University <sup>3</sup>University of Waterloo & Vector Institute

{chehao,xiaodl,jfgao}@microsoft.com

{kanashiro.pereira}@ocha.ac.jp

{yaoliang.yu}@uwaterloo.ca",false,,,,"[{""raw_affiliation_text"": ""Microsoft Research"", ""institution"": ""Microsoft Research"", ""country"": null}, {""raw_affiliation_text"": ""Ochanomizu University"", ""institution"": ""Ochanomizu University"", ""country"": null}, {""raw_affiliation_text"": ""University of Waterloo & Vector Institute"", ""institution"": ""University of Waterloo"", ""country"": null}]"
2021.naacl-main.84,,,,2021.naacl-main.84,done,Georgia Institute of Technology,"# Fine-Tuning Pre-trained Language Model with Weak Supervision: A Contrastive-Regularized Self-Training Approach

Yue Yu* Simiao Zuo* Haoming Jiang Wendi Ren Tuo Zhao Chao Zhang

Georgia Institute of Technology, Atlanta, GA, USA

{yueyu, simiaozuo, jianghm, wren44, tourzhao, chaozhang}@gatech.edu",false,,,,"[{""raw_affiliation_text"": ""Georgia Institute of Technology, Atlanta, GA, USA"", ""institution"": ""Georgia Institute of Technology"", ""country"": ""USA""}]"
2021.naacl-main.73,,,,2021.naacl-main.73,done,MIT CSAIL | Northeastern University | Memorial Sloan Kettering Cancer Center | Bar Ilan University | Allen Institute for Artificial Intelligence,"# Does BERT Pretrained on Clinical Notes Reveal Sensitive Data?

Eric Lehman\* $\Psi^{\Upsilon 1}$ , Sarthak Jain\* $\Upsilon^{2}$ , Karl Pichotta\*, Yoav Goldberg\*, and Byron C. Wallace\*

$\Psi$ MIT CSAIL

$\Upsilon$ Northeastern University

$^{\Phi}$ Memorial Sloan Kettering Cancer Center

$^{\Omega}$ Bar Ilan University / Ramat Gan, Israel; Allen Institute for Artificial Intelligence

'lehmer16@mit.edu

$^{2}$ jain.sar@northeastern.edu",false,,,,"[{""raw_affiliation_text"": ""MIT CSAIL"", ""institution"": ""MIT CSAIL"", ""country"": null}, {""raw_affiliation_text"": ""Northeastern University"", ""institution"": ""Northeastern University"", ""country"": null}, {""raw_affiliation_text"": ""Memorial Sloan Kettering Cancer Center"", ""institution"": ""Memorial Sloan Kettering Cancer Center"", ""country"": null}, {""raw_affiliation_text"": ""Bar Ilan University / Ramat Gan, Israel"", ""institution"": ""Bar Ilan University"", ""country"": ""Israel""}, {""raw_affiliation_text"": ""Allen Institute for Artificial Intelligence"", ""institution"": ""Allen Institute for Artificial Intelligence"", ""country"": null}]"
2021.naacl-main.87,,,,2021.naacl-main.87,done,Emory University,"# Certified Robustness to Word Substitution Attack with Differential Privacy

Wenjie Wang, Pengfei Tang, Jian Lou* and Li Xiong

Emory University

Atlanta, GA, USA

{wang.wenjie, pengfei.tang, jian.lou, lxiong}@emory.edu",false,,,,"[{""raw_affiliation_text"": ""Emory University, Atlanta, GA, USA"", ""institution"": ""Emory University"", ""country"": ""USA""}]"
2021.naacl-main.83,,,,2021.naacl-main.83,done,Queen's University | Amazon.com Inc,"# Improving Pretrained Models for Zero-shot Multi-label Text Classification through Reinforced Label Hierarchy Reasoning

Hui Liu $^{1}$ Danqing Zhang $^{2}$ Bing Yin $^{2}$ Xiaodan Zhu $^{1}$

<sup>1</sup>Ingenuity Labs Research Institute & ECE, Queen's University, Canada

{hui.liu, xiaodan.zhu}@queensu.ca

$^{2}$ Amazon.com Inc, Palo Alto, CA, USA

{danqinz, alexbyin}@amazon.com",false,,,,"[{""raw_affiliation_text"": ""Ingenuity Labs Research Institute & ECE, Queen's University, Canada"", ""institution"": ""Queen's University"", ""country"": ""Canada""}, {""raw_affiliation_text"": ""Amazon.com Inc, Palo Alto, CA, USA"", ""institution"": ""Amazon.com Inc"", ""country"": ""USA""}]"
2021.naacl-main.88,,,,2021.naacl-main.88,done,Stanford University,"# DReCa: A General Task Augmentation Strategy for Few-Shot Natural Language Inference

Shikhar Murty

Tatsunori B. Hashimoto

Christopher D. Manning

Computer Science Department, Stanford University

{smurty,thashim,manning}@cs.stanford.edu",false,,,,"[{""raw_affiliation_text"": ""Computer Science Department, Stanford University"", ""institution"": ""Stanford University"", ""country"": ""null""}]"
2021.naacl-main.93,,,,2021.naacl-main.93,done,Google Research,"# Towards Continual Learning for Multilingual Machine Translation via Vocabulary Substitution

Xavier Garcia and Noah Constant and Ankur P. Parikh and Orhan First

Google Research

Mountain View

California

{xgarcia,nconstant,aparikh,orhanf} $@$ google.com",false,,,,"[{""raw_affiliation_text"": ""Google Research"", ""institution"": ""Google Research"", ""country"": ""USA""}]"
2021.naacl-main.89,,,,2021.naacl-main.89,done,Google Research,"# Harnessing Multilinguality in Unsupervised Machine Translation for Rare Languages

Xavier Garcia and Aditya Siddhant and Orhan First and Ankur P. Parikh

Google Research

Mountain View

California

{xgarcia,adisid,orhanf,aparikh}@google.com",false,,,,"[{""raw_affiliation_text"": ""Google Research"", ""institution"": ""Google Research"", ""country"": ""null""}]"
2021.naacl-main.9,,,,2021.naacl-main.9,done,The Hebrew University of Jerusalem | Ben Gurion University,"# Automatic Generation of Contrast Sets from Scene Graphs: Probing the Compositional Consistency of GQA

Yonatan Bitton $^{\diamond}$ Gabriel Stanovsky $^{\diamond}$ Roy Schwartz $^{\diamond}$ Michael Elhadad $^{\spadesuit}$

$\diamond$ School of Computer Science and Engineering, The Hebrew University of Jerusalem, Jerusalem, Israel

$\spadesuit$ Department of Computer Science, Ben Gurion University, Beer Sheva, Israel {yonatanbitton,gabis,roys} $@$ cs.huji.ac.il elhadad@cs.bgu.ac.il",false,,,,"[{""raw_affiliation_text"": ""School of Computer Science and Engineering, The Hebrew University of Jerusalem, Jerusalem, Israel"", ""institution"": ""The Hebrew University of Jerusalem"", ""country"": ""Israel""}, {""raw_affiliation_text"": ""Department of Computer Science, Ben Gurion University, Beer Sheva, Israel"", ""institution"": ""Ben Gurion University"", ""country"": ""Israel""}]"
2021.naacl-main.91,,,,2021.naacl-main.91,done,University of Maryland | Google Research,"# Assessing Reference-Free Peer Evaluation for Machine Translation

Sweta Agrawal<sup>1</sup>, George Foster<sup>2</sup>, Markus Freitag<sup>2</sup>, Colin Cherry<sup>2</sup>

$^{1}$ Department of Computer Science, University of Maryland

2Google Research

sweagraph@umd.edu,{fosterg, freitag, colincherry}@google.com",false,,,,"[{""raw_affiliation_text"": ""Department of Computer Science, University of Maryland"", ""institution"": ""University of Maryland"", ""country"": null}, {""raw_affiliation_text"": ""Google Research"", ""institution"": ""Google Research"", ""country"": null}]"
2021.naacl-main.94,,,,2021.naacl-main.94,done,Amazon AI,"# Towards Modeling the Style of Translators in Neural Machine Translation

Yue Wang* and Cuong Hoang and Marcello Federico

Amazon AI

hoacuong@amazon.com",false,,,,"[{""raw_affiliation_text"": ""Amazon AI"", ""institution"": ""Amazon AI"", ""country"": null}]"
2021.naacl-main.92,,,,2021.naacl-main.92,done,Microsoft,"# The Curious Case of Hallucinations in Neural Machine Translation

Vikas Raunak Arul Menezes Marcin Junczys-Dowmunt Microsoft, USA

{viraunak, arulm, marcinjd}@microsoft.com",false,,,,"[{""raw_affiliation_text"": ""Microsoft, USA"", ""institution"": ""Microsoft"", ""country"": ""USA""}]"
2021.naacl-main.95,,,,2021.naacl-main.95,done,Arizona State University,"# Self-Supervised Test-Time Learning for Reading Comprehension

Pratyay Banerjee Tejas Gokhale Chitta Baral

Arizona State University

pbanerj6, tgokhale, chitta@asu.edu",false,,,,"[{""raw_affiliation_text"": ""Arizona State University"", ""institution"": ""Arizona State University"", ""country"": null}]"
2021.naacl-main.98,,,,2021.naacl-main.98,done,The University of Texas at Austin,"# Robust Question Answering Through Sub-part Alignment

Jifan Chen and Greg Durrett

The University of Texas at Austin

{jfchen, gdurrett}@cs.utexas.edu",false,,,,"[{""raw_affiliation_text"": ""The University of Texas at Austin"", ""institution"": ""The University of Texas at Austin"", ""country"": null}]"
2022.naacl-main.1,,,,2022.naacl-main.1,done,Tufts University,"# Social Norms Guide Reference Resolution

Mitchell Abrams and Matthias Scheutz

Human-Robot Interaction Laboratory, Tufts University, Medford, MA 02155

{mitchell. Abrams, matthias.scheutz}@tufts.edu",false,,,,"[{""raw_affiliation_text"": ""Human-Robot Interaction Laboratory, Tufts University, Medford, MA 02155"", ""institution"": ""Tufts University"", ""country"": ""USA""}]"
2021.naacl-main.96,,,,2021.naacl-main.96,done,IBM Research AI | Rensselaer Polytechnic Institute,"# Capturing Row and Column Semantics in Transformer Based Question Answering over Tables

Michael Glass $^{1}$ , Mustafa Canim $^{1}$ , Alfio Gliozzo $^{1}$ , Saneem Chemmengath $^{1}$ , Vishwajeet Kumar $^{1}$ , Rishav Chakravarti $^{1}$ , Avirup Sil $^{1}$ , Feifei Pan $^{2}$ , Samarth Bharadwaj $^{1}$ , Nicolas Rodolfo Fauceglia $^{1}$

<sup>1</sup> IBM Research AI <sup>2</sup> Rensselaer Polytechnic Institute mrglass@us.ibm.com, mustafa@us.ibm.com, gliozzo@us.ibm.com, saneem.cg@in.ibm.com, vishk024@in.ibm.com, rchakravarti@us.ibm.com, avi@us.ibm.com, panf2@rpi.edu, samarth.b@in.ibm.com, nicolas.fauceglia@ibm.com",false,,,,"[{""raw_affiliation_text"": ""IBM Research AI"", ""institution"": ""IBM Research AI"", ""country"": null}, {""raw_affiliation_text"": ""Rensselaer Polytechnic Institute"", ""institution"": ""Rensselaer Polytechnic Institute"", ""country"": null}]"
2022.naacl-main.100,,,,2022.naacl-main.100,done,Carnegie Mellon University | Instituto Superior Técnico | Instituto de Telecomunicações | INESC-ID | Unbabel,"# Quality-Aware Decoding for Neural Machine Translation

Patrick Fernandes\*,1,2,3 Antonio Farinhas\*,2,3 Ricardo Rei2,4,5 Jose G. C. de Souza

Perez Ogayo<sup>1</sup> Graham Neubig<sup>1</sup> André F. T. Martins<sup>2,3,5</sup>

$^{1}$ Carnegie Mellon University $^{2}$ Instituto Superior Técnico (Lisbon ELLIS Unit)

$^{3}$ Instituto de Telecomunicações $^{4}$ INESC-ID $^{5}$ Unbabel

pfernand@cs.cmu.edu antonio.farinhas@tecnico.ulisboa.pt",false,,,,"[{""raw_affiliation_text"": ""Carnegie Mellon University"", ""institution"": ""Carnegie Mellon University"", ""country"": null}, {""raw_affiliation_text"": ""Instituto Superior Técnico (Lisbon ELLIS Unit)"", ""institution"": ""Instituto Superior Técnico"", ""country"": null}, {""raw_affiliation_text"": ""Instituto de Telecomunicações"", ""institution"": ""Instituto de Telecomunicações"", ""country"": null}, {""raw_affiliation_text"": ""INESC-ID"", ""institution"": ""INESC-ID"", ""country"": null}, {""raw_affiliation_text"": ""Unbabel"", ""institution"": ""Unbabel"", ""country"": null}]"
2021.naacl-main.90,,,,2021.naacl-main.90,done,University of Southern California | University of Pennsylvania | Brandeis University,"# Macro-Average: Rare Types Are Important Too

# Thamme Gowda

Information Sciences Institute

University of Southern California

tg@isi.edu

# Weiqiu You

Dept of Computer and Information Science

University of Pennsylvania

weiqiuy@seas.upenn.edu

# Constantine Lignos

Michtom School of Computer Science

Brandeis University

lignos@brandeis.edu

# Jonathan May

Information Sciences Institute

University of Southern California

jonmay@isi.edu",false,,,,"[{""raw_affiliation_text"": ""Information Sciences Institute University of Southern California"", ""institution"": ""University of Southern California"", ""country"": null}, {""raw_affiliation_text"": ""Dept of Computer and Information Science University of Pennsylvania"", ""institution"": ""University of Pennsylvania"", ""country"": null}, {""raw_affiliation_text"": ""Michtom School of Computer Science Brandeis University"", ""institution"": ""Brandeis University"", ""country"": null}]"
2021.naacl-main.99,,,,2021.naacl-main.99,done,Allen Institute for AI,"# Text Modular Networks: Learning to Decompose Tasks in the Language of Existing Models

# Tushar Khot Daniel Khashabi Kyle Richardson Peter Clark Ashish Sabharwal

Allen Institute for AI, Seattle, WA, U.S.A.

{tushark,danielk,kyler,peterc,ashishs}@allenai.org",false,,,,"[{""raw_affiliation_text"": ""Allen Institute for AI, Seattle, WA, U.S.A."", ""institution"": ""Allen Institute for AI"", ""country"": ""USA""}]"
2022.naacl-main.10,,,,2022.naacl-main.10,done,"University of Southern California | University of California, Los Angeles","# NewsEdits: A News Article Revision Dataset and a Document-Level Reasoning Challenge

Alexander Spangher $^{1}$ , Xiang Ren $^{1}$ , Jonathan May $^{1}$ , Nanyun Peng $^{2}$

<sup>1</sup>Information Sciences Institute, University of Southern California

$^{2}$ Computer Science Department, University of California, Los Angeles {spangher, xiangren, jonmay}@usc.edu, violetpeng@cs.ucla.edu",false,,,,"[{""raw_affiliation_text"": ""Information Sciences Institute, University of Southern California"", ""institution"": ""University of Southern California"", ""country"": null}, {""raw_affiliation_text"": ""Computer Science Department, University of California, Los Angeles"", ""institution"": ""University of California, Los Angeles"", ""country"": null}]"
2022.naacl-main.101,,,,2022.naacl-main.101,done,Johns Hopkins University,"# Pretrained Models for Multilingual Federated Learning

Orion Weller*, Marc Marone*, Vladimir Braverman, Dawn Lawrie, Benjamin Van Durme Johns Hopkins University oweller@cs.jhu.edu, mmarone1@jhu.edu",false,,,,"[{""raw_affiliation_text"": ""Johns Hopkins University"", ""institution"": ""Johns Hopkins University"", ""country"": null}]"
2022.naacl-main.102,,,,2022.naacl-main.102,done,Georgia Institute of Technology | University of Washington,"# ACTUNE: Uncertainty-Based Active Self-Training for Active Fine-Tuning of Pretrained Language Models

Yue Yu $^{1}$ , Lingkai Kong $^{1}$ , Jieyu Zhang $^{2}$ , Rongzhi Zhang $^{1}$ , Chao Zhang $^{1}$ $^{1}$ Georgia Institute of Technology, Atlanta, GA $^{2}$ University of Washington, Seattle, WA {yueyu, lkkong, rongzhi.zhang, chaozhang} $@$ gatech.edu, jieyuz2@cs.washington.edu",false,,,,"[{""raw_affiliation_text"": ""Georgia Institute of Technology, Atlanta, GA"", ""institution"": ""Georgia Institute of Technology"", ""country"": ""USA""}, {""raw_affiliation_text"": ""University of Washington, Seattle, WA"", ""institution"": ""University of Washington"", ""country"": ""USA""}]"
2021.naacl-main.97,,,,2021.naacl-main.97,done,The University of Arizona,"# Explainable Multi-hop Verbal Reasoning Through Internal Monologue

Zhengzhong Liang<sup>1</sup>, Steven Bethard<sup>2</sup> and Mihai Surdeanu<sup>1</sup>

<sup>1</sup> Computer Science Department, The University of Arizona, Tucson, AZ

$^{2}$ School of Information, The University of Arizona, Tucson, AZ

{zhengzhongliang, bethard, msurdeanu}@email.arizona.edu",false,,,,"[{""raw_affiliation_text"": ""Computer Science Department, The University of Arizona, Tucson, AZ"", ""institution"": ""The University of Arizona"", ""country"": ""USA""}]"
