paper_id,source_pdf,uploaded_pdf,batch_id,data_id,status,affiliations,raw_first_page_text,ocr_fallback_used,ocr_image_paths,ocr_transcribed_text,error,affiliation_details_json
2020.emnlp-main.1,,,,2020.emnlp-main.1,done,Carnegie Mellon University | University of Dundee,"# Detecting Attackable Sentences in Arguments

Yohan Jo $^{1}$ Seojin Bang $^{1}$ Emaad Manzoor $^{2}$ Eduard Hovy $^{1}$ Chris Reed $^{3}$

$^{1}$ School of Computer Science, Carnegie Mellon University, USA

$^{2}$ Heinz College of Information Systems and Public Policy, Carnegie Mellon University, USA

<sup>3</sup>Centre for Argument Technology, University of Dundee, UK

{yohanj,seojinb}@cs.cmu.edu,{emaad,hovy}@cmu.edu

c.a.reed@dundee.ac.uk",false,,,,"[{""raw_affiliation_text"": ""School of Computer Science, Carnegie Mellon University, USA"", ""institution"": ""Carnegie Mellon University"", ""country"": ""USA""}, {""raw_affiliation_text"": ""Centre for Argument Technology, University of Dundee, UK"", ""institution"": ""University of Dundee"", ""country"": ""UK""}]"
2020.emnlp-main.10,,,,2020.emnlp-main.10,done,Carnegie Mellon University | Allen Institute for AI,"# Learning to Explain: Datasets and Models for Identifying Valid Reasoning Chains in Multihop Question-Answering

Harsh Jhamtani $^{1}$ Peter Clark $^{2}$

<sup>1</sup> School of Computer Science, Carnegie Mellon University

2 Allen Institute for AI

jharsh@cs.cmu.edu, peterc@allenai.org",false,,,,"[{""raw_affiliation_text"": ""School of Computer Science, Carnegie Mellon University"", ""institution"": ""Carnegie Mellon University"", ""country"": null}, {""raw_affiliation_text"": ""Allen Institute for AI"", ""institution"": ""Allen Institute for AI"", ""country"": null}]"
2020.emnlp-main.100,,,,2020.emnlp-main.100,done,Baidu Research,"# Improving Bilingual Lexicon Induction for Low Frequency Words

Jiaji Huang

Xingyu Cai

Kenneth Church

Baidu Research, 1195 Bordeaux Dr, Sunnyvale, CA, USA, 94089

{huangjiaji, xingyucai, kennethchurch}@baidu.com",false,,,,"[{""raw_affiliation_text"": ""Baidu Research, 1195 Bordeaux Dr, Sunnyvale, CA, USA, 94089"", ""institution"": ""Baidu Research"", ""country"": ""USA""}]"
2020.emnlp-main.101,,,,2020.emnlp-main.101,done,University of Ottawa | Beihang University,"# Learning VAE-LDA Models with Rounded Reparameterization Trick

Runzhi Tian

School of EECS

University of Ottawa, Canada

rtian081@uottawa.ca

Yongyi Mao

School of EECS

University of Ottawa, Canada

ymao@uottawa.ca

Richong Zhang

BDBC and SKLSDE

Beihang University, China

zhangrc@act.buaa.edu.cn",false,,,,"[{""raw_affiliation_text"": ""School of EECS, University of Ottawa, Canada"", ""institution"": ""University of Ottawa"", ""country"": ""Canada""}, {""raw_affiliation_text"": ""BDBC and SKLSDE, Beihang University, China"", ""institution"": ""Beihang University"", ""country"": ""China""}]"
2020.emnlp-main.102,,,,2020.emnlp-main.102,done,Georgia Institute of Technology,"# Calibrated Language Model Fine-Tuning for In- and Out-of-Distribution Data

Lingkai Kong, Haoming Jiang, Yuchen Zhuang, Jie Lyu, Tuo Zhao, Chao Zhang

Georgia Institute of Technology, Atlanta, USA

{lkkong,jiangm,yczhuang,jie.lyu,tourzhao,chaozhang}@gatech.edu",false,,,,"[{""raw_affiliation_text"": ""Georgia Institute of Technology, Atlanta, USA"", ""institution"": ""Georgia Institute of Technology"", ""country"": ""USA""}]"
2020.emnlp-main.103,,,,2020.emnlp-main.103,done,Cornell Tech,"# Scaling Hidden Markov Language Models

Justin T. Chiu and Alexander M. Rush

Department of Computer Science

Cornell Tech

{jtc257,arush}@cornell.edu",false,,,,"[{""raw_affiliation_text"": ""Department of Computer Science, Cornell Tech"", ""institution"": ""Cornell Tech"", ""country"": null}]"
2020.emnlp-main.104,,,,2020.emnlp-main.104,done,Stevens Institute of Technology | University of Cambridge,"# Coding Textual Inputs Boosts the Accuracy of Neural Networks

Abdul Rafae Khan*, Jia Xu*; and Weiwei Sun†

$^{*}$ Department of Computer Science, Stevens Institute of Technology {akhan4, jxu70}@stevens.edu

†Department of Computer Science and Technology, University of Cambridge † ws390@cam.ac.uk",false,,,,"[{""raw_affiliation_text"": ""Department of Computer Science, Stevens Institute of Technology"", ""institution"": ""Stevens Institute of Technology"", ""country"": null}, {""raw_affiliation_text"": ""Department of Computer Science and Technology, University of Cambridge"", ""institution"": ""University of Cambridge"", ""country"": null}]"
2020.emnlp-main.105,,,,2020.emnlp-main.105,done,Brigham Young University | Allen Institute for Artificial Intelligence,"# Learning from Task Descriptions

Orion Weller\*, Nicholas Lourie, Matt Gardner, Matthew E. Peters

$^{1}$ Brigham Young University

2Allen Institute for Artificial Intelligence

orionw@byu.edu,{nicholasl,mattg,matthewp}@allenai.org",false,,,,"[{""raw_affiliation_text"": ""Brigham Young University"", ""institution"": ""Brigham Young University"", ""country"": null}, {""raw_affiliation_text"": ""Allen Institute for Artificial Intelligence"", ""institution"": ""Allen Institute for Artificial Intelligence"", ""country"": null}]"
2020.emnlp-main.106,,,,2020.emnlp-main.106,done,The Hong Kong Polytechnic University,"# Hashtags, Emotions, and Comments: A Large-Scale Dataset to Understand Fine-Grained Social Emotions to Online Topics

Keyang Ding Jing Li* Yuji Zhang

Department of Computing, The Hong Kong Polytechnic University, HKSAR, China

{keyang.ding,yu-ji.zhang}@connect.polyu.hk

jing-amelia.li@polyu.edu.hk",false,,,,"[{""raw_affiliation_text"": ""Department of Computing, The Hong Kong Polytechnic University, HKSAR, China"", ""institution"": ""The Hong Kong Polytechnic University"", ""country"": ""China""}]"
2020.emnlp-main.107,,,,2020.emnlp-main.107,done,University of Electronic Science and Technology of China | University of Washington | Shenzhen Research Institute of Big Data | The Chinese University of Hong Kong (Shenzhen),"# Named Entity Recognition for Social Media Texts with Semantic Augmentation

Yuyang Nie\*, Yuanhe Tian\*, Xiang Wan, Yan Song\*†, Bo Dai

$\diamond$ University of Electronic Science and Technology of China

$\checkmark$ University of Washington $\checkmark$ Shenzhen Research Institute of Big Data

$\spadesuit$ The Chinese University of Hong Kong (Shenzhen)

nyy207@gmail.com yhtian@uw.edu wanxiang@sribd.cn

\*songyan@cuhk.edu.cn daibo@uestc.edu.cn",false,,,,"[{""raw_affiliation_text"": ""University of Electronic Science and Technology of China"", ""institution"": ""University of Electronic Science and Technology of China"", ""country"": null}, {""raw_affiliation_text"": ""University of Washington"", ""institution"": ""University of Washington"", ""country"": null}, {""raw_affiliation_text"": ""Shenzhen Research Institute of Big Data"", ""institution"": ""Shenzhen Research Institute of Big Data"", ""country"": null}, {""raw_affiliation_text"": ""The Chinese University of Hong Kong (Shenzhen)"", ""institution"": ""The Chinese University of Hong Kong (Shenzhen)"", ""country"": null}]"
2020.emnlp-main.108,,,,2020.emnlp-main.108,done,Nanjing University of Science & Technology | Singapore Management University | DSO National Laboratories,"# Coupled Hierarchical Transformer for Stance-Aware Rumor Verification in Social Media Conversations

Jianfei Yu $^{1}$ , Jing Jiang $^{2}$ , Ling Min Serena Khoo $^{3}$ , Hai Leong Chieu $^{3}$ , and Rui Xia $^{1}$

<sup>1</sup> School of Artificial Intelligence, Nanjing University of Science & Technology, China

$^{2}$ School of Information Systems, Singapore Management University, Singapore

$^{3}$ DSO National Laboratories, Singapore

{jfyu, rxia}@njust.edu.cn, jingjiang@smu.edu.sg,

{klingmin, chaileon}@dso.org.sg",false,,,,"[{""raw_affiliation_text"": ""School of Artificial Intelligence, Nanjing University of Science & Technology, China"", ""institution"": ""Nanjing University of Science & Technology"", ""country"": ""China""}, {""raw_affiliation_text"": ""School of Information Systems, Singapore Management University, Singapore"", ""institution"": ""Singapore Management University"", ""country"": ""Singapore""}, {""raw_affiliation_text"": ""DSO National Laboratories, Singapore"", ""institution"": ""DSO National Laboratories"", ""country"": ""Singapore""}]"
2020.emnlp-main.109,,,,2020.emnlp-main.109,done,Maulana Abul Kalam Azad University of Technology | University of Maryland | Carnegie Mellon University,"# Social Media Attributions in the Context of Water Crisis

Rupak Sarkar\* Sayantan Mahinder\* Hirak Sarkar\* Ashiqur R. KhudaBukhsh\*

\*Maulana Abul Kalam Azad University of Technology

$\mathcal{O}$ Independent Researcher

$\diamond$ University of Maryland

$\spadesuit$ Carnegie Mellon University

rupaksarkar.cs@gmail.com, sayantan.mahinder@gmail.com,

hsarkar@cs.umd.edu, akhudabu@cs.cmu.edu",false,,,,"[{""raw_affiliation_text"": ""Maulana Abul Kalam Azad University of Technology"", ""institution"": ""Maulana Abul Kalam Azad University of Technology"", ""country"": null}, {""raw_affiliation_text"": ""University of Maryland"", ""institution"": ""University of Maryland"", ""country"": null}, {""raw_affiliation_text"": ""Carnegie Mellon University"", ""institution"": ""Carnegie Mellon University"", ""country"": null}]"
2020.emnlp-main.11,,,,2020.emnlp-main.11,done,Arizona State University,"# Self-Supervised Knowledge Triplet Learning for Zero-Shot Question Answering

Pratyay Banerjee and Chitta Baral

Department of Computer Science, Arizona State University

pbanerj6,chitta@asu.edu",false,,,,"[{""raw_affiliation_text"": ""Department of Computer Science, Arizona State University"", ""institution"": ""Arizona State University"", ""country"": null}]"
2020.emnlp-main.110,,,,2020.emnlp-main.110,done,GESIS | RWTH,"# On the Reliability and Validity of Detecting Approval of Political Actors in Tweets

Indira Sen

GESIS

Indira.Sen@gesis.org

Fabian Flock

GESIS

Fabian.Floeck@gesis.org

Claudia Wagner

GESIS & RWTH, Aachen

Claudia.Wagner@gesis.org",false,,,,"[{""raw_affiliation_text"": ""GESIS"", ""institution"": ""GESIS"", ""country"": null}, {""raw_affiliation_text"": ""GESIS & RWTH, Aachen"", ""institution"": ""RWTH"", ""country"": null}]"
2020.emnlp-main.111,,,,2020.emnlp-main.111,done,"Harbin Institute of Technology | Peng Cheng Laboratory | Baidu, International Technology","# Towards Medical Machine Reading Comprehension with Structural Knowledge and Plain Text

Dongfang Li $^{1}$ , Baotian Hu $^{1}$ , Qingcai Chen $^{1,2,*}$ , Weihua Peng $^{3,*}$ , Anqi Wang $^{1}$

<sup>1</sup>Harbin Institute of Technology (Shenzhen), Shenzhen, China

$^{2}$ Peng Cheng Laboratory, Shenzhen, China

$^{3}$ Baidu, International Technology (Shenzhen) Co., Ltd.

crazyofapple@gmail.com, {hubaotian, qingcai.chen}@hit.edu.cn

pengweihua@baidu.com, 19s051040@stu.hit.edu.cn",false,,,,"[{""raw_affiliation_text"": ""Harbin Institute of Technology (Shenzhen), Shenzhen, China"", ""institution"": ""Harbin Institute of Technology"", ""country"": ""China""}, {""raw_affiliation_text"": ""Peng Cheng Laboratory, Shenzhen, China"", ""institution"": ""Peng Cheng Laboratory"", ""country"": ""China""}, {""raw_affiliation_text"": ""Baidu, International Technology (Shenzhen) Co., Ltd."", ""institution"": ""Baidu, International Technology"", ""country"": null}]"
2020.emnlp-main.112,,,,2020.emnlp-main.112,done,The Chinese University of Hong Kong (Shenzhen) | Shenzhen Research Institute of Big Data,"# Generating Radiology Reports via Memory-driven Transformer

Zhihong Chen\*, Yan Song\*, Tsung-Hui Chang\*, Xiang Wan

$\spadesuit$ The Chinese University of Hong Kong (Shenzhen)

Shenzhen Research Institute of Big Data

$\spadesuit$ zhihongchen@link.cuhk.edu.cn

$\spadesuit$ {songyan, changtsunghui}@cuhk.edu.cn

$^{\text{念}}$ wanxiang@sribd.cn",false,,,,"[{""raw_affiliation_text"": ""The Chinese University of Hong Kong (Shenzhen)"", ""institution"": ""The Chinese University of Hong Kong (Shenzhen)"", ""country"": null}, {""raw_affiliation_text"": ""Shenzhen Research Institute of Big Data"", ""institution"": ""Shenzhen Research Institute of Big Data"", ""country"": null}]"
2020.emnlp-main.113,,,,2020.emnlp-main.113,done,Georgia Institute of Technology,"# Planning and Generating Natural and Diverse Disfluent Texts as Augmentation for Disfluency Detection

Jingfeng Yang, Diyi Yang, Zhaoran Ma

Georgia Institute of Technology

{jyang690，makima，dyang888}@gatech.edu",false,,,,"[{""raw_affiliation_text"": ""Georgia Institute of Technology"", ""institution"": ""Georgia Institute of Technology"", ""country"": null}]"
2020.emnlp-main.114,,,,2020.emnlp-main.114,done,Tsinghua University | Alibaba Group | Indiana University Bloomington,"# Predicting Clinical Trial Results by Implicit Evidence Integration

Qiao Jin $^{1*}$ , Chuanqi Tan $^{2}$ , Mosha Chen $^{2}$ , Xiaozhong Liu $^{3}$ , Songfang Huang $^{2}$

$^{1}$ School of Medicine, Tsinghua University

2Alibaba Group

<sup>3</sup>Indiana University Bloomington

jqal4@mails.tsinghua.edu.cn

{chuanqi.tcq,chenmosha.cms,songfang.hsf}@alibaba-inc.com

liu237@indiana.edu",false,,,,"[{""raw_affiliation_text"": ""School of Medicine, Tsinghua University"", ""institution"": ""Tsinghua University"", ""country"": null}, {""raw_affiliation_text"": ""Alibaba Group"", ""institution"": ""Alibaba Group"", ""country"": null}, {""raw_affiliation_text"": ""Indiana University Bloomington"", ""institution"": ""Indiana University Bloomington"", ""country"": null}]"
2020.emnlp-main.115,,,,2020.emnlp-main.115,done,Unity Health Toronto | University of Toronto | Vector Institute for Artificial Intelligence | Surgical Safety Technologies,"# Explainable Clinical Decision Support from Text

Jinyue Feng

Unity Health Toronto, Toronto ON

jinyue@cs.toronto.edu

Chantal Shaib

Unity Health Toronto, Toronto ON

chantal.shaib@unityhealth.to

# Frank Rudzicz

Unity Health Toronto, Toronto ON

Department of Computer Science, University of Toronto, Toronto ON

Vector Institute for Artificial Intelligence, Toronto ON

Surgical Safety Technologies, Toronto ON

frank@cs.toronto.edu",false,,,,"[{""raw_affiliation_text"": ""Unity Health Toronto, Toronto ON"", ""institution"": ""Unity Health Toronto"", ""country"": null}, {""raw_affiliation_text"": ""Department of Computer Science, University of Toronto, Toronto ON"", ""institution"": ""University of Toronto"", ""country"": null}, {""raw_affiliation_text"": ""Vector Institute for Artificial Intelligence, Toronto ON"", ""institution"": ""Vector Institute for Artificial Intelligence"", ""country"": null}, {""raw_affiliation_text"": ""Surgical Safety Technologies, Toronto ON"", ""institution"": ""Surgical Safety Technologies"", ""country"": null}]"
2020.emnlp-main.116,,,,2020.emnlp-main.116,done,"Beijing Jiaotong University | Institute of Automation, CAS | University of Chinese Academy of Sciences | CAS Center for Excellence in Brain Science and Intelligence Technology | Beijing Fanyu Technology Co., Ltd","# A Knowledge-driven Generative Model for Multi-implication Chinese Medical Procedure Entity Normalization

Jinghui Yan $^{1*}$ , Yining Wang $^{2,3}$ , Lu Xiang $^{2,3}$ , Yu Zhou $^{2,3,5}$ , Chengqing Zong $^{2,3,4}$

$^{1}$ School of Computer Science and Information Technology & Beijing Key Lab of Traffic Data Analysis and Mining, Beijing Jiaotong University, Beijing, China

$^{2}$ National Laboratory of Pattern Recognition, Institute of Automation, CAS, Beijing, China

<sup>3</sup>University of Chinese Academy of Sciences, Beijing, China

$^{4}$ CAS Center for Excellence in Brain Science and Intelligence Technology, Beijing, China $^{5}$ Beijing Fanyu Technology Co., Ltd

jh_yan@bjtu.edu.cn

{yining.wang, lu.xiang, yzhou, cqzong}@nlpr.ia.ac.cn",false,,,,"[{""raw_affiliation_text"": ""School of Computer Science and Information Technology & Beijing Key Lab of Traffic Data Analysis and Mining, Beijing Jiaotong University, Beijing, China"", ""institution"": ""Beijing Jiaotong University"", ""country"": ""China""}, {""raw_affiliation_text"": ""National Laboratory of Pattern Recognition, Institute of Automation, CAS, Beijing, China"", ""institution"": ""Institute of Automation, CAS"", ""country"": ""China""}, {""raw_affiliation_text"": ""University of Chinese Academy of Sciences, Beijing, China"", ""institution"": ""University of Chinese Academy of Sciences"", ""country"": ""China""}, {""raw_affiliation_text"": ""CAS Center for Excellence in Brain Science and Intelligence Technology, Beijing, China"", ""institution"": ""CAS Center for Excellence in Brain Science and Intelligence Technology"", ""country"": ""China""}, {""raw_affiliation_text"": ""Beijing Fanyu Technology Co., Ltd"", ""institution"": ""Beijing Fanyu Technology Co., Ltd"", ""country"": null}]"
2020.emnlp-main.117,,,,2020.emnlp-main.117,done,Stanford University,"# CheXbert: Combining Automatic Labelers and Expert Annotations for Accurate Radiology Report Labeling Using BERT

Akshay Smit *  
Stanford University  
akshaysm@stanford.edu

Saahil Jain\* Stanford University saahil.jain@stanford.edu

Pranav Rajpurkar*  
Stanford University  
pranavsr@cs.stanford.edu

Anuj Parek  
Stanford University

Andrew Y. Ng  
Stanford University

Matthew P. Lungren  
Stanford University",false,,,,"[{""raw_affiliation_text"": ""Stanford University"", ""institution"": ""Stanford University"", ""country"": null}]"
2020.emnlp-main.118,,,,2020.emnlp-main.118,done,Xi'an Jiaotong University | Beihang University | Microsoft Research | Peking University | Stevens Institute of Technology,"# Benchmarking Meaning Representations in Neural Semantic Parsing

Jiaqi Guo $^{1*}$ , Qian Liu $^{2*}$ , Jian-Guang Lou $^{3}$ , Zhenwen Li $^{4}$ , Xueqing Liu $^{5}$ , Tao Xie $^{4}$ , Ting Liu $^{1}$

$^{1}$ Xi'an Jiaotong University, Xi'an, China $^{2}$ Beihang University, Beijing, China

<sup>3</sup>Microsoft Research, Beijing, China <sup>4</sup>Peking University, Beijing, China

Stevens Institute of Technology, Hoboken, New Jersey, USA

jasperguo2013@stu.xjtu.edu.cn, qian.liu@buaa.edu.cn

jlou@microsoft.com, {lizhenwen, taoxie}@pku.edu.cn

xueqing.liu@stevens.edu, tingliu@mail.xjtu.edu.cn",false,,,,"[{""raw_affiliation_text"": ""Xi'an Jiaotong University, Xi'an, China"", ""institution"": ""Xi'an Jiaotong University"", ""country"": ""China""}, {""raw_affiliation_text"": ""Beihang University, Beijing, China"", ""institution"": ""Beihang University"", ""country"": ""China""}, {""raw_affiliation_text"": ""Microsoft Research, Beijing, China"", ""institution"": ""Microsoft Research"", ""country"": ""China""}, {""raw_affiliation_text"": ""Peking University, Beijing, China"", ""institution"": ""Peking University"", ""country"": ""China""}, {""raw_affiliation_text"": ""Stevens Institute of Technology, Hoboken, New Jersey, USA"", ""institution"": ""Stevens Institute of Technology"", ""country"": ""USA""}]"
2020.emnlp-main.119,,,,2020.emnlp-main.119,done,HKUST | U Penn,"# Analogous Process Structure Induction for Sub-event Sequence Prediction

Hongming Zhang $^{1*}$ , Muhao Chen $^{2}$ , Haoyu Wang $^{2}$ , Yangqiu Song $^{1}$ , & Dan Roth $^{2}$

$^{1}$ Department of Computer Science and Engineering, HKUST

$^{2}$ Department of Computer and Information Science, UPenn

{hzhangal, yqsong}@cse.ust.hk

{why16gz1, muhao, danroth}@seas.upenn.edu",false,,,,"[{""raw_affiliation_text"": ""Department of Computer Science and Engineering, HKUST"", ""institution"": ""HKUST"", ""country"": null}, {""raw_affiliation_text"": ""Department of Computer and Information Science, UPenn"", ""institution"": ""U Penn"", ""country"": null}]"
2020.emnlp-main.12,,,,2020.emnlp-main.12,done,Allen Institute for AI,"# More Bang for Your Buck: Natural Perturbation for Robust Question Answering

Daniel Khashabi and Tushar Khot and Ashish Sabharwal

Allen Institute for AI, Seattle, WA, U.S.A.

{danielk,tushark,ashishs}@allenai.org",false,,,,"[{""raw_affiliation_text"": ""Allen Institute for AI, Seattle, WA, U.S.A."", ""institution"": ""Allen Institute for AI"", ""country"": ""USA""}]"
2020.emnlp-main.120,,,,2020.emnlp-main.120,done,Samsung Research | Stanford University,"# SLM: Learning a Discourse Language Representation with Sentence Unshuffling

Haejun Lee $^{\text{♥}}$ Drew A. Hudson $^{\text{♣}}$ Kangwook Lee $^{\text{♥}}$ Christopher D. Manning $^{\text{♣}}$

Samsung Research Stanford University

{haejun82.lee, kw.brian.lee}@samsung.com

{dorarad, manning}@cs.stanford.edu",false,,,,"[{""raw_affiliation_text"": ""Samsung Research"", ""institution"": ""Samsung Research"", ""country"": null}, {""raw_affiliation_text"": ""Stanford University"", ""institution"": ""Stanford University"", ""country"": null}]"
2020.emnlp-main.121,,,,2020.emnlp-main.121,done,University of Maryland,"# Detecting Fine-Grained Cross-Lingual Semantic Divergences without Supervision by Learning to Rank

Eleftheria Briakou and Marine Carpuat

Department of Computer Science

University of Maryland

College Park, MD 20742, USA

ebriakou@cs.umd.edu, marine@cs.umd.edu",false,,,,"[{""raw_affiliation_text"": ""Department of Computer Science University of Maryland College Park, MD 20742, USA"", ""institution"": ""University of Maryland"", ""country"": ""USA""}]"
2020.emnlp-main.122,,,,2020.emnlp-main.122,done,Carnegie Mellon University | University of California San Diego,"# A Bilingual Generative Transformer for Semantic Sentence Embedding

John Wieting<sup>1</sup>, Graham Neubig<sup>1</sup>, and Taylor Berg-Kirkpatrick<sup>2</sup>

$^{1}$ Carnegie Mellon University, Pittsburgh, PA, 15213, USA

$^{2}$ University of California San Diego, San Diego, CA, 92093, USA

{jwieting,gneubig}@cs.cmu.edu,tberg@eng.ucsd.edu",false,,,,"[{""raw_affiliation_text"": ""Carnegie Mellon University, Pittsburgh, PA, 15213, USA"", ""institution"": ""Carnegie Mellon University"", ""country"": ""USA""}, {""raw_affiliation_text"": ""University of California San Diego, San Diego, CA, 92093, USA"", ""institution"": ""University of California San Diego"", ""country"": ""USA""}]"
2020.emnlp-main.123,,,,2020.emnlp-main.123,done,Interinstitutional Center for Computational Linguistics | Institute of Mathematics and Computer Science | University of São Paulo,"# Semantically Inspired AMR Alignment for the Portuguese Language

# Rafael Torres Anchiêta and Thiago Alexandre Salgueiro Pardo

Interinstitutional Center for Computational Linguistics (NILC)

Institute of Mathematics and Computer Science (ICMC)

University of São Paulo (USP), São Carlos, SP, Brazil

rta@ifpi.edu.br, tspardo@icmc.usp.br",false,,,,"[{""raw_affiliation_text"": ""Interinstitutional Center for Computational Linguistics (NILC)"", ""institution"": ""Interinstitutional Center for Computational Linguistics"", ""country"": null}, {""raw_affiliation_text"": ""Institute of Mathematics and Computer Science (ICMC)"", ""institution"": ""Institute of Mathematics and Computer Science"", ""country"": null}, {""raw_affiliation_text"": ""University of São Paulo (USP), São Carlos, SP, Brazil"", ""institution"": ""University of São Paulo"", ""country"": ""Brazil""}]"
2020.emnlp-main.124,,,,2020.emnlp-main.124,done,"Singapore University of Technology and Design | DAMO Academy, Alibaba Group | ZJU-UIUC Institute","# An Unsupervised Sentence Embedding Method by Mutual Information Maximization

Yan Zhang $^{1,2}$ Ruidan He $^{*2}$ Zuozhu Liu $^{\dagger 3}$ Kwan Hui Lim $^{1}$ Lidong Bing $^{2}$

$^{1}$ Singapore University of Technology and Design

$^{2}$ DAMO Academy, Alibaba Group

$^{3}$ ZJU-UIUC Institue

yan_zhang@mymail.sutd.edu.sg, ruidan.he@alibaba-inc.com

zuozhuliu@intl.zju.edu.cn, kwanhui_lim@sutd.edu.sg

l.bing@alibaba-inc.com",false,,,,"[{""raw_affiliation_text"": ""Singapore University of Technology and Design"", ""institution"": ""Singapore University of Technology and Design"", ""country"": null}, {""raw_affiliation_text"": ""DAMO Academy, Alibaba Group"", ""institution"": ""DAMO Academy, Alibaba Group"", ""country"": null}, {""raw_affiliation_text"": ""ZJU-UIUC Institute"", ""institution"": ""ZJU-UIUC Institute"", ""country"": null}]"
2020.emnlp-main.125,,,,2020.emnlp-main.125,done,Osaka University | AIST | University of Manchester,"# Compositional Phrase Alignment and Beyond

Yuki Arase $^{1\star}$ and Junichi Tsujii $^{2\star}$

$^{1}$ Osaka University, Japan

$^{\star}$ Artificial Intelligence Research Center (AIRC), AIST, Japan

$^{2}$ NaCTeM, School of Computer Science, University of Manchester, UK

arase@ist.osaka-u.ac.jp, j-tsujii@aist.go.jp",false,,,,"[{""raw_affiliation_text"": ""Osaka University, Japan"", ""institution"": ""Osaka University"", ""country"": ""Japan""}, {""raw_affiliation_text"": ""Artificial Intelligence Research Center (AIRC), AIST, Japan"", ""institution"": ""AIST"", ""country"": ""Japan""}, {""raw_affiliation_text"": ""NaCTeM, School of Computer Science, University of Manchester, UK"", ""institution"": ""University of Manchester"", ""country"": ""UK""}]"
2020.emnlp-main.126,,,,2020.emnlp-main.126,done,Meituan Dianping Group | Harbin Institute of Technology,"# Table Fact Verification with Structure-Aware Transformer*

Hongzhi Zhang†, Yingyao Wang‡, Sirui Wang†, Xuezhi Cao†, Fuzheng Zhang†, Zhongyuan Wang†

† Meituan Dianping Group, Beijing, China

Harbin Institute of Technology, China

{zhanghongzhi03, wangsirui, caoxuezhi, zhangfuzheng}@meituan.com

yywang@hit-mtlab.net, wzhy@outlook.com",false,,,,"[{""raw_affiliation_text"": ""Meituan Dianping Group, Beijing, China"", ""institution"": ""Meituan Dianping Group"", ""country"": ""China""}, {""raw_affiliation_text"": ""Harbin Institute of Technology, China"", ""institution"": ""Harbin Institute of Technology"", ""country"": ""China""}]"
2020.emnlp-main.127,,,,2020.emnlp-main.127,done,Peking University | Byte Dance AI Lab,"# Double Graph Based Reasoning for Document-level Relation Extraction

Shuang Zeng $^{1,2*}$ , Runxin Xu $^{1*}$ , Baobao Chang $^{1,2\dagger}$ and Lei Li $^{3}$

<sup>1</sup>Key Laboratory of Computational Linguistics, Peking University, MOE, China

$^{2}$ School of Software and Microelectronics, Peking University, China

3ByteDance AI Lab

{zengs,chbb}@pku.edu.cn runxinxu@gmail.com lileilab@bytedance.com",false,,,,"[{""raw_affiliation_text"": ""Key Laboratory of Computational Linguistics, Peking University, MOE, China"", ""institution"": ""Peking University"", ""country"": ""China""}, {""raw_affiliation_text"": ""ByteDance AI Lab"", ""institution"": ""Byte Dance AI Lab"", ""country"": null}]"
2020.emnlp-main.128,,,,2020.emnlp-main.128,done,Institute of Automation Chinese Academy of Sciences | University of Chinese Academy of Sciences | Beijing Jiaotong University | Tencent AI Lab,"# Event Extraction as Machine Reading Comprehension

Jian Liu $^{1,2,3}$ , Yubo Chen $^{1,2}$ , Kang Liu $^{1,2}$ , Wei Bi $^{4}$ , Xiaojiang Liu $^{4}$

$^{1}$ National Laboratory of Pattern Recognition, Institute of Automation Chinese Academy of Sciences, Beijing, 100190, China

2 University of Chinese Academy of Sciences   
$^{3}$ Beijing Jiaotong University, 100044, China   
4 Tencent AI Lab, Shenzhen, 518000, China

{jian.liu, yubo.chen, kliu}@nlpr.ia.ac.cn

{victoriabi, kieranliu}@tencent.com",false,,,,"[{""raw_affiliation_text"": ""National Laboratory of Pattern Recognition, Institute of Automation Chinese Academy of Sciences, Beijing, 100190, China"", ""institution"": ""Institute of Automation Chinese Academy of Sciences"", ""country"": ""China""}, {""raw_affiliation_text"": ""University of Chinese Academy of Sciences"", ""institution"": ""University of Chinese Academy of Sciences"", ""country"": null}, {""raw_affiliation_text"": ""Beijing Jiaotong University, 100044, China"", ""institution"": ""Beijing Jiaotong University"", ""country"": ""China""}, {""raw_affiliation_text"": ""Tencent AI Lab, Shenzhen, 518000, China"", ""institution"": ""Tencent AI Lab"", ""country"": ""China""}]"
2020.emnlp-main.129,,,,2020.emnlp-main.129,done,Tsinghua University | Tencent Inc,"# MAVEN: A Massive General Domain Event Detection Dataset

Xiaozhi Wang $^{1}$ , Ziqi Wang $^{1}$ , Xu Han $^{1}$ , Wangyi Jiang $^{1}$ , Rong Han $^{1}$ , Zhiyuan Liu $^{1,2*}$ , Juanzi Li $^{1,2}$ , Peng Li $^{3}$ , Yankai Lin $^{3}$ , Jie Zhou $^{3}$

$^{1}$ Department of Computer Science and Technology, BNRist;

$^{2}$ KIRC, Institute for Artificial Intelligence,

Tsinghua University, Beijing, 100084, China

$^{3}$ Pattern Recognition Center, WeChat AI, Tencent Inc, China

{wangxz20, ziqi-wan16, hanxu17}@mails.tsinghua.edu.cn",false,,,,"[{""raw_affiliation_text"": ""Department of Computer Science and Technology, BNRist; KIRC, Institute for Artificial Intelligence, Tsinghua University, Beijing, 100084, China"", ""institution"": ""Tsinghua University"", ""country"": ""China""}, {""raw_affiliation_text"": ""Pattern Recognition Center, WeChat AI, Tencent Inc, China"", ""institution"": ""Tencent Inc"", ""country"": ""China""}]"
2020.emnlp-main.13,,,,2020.emnlp-main.13,done,Technische Universität Darmstadt,"# A Matter of Framing: The Impact of Linguistic Formalism on Probing Results

Ilia Kuznetsov and Iryna Gurevych  
Ubiquitous Knowledge Processing Lab (UKP-TUDA)  
Department of Computer Science, Technische Universität Darmstadt  
http://www.ukp.tu-darmstadt.de/",false,,,,"[{""raw_affiliation_text"": ""Department of Computer Science, Technische Universität Darmstadt"", ""institution"": ""Technische Universität Darmstadt"", ""country"": null}]"
2020.emnlp-main.130,,,,2020.emnlp-main.130,done,Beijing Normal University | Ministry of Education,"# Knowledge Graph Alignment with Entity-Pair Embedding

Zhichun Wang, Jinjian Yang, Xiaoju Ye

School of Artificial Intelligence, Beijing Normal University, Beijing, China  
Engineering Research Center of Intelligent Technology and Educational Application, Ministry of Education, Beijing, China

zcwang@bnu.edu.cn {tecyyang,mryx}@mail.bnu.edu.cn",false,,,,"[{""raw_affiliation_text"": ""School of Artificial Intelligence, Beijing Normal University, Beijing, China"", ""institution"": ""Beijing Normal University"", ""country"": ""China""}, {""raw_affiliation_text"": ""Engineering Research Center of Intelligent Technology and Educational Application, Ministry of Education, Beijing, China"", ""institution"": ""Ministry of Education"", ""country"": ""China""}]"
2020.emnlp-main.131,,,,2020.emnlp-main.131,done,Chinese Academy of Sciences | University of Chinese Academy of Sciences | National Computer Network Emergency Response Technical Team/Coordination Center of China | Beihang University,"# Adaptive Attentional Network for Few-Shot Knowledge Graph Completion

Jiawei Sheng $^{1,2}$ , Shu Guo $^{3}$ , Zhenyu Chen $^{4}$ , Juwei Yue $^{4}$ , Lihong Wang $^{3*}$ , Tingwen Liu $^{1,2}$ and Hongbo Xu $^{1,2}$

$^{1}$ Institute of Information Engineering, Chinese Academy of Sciences, Beijing, China   
School of Cyber Security, University of Chinese Academy of Sciences, Beijing, China

$^{3}$ National Computer Network Emergency Response Technical Team/Coordination Center of China

<sup>4</sup> Beijing Advanced Innovation Center of Big Data and Brain Computing, Beihang University shengjiawei@iei.ac.cn, guoshu@cert.org.cn, wlh@isc.org.cn",false,,,,"[{""raw_affiliation_text"": ""Institute of Information Engineering, Chinese Academy of Sciences, Beijing, China"", ""institution"": ""Chinese Academy of Sciences"", ""country"": ""China""}, {""raw_affiliation_text"": ""School of Cyber Security, University of Chinese Academy of Sciences, Beijing, China"", ""institution"": ""University of Chinese Academy of Sciences"", ""country"": ""China""}, {""raw_affiliation_text"": ""National Computer Network Emergency Response Technical Team/Coordination Center of China"", ""institution"": ""National Computer Network Emergency Response Technical Team/Coordination Center of China"", ""country"": null}, {""raw_affiliation_text"": ""Beijing Advanced Innovation Center of Big Data and Brain Computing, Beihang University"", ""institution"": ""Beihang University"", ""country"": null}]"
2020.emnlp-main.132,,,,2020.emnlp-main.132,done,Shanghai Jiao Tong University | East China Normal University | Ping An Technology (Shenzhen) Co. Ltd.,"# Pre-training Entity Relation Encoder with Intra-span and Inter-span Information

Yijun Wang $^{1,2}$ , Changzhi Sun $^{3}$ , Yuanbin Wu $^{3}$ , Junchi Yan $^{1,2}$ , Peng Gao $^{4}$ , and Guotong Xie $^{4}$

$^{1}$ Department of Computer Science and Engineering, Shanghai Jiao Tong University

$^{2}$ MoE Key Lab of Artificial Intelligence, AI Institute, Shanghai Jiao Tong University

$^{3}$ School of Computer Science and Technology, East China Normal University $^{4}$ Ping An Technology (Shenzhen) Co. Ltd. Shenzhen, China

{yijunwang.cs, czsun.cs}@gmail.com ybwu@cs.ecnu.edu.cn

yanjunchi@sjtu.edu.cn{gaopeng712,xieguotongg}@pingan.com.cn",false,,,,"[{""raw_affiliation_text"": ""Department of Computer Science and Engineering, Shanghai Jiao Tong University"", ""institution"": ""Shanghai Jiao Tong University"", ""country"": null}, {""raw_affiliation_text"": ""School of Computer Science and Technology, East China Normal University"", ""institution"": ""East China Normal University"", ""country"": null}, {""raw_affiliation_text"": ""Ping An Technology (Shenzhen) Co. Ltd. Shenzhen, China"", ""institution"": ""Ping An Technology (Shenzhen) Co. Ltd."", ""country"": ""China""}]"
2020.emnlp-main.133,,,,2020.emnlp-main.133,done,Zhejiang University | Singapore University of Technology and Design,"# Two are Better than One: Joint Entity and Relation Extraction with Table-Sequence Encoders

Jue Wang<sup>1</sup> and Wei Lu<sup>2</sup>

<sup>1</sup>College of Computer Science and Technology, Zhejiang University

$^{2}$ StatNLP Research Group, Singapore University of Technology and Design

zjuwangjue@zju.edu.cn, luwei@sutd.edu.sg",false,,,,"[{""raw_affiliation_text"": ""College of Computer Science and Technology, Zhejiang University"", ""institution"": ""Zhejiang University"", ""country"": null}, {""raw_affiliation_text"": ""StatNLP Research Group, Singapore University of Technology and Design"", ""institution"": ""Singapore University of Technology and Design"", ""country"": null}]"
2020.emnlp-main.134,,,,2020.emnlp-main.134,done,AWS AI,"# Beyond [CLS] through Ranking by Generation

Cicero Nogueira dos Santos, Xiaofei Ma, Ramesh Nallapati, Zhiheng Huang and Bing Xiang

AWS AI

New York City, NY

{cicnog, xiaofeim, rnallapa, zhiheng, bxiang}@amazon.com",false,,,,"[{""raw_affiliation_text"": ""AWS AI, New York City, NY"", ""institution"": ""AWS AI"", ""country"": null}]"
2020.emnlp-main.135,,,,2020.emnlp-main.135,done,Johns Hopkins University,"# Tired of Topic Models? Clusters of Pretrained Word Embeddings Make for Fast and Good Topics too!

Suzanna Sia Ayush Dalmia Sabrina J. Mielke

Department of Computer Science

Johns Hopkins University

Baltimore, MD, USA

ssia1@jhu.edu,adalmia1@jhu.edu,sjmielke@jhu.edu",false,,,,"[{""raw_affiliation_text"": ""Department of Computer Science Johns Hopkins University Baltimore, MD, USA"", ""institution"": ""Johns Hopkins University"", ""country"": ""USA""}]"
2020.emnlp-main.136,,,,2020.emnlp-main.136,done,University of Illinois at Urbana-Champaign | University of Southern California,"# Multi-document Summarization with Maximal Marginal Relevance-guided Reinforcement Learning

Yuning Mao $^{1}$ , Yanru Qu $^{1}$ , Yiqing Xie $^{1}$ , Xiang Ren $^{2}$ , Jiawei Han $^{1}$

<sup>1</sup>University of Illinois at Urbana-Champaign, IL, USA

$^{2}$ University of Southern California, CA, USA

$^{1}\{\text {yuningm2, yanruqu2, xyiqing2, hanj}\} @$ illinois.edu $^{2}$ xiangren@usc.edu",false,,,,"[{""raw_affiliation_text"": ""University of Illinois at Urbana-Champaign, IL, USA"", ""institution"": ""University of Illinois at Urbana-Champaign"", ""country"": ""USA""}, {""raw_affiliation_text"": ""University of Southern California, CA, USA"", ""institution"": ""University of Southern California"", ""country"": ""USA""}]"
2020.emnlp-main.137,,,,2020.emnlp-main.137,done,University of Maryland,"# Improving Neural Topic Models using Knowledge Distillation

Alexander Hoyle* Computer Science University of Maryland College Park, MD hoyle@umd.edu

Pranav Goel* Computer Science University of Maryland College Park, MD pgoel1@umd.edu

Philip Resnik  
Linguistics / UMIACS  
University of Maryland  
College Park, MD  
resnik@umd.edu",false,,,,"[{""raw_affiliation_text"": ""Computer Science University of Maryland College Park, MD"", ""institution"": ""University of Maryland"", ""country"": null}]"
2020.emnlp-main.138,,,,2020.emnlp-main.138,done,Tsinghua University | Southwest Jiaotong University | Imperial College London,"# Short Text Topic Modeling with Topic Distribution Quantization and Negative Sampling Decoder

Xiaobao Wu<sup>1</sup> Chunping Li<sup>1</sup> Yan Zhu<sup>2</sup> Yishu Miao<sup>3</sup>

$^{1}$ Tsinghua University $^{2}$ Southwest Jiaotong University $^{3}$ Imperial College London

wxb18@mails.tsinghua.edu.cn，cli@mail.tsinghua.edu.cn

yzhu@swjtu.edu.cn, y.miao20@imperial.ac.uk",false,,,,"[{""raw_affiliation_text"": ""Tsinghua University"", ""institution"": ""Tsinghua University"", ""country"": null}, {""raw_affiliation_text"": ""Southwest Jiaotong University"", ""institution"": ""Southwest Jiaotong University"", ""country"": null}, {""raw_affiliation_text"": ""Imperial College London"", ""institution"": ""Imperial College London"", ""country"": null}]"
2020.emnlp-main.139,,,,2020.emnlp-main.139,done,Stony Brook University,"# Querying Across Genres for Medical Claims in News

Chaoyuan Zuo, Narayan Acharya, and Ritwik Banerjee

Computer Science, Stony Brook University

{chzuo, nacharya, rbanerjee}@cs.stonybrook.edu",false,,,,"[{""raw_affiliation_text"": ""Computer Science, Stony Brook University"", ""institution"": ""Stony Brook University"", ""country"": null}]"
2020.emnlp-main.14,,,,2020.emnlp-main.14,done,University of Edinburgh | University of Amsterdam,"# Information-Theoretic Probing with Minimum Description Length

Elena Voita<sup>1,2</sup>

Ivan Titov $^{1,2}$

<sup>1</sup>University of Edinburgh, Scotland

$^{2}$ University of Amsterdam, Netherlands

lena-voita@hotmail.com ititov@inf.ed.ac.uk",false,,,,"[{""raw_affiliation_text"": ""University of Edinburgh, Scotland"", ""institution"": ""University of Edinburgh"", ""country"": ""Scotland""}, {""raw_affiliation_text"": ""University of Amsterdam, Netherlands"", ""institution"": ""University of Amsterdam"", ""country"": ""Netherlands""}]"
2020.emnlp-main.140,,,,2020.emnlp-main.140,done,Carnegie Mellon University,"# Incorporating Multimodal Information in Open-Domain Web Keyphrase Extraction

Yansen Wang*, Zhen Fan*, Carolyn P. Rosé

Language Technologies Institute, Carnegie Mellon University

5000 Forbes Avenue, Pittsburgh PA, 15213

{yansenwa, zhenfan, cp3a}@andrew.cmu.edu",false,,,,"[{""raw_affiliation_text"": ""Language Technologies Institute, Carnegie Mellon University"", ""institution"": ""Carnegie Mellon University"", ""country"": null}]"
2020.emnlp-main.141,,,,2020.emnlp-main.141,done,CMU | Singapore University of Technology and Design,"# CMU-MOSEAS: A Multimodal Language Dataset for Spanish, Portuguese, German and French

Amir Zadeh $^{1}$ , Yan Sheng Cao $^{2}$ , Simon Hessner $^{1}$ , Paul Pu Liang $^{3}$ , Soujanya Poria $^{4}$ , Louis-Philippe Morency $^{1}$

(1) LTI, SCS, CMU, (2) SCS, CMU, (3) MLD, SCS, CMU

(4) Singapore University of Technology and Design

{abagherz, yanshenc, shessner, pliang, morency}@cs.cmu.edu  
sporia@sutd.edu.sg

Access link: https://bit.ly/2Svbg9f

![](images/52ec0a8939f725fb3b840fe9c4b76f6c0f6120dda969092c552ec97e6658a824.jpg)  
Figure 1: Overview of in-the-wild monologue videos and sentence utterances in the CMU-MOSEAS dataset. Each sentence is annotated for 20 labels including sentiment, subjectivity, emotions and attributes. ""L"" denotes Likert (intensity) and ""B"" denotes Binary for the type of the labels. The example above is a Portuguese video.",false,,,,"[{""raw_affiliation_text"": ""LTI, SCS, CMU"", ""institution"": ""CMU"", ""country"": null}, {""raw_affiliation_text"": ""Singapore University of Technology and Design"", ""institution"": ""Singapore University of Technology and Design"", ""country"": ""Singapore""}]"
2020.emnlp-main.142,,,,2020.emnlp-main.142,done,Harbin Institute of Technology,"# Combining Self-Training and Self-Supervised Learning for Unsupervised Disfluency Detection

Shaolei Wang, Zhongyuan Wang, Wanxiang Che*, Ting Liu  
Research Center for Social Computing and Information Retrieval, Harbin Institute of Technology, Harbin, China  
{slwang, zywang, car, tliu}@ir.hit.edu.cn",false,,,,"[{""raw_affiliation_text"": ""Research Center for Social Computing and Information Retrieval, Harbin Institute of Technology, Harbin, China"", ""institution"": ""Harbin Institute of Technology"", ""country"": ""China""}]"
2020.emnlp-main.143,,,,2020.emnlp-main.143,done,Carnegie Mellon University,"# Multimodal Routing: Improving Local and Global Interpretability of Multimodal Language Analysis

Yao-Hung Hubert Tsai*, Martin Q. Ma*, Muqiao Yang*, Ruslan Salakhutdinov, Louis-Philippe Morency

Carnegie Mellon University, Pittsburgh, PA, USA

{yaohungt, qianlim, muqiaoy, rsalakhu, lmorency}@cs.cmu.edu",false,,,,"[{""raw_affiliation_text"": ""Carnegie Mellon University, Pittsburgh, PA, USA"", ""institution"": ""Carnegie Mellon University"", ""country"": ""USA""}]"
2020.emnlp-main.144,,,,2020.emnlp-main.144,done,Chinese Academy of Sciences | University of Chinese Academy of Sciences,"# Multistage Fusion with Forget Gate for Multimodal Summarization in Open-Domain Videos

Nayu Liu $^{1,2}$ , Xian Sun $^{1,2,*}$ , Hongfeng Yu $^{1}$ , Wenkai Zhang $^{1}$ , Guangluan Xu $^{1}$

<sup>1</sup>Key Laboratory of Network Information System Technology, Aerospace Information Research Institute, Chinese Academy of Sciences

$^{2}$ School of Electronic, Electrical and Communication Engineering, University of Chinese Academy of Sciences

liunayu18@mails.ucas.ac.cn,sunxian@mail.ie.ac.cn",false,,,,"[{""raw_affiliation_text"": ""Key Laboratory of Network Information System Technology, Aerospace Information Research Institute, Chinese Academy of Sciences"", ""institution"": ""Chinese Academy of Sciences"", ""country"": null}, {""raw_affiliation_text"": ""School of Electronic, Electrical and Communication Engineering, University of Chinese Academy of Sciences"", ""institution"": ""University of Chinese Academy of Sciences"", ""country"": null}]"
2020.emnlp-main.145,,,,2020.emnlp-main.145,done,"Singapore Management University | Salesforce Research Asia | Institute for Infocomm Research, A*STAR","# BiST: Bi-directional Spatio-Temporal Reasoning for Video-Grounded Dialogues

Hung Le†§*, Doyen Sahoo†, Nancy F. Chen§, Steven C.H. Hoi†‡

† Singapore Management University

hungle.2018@smu.edu.sg

Salesforce Research Asia

{dsahoo, shoi}@salesforce.com

$^{\S}$ Institute for Infocomm Research, A*STAR

nfychen@i2r.a-star.edu.sg",false,,,,"[{""raw_affiliation_text"": ""Singapore Management University"", ""institution"": ""Singapore Management University"", ""country"": null}, {""raw_affiliation_text"": ""Salesforce Research Asia"", ""institution"": ""Salesforce Research Asia"", ""country"": null}, {""raw_affiliation_text"": ""Institute for Infocomm Research, A*STAR"", ""institution"": ""Institute for Infocomm Research, A*STAR"", ""country"": null}]"
2020.emnlp-main.146,,,,2020.emnlp-main.146,done,"Singapore Management University | Salesforce Research Asia | Institute for Infocomm Research, A*STAR","# UniConv: A Unified Conversational Neural Architecture for Multi-domain Task-oriented Dialogues

Hung Le†§, Doyen Sahoo†, Chenghao Liu†, Nancy F. Chen§, Steven C.H. Ho†‡

† Singapore Management University  
{hungle.2018, chliu}@smu.edu.sg  
‡ Salesforce Research Asia  
{dsahoo, shoi}@salesforce.com  
§Institute for Infocomm Research, A*STAR  
nfychen@i2r.a-star.edu.sg",false,,,,"[{""raw_affiliation_text"": ""Singapore Management University"", ""institution"": ""Singapore Management University"", ""country"": null}, {""raw_affiliation_text"": ""Salesforce Research Asia"", ""institution"": ""Salesforce Research Asia"", ""country"": null}, {""raw_affiliation_text"": ""Institute for Infocomm Research, A*STAR"", ""institution"": ""Institute for Infocomm Research, A*STAR"", ""country"": null}]"
2020.emnlp-main.147,,,,2020.emnlp-main.147,done,The University of Melbourne,"# GraphDialog: Integrating Graph Knowledge into End-to-End Task-Oriented Dialogue Systems

Shiquan Yang, Rui Zhang*, Sarah Erfani

The University of Melbourne, Australia

{shiquan@student., rui.zhang@, sarah.erbani@}unimelb.edu.au",false,,,,"[{""raw_affiliation_text"": ""The University of Melbourne, Australia"", ""institution"": ""The University of Melbourne"", ""country"": ""Australia""}]"
2020.emnlp-main.148,,,,2020.emnlp-main.148,done,"UCLA Center for Vision, Cognition, Learning, and Autonomy | University of California, Davis | University of California, Los Angeles","# Structured Attention for Unsupervised Dialogue Structure Induction

Liang Qiu<sup>1</sup>, Yizhou Zhao<sup>1</sup>, Weiyan Shi<sup>2</sup>, Yuan Liang<sup>3</sup>, Feng Shi<sup>1</sup>, Tao Yuan<sup>1</sup>, Zhou Yu<sup>2</sup>, Song-Chun Zhu<sup>1</sup>

<sup>1</sup>UCLA Center for Vision, Cognition, Learning, and Autonomy

<sup>2</sup>University of California, Davis

<sup>3</sup>University of California, Los Angeles

{liangqiu,yizhouzhao,liangyuandg,shifeng,taoyuan}@ucla.edu

{wyshi,joyu}@ucdavis.edu

sczhu@stat.ucla.edu",false,,,,"[{""raw_affiliation_text"": ""UCLA Center for Vision, Cognition, Learning, and Autonomy"", ""institution"": ""UCLA Center for Vision, Cognition, Learning, and Autonomy"", ""country"": null}, {""raw_affiliation_text"": ""University of California, Davis"", ""institution"": ""University of California, Davis"", ""country"": null}, {""raw_affiliation_text"": ""University of California, Los Angeles"", ""institution"": ""University of California, Los Angeles"", ""country"": null}]"
2020.emnlp-main.149,,,,2020.emnlp-main.149,done,Harbin Institute of Technology | Alibaba Group | Indiana University Bloomington,"# Cross Copy Network for Dialogue Generation

Changzhen Ji $^{1}$ , Xin Zhou $^{2}$ , Yating Zhang $^{2}$ Xiaozhong Liu $^{3}$ , Changlong Sun $^{2}$ , Conghui Zhu $^{1}$ and Tiejun Zhao $^{1}$

<sup>1</sup>Harbin Institute of Technology, Harbin, China

2Alibaba Group, Hangzhou, China

<sup>3</sup>Indiana University Bloomington, USA

czji_hit@outlook.com, {eric.zx, ranran.zyt}@alibaba-inc.com

liu237@indiana.edu, changlong.scl@taobao.com, {conghui,tjzhao}@hit.edu.cn",false,,,,"[{""raw_affiliation_text"": ""Harbin Institute of Technology, Harbin, China"", ""institution"": ""Harbin Institute of Technology"", ""country"": ""China""}, {""raw_affiliation_text"": ""Alibaba Group, Hangzhou, China"", ""institution"": ""Alibaba Group"", ""country"": ""China""}, {""raw_affiliation_text"": ""Indiana University Bloomington, USA"", ""institution"": ""Indiana University Bloomington"", ""country"": ""USA""}]"
2020.emnlp-main.15,,,,2020.emnlp-main.15,done,Quebec Artificial Intelligence Institute (Mila) | University of Cambridge | Facebook AI Research | ETH Zürich,"# Intrinsic Probing through Dimension Selection

Lucas Torroba Hennigen

Adina Willia

![](images/1fc704326d2d528cec030f08ff385341664266c51da6e126a02e5e65ef6266be.jpg)

Ryan Cotterell

![](images/670147abada35d1d47fb35d6dc0ea5fe1df3d6e628f9f2a47232a61d40f0594d.jpg)

$\bullet$ Quebec Artificial Intelligence Institute (Mila)

University of Cambridge

Facebook AI Research

ETH Zürich

lucas.torroba-hennigen@mila.quebec, adinawilliams@fb.com, ryan.cotterell@inf.ethz.ch",false,,,,"[{""raw_affiliation_text"": ""Quebec Artificial Intelligence Institute (Mila)"", ""institution"": ""Quebec Artificial Intelligence Institute (Mila)"", ""country"": null}, {""raw_affiliation_text"": ""University of Cambridge"", ""institution"": ""University of Cambridge"", ""country"": null}, {""raw_affiliation_text"": ""Facebook AI Research"", ""institution"": ""Facebook AI Research"", ""country"": null}, {""raw_affiliation_text"": ""ETH Zürich"", ""institution"": ""ETH Zürich"", ""country"": null}]"
2020.emnlp-main.150,,,,2020.emnlp-main.150,done,Shanghai Jiao Tong University | China Merchants Bank Credit Card Center,"# Multi-turn Response Selection using Dialogue Dependency Relations

Qi Jia

Yizhu Liu

Siyu Ren<sup>3</sup>

Kenny Q. Zhu $^{4*}$

Shanghai Jiao Tong University Shanghai, China

$\{^{1}Jia_{q}$ ,2liuyizhu,3roy0702 $\} @$ sjtu.edu.cn kzhu@cs.sjtu.edu.cn

# Haifeng Tang

China Merchants Bank Credit Card Center

Shanghai, China

thfeng@cmbchina.com",false,,,,"[{""raw_affiliation_text"": ""Shanghai Jiao Tong University Shanghai, China"", ""institution"": ""Shanghai Jiao Tong University"", ""country"": ""China""}, {""raw_affiliation_text"": ""China Merchants Bank Credit Card Center"", ""institution"": ""China Merchants Bank Credit Card Center"", ""country"": ""China""}]"
2020.emnlp-main.151,,,,2020.emnlp-main.151,done,Beihang University | University of Ottawa | University of Leeds,"# Parallel Interactive Networks for Multi-Domain Dialogue State Generation

Junfan Chen

BDBC and SKLSDE

Beihang University, China

chenjf@act.buaa.edu.cn

Richong Zhang*

BDBC and SKLSDE

Beihang University, China

zhangrc@act.buaa.edu.cn

Yongyi Mao

School of EECS

University of Ottawa, Canada

ymao@uottawa.ca

Jie Xu

School of Computing

University of Leeds, United Kingdom

j.xu@leeds.ac.uk",false,,,,"[{""raw_affiliation_text"": ""Beihang University, China"", ""institution"": ""Beihang University"", ""country"": ""China""}, {""raw_affiliation_text"": ""University of Ottawa, Canada"", ""institution"": ""University of Ottawa"", ""country"": ""Canada""}, {""raw_affiliation_text"": ""University of Leeds, United Kingdom"", ""institution"": ""University of Leeds"", ""country"": ""United Kingdom""}]"
2020.emnlp-main.152,,,,2020.emnlp-main.152,done,Peking University | University of Washington | Wuhan University | The University of Sydney | UBTECH Sydney AI Centre,"# SlotRefine: A Fast Non-Autoregressive Model for Joint Intent Detection and Slot Filling

Di Wu $^{\S}$ Liang Ding† Fan Lu‡ Jian Xie‡

$^{\S}$ Peking University $^{\flat}$ University of Washington $^{\ddagger}$ Wuhan University

inbath@163.com lufan0929@gmail.com xiejian1990@gmail.com

†UBTECH Sydney AI Centre, School of Computer Science

Faculty of Engineering, The University of Sydney

ldin3097@uni.sydney.edu.au",false,,,,"[{""raw_affiliation_text"": ""Peking University"", ""institution"": ""Peking University"", ""country"": null}, {""raw_affiliation_text"": ""University of Washington"", ""institution"": ""University of Washington"", ""country"": null}, {""raw_affiliation_text"": ""Wuhan University"", ""institution"": ""Wuhan University"", ""country"": null}, {""raw_affiliation_text"": ""School of Computer Science, Faculty of Engineering, The University of Sydney"", ""institution"": ""The University of Sydney"", ""country"": null}, {""raw_affiliation_text"": ""UBTECH Sydney AI Centre"", ""institution"": ""UBTECH Sydney AI Centre"", ""country"": null}]"
2020.emnlp-main.153,,,,2020.emnlp-main.153,done,University of Washington | Allen Institute of Artificial Intelligence,"# An Information Bottleneck Approach for Controlling Conciseness in Rationale Extraction

Bhargavi Paranjape† Mandar Joshi† John Thickstun† Hannaneh Hajishirzi† $\epsilon$ Luke Zettlemoyer†

† Allen School of Computer Science & Engineering, University of Washington, Seattle, WA
<sup>€</sup>Allen Institute of Artificial Intelligence, Seattle

{bparan,mandar90,thickstn,hannaneh,1sz}@cs.washington.edu",false,,,,"[{""raw_affiliation_text"": ""Allen School of Computer Science & Engineering, University of Washington, Seattle, WA"", ""institution"": ""University of Washington"", ""country"": ""USA""}, {""raw_affiliation_text"": ""Allen Institute of Artificial Intelligence, Seattle"", ""institution"": ""Allen Institute of Artificial Intelligence"", ""country"": null}]"
2020.emnlp-main.154,,,,2020.emnlp-main.154,done,New York University,"# CrowS-Pairs: A Challenge Dataset for Measuring Social Biases in Masked Language Models

Nikita Nangia* Clara Vania* Rasika Bhalerao* Samuel R. Bowman

New York University

{nikitanangia, c.vania, rasikabh, bowman}@nyu.edu",false,,,,"[{""raw_affiliation_text"": ""New York University"", ""institution"": ""New York University"", ""country"": null}]"
2020.emnlp-main.155,,,,2020.emnlp-main.155,done,"University of California, Los Angeles","# LOGAN: Local Group Bias Detection by Clustering

Jieyu Zhao Kai-Wei Chang

University of California, Los Angeles

jyzhao@cs.ucla.edu kwchang@cs.ucla.edu",false,,,,"[{""raw_affiliation_text"": ""University of California, Los Angeles"", ""institution"": ""University of California, Los Angeles"", ""country"": null}]"
2020.emnlp-main.156,,,,2020.emnlp-main.156,done,Stanford University,"# RNNs can generate bounded hierarchical languages with optimal memory

John Hewitt† Michael Hahn‡ Surya Ganguli∥ Percy Liang† Christopher D. Manning†‡

†Computer Science Department ‡Linguistics Department †Applied Physics Department Stanford University

{johnhew, mhahn2, sganguli, pliang, manning} @stanford.edu",false,,,,"[{""raw_affiliation_text"": ""Computer Science Department, Stanford University"", ""institution"": ""Stanford University"", ""country"": null}]"
2020.emnlp-main.157,,,,2020.emnlp-main.157,done,Machine Learning Consulting | Amazon Web Services,"# Detecting Independent Pronoun Bias with Partially-Synthetic Data Generation

Robert (Munro) Monarch

Machine Learning Consulting

San Francisco, CA

rmunro@alumni.stanford.edu

Alex (Carmen) Morrison

Amazon Web Services

Oakland, CA",false,,,,"[{""raw_affiliation_text"": ""Machine Learning Consulting"", ""institution"": ""Machine Learning Consulting"", ""country"": null}, {""raw_affiliation_text"": ""Amazon Web Services"", ""institution"": ""Amazon Web Services"", ""country"": null}]"
2020.emnlp-main.158,,,,2020.emnlp-main.158,done,University of Southern California,"# Visually Grounded Continual Learning of Compositional Phrases

Xisen Jin Junyi Du Arka Sadhu Ram Nevatia Xiang Ren

Department of Computer Science, University of Southern California {xisenjin, junyidu, asadhu, nevatia, xiangren}@usc.edu",false,,,,"[{""raw_affiliation_text"": ""Department of Computer Science, University of Southern California"", ""institution"": ""University of Southern California"", ""country"": null}]"
2020.emnlp-main.159,,,,2020.emnlp-main.159,done,"Shanghai Jiao Tong University | UNC Chapel Hill | University of California, Berkeley","# MAF: Multimodal Alignment Framework for Weakly-Supervised Phrase Grounding

Qinxin Wang $^{1}$ , Hao Tan $^{2}$ , Sheng Shen $^{3}$ , Michael W. Mahoney $^{3}$ , Zhewei Yao $^{3}$

$^{1}$ Shanghai Jiao Tong University $^{2}$ UNC Chapel Hill $^{3}$ University of California, Berkeley

qinzzz@sjtu.edu.cn, haotan@cs.unc.edu, {sheng.s, mahoneymw, zheweiy}@berkeley.edu",false,,,,"[{""raw_affiliation_text"": ""Shanghai Jiao Tong University"", ""institution"": ""Shanghai Jiao Tong University"", ""country"": null}, {""raw_affiliation_text"": ""UNC Chapel Hill"", ""institution"": ""UNC Chapel Hill"", ""country"": null}, {""raw_affiliation_text"": ""University of California, Berkeley"", ""institution"": ""University of California, Berkeley"", ""country"": null}]"
2020.emnlp-main.16,,,,2020.emnlp-main.16,done,New York University,"# Learning Which Features Matter: RoBERTa Acquires a Preference for Linguistic Generalizations (Eventually)

Alex Warstadt, $^{1}$ Yian Zhang, $^{2}$ Haau-Sing Li, $^{3}$ Haokun Liu, $^{3}$ Samuel R. Bowman $^{1,2,3}$

$^{1}$ Dept. of Linguistics, $^{2}$ Dept. of Computer Science, $^{3}$ Center for Data Science

New York University

Correspondence: warstadt@nyu.edu",false,,,,"[{""raw_affiliation_text"": ""Dept. of Linguistics, New York University"", ""institution"": ""New York University"", ""country"": null}]"
2020.emnlp-main.160,,,,2020.emnlp-main.160,done,Cornell University | Allen Institute for AI,"# Domain-Specific Lexical Grounding in Noisy Visual-Textual Documents

Gregory Yauney

Cornell University

gyauney@cs.cornell.edu

Jack Hessel

Allen Institute for AI

jackh@allenai.org

David Mimno

Cornell University

mimno@cornell.edu",false,,,,"[{""raw_affiliation_text"": ""Cornell University"", ""institution"": ""Cornell University"", ""country"": null}, {""raw_affiliation_text"": ""Allen Institute for AI"", ""institution"": ""Allen Institute for AI"", ""country"": null}]"
2020.emnlp-main.161,,,,2020.emnlp-main.161,done,Microsoft Dynamics 365 AI Research,"# HERO: Hierarchical Encoder for Video+Language Omni-representation Pre-training

Linjie Li*, Yen-Chun Chen*, Yu Cheng, Zhe Gan, Licheng Yu, Jingjing Liu  
Microsoft Dynamics 365 AI Research

{lindsey.li, yen-chun.chen, yu.cheng, zhe.gan, licheng.yu, jingjl}@microsoft.com",false,,,,"[{""raw_affiliation_text"": ""Microsoft Dynamics 365 AI Research"", ""institution"": ""Microsoft Dynamics 365 AI Research"", ""country"": null}]"
2020.emnlp-main.162,,,,2020.emnlp-main.162,done,UNC Chapel Hill,"# Vokenization: Improving Language Understanding with Contextualized, Visual-Grounded Supervision

Hao Tan Mohit Bansal

UNC Chapel Hill

{haotan,mbansal}@cs.unc.edu",false,,,,"[{""raw_affiliation_text"": ""UNC Chapel Hill"", ""institution"": ""UNC Chapel Hill"", ""country"": null}]"
2020.emnlp-main.163,,,,2020.emnlp-main.163,done,Boston University | MIT-IBM Watson AI Lab,"# Detecting Cross-Modal Inconsistency to Defend Against Neural Fake News

Reuben Tan  
Boston University  
rxtan@bu.edu

Bryan A. Plummer  
Boston University  
bplum@bu.edu

Kate Saenko  
Boston University  
MIT-IBM Watson AI Lab  
saenko@bu.edu",false,,,,"[{""raw_affiliation_text"": ""Boston University"", ""institution"": ""Boston University"", ""country"": null}, {""raw_affiliation_text"": ""MIT-IBM Watson AI Lab"", ""institution"": ""MIT-IBM Watson AI Lab"", ""country"": null}]"
2020.emnlp-main.164,,,,2020.emnlp-main.164,done,Wuhan University,"# Enhancing Aspect Term Extraction with Soft Prototypes

Zhuang Chen, Tieyun Qian*

School of Computer Science, Wuhan University, China

{zhchen18，qty}@whu.edu.cn",false,,,,"[{""raw_affiliation_text"": ""School of Computer Science, Wuhan University, China"", ""institution"": ""Wuhan University"", ""country"": ""China""}]"
2020.emnlp-main.165,,,,2020.emnlp-main.165,done,"Chinese Academy of Sciences | University of Chinese Academy of Sciences | Huawei Technologies Co., Ltd.","# FedED: Federated Learning via Ensemble Distillation for Medical Relation Extraction

Dianbo Sui $^{\text{♥}}$ , Yubo Chen $^{\text{♥}}$ , Jun Zhao $^{\text{♥}}$ , Yantao Jia $^{\text{◇}}$ , Yuantao Xie $^{\text{◇}}$ , Weijian Sun $^{\text{◇}}$

$\hat{\mathcal{O}}$ National Laboratory of Pattern Recognition, Institute of Automation, Chinese Academy of Sciences, Beijing, China

$\spadesuit$ School of Artificial Intelligence, University of Chinese Academy of Sciences, Beijing, China

$\diamond$ Huawei Technologies Co., Ltd., Beijing, China

{dianbo.sui, yubo.chen, jzhao} @nlpr.ia.ac.cn,

jamaths.h@163.com {xieyuantao2, sunweijian} @huawei.com",false,,,,"[{""raw_affiliation_text"": ""National Laboratory of Pattern Recognition, Institute of Automation, Chinese Academy of Sciences, Beijing, China"", ""institution"": ""Chinese Academy of Sciences"", ""country"": ""China""}, {""raw_affiliation_text"": ""School of Artificial Intelligence, University of Chinese Academy of Sciences, Beijing, China"", ""institution"": ""University of Chinese Academy of Sciences"", ""country"": ""China""}, {""raw_affiliation_text"": ""Huawei Technologies Co., Ltd., Beijing, China"", ""institution"": ""Huawei Technologies Co., Ltd."", ""country"": ""China""}]"
2020.emnlp-main.166,,,,2020.emnlp-main.166,done,,"# Multimodal Joint Attribute Prediction and Value Extraction for E-commerce Product

Tiangang Zhu, Yue Wang, Haoran Li*, Youzheng Wu, Xiaodong He and Bowen Zhou JD AI Research

{zhutiangang3, wangyue274, lihaoran24, wuyouzheng1}@jd.com {xiaodong.he, bowen.zhou}@jd.com",false,,,,[]
2020.emnlp-main.167,,,,2020.emnlp-main.167,done,"Baidu Research | 11000 NE 8 th St., Bellevue","# A Predicate-Function-Argument Annotation of Natural Language for Open-Domain Information eXpression

Mingming Sun, Wenyue Hua, Zoey Liu, Kangjie Zheng, Xin Wang, Ping Li

Cognitive Computing Lab

Baidu Research

No.10 Xibeiwang East Road, Beijing 100193, China

10900 NE 8th St. Bellevue, Washington 98004, USA

{sunmingming01, wangxin60, liping11}@baidu.com

{norahual996，zoeyliu0108，kangjie.zheng}@gmail.com",false,,,,"[{""raw_affiliation_text"": ""Cognitive Computing Lab, Baidu Research, No.10 Xibeiwang East Road, Beijing 100193, China"", ""institution"": ""Baidu Research"", ""country"": ""China""}, {""raw_affiliation_text"": ""10900 NE 8th St. Bellevue, Washington 98004, USA"", ""institution"": ""11000 NE 8 th St., Bellevue"", ""country"": ""USA""}]"
2020.emnlp-main.168,,,,2020.emnlp-main.168,done,Wuhan University | Guangdong University of Foreign Studies,"# Retrofitting Structure-aware Transformer Language Model for End Tasks

Hao Fei $^{1}$ , Yafeng Ren $^{2*}$ and Donghong Ji $^{1}$

1. Department of Key Laboratory of Aerospace Information Security and Trusted Computing, Ministry of Education, School of Cyber Science and Engineering, Wuhan University, China

2. Guangdong University of Foreign Studies, China

{hao. fei, renyafeng, dhji}@whu.edu.cn",false,,,,"[{""raw_affiliation_text"": ""Department of Key Laboratory of Aerospace Information Security and Trusted Computing, Ministry of Education, School of Cyber Science and Engineering, Wuhan University, China"", ""institution"": ""Wuhan University"", ""country"": ""China""}, {""raw_affiliation_text"": ""Guangdong University of Foreign Studies, China"", ""institution"": ""Guangdong University of Foreign Studies"", ""country"": ""China""}]"
2020.emnlp-main.169,,,,2020.emnlp-main.169,done,"Singapore University of Technology and Design | DAMO Academy, Alibaba Group | Westlake University | University of Edinburgh | ZJU-UIUC Institute","# Lightweight, Dynamic Graph Convolutional Networks for AMR-to-Text Generation

Yan Zhang\*1,2 Zhijiang Guo\*1 Zhiyang Teng\* Wei Lu\*1 Shay B. Cohen4 Zuozhu Liu5 Lidong Bing\*2

$^{1}$ Singapore University of Technology and Design

$^{2}$ DAMO Academy, Alibaba Group, $^{3}$ Westlake University

<sup>4</sup>University of Edinburgh, <sup>5</sup>ZJU-UIUC Institute

{yan_zhang,zhijiang_quo}@mymail.sutd.edu.sg,luwei@sutd.edu.sg

tengzhiyang@westlake.edu.cn, scohen@inf.ed.ac.uk

zuozhuliu@intl.zju.edu.cn, l.bing@alibaba-inc.com",false,,,,"[{""raw_affiliation_text"": ""Singapore University of Technology and Design"", ""institution"": ""Singapore University of Technology and Design"", ""country"": ""null""}, {""raw_affiliation_text"": ""DAMO Academy, Alibaba Group"", ""institution"": ""DAMO Academy, Alibaba Group"", ""country"": ""null""}, {""raw_affiliation_text"": ""Westlake University"", ""institution"": ""Westlake University"", ""country"": ""null""}, {""raw_affiliation_text"": ""University of Edinburgh"", ""institution"": ""University of Edinburgh"", ""country"": ""null""}, {""raw_affiliation_text"": ""ZJU-UIUC Institute"", ""institution"": ""ZJU-UIUC Institute"", ""country"": ""null""}]"
2020.emnlp-main.17,,,,2020.emnlp-main.17,done,State University of New York at Buffalo | Microsoft Research | Yahoo Research | Duke University,"# Repulsive Attention: Rethinking Multi-head Attention as Bayesian Inference

Bang An†, Jie Lyu†, Zhenyi Wang†, Chunyuan Li§  
Changwei Hu*, Fei Tan*, Ruiyi Zhang‡, Yifan Hu*, Changyou Chen†  
†State University of New York at Buffalo, §Microsoft Research, Redmond  
*Yahoo Research, ‡Duke University  
isbangan@gmail.com, ch237duke@gmail.com  
yifanhu@verizonmedia.com, changyou@buffalo.edu",false,,,,"[{""raw_affiliation_text"": ""State University of New York at Buffalo"", ""institution"": ""State University of New York at Buffalo"", ""country"": null}, {""raw_affiliation_text"": ""Microsoft Research, Redmond"", ""institution"": ""Microsoft Research"", ""country"": null}, {""raw_affiliation_text"": ""Yahoo Research"", ""institution"": ""Yahoo Research"", ""country"": null}, {""raw_affiliation_text"": ""Duke University"", ""institution"": ""Duke University"", ""country"": null}]"
2020.emnlp-main.170,,,,2020.emnlp-main.170,done,ETH Zürich | University of Cambridge | Johns Hopkins University,"# If Beam Search is the Answer, What was the Question?

![](images/09ee05b004c1f429479b6fc88b4078cebbc672ae97d1e90b7142ba15b1bac2dd.jpg)",true,auto/images/09ee05b004c1f429479b6fc88b4078cebbc672ae97d1e90b7142ba15b1bac2dd.jpg,"Clara Meister
ETH Zürich
clara.meister@inf.ethz.ch

Ryan Cotterell
University of Cambridge
ryan.cotterell@inf.ethz.ch

Tim Vieira
Johns Hopkins University
tim.vieira@gmail.com",,"[{""raw_affiliation_text"": ""ETH Zürich"", ""institution"": ""ETH Zürich"", ""country"": null}, {""raw_affiliation_text"": ""University of Cambridge"", ""institution"": ""University of Cambridge"", ""country"": null}, {""raw_affiliation_text"": ""Johns Hopkins University"", ""institution"": ""Johns Hopkins University"", ""country"": null}]"
2020.emnlp-main.171,,,,2020.emnlp-main.171,done,Instituto de Telecomunicações | Instituto Superior Técnico | University of Amsterdam | LULVIS (Lisbon ELLIS Unit) | Unbabel,"# Understanding the Mechanics of SPIGOT: Surrogate Gradients for Latent Structure Learning

Tsvetomila Mihaylova  
Instituto de Telecomunicações  
Instituto Superior Técnico  
Lisbon, Portugal  
tsvetomila.mihaylova@lx.it.pt

Vlad Niculae† Informatics Institute University of Amsterdam The Netherlands I v.niculae@uva.nl

Andre F. T. Martins  
Instituto de Telecomunicações  
LULVIS (Lisbon ELLIS Unit)  
Instituto Superior Tecnico & Unbabel  
Lisbon, Portugal  
dre.t.martins@tecnico.ulisboa.com",false,,,,"[{""raw_affiliation_text"": ""Instituto de Telecomunicações"", ""institution"": ""Instituto de Telecomunicações"", ""country"": ""Portugal""}, {""raw_affiliation_text"": ""Instituto Superior Técnico"", ""institution"": ""Instituto Superior Técnico"", ""country"": ""Portugal""}, {""raw_affiliation_text"": ""Informatics Institute University of Amsterdam"", ""institution"": ""University of Amsterdam"", ""country"": ""The Netherlands""}, {""raw_affiliation_text"": ""LULVIS (Lisbon ELLIS Unit)"", ""institution"": ""LULVIS (Lisbon ELLIS Unit)"", ""country"": null}, {""raw_affiliation_text"": ""Unbabel"", ""institution"": ""Unbabel"", ""country"": null}]"
2020.emnlp-main.172,,,,2020.emnlp-main.172,done,Wroclaw University of Science and Technology | City University of New York,"# Is the Best Better? Bayesian Statistical Model Comparison for Natural Language Processing

Piotr Szymański

Department of Computational Intelligence  
Wroclaw University of Science and Technology  
piotr.szymanski@pwr.edu.pl

Kyle Gorman

Graduate Program in Linguistics City University of New York kgorman@gc.cuny.edu",false,,,,"[{""raw_affiliation_text"": ""Department of Computational Intelligence, Wroclaw University of Science and Technology"", ""institution"": ""Wroclaw University of Science and Technology"", ""country"": null}, {""raw_affiliation_text"": ""Graduate Program in Linguistics City University of New York"", ""institution"": ""City University of New York"", ""country"": null}]"
2020.emnlp-main.173,,,,2020.emnlp-main.173,done,Shanghai Jiao Tong University,"# Exploring Logically Dependent Multi-task Learning with Causal Inference

Wenqing Chen, Jidong Tian, Liqiang Xiao, Hao He*, Yaohui Jin*

MoE Key Lab of Artificial Intelligence, AI Institute, Shanghai Jiao Tong University

State Key Lab of Advanced Optical Communication System and Network,

Shanghai Jiao Tong University

{wenqingchen, hehao, jinyh}@sjtu.edu.cn",false,,,,"[{""raw_affiliation_text"": ""MoE Key Lab of Artificial Intelligence, AI Institute, Shanghai Jiao Tong University"", ""institution"": ""Shanghai Jiao Tong University"", ""country"": null}]"
2020.emnlp-main.174,,,,2020.emnlp-main.174,done,LMU Munich | EPFL,"# Masking as an Efficient Alternative to Finetuning for Pretrained Language Models

Mengjie Zhao\*, Tao Lin\*, Fei Mi, Martin Jaggi, Hinrich Schütze

† LMU Munich, Germany ‡ EPFL, Switzerland

mzhao@cis.lmu.de, {tao.lin, fei.mi, martin.jaggi}@epfl.ch",false,,,,"[{""raw_affiliation_text"": ""LMU Munich, Germany"", ""institution"": ""LMU Munich"", ""country"": ""Germany""}, {""raw_affiliation_text"": ""EPFL, Switzerland"", ""institution"": ""EPFL"", ""country"": ""Switzerland""}]"
2020.emnlp-main.175,,,,2020.emnlp-main.175,done,"Institute of Automation, CAS | University of Chinese Academy of Sciences | Beijing Academy of Artificial Intelligence | CAS Center for Excellence in Brain Science and Intelligence Technology","# Dynamic Context Selection for Document-level Neural Machine Translation via Reinforcement Learning

Xiaomian Kang $^{1,2}$ , Yang Zhao $^{1,2}$ , Jiajun Zhang $^{1,2,3}$ , and Chengqing Zong $^{1,2,4}$

$^{1}$ National Laboratory of Pattern Recognition, Institute of Automation, CAS, Beijing, China $^{2}$ School of Artificial Intelligence, University of Chinese Academy of Sciences, Beijing, China $^{3}$ Beijing Academy of Artificial Intelligence, Beijing, China

$^{4}$ CAS Center for Excellence in Brain Science and Intelligence Technology, Beijing, China {xiaomian.kang, yang.zhao, jjzhang, cqzong}@nlpr.ia.ac.cn",false,,,,"[{""raw_affiliation_text"": ""National Laboratory of Pattern Recognition, Institute of Automation, CAS, Beijing, China"", ""institution"": ""Institute of Automation, CAS"", ""country"": ""China""}, {""raw_affiliation_text"": ""School of Artificial Intelligence, University of Chinese Academy of Sciences, Beijing, China"", ""institution"": ""University of Chinese Academy of Sciences"", ""country"": ""China""}, {""raw_affiliation_text"": ""Beijing Academy of Artificial Intelligence, Beijing, China"", ""institution"": ""Beijing Academy of Artificial Intelligence"", ""country"": ""China""}, {""raw_affiliation_text"": ""CAS Center for Excellence in Brain Science and Intelligence Technology, Beijing, China"", ""institution"": ""CAS Center for Excellence in Brain Science and Intelligence Technology"", ""country"": ""China""}]"
2020.emnlp-main.176,,,,2020.emnlp-main.176,done,The Chinese University of Hong Kong | Tencent AI Lab,"# Data Rejuvenation: Exploiting Inactive Training Examples for Neural Machine Translation

Wenxiang Jiao†* Xing Wang‡ Shilin He† Irwin King† Michael R. Lyu† Zhaopeng Tu‡

$^{\dagger}$ Department of Computer Science and Engineering The Chinese University of Hong Kong, HKSAR, China

†Tencent AI Lab

$\dagger$ {wxjiao,slhe,king,lyu}@cse.cuhk.edu.hk

$\ddagger$ {brightxwang, zptu} @tencent.com",false,,,,"[{""raw_affiliation_text"": ""Department of Computer Science and Engineering The Chinese University of Hong Kong, HKSAR, China"", ""institution"": ""The Chinese University of Hong Kong"", ""country"": ""China""}, {""raw_affiliation_text"": ""Tencent AI Lab"", ""institution"": ""Tencent AI Lab"", ""country"": null}]"
2020.emnlp-main.177,,,,2020.emnlp-main.177,done,Nanyang Technological University | Salesforce Research Asia,"# Pronoun-Targeted Fine-tuning for NMT with Hybrid Losses

Prathyusha Jwalapuram*, Shafiq Joty*§, Youlin Shen*  
*Nanyang Technological University, Singapore  
§Salesforce Research Asia, Singapore  
{*jwal0001, srjoty, yshen010}@ntu.edu.sg",false,,,,"[{""raw_affiliation_text"": ""Nanyang Technological University, Singapore"", ""institution"": ""Nanyang Technological University"", ""country"": ""Singapore""}, {""raw_affiliation_text"": ""Salesforce Research Asia, Singapore"", ""institution"": ""Salesforce Research Asia"", ""country"": ""Singapore""}]"
2020.emnlp-main.178,,,,2020.emnlp-main.178,done,Baidu Inc.,"# Learning Adaptive Segmentation Policy for Simultaneous Translation

Ruiqing Zhang, Chuanqiang Zhang, Zhongjun He\*, Hua Wu, Haifeng Wang

Baidu Inc. No. 10, Shanghai 10th Street, Beijing, 100085, China

{zhangruiqing01, zhangchuanqiang, hezhongjun, wu_hua, wanghaifeng} @baidu.com",false,,,,"[{""raw_affiliation_text"": ""Baidu Inc. No. 10, Shanghai 10th Street, Beijing, 100085, China"", ""institution"": ""Baidu Inc."", ""country"": ""China""}]"
2020.emnlp-main.179,,,,2020.emnlp-main.179,done,Hong Kong University of Science and Technology | Amazon.com Inc | Southern University of Science and Technology,"# Learn to Cross-lingual Transfer with Meta Graph Learning Across Heterogeneous Languages*

Zheng Li $^{1}$ , Mukul Kumar $^{2}$ , William Headden $^{2}$ , Bing Yin $^{2}$ , Ying Wei $^{1}$ , Yu Zhang $^{3}$ , Qiang Yang $^{1}$

$^{1}$ Hong Kong University of Science and Technology

$^{2}$ Amazon.com Inc

$^{3}$ Department of Computer Science and Engineering,

Southern University of Science and Technology

{zlicht, qyang} $@$ cse.ust.hk, {mrajk, headdenw, alexbyin} $@$ amazon.com

{yweiad, yu.zhang.ust} $@$ gmail.com",false,,,,"[{""raw_affiliation_text"": ""Hong Kong University of Science and Technology"", ""institution"": ""Hong Kong University of Science and Technology"", ""country"": null}, {""raw_affiliation_text"": ""Amazon.com Inc"", ""institution"": ""Amazon.com Inc"", ""country"": null}, {""raw_affiliation_text"": ""Department of Computer Science and Engineering, Southern University of Science and Technology"", ""institution"": ""Southern University of Science and Technology"", ""country"": null}]"
2020.emnlp-main.18,,,,2020.emnlp-main.18,done,University of Rome Tor Vergata | Guglielmo Marconi University,"# KERMIT: Complementing Transformer Architectures with Encoders of Explicit Syntactic Interpretations

Fabio Massimo Zanzotto\*

Andrea Santilli\*

Leonardo Ranaldi(‡,*)

$(^{*})$ ART Group

Department of Enterprise Engineering

University of Rome Tor Vergata

Viale del Politecnico, 1, 00133 Rome, Italy

fabio.massimo.zanzotto@uniroma2.it

Dario Onorati\*

Pierfrancesco Tommasino\*

Francesca Fallucchi(‡)

$(\ddagger)$ Department of Innovation and Information Engineering

Guglielmo Marconi University

Via Plinio 44, 00193 Rome, Italy

f.fallucchi@unimarconi.it",false,,,,"[{""raw_affiliation_text"": ""Department of Enterprise Engineering, University of Rome Tor Vergata, Viale del Politecnico, 1, 00133 Rome, Italy"", ""institution"": ""University of Rome Tor Vergata"", ""country"": ""Italy""}, {""raw_affiliation_text"": ""Department of Innovation and Information Engineering, Guglielmo Marconi University, Via Plinio 44, 00193 Rome, Italy"", ""institution"": ""Guglielmo Marconi University"", ""country"": ""Italy""}]"
2020.emnlp-main.180,,,,2020.emnlp-main.180,done,University of Groningen,"# UDapter: Language Adaptation for Truly Universal Dependency Parsing

Ahmet Üstün Arianna Bisazza Gosse Bouma Gertjan van Noord

University of Groningen

{a.ustun, a.bisazza, g.bouma, g.j.m.van.noord}@rug.nl",false,,,,"[{""raw_affiliation_text"": ""University of Groningen"", ""institution"": ""University of Groningen"", ""country"": null}]"
2020.emnlp-main.181,,,,2020.emnlp-main.181,done,Fudan University | Microsoft Research Asia,"# Uncertainty-Aware Label Refinement for Sequence Labeling

Tao Gui\*12, Jiacheng Ye\*12, Qi Zhang12,

Zhengyan Li $^{12}$ , Zichu Fei $^{12}$ , Yeyun Gong $^{3}$ and Xuanjing Huang $^{12}$

$^{1}$ Shanghai Key Laboratory of Intelligent Information Processing, Fudan University

$^{2}$ School of Computer Science, Fudan University

<sup>3</sup>Microsoft Research Asia

{tgl16, yejc19, qz, lizy19, zcfei19, xjhuang}@fudan.edu.cn

yegong@microsoft.com",false,,,,"[{""raw_affiliation_text"": ""Shanghai Key Laboratory of Intelligent Information Processing, Fudan University"", ""institution"": ""Fudan University"", ""country"": null}, {""raw_affiliation_text"": ""Microsoft Research Asia"", ""institution"": ""Microsoft Research Asia"", ""country"": null}]"
2020.emnlp-main.182,,,,2020.emnlp-main.182,done,National University of Singapore | Shanghai Tech University | Shanghai Engineering Research Center of Intelligent Vision and Imaging | Chinese Academy of Sciences | University of Chinese Academy of Sciences | Alibaba DAMO Academy,"# Adversarial Attack and Defense of Structured Prediction Models

Wenjuan Han $^{1*}$ ; Liwen Zhang $^{2,3,4,5*}$ ; Yong Jiang $^{6}$ , Kewei $\mathbf{T u}^{2,3\dagger}$

<sup>1</sup>School of Computing, National University of Singapore, Singapore   
$^{2}$ School of Information Science and Technology, ShanghaiTech University   
$^{3}$ Shanghai Engineering Research Center of Intelligent Vision and Imaging

$^{4}$ Shanghai Institute of Microsystem and Information Technology, Chinese Academy of Sciences

$^{5}$ University of Chinese Academy of Sciences

6Alibaba DAMO Academy, Alibaba Group

dcshanw@nus.edu.sg

{zhanglw, tukw}@shanghaitech.edu.cn

yongjiang.jy@alibaba-inc.com",false,,,,"[{""raw_affiliation_text"": ""School of Computing, National University of Singapore, Singapore"", ""institution"": ""National University of Singapore"", ""country"": ""Singapore""}, {""raw_affiliation_text"": ""School of Information Science and Technology, ShanghaiTech University"", ""institution"": ""Shanghai Tech University"", ""country"": null}, {""raw_affiliation_text"": ""Shanghai Engineering Research Center of Intelligent Vision and Imaging"", ""institution"": ""Shanghai Engineering Research Center of Intelligent Vision and Imaging"", ""country"": null}, {""raw_affiliation_text"": ""Shanghai Institute of Microsystem and Information Technology, Chinese Academy of Sciences"", ""institution"": ""Chinese Academy of Sciences"", ""country"": null}, {""raw_affiliation_text"": ""University of Chinese Academy of Sciences"", ""institution"": ""University of Chinese Academy of Sciences"", ""country"": null}, {""raw_affiliation_text"": ""Alibaba DAMO Academy, Alibaba Group"", ""institution"": ""Alibaba DAMO Academy"", ""country"": null}]"
2020.emnlp-main.183,,,,2020.emnlp-main.183,done,Singapore University of Technology and Design | Alibaba Group | Byte Dance,"# Position-Aware Tagging for Aspect Sentiment Triplet Extraction

Lu Xu\*1,2, Hao Li\*1,3, Wei Lu1, Lidong Bing2

$^{1}$ StatNLP Research Group, Singapore University of Technology and Design

$^{2}$ DAMO Academy, Alibaba Group $^{3}$ ByteDance

xu LU@mymail.sutd.edu.sg, hao.li@bytedance.com

luwei@sutd.edu.sg, l.bing@alibaba-inc.com",false,,,,"[{""raw_affiliation_text"": ""StatNLP Research Group, Singapore University of Technology and Design"", ""institution"": ""Singapore University of Technology and Design"", ""country"": ""null""}, {""raw_affiliation_text"": ""DAMO Academy, Alibaba Group"", ""institution"": ""Alibaba Group"", ""country"": ""null""}, {""raw_affiliation_text"": ""ByteDance"", ""institution"": ""Byte Dance"", ""country"": ""null""}]"
2020.emnlp-main.184,,,,2020.emnlp-main.184,done,Imperial College London | University of Sheffield | Dublin City University,"# Simultaneous Machine Translation with Visual Context

# Ozan Caglayan<sup>1</sup>, Julia Ive<sup>1</sup>, Veneta Haralampieva<sup>1</sup>, Pranava Madhyastha<sup>1</sup>  
Loïc Barrault<sup>2</sup> and Lucia Specia<sup>1,2,3</sup>

Imperial College London<sup>1</sup>, University of Sheffield<sup>2</sup>, ADAPT - Dublin City University<sup>3</sup>

o.caglayan@ic.ac.uk, j.ive@ic.ac.uk, vlh19@ic.ac.uk, pranava@ic.ac.uk l.barrault@sheffield.ac.uk, l.specia@ic.ac.uk",false,,,,"[{""raw_affiliation_text"": ""Imperial College London"", ""institution"": ""Imperial College London"", ""country"": null}, {""raw_affiliation_text"": ""University of Sheffield"", ""institution"": ""University of Sheffield"", ""country"": null}, {""raw_affiliation_text"": ""ADAPT - Dublin City University"", ""institution"": ""Dublin City University"", ""country"": null}]"
2020.emnlp-main.185,,,,2020.emnlp-main.185,done,University of Cambridge | University of Mannheim,"# XCOPA: A Multilingual Dataset for Causal Commonsense Reasoning

Edoardo M. Ponti $^{1*}$ , Goran Glavaš $^{2*}$ , Olga Majewska $^{1}$ , Qianchu Liu $^{1}$ , Ivan Vulić $^{1}$ , Anna Korhonen $^{1}$

$^{1}$ Language Technology Lab, TAL, University of Cambridge, UK $^{2}$ Data and Web Science Group, University of Mannheim, Germany $^{1}\{ep490, om304, ql261, iv250, alk23\} @cam.ac.uk$ $^{2}$ goran@informatik.uni-mannheim.de",false,,,,"[{""raw_affiliation_text"": ""Language Technology Lab, TAL, University of Cambridge, UK"", ""institution"": ""University of Cambridge"", ""country"": ""UK""}, {""raw_affiliation_text"": ""Data and Web Science Group, University of Mannheim, Germany"", ""institution"": ""University of Mannheim"", ""country"": ""Germany""}]"
2020.emnlp-main.186,,,,2020.emnlp-main.186,done,"University of Cambridge | Technion, IIT","# The Secret is in the Spectra: Predicting Cross-lingual Task Performance with Spectral Similarity Measures

Haim Dubossarsky<sup>1</sup> Ivan Vulić<sup>1</sup> Roi Reichart<sup>2</sup> Anna Korhonen<sup>1</sup>

$^{1}$ Language Technology Lab, University of Cambridge

$^{2}$ Faculty of Industrial Engineering and Management, Technion, IIT

{hd423, iv250, alk23}@cam.ac.uk roiri@ie.technion.ac.il",false,,,,"[{""raw_affiliation_text"": ""Language Technology Lab, University of Cambridge"", ""institution"": ""University of Cambridge"", ""country"": null}, {""raw_affiliation_text"": ""Faculty of Industrial Engineering and Management, Technion, IIT"", ""institution"": ""Technion, IIT"", ""country"": null}]"
2020.emnlp-main.187,,,,2020.emnlp-main.187,done,University of Edinburgh,"# Bridging Linguistic Typology and Multilingual Machine Translation with Multi-View Language Representations

Arturo Oncevay Barry Haddow Alexandra Birch

School of Informatics, University of Edinburgh, Scotland

{a.oncevay,a.birch}@ed.ac.uk,bhaddow@inf.ed.ac.uk",false,,,,"[{""raw_affiliation_text"": ""School of Informatics, University of Edinburgh, Scotland"", ""institution"": ""University of Edinburgh"", ""country"": ""Scotland""}]"
2020.emnlp-main.188,,,,2020.emnlp-main.188,done,The Chinese University of Hong Kong | Hong Kong Baptist University,"# AnswerFact: Fact Checking in Product Question Answering*

Wenxuan Zhang†, Yang Deng†, Jing Ma‡ and Wai Lam†

†The Chinese University of Hong Kong

$^{\ddagger}$ Hong Kong Baptist University

{wxzhang, ydeng, wlam}@se.cuhk.edu.hk

majing@comp.hkbu.edu.hk",false,,,,"[{""raw_affiliation_text"": ""The Chinese University of Hong Kong"", ""institution"": ""The Chinese University of Hong Kong"", ""country"": ""null""}, {""raw_affiliation_text"": ""Hong Kong Baptist University"", ""institution"": ""Hong Kong Baptist University"", ""country"": ""null""}]"
2020.emnlp-main.189,,,,2020.emnlp-main.189,done,KAIST | NAVER AI LAB | NAVER CLOVA,"# Context-Aware Answer Extraction in Question Answering

Yeon Seonwoo†, Ji-Hoon Kim‡§, Jung-Woo Ha‡§, Alice Oh† KAIST

$^{\ddagger}$ NAVER AI LAB, $^\S$ NAVER CLOVA

yeon.seonwoo@kaist.ac.kr

{genesis.kim, jungwoo.ha}@navercorp.com

alice.oh@kaist.edu",false,,,,"[{""raw_affiliation_text"": ""KAIST"", ""institution"": ""KAIST"", ""country"": null}, {""raw_affiliation_text"": ""NAVER AI LAB"", ""institution"": ""NAVER AI LAB"", ""country"": null}, {""raw_affiliation_text"": ""NAVER CLOVA"", ""institution"": ""NAVER CLOVA"", ""country"": null}]"
2020.emnlp-main.19,,,,2020.emnlp-main.19,done,Google Research,"# ETC: Encoding Long and Structured Inputs in Transformers

Joshua Ainslie, Santiago Otonanón, Chris Alberti, Vaclav Cvicek, Zachary Fisher, Philip Pham, Anirudh Ravula, Sumit Sanghai, Qifan Wang, Li Yang

Google Research

{jainslie, santiontanon, chrisalberti, vcvicek,

zachfisher, phillypham, braineater, sumitsanghai, wqfrc, lyliyang} @ google.com",false,,,,"[{""raw_affiliation_text"": ""Google Research"", ""institution"": ""Google Research"", ""country"": null}]"
2020.emnlp-main.190,,,,2020.emnlp-main.190,done,Amazon Alexa,"# What do Models Learn from Question Answering Datasets?

Priyanka Sen

Amazon Alexa

sepriyan@amazon.com

Amir Saffari

Amazon Alexa

amsafari@amazon.com",false,,,,"[{""raw_affiliation_text"": ""Amazon Alexa"", ""institution"": ""Amazon Alexa"", ""country"": null}]"
2020.emnlp-main.191,,,,2020.emnlp-main.191,done,The Chinese University of Hong Kong | Salesforce Research | Nanyang Technological University,"# DISCERN: Discourse-Aware Entailment Reasoning Network for Conversational Machine Reading

Yifan Gao†, Chien-Sheng Wu‡, Jingjing Li†, Shafiq Joty‡, Steven C.H. Hoi‡, Caiming Xiong‡, Irwin King†, and Michael R. Lyu†  
† The Chinese University of Hong Kong

\(\ddagger\) Salesforce Research \(\S\) Nanyang Technological University \(\dagger\{yfgao, lijj, king, lyu\} @cse.cuhk.edu.hk \(\ddagger\{cswu, sjoty, shoi, cxiong\} @salesforce.com\)",false,,,,"[{""raw_affiliation_text"": ""The Chinese University of Hong Kong"", ""institution"": ""The Chinese University of Hong Kong"", ""country"": null}, {""raw_affiliation_text"": ""Salesforce Research"", ""institution"": ""Salesforce Research"", ""country"": null}, {""raw_affiliation_text"": ""Nanyang Technological University"", ""institution"": ""Nanyang Technological University"", ""country"": null}]"
2020.emnlp-main.192,,,,2020.emnlp-main.192,done,Kyoto University,"# A Method for Building a Commonsense Inference Dataset based on Basic Events

Kazumasa Omura

Daisuke Kawahara*

Sadao Kurohashi

Graduate School of Informatics, Kyoto University  
Yoshida-honmachi, Sakyo-ku, Kyoto, 606-8501, Japan  
{omura, dk, kuro}@nlp.ist.i.kyoto-u.ac.jp",false,,,,"[{""raw_affiliation_text"": ""Graduate School of Informatics, Kyoto University"", ""institution"": ""Kyoto University"", ""country"": ""Japan""}]"
2020.emnlp-main.193,,,,2020.emnlp-main.193,done,Sun Yat-sen University | Microsoft Research | Fudan University,"# Neural Deepfake Detection with Factual Structure of Text

# Wanjun Zhong $^{1*}$ , Duyu Tang $^{2}$ , Zenan Xu $^{1*}$ , Ruize Wang $^{3}$ , Nan Duan $^{2}$ , Ming Zhou $^{2}$ , Jiahai Wang $^{1}$ and Jian Yin $^{1}$

<sup>1</sup> The School of Data and Computer Science, Sun Yat-sen University.

Guangdong Key Laboratory of Big Data Analysis and Processing, Guangzhou, P.R.China

$^{2}$ Microsoft Research $^{3}$ Fudan University, Shanghai, P.R.China

{zhongwj25@mail2,xuzn@mail2}.sysu.edu.cn {wangjiah@mail,issjyin@mail}.sysu.edu.cn {dutang,nanduan,mingzhou}@microsoft.com

rzwang18@fudan.edu.cn",false,,,,"[{""raw_affiliation_text"": ""The School of Data and Computer Science, Sun Yat-sen University."", ""institution"": ""Sun Yat-sen University"", ""country"": ""P.R.China""}, {""raw_affiliation_text"": ""Microsoft Research"", ""institution"": ""Microsoft Research"", ""country"": null}, {""raw_affiliation_text"": ""Fudan University, Shanghai, P.R.China"", ""institution"": ""Fudan University"", ""country"": ""P.R.China""}]"
2020.emnlp-main.194,,,,2020.emnlp-main.194,done,Technische Universität Darmstadt | Ubiquitous Knowledge Processing Lab (UKP),"# MultiCQA: Zero-Shot Transfer of Self-Supervised Text Matching Models on a Massive Scale

Andreas Rücklé and Jonas Pfeiffer and Iryna Gurevych  
Ubiquitous Knowledge Processing Lab (UKP)  
Department of Computer Science, Technische Universität Darmstadt

www.ukp.tu-darmstadt.de",false,,,,"[{""raw_affiliation_text"": ""Department of Computer Science, Technische Universität Darmstadt"", ""institution"": ""Technische Universität Darmstadt"", ""country"": null}, {""raw_affiliation_text"": ""Ubiquitous Knowledge Processing Lab (UKP)"", ""institution"": ""Ubiquitous Knowledge Processing Lab (UKP)"", ""country"": null}]"
2020.emnlp-main.195,,,,2020.emnlp-main.195,done,Sapienza University of Rome,"# XL-AMR: Enabling Cross-Linguual AMR Parsing with Transfer Learning Techniques

Rexhina Blloshmi Rocco Tripodi Roberto Navigli

Sapienza NLP Group

Department of Computer Science, Sapienza University of Rome

{blloshmi,tripodi,navigli}@di.uniroma1.it",false,,,,"[{""raw_affiliation_text"": ""Department of Computer Science, Sapienza University of Rome"", ""institution"": ""Sapienza University of Rome"", ""country"": null}]"
2020.emnlp-main.196,,,,2020.emnlp-main.196,done,Soochow University | Tencent News,"# Improving AMR Parsing with Sequence-to-Sequence Pre-training

Dongqin $\mathbf{X}\mathbf{u}^{1}$ Junhui Li $^{1*}$ Muhua Zhu $^{2}$ Min Zhang $^{1}$ Guodong Zhou

<sup>1</sup>School of Computer Science and Technology, Soochow University, Suzhou, China

2Tencent News, Beijing, China

xdqck@live.com, {lijunjhui, minzhang, gdzhou} @suda.edu.cn

muhuazhu@tencent.com",false,,,,"[{""raw_affiliation_text"": ""School of Computer Science and Technology, Soochow University, Suzhou, China"", ""institution"": ""Soochow University"", ""country"": ""China""}, {""raw_affiliation_text"": ""Tencent News, Beijing, China"", ""institution"": ""Tencent News"", ""country"": ""China""}]"
2020.emnlp-main.197,,,,2020.emnlp-main.197,done,Lahore University of Management Sciences (LUMS),"# Hate-Speech and Offensive Language Detection in Roman Urdu

Hammad Rizwan, Muhammad Haroon Shakeel, Asim Karim

Department of Computer Science,  
Lahore University of Management Sciences (LUMS),  
Lahore, Pakistan

{hammad.rizwan, mshakeel, akarim}@lums.edu.pk",false,,,,"[{""raw_affiliation_text"": ""Department of Computer Science, Lahore University of Management Sciences (LUMS), Lahore, Pakistan"", ""institution"": ""Lahore University of Management Sciences (LUMS)"", ""country"": ""Pakistan""}]"
2020.emnlp-main.198,,,,2020.emnlp-main.198,done,KAIST | Upstage,"# Suicidal Risk Detection for Military Personnel

Sungjoon Park $^{*1,2}$ , Kiwoong Park $^{*1}$ , Jaimeen Ahn $^{1}$ Alice Oh $^{1}$

<sup>1</sup> School of Computing, KAIST, Republic of Korea   
2 Upstage AI Research, Upstage, Republic of Korea

{sungjoon.park, marspak, jaimeen01}@kaist.ac.kr alice.oh@kaist.edu",false,,,,"[{""raw_affiliation_text"": ""School of Computing, KAIST, Republic of Korea"", ""institution"": ""KAIST"", ""country"": ""Republic of Korea""}, {""raw_affiliation_text"": ""Upstage AI Research, Upstage, Republic of Korea"", ""institution"": ""Upstage"", ""country"": ""Republic of Korea""}]"
2020.emnlp-main.199,,,,2020.emnlp-main.199,done,The Hong Kong University of Science and Technology,"# Comparative Evaluation of Label-Agnostic Selection Bias in Multilingual Hate Speech Datasets

Nedjma Ousidhoum, Yangqiu Song, Dit-Yan Yeung

Department of Computer Science and Engineering

The Hong Kong University of Science and Technology

nousidhoum@cse.ust.hk, yqsong@cse.ust.hk, dyyeung@cse.ust.hk",false,,,,"[{""raw_affiliation_text"": ""Department of Computer Science and Engineering The Hong Kong University of Science and Technology"", ""institution"": ""The Hong Kong University of Science and Technology"", ""country"": null}]"
2020.emnlp-main.2,,,,2020.emnlp-main.2,done,Carnegie Mellon University | University of Dundee,"# Extracting Implicitly Asserted Propositions in Argumentation

Yohan Jo<sup>1</sup> Jacky Visser<sup>2</sup> Chris Reed<sup>2</sup> Eduard Hovy<sup>1</sup>

$^{1}$ Language Technologies Institute, Carnegie Mellon University, USA

$^{2}$ Centre for Argument Technology, University of Dundee, UK

yohanj@cs.cmu.edu, j.visser@dundee.ac.uk,

c.a.reed@dundee.ac.uk, hovy@cmu.edu",false,,,,"[{""raw_affiliation_text"": ""Language Technologies Institute, Carnegie Mellon University, USA"", ""institution"": ""Carnegie Mellon University"", ""country"": ""USA""}, {""raw_affiliation_text"": ""Centre for Argument Technology, University of Dundee, UK"", ""institution"": ""University of Dundee"", ""country"": ""UK""}]"
2020.emnlp-main.20,,,,2020.emnlp-main.20,done,Stanford University | Google Brain,"# Pre-Training Transformers as Energy-Based Cloze Models

Kevin Clark<sup>1</sup> Minh-Thang Luong<sup>2</sup> Quoc V. Le<sup>2</sup> Christopher D. Manning<sup>1</sup>

1Stanford University 2Google Brain

kevclark@cs.stanford.edu, thangluong@google.com

qv1@google.com, manning@cs.stanford.edu",false,,,,"[{""raw_affiliation_text"": ""Stanford University"", ""institution"": ""Stanford University"", ""country"": null}, {""raw_affiliation_text"": ""Google Brain"", ""institution"": ""Google Brain"", ""country"": null}]"
2020.emnlp-main.200,,,,2020.emnlp-main.200,done,National Cheng Kung University,"# HENIN: Learning Heterogeneous Neural Interaction Networks for Explainable Cyberbullying Detection on Social Media

Hsin-Yu Chen

Institute of Data Science

National Cheng Kung University

Tainan, Taiwan

d0107330@gmail.com

Cheng-Te Li

Institute of Data Science

National Cheng Kung University

Tainan, Taiwan

chengte@ncku.edu.tw",false,,,,"[{""raw_affiliation_text"": ""Institute of Data Science, National Cheng Kung University, Tainan, Taiwan"", ""institution"": ""National Cheng Kung University"", ""country"": ""Taiwan""}]"
2020.emnlp-main.201,,,,2020.emnlp-main.201,done,Taiwan International Graduate Program | Academia Sinica | National Tsing Hua University,"# Reactive Supervision: A New Method for Collecting Sarcasm Data

Boaz Shmueli $^{1,2,3,*}$ , Lun-Wei $\mathbf{Ku}^2$ and Soumya Ray $^3$

$^{1}$ Social Networks and Human-Centered Computing, Taiwan International Graduate Program

$^{2}$ Institute of Information Science, Academia Sinica

$^{3}$ Institute of Service Science, National Tsing Hua University",false,,,,"[{""raw_affiliation_text"": ""Social Networks and Human-Centered Computing, Taiwan International Graduate Program"", ""institution"": ""Taiwan International Graduate Program"", ""country"": null}, {""raw_affiliation_text"": ""Institute of Information Science, Academia Sinica"", ""institution"": ""Academia Sinica"", ""country"": null}, {""raw_affiliation_text"": ""Institute of Service Science, National Tsing Hua University"", ""institution"": ""National Tsing Hua University"", ""country"": null}]"
2020.emnlp-main.202,,,,2020.emnlp-main.202,done,Saarland University | DFKI Gmb H,"# Self-Induced Curriculum Learning in Self-Supervised Neural Machine Translation

Dana Ruiter  
Saarland University  
DFKI GmbH

Josef van Genabith  
Saarland University  
DFKI GmbH

Cristina Espana-Bonet  
DFKI GmbH

druiter@1sv.uni-saarland.de {josef.van_genabith,cristinae}@dfki.de",false,,,,"[{""raw_affiliation_text"": ""Saarland University"", ""institution"": ""Saarland University"", ""country"": null}, {""raw_affiliation_text"": ""DFKI GmbH"", ""institution"": ""DFKI Gmb H"", ""country"": null}]"
2020.emnlp-main.203,,,,2020.emnlp-main.203,done,Ludwig Maximilian University of Munich,"# Towards Reasonably-Sized Character-Level Transformer NMT by Finetuning Subword Systems

Jindrich Libovicky and Alexander Fraser  
Center for Information and Speech Processing  
Ludwig Maximilian University of Munich  
Munich, Germany  
{libovicky, fraser}@cis.lmu.de",false,,,,"[{""raw_affiliation_text"": ""Center for Information and Speech Processing, Ludwig Maximilian University of Munich, Munich, Germany"", ""institution"": ""Ludwig Maximilian University of Munich"", ""country"": ""Germany""}]"
2020.emnlp-main.204,,,,2020.emnlp-main.204,done,Saarland University | DFKI Gmb H | Nuhu Bamalli Polytechnic,"# Transfer Learning and Distant Supervision for Multilingual Transformer Models: A Study on African Languages

Michael A. Hedderich<sup>1</sup>, David I. Adelani<sup>1</sup>, Dawei Zhu<sup>1</sup>, Jesujoba Alabi<sup>1,2</sup>, Udia Markus<sup>3</sup> & Dietrich Klakow<sup>1</sup>

$^{1}$ Saarland University, Saarland Informatics Campus, Germany $^{2}$ DFKI GmbH, Saarbrücken, Germany $^{3}$ Nuhu Bamalli Polytechnic, Zaira, Nigeria $\{\text{mhedderich}, \text{didelani}, \text{dzhu}, \text{dietrich}. \text{klakow}\} @\text{lsv.uni-saarland.de}$ jesujoba_oluwadara.alabi@dfki.de",false,,,,"[{""raw_affiliation_text"": ""Saarland University, Saarland Informatics Campus, Germany"", ""institution"": ""Saarland University"", ""country"": ""Germany""}, {""raw_affiliation_text"": ""DFKI GmbH, Saarbrücken, Germany"", ""institution"": ""DFKI Gmb H"", ""country"": ""Germany""}, {""raw_affiliation_text"": ""Nuhu Bamalli Polytechnic, Zaira, Nigeria"", ""institution"": ""Nuhu Bamalli Polytechnic"", ""country"": ""Nigeria""}]"
2020.emnlp-main.205,,,,2020.emnlp-main.205,done,German Research Center for Artificial Intelligence (DFKI) | Saarland University,"# Translation Quality Estimation by Jointly Learning to Score and Rank

Jingyi Zhang<sup>1</sup> and Josef van Genabith<sup>1,2</sup>

$^{1}$ German Research Center for Artificial Intelligence (DFKI), Saarbrucken, Germany

$^{2}$ Department of Language Science and Technology, Saarland University, Germany

Jingyi.Zhang@dfki.de,Josef.Van_Genabith@dfki.de",false,,,,"[{""raw_affiliation_text"": ""German Research Center for Artificial Intelligence (DFKI), Saarbrucken, Germany"", ""institution"": ""German Research Center for Artificial Intelligence (DFKI)"", ""country"": ""Germany""}, {""raw_affiliation_text"": ""Department of Language Science and Technology, Saarland University, Germany"", ""institution"": ""Saarland University"", ""country"": ""Germany""}]"
2020.emnlp-main.206,,,,2020.emnlp-main.206,done,Universitat Politcnica de Valencia | VRAIN,"# Direct Segmentation Models for Streaming Speech Translation

# Javier Iranzo-Sánchez, Adrià Giménez Pastor, Joan Albert Silvestre-Cerdà, Pau Baquero-Arnal, Jorge Civera, Alfons Juan

Machine Learning and Language Processing (MLLP) research group

Valencian Research Institute for Artificial Intelligence (VRAIN)

Universitat Politcnica de Valencia, Spain

{jairsan,adgipas,jsilvestre,pabaar,jorcisai,ajuanci} $@$ vrain.upv.es",false,,,,"[{""raw_affiliation_text"": ""Universitat Politcnica de Valencia, Spain"", ""institution"": ""Universitat Politcnica de Valencia"", ""country"": ""Spain""}, {""raw_affiliation_text"": ""Valencian Research Institute for Artificial Intelligence (VRAIN)"", ""institution"": ""VRAIN"", ""country"": ""Spain""}]"
2020.emnlp-main.207,,,,2020.emnlp-main.207,done,Bangladesh University of Engineering and Technology,"# Not Low-Resource Anymore: Aligner Ensembling, Batch Filtering, and New Datasets for Bengali-English Machine Translation

Tahmid Hasan*, Abhik Bhattacharjee*, Kazi Samin, Masum Hasan, Madhusudan Basak, M. Sohel Rahman and Rifat Shahriyar

Bangladesh University of Engineering and Technology (BUET)

{tahmidhasan, madhusudan, msrahman, rifat}@cse.buet.ac.bd, {abhik, samin, masum}@ra.cse.buet.ac.bd",false,,,,"[{""raw_affiliation_text"": ""Bangladesh University of Engineering and Technology (BUET)"", ""institution"": ""Bangladesh University of Engineering and Technology"", ""country"": ""null""}]"
2020.emnlp-main.208,,,,2020.emnlp-main.208,done,Tencent Minority-Mandarin Translation,"# CSP: Code-Switching Pre-training for Neural Machine Translation

Zhen Yang, Bojie Hu, Ambyera Han, Shen Huang and Qi Ju*

Tencent Minority-Mandarin Translation

{zieenyang, bojiehu, ambyera, springhuang, demonju}@tencent.com",false,,,,"[{""raw_affiliation_text"": ""Tencent Minority-Mandarin Translation"", ""institution"": ""Tencent Minority-Mandarin Translation"", ""country"": null}]"
2020.emnlp-main.209,,,,2020.emnlp-main.209,done,University of Copenhagen | Alexandra Institutet | Google Research,"# Type B Reflexivization as an Unambiguous Testbed for Multilingual Multi-Task Gender Bias

Ana Valeria González<sup>1</sup>, Maria Barrett<sup>1,2</sup>, Rasmus Hvingelby<sup>2</sup>, Kellie Webster<sup>3</sup>, and Anders Søgaard<sup>1,3</sup>

<sup>1</sup>University of Copenhagen, <sup>2</sup>Alexandra Institutet, <sup>3</sup>Google Research

{ana,mjb,soegaard}@di.ku.dk,

rasmus.hvingelby@alexandra.dk

websterk@google.com",false,,,,"[{""raw_affiliation_text"": ""University of Copenhagen"", ""institution"": ""University of Copenhagen"", ""country"": null}, {""raw_affiliation_text"": ""Alexandra Institutet"", ""institution"": ""Alexandra Institutet"", ""country"": null}, {""raw_affiliation_text"": ""Google Research"", ""institution"": ""Google Research"", ""country"": null}]"
2020.emnlp-main.21,,,,2020.emnlp-main.21,done,The University of Texas at Austin,"# Calibration of Pre-trained Transformers

Shrey Desai and Greg Durrett

Department of Computer Science

The University of Texas at Austin

shreydesai@utexas.edu gdurrett@cs.utexas.edu",false,,,,"[{""raw_affiliation_text"": ""Department of Computer Science The University of Texas at Austin"", ""institution"": ""The University of Texas at Austin"", ""country"": null}]"
2020.emnlp-main.210,,,,2020.emnlp-main.210,done,Byte Dance AI Lab | Fudan University,"# Pre-training Multilingual Neural Machine Translation by Leveraging Alignment Information

Zehui Lin†,‡*, Xiao Pan†*, Mingxuan Wang†, Xipeng Qiu‡, Jiangtao Feng†, Hao Zhou†, Lei Li†  
†ByteDance AI Lab

{panxiao.94,wangmingxuan.89,zhouhao.nlp,fengjiangtao,lileilab} $@$ bytedance.com

$^{\ddagger}$ School of Computer Science, Fudan University, Shanghai, China

{linzh18,xpqiu}@fudan.edu.cn",false,,,,"[{""raw_affiliation_text"": ""ByteDance AI Lab"", ""institution"": ""Byte Dance AI Lab"", ""country"": null}, {""raw_affiliation_text"": ""School of Computer Science, Fudan University, Shanghai, China"", ""institution"": ""Fudan University"", ""country"": ""China""}]"
2020.emnlp-main.211,,,,2020.emnlp-main.211,done,The University of Edinburgh,"# Losing Heads in the Lottery: Pruning Transformer Attention in Neural Machine Translation

Maximiliana Behnke

The University of Edinburgh

maximiliana.behnke@ed.ac.uk

Kenneth Heafield

The University of Edinburgh

kheafiel@inf.ed.ac.uk",false,,,,"[{""raw_affiliation_text"": ""The University of Edinburgh"", ""institution"": ""The University of Edinburgh"", ""country"": null}]"
2020.emnlp-main.212,,,,2020.emnlp-main.212,done,Alibaba Group | Chinese Academy of Sciences | University of Chinese Academy of Sciences,"# Towards Enhancing Faithfulness for Neural Machine Translation

Rongxiang Weng $^{1}$ , Heng Yu $^{1}$ , Xiangpeng Wei $^{2,3*}$ , Weihua Luo $^{1}$

<sup>1</sup>Machine Intelligence Technology Lab, Alibaba Group, China

$^{2}$ Institute of Information Engineering, Chinese Academy of Sciences, China $^{3}$ School of Cyber Security, University of Chinese Academy of Sciences, China

{wengrx,yuheng.yh}@alibaba-inc.com

weixiangpeng@iei.ac.cn

weihua.luowh@alibaba-inc.com",false,,,,"[{""raw_affiliation_text"": ""Machine Intelligence Technology Lab, Alibaba Group, China"", ""institution"": ""Alibaba Group"", ""country"": ""China""}, {""raw_affiliation_text"": ""Institute of Information Engineering, Chinese Academy of Sciences, China"", ""institution"": ""Chinese Academy of Sciences"", ""country"": ""China""}, {""raw_affiliation_text"": ""School of Cyber Security, University of Chinese Academy of Sciences, China"", ""institution"": ""University of Chinese Academy of Sciences"", ""country"": ""China""}]"
2020.emnlp-main.213,,,,2020.emnlp-main.213,done,Unbabel AI,"# COMET: A Neural Framework for MT Evaluation

Ricardo Rei Craig Stewart Ana C Farinha Alon Lavie

Unbabel AI

{ricardo.rei, craig.stewart, catarina.farinha, alon.lavie}@unbabel.com",false,,,,"[{""raw_affiliation_text"": ""Unbabel AI"", ""institution"": ""Unbabel AI"", ""country"": null}]"
2020.emnlp-main.214,,,,2020.emnlp-main.214,done,LMU Munich,"# Reusing a Pretrained Language Model on Languages with Limited Corpora for Unsupervised NMT

Alexandra Chronopoulou, Dario Stojanovski, Alexander Fraser

Center for Information and Language Processing, LMU Munich, Germany {achron, stojanovski, fraser}@cis.lmu.de",false,,,,"[{""raw_affiliation_text"": ""Center for Information and Language Processing, LMU Munich, Germany"", ""institution"": ""LMU Munich"", ""country"": ""Germany""}]"
2020.emnlp-main.215,,,,2020.emnlp-main.215,done,Nanyang Technological University | Salesforce Research,"# LNMAP: Departures from Isomorphic Assumption in Bilingual Lexicon Induction Through Non-Linear Mapping in Latent Space

Tasnim Mohiuddin $^{\dagger}$ , M Saiful Bari $^{\dagger}$ , and Shafiq Joty $^{\dagger}$

Nanyang Technological University, Singapore

$\dagger$ Salesforce Research

{mohi0004, bari0001, srjoty}@ntu.edu.sg",false,,,,"[{""raw_affiliation_text"": ""Nanyang Technological University, Singapore"", ""institution"": ""Nanyang Technological University"", ""country"": ""Singapore""}, {""raw_affiliation_text"": ""Salesforce Research"", ""institution"": ""Salesforce Research"", ""country"": null}]"
2020.emnlp-main.216,,,,2020.emnlp-main.216,done,Chinese Academy of Sciences | University of Chinese Academy of Sciences | Alibaba Group,"# Uncertainty-Aware Semantic Augmentation for Neural Machine Translation

Xiangpeng Wei $^{1,2*}$ , Heng Yu $^{3}$ , Yue Hu $^{1,2\dagger}$ , Rongxiang Weng $^{3}$ , Luxi Xing $^{1,2}$ , Weihua Luo $^{3}$

$^{1}$ Institute of Information Engineering, Chinese Academy of Sciences, Beijing, China $^{2}$ School of Cyber Security, University of Chinese Academy of Sciences, Beijing, China $^{3}$ Machine Intelligence Technology Lab, Alibaba Group, Hangzhou, China  
{weixiangpeng, huyue, xingluxi}@ie.ac.cn  
{yuheng.yh, wengrx, weihua.luowh}@alibaba-inc.com",false,,,,"[{""raw_affiliation_text"": ""Institute of Information Engineering, Chinese Academy of Sciences, Beijing, China"", ""institution"": ""Chinese Academy of Sciences"", ""country"": ""China""}, {""raw_affiliation_text"": ""School of Cyber Security, University of Chinese Academy of Sciences, Beijing, China"", ""institution"": ""University of Chinese Academy of Sciences"", ""country"": ""China""}, {""raw_affiliation_text"": ""Machine Intelligence Technology Lab, Alibaba Group, Hangzhou, China"", ""institution"": ""Alibaba Group"", ""country"": ""China""}]"
2020.emnlp-main.217,,,,2020.emnlp-main.217,done,"Rakuten, Inc.","# Can Automatic Post-Editing Improve NMT?

Shamil Chollampatt

Rakuten, Inc.

shamil.chollampatt@rakuten.com

Liling Tan

Rakuten, Inc.

liling.tan@rakuten.com

Raymond Hendy Susanto

Rakuten, Inc.

raymhs91@gmail.com

Ewa Szymanska

Rakuten, Inc.

ewa.szymanska@rakuten.com",false,,,,"[{""raw_affiliation_text"": ""Rakuten, Inc."", ""institution"": ""Rakuten, Inc."", ""country"": null}]"
2020.emnlp-main.218,,,,2020.emnlp-main.218,done,Nagoya University,"# Parsing Gapping Constructions Based on Grammatical and Semantic Roles

Yoshihide Kato and Shigeki Matsubara

Information & Communications, Nagoya University

Furo-cho, Chikusa-ku, Nagoya, 464-8601 Japan

yoshihide@icts.nagoya-u.ac.jp",false,,,,"[{""raw_affiliation_text"": ""Information & Communications, Nagoya University"", ""institution"": ""Nagoya University"", ""country"": ""Japan""}]"
2020.emnlp-main.219,,,,2020.emnlp-main.219,done,Université Paris-Saclay,"# Span-based discontinuous constituency parsing: a family of exact chart-based algorithms with time complexities from $\mathcal{O}(n^6)$ down to $\mathcal{O}(n^3)$

Caio Corro*  
Université Paris-Saclay, CNRS, LIMSI, 91400, Orsay, France. caio.corro@limsi.fr",false,,,,"[{""raw_affiliation_text"": ""Université Paris-Saclay, CNRS, LIMSI, 91400, Orsay, France."", ""institution"": ""Université Paris-Saclay"", ""country"": ""France""}]"
2020.emnlp-main.22,,,,2020.emnlp-main.22,done,University of Illinois Urbana-Champaign,"# Near-imperceptible Neural Linguistic Steganography via Self-Adjusting Arithmetic Coding

Jiaming Shen, Heng Ji, Jiawei Han

Department of Computer Science, University of Illinois Urbana-Champaign, IL, USA

{js2, hengji, hanj} @illinois.edu",false,,,,"[{""raw_affiliation_text"": ""Department of Computer Science, University of Illinois Urbana-Champaign, IL, USA"", ""institution"": ""University of Illinois Urbana-Champaign"", ""country"": ""USA""}]"
2020.emnlp-main.220,,,,2020.emnlp-main.220,done,University of Copenhagen,"# Some Languages Seem Easier to Parse Because Their Treebanks Leak

Anders Søgaard  
Dpt. of Computer Science  
University of Copenhagen  
soegaard@di.ku.dk",false,,,,"[{""raw_affiliation_text"": ""Dpt. of Computer Science, University of Copenhagen"", ""institution"": ""University of Copenhagen"", ""country"": null}]"
2020.emnlp-main.221,,,,2020.emnlp-main.221,done,Universidade da Coruña,"# Discontinuous Constituent Parsing as Sequence Labeling

David Vilares and Carlos Gomez-Rodriguez

Universidade da Coruña, CITIC

Departamento de Ciencias de la Computacion y Tecnologias de la Informacion

Campus de Elvina s/n, 15071

A Coruña, Spain

{david.vilares, carlos.gomez}@udc.es",false,,,,"[{""raw_affiliation_text"": ""Universidade da Coruña, CITIC"", ""institution"": ""Universidade da Coruña"", ""country"": ""Spain""}]"
2020.emnlp-main.222,,,,2020.emnlp-main.222,done,Tsinghua University,"# Modularized Syntactic Neural Networks for Sentence Classification

Haiyan Wu, Ying Liu*, Shaoyun Shi Tsinghua University, Beijing, China, 100084 wuhyl7@mails.tsinghua.edu.cn",false,,,,"[{""raw_affiliation_text"": ""Tsinghua University, Beijing, China, 100084"", ""institution"": ""Tsinghua University"", ""country"": ""China""}]"
2020.emnlp-main.223,,,,2020.emnlp-main.223,done,University of Edinburgh | Tianjin University,"# TED-CDB: A Large-Scale Chinese Discourse Relation Dataset on TED Talks

Wanqiu Long †, Bonnie Webber†, and Deyi Xiong‡

† University of Edinburgh, Edinburgh, UK

$^{\ddagger}$ College of Intelligence and Computing, Tianjin University, Tianjin, China

Wanqiu.long@ed.ac.uk, bonnie.webber@ed.ac.uk, dyxiong@tju.edu.cn",false,,,,"[{""raw_affiliation_text"": ""University of Edinburgh, Edinburgh, UK"", ""institution"": ""University of Edinburgh"", ""country"": ""UK""}, {""raw_affiliation_text"": ""College of Intelligence and Computing, Tianjin University, Tianjin, China"", ""institution"": ""Tianjin University"", ""country"": ""China""}]"
2020.emnlp-main.224,,,,2020.emnlp-main.224,done,Bar Ilan University | Allen Institute for Artificial Intelligence,"# QADiscourse - Discourse Relations as QA Pairs: Representation, Crowdsourcing and Baselines

Valentina Pyatkin<sup>1</sup> Ayal Klein<sup>1</sup> Reut Tsarfaty<sup>1,2</sup> Ido Dagan<sup>1</sup>

<sup>1</sup>Computer Science Department, Bar Ilan University

$^{2}$ Allen Institute for Artificial Intelligence

{valpyatkin,ayal.s.klein,ido.k.dagan,reut.tsarfaty}@gmail.com",false,,,,"[{""raw_affiliation_text"": ""Computer Science Department, Bar Ilan University"", ""institution"": ""Bar Ilan University"", ""country"": null}, {""raw_affiliation_text"": ""Allen Institute for Artificial Intelligence"", ""institution"": ""Allen Institute for Artificial Intelligence"", ""country"": null}]"
2020.emnlp-main.225,,,,2020.emnlp-main.225,done,Capital Normal University | i FLYTEK Research | i FLYTEK AI Research (Hebei) | Harbin Institute of Technology,"# Discourse Self-Attention for Discourse Element Identification in Argumentative Student Essays

Wei Song $^{1}$ , Ziyao Song $^{1}$ , Ruiji Fu $^{2,3}$ , Lizhen Liu $^{1}$ , Miaomiao Cheng $^{1}$ , Ting Liu $^{4}$

<sup>1</sup>College of Information Engineering and Academy for Multidisciplinary Studies, Capital Normal University, Beijing, China

$^{2}$ State Key Laboratory of Cognitive Intelligence, iFLYTEK Research, China

$^{3}$ iFLYTEK AI Research (Hebei), Langfang, China

$^{4}$ Research Center for Social Computing and Information Retrieval, Harbin Institute of Technology, Harbin, China

{wsong, zysong, liz.liu7480, B365}@cnu.edu.cn, rjfu@iflytek.com,tliu@ir.hit.edu.cn",false,,,,"[{""raw_affiliation_text"": ""College of Information Engineering and Academy for Multidisciplinary Studies, Capital Normal University, Beijing, China"", ""institution"": ""Capital Normal University"", ""country"": ""China""}, {""raw_affiliation_text"": ""State Key Laboratory of Cognitive Intelligence, iFLYTEK Research, China"", ""institution"": ""i FLYTEK Research"", ""country"": ""China""}, {""raw_affiliation_text"": ""iFLYTEK AI Research (Hebei), Langfang, China"", ""institution"": ""i FLYTEK AI Research (Hebei)"", ""country"": ""China""}, {""raw_affiliation_text"": ""Research Center for Social Computing and Information Retrieval, Harbin Institute of Technology, Harbin, China"", ""institution"": ""Harbin Institute of Technology"", ""country"": ""China""}]"
2020.emnlp-main.226,,,,2020.emnlp-main.226,done,The Hong Kong University of Science and Technology | NVIDIA,"# MEGATRON-CNTRL: Controllable Story Generation with External Knowledge Using Large-Scale Language Models

Peng Xu\*, Mostofa Patwary, Mohammad Shoeybi, Raul Puri, Pascale Fung, Anima Anandkumar, Bryan Catanzaro

$^{\ddagger}$ The Hong Kong University of Science and Technology, $^{\S}$ NVIDIA

peng.xu@connect.ust.hk, mpatwary@nvidia.com",false,,,,"[{""raw_affiliation_text"": ""The Hong Kong University of Science and Technology"", ""institution"": ""The Hong Kong University of Science and Technology"", ""country"": ""null""}, {""raw_affiliation_text"": ""NVIDIA"", ""institution"": ""NVIDIA"", ""country"": ""null""}]"
2020.emnlp-main.227,,,,2020.emnlp-main.227,done,Beihang University | Microsoft Research,"# Incomplete Utterance Rewriting as Semantic Segmentation

Qian Liu\*, Bei Chen\$, Jian-Guang Lou\$, Bin Zhou\+, Dongmei Zhang

†School of Computer Science and Engineering, Beihang University, China  
§Microsoft Research, Beijing, China

†{qian.liu, zhoubin}@buaa.edu.cn; §{beichen, jlou, dongmeiz} @microsoft.com",false,,,,"[{""raw_affiliation_text"": ""School of Computer Science and Engineering, Beihang University, China"", ""institution"": ""Beihang University"", ""country"": ""China""}, {""raw_affiliation_text"": ""Microsoft Research, Beijing, China"", ""institution"": ""Microsoft Research"", ""country"": ""China""}]"
2020.emnlp-main.228,,,,2020.emnlp-main.228,done,Fudan University,"# Improving Grammatical Error Correction Models with Purpose-Built Adversarial Examples

Lihao Wang, Xiaoqing Zheng

School of Computer Science, Fudan University, Shanghai, China

Shanghai Key Laboratory of Intelligent Information Processing

{wanglh19, zhengxq}@fudan.edu.cn",false,,,,"[{""raw_affiliation_text"": ""School of Computer Science, Fudan University, Shanghai, China"", ""institution"": ""Fudan University"", ""country"": ""China""}]"
2020.emnlp-main.229,,,,2020.emnlp-main.229,done,Peking University | Microsoft Research Asia,"# Homophonic Pun Generation with Lexically Constrained Rewriting

Zhiwei Yu\*,1,2, Hongyu Zang\*,1 and Xiaojun Wan

$^{1}$ Wangxuan Institute of Computer Technology, Peking University

<sup>1</sup>The MOE Key Laboratory of Computational Linguistics, Peking University

$^{2}$ Microsoft Research Asia

yuzw, zanghy, wanxiajun@oku.edu.cn",false,,,,"[{""raw_affiliation_text"": ""Wangxuan Institute of Computer Technology, Peking University"", ""institution"": ""Peking University"", ""country"": null}, {""raw_affiliation_text"": ""Microsoft Research Asia"", ""institution"": ""Microsoft Research Asia"", ""country"": null}]"
2020.emnlp-main.23,,,,2020.emnlp-main.23,done,Facebook AI Research | Laboratoire Lorrain d'Informatique et Applications,"# Multi-Dimensional Gender Bias Classification

# Emily Dinan*, Angela Fan\*, Ledell Wu, Jason Weston, Douwe Kiela, Adina Williams  
Facebook AI Research

†Laboratoire Lorrain d'Informatique et Applications (LORIA)",false,,,,"[{""raw_affiliation_text"": ""Facebook AI Research"", ""institution"": ""Facebook AI Research"", ""country"": null}, {""raw_affiliation_text"": ""Laboratoire Lorrain d'Informatique et Applications (LORIA)"", ""institution"": ""Laboratoire Lorrain d'Informatique et Applications"", ""country"": null}]"
2020.emnlp-main.230,,,,2020.emnlp-main.230,done,"Dublin City University | Autodesk, inc.","# How to Make Neural Natural Language Generation as Reliable as Templates in Task-Oriented Dialogue

Henry Elder

ADAPT Centre

Dublin City University

henry.elder@adaptcentre.ie

Alexander O'Connor

Autodesk, inc.

alex. oconnor@autodesk.com

Jennifer Foster

School of Computing

Dublin City University

jennifer.foster@dcu.ie",false,,,,"[{""raw_affiliation_text"": ""ADAPT Centre, Dublin City University"", ""institution"": ""Dublin City University"", ""country"": null}, {""raw_affiliation_text"": ""Autodesk, inc."", ""institution"": ""Autodesk, inc."", ""country"": null}]"
2020.emnlp-main.231,,,,2020.emnlp-main.231,done,Université de Lorraine | CNRS,"# Multilingual AMR-to-Text Generation

Angela Fan

FAIR/LORIA

Université de Lorraine, Nancy, France

angelafan@fb.com

Claire Gardent

CNRS/LORIA

Nancy, France

cgardent@loria.fr",false,,,,"[{""raw_affiliation_text"": ""Université de Lorraine, Nancy, France"", ""institution"": ""Université de Lorraine"", ""country"": ""France""}, {""raw_affiliation_text"": ""CNRS/LORIA Nancy, France"", ""institution"": ""CNRS"", ""country"": ""France""}]"
2020.emnlp-main.232,,,,2020.emnlp-main.232,done,University of Cambridge | ETH Zürich,"# Exploring the Linear Subspace Hypothesis in Gender Bias Mitigation

Francisco Vargas and Ryan Cotterell

$^{5}$ University of Cambridge ETH Zürich

fav25@cam.ac.uk, rcotterell@inf.ethz.ch",false,,,,"[{""raw_affiliation_text"": ""University of Cambridge"", ""institution"": ""University of Cambridge"", ""country"": null}, {""raw_affiliation_text"": ""ETH Zürich"", ""institution"": ""ETH Zürich"", ""country"": null}]"
2020.emnlp-main.233,,,,2020.emnlp-main.233,done,National Taiwan University,"# Lifelong Language Knowledge Distillation

Yung-Sung Chuang Shang-Yu Su Yun-Nung Chen

National Taiwan University, Taipei, Taiwan

{b05901033,f05921117}@ntu.edu.tw y.v.chen@ieee.org",false,,,,"[{""raw_affiliation_text"": ""National Taiwan University, Taipei, Taiwan"", ""institution"": ""National Taiwan University"", ""country"": ""Taiwan""}]"
2020.emnlp-main.234,,,,2020.emnlp-main.234,done,Imperial College London | Uppsala University | Aalto University | Linkoping University,"# Sparse Parallel Training of Hierarchical Dirichlet Process Topic Models

Alexander Terenin  
Imperial College London

Måns Magnusson  
Uppsala University and Aalto University

Leif Jonsson Ericsson AB and Linkoping University",false,,,,"[{""raw_affiliation_text"": ""Imperial College London"", ""institution"": ""Imperial College London"", ""country"": null}, {""raw_affiliation_text"": ""Uppsala University"", ""institution"": ""Uppsala University"", ""country"": null}, {""raw_affiliation_text"": ""Aalto University"", ""institution"": ""Aalto University"", ""country"": null}, {""raw_affiliation_text"": ""Linkoping University"", ""institution"": ""Linkoping University"", ""country"": null}]"
2020.emnlp-main.235,,,,2020.emnlp-main.235,done,Monash University | Deakin University,"# Multi-label Few/Zero-shot Learning with Knowledge Aggregated from Multiple Label Graphs

Jueqing Lu $^{1}$ , Lan Du $^{1*}$ , Ming Liu $^{2}$ , and Joanna Dipnall $^{3}$

$^{1}$ Faculty of Information Technology, Monash University, Australia, VIC 3800

$^{2}$ School of Information Technology, Deakin University, Australia, VIC 3217

$^{3}$ School of Public Health and Preventive Medicine, Monash University, Australia, VIC 3800

jluu0014@student.monash.edu {lan.du, jo.dipnall}@monash.edu m.liu@deakin.edu.au",false,,,,"[{""raw_affiliation_text"": ""Faculty of Information Technology, Monash University, Australia, VIC 3800"", ""institution"": ""Monash University"", ""country"": ""Australia""}, {""raw_affiliation_text"": ""School of Information Technology, Deakin University, Australia, VIC 3217"", ""institution"": ""Deakin University"", ""country"": ""Australia""}]"
2020.emnlp-main.236,,,,2020.emnlp-main.236,done,Tohoku University | RIKEN,"# Word Rotator’s Distance

Sho Yokoi1,2 Ryo Takahashi1,2 Reina Akama1,2 Jun Suzuki 1,2 Kentaro Inui 1,2

1 Tohoku University 2 RIKEN

{yokoi, ryo.t, reina.a, jun.suzuki, inui}@ecei.tohoku.ac.jp",false,,,,"[{""raw_affiliation_text"": ""Tohoku University"", ""institution"": ""Tohoku University"", ""country"": null}, {""raw_affiliation_text"": ""RIKEN"", ""institution"": ""RIKEN"", ""country"": null}]"
2020.emnlp-main.237,,,,2020.emnlp-main.237,done,Peking University | Tencent Inc.,"# Disentangle-based Continual Graph Representation Learning

Xiaoyu Kou1∗, Yankai Lin2, Shaobo Liu2, Peng $\mathbf { L i } ^ { 2 }$ , Jie Zhou2, Yan Zhang1

1Key Laboratory of Machine Perception (MOE),

Department of Machine Intelligence, Peking University, Beijing, China

2Pattern Recognition Center, WeChat AI, Tencent Inc., China

{kouxiaoyu,zhyzhy001}@pku.edu.cn

{yankailin,patrickpli,withtomzhou}@tencent.com",false,,,,"[{""raw_affiliation_text"": ""Key Laboratory of Machine Perception (MOE), Department of Machine Intelligence, Peking University, Beijing, China"", ""institution"": ""Peking University"", ""country"": ""China""}, {""raw_affiliation_text"": ""Pattern Recognition Center, WeChat AI, Tencent Inc., China"", ""institution"": ""Tencent Inc."", ""country"": ""China""}]"
2020.emnlp-main.238,,,,2020.emnlp-main.238,done,Tsinghua University | HKUST,"# Semi-Supervised Bilingual Lexicon Induction with Two-way Interaction

Xu Zhao $^{1}$ , Zihao Wang $^{2}$ , Hao Wu $^{3}$ , Zhang Yong $^{1}$

<sup>1</sup>BNRist, Department of Computer Science and Technology, RIIT,

Institute of Internet Industry, Tsinghua University, Beijing, China

$^{2}$ Department of CSE, HKUST, Hong Kong SAR, China

$^{3}$ Department of Mathematical Sciences, Tsinghua University, Beijing, China

zhaoxu18@mails.tsinghua.edu.cn

zwangggc@cse.ust.hk

{hwu,zhangyong05}@tsinghua.edu.cn",false,,,,"[{""raw_affiliation_text"": ""BNRist, Department of Computer Science and Technology, RIIT, Institute of Internet Industry, Tsinghua University, Beijing, China"", ""institution"": ""Tsinghua University"", ""country"": ""China""}, {""raw_affiliation_text"": ""Department of CSE, HKUST, Hong Kong SAR, China"", ""institution"": ""HKUST"", ""country"": ""China""}]"
2020.emnlp-main.239,,,,2020.emnlp-main.239,done,Renmin University of China | Chinese Academy of Sciences | Alibaba Group,"# Wasserstein Distance Regularized Sequence Representation for Text Matching in Asymmetrical Domains

Weijie Yu $^{1}$ , Chen Xu $^{2}$ , Jun Xu $^{2,3,*}$ , Liang Pang $^{4}$ , Xiaopeng Gao $^{5}$ , Xiaozhao Wang $^{5}$ , Ji-Rong Wen $^{2,3}$

<sup>1</sup>School of Information, Renmin University of China

$^{2}$ Gaoling School of Artificial Intelligence, Renmin University of China

<sup>3</sup>Beijing Key Laboratory of Big Data Management and Analysis Methods

$^{4}$ Institute of Computing Technology, Chinese Academy of Sciences; $^{5}$ Alibaba Group

{yuweijie, xc_chen, junxu, jrwen} @ruc.edu.cn, pangliang@ict.ac.cn,",false,,,,"[{""raw_affiliation_text"": ""School of Information, Renmin University of China"", ""institution"": ""Renmin University of China"", ""country"": ""China""}, {""raw_affiliation_text"": ""Institute of Computing Technology, Chinese Academy of Sciences"", ""institution"": ""Chinese Academy of Sciences"", ""country"": ""China""}, {""raw_affiliation_text"": ""Alibaba Group"", ""institution"": ""Alibaba Group"", ""country"": null}]"
2020.emnlp-main.24,,,,2020.emnlp-main.24,done,Imperial College London,"# FIND: Human-in-the-Loop Debugging Deep Text Classifiers

Piyawat Lertvittayakumjorn, Lucia Specia, Francesca Toni Department of Computing, Imperial College London, UK {pl1515, l.specia, ft}@imperial.ac.uk",false,,,,"[{""raw_affiliation_text"": ""Department of Computing, Imperial College London, UK"", ""institution"": ""Imperial College London"", ""country"": ""UK""}]"
2020.emnlp-main.240,,,,2020.emnlp-main.240,done,Microsoft,"# A Simple Approach to Learning Unsupervised Multilingual Embeddings

Pratik Jawanpuria, Mayank Meghwanshi, Bamdev Mishra  
Microsoft, India

{pratik.jawanpuria,mamegh,bamdevm}@microsoft.com",false,,,,"[{""raw_affiliation_text"": ""Microsoft, India"", ""institution"": ""Microsoft"", ""country"": ""India""}]"
2020.emnlp-main.241,,,,2020.emnlp-main.241,done,IBM Research,"# Bootstrapped Q-learning with Context Relevant Observation Pruning to Generalize in Text-based Games

Subhajit Chaudhury IBM Research

subhajit@jp.ibm.com

Daiki Kimura IBM Research

daiki@jp.ibm.com

Kartik Talamadupula IBM Research

krtalamad@us.ibm.com

Michiaki Tatsubori IBM Research

mich@jp.ibm.com

Asim Munawar IBM Research

asim@jp.ibm.com

Ryuki Tachibana IBM Research

ryuki@jp.ibm.com",false,,,,"[{""raw_affiliation_text"": ""IBM Research"", ""institution"": ""IBM Research"", ""country"": null}]"
2020.emnlp-main.242,,,,2020.emnlp-main.242,done,"Beijing Ultrapower Software Co.,Ltd. | Harbin Institute of Technology (Shenzhen) | Shenzhen Institutes of Advanced Technology, Chinese Academy of Sciences","# BERT-EMD: Many-to-Many Layer Mapping for BERT Compression with Earth Mover's Distance

Jianquan Li $^{1*}$ , Xiaokang Liu $^{1*}$ , Honghong Zhao $^{1}$ , Ruifeng Xu $^{2}$ , Min Yang $^{3\dagger}$ , Yaohong Jin $^{1}$

<sup>1</sup>Beijing Ultrapower Software Co.,Ltd., China

$^{2}$ Harbin Institute of Technology (Shenzhen), China

3Shenzhen Key Laboratory for High Performance Data Mining,

Shenzhen Institutes of Advanced Technology, Chinese Academy of Sciences, China

{lijianquan2, liuxiaokang1, zhaohonghong1, jinyaohong}@ultrapower.com.cn

xuruifeng@hit.edu.cn, min.yang@siat.ac.cn",false,,,,"[{""raw_affiliation_text"": ""Beijing Ultrapower Software Co.,Ltd., China"", ""institution"": ""Beijing Ultrapower Software Co.,Ltd."", ""country"": ""China""}, {""raw_affiliation_text"": ""Harbin Institute of Technology (Shenzhen), China"", ""institution"": ""Harbin Institute of Technology (Shenzhen)"", ""country"": ""China""}, {""raw_affiliation_text"": ""Shenzhen Key Laboratory for High Performance Data Mining, Shenzhen Institutes of Advanced Technology, Chinese Academy of Sciences, China"", ""institution"": ""Shenzhen Institutes of Advanced Technology, Chinese Academy of Sciences"", ""country"": ""China""}]"
2020.emnlp-main.243,,,,2020.emnlp-main.243,done,East China University of Science and Technology,"# Slot Attention with Value Normalization for Multi-Domain Dialogue State Tracking

Yexiang Wang, Yi Guo*, and Siqi Zhu

East China University of Science and Technology

wyxiang@mail.ecust.edu.cn,guoyi@ecust.edu.cn

zhusiqi@mail.ecust.edu.cn",false,,,,"[{""raw_affiliation_text"": ""East China University of Science and Technology"", ""institution"": ""East China University of Science and Technology"", ""country"": null}]"
2020.emnlp-main.244,,,,2020.emnlp-main.244,done,University College London,"# Don't Read Too Much Into It: Adaptive Computation for Open-Domain Question Answering

Yuxiang Wu Sebastian Riedel Pasquale Minervini Pontus Stenetorp University College London

{yuxiang.wu,s.riedel,p.minervini,p.stenetorp}@cs.ucl.ac.uk",false,,,,"[{""raw_affiliation_text"": ""University College London"", ""institution"": ""University College London"", ""country"": null}]"
2020.emnlp-main.245,,,,2020.emnlp-main.245,done,University of Edinburgh | Allen Institute for AI,"# Multi-Step Inference for Reasoning Over Paragraphs

Jiangming Liu\*, Matt Gardner\*, Shay B. Cohen\*, Mirella Lapata\*

$\spadesuit$ ILCC, University of Edinburgh

* Allen Institute for AI

jiangming.liu@ed.ac.uk, mattg@allenai.org,

{scohen,mlap}@inf.ed.ac.uk",false,,,,"[{""raw_affiliation_text"": ""ILCC, University of Edinburgh"", ""institution"": ""University of Edinburgh"", ""country"": null}, {""raw_affiliation_text"": ""Allen Institute for AI"", ""institution"": ""Allen Institute for AI"", ""country"": null}]"
2020.emnlp-main.246,,,,2020.emnlp-main.246,done,ETH Zurich | The Ohio State University,"# Learning a Cost-Effective Annotation Policy for Question Answering

Bernhard Kratzwald Stefan Feuerriegel Huan Sun

$\diamond$ Chair of Management Information Systems, ETH Zurich

$\spadesuit$ Department of Computer Science and Engineering, The Ohio State University

{bkratzwald, sfeuerriegel}@ethz.ch sun.397@osu.edu",false,,,,"[{""raw_affiliation_text"": ""Chair of Management Information Systems, ETH Zurich"", ""institution"": ""ETH Zurich"", ""country"": null}, {""raw_affiliation_text"": ""Department of Computer Science and Engineering, The Ohio State University"", ""institution"": ""The Ohio State University"", ""country"": null}]"
2020.emnlp-main.247,,,,2020.emnlp-main.247,done,"Chinese Academy of Sciences | University of Chinese Academy of Sciences | Huawei Technologies Co., Ltd","# Scene Restoring for Narrative Machine Reading Comprehension

Zhixing Tian $^{1,2}$ , Yuanzhe Zhang $^{1}$ , Kang Liu $^{1,2}$ , Jun Zhao $^{1,2}$ , Yantao Jia $^{3}$ , Zhicheng Sheng $^{3}$

$^{1}$ National Laboratory of Pattern Recognition, Institute of Automation, Chinese Academy of Sciences, Beijing, 100190, China   
$^{2}$ University of Chinese Academy of Sciences, Beijing, 100049, China

<sup>3</sup> Huawei Technologies Co., Ltd, Beijing, 100085, China {zhixing.tian, yzzhang, kliu, jzhao} @nlpr.ia.ac.cn jamaths.h@163.com, shengzhicheng@huawei.com",false,,,,"[{""raw_affiliation_text"": ""National Laboratory of Pattern Recognition, Institute of Automation, Chinese Academy of Sciences, Beijing, 100190, China"", ""institution"": ""Chinese Academy of Sciences"", ""country"": ""China""}, {""raw_affiliation_text"": ""University of Chinese Academy of Sciences, Beijing, 100049, China"", ""institution"": ""University of Chinese Academy of Sciences"", ""country"": ""China""}, {""raw_affiliation_text"": ""Huawei Technologies Co., Ltd, Beijing, 100085, China"", ""institution"": ""Huawei Technologies Co., Ltd"", ""country"": ""China""}]"
2020.emnlp-main.248,,,,2020.emnlp-main.248,done,Tel Aviv University | Allen Institute for AI | Google Research,"# A Simple and Effective Model for Answering Multi-span Questions

Elad Segal<sup>1</sup>, Avia Efrat<sup>1</sup>, Mor Shoham<sup>1</sup>, Amir Globerson<sup>1,3</sup>, Jonathan Berant<sup>1,2</sup>

$^{1}$ Tel Aviv University $^{2}$ Allen Institute for AI $^{3}$ Google Research

elad.segal@gmail.com, {aviaefra,morshoham}@mail.tau.ac.il

amir.globerson@gmail.com,从业者@cs.tau.ac.il",false,,,,"[{""raw_affiliation_text"": ""Tel Aviv University"", ""institution"": ""Tel Aviv University"", ""country"": null}, {""raw_affiliation_text"": ""Allen Institute for AI"", ""institution"": ""Allen Institute for AI"", ""country"": null}, {""raw_affiliation_text"": ""Google Research"", ""institution"": ""Google Research"", ""country"": null}]"
2020.emnlp-main.249,,,,2020.emnlp-main.249,done,Interviewweb S.r.l. (Zucchetti group),"# Top-Rank-Focused Adaptive Vote Collection for the Evaluation of Domain-Specific Semantic Models

Pierangelo Lombardo<sup>1</sup>, Alessio Boiardi<sup>1</sup>, Luca Colombo<sup>1</sup>, Angelo Schiavone<sup>1</sup>, and Nicolò Tamagnone<sup>1</sup>

<sup>1</sup> Interviewweb S.r.l. (Zucchetti group), Turin, Italy

{pierangelo.lombardo, alessio.boiardi, luca.colombo, angelo.schiavone, nicolo.tamagnone}@interviewweb.it",false,,,,"[{""raw_affiliation_text"": ""Interviewweb S.r.l. (Zucchetti group), Turin, Italy"", ""institution"": ""Interviewweb S.r.l. (Zucchetti group)"", ""country"": ""Italy""}]"
2020.emnlp-main.25,,,,2020.emnlp-main.25,done,IBM Research | e Bay Research,"# Conversational Document Prediction to Assist Customer Care Agents

Jatin Ganhotra, $^{1}$ Haggai Roitman, $^{2*}$ Doron Cohen, $^{1}$ Nathaniel Mills, $^{1}$ Chulaka Gunasekara, $^{1}$ Yosi Mass, $^{1}$ Sachindra Joshi, $^{1}$ Luis Lastras, $^{1}$ David Konopnicki $^{1}$

<sup>1</sup>IBM Research, <sup>2</sup>eBay Research

{jatinganhotra, wnm3, lastrasl} @us.ibm.com, hroitman@ebay.com, chulaka.gunasekara@ibm.com, {doronic, yosimass, davidko} @il.ibm.com, jsachind@in.ibm.com",false,,,,"[{""raw_affiliation_text"": ""IBM Research"", ""institution"": ""IBM Research"", ""country"": null}, {""raw_affiliation_text"": ""eBay Research"", ""institution"": ""e Bay Research"", ""country"": null}]"
2020.emnlp-main.250,,,,2020.emnlp-main.250,done,Alibaba Group | East China Normal University,"# Meta Fine-Tuning Neural Language Models for Multi-Domain Text Mining

Chengyu Wang $^{1}$ , Minghui Qiu $^{1*}$ , Jun Huang $^{1}$ , Xiaofeng He $^{2}$

<sup>1</sup> Alibaba Group <sup>2</sup> East China Normal University

{chengyu.wcy, minghui.qmh, huangjun.hj}@alibaba-inc.com  
hexf@cs.ecnu.edu.cn",false,,,,"[{""raw_affiliation_text"": ""Alibaba Group"", ""institution"": ""Alibaba Group"", ""country"": null}, {""raw_affiliation_text"": ""East China Normal University"", ""institution"": ""East China Normal University"", ""country"": null}]"
2020.emnlp-main.251,,,,2020.emnlp-main.251,done,SEEK Ltd | Microsoft,"# Incorporating Behavioral Hypotheses for Query Generation

Ruey-Cheng Chen

SEEK Ltd

rcchen@seek.com.au

Chia-Jung Lee

Microsoft

cjlee@microsoft.com",false,,,,"[{""raw_affiliation_text"": ""SEEK Ltd"", ""institution"": ""SEEK Ltd"", ""country"": null}, {""raw_affiliation_text"": ""Microsoft"", ""institution"": ""Microsoft"", ""country"": null}]"
2020.emnlp-main.252,,,,2020.emnlp-main.252,done,City University of Hong Kong | Hong Kong Polytechnic University,"# Conditional Causal Relationships between Emotions and Causes in Texts

Xinhong Chen $^{1}$ , Qing Li $^{2}$ , Jianping Wang $^{1}$

<sup>1</sup> Department of Computer Science, City University of Hong Kong, Kowloon, Hong Kong

$^{2}$ Department of Computing, Hong Kong Polytechnic University, Kowloon, Hong Kong

xinhchen2-c@my.cityu.edu.hk, jianwang@cityu.edu.hk

qing-prof.li@polyu.edu.hk",false,,,,"[{""raw_affiliation_text"": ""Department of Computer Science, City University of Hong Kong, Kowloon, Hong Kong"", ""institution"": ""City University of Hong Kong"", ""country"": ""Hong Kong""}, {""raw_affiliation_text"": ""Department of Computing, Hong Kong Polytechnic University, Kowloon, Hong Kong"", ""institution"": ""Hong Kong Polytechnic University"", ""country"": ""Hong Kong""}]"
2020.emnlp-main.253,,,,2020.emnlp-main.253,done,University of Cambridge | University College London,"# COMETA: A Corpus for Medical Entity Linking in the Social Media

Marco Basaldella†,*, Fangyu Liu†,*, Ehsan Shareghi†,‡, Nigel Collier†

†Language Technology Lab, University of Cambridge

‡ University College London

$\dagger$ {mb2313, f1399, nhc30}@cam.ac.uk

$^\ddagger$ e.shareghi@ucl.ac.uk",false,,,,"[{""raw_affiliation_text"": ""Language Technology Lab, University of Cambridge"", ""institution"": ""University of Cambridge"", ""country"": null}, {""raw_affiliation_text"": ""University College London"", ""institution"": ""University College London"", ""country"": null}]"
2020.emnlp-main.254,,,,2020.emnlp-main.254,done,University of Cambridge | University of Edinburgh | Facebook AI Research | ETH Zürich,"# Pareto Probing: Trading Off Accuracy for Complexity

![](images/14e2b28bb9241cd565b81493c6eeffec76c8c768c683257d06146e96ba808621.jpg)",true,auto/images/14e2b28bb9241cd565b81493c6eeffec76c8c768c683257d06146e96ba808621.jpg,"Tiago Pimentel*  Naomi Saphra*  Adina Williams  Ryan Cotterell
University of Cambridge  University of Edinburgh  Facebook AI Research  ETH Zürich
tp472@cam.ac.uk, n.saphra@ed.ac.uk, adinawilliams@fb.com, ryan.cotterell@inf.ethz.ch",,"[{""raw_affiliation_text"": ""University of Cambridge"", ""institution"": ""University of Cambridge"", ""country"": null}, {""raw_affiliation_text"": ""University of Edinburgh"", ""institution"": ""University of Edinburgh"", ""country"": null}, {""raw_affiliation_text"": ""Facebook AI Research"", ""institution"": ""Facebook AI Research"", ""country"": null}, {""raw_affiliation_text"": ""ETH Zürich"", ""institution"": ""ETH Zürich"", ""country"": ""Switzerland""}]"
2020.emnlp-main.255,,,,2020.emnlp-main.255,done,Seoul National University,"# Interpretation of NLP models through input marginalization

Siwon Kim Jihun Yi Eunji Kim Sungroh Yoon*

Data Science and Artificial Intelligence Laboratory

ECE, Interdisciplinary Program in AI, and Institute of Engineering Research

Seoul National University, Seoul 08826, South Korea

{tuslkkk, t080205, kce407, sryoon}@snu.ac.kr",false,,,,"[{""raw_affiliation_text"": ""Data Science and Artificial Intelligence Laboratory, ECE, Interdisciplinary Program in AI, and Institute of Engineering Research, Seoul National University, Seoul 08826, South Korea"", ""institution"": ""Seoul National University"", ""country"": ""South Korea""}]"
2020.emnlp-main.256,,,,2020.emnlp-main.256,done,University of Copenhagen,"# Generating Label Cohesive and Well-Formed Adversarial Claims

# Pepa Atanasova* and Dustin Wright* and Isabelle Augenstein

Dept. of Computer Science

University of Copenhagen

Denmark

{pepa|dw|augenstein}@di.ku.dk",false,,,,"[{""raw_affiliation_text"": ""Dept. of Computer Science, University of Copenhagen, Denmark"", ""institution"": ""University of Copenhagen"", ""country"": ""Denmark""}]"
2020.emnlp-main.257,,,,2020.emnlp-main.257,done,University of Cambridge | Deep Mind | University of Copenhagen | Google Research,"# Are All Good Word Vector Spaces Isomorphic?

Ivan Vulic $^{1*}$ Sebastian Ruder $^{2*}$ Anders Søgaard $^{3,4*}$

$^{1}$ Language Technology Lab, University of Cambridge

2 DeepMind

$^{3}$ Department of Computer Science, University of Copenhagen

4 Google Research, Berlin

iv250@cam.ac.uk ruder@google.com soegaard@di.ku.dk",false,,,,"[{""raw_affiliation_text"": ""Language Technology Lab, University of Cambridge"", ""institution"": ""University of Cambridge"", ""country"": null}, {""raw_affiliation_text"": ""DeepMind"", ""institution"": ""Deep Mind"", ""country"": null}, {""raw_affiliation_text"": ""Department of Computer Science, University of Copenhagen"", ""institution"": ""University of Copenhagen"", ""country"": null}, {""raw_affiliation_text"": ""Google Research, Berlin"", ""institution"": ""Google Research"", ""country"": null}]"
2020.emnlp-main.258,,,,2020.emnlp-main.258,done,Shanghai Tech University | Chinese Academy of Sciences | University of Chinese Academy of Sciences | Shanghai Engineering Research Center of Intelligent Vision and Imaging | Leyan Technology. Inc.,"# Cold-Start and Interpretability: Turning Regular Expressions into Trainable Recurrent Neural Networks

Chengyue Jiang $^{\diamond}$ , Yinggong Zhao $^{\dagger}$ , Shanbo Chu $^{\dagger}$ , Libin Shen $^{\dagger}$ , Kewei Tu $^{\diamond*}$

$\diamond$ School of Information Science and Technology, ShanghaiTech University

Shanghai Institute of Microsystem and Information Technology, Chinese Academy of Sciences

University of Chinese Academy of Sciences

Shanghai Engineering Research Center of Intelligent Vision and Imaging

† Leyan Technology. Inc.

{jiangchy, tukw}@shanghaitech.edu.cn

{ygzhao, chushb, libin}@leyantech.com",false,,,,"[{""raw_affiliation_text"": ""School of Information Science and Technology, ShanghaiTech University"", ""institution"": ""Shanghai Tech University"", ""country"": null}, {""raw_affiliation_text"": ""Shanghai Institute of Microsystem and Information Technology, Chinese Academy of Sciences"", ""institution"": ""Chinese Academy of Sciences"", ""country"": null}, {""raw_affiliation_text"": ""University of Chinese Academy of Sciences"", ""institution"": ""University of Chinese Academy of Sciences"", ""country"": null}, {""raw_affiliation_text"": ""Shanghai Engineering Research Center of Intelligent Vision and Imaging"", ""institution"": ""Shanghai Engineering Research Center of Intelligent Vision and Imaging"", ""country"": null}, {""raw_affiliation_text"": ""Leyan Technology. Inc."", ""institution"": ""Leyan Technology. Inc."", ""country"": null}]"
2020.emnlp-main.259,,,,2020.emnlp-main.259,done,Zoho Corporation | Copenhagen University | University of Massachusetts Lowell,"# When BERT Plays the Lottery, All Tickets Are Winning

Sai Prasanna*

Zoho Labs

Zoho Corporation

Chennai, India

saiprasanna.r@zohocorp.com

Anna Rogers*

Center for Social Data Science

Copenhagen University

Copenhagen, Denmark

arogers@sodas.ku.dk

Anna Rumshisky

Dept. of Computer Science

Univ. of Massachusetts Lowell

Lowell, USA

arum@cs.uml.edu",false,,,,"[{""raw_affiliation_text"": ""Zoho Labs, Zoho Corporation, Chennai, India"", ""institution"": ""Zoho Corporation"", ""country"": ""India""}, {""raw_affiliation_text"": ""Center for Social Data Science, Copenhagen University, Copenhagen, Denmark"", ""institution"": ""Copenhagen University"", ""country"": ""Denmark""}, {""raw_affiliation_text"": ""Dept. of Computer Science, Univ. of Massachusetts Lowell, Lowell, USA"", ""institution"": ""University of Massachusetts Lowell"", ""country"": ""USA""}]"
2020.emnlp-main.26,,,,2020.emnlp-main.26,done,University of Potsdam,"# Incremental Processing in the Age of Non-Incremental Encoders: An Empirical Assessment of Bidirectional Models for Incremental NLU

Brielen Madureira David Schlangen

Computational Linguistics

Department of Linguistics

University of Potsdam, Germany

{madureiralasota, david.schlangen}@uni-potsdam.de",false,,,,"[{""raw_affiliation_text"": ""University of Potsdam, Germany"", ""institution"": ""University of Potsdam"", ""country"": ""Germany""}]"
2020.emnlp-main.260,,,,2020.emnlp-main.260,done,Robert Bosch Centre for Data Science and Artificial Intelligence (RBC-DSAI) | IIT Madras,"# On the weak link between importance and prunability of attention heads

Aakriti Budhraja Madhura Pande Preksha Nema

Pratyush Kumar Mitesh M. Khapra

Robert Bosch Centre for Data Science and Artificial Intelligence (RBC-DSAI)

IIT Madras, India

{abudhra,mpande,preksha,pratyush,miteshk}@cse.iitm.ac.in",false,,,,"[{""raw_affiliation_text"": ""Robert Bosch Centre for Data Science and Artificial Intelligence (RBC-DSAI)"", ""institution"": ""Robert Bosch Centre for Data Science and Artificial Intelligence (RBC-DSAI)"", ""country"": null}, {""raw_affiliation_text"": ""IIT Madras, India"", ""institution"": ""IIT Madras"", ""country"": ""India""}]"
2020.emnlp-main.261,,,,2020.emnlp-main.261,done,Robert Bosch Centre for Data Science and AI | Indian Institute of Technology Madras,"# Towards Interpreting BERT for Reading Comprehension Based QA

Sahana Ramnath*, Preksha Nema, Deep Sahni, Mitesh M. Khapra

Robert Bosch Centre for Data Science and AI (RBC-DSAI)

Indian Institute of Technology Madras, Chennai, India

{sahanjich,deep.sahani11} $@$ gmail.com,

{preksha,miteshk}@cse.iitm.ac.in",false,,,,"[{""raw_affiliation_text"": ""Robert Bosch Centre for Data Science and AI (RBC-DSAI)"", ""institution"": ""Robert Bosch Centre for Data Science and AI"", ""country"": null}, {""raw_affiliation_text"": ""Indian Institute of Technology Madras, Chennai, India"", ""institution"": ""Indian Institute of Technology Madras"", ""country"": ""India""}]"
2020.emnlp-main.262,,,,2020.emnlp-main.262,done,University of Amsterdam | University of Edinburgh,"# How do Decisions Emerge across Layers in Neural Models? Interpretation with Differentiable Masking

Nicola De Cao $^{1,2}$ , Michael Schlichtkrull $^{1,2}$ , Wilker Aziz $^{1}$ , Ivan Titov $^{1,2}$

<sup>1</sup>University of Amsterdam, <sup>2</sup>University of Edinburgh

{nicola.decao, m.s.schlichtkrull, w.aziz} @uva.nl  
ititov@inf.ed.ac.uk",false,,,,"[{""raw_affiliation_text"": ""University of Amsterdam"", ""institution"": ""University of Amsterdam"", ""country"": null}, {""raw_affiliation_text"": ""University of Edinburgh"", ""institution"": ""University of Edinburgh"", ""country"": null}]"
2020.emnlp-main.263,,,,2020.emnlp-main.263,done,University of Copenhagen,"# A Diagnostic Study of Explainability Techniques for Text Classification

Pepa Atanasova Jakob Grue Simonsen Christina Lioma Isabelle Augenstein

Department of Computer Science

University of Copenhagen

Denmark

{pepa, simonsen, c.lioma, augenstein}@di.ku.dk",false,,,,"[{""raw_affiliation_text"": ""Department of Computer Science University of Copenhagen Denmark"", ""institution"": ""University of Copenhagen"", ""country"": ""Denmark""}]"
2020.emnlp-main.264,,,,2020.emnlp-main.264,done,Adobe Research,"# STL-CQA: Structure-based Transformers with Localization and Encoding for Chart Question Answering

Hrituraj Singh

Adobe Research

hrisingh@adobe.com

Sumit Shekhar

Adobe Research

sushekha@adobe.com",false,,,,"[{""raw_affiliation_text"": ""Adobe Research"", ""institution"": ""Adobe Research"", ""country"": null}]"
2020.emnlp-main.265,,,,2020.emnlp-main.265,done,Sun Yat-sen University,"# Learning to Contrast the Counterfactual Samples for Robust Visual Question Answering

Zujie Liang, Weitao Jiang, Haifeng Hu, Jiaying Zhu

School of Electronics and Information Technology, Sun Yat-sen University {liangzj9, jiangwt5, zhujy53}@mail2.sysu.edu.cn, huhaif@mail.sysu.edu.cn",false,,,,"[{""raw_affiliation_text"": ""School of Electronics and Information Technology, Sun Yat-sen University"", ""institution"": ""Sun Yat-sen University"", ""country"": null}]"
2020.emnlp-main.266,,,,2020.emnlp-main.266,done,"HKUST | University of California, Riverside","# Learning Physical Common Sense as Knowledge Graph Completion via BERT Data Augmentation and Constrained Tucker Factorization

Zhenjie Zhao<sup>1</sup> Evangelos E. Papalexakis<sup>2</sup> Xiaojuan Ma<sup>1</sup>

$^{1}$ Department of Computer Science & Engineering, HKUST

$^{2}$ Department of Computer Science & Engineering, University of California, Riverside zzhaoao@connect.ust.hk, epapalex@cs.ucr.edu, mxj@cse.ust.hk",false,,,,"[{""raw_affiliation_text"": ""Department of Computer Science & Engineering, HKUST"", ""institution"": ""HKUST"", ""country"": null}, {""raw_affiliation_text"": ""Department of Computer Science & Engineering, University of California, Riverside"", ""institution"": ""University of California, Riverside"", ""country"": null}]"
2020.emnlp-main.267,,,,2020.emnlp-main.267,done,The University of Tokyo | RIKEN Center for Advanced Intelligence Project | Yahoo Japan Corporation,"# A Visually-grounded First-person Dialogue Dataset with Verbal and Non-verbal Responses

Hisashi Kamezawa<sup>1</sup> Noriki Nishida<sup>2</sup> Nobuyuki Shimizu<sup>3</sup> Takashi Miyazaki<sup>3</sup> Hideki Nakayama<sup>1</sup>

<sup>1</sup> The University of Tokyo

2 RIKEN Center for Advanced Intelligence Project (AIP)

3 Yahoo Japan Corporation

hisas@nlab.cic.i.u-tokyo.ac.jp

noriki.nishida@riken.jp

{nobushim, takmiyaz}@yahoo-corp.jp

nakayama@ci.i.u-tokyo.ac.jp",false,,,,"[{""raw_affiliation_text"": ""The University of Tokyo"", ""institution"": ""The University of Tokyo"", ""country"": null}, {""raw_affiliation_text"": ""RIKEN Center for Advanced Intelligence Project (AIP)"", ""institution"": ""RIKEN Center for Advanced Intelligence Project"", ""country"": null}, {""raw_affiliation_text"": ""Yahoo Japan Corporation"", ""institution"": ""Yahoo Japan Corporation"", ""country"": null}]"
2020.emnlp-main.268,,,,2020.emnlp-main.268,done,The Chinese University of Hong Kong | The Hong Kong Polytechnic University,"# Cross-Media Keyphrase Prediction: A Unified Framework with Multi-Modality Multi-Head Attention and Image Wordings

Yue Wang $^{1}$ , Jing Li $^{2}$ , Michael R. Lyu $^{1}$ , and Irwin King $^{1}$

$^{1}$ Department of Computer Science and Engineering The Chinese University of Hong Kong, HKSAR, China

$^{2}$ Department of Computing, The Hong Kong Polytechnic University, HKSAR, China

$^{1}\{yuewang,lyu,king\} @cse.cuhk.edu.hk$

2jing-amelia.li@polyu.edu.hk",false,,,,"[{""raw_affiliation_text"": ""Department of Computer Science and Engineering The Chinese University of Hong Kong, HKSAR, China"", ""institution"": ""The Chinese University of Hong Kong"", ""country"": ""China""}, {""raw_affiliation_text"": ""Department of Computing, The Hong Kong Polytechnic University, HKSAR, China"", ""institution"": ""The Hong Kong Polytechnic University"", ""country"": ""China""}]"
2020.emnlp-main.269,,,,2020.emnlp-main.269,done,The Chinese University of Hong Kong | Salesforce Research,"# VD-BERT: A Unified Vision and Dialog Transformer with BERT

Yue Wang $^{1*}$ , Shafiq Joty $^{2}$ , Michael R. Lyu $^{1}$ , Irwin King $^{1}$ , Caiming Xiong $^{2}$ , and Steven C.H. Hoi $^{2}$

$^{1}$ Department of Computer Science and Engineering The Chinese University of Hong Kong, HKSAR, China

$^{2}$ Salesforce Research

$^{1}\{\text{yuewang,lyu,king}\} \text{@cse.cuhk.edu.hk}$

2{sjoty, cxiong, shoi}@salesforce.com",false,,,,"[{""raw_affiliation_text"": ""Department of Computer Science and Engineering The Chinese University of Hong Kong, HKSAR, China"", ""institution"": ""The Chinese University of Hong Kong"", ""country"": ""China""}, {""raw_affiliation_text"": ""Salesforce Research"", ""institution"": ""Salesforce Research"", ""country"": null}]"
2020.emnlp-main.27,,,,2020.emnlp-main.27,done,AWS AI,"# Augmented Natural Language for Generative Sequence Labeling

Ben Athiwaratkun

AWS AI

benathi@amazon.com

Jason Krone

AWS AI

kronej@amazon.com

Cicero Nogueira dos Santos

AWS AI

cicnog@amazon.com

Bing Xiang

AWS AI

bxiang@amazon.com",false,,,,"[{""raw_affiliation_text"": ""AWS AI"", ""institution"": ""AWS AI"", ""country"": null}]"
2020.emnlp-main.270,,,,2020.emnlp-main.270,done,University of Amsterdam | Institute of Cognitive Science,"# The Grammar of Emergent Languages

Oskar van der Wal

University of Amsterdam

oskar.vanderwal@gmail.com

Silvan de Boer

University of Amsterdam

silvandeboer@gmail.com

Elia Bruni*

Institute of Cognitive Science  
University of Osnabruek

elia.bruni@gmail.com

Dieuwke Hupkes*

Institute for Logic, Language and Computation

University of Amsterdam

d.hupkes@uva.nl",false,,,,"[{""raw_affiliation_text"": ""University of Amsterdam"", ""institution"": ""University of Amsterdam"", ""country"": null}, {""raw_affiliation_text"": ""Institute of Cognitive Science University of Osnabruek"", ""institution"": ""Institute of Cognitive Science"", ""country"": null}]"
2020.emnlp-main.271,,,,2020.emnlp-main.271,done,The Australian National University | University of Adelaide | Australian Centre for Robotic Vision,"# Sub-Instruction Aware Vision-and-Language Navigation

Yicong Hong\*, Cristian Rodriguez-Opazo\*, Qi Wu?, Stephen Gould

<sup>1</sup>The Australian National University, <sup>2</sup>University of Adelaide

$^{1,2}$ Australian Centre for Robotic Vision

{yicong.hong, cristian.rodriguez, stephen.gould}@anu.edu.au

qi.wu01@adelaide.edu.au",false,,,,"[{""raw_affiliation_text"": ""The Australian National University"", ""institution"": ""The Australian National University"", ""country"": null}, {""raw_affiliation_text"": ""University of Adelaide"", ""institution"": ""University of Adelaide"", ""country"": null}, {""raw_affiliation_text"": ""Australian Centre for Robotic Vision"", ""institution"": ""Australian Centre for Robotic Vision"", ""country"": null}]"
2020.emnlp-main.272,,,,2020.emnlp-main.272,done,Peking University | Meituan | Microsoft Corporation | Beijing Academy of Artificial Intelligence,"# Knowledge-Grounded Dialogue Generation with Pre-trained Language Models

Xueliang Zhao $^{1,2}$ , Wei Wu $^{3}$ , Can Xu $^{4}$ , Chongyang Tao $^{4}$ , Dongyan Zhao $^{1,2}$ , Rui Yan $^{1,2,5*}$

$^{1}$ Wangxuan Institute of Computer Technology, Peking University, Beijing, China

$^{2}$ Center for Data Science, AAIS, Peking University, Beijing, China

<sup>3</sup>Meituan, Beijing, China <sup>4</sup>Microsoft Corporation, Beijing, China

$^{5}$ Beijing Academy of Artificial Intelligence (BAAI), Beijing, China

{x1.zhao,zhaody,ruiyan}@pku.edu.cn

{wuwei19850318,chongyangtao}@gmail.com",false,,,,"[{""raw_affiliation_text"": ""Wangxuan Institute of Computer Technology, Peking University, Beijing, China"", ""institution"": ""Peking University"", ""country"": ""China""}, {""raw_affiliation_text"": ""Meituan, Beijing, China"", ""institution"": ""Meituan"", ""country"": ""China""}, {""raw_affiliation_text"": ""Microsoft Corporation, Beijing, China"", ""institution"": ""Microsoft Corporation"", ""country"": ""China""}, {""raw_affiliation_text"": ""Beijing Academy of Artificial Intelligence (BAAI), Beijing, China"", ""institution"": ""Beijing Academy of Artificial Intelligence"", ""country"": ""China""}]"
2020.emnlp-main.273,,,,2020.emnlp-main.273,done,Center for Artificial Intelligence Research | The Hong Kong University of Science and Technology,"# MinTL: Minimalist Transfer Learning for Task-Oriented Dialogue Systems

Zhaojiang Lin, Andrea Madotto, Genta Indra Winata, Pascale Fung

Center for Artificial Intelligence Research (CAiRE)

Department of Electronic and Computer Engineering

The Hong Kong University of Science and Technology, Clear Water Bay, Hong Kong

zlinao@connect.ust.hk",false,,,,"[{""raw_affiliation_text"": ""Center for Artificial Intelligence Research (CAiRE)"", ""institution"": ""Center for Artificial Intelligence Research"", ""country"": null}, {""raw_affiliation_text"": ""Department of Electronic and Computer Engineering The Hong Kong University of Science and Technology, Clear Water Bay, Hong Kong"", ""institution"": ""The Hong Kong University of Science and Technology"", ""country"": ""Hong Kong""}]"
2020.emnlp-main.274,,,,2020.emnlp-main.274,done,Seoul National University | Adobe Research,"# Variational Hierarchical Dialog Autoencoder for Dialog State Tracking Data Augmentation

Kang Min Yoo $^{1}$ Hanbit Lee $^{1}$ Franck Dernoncourt $^{2}$ Trung Bui $^{2}$ Walter Chang $^{2}$ Sang-goo Lee $^{1}$

$^{1}$ Seoul National University, Seoul, Korea

$^{2}$ Adobe Research, San Jose, CA, USA

{kangminyoo,skcheon,sglee}@europa.snu.ac.kr

{dernonco,bui,wachang}@adobe.com",false,,,,"[{""raw_affiliation_text"": ""Seoul National University, Seoul, Korea"", ""institution"": ""Seoul National University"", ""country"": ""Korea""}, {""raw_affiliation_text"": ""Adobe Research, San Jose, CA, USA"", ""institution"": ""Adobe Research"", ""country"": ""USA""}]"
2020.emnlp-main.275,,,,2020.emnlp-main.275,done,Chinese Academy of Sciences | University of Chinese Academy of Sciences | Tencent Inc,"# Bridging the Gap between Prior and Posterior Knowledge Selection for Knowledge-Grounded Dialogue Generation

Xiuyi Chen $^{1,2,3}$ , Fandong Meng $^{4}$ , Peng Li $^{4}$ , Feilong Chen $^{1,2,3}$ , Shuang Xu $^{1}$ , Bo Xu $^{1,2,3}$ , Jie Zhou $^{4}$

$^{1}$ Institute of Automation, Chinese Academy of Sciences (CASIA). Beijing, China

$^{2}$ Research Center for Brain-inspired Intelligence, CASIA

<sup>3</sup>University of Chinese Academy of Sciences, Beijing, China

{chenxiuyi2017, chenfeilong2018, shuang.xu, xubo}@ia.ac.cn

$^{4}$ Pattern Recognition Center, WeChat AI, Tencent Inc, Beijing, China

{fandongmeng,patrickpli,withtomzhou}@tencent.com",false,,,,"[{""raw_affiliation_text"": ""Institute of Automation, Chinese Academy of Sciences (CASIA). Beijing, China"", ""institution"": ""Chinese Academy of Sciences"", ""country"": ""China""}, {""raw_affiliation_text"": ""University of Chinese Academy of Sciences, Beijing, China"", ""institution"": ""University of Chinese Academy of Sciences"", ""country"": ""China""}, {""raw_affiliation_text"": ""Pattern Recognition Center, WeChat AI, Tencent Inc, Beijing, China"", ""institution"": ""Tencent Inc"", ""country"": ""China""}]"
2020.emnlp-main.276,,,,2020.emnlp-main.276,done,"Harbin Institute of Technology | University of California, Santa Barbara","# Counterfactual Off-Policy Training for Neural Dialogue Generation

Qingfu Zhu#, Weinan Zhang*, Ting Liu#, William Yang Wang

$^{\sharp}$ Harbin Institute of Technology, Harbin, China

<sup>b</sup>University of California, Santa Barbara, USA

{qfzhu, wnzhang, tliu}@ir.hit.edu.cn

william@cs.ucsb.edu",false,,,,"[{""raw_affiliation_text"": ""Harbin Institute of Technology, Harbin, China"", ""institution"": ""Harbin Institute of Technology"", ""country"": ""China""}, {""raw_affiliation_text"": ""University of California, Santa Barbara, USA"", ""institution"": ""University of California, Santa Barbara"", ""country"": ""USA""}]"
2020.emnlp-main.277,,,,2020.emnlp-main.277,done,Net Ease Inc. | Tsinghua University | Samsung Research China | Alibaba Group,"# Dialogue Distillation: Open-Domain Dialogue Augmentation Using Unpaired Data

Rongsheng Zhang $^{1*}$ , Yinhe Zheng $^{2,3*}$ , Jianzhi Shao $^{4†}$ , Xiaoxi Mao $^{1}$ , Yadong Xi $^{1}$ , Minlie Huang $^{2‡}$

$^{1}$ Fuxi AI Lab, NetEase Inc., Hangzhou, China

$^{2}$ Department of Computer Science and Technology, Institute for Artificial Intelligence, State Key Lab of Intelligent Technology and Systems, Beijing National Research Center for Information Science and Technology, Tsinghua University, Beijing, China.   
$^{3}$ Samsung Research China - Beijing (SRC-B), Beijing, China $^{4}$ Alibaba Group, Hangzhou, China zhangrongsheng@corp.netease.com, yh.zheng@samsung.com",false,,,,"[{""raw_affiliation_text"": ""Fuxi AI Lab, NetEase Inc., Hangzhou, China"", ""institution"": ""Net Ease Inc."", ""country"": ""China""}, {""raw_affiliation_text"": ""Department of Computer Science and Technology, Institute for Artificial Intelligence, State Key Lab of Intelligent Technology and Systems, Beijing National Research Center for Information Science and Technology, Tsinghua University, Beijing, China"", ""institution"": ""Tsinghua University"", ""country"": ""China""}, {""raw_affiliation_text"": ""Samsung Research China - Beijing (SRC-B), Beijing, China"", ""institution"": ""Samsung Research China"", ""country"": ""China""}, {""raw_affiliation_text"": ""Alibaba Group, Hangzhou, China"", ""institution"": ""Alibaba Group"", ""country"": ""China""}]"
2020.emnlp-main.278,,,,2020.emnlp-main.278,done,"Ping An Life Insurance of China, Ltd.","# Task-Completion Dialogue Policy Learning via Monte Carlo Tree Search with Dueling Network

Sihan Wang, Kaijie Zhou*, Kunfeng Lai, Jianping Shen

Ping An Life Insurance of China, Ltd.

{wangsihan088, zhoukaijie002}@pingan.com.cn {laikunfeng597, shenjianping324}@pingan.com.cn",false,,,,"[{""raw_affiliation_text"": ""Ping An Life Insurance of China, Ltd."", ""institution"": ""Ping An Life Insurance of China, Ltd."", ""country"": null}]"
2020.emnlp-main.279,,,,2020.emnlp-main.279,done,Microsoft Corporation | Meituan,"# Learning a Simple and Effective Model for Multi-turn Response Generation with Auxiliary Tasks

Yufan Zhao<sup>1</sup>, Can Xu<sup>1*</sup>, Wei Wu<sup>2</sup>

<sup>1</sup> Microsoft Corporation, Beijing, China

$^{2}$ Meituan, Beijing, China

{yufzhao,caxu}@microsoft.com

wuwei19850318@gmail.com",false,,,,"[{""raw_affiliation_text"": ""Microsoft Corporation, Beijing, China"", ""institution"": ""Microsoft Corporation"", ""country"": ""China""}, {""raw_affiliation_text"": ""Meituan, Beijing, China"", ""institution"": ""Meituan"", ""country"": ""China""}]"
2020.emnlp-main.28,,,,2020.emnlp-main.28,done,Microsoft Research,"# Dialogue Response Ranking Training with Large-Scale Human Feedback Data

Xiang Gao Yizhe Zhang Michel Galley Chris Brockett Bill Dolan

Microsoft Research, Redmond, WA, USA

{xiag,yizzhang,mgalley,chrisbkt,billdol}@microsoft.com",false,,,,"[{""raw_affiliation_text"": ""Microsoft Research, Redmond, WA, USA"", ""institution"": ""Microsoft Research"", ""country"": ""USA""}]"
2020.emnlp-main.280,,,,2020.emnlp-main.280,done,Kakao Enterprise Corporation | Seoul National University,"# AttnIO: Knowledge Graph Exploration with In-and-Out Attention Flow for Knowledge-Grounded Dialogue

Jaehun Jung $^{1,2}$ Bokyung Son $^{1,3*}$ Sungwon Lyu $^{1*}$

$^{1}$ Kakao Enterprise Corporation

$^{2}$ Department of Computer Science, Seoul National University

$^{3}$ Department of Linguistics, Seoul National University

sharkmirl1@snu.ac.kr,{meta.mon, james.ryu}@kakaoenterprise.com",false,,,,"[{""raw_affiliation_text"": ""Kakao Enterprise Corporation"", ""institution"": ""Kakao Enterprise Corporation"", ""country"": null}, {""raw_affiliation_text"": ""Department of Computer Science, Seoul National University"", ""institution"": ""Seoul National University"", ""country"": null}]"
2020.emnlp-main.281,,,,2020.emnlp-main.281,done,"University of Chinese Academy of Sciences | Shenzhen Institutes of Advanced Technology, Chinese Academy of Sciences | Peking University | Sun Yat-Sen University | Harbin Institute of Technology (Shenzhen)","# Amalgamating Knowledge from Two Teachers for Task-oriented Dialogue System with Adversarial Training

Wanwei He $^{1,2}$ , Min Yang $^{2*}$ , Rui Yan $^{3}$ , Chengming Li $^{2}$ , Ying Shen $^{4}$ , Ruifeng Xu $^{5}$

<sup>1</sup>University of Chinese Academy of Sciences, China

2Shenzhen Key Laboratory for High Performance Data Mining,

Shenzhen Institutes of Advanced Technology, Chinese Academy of Sciences, China

$^{3}$ Wangxuan Institute of Computer Technology, Peking University, China

$^{4}$ School of Intelligent Systems Engineering, Sun Yat-Sen University, China

$^{5}$ Harbin Institute of Technology (Shenzhen), China

{ww.he, min.yang, cm.li}@siat.ac.cn, ruiyan@pku.edu.cn

sheny76@mail.sysu.edu.cn, xuruifeng@hit.edu.cn",false,,,,"[{""raw_affiliation_text"": ""University of Chinese Academy of Sciences, China"", ""institution"": ""University of Chinese Academy of Sciences"", ""country"": ""China""}, {""raw_affiliation_text"": ""Shenzhen Key Laboratory for High Performance Data Mining, Shenzhen Institutes of Advanced Technology, Chinese Academy of Sciences, China"", ""institution"": ""Shenzhen Institutes of Advanced Technology, Chinese Academy of Sciences"", ""country"": ""China""}, {""raw_affiliation_text"": ""Wangxuan Institute of Computer Technology, Peking University, China"", ""institution"": ""Peking University"", ""country"": ""China""}, {""raw_affiliation_text"": ""School of Intelligent Systems Engineering, Sun Yat-Sen University, China"", ""institution"": ""Sun Yat-Sen University"", ""country"": ""China""}, {""raw_affiliation_text"": ""Harbin Institute of Technology (Shenzhen), China"", ""institution"": ""Harbin Institute of Technology (Shenzhen)"", ""country"": ""China""}]"
2020.emnlp-main.282,,,,2020.emnlp-main.282,done,South China University of Technology | The Hong Kong Polytechnic University | King's College | City University of Hong Kong,"# Task-oriented Domain-specific Meta-Embedding for Text Classification

Xin Wu $^{1,2}$ , Yi Cai $^{1,2*}$ , Qing Li $^{3}$ , Tao Wang $^{4}$ , Kai Yang $^{5}$

<sup>1</sup>School of Software Engineering, South China University of Technology, Guangzhou, China

$^{2}$ Key Laboratory of Big Data and Intelligent Robot (South China University of Technology), Ministry of Education

$^{3}$ Department of Computing, The Hong Kong Polytechnic University, Hong Kong, China

$^{4}$ Department of Biostatistics & Health Informatics, King's College, London, UK

$^{5}$ City University of Hong Kong, Hong Kong, China

ycai@scut.edu.cn",false,,,,"[{""raw_affiliation_text"": ""School of Software Engineering, South China University of Technology, Guangzhou, China"", ""institution"": ""South China University of Technology"", ""country"": ""China""}, {""raw_affiliation_text"": ""Department of Computing, The Hong Kong Polytechnic University, Hong Kong, China"", ""institution"": ""The Hong Kong Polytechnic University"", ""country"": ""China""}, {""raw_affiliation_text"": ""Department of Biostatistics & Health Informatics, King's College, London, UK"", ""institution"": ""King's College"", ""country"": ""UK""}, {""raw_affiliation_text"": ""City University of Hong Kong, Hong Kong, China"", ""institution"": ""City University of Hong Kong"", ""country"": ""China""}]"
2020.emnlp-main.283,,,,2020.emnlp-main.283,done,University of Porto | Cardiff University,"# Don’t Neglect the Obvious: On the Role of Unambiguous Words in Word Sense Disambiguation

Daniel Loureiro

LIAAD - INESC TEC

University of Porto, Portugal

dloureiro@fc.up.pt

Jose Camacho-Collados

School of Computer Science and Informatics

Cardiff University, United Kingdom

camachocolladosj@cardiff.ac.uk",false,,,,"[{""raw_affiliation_text"": ""LIAAD - INESC TEC University of Porto, Portugal"", ""institution"": ""University of Porto"", ""country"": ""Portugal""}, {""raw_affiliation_text"": ""School of Computer Science and Informatics Cardiff University, United Kingdom"", ""institution"": ""Cardiff University"", ""country"": ""United Kingdom""}]"
2020.emnlp-main.284,,,,2020.emnlp-main.284,done,Ariel University | Bar-Ilan University | Allen Institute for Artificial Intelligence,"# Within-Between Lexical Relation Classification

Oren Barkan*,1 Avi Caciularu*,2,3 Ido Dagan

<sup>1</sup>Computer Science Department, Ariel University, Israel

<sup>2</sup>Computer Science Department, Bar-Ilan University, Ramat-Gan, Israel

3Allen Institute for Artificial Intelligence

{barkanoren1,avi.c33} $@$ gmail.com, dagan@cs.biu.ac.il",false,,,,"[{""raw_affiliation_text"": ""Computer Science Department, Ariel University, Israel"", ""institution"": ""Ariel University"", ""country"": ""Israel""}, {""raw_affiliation_text"": ""Computer Science Department, Bar-Ilan University, Ramat-Gan, Israel"", ""institution"": ""Bar-Ilan University"", ""country"": ""Israel""}, {""raw_affiliation_text"": ""Allen Institute for Artificial Intelligence"", ""institution"": ""Allen Institute for Artificial Intelligence"", ""country"": null}]"
2020.emnlp-main.285,,,,2020.emnlp-main.285,done,Sapienza University of Rome,"# With More Contexts Comes Better Performance: Contextualized Sense Embeddings for All-Round Word Sense Disambiguation

Bianca Scarlini, Tommaso Pasini and Roberto Navigli

Sapienza NLP Group

Department of Computer Science

Sapienza University of Rome

{scarlini,pasini,navigli}@di.uniroma1.it",false,,,,"[{""raw_affiliation_text"": ""Sapienza NLP Group"", ""institution"": ""Sapienza University of Rome"", ""country"": null}]"
2020.emnlp-main.286,,,,2020.emnlp-main.286,done,Wuhan University,"# Convolution over Hierarchical Syntactic and Lexical Graphs for Aspect Level Sentiment Analysis

Mi Zhang, Tieyun Qian*

School of Computer Science, Wuhan University, China

{mizhanggd, qty}@whu.edu.cn",false,,,,"[{""raw_affiliation_text"": ""School of Computer Science, Wuhan University, China"", ""institution"": ""Wuhan University"", ""country"": ""China""}]"
2020.emnlp-main.287,,,,2020.emnlp-main.287,done,Baidu Inc. | Shenzhen University,"# Multi-Instance Multi-Label Learning Networks for Aspect-Category Sentiment Analysis

Yuncong Li $^{1}$ , Cunxiang Yin $^{1}$ , Sheng-hua Zhong $^{2}$ , Xu Pan $^{1}$

<sup>1</sup>Baidu Inc., Beijing, China

{liyuncong,yincunxiang,panxu}@baidu.com

$^{2}$ College of Computer Science and Software Engineering, Shenzhen University,

Shenzhen, China

csshhzhang@szu.edu.cn",false,,,,"[{""raw_affiliation_text"": ""Baidu Inc., Beijing, China"", ""institution"": ""Baidu Inc."", ""country"": ""China""}, {""raw_affiliation_text"": ""College of Computer Science and Software Engineering, Shenzhen University, Shenzhen, China"", ""institution"": ""Shenzhen University"", ""country"": ""China""}]"
2020.emnlp-main.288,,,,2020.emnlp-main.288,done,Singapore University of Technology and Design | Alibaba Group,"# Aspect Sentiment Classification with Aspect-Specific Opinion Spans

Lu Xu\*1,2, Lidong Bing2, Wei Lu1, Fei Huang2 StatNLP Research Group, Singapore University of Technology and Design 2DAMO Academy, Alibaba Group xu_lu@mymail.sutd.edu.sg, luwei@sutd.edu.sg {1.bing, f.huang}@alibaba-inc.com",false,,,,"[{""raw_affiliation_text"": ""StatNLP Research Group, Singapore University of Technology and Design"", ""institution"": ""Singapore University of Technology and Design"", ""country"": ""Singapore""}, {""raw_affiliation_text"": ""DAMO Academy, Alibaba Group"", ""institution"": ""Alibaba Group"", ""country"": null}]"
2020.emnlp-main.289,,,,2020.emnlp-main.289,done,Harbin Institute of Technology (Shenzhen) | Peng Cheng Laboratory | Joint Lab of Harbin Institute of Technology and RICOH,"# Emotion-Cause Pair Extraction as Sequence Labeling Based on A Novel Tagging Scheme

Chaofa Yuan $^{1*}$ , Chuang Fan $^{1*}$ , Jianzhu Bao $^{1}$ , Ruifeng Xu $^{1,2,3\dagger}$

$^{1}$ Harbin Institute of Technology (Shenzhen), China $^{2}$ Peng Cheng Laboratory

$^{3}$ Joint Lab of Harbin Institute of Technology and RICOH

{bruceyuan123, fanchuanghit, jianzhubao} $@$ gmail.com xuruifeng@hit.edu.cn",false,,,,"[{""raw_affiliation_text"": ""Harbin Institute of Technology (Shenzhen), China"", ""institution"": ""Harbin Institute of Technology (Shenzhen)"", ""country"": ""China""}, {""raw_affiliation_text"": ""Peng Cheng Laboratory"", ""institution"": ""Peng Cheng Laboratory"", ""country"": null}, {""raw_affiliation_text"": ""Joint Lab of Harbin Institute of Technology and RICOH"", ""institution"": ""Joint Lab of Harbin Institute of Technology and RICOH"", ""country"": null}]"
2020.emnlp-main.29,,,,2020.emnlp-main.29,done,"University of California, Berkeley | Yale University","# Semantic Evaluation for Text-to-SQL with Distilled Test Suites

Ruiqi Zhong* Tao Yu† Dan Klein*

* Computer Science Division, University of California, Berkeley

† Department of Computer Science, Yale University

ruiqi-zhong@berkeley.edu tao.yu@yale.edu Klein@berkeley.edu",false,,,,"[{""raw_affiliation_text"": ""Computer Science Division, University of California, Berkeley"", ""institution"": ""University of California, Berkeley"", ""country"": ""null""}, {""raw_affiliation_text"": ""Department of Computer Science, Yale University"", ""institution"": ""Yale University"", ""country"": ""null""}]"
2020.emnlp-main.290,,,,2020.emnlp-main.290,done,Nanjing University of Science and Technology,"# End-to-End Emotion-Cause Pair Extraction based on Sliding Window Multi-Label Learning

Zixiang Ding, Rui Xia\*, Jianfei Yu

School of Computer Science and Engineering,

Nanjing University of Science and Technology, China

{dingzixiang,rxia,jfyu}@njust.edu.cn",false,,,,"[{""raw_affiliation_text"": ""School of Computer Science and Engineering, Nanjing University of Science and Technology, China"", ""institution"": ""Nanjing University of Science and Technology"", ""country"": ""China""}]"
2020.emnlp-main.291,,,,2020.emnlp-main.291,done,Soochow University,"# Multi-modal Multi-label Emotion Detection with Modality and Label Dependence

Dong Zhang, Xincheng Ju, Junhui Li, Shoushan Li*, Qiaoming Zhu, Guodong Zhou

School of Computer Science and Technology, Soochow University, China

dzhang@suda.edu.cn, xcju@stu.suda.edu.cn

{jhli,lishoushan,qmzhu,gdzhou}@suda.edu.cn",false,,,,"[{""raw_affiliation_text"": ""School of Computer Science and Technology, Soochow University, China"", ""institution"": ""Soochow University"", ""country"": ""China""}]"
2020.emnlp-main.292,,,,2020.emnlp-main.292,done,Fudan University | Max Planck Institute | MIT | Sogou Inc.,"# Tasty Burgers, Soggy Fries: Probing Aspect Robustness in Aspect-Based Sentiment Analysis

Xiaoyu Xing $^{1*}$ Zhijing Jin $^{2*}$ Di Jin $^{3}$ Bingning Wang $^{4}$ Qi Zhang $^{1}$ Xuanjing Huang $^{1}$

$^{1}$ Fudan University $^{2}$ Max Planck Institute, $^{3}$ CSAIL, MIT, $^{4}$ Sogou Inc.

{xyxing18,qz,xjhuang}@fudan.edu.cn

zjin@tuebingen.mpg.de

jindi15@mit.edu, wangbingning@sogou-inc.com",false,,,,"[{""raw_affiliation_text"": ""Fudan University"", ""institution"": ""Fudan University"", ""country"": null}, {""raw_affiliation_text"": ""Max Planck Institute"", ""institution"": ""Max Planck Institute"", ""country"": null}, {""raw_affiliation_text"": ""CSAIL, MIT"", ""institution"": ""MIT"", ""country"": null}, {""raw_affiliation_text"": ""Sogou Inc."", ""institution"": ""Sogou Inc."", ""country"": null}]"
2020.emnlp-main.293,,,,2020.emnlp-main.293,done,Shanghai Jiao Tong University | University of Michigan,"# Modeling Content Importance for Summarization with Pre-trained Language Models

Liqiang Xiao $^{1}$ , Lu Wang $^{2}$ , Hao He $^{1,3*}$ , Yaohui Jin $^{1,3*}$

<sup>1</sup>Moe Key Lab of Artificial Intelligence, AI Institute, Shanghai Jiao Tong University

$^{2}$ Computer Science and Engineering, University of Michigan

$^{3}$ State Key Lab of Advanced Optical Communication System and Network,

Shanghai Jiao Tong University

xiaoliqiang@sjtu.edu.cn, wangluxy@umich.edu

{hehao, jinyh}@sjtu.edu.cn",false,,,,"[{""raw_affiliation_text"": ""Moe Key Lab of Artificial Intelligence, AI Institute, Shanghai Jiao Tong University"", ""institution"": ""Shanghai Jiao Tong University"", ""country"": null}, {""raw_affiliation_text"": ""Computer Science and Engineering, University of Michigan"", ""institution"": ""University of Michigan"", ""country"": null}]"
2020.emnlp-main.294,,,,2020.emnlp-main.294,done,Zhejiang University | IBM Research,"# Unsupervised Reference-Free Summary Quality Evaluation via Contrastive Learning

Hanlu Wu $^{1}$ , Tengfei Ma $^{2}$ , Lingfei Wu $^{2}$ , Tario Manyumwa $^{1}$ , Shouling Ji $^{1}$

<sup>1</sup>Zhejiang University, <sup>2</sup> IBM Research

wuhanlu@zju.edu.cn, tengfei.mal@ibm.com, wuli@us.ibm.com,

tmanyumwa@yahoo.com, sji@zju.edu.cn",false,,,,"[{""raw_affiliation_text"": ""Zhejiang University"", ""institution"": ""Zhejiang University"", ""country"": null}, {""raw_affiliation_text"": ""IBM Research"", ""institution"": ""IBM Research"", ""country"": null}]"
2020.emnlp-main.295,,,,2020.emnlp-main.295,done,Chinese Academy of Sciences | University of Chinese Academy of Sciences,"# Neural Extractive Summarization with Hierarchical Attentive Heterogeneous Graph Network

Ruipeng Jia $^{1,2}$ , Yanan Cao $^{1*}$ , Hengzhu Tang $^{1}$ , Fang Fang $^{1*}$ , Cong Cao $^{1}$ and Shi Wang $^{3}$

$^{1}$ Institute of Information Engineering, Chinese Academy of Sciences

$^{2}$ School of Cyber Security, University of Chinese Academy of Sciences

$^{3}$ Institute of Computing Technology, Chinese Academy of Sciences

1,2{jiaruiipeng, caoyanan, tanghengzhu, fangfang0703, caocong}@iie.ac.cn

$^{3}$ wangshi@ict.ac.cn",false,,,,"[{""raw_affiliation_text"": ""Institute of Information Engineering, Chinese Academy of Sciences"", ""institution"": ""Chinese Academy of Sciences"", ""country"": null}, {""raw_affiliation_text"": ""School of Cyber Security, University of Chinese Academy of Sciences"", ""institution"": ""University of Chinese Academy of Sciences"", ""country"": null}]"
2020.emnlp-main.296,,,,2020.emnlp-main.296,done,"Institute for Language, Cognition and Computation | University of Edinburgh","# Coarse-to-Fine Query Focused Multi-Document Summarization

Yumo Xu and Mirella Lapata

Institute for Language, Cognition and Computation

School of Informatics, University of Edinburgh

10 Crichton Street, Edinburgh EH8 9AB

yumo.xu@ed.ac.uk,mlap@inf.ed.ac.uk",false,,,,"[{""raw_affiliation_text"": ""Institute for Language, Cognition and Computation"", ""institution"": ""Institute for Language, Cognition and Computation"", ""country"": null}, {""raw_affiliation_text"": ""School of Informatics, University of Edinburgh"", ""institution"": ""University of Edinburgh"", ""country"": null}]"
2020.emnlp-main.297,,,,2020.emnlp-main.297,done,JD.com | Microsoft Research Asia | Singapore University of Technology and Design,"# Pre-training for Abstractive Document Summarization by Reinstating Source Text

Yanyan Zou $^{1,3*}$ , Xingxing Zhang $^{2}$ , Wei Lu $^{3}$ , Furu Wei $^{2}$ and Ming Zhou $^{2}$

1 JD.com

$^{2}$ Microsoft Research Asia, Beijing, China

$^{3}$ StatNLP Research Group, Singapore University of Technology and Design

zoe. yyzou@gmail.com

{xizhang, fuwei, mingzhou}@microsoft.com

luwei@sutd.edu.sg",false,,,,"[{""raw_affiliation_text"": ""JD.com"", ""institution"": ""JD.com"", ""country"": null}, {""raw_affiliation_text"": ""Microsoft Research Asia, Beijing, China"", ""institution"": ""Microsoft Research Asia"", ""country"": ""China""}, {""raw_affiliation_text"": ""StatNLP Research Group, Singapore University of Technology and Design"", ""institution"": ""Singapore University of Technology and Design"", ""country"": null}]"
2020.emnlp-main.298,,,,2020.emnlp-main.298,done,Tsinghua University | Princeton University | Tencent Inc,"# Learning from Context or Names? An Empirical Study on Neural Relation Extraction

Hao Peng $^{1*}$ , Tianyu Gao $^{2*}$ , Xu Han $^{1}$ , Yankai Lin $^{3}$ , Peng Li $^{3}$ , Zhiyuan Liu $^{1\dagger}$ , Maosong Sun $^{1}$ , Jie Zhou $^{3}$

$^{1}$ Department of Computer Science and Technology, Tsinghua University, Beijing, China $^{2}$ Princeton University, Princeton, NJ, USA

$^{3}$ Pattern Recognition Center, WeChat AI, Tencent Inc, China {h-peng17,hanxu17}@mails.tsinghua.edu.cn, tianyug@princeton.edu",false,,,,"[{""raw_affiliation_text"": ""Department of Computer Science and Technology, Tsinghua University, Beijing, China"", ""institution"": ""Tsinghua University"", ""country"": ""China""}, {""raw_affiliation_text"": ""Princeton University, Princeton, NJ, USA"", ""institution"": ""Princeton University"", ""country"": ""USA""}, {""raw_affiliation_text"": ""Pattern Recognition Center, WeChat AI, Tencent Inc, China"", ""institution"": ""Tencent Inc"", ""country"": ""China""}]"
2020.emnlp-main.299,,,,2020.emnlp-main.299,done,Tsinghua University | Amazon | University of Illinois at Chicago,"# SelfFORE: Self-supervised Relational Feature Learning for Open Relation Extraction

Xuming Hu $^{1}$ , Lijie Wen $^{1\dagger}$ , Yusong Xu $^{1}$ , Chenwei Zhang $^{2\dagger}$ , Philip S. Yu $^{1,3}$

$^{1}$ Tsinghua University, $^{2}$ Amazon, $^{3}$ University of Illinois at Chicago

$^{1}\{\mathrm{hxml9,xys20}\} \mathrm{}@$ mails.tsinghua.edu.cn

<sup>1</sup>wenlj@tsinghua.edu.cn <sup>2</sup>cwzhang@amazon.com

3psyu@uic.edu",false,,,,"[{""raw_affiliation_text"": ""Tsinghua University"", ""institution"": ""Tsinghua University"", ""country"": null}, {""raw_affiliation_text"": ""Amazon"", ""institution"": ""Amazon"", ""country"": null}, {""raw_affiliation_text"": ""University of Illinois at Chicago"", ""institution"": ""University of Illinois at Chicago"", ""country"": null}]"
2020.emnlp-main.3,,,,2020.emnlp-main.3,done,IBM Research,"# Quantitative Argument Summarization and Beyond: Cross-Domain Key Point Analysis

Roy Bar-Haim

Yoav Kantor*

Lilach Eden

Roni Friedman

Dan Lahav

Noam Slonim

IBM Research

{roybar,yoavka,lilache,roni.friedman-melamed,noams}@il.ibm.com

dan.lahav@ibm.com",false,,,,"[{""raw_affiliation_text"": ""IBM Research"", ""institution"": ""IBM Research"", ""country"": null}]"
2020.emnlp-main.30,,,,2020.emnlp-main.30,done,Microsoft Dynamics 365 AI Research | Singapore Management University,"# Cross-Thought for Sentence Encoder Pre-training

Shuohang Wang<sup>1</sup> Yuwei Fang<sup>1</sup> Siqi Sun<sup>1</sup> Zhe Gan<sup>1</sup> Yu Cheng<sup>1</sup> Jingjing Liu<sup>1</sup> Jing Jiang<sup>2</sup>

$^{1}$ Microsoft Dynamics 365 AI Research, $^{2}$ Singapore Management University

{shuowa, yuwfan, siqi.sun, zhe.gan, yu.cheng, jingjl}@microsoft.com

{jingjiang}@smu.edu.com",false,,,,"[{""raw_affiliation_text"": ""Microsoft Dynamics 365 AI Research"", ""institution"": ""Microsoft Dynamics 365 AI Research"", ""country"": null}, {""raw_affiliation_text"": ""Singapore Management University"", ""institution"": ""Singapore Management University"", ""country"": ""Singapore""}]"
2020.emnlp-main.300,,,,2020.emnlp-main.300,done,Tsinghua University | Beijing National Research Center for Information Science and Technology | Tencent,"# Denoising Relation Extraction from Document-level Distant Supervision

Chaojun Xiao $^{1}$ , Yuan Yao $^{1}$ , Ruobing Xie $^{2}$ , Xu Han $^{1}$ , Zhiyuan Liu $^{1*}$ Maosong Sun $^{1}$ , Fen Lin $^{2}$ , Leyu Lin $^{2}$

$^{1}$ Department of Computer Science and Technology

Institute for Artificial Intelligence, Tsinghua University, Beijing, China

Beijing National Research Center for Information Science and Technology, China

<sup>2</sup>WeChat Search Application Department, Tencent, China

{xcjthu,chu.hanxul3}@gmail.com，{yaoyuanthu,xrbsnowing}@163.com

{lzy,sms}@tsinghua.edu.cn，{felicialin,goshawklin}@tencent.com",false,,,,"[{""raw_affiliation_text"": ""Institute for Artificial Intelligence, Tsinghua University, Beijing, China"", ""institution"": ""Tsinghua University"", ""country"": ""China""}, {""raw_affiliation_text"": ""Beijing National Research Center for Information Science and Technology, China"", ""institution"": ""Beijing National Research Center for Information Science and Technology"", ""country"": ""China""}, {""raw_affiliation_text"": ""WeChat Search Application Department, Tencent, China"", ""institution"": ""Tencent"", ""country"": ""China""}]"
2020.emnlp-main.301,,,,2020.emnlp-main.301,done,Sorbonne Université | BNP Paribas | Criteo AI Lab,"# Let's Stop Incorrect Comparisons in End-to-end Relation Extraction!

Bruno Taille<sup>1,2</sup>, Vincent Guigue<sup>1</sup>, Geoffrey Scoutheeten<sup>2</sup> and Patrick Gallinari<sup>1,3</sup>

$^{1}$ Sorbonne Université, CNRS, Laboratoire d'Informatique de Paris 6, LIP6

2BNP Paribas

$^{3}$ Criteo AI Lab

{bruno.taille, vincent.guigue, patrick.gallinari}@lip6.fr

geoffrey.scoutheeten@bnpparibas.com",false,,,,"[{""raw_affiliation_text"": ""Sorbonne Université, CNRS, Laboratoire d'Informatique de Paris 6, LIP6"", ""institution"": ""Sorbonne Université"", ""country"": null}, {""raw_affiliation_text"": ""BNP Paribas"", ""institution"": ""BNP Paribas"", ""country"": null}, {""raw_affiliation_text"": ""Criteo AI Lab"", ""institution"": ""Criteo AI Lab"", ""country"": null}]"
2020.emnlp-main.302,,,,2020.emnlp-main.302,done,Bar Ilan University | Allen Institute for Artificial Intelligence,"# Exposing Shallow Heuristics of Relation Extraction Models with Challenge Data

Shachar Rosenman $^{1}$ Alon Jacovi $^{1}$ Yoav Goldberg $^{1,2}$

<sup>1</sup>Computer Science Department, Bar Ilan University

$^{2}$ Allen Institute for Artificial Intelligence

{shacharosn, alonjacovi, yoav.goldberg}@gmail.com",false,,,,"[{""raw_affiliation_text"": ""Computer Science Department, Bar Ilan University"", ""institution"": ""Bar Ilan University"", ""country"": null}, {""raw_affiliation_text"": ""Allen Institute for Artificial Intelligence"", ""institution"": ""Allen Institute for Artificial Intelligence"", ""country"": null}]"
2020.emnlp-main.303,,,,2020.emnlp-main.303,done,"Nanjing University | Huawei Technologies Co., Ltd.","# Global-to-Local Neural Networks for Document-Level Relation Extraction

Difeng Wang† Wei Hu†,‡,* Ermei Cao† Weijian Sun§

† State Key Laboratory for Novel Software Technology, Nanjing University, China

$\ddagger$ National Institute of Healthcare Data Science, Nanjing University, China

$^{\S}$ Huawei Technologies Co., Ltd.

{dfwang, emcao}.nju@gmail.com, whu@nju.edu.cn, sunweijian@huawei.com",false,,,,"[{""raw_affiliation_text"": ""State Key Laboratory for Novel Software Technology, Nanjing University, China"", ""institution"": ""Nanjing University"", ""country"": ""China""}, {""raw_affiliation_text"": ""Huawei Technologies Co., Ltd."", ""institution"": ""Huawei Technologies Co., Ltd."", ""country"": null}]"
2020.emnlp-main.304,,,,2020.emnlp-main.304,done,Beihang University | University of Ottawa,"# Recurrent Interaction Network for Jointly Extracting Entities and Classifying Relations

Kai Sun

BDBC and SKLSDE

Beihang University, China

sunkai@buaa.edu.cn

Richong Zhang*

BDBC and SKLSDE

Beihang University, China

zhangrc@act.buaa.edu.cn

Samuel Mensah

BDBC and SKLSDE

Beihang University, China

samensah@buaa.edu.cn

Yongyi Mao

School of EECS

University of Ottawa, Canada

ymao@uottawa.ca",false,,,,"[{""raw_affiliation_text"": ""Beihang University, China"", ""institution"": ""Beihang University"", ""country"": ""China""}, {""raw_affiliation_text"": ""School of EECS, University of Ottawa, Canada"", ""institution"": ""University of Ottawa"", ""country"": ""Canada""}]"
2020.emnlp-main.305,,,,2020.emnlp-main.305,done,Indian Institute of Technology Delhi | Indian Institute of Technology Bombay,"# Temporal Knowledge Base Completion: New Algorithms and Evaluation Protocols

Prachi Jain\*, Sushant Rathi\*, Mausam' and Soumen Chakrabarti2

$^{1}$ Indian Institute of Technology Delhi   
$^{2}$ Indian Institute of Technology Bombay

{p6.jain, rathisushant5} $@$ gmail.com, mausam@cse.iitd.ac.in, soumen.chakrabarti@gmail.com",false,,,,"[{""raw_affiliation_text"": ""Indian Institute of Technology Delhi"", ""institution"": ""Indian Institute of Technology Delhi"", ""country"": null}, {""raw_affiliation_text"": ""Indian Institute of Technology Bombay"", ""institution"": ""Indian Institute of Technology Bombay"", ""country"": null}]"
2020.emnlp-main.306,,,,2020.emnlp-main.306,done,Indian Institute of Technology Delhi | Indian Institute of Technology Bombay,"# OpenIE6: Iterative Grid Labeling and Coordination Analysis for Open Information Extraction

Keshav Kolluru $^{1*}$ , Vaibhav Adlakha $^{1*}$ , Samarth Aggarwal $^{1}$ , Musam $^{1}$ , and Soumen Chakrabarti $^{2}$

$^{1}$ Indian Institute of Technology Delhi

keshav.kolluru@gmail.com, vaibhavadlakha95@gmail.com samarth.aggarwal.2510@gmail.com, mausam@cse.iitd.ac.in

$^{2}$ Indian Institute of Technology Bombay

soumen@cse.iitb.ac.in",false,,,,"[{""raw_affiliation_text"": ""Indian Institute of Technology Delhi"", ""institution"": ""Indian Institute of Technology Delhi"", ""country"": null}, {""raw_affiliation_text"": ""Indian Institute of Technology Bombay"", ""institution"": ""Indian Institute of Technology Bombay"", ""country"": null}]"
2020.emnlp-main.307,,,,2020.emnlp-main.307,done,Shanxi University | Institute for Infocomm Research,"# Public Sentiment Drift Analysis Based on Hierarchical Variational Auto-encoder

Wenyue Zhang $^{1}$ , Xiaoli Li $^{2}$ , Yang Li $^{1}$ , Suge Wang $^{1}$ , Deyu Li $^{1}$ , Liao Jian $^{1}$ , Jianxing Zheng $^{1}$

$^{1}$ School of Computer and Information Technology, Shanxi University, Taiyuan 030006, China

$^{2}$ Institute for Infocomm Research, Singapore

wsg@sxu.edu.cn",false,,,,"[{""raw_affiliation_text"": ""School of Computer and Information Technology, Shanxi University, Taiyuan 030006, China"", ""institution"": ""Shanxi University"", ""country"": ""China""}, {""raw_affiliation_text"": ""Institute for Infocomm Research, Singapore"", ""institution"": ""Institute for Infocomm Research"", ""country"": ""Singapore""}]"
2020.emnlp-main.308,,,,2020.emnlp-main.308,done,Seoul National University,"# Point to the Expression: Solving Algebraic Word Problems using the Expression-Pointer Transformer Model

Bugeun Kim Kyung Seo Ki Donggeon Lee Gahgene Gweon

Department of Transdisciplinary Studies,

Seoul National University,

Seoul, Republic of Korea

{cd4209,kskee88,lsw5835,ggweon}@snu.ac.kr",false,,,,"[{""raw_affiliation_text"": ""Department of Transdisciplinary Studies, Seoul National University, Seoul, Republic of Korea"", ""institution"": ""Seoul National University"", ""country"": ""Republic of Korea""}]"
2020.emnlp-main.309,,,,2020.emnlp-main.309,done,Sun Yat-sen University | Dark Matter AI Inc.,"# Semantically-Aligned Universal Tree-Structured Solver for Math Word Problems

Jinghui Qin $^{1}$ , Lihui Lin $^{2}$ , Xiaodan Liang $^{1,2,*}$ , Rumin Zhang $^{2}$ , Liang Lin $^{1,2}$

Sun Yat-sen University   
2 Dark Matter AI Inc.

qinjingh@mail2.sysu.edu.cn,linlh23@mail2.sysu.edu.cn,

xdliang328@gmail.com, rm_zhang@foxmail.com,

linliang@ieee.org",false,,,,"[{""raw_affiliation_text"": ""Sun Yat-sen University"", ""institution"": ""Sun Yat-sen University"", ""country"": null}, {""raw_affiliation_text"": ""Dark Matter AI Inc."", ""institution"": ""Dark Matter AI Inc."", ""country"": null}]"
2020.emnlp-main.31,,,,2020.emnlp-main.31,done,Stanford University,"# AutoQA: From Databases To QA Semantic Parsing With Only Synthetic Training Data

Silei Xu* Sina J. Semnani* Giovanni Campagna Monica S. Lam

Computer Science Department

Stanford University

Stanford, CA, USA

{silei,sinaj,gcampaign,lam}@cs.stanford.edu",false,,,,"[{""raw_affiliation_text"": ""Computer Science Department Stanford University Stanford, CA, USA"", ""institution"": ""Stanford University"", ""country"": ""USA""}]"
2020.emnlp-main.310,,,,2020.emnlp-main.310,done,Southeast University,"# Neural Topic Modeling by Incorporating Document Relationship Graph

Deyu Zhou* Xuemeng Hu Rui Wang

School of Computer Science and Engineering, Key Laboratory of Computer Network and Information Integration, Ministry of Education, Southeast University, China

{d.zhou,xuemenghu,rui_wang}@seu.edu.cn",false,,,,"[{""raw_affiliation_text"": ""School of Computer Science and Engineering, Key Laboratory of Computer Network and Information Integration, Ministry of Education, Southeast University, China"", ""institution"": ""Southeast University"", ""country"": ""China""}]"
2020.emnlp-main.311,,,,2020.emnlp-main.311,done,Peking University | Microsoft Research,"# Routing Enforced Generative Model for Recipe Generation

Zhiwei Yu\*,1,2, Hongyu Zang\*,1 and Xiaojun Wan

$^{1}$ Wangxuan Institute of Computer Technology, Peking University

<sup>1</sup>The MOE Key Laboratory of Computational Linguistics, Peking University

2Microsoft Research Asia

yuzw, zanghy, wanxiajun@pku.edu.cn",false,,,,"[{""raw_affiliation_text"": ""Wangxuan Institute of Computer Technology, Peking University"", ""institution"": ""Peking University"", ""country"": null}, {""raw_affiliation_text"": ""Microsoft Research Asia"", ""institution"": ""Microsoft Research"", ""country"": null}]"
2020.emnlp-main.312,,,,2020.emnlp-main.312,done,Academia Sinica | Pennsylvania State University | Tunghai University,"# Assessing the Helpfulness of Learning Materials with Inference-Based Learner-Like Agent

Yun-Hsuan Jen<sup>1</sup>, Chieh-Yang Huang<sup>2</sup>, Mei-Hua Chen<sup>3</sup>, Ting-Hao (Kenneth) Huang<sup>2</sup>, and Lun-Wei Ku<sup>1</sup>

$^{1}$ Academia Sinica, Taipei, Taiwan.

yhjen2@gmail.com, lwku@iis.sinica.edu.tw

2Pennsylvania State University, University Park, PA, USA.

{chiehyang,txh710}@psu.edu

<sup>3</sup>Tunghai University, Taichung, Taiwan. mhchen@thu.edu.tw",false,,,,"[{""raw_affiliation_text"": ""Academia Sinica, Taipei, Taiwan."", ""institution"": ""Academia Sinica"", ""country"": ""Taiwan""}, {""raw_affiliation_text"": ""Pennsylvania State University, University Park, PA, USA."", ""institution"": ""Pennsylvania State University"", ""country"": ""USA""}, {""raw_affiliation_text"": ""Tunghai University, Taichung, Taiwan."", ""institution"": ""Tunghai University"", ""country"": ""Taiwan""}]"
2020.emnlp-main.313,,,,2020.emnlp-main.313,done,Peking University | Alibaba Group,"# Selection and Generation: Learning towards Multi-Product Advertisement Post Generation

Zhangming Chan $^{1,2,*}$ , Yuchi Zhang $^{3}$ , Xiuying Chen $^{1,2}$ , Shen Gao $^{2}$ , Zhiqiang Zhang $^{3}$ , Dongyan Zhao $^{1,2}$ and Rui Yan $^{1,2,\dagger}$

<sup>1</sup> Center for Data Science, AAIS, Peking University, Beijing, China

$^{2}$ Wangxuan Institute of Computer Technology, Peking University, Beijing, China

3 Alibaba Group, Beijing, China

{zhangming.chan,xy-chen,shengao,zhaody,ruiyan}@pku.edu.cn

{yuchi.zyc,zhang.zhiqiang}@alibaba-inc.com",false,,,,"[{""raw_affiliation_text"": ""Center for Data Science, AAIS, Peking University, Beijing, China"", ""institution"": ""Peking University"", ""country"": ""China""}, {""raw_affiliation_text"": ""Alibaba Group, Beijing, China"", ""institution"": ""Alibaba Group"", ""country"": ""China""}]"
2020.emnlp-main.314,,,,2020.emnlp-main.314,done,Adobe,"# Form2Seq : A Framework for Higher-Order Form Structure Extraction

Milan Aggarwal<sup>1</sup>, Hiresh Gupta<sup>2</sup>, Mausoom Sarkar<sup>1</sup>, Balaji Krishnamurthy<sup>1</sup>

Media and Data Science Research Labs, Adobe

Adobe Experience Cloud",false,,,,"[{""raw_affiliation_text"": ""Media and Data Science Research Labs, Adobe"", ""institution"": ""Adobe"", ""country"": null}]"
2020.emnlp-main.315,,,,2020.emnlp-main.315,done,VISTEC | Khon Kaen University | University of Wolverhampton | Chulalongkorn University,"# Domain Adaptation of Thai Word Segmentation Models using Stacked Ensemble

Peerat Limkonchotiwat*, Wannaphong Phatthiyaphaibun§, Raheem Sarwar‡,

Ekapol Chuangsuwanich†, Sarana Nutanong*

*School of Information Science and Technology, VISTEC, Thailand

$^{\S}$ Faculty of Interdisciplinary Studies, Khon Kaen University, Thailand

$\S$ RGCL, University of Wolverhampton, United Kingdom

†Department of Computer Engineering, Chulalongkorn University, Thailand

{Peerat.l_s19,snutanon}@vistec.ac.th,wannaphong@kkumail.com,

R.Sarwar4@wlv.ac.uk, ekapolc@cp.eng.chula.ac.th",false,,,,"[{""raw_affiliation_text"": ""School of Information Science and Technology, VISTEC, Thailand"", ""institution"": ""VISTEC"", ""country"": ""Thailand""}, {""raw_affiliation_text"": ""Faculty of Interdisciplinary Studies, Khon Kaen University, Thailand"", ""institution"": ""Khon Kaen University"", ""country"": ""Thailand""}, {""raw_affiliation_text"": ""RGCL, University of Wolverhampton, United Kingdom"", ""institution"": ""University of Wolverhampton"", ""country"": ""United Kingdom""}, {""raw_affiliation_text"": ""Department of Computer Engineering, Chulalongkorn University, Thailand"", ""institution"": ""Chulalongkorn University"", ""country"": ""Thailand""}]"
2020.emnlp-main.316,,,,2020.emnlp-main.316,done,University of Oxford | LMU Munich,"# DagoBERT: Generating Derivational Morphology with a Pretrained Language Model

Valentin Hofmann\*, Janet B. Pierrehumbert†*, Hinrich Schütze‡

$^{*}$ Faculty of Linguistics, University of Oxford ${}^{\dagger}$ Department of Engineering Science, University of Oxford ${}^{\ddagger}$ Center for Information and Language Processing, LMU Munich valentin.hofmann@ling-phil.ox.ac.uk",false,,,,"[{""raw_affiliation_text"": ""Faculty of Linguistics, University of Oxford"", ""institution"": ""University of Oxford"", ""country"": null}, {""raw_affiliation_text"": ""Center for Information and Language Processing, LMU Munich"", ""institution"": ""LMU Munich"", ""country"": null}]"
2020.emnlp-main.317,,,,2020.emnlp-main.317,done,Shanghai Jiao Tong University,"# Attention Is All You Need for Chinese Word Segmentation

Sufeng Duan $^{1,2,3}$ , Hai Zhao $^{1,2,3*}$

$^{1}$ Department of Computer Science and Engineering, Shanghai Jiao Tong University

$^{2}$ Key Laboratory of Shanghai Education Commission for Intelligent Interaction and Cognitive Engineering, Shanghai Jiao Tong University, Shanghai, China

$^{3}$ MoE Key Lab of Artificial Intelligence, AI Institute, Shanghai Jiao Tong University

1140339019dsf@sjtu.edu.cn, zhaohai@cs.sjtu.edu.cn",false,,,,"[{""raw_affiliation_text"": ""Department of Computer Science and Engineering, Shanghai Jiao Tong University"", ""institution"": ""Shanghai Jiao Tong University"", ""country"": ""China""}]"
2020.emnlp-main.318,,,,2020.emnlp-main.318,done,Dalian University of Technology,"# A Joint Multiple Criteria Model in Transfer Learning for Cross-domain Chinese Word Segmentation

Kaiyu Huang, Degen Huang*, Zhuang Liu and Fengran Mo

School of Computer Science, Dalian University of Technology

{kaiyuhuang,zhuangliu,fengranmo}@mail.dlut.edu.cn

huangdg@dlut.edu.cn",false,,,,"[{""raw_affiliation_text"": ""School of Computer Science, Dalian University of Technology"", ""institution"": ""Dalian University of Technology"", ""country"": null}]"
2020.emnlp-main.319,,,,2020.emnlp-main.319,done,University of Edinburgh,"# Alignment-free Cross-lingual Semantic Role Labeling

Rui Cai and Mirella Lapata

Institute for Language, Cognition and Computation

School of Informatics, University of Edinburgh

10 Crichton Street, Edinburgh EH8 9AB

Rui.Cai@ed.ac.uk mlap@inf.ed.ac.uk",false,,,,"[{""raw_affiliation_text"": ""Institute for Language, Cognition and Computation"", ""institution"": ""University of Edinburgh"", ""country"": null}]"
2020.emnlp-main.32,,,,2020.emnlp-main.32,done,Peking University | Peng Cheng Laboratory,"# A Spectral Method for Unsupervised Multi-Document Summarization

Kexiang Wang $^{1}$ , Baobao Chang $^{1,2}$ and Zhifang Sui $^{1,2}$

<sup>1</sup>Key Laboratory of Computational Linguistics, Ministry of Education,

School of Electronics Engineering and Computer Science, Peking University, Beijing, China

$^{2}$ Peng Cheng Laboratory, Guangdong, China

{wkx, chbb, szf}@pku.edu.cn",false,,,,"[{""raw_affiliation_text"": ""Key Laboratory of Computational Linguistics, Ministry of Education, School of Electronics Engineering and Computer Science, Peking University, Beijing, China"", ""institution"": ""Peking University"", ""country"": ""China""}, {""raw_affiliation_text"": ""Peng Cheng Laboratory, Guangdong, China"", ""institution"": ""Peng Cheng Laboratory"", ""country"": ""China""}]"
2020.emnlp-main.320,,,,2020.emnlp-main.320,done,Fudan University | Microsoft Corporation | Sun Yat-Sen University,"# Leveraging Declarative Knowledge in Text and First-Order Logic for Fine-Grained Propaganda Detection

Ruize Wang $^{1}$ , Duyu Tang $^{2}$ , Nan Duan $^{2}$ , Wanjun Zhong $^{3}$ , Zhongyu Wei $^{1}$ , Xuanjing Huang $^{1}$ , Daxin Jiang $^{2}$ , Ming Zhou $^{2}$

$^{1}$ Fudan University, Shanghai, China

<sup>2</sup>Microsoft Corporation, Beijing, China

<sup>3</sup>Sun Yat-Sen University, Guangzhou, China

{rzwang18,zywei,xjhuang}@fudan.edu.cn

{zhongwj25}@mail2.sysu.edu.cn

{dutang, nanduan, djiang, mingzhou}@microsoft.com",false,,,,"[{""raw_affiliation_text"": ""Fudan University, Shanghai, China"", ""institution"": ""Fudan University"", ""country"": ""China""}, {""raw_affiliation_text"": ""Microsoft Corporation, Beijing, China"", ""institution"": ""Microsoft Corporation"", ""country"": ""China""}, {""raw_affiliation_text"": ""Sun Yat-Sen University, Guangzhou, China"", ""institution"": ""Sun Yat-Sen University"", ""country"": ""China""}]"
2020.emnlp-main.321,,,,2020.emnlp-main.321,done,"Leibniz Science Campus ""Empirical Linguistics and Computational Language Modeling"" | Heidelberg University","# X-SRL: A Parallel Cross-Linguual Semantic Role Labeling Dataset

Angel Daza†♣ and Anette Frank♣

Leibniz ScienceCampus ""Empirical Linguistics and Computational Language Modeling""

Heidelberg University / Institut für Deutsche Sprache Mannheim

Germany

{daza, frank}@cl.uni-heidelberg.de",false,,,,"[{""raw_affiliation_text"": ""Leibniz ScienceCampus \""Empirical Linguistics and Computational Language Modeling\"""", ""institution"": ""Leibniz Science Campus \""Empirical Linguistics and Computational Language Modeling\"""", ""country"": ""Germany""}, {""raw_affiliation_text"": ""Heidelberg University / Institut für Deutsche Sprache Mannheim"", ""institution"": ""Heidelberg University"", ""country"": ""Germany""}]"
2020.emnlp-main.322,,,,2020.emnlp-main.322,done,Amazon | University of Edinburgh | University of Amsterdam,"# Graph Convolutions over Constituent Trees for Syntax-Aware Semantic Role Labeling

Diego Marcheggiani $^{1*}$ Ivan Titov $^{2,3}$

1Amazon

$^{2}$ ILCC, School of Informatics, University of Edinburgh

$^{3}$ ILLC, University of Amsterdam

marchegg@amazon.es ititov@inf.ed.ac.uk",false,,,,"[{""raw_affiliation_text"": ""Amazon"", ""institution"": ""Amazon"", ""country"": null}, {""raw_affiliation_text"": ""ILCC, School of Informatics, University of Edinburgh"", ""institution"": ""University of Edinburgh"", ""country"": null}, {""raw_affiliation_text"": ""ILLC, University of Amsterdam"", ""institution"": ""University of Amsterdam"", ""country"": null}]"
2020.emnlp-main.323,,,,2020.emnlp-main.323,done,Saarland University,"# Fast semantic parsing with well-typedness guarantees

Matthias Lindemann and Jonas Groschwitz and Alexander Koller

Department of Language Science and Technology
Saarland University

{mlinde|jonasg|koller}@coli.uni-saarland.de",false,,,,"[{""raw_affiliation_text"": ""Department of Language Science and Technology, Saarland University"", ""institution"": ""Saarland University"", ""country"": null}]"
2020.emnlp-main.324,,,,2020.emnlp-main.324,done,IBM Research,"# Improving Out-of-Scope Detection in Intent Classification by Using Embeddings of the Word Graph Space of the Classes

Paulo Cavalin, Victor Henrique Alves Ribeiro, Ana Paula Appel, Claudio Pinhanez

IBM Research

São Paulo, SP, Brazil

pcavalin@br.ibm.com",false,,,,"[{""raw_affiliation_text"": ""IBM Research, São Paulo, SP, Brazil"", ""institution"": ""IBM Research"", ""country"": ""Brazil""}]"
2020.emnlp-main.325,,,,2020.emnlp-main.325,done,"Mila, University of Montreal | Deep Mind | Google Research | CIFAR","# Supervised Seeded Iterated Learning for Interactive Language Learning

Yuchen Lu

Mila

University of Montreal

Soumye Singhal

Mila

University of Montreal

Florian Strub

DeepMind

Olivier Pietquin

Google Research

Brain Team

Aaron Courville

Mila

University of Montreal, CIFAR",false,,,,"[{""raw_affiliation_text"": ""Mila, University of Montreal"", ""institution"": ""Mila, University of Montreal"", ""country"": null}, {""raw_affiliation_text"": ""DeepMind"", ""institution"": ""Deep Mind"", ""country"": null}, {""raw_affiliation_text"": ""Google Research, Brain Team"", ""institution"": ""Google Research"", ""country"": null}, {""raw_affiliation_text"": ""CIFAR"", ""institution"": ""CIFAR"", ""country"": null}]"
2020.emnlp-main.326,,,,2020.emnlp-main.326,done,Zurich University of Applied Sciences (ZHAW) | National Distance Education University (UNED) | University of the Basque Country (UPV/EHU),"# Spot The Bot: A Robust and Efficient Framework for the Evaluation of Conversational Dialogue Systems

Jan Deriu<sup>1</sup>, Don Tuggener<sup>1</sup>, Pius von Däniken<sup>1</sup>, Jon Ander Campos<sup>3</sup>, Alvaro Rodrigo<sup>2</sup>, Thiziri Belkacem<sup>4</sup>, Aitor Soroa<sup>3</sup>, Eneko Agirre<sup>3</sup>, and Mark Cieliebak<sup>1</sup>

$^{1}$ Zurich University of Applied Sciences (ZHAW), Winterthur, Switzerland, {deri, tuge, vode, ciel} $@$ zhaw.ch

$^{2}$ National Distance Education University (UNED), Madrid, Spain, alvarory@lsi.uned.es

<sup>3</sup>University of the Basque Country (UPV/EHU), Donostia, Spain, {jonander.campos, a.soroa, e.agirre} @ehu.eus

Synapse Développement, Toulouse, France, belkacemthiziri@gmail.com",false,,,,"[{""raw_affiliation_text"": ""Zurich University of Applied Sciences (ZHAW), Winterthur, Switzerland"", ""institution"": ""Zurich University of Applied Sciences (ZHAW)"", ""country"": ""Switzerland""}, {""raw_affiliation_text"": ""National Distance Education University (UNED), Madrid, Spain"", ""institution"": ""National Distance Education University (UNED)"", ""country"": ""Spain""}, {""raw_affiliation_text"": ""University of the Basque Country (UPV/EHU), Donostia, Spain"", ""institution"": ""University of the Basque Country (UPV/EHU)"", ""country"": ""Spain""}]"
2020.emnlp-main.327,,,,2020.emnlp-main.327,done,Massachusetts Institute of Technology | Google Research,"# Human-centric dialog training via offline reinforcement learning

Natasha Jaques\*12, Judy Hanwen Shen\*1, Asma Ghandeharioun1, Craig Ferguson1, Agata Lapedriza1, Noah Jones1, Shixiang Shane Gu2, Rosalind Picard1

*Equal contribution  
<sup>1</sup>Massachusetts Institute of Technology, Cambridge, USA  
<sup><judyshen, asma-gh, agata, ncjones, Roz></sup>@mit.edu  
<sup>2</sup>Google Research, Mountain View, USA  
<sup><natasahajaques, shanegu></sup>@google.com",false,,,,"[{""raw_affiliation_text"": ""Massachusetts Institute of Technology, Cambridge, USA"", ""institution"": ""Massachusetts Institute of Technology"", ""country"": ""USA""}, {""raw_affiliation_text"": ""Google Research, Mountain View, USA"", ""institution"": ""Google Research"", ""country"": ""USA""}]"
2020.emnlp-main.328,,,,2020.emnlp-main.328,done,University of Cambridge | Harvard University | MPI SHH | HSE University | ETH Zürich,"# Speakers Fill Lexical Semantic Gaps with Context

Tiago Pimentel $^{\text{d}}$ Rowan Hall Maudslay $^{\text{d}}$ Damián Blasi $^{\text{a,f,B}}$ Ryan Cotterell $^{\text{b,f}}$ $^{\text{d}}$ University of Cambridge ${}^{\text{a}}$ Harvard University ${}^{\text{f}}$ MPI SHH ${}^{\text{b}}$ HSE University ${}^{\text{c}}$ ETH Zürich  
tp472@cam.ac.uk, rh635@cam.ac.uk,  
dblasi@fas.harvard.edu, ryan.cotterell@inf.ethz.ch",false,,,,"[{""raw_affiliation_text"": ""University of Cambridge"", ""institution"": ""University of Cambridge"", ""country"": null}, {""raw_affiliation_text"": ""Harvard University"", ""institution"": ""Harvard University"", ""country"": null}, {""raw_affiliation_text"": ""MPI SHH"", ""institution"": ""MPI SHH"", ""country"": null}, {""raw_affiliation_text"": ""HSE University"", ""institution"": ""HSE University"", ""country"": null}, {""raw_affiliation_text"": ""ETH Zürich"", ""institution"": ""ETH Zürich"", ""country"": null}]"
2020.emnlp-main.329,,,,2020.emnlp-main.329,done,University of Cambridge | ETH Zürich,"# Investigating Cross-Linguistic Adjective Ordering Tendencies with a Latent-Variable Model

Jun Yen Leung Guy Emerson Ryan Cotterell

University of Cambridge ETH Zürich

junyenle@gmail.com, gete2@cam.ac.uk, ryan.cotterell@inf.ethz.ch",false,,,,"[{""raw_affiliation_text"": ""University of Cambridge"", ""institution"": ""University of Cambridge"", ""country"": null}, {""raw_affiliation_text"": ""ETH Zürich"", ""institution"": ""ETH Zürich"", ""country"": null}]"
2020.emnlp-main.33,,,,2020.emnlp-main.33,done,Westlake University | Westlake Institute for Advanced Study | Zhejiang University | Tencent SPPD,"# What Have We Achieved on Text Summarization?

Dandan Huang $^{1,2*}$ , Leyang Cui $^{1,2,3*}$ , Sen Yang $^{1,2*}$

Guangsheng Bao $^{1,2}$ , Kun Wang, Jun Xie $^{4}$ , Yue Zhang $^{1,2\dagger}$

$^{1}$ School of Engineering, Westlake University

$^{2}$ Institute of Advanced Technology, Westlake Institute for Advanced Study

3 Zhejiang University, 4 Tencent SPPD

{huangdandan, cuileyang, yangsen, baoguangsheng}@westlake.edu.cn,

wongkhun@outlook.com, stiffxie@tencent.com, yue.zhang@wias.org.cn",false,,,,"[{""raw_affiliation_text"": ""School of Engineering, Westlake University"", ""institution"": ""Westlake University"", ""country"": null}, {""raw_affiliation_text"": ""Institute of Advanced Technology, Westlake Institute for Advanced Study"", ""institution"": ""Westlake Institute for Advanced Study"", ""country"": null}, {""raw_affiliation_text"": ""Zhejiang University"", ""institution"": ""Zhejiang University"", ""country"": null}, {""raw_affiliation_text"": ""Tencent SPPD"", ""institution"": ""Tencent SPPD"", ""country"": null}]"
2020.emnlp-main.330,,,,2020.emnlp-main.330,done,Pennsylvania State University | Google Research,"# Surprisal Predicts Code-Switching in Chinese-English Bilingual Text

Jesús Calvillo 1

jzc1104@psu.edu

Le Fang

fredfang1203@gmail.com

Jeremy Cole $^{2,1}$

jrcole@google.com

David Reitter 2,1

reitter@google.com

$^{1}$ Pennsylvania State University

2Google Research",false,,,,"[{""raw_affiliation_text"": ""Pennsylvania State University"", ""institution"": ""Pennsylvania State University"", ""country"": ""null""}, {""raw_affiliation_text"": ""Google Research"", ""institution"": ""Google Research"", ""country"": ""null""}]"
2020.emnlp-main.331,,,,2020.emnlp-main.331,done,"University of California, San Diego","# Word Frequency Does Not Predict Grammatical Knowledge in Language Models

Charles Yu, Ryan Sie, Nico Tedeschi, and Leon Bergen

{cty002, rdsie, njtedeschi, lbergen}@ucsd.edu

University of California, San Diego",false,,,,"[{""raw_affiliation_text"": ""University of California, San Diego"", ""institution"": ""University of California, San Diego"", ""country"": ""null""}]"
2020.emnlp-main.332,,,,2020.emnlp-main.332,done,University of Alberta,"# Improving Word Sense Disambiguation with Translations

Yixing Luan, Bradley Hauer, Lili Mou, Grzegorz Kondrak

Alberta Machine Intelligence Institute, Department of Computing Science  
University of Alberta, Edmonton, Canada

{yixing1,bmhauer,lmou,gkondrak}@ualberta.ca",false,,,,"[{""raw_affiliation_text"": ""Alberta Machine Intelligence Institute, Department of Computing Science, University of Alberta, Edmonton, Canada"", ""institution"": ""University of Alberta"", ""country"": ""Canada""}]"
2020.emnlp-main.333,,,,2020.emnlp-main.333,done,University of Cambridge,"# Towards Better Context-aware Lexical Semantics: Adjusting Contextualized Representations through Static Anchors

Qianchu Liu, Diana McCarthy, Anna Korhonen

Language Technology Lab, TAL, University of Cambridge, UK

q1261@cam.ac.uk, diana@dianamccarthy.co.uk, alk23@cam.ac.uk",false,,,,"[{""raw_affiliation_text"": ""Language Technology Lab, TAL, University of Cambridge, UK"", ""institution"": ""University of Cambridge"", ""country"": ""UK""}]"
2020.emnlp-main.334,,,,2020.emnlp-main.334,done,University of Michigan,"# Compositional Demographic Word Embeddings

# Charles Welch, Jonathan K. Kummerfeld, Verónica Pérez-Rosas, and Rada Mihalcea

Computer Science & Engineering

University of Michigan

{cfwelch, jkummerf, vrncapr, mihalcea}@umich.edu",false,,,,"[{""raw_affiliation_text"": ""University of Michigan"", ""institution"": ""University of Michigan"", ""country"": null}]"
2020.emnlp-main.335,,,,2020.emnlp-main.335,done,Brown University,"# Are “Undocumented Workers” the Same as “Illegal Aliens”? Disentangling Denotation and Connotation in Vector Spaces

Albert Webson1,2, Zhizhong Chen3, Carsten Eickhoff1, and Ellie Pavlick1

{albert webson, zhizhong chen, carsten, ellie pavlick}@brown.edu 1Department of Computer Science, Brown University 2Department of Philosophy, Brown University 3Department of Physics, Brown University",false,,,,"[{""raw_affiliation_text"": ""Department of Computer Science, Brown University"", ""institution"": ""Brown University"", ""country"": null}]"
2020.emnlp-main.336,,,,2020.emnlp-main.336,done,Georgia Institute of Technology,"# Multi-View Sequence-to-Sequence Models with Conversational Structure for Abstractive Dialogue Summarization

Jiaao Chen

School of Interactive Computing

Georgia Institute of Technology

jiaaochen@gatech.edu

Diyi Yang

School of Interactive Computing

Georgia Institute of Technology

dyang888@gatech.edu",false,,,,"[{""raw_affiliation_text"": ""School of Interactive Computing Georgia Institute of Technology"", ""institution"": ""Georgia Institute of Technology"", ""country"": null}]"
2020.emnlp-main.337,,,,2020.emnlp-main.337,done,University of Edinburgh | University of Amsterdam,"# Few-Shot Learning for Opinion Summarization

Arthur Bražinskas<sup>1</sup> Mirella Lapata<sup>1</sup> Ivan Titov<sup>1,2</sup>

$^{1}$ ILCC, University of Edinburgh

2ILLC, University of Amsterdam

abrazinskas@ed.ac.uk, {mlap, ititov}@inf.ed.ac.uk",false,,,,"[{""raw_affiliation_text"": ""ILCC, University of Edinburgh"", ""institution"": ""University of Edinburgh"", ""country"": null}, {""raw_affiliation_text"": ""ILLC, University of Amsterdam"", ""institution"": ""University of Amsterdam"", ""country"": null}]"
2020.emnlp-main.338,,,,2020.emnlp-main.338,done,University of Central Florida | Adobe Research,"# Learning to Fuse Sentences with Transformers for Summarization

Logan Lebanoff† Franck Dernoncourt§  
Doo Soon Kim§ Lidan Wang§ Walter Chang§ Fei Liu†

†University of Central Florida § Adobe Research

loganlebanoff@knights.ucf.edu feiliu@cs.ucf.edu {dernonco,dkim,lidwang,wachang}@adobe.com",false,,,,"[{""raw_affiliation_text"": ""University of Central Florida"", ""institution"": ""University of Central Florida"", ""country"": null}, {""raw_affiliation_text"": ""Adobe Research"", ""institution"": ""Adobe Research"", ""country"": null}]"
2020.emnlp-main.339,,,,2020.emnlp-main.339,done,Google Research,"# Stepwise Extractive Summarization and Planning with Structured Transformers

Shashi Narayan*

Joshua Maynez*

Jakub Adamek

{shashinarayan, joshuahm, enkait}@google.com

Daniele Pighin

Blaz Bratanič

Ryan McDonald

{biondo,blazb,ryanmcd}@google.com

# Google Research",false,,,,"[{""raw_affiliation_text"": ""Google Research"", ""institution"": ""Google Research"", ""country"": null}]"
2020.emnlp-main.34,,,,2020.emnlp-main.34,done,IBM Research,"# Q-learning with Language Model for Edit-based Unsupervised Summarization

Ryosuke Kohita

IBM Research

Akifumi Wachi

IBM Research

Yang Zhao

IBM Research

{kohi, akifumi.wachi, yangzhao}@ibm.com

Ryuki Tachibana

IBM Research

ryuki@jp.ibm.com",false,,,,"[{""raw_affiliation_text"": ""IBM Research"", ""institution"": ""IBM Research"", ""country"": null}]"
2020.emnlp-main.340,,,,2020.emnlp-main.340,done,Johns Hopkins University,"# CLIRMatrix: A massively large collection of bilingual and multilingual datasets for Cross-Lingual Information Retrieval

Shuo Sun  
Johns Hopkins University  
ssun32@jhu.edu

Kevin Duh  
Johns Hopkins University  
kevinduh@cs.jhu.edu",false,,,,"[{""raw_affiliation_text"": ""Johns Hopkins University"", ""institution"": ""Johns Hopkins University"", ""country"": null}]"
2020.emnlp-main.341,,,,2020.emnlp-main.341,done,Georgetown University | Allen Institute for AI,"# SLEDGE-Z: A Zero-Shot Baseline for COVID-19 Literature Search

Sean MacAvaney*† Arman Cohan‡ Nazli Goharian†

†Information Retrieval Lab, Georgetown University, Washington DC

$^{\ddagger}$ Allen Institute for AI, Seattle WA

{sean, nazli}@ir.cs.georgetown.edu, armanc@allenai.org",false,,,,"[{""raw_affiliation_text"": ""Information Retrieval Lab, Georgetown University, Washington DC"", ""institution"": ""Georgetown University"", ""country"": ""null""}, {""raw_affiliation_text"": ""Allen Institute for AI, Seattle WA"", ""institution"": ""Allen Institute for AI"", ""country"": ""null""}]"
2020.emnlp-main.342,,,,2020.emnlp-main.342,done,Carnegie Mellon University,"# Modularized Transformer-based Ranking Framework

Luyu Gao Zhuyun Dai Jamie Callan

Language Technologies Institute

Carnegie Mellon University

{luyug, zhuyund, callan}@cs.cmu.edu",false,,,,"[{""raw_affiliation_text"": ""Language Technologies Institute, Carnegie Mellon University"", ""institution"": ""Carnegie Mellon University"", ""country"": null}]"
2020.emnlp-main.343,,,,2020.emnlp-main.343,done,IBM Research | Haifa University | e Bay Research | Netanya,"# Ad-hoc Document Retrieval using Weak-Supervision with BERT and GPT2

Yosi Mass

IBM Research

Haifa University, Mount Carmel, Haifa,

HA 31905, Israel

yosimass@il.ibm.com

Haggai Roitman*

eBay Research

Netanya, Israel

hroitman@ebay.com",false,,,,"[{""raw_affiliation_text"": ""IBM Research"", ""institution"": ""IBM Research"", ""country"": null}, {""raw_affiliation_text"": ""Haifa University, Mount Carmel, Haifa, HA 31905, Israel"", ""institution"": ""Haifa University"", ""country"": ""Israel""}, {""raw_affiliation_text"": ""eBay Research"", ""institution"": ""e Bay Research"", ""country"": null}, {""raw_affiliation_text"": ""Netanya, Israel"", ""institution"": ""Netanya"", ""country"": ""Israel""}]"
2020.emnlp-main.344,,,,2020.emnlp-main.344,done,Cornell University | Cornell Tech,"# Adversarial Semantic Collisions

Congzheng Song

Cornell University

cs2296@cornell.edu

Alexander M. Rush

Cornell Tech

arush@cornell.edu

Vitaly Shmatikov

Cornell Tech

shmat@cs.cornell.edu",false,,,,"[{""raw_affiliation_text"": ""Cornell University"", ""institution"": ""Cornell University"", ""country"": null}, {""raw_affiliation_text"": ""Cornell Tech"", ""institution"": ""Cornell Tech"", ""country"": null}]"
2020.emnlp-main.345,,,,2020.emnlp-main.345,done,IBM Research | Google Research | Graz University of Technology | IBM Watson,"# Learning Explainable Linguistic Expressions with Neural Inductive Logic Programming for Sentence Classification

Prithviraj Sen

IBM Research

San Jose, CA, USA

senp@us.ibm.com

Marina Danilevsky

IBM Research

San Jose, CA, USA

mdanile@us.ibm.com

Yunyao Li

IBM Research

San Jose, CA, USA

yunyaoli@us.ibm.com

Siddhartha Brahma

Google Research

Mountain View, CA, USA

sidbrahma@google.com

Matthias Boehm

Graz University of Technology

Graz, Austria

m.boehm@tugraz.at

Laura Chiticariu

IBM Watson

San Jose, CA, USA

chiti@us.ibm.com

Rajasekar Krishnamurthy

IBM Watson

San Jose, CA, USA

rajase@us.ibm.com",false,,,,"[{""raw_affiliation_text"": ""IBM Research"", ""institution"": ""IBM Research"", ""country"": ""USA""}, {""raw_affiliation_text"": ""Google Research"", ""institution"": ""Google Research"", ""country"": ""USA""}, {""raw_affiliation_text"": ""Graz University of Technology"", ""institution"": ""Graz University of Technology"", ""country"": ""Austria""}, {""raw_affiliation_text"": ""IBM Watson"", ""institution"": ""IBM Watson"", ""country"": ""USA""}]"
2020.emnlp-main.346,,,,2020.emnlp-main.346,done,"University of California, Irvine | University of California, Berkeley","# AUTOPROMPT: Eliciting Knowledge from Language Models with Automatically Generated Prompts

Taylor Shin* Yasaman Razeghi* Robert L. Logan IV* Eric Wallace* Sameer Singh

$\diamond$ University of California, Irvine $\clubsuit$ University of California, Berkeley

{tshin1, yrazeghi, rlogan, sameer}@uci.edu

ericwallace@berkeley.edu",false,,,,"[{""raw_affiliation_text"": ""University of California, Irvine"", ""institution"": ""University of California, Irvine"", ""country"": null}, {""raw_affiliation_text"": ""University of California, Berkeley"", ""institution"": ""University of California, Berkeley"", ""country"": null}]"
2020.emnlp-main.347,,,,2020.emnlp-main.347,done,University of Virginia,"# Learning Variational Word Masks to Improve the Interpretability of Neural Text Classifiers

Hanjie Chen, Yangfeng Ji

Department of Computer Science

University of Virginia

Charlottesville, VA, USA

{hc9mx, yangfeng}@virginia.edu",false,,,,"[{""raw_affiliation_text"": ""Department of Computer Science, University of Virginia, Charlottesville, VA, USA"", ""institution"": ""University of Virginia"", ""country"": ""USA""}]"
2020.emnlp-main.348,,,,2020.emnlp-main.348,done,Instituto de Telecomunicações | Priberam Labs | Institute of Systems and Robotics | Instituto Superior Técnico | Unbabel,"# Sparse Text Generation

Pedro Henrique Martins Zita Marinho and Andre F. T. Martins

$^{\text{学}}$ Instituto de Telecomunicações ${}^{\text{D}}$ Priberam Labs ${}^{\text{M}}$ Institute of Systems and Robotics

<sup>9</sup>LULIS (Lisbon ELLIS Unit), Instituto Superior Técnico <sup>b</sup>Unbabel

Lisbon, Portugal

pedrohenriqueamartins@tecnico.ulisboa.pt,

zita.marinho@priberam.pt, andre.t.martins@tecnico.ulisboa.pt.",false,,,,"[{""raw_affiliation_text"": ""Instituto de Telecomunicações"", ""institution"": ""Instituto de Telecomunicações"", ""country"": null}, {""raw_affiliation_text"": ""Priberam Labs"", ""institution"": ""Priberam Labs"", ""country"": null}, {""raw_affiliation_text"": ""Institute of Systems and Robotics"", ""institution"": ""Institute of Systems and Robotics"", ""country"": null}, {""raw_affiliation_text"": ""LULIS (Lisbon ELLIS Unit), Instituto Superior Técnico"", ""institution"": ""Instituto Superior Técnico"", ""country"": ""Portugal""}, {""raw_affiliation_text"": ""Unbabel"", ""institution"": ""Unbabel"", ""country"": null}]"
2020.emnlp-main.349,,,,2020.emnlp-main.349,done,University of Washington | Microsoft Research | Allen Institute for Artificial Intelligence,"# PLOTMACHINES: Outline-Conditioned Generation with Dynamic Plot State Tracking

Hannah Rashkin<sup>1</sup>, Asli Celikyilmaz<sup>2</sup>, Yejin Choi<sup>1,3</sup>, Jianfeng Gao<sup>2</sup>  
<sup>1</sup> Paul G. Allen School of Computer Science & Engineering, University of Washington  
<sup>2</sup> Microsoft Research, Redmond, WA, USA  
<sup>3</sup> Allen Institute for Artificial Intelligence, Seattle, WA, USA  
{h rashkin, yejin}@cs.washington.edu, {aslicel, jfgao}@microsoft.com",false,,,,"[{""raw_affiliation_text"": ""Paul G. Allen School of Computer Science & Engineering, University of Washington"", ""institution"": ""University of Washington"", ""country"": null}, {""raw_affiliation_text"": ""Microsoft Research, Redmond, WA, USA"", ""institution"": ""Microsoft Research"", ""country"": ""USA""}, {""raw_affiliation_text"": ""Allen Institute for Artificial Intelligence, Seattle, WA, USA"", ""institution"": ""Allen Institute for Artificial Intelligence"", ""country"": ""USA""}]"
2020.emnlp-main.35,,,,2020.emnlp-main.35,done,Xidian University | The University of Texas at Austin,"# Friendly Topic Assistant for Transformer Based Abstractive Summarization

Zhengjue Wang\*, Zhibin Duan\*, Hao Zhang†, Chaojie Wang†, Long Tian†, Bo Chen†, Mingyuan Zhou

$^{1}$ National Laboratory of Radar Signal Processing, Xidian University, Xi'an, China $^{2}$ McCombs School of Business The University of Texas at Austin, Austin, TX 78712, USA {zhengjuewang, zhanghao_xidian}@163.com bchen@mail.xidian.edu.cn, Mingyuan.Zhou@mccombs.utexas.edu",false,,,,"[{""raw_affiliation_text"": ""National Laboratory of Radar Signal Processing, Xidian University, Xi'an, China"", ""institution"": ""Xidian University"", ""country"": ""China""}, {""raw_affiliation_text"": ""McCombs School of Business The University of Texas at Austin, Austin, TX 78712, USA"", ""institution"": ""The University of Texas at Austin"", ""country"": ""USA""}]"
2020.emnlp-main.350,,,,2020.emnlp-main.350,done,Mila,"# Do sequence-to-sequence VAEs learn global features of sentences?

# Tom Bosc

Mila, Université de Montréal

bosct@mila.quebec

# Pascal Vincent

Mila, Université de Montréal, CIFAR

vincentp@iro.umontreal.ca",false,,,,"[{""raw_affiliation_text"": ""Mila, Université de Montréal"", ""institution"": ""Mila"", ""country"": null}]"
2020.emnlp-main.351,,,,2020.emnlp-main.351,done,"University of Southern California | University of Edinburgh | Columbia University | University of California, Los Angeles","# Content Planning for Neural Story Generation with Aristotelian Rescoring

Seraphina Goldfarb-Tarrant*, Tuhin Chakrabarty*, Ralph Weischedel*, Nanyun Peng*§

* Information Sciences Institute, University of Southern California

† University of Edinburgh, ‡ Columbia University, § University of California, Los Angeles

s.tarrant@ed.ac.uk,tuhin.chakr@cs.columbia.edu,

weisched@isi.edu,violetpeng@cs.ucla.edu",false,,,,"[{""raw_affiliation_text"": ""Information Sciences Institute, University of Southern California"", ""institution"": ""University of Southern California"", ""country"": null}, {""raw_affiliation_text"": ""University of Edinburgh"", ""institution"": ""University of Edinburgh"", ""country"": null}, {""raw_affiliation_text"": ""Columbia University"", ""institution"": ""Columbia University"", ""country"": null}, {""raw_affiliation_text"": ""University of California, Los Angeles"", ""institution"": ""University of California, Los Angeles"", ""country"": null}]"
2020.emnlp-main.352,,,,2020.emnlp-main.352,done,The University of Texas at Austin | Samsung Research America,"# Generating Dialogue Responses from a Semantic Latent Space

Wei-Jen Ko<sup>1</sup> Avik Ray<sup>2</sup> Yilin Shen<sup>2</sup> Hongxia Jin<sup>2</sup>

<sup>1</sup> The University of Texas at Austin

$^{2}$ Samsung Research America

wjko@utexas.edu, {avik.r, yilin.shen, hongxia.jin}@samsung.com",false,,,,"[{""raw_affiliation_text"": ""The University of Texas at Austin"", ""institution"": ""The University of Texas at Austin"", ""country"": null}, {""raw_affiliation_text"": ""Samsung Research America"", ""institution"": ""Samsung Research America"", ""country"": null}]"
2020.emnlp-main.353,,,,2020.emnlp-main.353,done,University of Amsterdam,"# Refer, Reuse, Reduce Generating Subsequent References in Visual and Conversational Contexts

Ece Takmaz, Mario Giulianielli, Sandro Pezzelle, Arabella Sinclair, Raquel Fernandez

Institute for Logic, Language and Computation

University of Amsterdam

{e.takmaz|m.giulianelli|s.pezzelle}

a.j.sinclair|raquel.fernandez}@uva.nl",false,,,,"[{""raw_affiliation_text"": ""Institute for Logic, Language and Computation"", ""institution"": ""University of Amsterdam"", ""country"": null}]"
2020.emnlp-main.354,,,,2020.emnlp-main.354,done,University of Edinburgh | University of Amsterdam,"# Visually Grounded Compound PCFGs

Yanpeng Zhao

$^{\varepsilon}$ ILCC, University of Edinburgh

yanp.zhao@ed.ac.uk

Ivan Titov<sup>ae</sup>

$^{\text{th}}$ ILLCC, University of Amsterdam

ititov@inf.ed.ac.uk",false,,,,"[{""raw_affiliation_text"": ""ILCC, University of Edinburgh"", ""institution"": ""University of Edinburgh"", ""country"": null}, {""raw_affiliation_text"": ""ILLCC, University of Amsterdam"", ""institution"": ""University of Amsterdam"", ""country"": null}]"
2020.emnlp-main.355,,,,2020.emnlp-main.355,done,"Stanford University | University of California, Davis","# ALICE: Active Learning with Contrastive Natural Language Explanations

Weixin Liang

Stanford University

wxliang@stanford.edu

James Zou<sup>1</sup>

Stanford University

jamesz@stanford.edu

Zhou Yu

University of California, Davis

joyu@ucdavis.edu",false,,,,"[{""raw_affiliation_text"": ""Stanford University"", ""institution"": ""Stanford University"", ""country"": null}, {""raw_affiliation_text"": ""University of California, Davis"", ""institution"": ""University of California, Davis"", ""country"": null}]"
2020.emnlp-main.356,,,,2020.emnlp-main.356,done,Google Research | Brown University,"# Room-Across-Room: Multilingual Vision-and-Language Navigation with Dense Spatiotemporal Grounding

Alexander Ku $^{1*}$ Peter Anderson $^{1*}$ Roma Patel $^{2}$ Eugene Ie $^{1}$ Jason Baldridge $^{1}$

$^{1}$ Google Research $^{2}$ Brown University

{alexku, pjand, eugeneie, jridge}@google.com romapatel $@$ brown.edu",false,,,,"[{""raw_affiliation_text"": ""Google Research"", ""institution"": ""Google Research"", ""country"": null}, {""raw_affiliation_text"": ""Brown University"", ""institution"": ""Brown University"", ""country"": null}]"
2020.emnlp-main.357,,,,2020.emnlp-main.357,done,UC Santa Barbara | UC Santa Cruz,"# SSCR: Iterative Language-Based Image Editing via Self-Supervised Counterfactual Reasoning

Tsu-Jui Fu†, Xin Eric Wang‡, Scott T. Grafton†, Miguel P. Eckstein†, William Yang Wang†

†UC Santa Barbara ‡UC Santa Cruz

tsu-juifu@ucsb.edu, {scott.grafton, miguel.eckstein}@psych.ucsb.edu

william@cs.ucsb.edu, xwang366@ucsc.edu",false,,,,"[{""raw_affiliation_text"": ""UC Santa Barbara"", ""institution"": ""UC Santa Barbara"", ""country"": null}, {""raw_affiliation_text"": ""UC Santa Cruz"", ""institution"": ""UC Santa Cruz"", ""country"": null}]"
2020.emnlp-main.358,,,,2020.emnlp-main.358,done,LMU Munich,"# Identifying Elements Essential for BERT's Multilinguality

# Philipp Dufter, Hinrich Schütze

Center for Information and Language Processing (CIS), LMU Munich, Germany

philipp@cis.lmu.de",false,,,,"[{""raw_affiliation_text"": ""Center for Information and Language Processing (CIS), LMU Munich, Germany"", ""institution"": ""LMU Munich"", ""country"": ""Germany""}]"
2020.emnlp-main.359,,,,2020.emnlp-main.359,done,Carnegie Mellon University,"# On Negative Interference in Multilingual Models: Findings and A Meta-Learning Treatment

Zirui Wang Zachary C. Lipton Yulia Tsvetkov

Carnegie Mellon University, Pittsburgh, USA

{ziruiw, zlipton, ytsvetko}@cs.cmu.edu",false,,,,"[{""raw_affiliation_text"": ""Carnegie Mellon University, Pittsburgh, USA"", ""institution"": ""Carnegie Mellon University"", ""country"": ""USA""}]"
2020.emnlp-main.36,,,,2020.emnlp-main.36,done,Microsoft Dynamics 365 AI Research,"# Contrastive Distillation on Intermediate Representations for Language Model Compression

Siqi Sun, Zhe Gan, Yu Cheng, Yuwei Fang, Shuohang Wang, Jingjing Liu  
Microsoft Dynamics 365 AI Research

{siqi.sun,zhe.gan,yu.cheng,yuwfan,shuohang.wang,jingjl}@microsoft.com",false,,,,"[{""raw_affiliation_text"": ""Microsoft Dynamics 365 AI Research"", ""institution"": ""Microsoft Dynamics 365 AI Research"", ""country"": null}]"
2020.emnlp-main.360,,,,2020.emnlp-main.360,done,Carnegie Mellon University | Facebook | Stanford University,"# Pre-tokenization of Multi-word Expressions in Cross-lingual Word Embeddings

Naoki Otani<sup>1</sup>  
Yucen Li<sup>2*</sup>

Satoru Ozaki<sup>1</sup>  
Micaelah St Johns<sup>3*</sup>

Xingyuan Zhao<sup>1</sup>  
Lori Levin<sup>1</sup>

$^{1}$ Carnegie Mellon University $^{2}$ Facebook $^{3}$ Stanford University

$^{1}$ {notani, sozaki, xingyuaz, levin} @andrew.cmu.edu

$^{2}$ yucenli@fb.com $^{3}$ mstjohns@stanford.edu",false,,,,"[{""raw_affiliation_text"": ""Carnegie Mellon University"", ""institution"": ""Carnegie Mellon University"", ""country"": null}, {""raw_affiliation_text"": ""Facebook"", ""institution"": ""Facebook"", ""country"": null}, {""raw_affiliation_text"": ""Stanford University"", ""institution"": ""Stanford University"", ""country"": null}]"
2020.emnlp-main.361,,,,2020.emnlp-main.361,done,NAVER LABS Europe | Université Grenoble Alpes,"# Monolingual Adapters for Zero-Shot Neural Machine Translation

Jerin Philip†* and Alexandre Bérard† and Matthias Galle† and Laurent Besacier†‡

†NAVER LABS Europe ‡Université Grenoble Alpes

jerin.philip@research.iit.ac.in

alexandre.berard@naverlabs.com

laurent.besacier@univ-grenoble-alpes.fr

matthias.galle@naverlabs.com",false,,,,"[{""raw_affiliation_text"": ""NAVER LABS Europe"", ""institution"": ""NAVER LABS Europe"", ""country"": null}, {""raw_affiliation_text"": ""Université Grenoble Alpes"", ""institution"": ""Université Grenoble Alpes"", ""country"": null}]"
2020.emnlp-main.362,,,,2020.emnlp-main.362,done,Johns Hopkins University,"# Do Explicit Alignments Robustly Improve Multilingual Encoders?

Shijie Wu and Mark Dredze

Department of Computer Science

Johns Hopkins University

shijie.wu@jhu.edu, mdredze@cs.jhu.edu",false,,,,"[{""raw_affiliation_text"": ""Department of Computer Science Johns Hopkins University"", ""institution"": ""Johns Hopkins University"", ""country"": null}]"
2020.emnlp-main.363,,,,2020.emnlp-main.363,done,University of Mannheim | University of Oslo | University of Cambridge,"# From Zero to Hero: On the Limitations of Zero-Shot Language Transfer with Multilingual Transformers

Anne Lauscher<sup>1*</sup>, Vinit Ravishankar<sup>2*</sup>, Ivan Vulic<sup>3</sup>, and Goran Glavaš<sup>1</sup>

$^{1}$ Data and Web Science Group, University of Mannheim, Germany $^{2}$ Language Technology Group, University of Oslo, Norway $^{3}$ Language Technology Lab, University of Cambridge, UK

$^{1}\{$ anne,goran $\} @$ informatik.uni-mannheim.de, $^{2}$ vinitr@ifi.uio.no, $^{3}$ iv250@cam.ac.uk",false,,,,"[{""raw_affiliation_text"": ""Data and Web Science Group, University of Mannheim, Germany"", ""institution"": ""University of Mannheim"", ""country"": ""Germany""}, {""raw_affiliation_text"": ""Language Technology Group, University of Oslo, Norway"", ""institution"": ""University of Oslo"", ""country"": ""Norway""}, {""raw_affiliation_text"": ""Language Technology Lab, University of Cambridge, UK"", ""institution"": ""University of Cambridge"", ""country"": ""UK""}]"
2020.emnlp-main.364,,,,2020.emnlp-main.364,done,Amazon AI,"# Distilling Multiple Domains for Neural Machine Translation

Anna Currey

Prashant Mathur

Georgiana Dinu

Amazon AI {ancurrey,pramathu,gddinu} $@$ amazon.com",false,,,,"[{""raw_affiliation_text"": ""Amazon AI"", ""institution"": ""Amazon AI"", ""country"": null}]"
2020.emnlp-main.365,,,,2020.emnlp-main.365,done,Technische Universität Darmstadt,"# Making Monolingual Sentence Embeddings Multilingual using Knowledge Distillation

Nils Reimers and Iryna Gurevych

Ubiquitous Knowledge Processing Lab (UKP-TUDA)

Department of Computer Science, Technische Universität Darmstadt

www.ukp.tu-darmstadt.de",false,,,,"[{""raw_affiliation_text"": ""Department of Computer Science, Technische Universität Darmstadt"", ""institution"": ""Technische Universität Darmstadt"", ""country"": null}]"
2020.emnlp-main.366,,,,2020.emnlp-main.366,done,UC Berkeley,"# A Streaming Approach For Efficient Batched Beam Search

Kevin Yang, Violet Yao, John DeNero, Dan Klein

UC Berkeley

{yangk,violetyao,denero,klein} $@$ berkeley.edu",false,,,,"[{""raw_affiliation_text"": ""UC Berkeley"", ""institution"": ""UC Berkeley"", ""country"": null}]"
2020.emnlp-main.367,,,,2020.emnlp-main.367,done,Google Research,"# Improving Multilingual Models with Language-Clustered Vocabularies

Hyung Won Chung* Dan Garrette Kiat Chuan Tan Jason Riesa

Google Research

{hwchung, dhgarrette, kiatchuan, riesa}@google.com",false,,,,"[{""raw_affiliation_text"": ""Google Research"", ""institution"": ""Google Research"", ""country"": null}]"
2020.emnlp-main.368,,,,2020.emnlp-main.368,done,University of Oslo | Vrije Universiteit Brussel | University of Copenhagen,"# Zero-Shot Cross-Lingual Transfer with Meta Learning

Farhad Nooralahzadeh

University of Oslo

farhad.nooralahzadeh@uzh.ch

Giannis Bekoulis

Vrije Universiteit Brussel - imec

gbekouli@etrovub.be

Johannes Bjerva

University of Copenhagen / Aalborg University

jbjerva@cs.aau.dk

Isabelle Augenstein

University of Copenhagen

augenstein@di.ku.dk",false,,,,"[{""raw_affiliation_text"": ""University of Oslo"", ""institution"": ""University of Oslo"", ""country"": null}, {""raw_affiliation_text"": ""Vrije Universiteit Brussel - imec"", ""institution"": ""Vrije Universiteit Brussel"", ""country"": null}, {""raw_affiliation_text"": ""University of Copenhagen / Aalborg University"", ""institution"": ""University of Copenhagen"", ""country"": null}]"
2020.emnlp-main.369,,,,2020.emnlp-main.369,done,Amazon | University of Washington | Allen Institute for AI,"# The Multilingual Amazon Reviews Corpus

Phillip Keung* Yichao Lu* György Szarvas* Noah A. Smith†‡

$^{\dagger}$ Amazon $^{\ddagger}$ University of Washington $^{\ddagger}$ Allen Institute for AI

{keung,yichaolu,szarvasg}@amazon.com nasmith@cs.washington.edu",false,,,,"[{""raw_affiliation_text"": ""Amazon"", ""institution"": ""Amazon"", ""country"": null}, {""raw_affiliation_text"": ""University of Washington"", ""institution"": ""University of Washington"", ""country"": null}, {""raw_affiliation_text"": ""Allen Institute for AI"", ""institution"": ""Allen Institute for AI"", ""country"": null}]"
2020.emnlp-main.37,,,,2020.emnlp-main.37,done,Huawei Noah's Ark Lab,"# TernaryBERT: Distillation-aware Ultra-low Bit BERT

# Wei Zhang\*, Lu Hou\*, Yichun Yin\*, Lifeng Shang, Xiao Chen, Xin Jiang, Qun Liu  
Huawei Noah's Ark Lab

{zhangwei379, houlu3, yinyichun, shang.lifeng, chen.xiao2, jiang.xin, qun.liu}@huawei.com",false,,,,"[{""raw_affiliation_text"": ""Huawei Noah's Ark Lab"", ""institution"": ""Huawei Noah's Ark Lab"", ""country"": null}]"
2020.emnlp-main.370,,,,2020.emnlp-main.370,done,Elemental Cognition,"# GLUCOSE: GeneraLized and COntextualized Story Explanations

Nasrin Mostafazadeh* Aditya Kalyanpur Lori Moon David Buchanan† Lauren Berkowitz Or Biran Jennifer Chu-Carroll Elemental Cognition New York, NY, USA nasrin@verneek.com {adityak, lorim, orb, jenniferc}@elementalcognition.com david.buchanan@quillbot.com",false,,,,"[{""raw_affiliation_text"": ""Elemental Cognition, New York, NY, USA"", ""institution"": ""Elemental Cognition"", ""country"": ""USA""}]"
2020.emnlp-main.371,,,,2020.emnlp-main.371,done,University of Groningen,"# Character-level Representations Improve DRS-based Semantic Parsing Even in the Age of BERT

Rik van Noord

CLCG

University of Groningen

The Netherlands

rikvannoord@gmail.com

Antonio Toral

CLCG

University of Groningen

The Netherlands

a.toral.ruiz@rug.nl

Johan Bos

CLCG

University of Groningen

The Netherlands

johan.bos@rug.nl",false,,,,"[{""raw_affiliation_text"": ""University of Groningen, The Netherlands"", ""institution"": ""University of Groningen"", ""country"": ""The Netherlands""}]"
2020.emnlp-main.372,,,,2020.emnlp-main.372,done,Texas A&M University | Fudan University,"# Infusing Disease Knowledge into BERT for Health Question Answering, Medical Inference and Disease Name Recognition

Yun He $^{1}$ , Ziwei Zhu $^{1}$ , Yin Zhang $^{1}$ , Qin Chen $^{2}$ , James Caverlee $^{1}$

$^{1}$ Texas A&M University, College Station, USA

$^{2}$ Fudan University, Shanghai, China

{yunhe, zhuziwei, zhan13679, caverlee}@amu.edu

qin_chen@fudan.edu.cn",false,,,,"[{""raw_affiliation_text"": ""Texas A&M University, College Station, USA"", ""institution"": ""Texas A&M University"", ""country"": ""USA""}, {""raw_affiliation_text"": ""Fudan University, Shanghai, China"", ""institution"": ""Fudan University"", ""country"": ""China""}]"
2020.emnlp-main.373,,,,2020.emnlp-main.373,done,Allen Institute for Artificial Intelligence | University of Washington,"# Unsupervised Commonsense Question Answering with Self-Talk

Vered Shwartz $^{1,2}$ , Peter West $^{1,2}$ , Ronan Le Bras $^{1}$ , Chandra Bhagavatula $^{1}$ , and Yejin Choi $^{1,2}$

$^{1}$ Allen Institute for Artificial Intelligence

Paul G. Allen School of Computer Science & Engineering, University of Washington

{vereds,peterw,ronanlb,chandrab,yejinc}@allenai.org",false,,,,"[{""raw_affiliation_text"": ""Allen Institute for Artificial Intelligence"", ""institution"": ""Allen Institute for Artificial Intelligence"", ""country"": null}, {""raw_affiliation_text"": ""Paul G. Allen School of Computer Science & Engineering, University of Washington"", ""institution"": ""University of Washington"", ""country"": null}]"
2020.emnlp-main.374,,,,2020.emnlp-main.374,done,University of Pennsylvania,"# Reasoning about Goals, Steps, and Temporal Ordering with WikiHow

Li Zhang∗

Qing Lyu∗

University of Pennsylvania

{lyuqing,zharry,ccb}@seas.upenn.edu

Chris Callison-Burch",false,,,,"[{""raw_affiliation_text"": ""University of Pennsylvania"", ""institution"": ""University of Pennsylvania"", ""country"": null}]"
2020.emnlp-main.375,,,,2020.emnlp-main.375,done,Harvard University | Massachusetts Institute of Technology | UC Irvine | IBM Research | Amazon AI,"# Structural Supervision Improves Few-Shot Learning and Syntactic Generalization in Neural Language Models

Ethan Wilcox<sup>1</sup>, Peng Qian<sup>2</sup>, Richard Futrell<sup>3</sup>, Ryosuke Kohita<sup>4</sup>, Roger Levy<sup>2</sup> and Miguel Ballesteros<sup>5</sup>

$^{1}$ Department of Linguistics, Harvard University

$^{2}$ Department of Brain and Cognitive Sciences, Massachusetts Institute of Technology

$^{3}$ Department of Language Science, UC Irvine $^{4}$ IBM Research $^{5}$ Amazon AI

wilcoxeg@g.harvard.edu,{pqian,rplevy}@mit.edu

rfutrell@uci.edu, kohi@ibm.com, ballemig@amazon.com",false,,,,"[{""raw_affiliation_text"": ""Department of Linguistics, Harvard University"", ""institution"": ""Harvard University"", ""country"": ""null""}, {""raw_affiliation_text"": ""Department of Brain and Cognitive Sciences, Massachusetts Institute of Technology"", ""institution"": ""Massachusetts Institute of Technology"", ""country"": ""null""}, {""raw_affiliation_text"": ""Department of Language Science, UC Irvine"", ""institution"": ""UC Irvine"", ""country"": ""null""}, {""raw_affiliation_text"": ""IBM Research"", ""institution"": ""IBM Research"", ""country"": ""null""}, {""raw_affiliation_text"": ""Amazon AI"", ""institution"": ""Amazon AI"", ""country"": ""null""}]"
2020.emnlp-main.376,,,,2020.emnlp-main.376,done,Princeton University | University of Tokyo,"# Investigating representations of verb bias in neural language models

Robert D. Hawkins $^{1}$ , Takateru Yamakoshi $^{1,2}$ , Thomas L. Griffiths $^{1}$ , Adele E. Goldberg $^{1}$

$^{1}$ Princeton University, $^{2}$ University of Tokyo

{rdhawkins,takateru,tomg,adele}@princeton.edu",false,,,,"[{""raw_affiliation_text"": ""Princeton University"", ""institution"": ""Princeton University"", ""country"": null}, {""raw_affiliation_text"": ""University of Tokyo"", ""institution"": ""University of Tokyo"", ""country"": null}]"
2020.emnlp-main.377,,,,2020.emnlp-main.377,done,University of Amsterdam | Vrije Universiteit Amsterdam,"# Generating Image Descriptions via Sequential Cross-Modal Alignment Guided by Human Gaze

Ece Takmaz<sup>1</sup>, Sandro Pezzelle<sup>1</sup>, Lisa Beinborn<sup>2</sup>, Raquel Fernández<sup>1</sup>  
<sup>1</sup>Institute for Logic, Language and Computation, University of Amsterdam  
<sup>2</sup>Vrije Universiteit Amsterdam  
{e.takmaz|s.pezzelle|raquel.fernandez}@uva.nl, l.m.beinborn@vu.nl",false,,,,"[{""raw_affiliation_text"": ""Institute for Logic, Language and Computation, University of Amsterdam"", ""institution"": ""University of Amsterdam"", ""country"": null}, {""raw_affiliation_text"": ""Vrije Universiteit Amsterdam"", ""institution"": ""Vrije Universiteit Amsterdam"", ""country"": null}]"
2020.emnlp-main.378,,,,2020.emnlp-main.378,done,Microsoft Research,"# OPTIMUS: Organizing Sentences via Pre-trained Modeling of a Latent Space

Chunyuan Li, Xiang Gao, Yuan Li, Baolin Peng, Xiujun Li, Yizhe Zhang, Jianfeng Gao  
Microsoft Research, Redmond

{chunyl, xiag, v-liyua, bapeng, xiul, yizzhang, jfgao}@microsoft.com",false,,,,"[{""raw_affiliation_text"": ""Microsoft Research, Redmond"", ""institution"": ""Microsoft Research"", ""country"": null}]"
2020.emnlp-main.379,,,,2020.emnlp-main.379,done,NVIDIA,"# BioMegatron: Larger Biomedical Domain Language Model

Hoo-Chang Shin, Yang Zhang, Evelina Bakhturina, Raul Puri, Mostofa Patwary, Mohammad Shoeybi, Raghav Mani

NVIDIA / Santa Clara, California, USA

hshin@nvidia.com",false,,,,"[{""raw_affiliation_text"": ""NVIDIA / Santa Clara, California, USA"", ""institution"": ""NVIDIA"", ""country"": ""USA""}]"
2020.emnlp-main.38,,,,2020.emnlp-main.38,done,University of Massachusetts | Microsoft Research,"# Self-Supervised Meta-Learning for Few-Shot Natural Language Classification Tasks

Trapit Bansal $\diamond^{*}$ and Rishikesh Jha† and Tsendsuren Munkhdalai‡ and Andrew McCallum

$\diamond$ University of Massachusetts, Amherst

†Code for Science and Society

<sup>†</sup>Microsoft Research, Montréal, Canada",false,,,,"[{""raw_affiliation_text"": ""University of Massachusetts, Amherst"", ""institution"": ""University of Massachusetts"", ""country"": null}, {""raw_affiliation_text"": ""Microsoft Research, Montréal, Canada"", ""institution"": ""Microsoft Research"", ""country"": ""Canada""}]"
2020.emnlp-main.380,,,,2020.emnlp-main.380,done,Google Research,"# Text Segmentation by Cross Segment Attention

# Michal Lukasik, Boris Dadachev, Kishore Papineni, Gonçalo Simões Google Research

{mlukasik,bdadachev,papineni,gsimoes}@google.com",false,,,,"[{""raw_affiliation_text"": ""Google Research"", ""institution"": ""Google Research"", ""country"": null}]"
2020.emnlp-main.381,,,,2020.emnlp-main.381,done,Sberbank | National Research University Higher School of Economics | Moscow Institute of Physics and Technology | Huawei,"# RussianSuperGLUE: A Russian Language Understanding Evaluation Benchmark

Tatiana Shavrina $^{1,2}$ , Alena Fenogenova $^{1}$ , Anton Emelyanov $^{1,3}$ , Denis Shevelev $^{1}$ , Ekaterina Artemova $^{2}$ , Valentin Malykh $^{4}$ , Vladislav Mikhailov $^{1,2}$ , Maria Tikhonova $^{1,2}$ , Andrey Chertok $^{1}$ and Andrey Evlampiev $^{1}$

Sberbank / Moscow, Russia

$^{2}$ National Research University Higher School of Economics / Moscow, Russia

$^{3}$ Moscow Institute of Physics and Technology / Moscow, Russia

$^{4}$ Huawei / Moscow, Russia",false,,,,"[{""raw_affiliation_text"": ""Sberbank / Moscow, Russia"", ""institution"": ""Sberbank"", ""country"": ""Russia""}, {""raw_affiliation_text"": ""National Research University Higher School of Economics / Moscow, Russia"", ""institution"": ""National Research University Higher School of Economics"", ""country"": ""Russia""}, {""raw_affiliation_text"": ""Moscow Institute of Physics and Technology / Moscow, Russia"", ""institution"": ""Moscow Institute of Physics and Technology"", ""country"": ""Russia""}, {""raw_affiliation_text"": ""Huawei / Moscow, Russia"", ""institution"": ""Huawei"", ""country"": ""Russia""}]"
2020.emnlp-main.382,,,,2020.emnlp-main.382,done,Ohio State University | Georgia Institute of Technology,"# An Empirical Study of Pre-trained Transformers for Arabic Information Extraction

Wuwei Lan $^{1}$ , Yang Chen $^{2}$ , Wei Xu $^{2}$ , Alan Ritter $^{2}$

<sup>1</sup> Department of Computer Science and Engineering, Ohio State University

$^{2}$ School of Interactive Computing, Georgia Institute of Technology

lan.105@osu.edu {yang.chen, wei.xu, alan.ritter}@cc.gatech.edu",false,,,,"[{""raw_affiliation_text"": ""Department of Computer Science and Engineering, Ohio State University"", ""institution"": ""Ohio State University"", ""country"": null}, {""raw_affiliation_text"": ""School of Interactive Computing, Georgia Institute of Technology"", ""institution"": ""Georgia Institute of Technology"", ""country"": null}]"
2020.emnlp-main.383,,,,2020.emnlp-main.383,done,Yahoo Research,"# TNT: Text Normalization based Pre-training of Transformers for Content Moderation

Fei Tan, Yifan Hu, Changwei Hu, Keqian Li, Kevin Yen

Yahoo Research, New York, NY, USA

{fei.tan, yifanhu, changweih, keqian.li, kevinyen} $@$ verizonmedia.com",false,,,,"[{""raw_affiliation_text"": ""Yahoo Research, New York, NY, USA"", ""institution"": ""Yahoo Research"", ""country"": ""USA""}]"
2020.emnlp-main.384,,,,2020.emnlp-main.384,done,Duke University | Amazon Alexa AI | National University of Singapore,"# Methods for Numeracy-Preserving Word Embeddings

Dhanasekar Sundararaman<sup>1</sup>, Shijing Si<sup>1</sup>, Vivek Subramanian<sup>1</sup>, Guoyin Wang<sup>2</sup>, Devamanyu Hazarika<sup>3</sup>, Lawrence Carin<sup>1</sup>

$^{1}$ Duke University

2 Amazon Alexa AI

$^{3}$ National University of Singapore

dhanasekar.sundararaman@duke.edu",false,,,,"[{""raw_affiliation_text"": ""Duke University"", ""institution"": ""Duke University"", ""country"": null}, {""raw_affiliation_text"": ""Amazon Alexa AI"", ""institution"": ""Amazon Alexa AI"", ""country"": null}, {""raw_affiliation_text"": ""National University of Singapore"", ""institution"": ""National University of Singapore"", ""country"": null}]"
2020.emnlp-main.385,,,,2020.emnlp-main.385,done,Carnegie Mellon University | UC San Diego,"# An Empirical Investigation of Contextualized Number Prediction

# Daniel Spokoyny

Carnegie Mellon University

dspokoyn@cs.cmu.edu

# Taylor Berg-Kirkpatrick

UC San Diego

tberg@ucsd.edu",false,,,,"[{""raw_affiliation_text"": ""Carnegie Mellon University"", ""institution"": ""Carnegie Mellon University"", ""country"": null}, {""raw_affiliation_text"": ""UC San Diego"", ""institution"": ""UC San Diego"", ""country"": null}]"
2020.emnlp-main.386,,,,2020.emnlp-main.386,done,Deezer Research | École Polytechnique,"# Modeling the Music Genre Perception across Language-Bound Cultures

Elena V. Epure<sup>1</sup>, Guillaume Salha<sup>1,2</sup>, Manuel Moussallam<sup>1</sup>, Romain Hennequin<sup>1</sup>

<sup>1</sup> Deezer Research, Paris, France

2 LIX, École Polytechnique, Palaiseau, France

research@deezer.com",false,,,,"[{""raw_affiliation_text"": ""Deezer Research, Paris, France"", ""institution"": ""Deezer Research"", ""country"": ""France""}, {""raw_affiliation_text"": ""LIX, École Polytechnique, Palaiseau, France"", ""institution"": ""École Polytechnique"", ""country"": ""France""}]"
2020.emnlp-main.387,,,,2020.emnlp-main.387,done,"University of Southern California | University of California, Los Angeles","# Joint Estimation and Analysis of Risk Behavior Ratings in Movie Scripts

Victor R Martinez

University of Southern California

Los Angeles, CA

victorrm@usc.edu

Yalda T. Uhls

University of California, Los Angeles

Los Angeles, CA

Krishna Somandepalli

University of Southern California

Los Angeles, CA

Shrikanth Narayanan

University of Southern California

Los Angeles, CA

shri@sipi.usc.edu",false,,,,"[{""raw_affiliation_text"": ""University of Southern California"", ""institution"": ""University of Southern California"", ""country"": null}, {""raw_affiliation_text"": ""University of California, Los Angeles"", ""institution"": ""University of California, Los Angeles"", ""country"": null}]"
2020.emnlp-main.388,,,,2020.emnlp-main.388,done,University of Cambridge | University of Utah | Chinmaya Vishwavidyapeeth | IIT Kharagpur,"# Keep It Surprisingly Simple: A Simple First Order Graph Based Parsing Model for Joint Morphosyntactic Parsing in Sanskrit

Amrith Krishna<sup>1</sup>, Ashim Gupta<sup>2</sup>, Deepak Garasangi<sup>3*</sup>, Pavankumar Satuluri<sup>4</sup> and Pawan Goyal<sup>5</sup>

$^{1}$ Department of Computer Science and Technology, University of Cambridge

$^{2}$ School of Computing, University of Utah $^{3}$ Independent Researcher

$^{4}$ School of Linguistics & Literary Studies, Chinmaya Vishwavidyapeeth

$^{5}$ Department of Computer Science and Engineering, IIT Kharagpur

ak2329@cam.ac.uk, ashim@cs.utah.edu, pawang@cse.iitkgp.ac.in",false,,,,"[{""raw_affiliation_text"": ""Department of Computer Science and Technology, University of Cambridge"", ""institution"": ""University of Cambridge"", ""country"": null}, {""raw_affiliation_text"": ""School of Computing, University of Utah"", ""institution"": ""University of Utah"", ""country"": null}, {""raw_affiliation_text"": ""School of Linguistics & Literary Studies, Chinmaya Vishwavidyapeeth"", ""institution"": ""Chinmaya Vishwavidyapeeth"", ""country"": null}, {""raw_affiliation_text"": ""Department of Computer Science and Engineering, IIT Kharagpur"", ""institution"": ""IIT Kharagpur"", ""country"": null}]"
2020.emnlp-main.389,,,,2020.emnlp-main.389,done,"University of California, Berkeley","# Unsupervised Parsing via Constituency Tests

Steven Cao Nikita Kitaev Dan Klein

Computer Science Division

University of California, Berkeley

{stevencao,kitaev,klein}@berkeley.edu",false,,,,"[{""raw_affiliation_text"": ""Computer Science Division, University of California, Berkeley"", ""institution"": ""University of California, Berkeley"", ""country"": ""null""}]"
2020.emnlp-main.39,,,,2020.emnlp-main.39,done,Carnegie Mellon University,"# Efficient Meta Lifelong-Learning with Limited Memory

Zirui Wang, Sanket Vaibhav Mehta, Barnabás Póczos, Jaime Carbonell

Carnegie Mellon University, Pittsburgh, USA

{ziruiw, smehta, napoczos, jgc}@cs.cmu.edu",false,,,,"[{""raw_affiliation_text"": ""Carnegie Mellon University, Pittsburgh, USA"", ""institution"": ""Carnegie Mellon University"", ""country"": ""USA""}]"
2020.emnlp-main.390,,,,2020.emnlp-main.390,done,University of Cambridge | Johns Hopkins University | ETH Zürich,"# Please Mind the Root: Decoding Arborescences for Dependency Parsing

Ran Zmigrod

Tim Vieira

Ryan Cotterell

![](images/1c54d3d73d08640cf1c7cb07c0d5ec5272f6df59b4806b73092d90c65e7e5f0e.jpg)

University of Cambridge Johns Hopkins University ETH Zürich rz279@cam.ac.uk tim.f.vieira@gmail.com ryan.cotterell@inf.ethz.ch",false,,,,"[{""raw_affiliation_text"": ""University of Cambridge"", ""institution"": ""University of Cambridge"", ""country"": null}, {""raw_affiliation_text"": ""Johns Hopkins University"", ""institution"": ""Johns Hopkins University"", ""country"": null}, {""raw_affiliation_text"": ""ETH Zürich"", ""institution"": ""ETH Zürich"", ""country"": null}]"
2020.emnlp-main.391,,,,2020.emnlp-main.391,done,Columbia University,"# Unsupervised Cross-Lingual Part-of-Speech Tagging for Truly Low-Resource Scenarios

Ramy Eskander

Department of Computer Science Columbia University

rnd2110@columbia.edu

Smaranda Muresan

Data Science Institute Columbia University

smara@columbia.edu

Michael Collins

Department of Computer Science Columbia University

mc3354@columbia.edu",false,,,,"[{""raw_affiliation_text"": ""Department of Computer Science Columbia University"", ""institution"": ""Columbia University"", ""country"": null}]"
2020.emnlp-main.392,,,,2020.emnlp-main.392,done,University of Massachusetts Amherst,"# Unsupervised Parsing with S-DIORA: Single Tree Encoding for Deep Inside-Outside Recursive Autoencoders

Andrew Drozdov, Subendhu Rongali, Yi-Pei Chen, Tim O'Gorman, Mohit Iyyer, and Andrew McCallum

College of Information and Computer Sciences  
University of Massachusetts Amherst

{adrozdo, strongali, yipeichen, togorman, miyyer, mccallum} @cs.umass.edu",false,,,,"[{""raw_affiliation_text"": ""College of Information and Computer Sciences, University of Massachusetts Amherst"", ""institution"": ""University of Massachusetts Amherst"", ""country"": ""null""}]"
2020.emnlp-main.393,,,,2020.emnlp-main.393,done,Stanford University,"# Utility is in the Eye of the User: A Critique of NLP Leaderboards

Kawin Ethayarajh

Stanford University

kawin@stanford.edu

Dan Jurafsky

Stanford University

jurafsky@stanford.edu",false,,,,"[{""raw_affiliation_text"": ""Stanford University"", ""institution"": ""Stanford University"", ""country"": null}]"
2020.emnlp-main.394,,,,2020.emnlp-main.394,done,Amazon,"# An Empirical Investigation Towards Efficient Multi-Domain Language Model Pre-training

Kristjan Arumae, Qing Sun, & Parminder Bhatia

Amazon

Seattle, USA

{arumae, qinsun, paramib}@amazon.com",false,,,,"[{""raw_affiliation_text"": ""Amazon, Seattle, USA"", ""institution"": ""Amazon"", ""country"": ""USA""}]"
2020.emnlp-main.395,,,,2020.emnlp-main.395,done,Qatar Computing Research Institute | MIT,"# Analyzing Individual Neurons in Pre-trained Language Models

Nadir Durrani Hassan Sajjad Fahim Dalvi Yonatan Belinkov\*

{ndurrani,hsajjad,faimaduddin}@hbku.edu.qa

Qatar Computing Research Institute, HBKU Research Complex, Doha 5825, Qatar

*MIT Computer Science and Artificial Intelligence Laboratory and Harvard John A. Paulson School of Engineering and Applied Sciences, Cambridge, MA, USA belinkov@csail.mit.edu",false,,,,"[{""raw_affiliation_text"": ""Qatar Computing Research Institute, HBKU Research Complex, Doha 5825, Qatar"", ""institution"": ""Qatar Computing Research Institute"", ""country"": ""Qatar""}, {""raw_affiliation_text"": ""MIT Computer Science and Artificial Intelligence Laboratory and Harvard John A. Paulson School of Engineering and Applied Sciences, Cambridge, MA, USA"", ""institution"": ""MIT"", ""country"": ""USA""}]"
2020.emnlp-main.396,,,,2020.emnlp-main.396,done,University of Stuttgart,"# Dissecting Span Identification Tasks with Performance Prediction

Sean Papay, Roman Klinger, and Sebastian Padó

Institut für Maschinelle Sprachverarbeitung, University of Stuttgart

Pfaffenwaldring 5b, 70569 Stuttgart, Germany

{sean.papay, klinger, pado}@ims.uni-stuttgart.de",false,,,,"[{""raw_affiliation_text"": ""Institut für Maschinelle Sprachverarbeitung, University of Stuttgart, Pfaffenwaldring 5b, 70569 Stuttgart, Germany"", ""institution"": ""University of Stuttgart"", ""country"": ""Germany""}]"
2020.emnlp-main.397,,,,2020.emnlp-main.397,done,University of Chicago,"# Assessing Phrasal Representation and Composition in Transformers

Lang Yu

Department of Computer Science

University of Chicago

langyu@uchicago.edu

Allyson Ettinger

Department of Linguistics

University of Chicago

aettinger@uchicago.edu",false,,,,"[{""raw_affiliation_text"": ""Department of Computer Science, University of Chicago"", ""institution"": ""University of Chicago"", ""country"": null}]"
2020.emnlp-main.398,,,,2020.emnlp-main.398,done,Qatar Computing Research Institute | MIT,"# Analyzing Redundancy in Pretrained Transformer Models

Fahim Dalvi Hassan Sajjad Nadir Durrani Yonatan Belinkov\*

{faimaduddin,hsajjad,ndurrani}@hbku.edu.qa

Qatar Computing Research Institute, HBKU Research Complex, Doha 5825, Qatar

*MIT Computer Science and Artificial Intelligence Laboratory and Harvard John A. Paulson School of Engineering and Applied Sciences, Cambridge, MA, USA belinkov@csail.mit.edu",false,,,,"[{""raw_affiliation_text"": ""Qatar Computing Research Institute, HBKU Research Complex, Doha 5825, Qatar"", ""institution"": ""Qatar Computing Research Institute"", ""country"": ""Qatar""}, {""raw_affiliation_text"": ""MIT Computer Science and Artificial Intelligence Laboratory and Harvard John A. Paulson School of Engineering and Applied Sciences, Cambridge, MA, USA"", ""institution"": ""MIT"", ""country"": ""USA""}]"
2020.emnlp-main.399,,,,2020.emnlp-main.399,done,Arizona State University | Texas A&M University | University of Virginia | Amazon Inc.,"# Be More with Less: Hypergraph Attention Networks for Inductive Text Classification

Kaize Ding

Arizona State University

kaize.ding@asu.edu

Jianling Wang

Texas A&M University

jlwang@amu.edu

Jundong Li

University of Virginia

jundong@virginia.edu

Dingcheng Li

Amazon Inc.

lidingch@amazon.com

Huan Liu

Arizona State University

huan.liu@asu.edu",false,,,,"[{""raw_affiliation_text"": ""Arizona State University"", ""institution"": ""Arizona State University"", ""country"": null}, {""raw_affiliation_text"": ""Texas A&M University"", ""institution"": ""Texas A&M University"", ""country"": null}, {""raw_affiliation_text"": ""University of Virginia"", ""institution"": ""University of Virginia"", ""country"": null}, {""raw_affiliation_text"": ""Amazon Inc."", ""institution"": ""Amazon Inc."", ""country"": null}]"
2020.emnlp-main.4,,,,2020.emnlp-main.4,done,University of Mannheim,"# Unsupervised Stance Detection for Arguments from Consequences

Jonathan Kobbe, Ioana Hulpus, Heiner Stuckenschmidt

University of Mannheim

{jonathan,ioana,heiner}@informatik.uni-mannheim.de",false,,,,"[{""raw_affiliation_text"": ""University of Mannheim"", ""institution"": ""University of Mannheim"", ""country"": null}]"
2020.emnlp-main.40,,,,2020.emnlp-main.40,done,Amazon,"# Don’t Use English Dev: On the Zero-Shot Cross-Linguial Evaluation of Contextual Embeddings

Phillip Keung Yichao Lu Julian Salazar Vikas Bhardwaj

Amazon

{keung,yichaolu,julsal,vikab}@amazon.com",false,,,,"[{""raw_affiliation_text"": ""Amazon"", ""institution"": ""Amazon"", ""country"": null}]"
2020.emnlp-main.400,,,,2020.emnlp-main.400,done,The University of Austin at Texas | Google Research,"# Entities as Experts: Sparse Memory Access with Entity Supervision

Thibault Févry *

thisbaultfevry@gmail.com

Livio Baldini Soares

liviobs@google.com

Nicholas FitzGerald

nfitz@google.com

Eunsol Choi†

The University of Austin at Texas

eunsol@cs.utexas.edu

Tom Kwiatkowski

tomkwiat@google.com

# Google Research",false,,,,"[{""raw_affiliation_text"": ""The University of Austin at Texas"", ""institution"": ""The University of Austin at Texas"", ""country"": null}, {""raw_affiliation_text"": ""Google Research"", ""institution"": ""Google Research"", ""country"": null}]"
2020.emnlp-main.402,,,,2020.emnlp-main.402,done,University of Oxford | Alan Turing Institute,"# Does the Objective Matter? Comparing Training Objectives for Pronoun Resolution

Yordan Yordanov $^{1}$ , Oana-Maria Camburu $^{1,2}$ , Vid Kocijan $^{1}$ , Thomas Lukasiewicz $^{1,2}$

<sup>1</sup>University of Oxford, Oxford, UK   
$^{2}$ Alan Turing Institute, London, UK

firstname.lastname@cs.ox.ac.uk",false,,,,"[{""raw_affiliation_text"": ""University of Oxford, Oxford, UK"", ""institution"": ""University of Oxford"", ""country"": ""UK""}, {""raw_affiliation_text"": ""Alan Turing Institute, London, UK"", ""institution"": ""Alan Turing Institute"", ""country"": ""UK""}]"
2020.emnlp-main.403,,,,2020.emnlp-main.403,done,"University of Toronto | Vector Institute for Artificial Intelligence | Li Ka Shing Knowledge Institute, St Michael's Hospital","# On Losses for Modern Language Models

Stéphane Aroca-Ouellette<sup>1,2</sup> and Frank Rudzicz<sup>1,2,3</sup>

<sup>1</sup>University of Toronto

$^{2}$ Vector Institute for Artificial Intelligence

$^{3}$ Li Ka Shing Knowledge Institute, St Michael's Hospital

{stephaneao, frank}@cs.toronto.edu",false,,,,"[{""raw_affiliation_text"": ""University of Toronto"", ""institution"": ""University of Toronto"", ""country"": null}, {""raw_affiliation_text"": ""Vector Institute for Artificial Intelligence"", ""institution"": ""Vector Institute for Artificial Intelligence"", ""country"": null}, {""raw_affiliation_text"": ""Li Ka Shing Knowledge Institute, St Michael's Hospital"", ""institution"": ""Li Ka Shing Knowledge Institute, St Michael's Hospital"", ""country"": null}]"
2020.emnlp-main.404,,,,2020.emnlp-main.404,done,MIT Computer Science and Artificial Intelligence Laboratory | Qatar Computing Research Institute,"# We Can Detect Your Bias: Predicting the Political Ideology of News Articles

Ramy Baly<sup>1</sup>, Giovanni Da San Martino<sup>2</sup>, James Glass<sup>1</sup>, Preslav Nakov<sup>2</sup>

<sup>1</sup>MIT Computer Science and Artificial Intelligence Laboratory

$^{3}$ Qatar Computing Research Institute, HBKU

{baly, glass}@mit.edu

{gmartino, pnakov}@hbku.edu.qa",false,,,,"[{""raw_affiliation_text"": ""MIT Computer Science and Artificial Intelligence Laboratory"", ""institution"": ""MIT Computer Science and Artificial Intelligence Laboratory"", ""country"": null}, {""raw_affiliation_text"": ""Qatar Computing Research Institute, HBKU"", ""institution"": ""Qatar Computing Research Institute"", ""country"": ""Qatar""}]"
2020.emnlp-main.405,,,,2020.emnlp-main.405,done,Google Research,"# Semantic Label Smoothing for Sequence to Sequence Problems

Michal Lukasik, Himanshu Jain, Aditya Krishna Menon, Seungyeon Kim, Srinadh Bhojanapalli, Felix Yu, Sanjiv Kumar

Google Research  
mlukasik@google.com",false,,,,"[{""raw_affiliation_text"": ""Google Research"", ""institution"": ""Google Research"", ""country"": null}]"
2020.emnlp-main.406,,,,2020.emnlp-main.406,done,Carnegie Mellon University,"# Training for Gibbs Sampling on Conditional Random Fields with Neural Scoring Factors

Sida Gao

Carnegie Mellon University

sidag@alumni.cmu.edu

Matthew R. Gormley

Carnegie Mellon University

mgormley@cs.cmu.edu",false,,,,"[{""raw_affiliation_text"": ""Carnegie Mellon University"", ""institution"": ""Carnegie Mellon University"", ""country"": null}]"
2020.emnlp-main.407,,,,2020.emnlp-main.407,done,University of Washington | Allen Institute for Artificial Intelligence,"# Multilevel Text Alignment with Cross-Document Attention

Xuhui Zhou $^{\text{♥}}$ Nikolaos Pappas $^{\text{♣}}$ Noah A. Smith $^{\text{♣◇}}$

$^{\text{心}}$ Department of Linguistics, University of Washington

\*Paul G. Allen School of Computer Science & Engineering, University of Washington

$\diamond$ Allen Institute for Artificial Intelligence

xuhuizh@uw.edu, {npappas, nsmith} @cs.washington.edu",false,,,,"[{""raw_affiliation_text"": ""Department of Linguistics, University of Washington"", ""institution"": ""University of Washington"", ""country"": null}, {""raw_affiliation_text"": ""Allen Institute for Artificial Intelligence"", ""institution"": ""Allen Institute for Artificial Intelligence"", ""country"": null}]"
2020.emnlp-main.408,,,,2020.emnlp-main.408,done,Facebook,"# Conversational Semantic Parsing

Armen Aghajanyan Jean Maillard Akshit Shrivastava Keith Diedrick

Mike Haeger Haoran Li Yashar Mehdad Ves Stoyanov

Anuj Kumar Mike Lewis Sonal Gupta

Facebook

{armenag, jeanm, akshats, kdiedrick, mhaeger, aimeeli}@fb.com

{mehdad,ves,anujk,mikelewis,sonalgupta}@fb.com",false,,,,"[{""raw_affiliation_text"": ""Facebook"", ""institution"": ""Facebook"", ""country"": null}]"
2020.emnlp-main.409,,,,2020.emnlp-main.409,done,Salesforce Research,"# Probing Task-Oriented Dialogue Representation from Language Models

Chien-Sheng Wu and Caiming Xiong

Salesforce Research

[wu.jason, cxiong]@salesforce.com",false,,,,"[{""raw_affiliation_text"": ""Salesforce Research"", ""institution"": ""Salesforce Research"", ""country"": null}]"
2020.emnlp-main.41,,,,2020.emnlp-main.41,done,NTT Corporation,"# A Supervised Word Alignment Method based on Cross-Language Span Prediction using Multilingual BERT

Masaaki Nagata and Katsuki Chousa and Masaaki Nishino

NTT Communication Science Laboratories, NTT Corporation

2-4, Hikaridai, Seika-cho, Soraku-gun, Kyoto, 619-0237, Japan

{masaaki.nagata.et, katsuki.chousa.bg, masaaki.nishino.uh}@hco.ntt.co.jp",false,,,,"[{""raw_affiliation_text"": ""NTT Communication Science Laboratories, NTT Corporation"", ""institution"": ""NTT Corporation"", ""country"": ""Japan""}]"
2020.emnlp-main.410,,,,2020.emnlp-main.410,done,University of Maryland | Amazon AI,"# End-to-End Slot Alignment and Recognition for Cross-Lingual NLU

Weijia Xu*

University of Maryland

weijia@cs.umd.edu

Batool Haider

Amazon AI

bhaider@amazon.com

Saab Mansour

Amazon AI

saabm@amazon.com",false,,,,"[{""raw_affiliation_text"": ""University of Maryland"", ""institution"": ""University of Maryland"", ""country"": null}, {""raw_affiliation_text"": ""Amazon AI"", ""institution"": ""Amazon AI"", ""country"": null}]"
2020.emnlp-main.411,,,,2020.emnlp-main.411,done,University of Illinois at Chicago | Salesforce Research | Huazhong University of Science and Technology,"# Discriminative Nearest Neighbor Few-Shot Intent Detection by Transferring Natural Language Inference

Jian-Guo Zhang $^{1*}$ Kazuma Hashimoto $^{2\dagger}$ Wenhao Liu $^{2}$ Chien-Sheng Wu $^{2}$ Yao Wan $^{3}$ Philip S. Yu $^{1}$ Richard Socher $^{2}$ Caiming Xiong $^{2}$

<sup>1</sup> University of Illinois at Chicago, Chicago, USA

$^{2}$ Salesforce Research, Palo Alto, USA

$^{3}$ Huazhong University of Science and Technology, Wuhan, China

{jzhan51,psyu}@uic.edu,wanyao@hust.edu.cn

{k Hashimoto,wu. jason, rsocher, cxiong}@salesforce.com",false,,,,"[{""raw_affiliation_text"": ""University of Illinois at Chicago, Chicago, USA"", ""institution"": ""University of Illinois at Chicago"", ""country"": ""USA""}, {""raw_affiliation_text"": ""Salesforce Research, Palo Alto, USA"", ""institution"": ""Salesforce Research"", ""country"": ""USA""}, {""raw_affiliation_text"": ""Huazhong University of Science and Technology, Wuhan, China"", ""institution"": ""Huazhong University of Science and Technology"", ""country"": ""China""}]"
2020.emnlp-main.412,,,,2020.emnlp-main.412,done,Salesforce Research,"# Simple Data Augmentation with the MASK Token Improves Domain Adaptation for Dialog Act Tagging

Semih Yavuz Kazuma Hashimoto Wenhao Liu Nitish Shirish Keskar Richard Socher Caiming Xiong Salesforce Research

{syavuz, khashimoto, wenhao.liu, nkeskar, rsocher, cxiong}@salesforce.com",false,,,,"[{""raw_affiliation_text"": ""Salesforce Research"", ""institution"": ""Salesforce Research"", ""country"": null}]"
2020.emnlp-main.413,,,,2020.emnlp-main.413,done,Facebook Inc.,"# Low-Resource Domain Adaptation for Compositional Task-Oriented Semantic Parsing

Xilun Chen

Asish Ghoshal

Yashar Mehdad

Luke Zettlemoyer

Sonal Gupta

Facebook Inc.

{xilun,aghoshal,mehdad,lsz,sonalgupta}@fb.com",false,,,,"[{""raw_affiliation_text"": ""Facebook Inc."", ""institution"": ""Facebook Inc."", ""country"": null}]"
2020.emnlp-main.414,,,,2020.emnlp-main.414,done,Facebook,"# Sound Natural: Content Rephrasing in Dialog Systems

Arash Einolghozati*

Facebook

arashe@fb.com

Anchit Gupta*

Facebook

anchit@fb.com

Keith Diedrick

Facebook

kdiedrick@fb.comsonalgupta@fb.com

Sonal Gupta

Facebook",false,,,,"[{""raw_affiliation_text"": ""Facebook"", ""institution"": ""Facebook"", ""country"": null}]"
2020.emnlp-main.415,,,,2020.emnlp-main.415,done,University of Edinburgh | University of Zurich,"# Zero-Shot Crosslingual Sentence Simplification

Jonathan Mallinson<sup>1</sup> Rico Sennrich<sup>2,1</sup> Mirella Lapata<sup>1</sup>

$^{1}$ School of Informatics, University of Edinburgh

$^{2}$ Department of Computational Linguistics, University of Zurich

J.Mallinson@ed.ac.uk, Sennrich@cl.uzh.ch, mlap@inf.ed.ac.uk",false,,,,"[{""raw_affiliation_text"": ""School of Informatics, University of Edinburgh"", ""institution"": ""University of Edinburgh"", ""country"": null}, {""raw_affiliation_text"": ""Department of Computational Linguistics, University of Zurich"", ""institution"": ""University of Zurich"", ""country"": null}]"
2020.emnlp-main.416,,,,2020.emnlp-main.416,done,Cornell University,"# Facilitating the Communication of Politeness through Fine-Grained Paraphrasing

Liye Fu

Cornell University

liye@cs.cornell.edu

Susan R. Fussell

Cornell University

sfussell@cornell.edu

Cristian Danescu-Niculescu-Mizil

Cornell University

cristian@cs.cornell.edu",false,,,,"[{""raw_affiliation_text"": ""Cornell University"", ""institution"": ""Cornell University"", ""country"": null}]"
2020.emnlp-main.417,,,,2020.emnlp-main.417,done,University of Virginia | Google Research,"# CAT-Gen: Improving Robustness in NLP Models via Controlled Adversarial Text Generation

Tianlu Wang†* Xuezhi Wang§ Yao Qin§ Ben Packer§

Kang Lee§ Jilin Chen§ Alex Beutel§ Ed Chi§

†University of Virginia tw8cb@virginia.edu

$^{\S}$ Google Research {xuezhiw, yaoqin, bpacker, kanlig, jilinc, alexbeutel, edchi} $@$ google.com",false,,,,"[{""raw_affiliation_text"": ""University of Virginia"", ""institution"": ""University of Virginia"", ""country"": null}, {""raw_affiliation_text"": ""Google Research"", ""institution"": ""Google Research"", ""country"": null}]"
2020.emnlp-main.418,,,,2020.emnlp-main.418,done,Google Research,"# Seq2Edits: Sequence Transduction Using Span-level Edit Operations

Felix Stahlberg and Shankar Kumar

Google Research

{fstahlberg, shankarkumar}@google.com",false,,,,"[{""raw_affiliation_text"": ""Google Research"", ""institution"": ""Google Research"", ""country"": null}]"
2020.emnlp-main.419,,,,2020.emnlp-main.419,done,Columbia University,"# Controllable Meaning Representation to Text Generation: Linearization and Data Augmentation Strategies

Chris Kedzie

Columbia University

Department of Computer Science

kedzie@cs.columbia.edu

Kathleen McKeown

Columbia University

Department of Computer Science

kathy@cs.columbia.edu",false,,,,"[{""raw_affiliation_text"": ""Columbia University"", ""institution"": ""Columbia University"", ""country"": null}]"
2020.emnlp-main.42,,,,2020.emnlp-main.42,done,Shanghai University of Finance and Economics | Tsinghua University | The University of Hong Kong | Huawei Noah's Ark Lab,"# Accurate Word Alignment Induction from Neural Machine Translation

Yun Chen\*1, Yang Liu2, Guanhua Chen3, Xin Jiang4, Qun Liu4

$^{1}$ Shanghai University of Finance and Economics, Shanghai, China

$^{2}$ Tsinghua University, Beijing, China

<sup>3</sup>The University of Hong Kong, Hong Kong, China

<sup>4</sup>Huawei Noah's Ark Lab, Hong Kong, China

yunchen@sufe.edu.cn, liuyang2011@tsinghua.edu.cn,

ghchen@eee.hku.hk, {jiang.xin, qun.liu} @huawei.com",false,,,,"[{""raw_affiliation_text"": ""Shanghai University of Finance and Economics, Shanghai, China"", ""institution"": ""Shanghai University of Finance and Economics"", ""country"": ""China""}, {""raw_affiliation_text"": ""Tsinghua University, Beijing, China"", ""institution"": ""Tsinghua University"", ""country"": ""China""}, {""raw_affiliation_text"": ""The University of Hong Kong, Hong Kong, China"", ""institution"": ""The University of Hong Kong"", ""country"": ""China""}, {""raw_affiliation_text"": ""Huawei Noah's Ark Lab, Hong Kong, China"", ""institution"": ""Huawei Noah's Ark Lab"", ""country"": ""China""}]"
2020.emnlp-main.420,,,,2020.emnlp-main.420,done,MIT CSAIL,"# Blank Language Models

# Tianxiao Shen* Victor Quach* Regina Barzilay Tommi Jaakkola MIT CSAIL

{tianxiao, quach, regina, tommi}@csail.mit.edu",false,,,,"[{""raw_affiliation_text"": ""MIT CSAIL"", ""institution"": ""MIT CSAIL"", ""country"": null}]"
2020.emnlp-main.421,,,,2020.emnlp-main.421,done,Johns Hopkins University | New York University,"# COD3S: Diverse Generation with Discrete Semantic Signatures

# Nathaniel Weir¹ João Sedoc² Benjamin Van Durme¹

$^{1}$ Department of Computer Science, Johns Hopkins University

$^{2}$ Department of Technology, Operations, and Statistics, New York University

{nweir,vandurme}@jhu.edu, jsedoc@ stern.nyu.edu",false,,,,"[{""raw_affiliation_text"": ""Department of Computer Science, Johns Hopkins University"", ""institution"": ""Johns Hopkins University"", ""country"": null}, {""raw_affiliation_text"": ""Department of Technology, Operations, and Statistics, New York University"", ""institution"": ""New York University"", ""country"": null}]"
2020.emnlp-main.422,,,,2020.emnlp-main.422,done,Carnegie Mellon University | George Mason University,"# Automatic Extraction of Rules Governing Morphological Agreement

Aditi Chaudhary $^{1}$ , Antonios Anastasopoulos $^{2,\dagger}$ , Adithya Pratapa $^{1}$ , David R. Mortensen $^{1}$ , Zaid Sheikh $^{1}$ , Yulia Tsvetkov $^{1}$ , Graham Neubig $^{1}$

$^{1}$ Language Technologies Institute, Carnegie Mellon University

$^{2}$ Department of Computer Science, George Mason University

{aschaudh,vpratapa,dmortens,zsheikh,ytsvetko,gneubig}@cs.cmu.edu antonis@gmu.edu",false,,,,"[{""raw_affiliation_text"": ""Language Technologies Institute, Carnegie Mellon University"", ""institution"": ""Carnegie Mellon University"", ""country"": null}, {""raw_affiliation_text"": ""Department of Computer Science, George Mason University"", ""institution"": ""George Mason University"", ""country"": null}]"
2020.emnlp-main.423,,,,2020.emnlp-main.423,done,University of Stuttgart | University of Colorado Boulder,"# Tackling the Low-resource Challenge for Canonical Segmentation

Manuel Mager<sup>1</sup>, Özlem Çetinoglu<sup>1</sup> and Katharina Kann<sup>2</sup>

$^{1}$ Institute for Natural Language Processing, University of Stuttgart, Germany

$^{2}$ University of Colorado Boulder, USA

{manuel.mager, ozlem}@ims.uni-stuttgart.de, katharina.kann@colorado.edu",false,,,,"[{""raw_affiliation_text"": ""Institute for Natural Language Processing, University of Stuttgart, Germany"", ""institution"": ""University of Stuttgart"", ""country"": ""Germany""}, {""raw_affiliation_text"": ""University of Colorado Boulder, USA"", ""institution"": ""University of Colorado Boulder"", ""country"": ""USA""}]"
2020.emnlp-main.424,,,,2020.emnlp-main.424,done,University of Colorado,"# IGT2P: From Interlinear Glossed Texts to Paradigms

# Sarah Moeller Ling Liu Changbing Yang Katharina Kann Mans Hulden

University of Colorado

first.last@colorado.edu",false,,,,"[{""raw_affiliation_text"": ""University of Colorado"", ""institution"": ""University of Colorado"", ""country"": null}]"
2020.emnlp-main.425,,,,2020.emnlp-main.425,done,University of Washington | Stanford University,"# A Computational Approach to Understanding Empathy Expressed in Text-Based Mental Health Support

WARNING: This paper contains content related to suicide and self-harm.

Ashish Sharma\* Adam S. Miner\* David C. Atkins\* Tim Althoff\*

$\spadesuit$ Paul G. Allen School of Computer Science & Engineering, University of Washington

$\clubsuit$ Department of Psychiatry and Behavioral Sciences, Stanford University $\diamond$ Center for Biomedical Informatics Research, Stanford University

$\diamond$ Department of Psychiatry and Behavioral Sciences, University of Washington

{ashshar, althoff}@cs.washington.edu

asmpsyd@stanford.edu watkins@uw.edu",false,,,,"[{""raw_affiliation_text"": ""Paul G. Allen School of Computer Science & Engineering, University of Washington"", ""institution"": ""University of Washington"", ""country"": null}, {""raw_affiliation_text"": ""Department of Psychiatry and Behavioral Sciences, Stanford University"", ""institution"": ""Stanford University"", ""country"": null}]"
2020.emnlp-main.426,,,,2020.emnlp-main.426,done,University of California Santa Cruz | University of North Carolina Chapel Hill,"# Modeling Protagonist Emotions for Emotion-Aware Storytelling

Faeze Brahman

University of California Santa Cruz

fbrahman@ucsc.edu

Snigdha Chaturvedi

University of North Carolina Chapel Hill

snigdha@cs.unc.edu",false,,,,"[{""raw_affiliation_text"": ""University of California Santa Cruz"", ""institution"": ""University of California Santa Cruz"", ""country"": null}, {""raw_affiliation_text"": ""University of North Carolina Chapel Hill"", ""institution"": ""University of North Carolina Chapel Hill"", ""country"": null}]"
2020.emnlp-main.427,,,,2020.emnlp-main.427,done,The University of Texas at Austin | Amazon Inc. | Mc Gill University,"# Help! Need Advice on Identifying Advice

Venkata S Govindarajan<sup>1</sup> Benjamin T Chen<sup>2*</sup> Rebecca Warholic<sup>3†</sup>  
Katrin Erk<sup>1</sup> Junyi Jessy Li<sup>1</sup>

$^{1}$ Department of Linguistics, The University of Texas at Austin

2 Amazon Inc.

<sup>3</sup> McGill University

{venkatasg, btchen}@utexas.edu, rebecca.warholic@mail.mcgill.ca,

katrin.erk@utexas.edu, jessy@austin.utexas.edu",false,,,,"[{""raw_affiliation_text"": ""Department of Linguistics, The University of Texas at Austin"", ""institution"": ""The University of Texas at Austin"", ""country"": ""USA""}, {""raw_affiliation_text"": ""Amazon Inc."", ""institution"": ""Amazon Inc."", ""country"": null}, {""raw_affiliation_text"": ""McGill University"", ""institution"": ""Mc Gill University"", ""country"": null}]"
2020.emnlp-main.428,,,,2020.emnlp-main.428,done,University of Michigan,"# Quantifying Intimacy in Language

Jiaxin Pei

School of Information

University of Michigan

pedropei@umich.edu

David Jurgens

School of Information

University of Michigan

jurgens@umich.edu",false,,,,"[{""raw_affiliation_text"": ""School of Information, University of Michigan"", ""institution"": ""University of Michigan"", ""country"": null}]"
2020.emnlp-main.429,,,,2020.emnlp-main.429,done,University of Washington | Allen Institute for Artificial Intelligence,"# Writing Strategies for Science Communication: Data and Computational Analysis

Tal August† Lauren Kim† Katharina Reinecke† Noah A. Smith†◇

†Paul G. Allen School of Computer Science & Engineering,

University of Washington, Seattle, WA, USA

$\diamond$ Allen Institute for Artificial Intelligence, Seattle, WA, USA

{taugust, lkim143, reinecke, nasmith}@cs.washington.edu",false,,,,"[{""raw_affiliation_text"": ""Paul G. Allen School of Computer Science & Engineering, University of Washington, Seattle, WA, USA"", ""institution"": ""University of Washington"", ""country"": ""USA""}, {""raw_affiliation_text"": ""Allen Institute for Artificial Intelligence, Seattle, WA, USA"", ""institution"": ""Allen Institute for Artificial Intelligence"", ""country"": ""USA""}]"
2020.emnlp-main.43,,,,2020.emnlp-main.43,done,UNC Chapel Hill,"# ChrEn: Cherokee-English Machine Translation for Endangered Language Revitalization

Shiyue Zhang Benjamin Frey Mohit Bansal UNC Chapel Hill

{shiyue,mbansal}@cs.unc.edu;benfrey@email.unc.edu",false,,,,"[{""raw_affiliation_text"": ""UNC Chapel Hill"", ""institution"": ""UNC Chapel Hill"", ""country"": null}]"
2020.emnlp-main.430,,,,2020.emnlp-main.430,done,Texas A&M University | Raytheon BBN Technologies,"# Weakly Supervised Subevent Knowledge Acquisition

Wenlin Yao<sup>1</sup> Zeyu Dai<sup>1</sup> Maitreyi Ramaswamy<sup>1</sup> Bonan Min<sup>2</sup> Ruihong Huang<sup>1</sup>

$^{1}$ Department of Computer Science and Engineering, Texas A&M University

$^{2}$ Raytheon BBN Technologies

(wenlinyao, jzdaizeyu, maitreyiramaswam, huangrh)@tamu.edu

bonan.min@raytheon.com",false,,,,"[{""raw_affiliation_text"": ""Department of Computer Science and Engineering, Texas A&M University"", ""institution"": ""Texas A&M University"", ""country"": null}, {""raw_affiliation_text"": ""Raytheon BBN Technologies"", ""institution"": ""Raytheon BBN Technologies"", ""country"": null}]"
2020.emnlp-main.431,,,,2020.emnlp-main.431,done,University of Trento | IT University of Copenhagen | COSBI,"# Biomedical Event Extraction as Sequence Labeling

Alan Ramponi\* Rob van der Goot Rosario Lombardo Barbara Plank

$\diamond$ Department of Information Engineering and Computer Science, University of Trento, Italy

$\spadesuit$ Department of Computer Science, IT University of Copenhagen, Denmark

Fondazione the Microsoft Research - University of Trento

Centre for Computational and Systems Biology (COSBI), Italy

ramponi@cosbi.eu, robv@itu.dk, lombardo@cosbi.eu, bapl@itu.dk",false,,,,"[{""raw_affiliation_text"": ""Department of Information Engineering and Computer Science, University of Trento, Italy"", ""institution"": ""University of Trento"", ""country"": ""Italy""}, {""raw_affiliation_text"": ""Department of Computer Science, IT University of Copenhagen, Denmark"", ""institution"": ""IT University of Copenhagen"", ""country"": ""Denmark""}, {""raw_affiliation_text"": ""Centre for Computational and Systems Biology (COSBI), Italy"", ""institution"": ""COSBI"", ""country"": ""Italy""}]"
2020.emnlp-main.432,,,,2020.emnlp-main.432,done,Brandeis University | Raytheon BBN Technologies,"# Annotating Temporal Dependency Graphs via Crowdsourcing

Jiarui Yao $^{1}$ , Haoling Qiu $^{2}$ , Bonan Min $^{2}$ , and Nianwen Xue $^{1}$

$^{1}$ Brandeis University {jryao, xuen}@brandeis.edu $^{2}$ Raytheon BBN Technologies ing.qiu, bonan.min}@raythe",false,,,,"[{""raw_affiliation_text"": ""Brandeis University"", ""institution"": ""Brandeis University"", ""country"": null}, {""raw_affiliation_text"": ""Raytheon BBN Technologies"", ""institution"": ""Raytheon BBN Technologies"", ""country"": null}]"
2020.emnlp-main.433,,,,2020.emnlp-main.433,done,Hanoi University of Science and Technology | University of Oregon,"# Introducing a New Dataset for Event Detection in Cybersecurity Texts

Hieu Man Duc Trong $^{1*}$ , Duc Trong Le $^{1*}$ , Amir Pouran Ben Veyseh $^{2*}$ , Thuat Nguyen $^{1*}$ and Thien Huu Nguyen $^{2\dagger}$

<sup>1</sup> Hanoi University of Science and Technology, Hanoi, Vietnam

$^{2}$ Department of Computer and Information Science, University of Oregon, Eugene, OR 97403, USA

{hieu.mdt161530,duc.1t161082,thuat.nh163964}@sis.hust.edu.vn {apouranb,thien}@cs.uoregon.edu",false,,,,"[{""raw_affiliation_text"": ""Hanoi University of Science and Technology, Hanoi, Vietnam"", ""institution"": ""Hanoi University of Science and Technology"", ""country"": ""Vietnam""}, {""raw_affiliation_text"": ""Department of Computer and Information Science, University of Oregon, Eugene, OR 97403, USA"", ""institution"": ""University of Oregon"", ""country"": ""USA""}]"
2020.emnlp-main.434,,,,2020.emnlp-main.434,done,Max Planck Institute for Informatics,"# CHARM: Inferring Personal Attributes from Conversations

Anna Tigunova, Andrew Yates, Paramita Mirza, Gerhard Weikum

Max Planck Institute for Informatics

Saarbrücken, Germany

{tigunova, ayates, paramita, weikum}@midi-inf.mpg.de",false,,,,"[{""raw_affiliation_text"": ""Max Planck Institute for Informatics"", ""institution"": ""Max Planck Institute for Informatics"", ""country"": ""Germany""}]"
2020.emnlp-main.435,,,,2020.emnlp-main.435,done,University of Oregon | Vin AI Research,"# Event Detection: Gate Diversity and Syntactic Importance Scores for Graph Convolution Neural Networks

Viet Dac Lai<sup>1</sup>, Tuan Ngo Nguyen<sup>1</sup> and Thien Huu Nguyen<sup>1,2</sup>

<sup>1</sup> Department of Computer and Information Science, University of Oregon,

Eugene, OR 97403, USA

2 VinAI Research, Vietnam

{vietl, tunguyen, thien}@cs.uoregon.edu",false,,,,"[{""raw_affiliation_text"": ""Department of Computer and Information Science, University of Oregon, Eugene, OR 97403, USA"", ""institution"": ""University of Oregon"", ""country"": ""USA""}, {""raw_affiliation_text"": ""VinAI Research, Vietnam"", ""institution"": ""Vin AI Research"", ""country"": ""Vietnam""}]"
2020.emnlp-main.436,,,,2020.emnlp-main.436,done,Amazon AI,"# Severing the Edge Between Before and After: Neural Architectures for Temporal Ordering of Events

Miguel Ballesteros Rishita Anubhai Shuai Wang Nima Pourdamghani Yogarshi Vyas Jie Ma Parminder Bhatia Kathleen McKeown* Yaser Al-Onaizan Amazon AI

{ballemig, ranubhai, wshui, nimpourd, yogarshi, jieman, paramib, mckeownk, onaizan}@amazon.com",false,,,,"[{""raw_affiliation_text"": ""Amazon AI"", ""institution"": ""Amazon AI"", ""country"": null}]"
2020.emnlp-main.437,,,,2020.emnlp-main.437,done,Google,"# How Much Knowledge Can You Pack Into the Parameters of a Language Model?

Adam Roberts*

Google

adarob@google.com

Colin Raffel*

Google

craffel@gmail.com

Noam Shazeer

Google

noam@google.com",false,,,,"[{""raw_affiliation_text"": ""Google"", ""institution"": ""Google"", ""country"": null}]"
2020.emnlp-main.438,,,,2020.emnlp-main.438,done,"Sofia University ""St. Kliment Ohridski"" | Heidelberg University | Qatar Computing Research Institute, HBKU","# EXAMS: A Multi-Subject High School Examinations Dataset for Cross-Lingual and Multilingual Question Answering

Momchil Hardalov $^{1}$ Todor Mihaylov $^{2}$ Dimitrina Zlatkova $^{1}$ Yoan Dinkov $^{1}$ Ivan Koychev $^{1}$ Preslav Nakov $^{3}$ $^{1}$ Sofia University ""St. Kliment Ohridski"", Bulgaria, $^{2}$ Heidelberg University, Germany $^{3}$ Qatar Computing Research Institute, HBKU, Qatar, {hardalov, koychev}@fmi.uni-sofia.bg {dvzlatkova, jdinkov}@uni-sofia.bg tbmihaylov@gmail.com, pnakov@hbku.edu.qa",false,,,,"[{""raw_affiliation_text"": ""Sofia University \""St. Kliment Ohridski\"", Bulgaria"", ""institution"": ""Sofia University \""St. Kliment Ohridski\"""", ""country"": ""Bulgaria""}, {""raw_affiliation_text"": ""Heidelberg University, Germany"", ""institution"": ""Heidelberg University"", ""country"": ""Germany""}, {""raw_affiliation_text"": ""Qatar Computing Research Institute, HBKU, Qatar"", ""institution"": ""Qatar Computing Research Institute, HBKU"", ""country"": ""Qatar""}]"
2020.emnlp-main.439,,,,2020.emnlp-main.439,done,AWS AI,"# End-to-End Synthetic Data Generation for Domain Adaptation of Question Answering Systems

Siamak Shakeri\*, Cicero Nogueira dos Santos*, Henry Zhu, Patrick Ng, Feng Nan, Zhiguo Wang, Ramesh Nallapati, Bing Xiang

AWS AI

New York City, NY

{cignog,henghui,patricng,nanfen}@amazon.com

{zhiguow, rnallapa, bxiang}@amazon.com

siamaks@google.com",false,,,,"[{""raw_affiliation_text"": ""AWS AI New York City, NY"", ""institution"": ""AWS AI"", ""country"": null}]"
2020.emnlp-main.44,,,,2020.emnlp-main.44,done,Carnegie Mellon University,"# Unsupervised Discovery of Implicit Gender Bias

Anjalie Field

Carnegie Mellon University

anjalief@cs.cmu.edu

Yulia Tsvetkov

Carnegie Mellon University

ytsvetko@cs.cmu.edu",false,,,,"[{""raw_affiliation_text"": ""Carnegie Mellon University"", ""institution"": ""Carnegie Mellon University"", ""country"": null}]"
2020.emnlp-main.440,,,,2020.emnlp-main.440,done,IBM Research AI,"# Multi-Stage Pre-training for Low-Resource Domain Adaptation

# Rong Zhang,\* Revanth Gangi Reddy\*, Md Arafat Sultan, Vittorio Castelli, Anthony Ferritto, Radu Florian, Efsun Sarioglu Kayi, Salim Roukos, Avirup Sil, Todd Ward

IBM Research AI

{zhangr,avi,raduf,roukos,toddward,vittorio}@us.ibm.com, g.revanthreddy111@gmail.com,{arafat.sultan,aferritto}@ibm.com, efsun@gwu.edu",false,,,,"[{""raw_affiliation_text"": ""IBM Research AI"", ""institution"": ""IBM Research AI"", ""country"": null}]"
2020.emnlp-main.441,,,,2020.emnlp-main.441,done,Expert.AI Research Lab,"# ISAAQ - Mastering Textbook Questions with Pre-trained Transformers and Bottom-Up and Top-Down Attention

Jose Manuel Gomez-Perez

Expert.AI Research Lab

10 Prof. Waksman

28036 Madrid, Spain

jmgomez@expert.ai

Raul Ortega

Expert.AI Research Lab

10 Prof. Waksman

28036 Madrid, Spain

rortega@expert.ai",false,,,,"[{""raw_affiliation_text"": ""Expert.AI Research Lab, 10 Prof. Waksman, 28036 Madrid, Spain"", ""institution"": ""Expert.AI Research Lab"", ""country"": ""Spain""}]"
2020.emnlp-main.442,,,,2020.emnlp-main.442,done,University of Copenhagen | Megagon Labs | Aalborg University,"# SUBJQA: A Dataset for Subjectivity and Review Comprehension

Johannes Bjerva $^{1,3*}$ Nikita Bhutani $^{2*}$ Behzad Golshan $^{2}$ Wang-Chiew Tan $^{2}$ Isabelle Augenstein $^{1}$ $^{1}$ Department of Computer Science, University of Copenhagen $^{2}$ Megagon Labs, Mountain View $^{3}$ Department of Computer Science, Aalborg University  
jbjerva@cs.aau.dk, augenstein@di.ku.dk  
{nikita,behzad,wangchiew}@megagon.ai",false,,,,"[{""raw_affiliation_text"": ""Department of Computer Science, University of Copenhagen"", ""institution"": ""University of Copenhagen"", ""country"": null}, {""raw_affiliation_text"": ""Megagon Labs, Mountain View"", ""institution"": ""Megagon Labs"", ""country"": null}, {""raw_affiliation_text"": ""Department of Computer Science, Aalborg University"", ""institution"": ""Aalborg University"", ""country"": null}]"
2020.emnlp-main.443,,,,2020.emnlp-main.443,done,Google Research | Georgia Tech,"# Widget Captioning: Generating Natural Language Description for Mobile User Interface Elements

Yang Li*, Gang Li*, Luheng He, Jingjie Zheng, Hong Li†, Zhiwei Guan

Google Research, Mountain View, CA 94043, USA

Georgia Tech, Atlanta, GA 30332, USA†

{liyang, leebird, huheng, jingjiezheng, zguan}@google.com",false,,,,"[{""raw_affiliation_text"": ""Google Research, Mountain View, CA 94043, USA"", ""institution"": ""Google Research"", ""country"": ""USA""}, {""raw_affiliation_text"": ""Georgia Tech, Atlanta, GA 30332, USA"", ""institution"": ""Georgia Tech"", ""country"": ""USA""}]"
2020.emnlp-main.444,,,,2020.emnlp-main.444,done,Shanghai University of Finance and Economics | Fudan University,"# Unsupervised Natural Language Inference via Decoupled Multimodal Contrastive Learning

Wanyun Cui $^{\S}$ Guangyu Zheng $^{\ddagger}$ Wei Wang $^{\ddagger}$

cui.wanyun@sufe.edu.cn, simonzheng96@gmail.com,weiwang1@fudan.edu.cn

$^{\S}$ Shanghai University of Finance and Economics

$^{\ddagger}$ Shanghai Key Laboratory of Data Science, Fudan University",false,,,,"[{""raw_affiliation_text"": ""Shanghai University of Finance and Economics"", ""institution"": ""Shanghai University of Finance and Economics"", ""country"": null}, {""raw_affiliation_text"": ""Shanghai Key Laboratory of Data Science, Fudan University"", ""institution"": ""Fudan University"", ""country"": null}]"
2020.emnlp-main.445,,,,2020.emnlp-main.445,done,"University of California, Berkeley","# Digital Voicing of Silent Speech

David Gaddy and Dan Klein  
University of California, Berkeley  
{dgaddy,klein}@berkeley.edu",false,,,,"[{""raw_affiliation_text"": ""University of California, Berkeley"", ""institution"": ""University of California, Berkeley"", ""country"": null}]"
2020.emnlp-main.446,,,,2020.emnlp-main.446,done,UC Berkeley,"# Imitation Attacks and Defenses for Black-box Machine Translation Systems

Eric Wallace Mitchell Stern Dawn Song

UC Berkeley

{ericwallace, mitchell, dawnsong}@berkeley.edu",false,,,,"[{""raw_affiliation_text"": ""UC Berkeley"", ""institution"": ""UC Berkeley"", ""country"": null}]"
2020.emnlp-main.447,,,,2020.emnlp-main.447,done,Harvard University | MIT-IBM Watson AI Lab | Cornell University,"# Sequence-Level Mixed Sample Data Augmentation

Demi Guo

Harvard University

dguo@college.harvard.edu

Yoon Kim

MIT-IBM Watson AI Lab

yoonkim@ibm.com

# Alexander M. Rush

Cornell University

arush@cornell.edu",false,,,,"[{""raw_affiliation_text"": ""Harvard University"", ""institution"": ""Harvard University"", ""country"": null}, {""raw_affiliation_text"": ""MIT-IBM Watson AI Lab"", ""institution"": ""MIT-IBM Watson AI Lab"", ""country"": null}, {""raw_affiliation_text"": ""Cornell University"", ""institution"": ""Cornell University"", ""country"": null}]"
2020.emnlp-main.448,,,,2020.emnlp-main.448,done,New York University | Samsung Research,"# Consistency of a Recurrent Language Model With Respect to Incomplete Decoding

Sean Welleck $^{1*}$ Ilia Kulikov $^{1*}$ Jaedeok Kim $^{2\dagger}$

Richard Yuanzhe Pang<sup>1</sup> Kyunghyun Cho<sup>1,3</sup>

$^{1}$ New York University $^{2}$ Samsung Research $^{3}$ CIFAR Associate Fellow",false,,,,"[{""raw_affiliation_text"": ""New York University"", ""institution"": ""New York University"", ""country"": null}, {""raw_affiliation_text"": ""Samsung Research"", ""institution"": ""Samsung Research"", ""country"": null}]"
2020.emnlp-main.449,,,,2020.emnlp-main.449,done,Toyota Technological Institute at Chicago | Peking University,"# An Exploration of Arbitrary-Order Sequence Labeling via Energy-Based Inference Networks

Lifu $\mathbf{T}\mathbf{u}^{1*}$ Tianyu Liu $^{2*}$ Kevin Gimpel

<sup>1</sup> Toyota Technological Institute at Chicago, IL, USA

$^{2}$ Institute of Computational Linguistics, Peking University, China {lifu, kgimpel}@ttic.edu, tianyu0421@pku.edu.cn",false,,,,"[{""raw_affiliation_text"": ""Toyota Technological Institute at Chicago, IL, USA"", ""institution"": ""Toyota Technological Institute at Chicago"", ""country"": ""USA""}, {""raw_affiliation_text"": ""Institute of Computational Linguistics, Peking University, China"", ""institution"": ""Peking University"", ""country"": ""China""}]"
2020.emnlp-main.45,,,,2020.emnlp-main.45,done,University of Michigan,"# Condolence and Empathy in Online Communities

Naitian Zhou

Computer Science and Engineering

University of Michigan

naitian@umich.edu

David Jurgens

School of Information

University of Michigan

jurgens@umich.edu",false,,,,"[{""raw_affiliation_text"": ""University of Michigan"", ""institution"": ""University of Michigan"", ""country"": null}]"
2020.emnlp-main.450,,,,2020.emnlp-main.450,done,University of Maryland | Johns Hopkins University,"# Ensemble Distillation for Structured Prediction: Calibrated, Accurate, Fast—Choose Three

Steven Reich<sup>1</sup> David Mueller<sup>2,3</sup> Nicholas Andrews<sup>3</sup>

$^{1}$ Department of Mathematics, University of Maryland

$^{2}$ Center for Language and Speech Processing, Johns Hopkins University

3Human Language Technology Center of Excellence, Johns Hopkins University

sreich47@umd.edu {dam, noa}@jhu.edu",false,,,,"[{""raw_affiliation_text"": ""Department of Mathematics, University of Maryland"", ""institution"": ""University of Maryland"", ""country"": null}, {""raw_affiliation_text"": ""Center for Language and Speech Processing, Johns Hopkins University"", ""institution"": ""Johns Hopkins University"", ""country"": null}]"
2020.emnlp-main.451,,,,2020.emnlp-main.451,done,Westlake University | Westlake Institute for Advanced Study,"# Inducing Target-Specific Latent Structures for Aspect Sentiment Classification

Chenhua Chen, Zhiyang Teng and Yue Zhang

School of Engineering, Westlake University, China

Institute of Advanced Technology, Westlake Institute for Advanced Study

{chenchenhua, tengzhiyang}@westlake.edu.cn, yue.zhang@wias.org.cn",false,,,,"[{""raw_affiliation_text"": ""School of Engineering, Westlake University, China"", ""institution"": ""Westlake University"", ""country"": ""China""}, {""raw_affiliation_text"": ""Institute of Advanced Technology, Westlake Institute for Advanced Study"", ""institution"": ""Westlake Institute for Advanced Study"", ""country"": null}]"
2020.emnlp-main.452,,,,2020.emnlp-main.452,done,University of Utah,"# Affective Event Classification with Discourse-enhanced Self-training

Yuan Zhuang, Tianyu Jiang, Ellen Riloff

School of Computing

University of Utah

{yzhuang, tianyu, riloff}@cs.utah.edu",false,,,,"[{""raw_affiliation_text"": ""School of Computing University of Utah"", ""institution"": ""University of Utah"", ""country"": null}]"
2020.emnlp-main.453,,,,2020.emnlp-main.453,done,Nanyang Technological University,"# Deep Weighted MaxSAT for Aspect-based Opinion Extraction

Meixi Wu* Wenya Wang Sinno Jialin Pan

Nanyang Technological University, Singapore

MWU008@e.ntu.edu.sg, {wangwy, sinnopan}@ntu.edu.sg",false,,,,"[{""raw_affiliation_text"": ""Nanyang Technological University, Singapore"", ""institution"": ""Nanyang Technological University"", ""country"": ""Singapore""}]"
2020.emnlp-main.454,,,,2020.emnlp-main.454,done,University of Houston | University of Edinburgh,"# Multi-view Story Characterization from Movie Plot Synopses and Reviews

Sudipta Kar\*, Gustavo Aguilar\*, Mirella Lapata\*, Thamar Solorio\*

\* University of Houston

$\spadesuit$ ILCC, University of Edinburgh

{skar3, gaguilaralas}@uh.edu, mlap@inf.ed.ac.uk, tsolorio@uh.edu",false,,,,"[{""raw_affiliation_text"": ""University of Houston"", ""institution"": ""University of Houston"", ""country"": null}, {""raw_affiliation_text"": ""ILCC, University of Edinburgh"", ""institution"": ""University of Edinburgh"", ""country"": null}]"
2020.emnlp-main.455,,,,2020.emnlp-main.455,done,"Salesforce AI Research, National University of Singapore | Nanyang Technological University | University of Illinois at Urbana-Champaign","# Mind Your Inflections! Improving NLP for Non-Standard Englishes with Base-Inflection Encoding

Samson Tan§\, Shafiq Joty§‡, Lav R. Varshneyf§, Min-Yen Kan\

§Salesforce AI Research \National University of Singapore

‡Nanyang Technological University fUniversity of Illinois at Urbana-Champaign

$$
\S \{\text {s a m s o n . t a n , s j o t y} \} @ \text {s a l e s f o r c e . c o m}
$$

$$
^ {k} \text {k a n m y} @ \text {c o m p . n u s . e d u . s g}
$$

$$
\bar {v} _ {\text {v a r s h n e y}} @ \text {i l l i n o i s}. \text {e d u}
$$",false,,,,"[{""raw_affiliation_text"": ""Salesforce AI Research, National University of Singapore"", ""institution"": ""Salesforce AI Research, National University of Singapore"", ""country"": null}, {""raw_affiliation_text"": ""Nanyang Technological University"", ""institution"": ""Nanyang Technological University"", ""country"": null}, {""raw_affiliation_text"": ""University of Illinois at Urbana-Champaign"", ""institution"": ""University of Illinois at Urbana-Champaign"", ""country"": null}]"
2020.emnlp-main.456,,,,2020.emnlp-main.456,done,Johns Hopkins University | Facebook AI Research | ETH Zurich,"# Measuring the Similarity of Grammatical Gender Systems by Comparing Partitions

Arya D. McCarthy Adina Williams Shijia Liu David Yarowsky Ryan Cotterell

Johns Hopkins University, Facebook AI Research, ETH Zurich

arya@jhu.edu, adinawilliams@fb.com, liu.shij@northeastern.edu,

yarowsky@jhu.edu,ryan.cotterell@inf.ethz.ch",false,,,,"[{""raw_affiliation_text"": ""Johns Hopkins University"", ""institution"": ""Johns Hopkins University"", ""country"": null}, {""raw_affiliation_text"": ""Facebook AI Research"", ""institution"": ""Facebook AI Research"", ""country"": null}, {""raw_affiliation_text"": ""ETH Zurich"", ""institution"": ""ETH Zurich"", ""country"": null}]"
2020.emnlp-main.457,,,,2020.emnlp-main.457,done,Fudan University | Carnegie Mellon University,"# RethinkCWS: Is Chinese Word Segmentation a Solved Task?

Jinlan Fu†, * Pengfei Liu‡, * Qi Zhang†, Xuanjing Huang† † School of Computer Science, Shanghai Key Laboratory of Intelligent Information Processing, Fudan University #Carnegie Mellon University {fujl16, qz, xjhuang}@fudan.edu.cn, pliu3@cs.cmu.edu",false,,,,"[{""raw_affiliation_text"": ""School of Computer Science, Shanghai Key Laboratory of Intelligent Information Processing, Fudan University"", ""institution"": ""Fudan University"", ""country"": null}, {""raw_affiliation_text"": ""Carnegie Mellon University"", ""institution"": ""Carnegie Mellon University"", ""country"": null}]"
2020.emnlp-main.458,,,,2020.emnlp-main.458,done,Di Di Labs,"# Learning to Pronounce Chinese Without a Pronunciation Dictionary

Christopher Chu, Scot Fang, and Kevin Knight

DiDi Labs

4640 Admiralty Way

Marina del Rey, CA 90292

{chrischu, scotfang, kevinknight}@didiglobal.com",false,,,,"[{""raw_affiliation_text"": ""DiDi Labs"", ""institution"": ""Di Di Labs"", ""country"": null}]"
2020.emnlp-main.459,,,,2020.emnlp-main.459,done,BNRIST | Tsinghua University | Alibaba Group,"# Dynamic Anticipation and Completion for Multi-Hop Reasoning over Sparse Knowledge Graph

Xin Lv $^{1,2}$ , Xu Han $^{1,2}$ , Lei Hou $^{1,2*}$ , Juanzi Li $^{1,2}$ , Zhiyuan Liu $^{1,2}$ , Wei Zhang $^{3}$ , Yichi Zhang $^{3}$ , Hao Kong $^{3}$ , Suhui Wu $^{3}$

$^{1}$ Department of Computer Science and Technology, BNRist

$^{2}$ KIRC, Institute for Artificial Intelligence, Tsinghua University, Beijing 100084, China

3Alibaba Group, Hangzhou, China

{lv-x18,hanxu17}@mails.tsinghua.edu.cn

{houlei, lijuanzi, liuzy}@tsinghua.edu.cn",false,,,,"[{""raw_affiliation_text"": ""Department of Computer Science and Technology, BNRist"", ""institution"": ""BNRIST"", ""country"": null}, {""raw_affiliation_text"": ""KIRC, Institute for Artificial Intelligence, Tsinghua University, Beijing 100084, China"", ""institution"": ""Tsinghua University"", ""country"": ""China""}, {""raw_affiliation_text"": ""Alibaba Group, Hangzhou, China"", ""institution"": ""Alibaba Group"", ""country"": ""China""}]"
2020.emnlp-main.46,,,,2020.emnlp-main.46,done,Duke University,"# An Embedding Model for Estimating Legislative Preferences from the Frequency and Sentiment of Tweets

Gregory P. Spell

Duke University / Durham, N.C.

gregory.spell@duke.edu

D. Sunshine Hillygus

Duke University / Durham, N.C.

hillygus@duke.edu

Brian Guay

Duke University / Durham, N.C.

brian.guay@duke.edu

Lawrence Carin

Duke University / Durham, N.C.

carin@duke.edu",false,,,,"[{""raw_affiliation_text"": ""Duke University / Durham, N.C."", ""institution"": ""Duke University"", ""country"": null}]"
2020.emnlp-main.460,,,,2020.emnlp-main.460,done,Nanjing University | University of Pennsylvania | University of Southern California | Alibaba Group,"# Knowledge Association with Hyperbolic Knowledge Graph Embeddings

Zequn Sun $^{1}$ , Muhao Chen $^{2,3}$ , Wei Hu $^{1}$ , Chengming Wang $^{1}$ , Jian Dai $^{4}$ , Wei Zhang $^{4}$

$^{1}$ State Key Laboratory for Novel Software Technology, Nanjing University, China $^{2}$ Department of Computer and Information Science, University of Pennsylvania, USA

<sup>3</sup>Information Sciences Institute, University of Southern California, USA

4Alibaba Group, China

zqsun.nju@gmail.com, muhaoche@usc.edu, whu@nju.edu.cn

cmwang.nju@gmail.com, {yiding.dj, lantu.zw}@alibaba-inc.com",false,,,,"[{""raw_affiliation_text"": ""State Key Laboratory for Novel Software Technology, Nanjing University, China"", ""institution"": ""Nanjing University"", ""country"": ""China""}, {""raw_affiliation_text"": ""Department of Computer and Information Science, University of Pennsylvania, USA"", ""institution"": ""University of Pennsylvania"", ""country"": ""USA""}, {""raw_affiliation_text"": ""Information Sciences Institute, University of Southern California, USA"", ""institution"": ""University of Southern California"", ""country"": ""USA""}, {""raw_affiliation_text"": ""Alibaba Group, China"", ""institution"": ""Alibaba Group"", ""country"": ""China""}]"
2020.emnlp-main.461,,,,2020.emnlp-main.461,done,"University of Southern California | University of California, Los Angeles","# Domain Knowledge Empowered Structured Neural Net for End-to-End Event Temporal Relation Extraction

Rujun Han $^{1,2}$ Yichao Zhou $^{3}$ Nanyun Peng $^{1,2,3}$

<sup>1</sup>Information Sciences Institute, University of Southern California

$^{2}$ Department of Computer Science, University of Southern California

$^{3}$ Department of Computer Science, University of California, Los Angeles

rujunhan@isi.edu; yz@cs.ucla.edu; violetpeng@cs.ucla.edu",false,,,,"[{""raw_affiliation_text"": ""Information Sciences Institute, University of Southern California"", ""institution"": ""University of Southern California"", ""country"": null}, {""raw_affiliation_text"": ""Department of Computer Science, University of California, Los Angeles"", ""institution"": ""University of California, Los Angeles"", ""country"": null}]"
2020.emnlp-main.462,,,,2020.emnlp-main.462,done,Mc Gill University | MILA,"# TeMP: Temporal Message Passing for Temporal Knowledge Graph Completion

Jiapeng Wu Meng Cao Jackie Chi Kit Cheung William L. Hamilton School of Computer Science, McGill University, Montreal, QC, Canada MILA, Montreal, QC, Canada

{jiapeng.wu@mail, meng.cao@mail, jcheung@cs, wlh@cs}.mcgill.ca",false,,,,"[{""raw_affiliation_text"": ""School of Computer Science, McGill University, Montreal, QC, Canada"", ""institution"": ""Mc Gill University"", ""country"": ""Canada""}, {""raw_affiliation_text"": ""MILA, Montreal, QC, Canada"", ""institution"": ""MILA"", ""country"": ""Canada""}]"
2020.emnlp-main.463,,,,2020.emnlp-main.463,done,University of Illinois at Urbana-Champaign | Microsoft Research | Microsoft Dynamics 365 AI,"# Understanding the Difficulty of Training Transformers

Liyuan Liu†‡ Xiaodong Liu‡ Jianfeng Gao‡ Weizhu Chen§ Jiawei Han†

{112, hanj}@illinois.edu, {xiaodl, jfgao, wzchen}@microsoft.com

†University of Illinois at Urbana-Champaign

Microsoft Research

Microsoft Dynamics 365 AI",false,,,,"[{""raw_affiliation_text"": ""University of Illinois at Urbana-Champaign"", ""institution"": ""University of Illinois at Urbana-Champaign"", ""country"": null}, {""raw_affiliation_text"": ""Microsoft Research"", ""institution"": ""Microsoft Research"", ""country"": null}, {""raw_affiliation_text"": ""Microsoft Dynamics 365 AI"", ""institution"": ""Microsoft Dynamics 365 AI"", ""country"": null}]"
2020.emnlp-main.464,,,,2020.emnlp-main.464,done,"Google Research | University of California, Berkeley","# An Empirical Study of Generation Order for Machine Translation

William Chan*

Google Research, Brain Team  
williamchan@gmail.com

Jamie Kiros

Google Research, Brain Team  
kiros@google.com

Mitchell Stern*

University of California, Berkeley  
mitchell@berkeley.edu

Jakob Uszkoreit

Google Research, Brain Team uszkoreit@google.com",false,,,,"[{""raw_affiliation_text"": ""Google Research, Brain Team"", ""institution"": ""Google Research"", ""country"": null}, {""raw_affiliation_text"": ""University of California, Berkeley"", ""institution"": ""University of California, Berkeley"", ""country"": ""null""}]"
2020.emnlp-main.465,,,,2020.emnlp-main.465,done,Google Research,"# Inference Strategies for Machine Translation with Conditional Masking

Julia Kreutzer and George Foster and Colin Cherry Google Research

{jkreutzer, fosterg, colincherry}@google.com",false,,,,"[{""raw_affiliation_text"": ""Google Research"", ""institution"": ""Google Research"", ""country"": null}]"
2020.emnlp-main.466,,,,2020.emnlp-main.466,done,University of Washington | Facebook AI Research | Allen Institute for Artificial Intelligence,"# AMBIGQA: Answering Ambiguous Open-domain Questions

Sewon Min, $^{1,2}$ Julian Michael, $^{1}$ Hannaneh Hajishirzi, $^{1,3}$ Luke Zettlemoyer $^{1,2}$

<sup>1</sup>University of Washington <sup>2</sup>Facebook AI Research <sup>3</sup>Allen Institute for Artificial Intelligence

{sewon, julianjm, hannaneh, lsz}@cs.washington.edu",false,,,,"[{""raw_affiliation_text"": ""University of Washington"", ""institution"": ""University of Washington"", ""country"": null}, {""raw_affiliation_text"": ""Facebook AI Research"", ""institution"": ""Facebook AI Research"", ""country"": null}, {""raw_affiliation_text"": ""Allen Institute for Artificial Intelligence"", ""institution"": ""Allen Institute for Artificial Intelligence"", ""country"": null}]"
2020.emnlp-main.467,,,,2020.emnlp-main.467,done,Sichuan University | Mila | Microsoft,"# Tell Me How to Ask Again: Question Data Augmentation with Controllable Rewriting in Continuous Space

Dayiheng Liu* Yeyun Gong† Jie Fu‡ Yu Yan‡ Jiusheng Chen‡ Jiancheng Lv‡ Nan Duan† Ming Zhou†

$^{\dagger}$ College of Computer Science, Sichuan University

Mila Microsoft

losinuris@gmail.com",false,,,,"[{""raw_affiliation_text"": ""College of Computer Science, Sichuan University"", ""institution"": ""Sichuan University"", ""country"": null}, {""raw_affiliation_text"": ""Mila"", ""institution"": ""Mila"", ""country"": null}, {""raw_affiliation_text"": ""Microsoft"", ""institution"": ""Microsoft"", ""country"": null}]"
2020.emnlp-main.468,,,,2020.emnlp-main.468,done,NVIDIA | Rice University,"# Training Question Answering Models From Synthetic Data

Raul Puri\*, Ryan Spring\*, Mohammad Shoeybi\*, Mostofa Patwary\*, Bryan Catanzaro\*

$^{\ddagger}$ NVIDIA, Santa Clara, California, USA

$^{\S}$ Rice University, Houston, Texas, USA.",false,,,,"[{""raw_affiliation_text"": ""NVIDIA, Santa Clara, California, USA"", ""institution"": ""NVIDIA"", ""country"": ""USA""}, {""raw_affiliation_text"": ""Rice University, Houston, Texas, USA"", ""institution"": ""Rice University"", ""country"": ""USA""}]"
2020.emnlp-main.469,,,,2020.emnlp-main.469,done,Southeast University | Monash University,"# Few-Shot Complex Knowledge Base Question Answering via Meta Reinforcement Learning

Yuncheng Hua†,§, Yuan-Fang Li‡, Gholamreza Haffari‡, Guilin Qi†,‡* and Tongtong Wu†

†School of Computer Science and Engineering, Southeast University, China

$\diamond$ Faculty of Information Technology, Monash University, Australia

$^{\S}$ Southeast University-Monash University Joint Research Institute, China

$\ddagger$ Key Laboratory of Computer Network and Information Integration, Southeast University

†{devinhua, gqi, wutong8023}@seu.edu.cn

{yuanfang.li, gholamreza.haffari}@monash.edu",false,,,,"[{""raw_affiliation_text"": ""School of Computer Science and Engineering, Southeast University, China"", ""institution"": ""Southeast University"", ""country"": ""China""}, {""raw_affiliation_text"": ""Faculty of Information Technology, Monash University, Australia"", ""institution"": ""Monash University"", ""country"": ""Australia""}]"
2020.emnlp-main.47,,,,2020.emnlp-main.47,done,UC Berkeley,"# Measuring Information Propagation in Literary Social Networks

Matthew Sims

School of Information

UC Berkeley

msims@berkeley.edu

David Bamman

School of Information

UC Berkeley

dbamman@berkeley.edu",false,,,,"[{""raw_affiliation_text"": ""School of Information, UC Berkeley"", ""institution"": ""UC Berkeley"", ""country"": null}]"
2020.emnlp-main.470,,,,2020.emnlp-main.470,done,University of Wolverhampton | Rochester Institute of Technology,"# Multilingual Offensive Language Identification with Cross-lingual Embeddings

Tharindu Ranasinghe

University of Wolverhampton

Wolverhampton, UK

tharindu.ranasinghe@wlv.ac.uk

Marcos Zampieri

Rochester Institute of Technology

Rochester, NY, USA

mazgla@rit.edu",false,,,,"[{""raw_affiliation_text"": ""University of Wolverhampton, Wolverhampton, UK"", ""institution"": ""University of Wolverhampton"", ""country"": ""UK""}, {""raw_affiliation_text"": ""Rochester Institute of Technology, Rochester, NY, USA"", ""institution"": ""Rochester Institute of Technology"", ""country"": ""USA""}]"
2020.emnlp-main.471,,,,2020.emnlp-main.471,done,Di Di Labs,"# Solving Historical Dictionary Codes with a Neural Language Model

Christopher Chu, Raphael Valenti, and Kevin Knight

DiDi Labs

4640 Admiralty Way

Marina del Rey, CA 90292

{chrischu, kevinknight} @didiglobal.com",false,,,,"[{""raw_affiliation_text"": ""DiDi Labs"", ""institution"": ""Di Di Labs"", ""country"": null}]"
2020.emnlp-main.472,,,,2020.emnlp-main.472,done,University of British Columbia | University of Pennsylvania,"# Toward Micro-Dialect Identification in Diaglossic and Code-Switched Environments

Muhammad Abdul-Mageed Chiyu Zhang AbdelRahim Elmadany Lyle Ungar†

Natural Language Processing Lab, University of British Columbia

†Computer and Information Science, University of Pennsylvania

{muhammad.mageed, a.elmadany}@ubc.ca chiyuzh@mail.ubc.ca

†ungar@cis.upenn.edu",false,,,,"[{""raw_affiliation_text"": ""Natural Language Processing Lab, University of British Columbia"", ""institution"": ""University of British Columbia"", ""country"": null}, {""raw_affiliation_text"": ""Computer and Information Science, University of Pennsylvania"", ""institution"": ""University of Pennsylvania"", ""country"": null}]"
2020.emnlp-main.473,,,,2020.emnlp-main.473,done,"University of California, Santa Barbara","# Investigating African-American Vernacular English in Transformer-Based Text Generation

Sophie Groenwold,\* Lily Ou,\* Aesha Parekh,\* Samhita Honnavalli\* Sharon Levy, Diba Mirza, William Yang Wang

University of California, Santa Barbara

{sophiegroenwold, lilyou, aeshaparekh, shonnavalli}@ucsb.edu {sharonlevy, dimirza, william}@cs.ucsb.edu",false,,,,"[{""raw_affiliation_text"": ""University of California, Santa Barbara"", ""institution"": ""University of California, Santa Barbara"", ""country"": null}]"
2020.emnlp-main.474,,,,2020.emnlp-main.474,done,Alibaba Group,"# Iterative Domain-Repaired Back-Translation

Hao-Ran Wei, Zhirui Zhang, Boxing Chen and Weihua Luo

Machine Intelligence Technology Lab

Alibaba Group

Hangzhou, China

{funan.whr, zhirui.zzr, boxing.cbx, weihua.luowh} @alibaba-inc.com",false,,,,"[{""raw_affiliation_text"": ""Machine Intelligence Technology Lab Alibaba Group Hangzhou, China"", ""institution"": ""Alibaba Group"", ""country"": ""China""}]"
2020.emnlp-main.475,,,,2020.emnlp-main.475,done,Carnegie Mellon University | George Mason University,"# Dynamic Data Selection and Weighting for Iterative Back-Translation

Zi-Yi Dou<sup>3</sup> Antonios Anastasopoulos<sup>δ,†</sup> Graham Neubig<sup>3</sup>

$^{5}$ Language Technologies Institute, Carnegie Mellon University

$^{5}$ Department of Computer Science, George Mason University

{zdou,gneubig}@cs.cmu.edu antonis@gmu.edu",false,,,,"[{""raw_affiliation_text"": ""Language Technologies Institute, Carnegie Mellon University"", ""institution"": ""Carnegie Mellon University"", ""country"": null}, {""raw_affiliation_text"": ""Department of Computer Science, George Mason University"", ""institution"": ""George Mason University"", ""country"": null}]"
2020.emnlp-main.476,,,,2020.emnlp-main.476,done,Kakao Enterprise | Seoul National University | Soongsil University,"# Revisiting Modularized Multilingual NMT to Meet Industrial Demands

Sungwon Lyu $^{1}$ , Bokyung Son $^{1,2}$ , Kichang Yang $^{1,3}$ , Jaekyoung Bae $^{1}$

$^{1}$ Kakao Enterprise / Seoul, Republic of Korea

$^{2}$ Department of Linguistics, Seoul National University

$^{3}$ School of Software, Soongsil University

{james.ryu, meta.mon, kevin.y, storm.b}@kakaoenterprise.com",false,,,,"[{""raw_affiliation_text"": ""Kakao Enterprise / Seoul, Republic of Korea"", ""institution"": ""Kakao Enterprise"", ""country"": ""Republic of Korea""}, {""raw_affiliation_text"": ""Department of Linguistics, Seoul National University"", ""institution"": ""Seoul National University"", ""country"": null}, {""raw_affiliation_text"": ""School of Software, Soongsil University"", ""institution"": ""Soongsil University"", ""country"": null}]"
2020.emnlp-main.477,,,,2020.emnlp-main.477,done,Google Research,"# LAReQA: Language-Agnostic Answer Retrieval from a Multilingual Pool

Uma Roy\* Noah Constant\* Rami Al-Rfou Aditya Barua Aaron Phillips Yinfei Yang Google Research

uma.roy.us@gmail.com

{nconstant,rmyeid,adityabarua,aaronbphillips,yinfeiy}@google.com",false,,,,"[{""raw_affiliation_text"": ""Google Research"", ""institution"": ""Google Research"", ""country"": null}]"
2020.emnlp-main.478,,,,2020.emnlp-main.478,done,Carnegie Mellon University | George Mason University,"# OCR Post Correction for Endangered Language Texts

Shruti Rijhwani, $^{1}$ Antonios Anastasopoulos, $^{2, \dagger}$ Graham Neubig $^{1}$

$^{1}$ Language Technologies Institute, Carnegie Mellon University   
$^{2}$ Department of Computer Science, George Mason University

{srijhwan,gneubig}@cs.cmu.edu, antonis@gmu.edu",false,,,,"[{""raw_affiliation_text"": ""Language Technologies Institute, Carnegie Mellon University"", ""institution"": ""Carnegie Mellon University"", ""country"": null}, {""raw_affiliation_text"": ""Department of Computer Science, George Mason University"", ""institution"": ""George Mason University"", ""country"": null}]"
2020.emnlp-main.479,,,,2020.emnlp-main.479,done,Carnegie Mellon University | George Mason University | Bosch Research,"# X-FACTR: Multilingual Factual Knowledge Retrieval from Pretrained Language Models

Zhengbao Jiang†, Antonios Anastasopoulos*, Jun Araki‡, Haibo Ding‡, Graham Neubig†

$^{\dagger}$ Languages Technologies Institute, Carnegie Mellon University

\*Department of Computer Science, George Mason University

$\ddagger$ Bosch Research",false,,,,"[{""raw_affiliation_text"": ""Languages Technologies Institute, Carnegie Mellon University"", ""institution"": ""Carnegie Mellon University"", ""country"": null}, {""raw_affiliation_text"": ""Department of Computer Science, George Mason University"", ""institution"": ""George Mason University"", ""country"": null}, {""raw_affiliation_text"": ""Bosch Research"", ""institution"": ""Bosch Research"", ""country"": null}]"
2020.emnlp-main.48,,,,2020.emnlp-main.48,done,University of Washington | Allen Institute for AI,"# SOCIAL CHEMISTRY 101: Learning to Reason about Social and Moral Norms

Maxwell Forbes†‡ Jena D. Hwang‡ Vered Shwartz†‡ Maarten Sap† Yejin Choi†‡

†Paul G. Allen School of Computer Science & Engineering, University of Washington ‡Allen Institute for AI

{mbforbes,msap,yejin}@cs.washington.edu，{jenah,vereds}@allenai.org

maxwellforbes.com/social-chemistry",false,,,,"[{""raw_affiliation_text"": ""Paul G. Allen School of Computer Science & Engineering, University of Washington"", ""institution"": ""University of Washington"", ""country"": null}, {""raw_affiliation_text"": ""Allen Institute for AI"", ""institution"": ""Allen Institute for AI"", ""country"": null}]"
2020.emnlp-main.480,,,,2020.emnlp-main.480,done,Facebook AI | Johns Hopkins University,"# CCAligned: A Massive Collection of Cross-Lingual Web-Document Pairs

Ahmed El-Kishky<sup>1</sup> Vishrav Chaudhary<sup>1</sup> Francisco Guzmán<sup>1</sup> Philipp Koehn<sup>2</sup>

$^{1}$ Facebook AI $^{2}$ Johns Hopkins University

{ahelk,vishrav,fguzman}@fb.com，phi@jhu.edu",false,,,,"[{""raw_affiliation_text"": ""Facebook AI"", ""institution"": ""Facebook AI"", ""country"": null}, {""raw_affiliation_text"": ""Johns Hopkins University"", ""institution"": ""Johns Hopkins University"", ""country"": null}]"
2020.emnlp-main.481,,,,2020.emnlp-main.481,done,Stanford University,"# Localizing Open-Ontology QA Semantic Parsing in a Day Using Machine Translation

Mehrad Moradshahi Giovanni Campagna Sina J. Semnani Silei Xu Monica S. Lam

Computer Science Department

Stanford University

Stanford, CA, USA

{mehrad,gcampaign,sinaj,silei,lam}@cs.stanford.edu",false,,,,"[{""raw_affiliation_text"": ""Computer Science Department Stanford University Stanford, CA, USA"", ""institution"": ""Stanford University"", ""country"": ""USA""}]"
2020.emnlp-main.482,,,,2020.emnlp-main.482,done,University of Maryland | Johns Hopkins University | University of Washington,"# Interactive Refinement of Cross-Lingual Word Embeddings

Michelle Yuan*  
University of Maryland  
myuan@cs.umd.edu

Mozhi Zhang*  
University of Maryland  
mozhi@cs.umd.edu

Benjamin Van Durme  
Johns Hopkins University  
vandurme@jhu.edu

Leah Findlater  
University of Washington  
leahkf@uw.edu",false,,,,"[{""raw_affiliation_text"": ""University of Maryland"", ""institution"": ""University of Maryland"", ""country"": null}, {""raw_affiliation_text"": ""Johns Hopkins University"", ""institution"": ""Johns Hopkins University"", ""country"": null}, {""raw_affiliation_text"": ""University of Washington"", ""institution"": ""University of Washington"", ""country"": null}]"
2020.emnlp-main.483,,,,2020.emnlp-main.483,done,Johns Hopkins University,"# Exploiting Sentence Order in Document Alignment

Brian Thompson

Johns Hopkins University

brian.thompson@jhu.edu

Philipp Koehn

Johns Hopkins University

phi@jhu.edu",false,,,,"[{""raw_affiliation_text"": ""Johns Hopkins University"", ""institution"": ""Johns Hopkins University"", ""country"": null}]"
2020.emnlp-main.484,,,,2020.emnlp-main.484,done,Microsoft,"# XGLUE: A New Benchmark Dataset for Cross-lingual Pre-training, Understanding and Generation

Yaobo Liang, Nan Duan, Yeyun Gong, Ning Wu, Fenfei Guo, Weizhen Qi, Ming Gong, Linjun Shou, Daxin Jiang, Guihong Cao, Xiaodong Fan, Ruofei Zhang, Rahul Agrawal, Edward Cui, Sining Wei, Taroon Bharti, Ying Qiao, Jiun-Hung Chen, Winnie Wu, Shuguang Liu, Fan Yang, Daniel Campos, Rangan Majumder, Ming Zhou {yalia,nanduan,yegong,t-niwu,v-fengu,v-weqi,migon,lisho,djiang,gucao,xiafan,bzhang,rahul.agrawal,edwac, sinwei,tbharti,yiqia,jiuche,winniew,shuguanl,fanyang,Campos.Daniel, ranganm,mingzhou} @microsoft.com",false,,,,"[{""raw_affiliation_text"": ""Microsoft"", ""institution"": ""Microsoft"", ""country"": null}]"
2020.emnlp-main.485,,,,2020.emnlp-main.485,done,Shanghai Tech University | Shanghai Engineering Research Center of Intelligent Vision and Imaging | University of Chinese Academy of Sciences | Alibaba Group,"# AIN: Fast and Accurate Sequence Labeling with Approximate Inference Network

Xinyu Wang\*, Yong Jiang\*, Nguyen Bach†, o Wang†, Zhongqiang Huang†, Fei Huang†, Kewei Tu\*

$^{\diamond}$ School of Information Science and Technology, ShanghaiTech University $^{\diamond}$ Shanghai Engineering Research Center of Intelligent Vision and Imaging $^{\diamond}$ University of Chinese Academy of Sciences $^{\dagger}$ DAMO Academy, Alibaba Group",false,,,,"[{""raw_affiliation_text"": ""School of Information Science and Technology, ShanghaiTech University"", ""institution"": ""Shanghai Tech University"", ""country"": null}, {""raw_affiliation_text"": ""Shanghai Engineering Research Center of Intelligent Vision and Imaging"", ""institution"": ""Shanghai Engineering Research Center of Intelligent Vision and Imaging"", ""country"": null}, {""raw_affiliation_text"": ""University of Chinese Academy of Sciences"", ""institution"": ""University of Chinese Academy of Sciences"", ""country"": null}, {""raw_affiliation_text"": ""DAMO Academy, Alibaba Group"", ""institution"": ""Alibaba Group"", ""country"": null}]"
2020.emnlp-main.486,,,,2020.emnlp-main.486,done,Nanjing University of Posts and Telecommunications | University of Illinois at Urbana-Champaign,"# HIT: Nested Named Entity Recognition via Head-Tail Pair and Token Interaction

Yu Wang $^{1}$ , Yun Li $^{1*}$ , Hanghang Tong $^{2}$ , Ziye Zhu $^{1}$

$^{1}$ Jiangsu Key Laboratory of Big Data Security and Intelligent Processing

Nanjing University of Posts and Telecommunications, Nanjing, China

$^{2}$ Department of Computer Science, University of Illinois at Urbana-Champaign, Urbana, IL {2017070114, liyun, 2016070251} @njupt.edu.cn, htong@illinois.edu",false,,,,"[{""raw_affiliation_text"": ""Jiangsu Key Laboratory of Big Data Security and Intelligent Processing, Nanjing University of Posts and Telecommunications, Nanjing, China"", ""institution"": ""Nanjing University of Posts and Telecommunications"", ""country"": ""China""}, {""raw_affiliation_text"": ""Department of Computer Science, University of Illinois at Urbana-Champaign, Urbana, IL"", ""institution"": ""University of Illinois at Urbana-Champaign"", ""country"": null}]"
2020.emnlp-main.487,,,,2020.emnlp-main.487,done,University of Washington | The Chinese University of Hong Kong | Shenzhen Research Institute of Big Data,"# Supertagging Combinatory Categorial Grammar with Attentive Graph Convolutional Networks

Yuanhe Tian♥, Yan Song♠♥†, Fei Xia♥

♥University of Washington ♠The Chinese University of Hong Kong (Shenzhen)

♥Shenzhen Research Institute of Big Data

♥{yhtian, fxia}@uw.edu ♠songyan@cuhk.edu.cn",false,,,,"[{""raw_affiliation_text"": ""University of Washington"", ""institution"": ""University of Washington"", ""country"": null}, {""raw_affiliation_text"": ""The Chinese University of Hong Kong (Shenzhen)"", ""institution"": ""The Chinese University of Hong Kong"", ""country"": null}, {""raw_affiliation_text"": ""Shenzhen Research Institute of Big Data"", ""institution"": ""Shenzhen Research Institute of Big Data"", ""country"": null}]"
2020.emnlp-main.488,,,,2020.emnlp-main.488,done,"Nanyang Technological University | DAMO Academy, Alibaba Group | National Institute of Informatics","# DAGA: Data Augmentation with a Generation Approach for Low-resource Tagging Tasks

Bosheng Ding\*12 Linlin Liu\*12 Lidong Bing2 Canasai Kruengkrai+3 Thien Hai Nguyen2 Shafiq Joty' Luo Si' Chunyan Miao

$^{1}$ Nanyang Technological University, Singapore

$^{2}$ DAMO Academy, Alibaba Group $^{3}$ National Institute of Informatics, Japan

{bosheng.ding, linlin.liu, l.bing, thienhai.nguyen, luo.si}@alibaba-inc.com canasai@nii.ac.jp {srjoty, ascymiao}@ntu.edu.sg",false,,,,"[{""raw_affiliation_text"": ""Nanyang Technological University, Singapore"", ""institution"": ""Nanyang Technological University"", ""country"": ""Singapore""}, {""raw_affiliation_text"": ""DAMO Academy, Alibaba Group"", ""institution"": ""DAMO Academy, Alibaba Group"", ""country"": null}, {""raw_affiliation_text"": ""National Institute of Informatics, Japan"", ""institution"": ""National Institute of Informatics"", ""country"": ""Japan""}]"
2020.emnlp-main.489,,,,2020.emnlp-main.489,done,Fudan University | Carnegie Mellon University,"# Interpretable Multi-dataset Evaluation for Named Entity Recognition

Jinlan Fu†; Pengfei Liu‡; Graham Neubig‡

† Fudan University, ‡Carnegie Mellon University

fujl16@fudan.edu.cn, {pliu3, gneubig} @cs.cmu.edu",false,,,,"[{""raw_affiliation_text"": ""Fudan University"", ""institution"": ""Fudan University"", ""country"": null}, {""raw_affiliation_text"": ""Carnegie Mellon University"", ""institution"": ""Carnegie Mellon University"", ""country"": null}]"
2020.emnlp-main.49,,,,2020.emnlp-main.49,done,Cornell University,"# Event Extraction by Answering (Almost) Natural Questions

Xinya Du and Claire Cardie  
Department of Computer Science  
Cornell University  
Ithaca, NY, USA  
{xdu, cardie}@cs.cornell.edu",false,,,,"[{""raw_affiliation_text"": ""Department of Computer Science Cornell University Ithaca, NY, USA"", ""institution"": ""Cornell University"", ""country"": ""USA""}]"
2020.emnlp-main.490,,,,2020.emnlp-main.490,done,Beijing University of Posts and Telecommunications | China Mobile Research Institute,"# Adversarial Semantic Decoupling for Recognizing Open-Vocabulary Slots

Yuanmeng Yan $^{1*}$ , Keqing He $^{1*}$ , Hong Xu $^{1}$ , Sihong Liu $^{1}$ , Fanyu Meng $^{2}$ , Min Hu $^{2}$ , Weiran Xu $^{1}$

<sup>1</sup>Beijing University of Posts and Telecommunications, Beijing, China

$^{2}$ China Mobile Research Institute, Beijing, China

{yanyuanmeng,kqin,xuhong,liusihong,xuweiran}@bupt.edu.cn

{mengfanyu,humin}@chinamobile.com",false,,,,"[{""raw_affiliation_text"": ""Beijing University of Posts and Telecommunications, Beijing, China"", ""institution"": ""Beijing University of Posts and Telecommunications"", ""country"": ""China""}, {""raw_affiliation_text"": ""China Mobile Research Institute, Beijing, China"", ""institution"": ""China Mobile Research Institute"", ""country"": ""China""}]"
2020.emnlp-main.491,,,,2020.emnlp-main.491,done,Idiap Research Institute | EPFL | University of Washington | Allen Institute for Artificial Intelligence,"# Plug and Play Autoencoders for Conditional Text Generation

Florian Mai† Nikolaos Pappas‡ Ivan Montero‡ Noah A. Smith‡James Henderson†

†Idiap Research Institute, Martigny, Switzerland $\spadesuit$ EPFL, Lausanne, Switzerland

\*University of Washington, Seattle, WA, USA

$\diamond$ Allen Institute for Artificial Intelligence, Seattle, WA, USA {florian.mai, james.henderson@idiap.ch} npappas, ivamon, nasmith@cs.washington.edu}",false,,,,"[{""raw_affiliation_text"": ""Idiap Research Institute, Martigny, Switzerland"", ""institution"": ""Idiap Research Institute"", ""country"": ""Switzerland""}, {""raw_affiliation_text"": ""EPFL, Lausanne, Switzerland"", ""institution"": ""EPFL"", ""country"": ""Switzerland""}, {""raw_affiliation_text"": ""University of Washington, Seattle, WA, USA"", ""institution"": ""University of Washington"", ""country"": ""USA""}, {""raw_affiliation_text"": ""Allen Institute for Artificial Intelligence, Seattle, WA, USA"", ""institution"": ""Allen Institute for Artificial Intelligence"", ""country"": ""USA""}]"
2020.emnlp-main.492,,,,2020.emnlp-main.492,done,Mc Gill University | Montreal Institute of Learning Algorithms,"# Structure Aware Negative Sampling in Knowledge Graphs

Kian Ahrabian\*,1,3, Aarash Feizi\*,1,3, Yasmin Salehi\*,2, William L. Hamilton\*1,3,4 and Avishek Joey Bose\*1,3

<sup>1</sup> School of Computer Science, McGill University, Canada

$^{2}$ Department of Electrical and Computer Engineering, McGill University, Canada

3 Montreal Institute of Learning Algorithms (Mila), Canada

4 Canada CIFAR AI Chair

{kian.ahrabian, aarash. feizi, yasmin-salehi} {@mail.mcgill.ca}",false,,,,"[{""raw_affiliation_text"": ""School of Computer Science, McGill University, Canada"", ""institution"": ""Mc Gill University"", ""country"": ""Canada""}, {""raw_affiliation_text"": ""Montreal Institute of Learning Algorithms (Mila), Canada"", ""institution"": ""Montreal Institute of Learning Algorithms"", ""country"": ""Canada""}]"
2020.emnlp-main.493,,,,2020.emnlp-main.493,done,KAIST | AITRICS,"# Neural Mask Generator: Learning to Generate Adaptive Word Maskings for Language Model Adaptation

Minki Kang $^{1*}$ Moonsu Han $^{1*}$ Sung Ju Hwang $^{1,2}$

KAIST<sup>1</sup>, Daejeon, South Korea

AITRICS², Seoul, South Korea

{zzxc1133, mshan92, sjhwang82}@kaist.ac.kr",false,,,,"[{""raw_affiliation_text"": ""KAIST, Daejeon, South Korea"", ""institution"": ""KAIST"", ""country"": ""South Korea""}, {""raw_affiliation_text"": ""AITRICS, Seoul, South Korea"", ""institution"": ""AITRICS"", ""country"": ""South Korea""}]"
2020.emnlp-main.494,,,,2020.emnlp-main.494,done,"ASAPP, Inc.","# Autoregressive Knowledge Distillation through Imitation Learning

Alexander Lin<sup>1</sup>  
ASAPP, Inc.  
New York, NY, USA

Jeremy Wohlwend<sup>2</sup>  
ASAPP, Inc.  
New York, NY, USA

Howard Chen<sup>3</sup>  
ASAPP, Inc.  
New York, NY, USA

Tao Lei4  
ASAPP, Inc.  
New York, NY, USA

$^{1}$ alexanderlin01@g.harvard.edu $^{2}$ jwohlwend@csail.mit.edu

$^{3}$ howardchen@cs.princeton.edu $^{4}$ tao@asapp.com",false,,,,"[{""raw_affiliation_text"": ""ASAPP, Inc. New York, NY, USA"", ""institution"": ""ASAPP, Inc."", ""country"": ""USA""}]"
2020.emnlp-main.495,,,,2020.emnlp-main.495,done,University of Illinois at Urbana-Champaign | Zhejiang University | Tencent | Microsoft Dynamics 365 AI Research,"# T3: Tree-Autoencoder Regularized Adversarial Text Generation for Targeted Attack

Boxin Wang $^{1}$ , Hengzhi Pei $^{1}$ , Boyuan Pan $^{2}$ , Qian Chen $^{3}$ , Shuohang Wang $^{4}$ , Bo Li $^{1}$

<sup>1</sup>University of Illinois at Urbana-Champaign <sup>2</sup>Zhejiang University

3 Tencent 4Microsoft Dynamics 365 AI Research

{boxinw2, hpei4, lbo}@illinois.edu, panby@zju.edu.cn, qianchen@tencent.com, shuohang.wang@microsoft.com",false,,,,"[{""raw_affiliation_text"": ""University of Illinois at Urbana-Champaign"", ""institution"": ""University of Illinois at Urbana-Champaign"", ""country"": null}, {""raw_affiliation_text"": ""Zhejiang University"", ""institution"": ""Zhejiang University"", ""country"": null}, {""raw_affiliation_text"": ""Tencent"", ""institution"": ""Tencent"", ""country"": null}, {""raw_affiliation_text"": ""Microsoft Dynamics 365 AI Research"", ""institution"": ""Microsoft Dynamics 365 AI Research"", ""country"": null}]"
2020.emnlp-main.496,,,,2020.emnlp-main.496,done,"ASAPP, Inc.","# Structured Pruning of Large Language Models

Ziheng Wang*

ASAPP, Inc.

zihengw@stanford.edu

Jeremy Wohlwend *

ASAPP, Inc.

jwohlwend@csail.mit.edu

Tao Lei

ASAPP, Inc.

tao@asapp.com",false,,,,"[{""raw_affiliation_text"": ""ASAPP, Inc."", ""institution"": ""ASAPP, Inc."", ""country"": null}]"
2020.emnlp-main.497,,,,2020.emnlp-main.497,done,Monash University,"# Effective Unsupervised Domain Adaptation with Adversarily Trained Language Models

Thuy-Trang Vu

Dinh Phung†

Gholamreza Haffari†

Faculty of Information Technology, Monash University, Australia

{trang.vuthithuy}, $\dagger$ {first.last}@monash.edu",false,,,,"[{""raw_affiliation_text"": ""Faculty of Information Technology, Monash University, Australia"", ""institution"": ""Monash University"", ""country"": ""Australia""}]"
2020.emnlp-main.498,,,,2020.emnlp-main.498,done,Amazon Alexa AI Search | Health at Scale Corporation,"# BAE: BERT-based Adversarial Examples for Text Classification

Siddhant Garg*†

Amazon Alexa AI Search Manhattan Beach, CA, USA sidgarg@amazon.com

Goutham Ramakrishnan*†

Health at Scale Corporation San Jose, CA, USA gouthamr@cs.wisc.edu",false,,,,"[{""raw_affiliation_text"": ""Amazon Alexa AI Search Manhattan Beach, CA, USA"", ""institution"": ""Amazon Alexa AI Search"", ""country"": ""USA""}, {""raw_affiliation_text"": ""Health at Scale Corporation San Jose, CA, USA"", ""institution"": ""Health at Scale Corporation"", ""country"": ""USA""}]"
2020.emnlp-main.499,,,,2020.emnlp-main.499,done,Zhejiang University,"# Adversarial Self-Supervised Data-Free Distillation for Text Classification

Xinyin Ma, Yongliang Shen, Gongfan Fang, Chen Chen, Chenghao Jia, Weiming Lu*  
College of Computer Science, Zhejiang University

{maxinyin, syl, fgf, chendouble, chjia, luwm}@zju.edu.cn",false,,,,"[{""raw_affiliation_text"": ""College of Computer Science, Zhejiang University"", ""institution"": ""Zhejiang University"", ""country"": null}]"
2020.emnlp-main.5,,,,2020.emnlp-main.5,done,Google Research,"# BLEU might be Guilty but References are not Innocent

Markus Freitag, David Grangier, Isaac Caswell

Google Research

{freitag,grangier,icaswell}@google.com",false,,,,"[{""raw_affiliation_text"": ""Google Research"", ""institution"": ""Google Research"", ""country"": null}]"
2020.emnlp-main.50,,,,2020.emnlp-main.50,done,University of Illinois at Urbana-Champaign | New York University | University of Southern California | US Naval Academy | US Army Research Laboratory,"# Connecting the Dots: Event Graph Schema Induction with Path Language Modeling

Manling Li $^{1}$ , Qi Zeng $^{1}$ , Ying Lin $^{1}$ , Kyunghyun Cho $^{2}$ , Heng Ji $^{1}$ , Jonathan May $^{3}$ , Nathanael Chambers $^{4}$ , Clare Voss $^{5}$

<sup>1</sup>University of Illinois at Urbana-Champaign

$^{2}$ New York University $^{3}$ University of Southern California

$^{4}$ US Naval Academy $^{5}$ US Army Research Laboratory

{manling2,qizeng2,yinglin8,hengji}@illinois.edu,

kyunghyun.cho@nyu.edu, jonmay@isi.edu,

nchamber@usna.edu,clare.r.voss.civ@mail.mil",false,,,,"[{""raw_affiliation_text"": ""University of Illinois at Urbana-Champaign"", ""institution"": ""University of Illinois at Urbana-Champaign"", ""country"": null}, {""raw_affiliation_text"": ""New York University"", ""institution"": ""New York University"", ""country"": null}, {""raw_affiliation_text"": ""University of Southern California"", ""institution"": ""University of Southern California"", ""country"": null}, {""raw_affiliation_text"": ""US Naval Academy"", ""institution"": ""US Naval Academy"", ""country"": null}, {""raw_affiliation_text"": ""US Army Research Laboratory"", ""institution"": ""US Army Research Laboratory"", ""country"": null}]"
2020.emnlp-main.500,,,,2020.emnlp-main.500,done,Fudan University,"# BERT-ATTACK: Adversarial Attack Against BERT Using BERT

Linyang Li, Ruotian Ma, Qipeng Guo, Xiangyang Xue, Xipeng Qiu*  
Shanghai Key Laboratory of Intelligent Information Processing, Fudan University School of Computer Science, Fudan University 825 Zhangheng Road, Shanghai, China  
{linyangli19, rtma19, qpguo16, xyxue, xpqiu}@fudan.edu.cn",false,,,,"[{""raw_affiliation_text"": ""Shanghai Key Laboratory of Intelligent Information Processing, Fudan University School of Computer Science, Fudan University 825 Zhangheng Road, Shanghai, China"", ""institution"": ""Fudan University"", ""country"": ""China""}]"
2020.emnlp-main.501,,,,2020.emnlp-main.501,done,Salesforce Research,"# The Thieves on Sesame Street are Polyglots — Extracting Multilingual Models from Monolingual APIs

Nitish Shirish Keskar, Bryan McCann, Caiming Xiong & Richard Socher  
Salesforce Research

{nkeskar,bmccann,cxiong,rsocher}@salesforce.com",false,,,,"[{""raw_affiliation_text"": ""Salesforce Research"", ""institution"": ""Salesforce Research"", ""country"": null}]"
2020.emnlp-main.502,,,,2020.emnlp-main.502,done,HKUST | Amazon | University of Southern California | Tencent AI Lab,"# When Hearst Is not Enough: Improving Hypernymy Detection from Corpus with Distributional Models

Changlong Yu $^{1*}$ Jialong Han $^{2}$ Peifeng Wang $^{3}$ Yangqiu Song $^{1}$ Hongming Zhang $^{1}$ Wilfred Ng $^{1}$ Shuming Shi $^{4}$

$^{1}$ HKUST $^{2}$ Amazon $^{3}$ University of Southern California $^{4}$ Tencent AI Lab $\{\text{cyuaq, yqsong, hzhangal, wilfred}\} @$ cse.ust.hk

jialonghan@gmail.com, peifengw@usc.edu, shumingshi@tencent.com",false,,,,"[{""raw_affiliation_text"": ""HKUST"", ""institution"": ""HKUST"", ""country"": null}, {""raw_affiliation_text"": ""Amazon"", ""institution"": ""Amazon"", ""country"": null}, {""raw_affiliation_text"": ""University of Southern California"", ""institution"": ""University of Southern California"", ""country"": null}, {""raw_affiliation_text"": ""Tencent AI Lab"", ""institution"": ""Tencent AI Lab"", ""country"": null}]"
2020.emnlp-main.503,,,,2020.emnlp-main.503,done,Google,"# Interpreting Open-Domain Modifiers: Decomposition of Wikipedia Categories into Disambiguated Property-Value Pairs

Marius Paşa

Google

1600 Amphitheatre Parkway

Mountain View, California 94043

mars@google.com",false,,,,"[{""raw_affiliation_text"": ""Google"", ""institution"": ""Google"", ""country"": null}]"
2020.emnlp-main.504,,,,2020.emnlp-main.504,done,Shanghai University of Finance and Economics,"# A Synset Relation-enhanced Framework with a Try-again Mechanism for Word Sense Disambiguation

Ming Wang1 and Yinglin Wang2, * School of Information Management and Engineering Shanghai University of Finance and Economics, Shanghai, China 1 wangming@163.sufe.edu.cn, 2 wang.yinglin@shufe.edu.cn",false,,,,"[{""raw_affiliation_text"": ""School of Information Management and Engineering Shanghai University of Finance and Economics, Shanghai, China"", ""institution"": ""Shanghai University of Finance and Economics"", ""country"": ""China""}]"
2020.emnlp-main.505,,,,2020.emnlp-main.505,done,Sichuan University | Mila | Microsoft,"# Diverse, Controllable, and Keyphrase-Aware: A Corpus and Method for News Multi-Headline Generation

Dayiheng Liu\* Yeyun Gong† Yu Yan‡ Jie Fu

Bo Shao† Daxin Jiang‡ Jiancheng Lv*† Nan Duan†

$^{\dagger}$ College of Computer Science, Sichuan University

Mila Microsoft

losinuris@gmail.com",false,,,,"[{""raw_affiliation_text"": ""College of Computer Science, Sichuan University"", ""institution"": ""Sichuan University"", ""country"": null}, {""raw_affiliation_text"": ""Mila"", ""institution"": ""Mila"", ""country"": null}, {""raw_affiliation_text"": ""Microsoft"", ""institution"": ""Microsoft"", ""country"": null}]"
2020.emnlp-main.506,,,,2020.emnlp-main.506,done,Mc Gill University | MILA,"# Factual Error Correction for Abstractive Summarization Models

Meng Cao Yue Dong Jiapeng Wu Jackie Chi Kit Cheung

School of Computer Science, McGill University, Montreal, QC, Canada  
MILA, Montreal, QC, Canada

{meng.cao@mail, yue.dong2@mail, jiapeng.wu@mail, jcheung@cs}.mcgill.ca",false,,,,"[{""raw_affiliation_text"": ""School of Computer Science, McGill University, Montreal, QC, Canada"", ""institution"": ""Mc Gill University"", ""country"": ""Canada""}, {""raw_affiliation_text"": ""MILA, Montreal, QC, Canada"", ""institution"": ""MILA"", ""country"": ""Canada""}]"
2020.emnlp-main.507,,,,2020.emnlp-main.507,done,The University of Texas at Austin,"# Compressive Summarization with Plausibility and Salience Modeling

Shrey Desai Jiacheng Xu Greg Durrett

Department of Computer Science

The University of Texas at Austin

shreydesai@utexas.edu {jcxu, gdurrett}@cs.utexas.edu",false,,,,"[{""raw_affiliation_text"": ""Department of Computer Science The University of Texas at Austin"", ""institution"": ""The University of Texas at Austin"", ""country"": null}]"
2020.emnlp-main.508,,,,2020.emnlp-main.508,done,The University of Texas at Austin,"# Understanding Neural Abstractive Summarization Models via Uncertainty

Jiacheng Xu Shrey Desai Greg Durrett

Department of Computer Science

The University of Texas at Austin

{jcxu,gdurrett}@cs.utexas.edu shreydesai@utexas.edu",false,,,,"[{""raw_affiliation_text"": ""Department of Computer Science The University of Texas at Austin"", ""institution"": ""The University of Texas at Austin"", ""country"": null}]"
2020.emnlp-main.509,,,,2020.emnlp-main.509,done,University of Central Florida | Tencent AI Lab,"# Better Highlighting: Creating Sub-Sentence Summary Highlights

Sangwoo Cho, $^{\dagger}$ Kaiqiang Song, $^{\dagger}$ Chen Li, $^{\S}$ , Dong Yu $^{\S}$ , Hassan Foroosh $^{\dagger}$ , Fei Liu $^{\dagger}$

†Computer Science Department, University of Central Florida
§Tencent AI Lab, Bellevue, WA, USA

{swcho,kqsong}@knights.ucf.edu {ailabchenli,dyu}@tencent.com {foroosh,feiliu}@cs.ucf.edu",false,,,,"[{""raw_affiliation_text"": ""Computer Science Department, University of Central Florida"", ""institution"": ""University of Central Florida"", ""country"": null}, {""raw_affiliation_text"": ""Tencent AI Lab, Bellevue, WA, USA"", ""institution"": ""Tencent AI Lab"", ""country"": ""USA""}]"
2020.emnlp-main.51,,,,2020.emnlp-main.51,done,U Penn | HKUST,"# Joint Constrained Learning for Event-Event Relation Extraction

Haoyu Wang $^{1}$ , Muhao Chen $^{1}$ , Hongming Zhang $^{2*}$ & Dan Roth $^{1}$

$^{1}$ Department of Computer and Information Science, UPenn

$^{2}$ Department of Computer Science and Engineering, HKUST

{why16gz1, muhao, danroth}@seas.upenn.edu;hzhangal@cse.ust.hk",false,,,,"[{""raw_affiliation_text"": ""Department of Computer and Information Science, UPenn"", ""institution"": ""U Penn"", ""country"": null}, {""raw_affiliation_text"": ""Department of Computer Science and Engineering, HKUST"", ""institution"": ""HKUST"", ""country"": null}]"
2020.emnlp-main.510,,,,2020.emnlp-main.510,done,Carnegie Mellon University | University of Washington | Petuum Inc. | UC San Diego,"# Summarizing Text on Any Aspects: A Knowledge-Informed Weakly-Supervised Approach

Bowen Tan $^{1}$ , Lianhui Qin $^{2}$ , Eric P. Xing $^{1,3}$ , Zhiting Hu $^{1,4}$

$^{1}$ Carnegie Mellon University, $^{2}$ University of Washington, $^{3}$ Petuum Inc., $^{4}$ UC San Diego

{btan2,epxing}@andrew.cmu.edu，lianhuiq@cs.washington.edu，zhitinghu@gmail.com",false,,,,"[{""raw_affiliation_text"": ""Carnegie Mellon University"", ""institution"": ""Carnegie Mellon University"", ""country"": null}, {""raw_affiliation_text"": ""University of Washington"", ""institution"": ""University of Washington"", ""country"": null}, {""raw_affiliation_text"": ""Petuum Inc."", ""institution"": ""Petuum Inc."", ""country"": null}, {""raw_affiliation_text"": ""UC San Diego"", ""institution"": ""UC San Diego"", ""country"": null}]"
2020.emnlp-main.511,,,,2020.emnlp-main.511,done,Zhejiang University | Binghamton University,"# BERT-enhanced Relational Sentence Ordering Network

Baiyun Cui $^{1}$ , Yingming Li $^{1*}$ , and Zhongfei Zhang $^{2}$

<sup>1</sup>College of Information Science and Electronic Engineering, Zhejiang University, China

$^{2}$ Computer Science Department, Binghamton University, Binghamton, NY, USA

baiyunc@yahoo.com, yingming@zju.edu.cn, zhang@binghamton.edu",false,,,,"[{""raw_affiliation_text"": ""College of Information Science and Electronic Engineering, Zhejiang University, China"", ""institution"": ""Zhejiang University"", ""country"": ""China""}, {""raw_affiliation_text"": ""Computer Science Department, Binghamton University, Binghamton, NY, USA"", ""institution"": ""Binghamton University"", ""country"": ""USA""}]"
2020.emnlp-main.512,,,,2020.emnlp-main.512,done,Nanyang Technological University | Salesforce Research,"# Online Conversation Disentanglement with Pointer Networks

Tao Yu and Shafiq Joty

Nanyang Technological University, Singapore

$\dagger$ Salesforce Research

{tao003, srjoty}@ntu.edu.sg",false,,,,"[{""raw_affiliation_text"": ""Nanyang Technological University, Singapore"", ""institution"": ""Nanyang Technological University"", ""country"": ""Singapore""}, {""raw_affiliation_text"": ""Salesforce Research"", ""institution"": ""Salesforce Research"", ""country"": null}]"
2020.emnlp-main.513,,,,2020.emnlp-main.513,done,The University of Tokyo,"# VCDM: Leveraging Variational Bi-encoding and Deep Contextualized Word Representations for Improved Definition Modeling

Machel Reid Edison Marrese-Taylor Yutaka Matsuo Graduate School of Engineering The University of Tokyo machelreid2004@gmail.com {emarrese, matsuo}@weblab.t.u-tokyo.ac.jp",false,,,,"[{""raw_affiliation_text"": ""Graduate School of Engineering The University of Tokyo"", ""institution"": ""The University of Tokyo"", ""country"": null}]"
2020.emnlp-main.514,,,,2020.emnlp-main.514,done,Chinese Academy of Sciences | University of Chinese Academy of Sciences | Westlake University | Xiaomi Inc.,"# Coarse-to-Fine Pre-training for Named Entity Recognition

Mengge Xue $^{1,2}$ Bowen Yu $^{1,2}$ Zhenyu Zhang $^{1,2}$ Tingwen Liu $^{1,2*}$ Yue Zhang $^{3}$ and Bin Wang $^{4}$

$^{1}$ Institute of Information Engineering, Chinese Academy of Sciences. Beijing, China $^{2}$ School of Cyber Security, University of Chinese Academy of Sciences. Beijing, China $^{3}$ School of Engineering, Westlake University, Hangzhou, China $^{4}$ Xiaomi AI Lab, Xiaomi Inc., Beijing, China  
{xuemengge, yubowen, zhangzhenyu1996, liutingwen}@iie.ac.cn  
yue.zhang@wias.org.cn wangbin11@xiaomi.cn",false,,,,"[{""raw_affiliation_text"": ""Institute of Information Engineering, Chinese Academy of Sciences. Beijing, China"", ""institution"": ""Chinese Academy of Sciences"", ""country"": ""China""}, {""raw_affiliation_text"": ""School of Cyber Security, University of Chinese Academy of Sciences. Beijing, China"", ""institution"": ""University of Chinese Academy of Sciences"", ""country"": ""China""}, {""raw_affiliation_text"": ""School of Engineering, Westlake University, Hangzhou, China"", ""institution"": ""Westlake University"", ""country"": ""China""}, {""raw_affiliation_text"": ""Xiaomi AI Lab, Xiaomi Inc., Beijing, China"", ""institution"": ""Xiaomi Inc."", ""country"": ""China""}]"
2020.emnlp-main.515,,,,2020.emnlp-main.515,done,NUS Graduate School for Integrative Sciences and Engineering | National University of Singapore | Tsinghua University,"# Exploring and Evaluating Attributes, Values, and Structures for Entity Alignment

Zhiyuan Liu $^{12}$ Yixin Cao $^{2*}$ Liangming Pan $^{12}$ Juanzi Li $^{3}$ Zhiyuan Liu $^{3}$ Tat-Seng Chua $^{2}$

$^{1}$ NUS Graduate School for Integrative Sciences and Engineering

$^{2}$ School of Computing, National University of Singapore, Singapore

$^{3}$ Department of CST, Tsinghua University, Beijing, China

{acharkq, caoyixin2011}@gmail.com, e0272310@u.nus.edu

{lijuanzi, liuzy}@tsinghua.edu.cn, dcscts@nus.edu.sg",false,,,,"[{""raw_affiliation_text"": ""NUS Graduate School for Integrative Sciences and Engineering"", ""institution"": ""NUS Graduate School for Integrative Sciences and Engineering"", ""country"": null}, {""raw_affiliation_text"": ""School of Computing, National University of Singapore, Singapore"", ""institution"": ""National University of Singapore"", ""country"": ""Singapore""}, {""raw_affiliation_text"": ""Department of CST, Tsinghua University, Beijing, China"", ""institution"": ""Tsinghua University"", ""country"": ""China""}]"
2020.emnlp-main.516,,,,2020.emnlp-main.516,done,ASAPP Inc. | Pennsylvania State University,"# Simple and Effective Few-Shot Named Entity Recognition with Structured Nearest Neighbor Learning

Yi Yang  
ASAPP Inc.  
New York, NY 10007  
yyang@asapp.com

Arzoo Katiyar *  
Pennsylvania State University  
University Park, PA 16802  
arzoo@psu.edu",false,,,,"[{""raw_affiliation_text"": ""ASAPP Inc."", ""institution"": ""ASAPP Inc."", ""country"": null}, {""raw_affiliation_text"": ""Pennsylvania State University"", ""institution"": ""Pennsylvania State University"", ""country"": null}]"
2020.emnlp-main.517,,,,2020.emnlp-main.517,done,IBM Research,"# Learning Structured Representations of Entity Names using Active Learning and Weak Supervision

Kun Qian, Poornima Chozhiyath Raman, Lucian Popa, Yunyao Li IBM Research

qian.kun@ibm.com,{pchozhi, lpopa, yunyaoli}@us.ibm.com",false,,,,"[{""raw_affiliation_text"": ""IBM Research"", ""institution"": ""IBM Research"", ""country"": null}]"
2020.emnlp-main.518,,,,2020.emnlp-main.518,done,Fudan University | Westlake University | Tuiwen Technology Inc. | Westlake Institute for Advanced Study,"# Entity Enhanced BERT Pre-training for Chinese NER

Chen Jia†‡*, Yuefeng Shi‡*, Qinrong Yang and Yue Zhang‡§

†Fudan University, China

$^{\ddagger}$ School of Engineering, Westlake University, China

$\diamondsuit$ Tuiwen Technology Inc., China

$^{\S}$ Institute of Advanced Technology, Westlake Institute for Advanced Study, China

{jiachen, shiyuefeng, zhangyue}@westlake.edu.cn

yang/bigarm@hotmail.com",false,,,,"[{""raw_affiliation_text"": ""Fudan University, China"", ""institution"": ""Fudan University"", ""country"": ""China""}, {""raw_affiliation_text"": ""School of Engineering, Westlake University, China"", ""institution"": ""Westlake University"", ""country"": ""China""}, {""raw_affiliation_text"": ""Tuiwen Technology Inc., China"", ""institution"": ""Tuiwen Technology Inc."", ""country"": ""China""}, {""raw_affiliation_text"": ""Institute of Advanced Technology, Westlake Institute for Advanced Study, China"", ""institution"": ""Westlake Institute for Advanced Study"", ""country"": ""China""}]"
2020.emnlp-main.519,,,,2020.emnlp-main.519,done,Facebook AI Research | University College London | Ecole Polytechnique Federale de Lausanne,"# Scalable Zero-shot Entity Linking with Dense Entity Retrieval

Ledell Wu, $^{1}$ Fabio Petroni, $^{1}$ Martin Josifoski, $^{3*}$ Sebastian Riedel, $^{1,2}$ Luke Zettlemoyer $^{1}$

<sup>1</sup>Facebook AI Research

{ledell, fabiopetroni, sriedel, lsz}@fb.com

$^{2}$ University College London

$^{3}$ Ecole Polytechnique Federale de Lausanne

martin.josifoski@epfl.ch",false,,,,"[{""raw_affiliation_text"": ""Facebook AI Research"", ""institution"": ""Facebook AI Research"", ""country"": null}, {""raw_affiliation_text"": ""University College London"", ""institution"": ""University College London"", ""country"": null}, {""raw_affiliation_text"": ""Ecole Polytechnique Federale de Lausanne"", ""institution"": ""Ecole Polytechnique Federale de Lausanne"", ""country"": null}]"
2020.emnlp-main.52,,,,2020.emnlp-main.52,done,Chinese Academy of Sciences | University of Chinese Academy of Sciences | Ant Group,"# Incremental Event Detection via Knowledge Consolidation Networks

Pengfei Cao $^{1,2}$ , Yubo Chen $^{1,2}$ , Jun Zhao $^{1,2}$ , and Taifeng Wang $^{3}$

$^{1}$ National Laboratory of Pattern Recognition, Institute of Automation, Chinese Academy of Sciences, Beijing, 100190, China

$^{2}$ School of Artificial Intelligence, University of Chinese Academy of Sciences, Beijing, 100049, China

<sup>3</sup> Ant Group, Hangzhou, 310013, China

{pengfei.cao, yubo.chen, jzhao} @nlpr.ia.ac.cn, taifeng.wang@antgroup.com",false,,,,"[{""raw_affiliation_text"": ""National Laboratory of Pattern Recognition, Institute of Automation, Chinese Academy of Sciences, Beijing, 100190, China"", ""institution"": ""Chinese Academy of Sciences"", ""country"": ""China""}, {""raw_affiliation_text"": ""School of Artificial Intelligence, University of Chinese Academy of Sciences, Beijing, 100049, China"", ""institution"": ""University of Chinese Academy of Sciences"", ""country"": ""China""}, {""raw_affiliation_text"": ""Ant Group, Hangzhou, 310013, China"", ""institution"": ""Ant Group"", ""country"": ""China""}]"
2020.emnlp-main.520,,,,2020.emnlp-main.520,done,Allen Institute for Artificial Intelligence | CMU,"# A Dataset for Tracking Entities in Open Domain Procedural Text

Niket Tandon<sup>1</sup> Keisuke Sakaguchi<sup>1</sup> Bhavana Dalvi Mishra<sup>1</sup> Dheeraj Rajagopal<sup>2</sup>  
Peter Clark<sup>1</sup> Michal Guerquin<sup>1</sup> Kyle Richardson<sup>1</sup> Eduard Hovy<sup>2</sup>  
<sup>1</sup>Allen Institute for Artificial Intelligence, Seattle, WA

{nikett, keisukes, bhavanad, peterc, michalg, kyler}@allenai.org $^{2}$ Department of Computer Science, CMU  
{dheeraj, hovy}@cs.cmu.edu",false,,,,"[{""raw_affiliation_text"": ""Allen Institute for Artificial Intelligence, Seattle, WA"", ""institution"": ""Allen Institute for Artificial Intelligence"", ""country"": ""USA""}, {""raw_affiliation_text"": ""Department of Computer Science, CMU"", ""institution"": ""CMU"", ""country"": null}]"
2020.emnlp-main.521,,,,2020.emnlp-main.521,done,University of Pennsylvania | University of California Los Angeles | Columbia University,"# Design Challenges in Low-resource Cross-lingual Entity Linking

Xingyu Fu $^{1*}$ , Weijia Shi $^{2*}$ , Xiaodong Yu $^{1}$ , Zian Zhao $^{3}$ , Dan Roth $^{1}$

<sup>1</sup>University of Pennsylvania

$^{2}$ University of California Los Angeles

$^{3}$ Columbia University

{xingyuf2, xdyu, danroth}@seas.upenn.edu

swj0419@g.ucla.edu, zz2562@columbia.edu",false,,,,"[{""raw_affiliation_text"": ""University of Pennsylvania"", ""institution"": ""University of Pennsylvania"", ""country"": null}, {""raw_affiliation_text"": ""University of California Los Angeles"", ""institution"": ""University of California Los Angeles"", ""country"": null}, {""raw_affiliation_text"": ""Columbia University"", ""institution"": ""Columbia University"", ""country"": null}]"
2020.emnlp-main.522,,,,2020.emnlp-main.522,done,MIT | University of Washington | Facebook AI,"# Efficient One-Pass End-to-End Entity Linking for Questions

Belinda Z. Li\* Sewon Min

Srinivasan Iyer† Yashar Mehdad† Wen-tau Yih†

$\spadesuit$ MIT CSAIL $\diamondsuit$ University of Washington $\dagger$ Facebook AI

bzl@mit.edu sewon@cs.washington.edu

{sviyer, mehdad, scottyih}@fb.com",false,,,,"[{""raw_affiliation_text"": ""MIT CSAIL"", ""institution"": ""MIT"", ""country"": null}, {""raw_affiliation_text"": ""University of Washington"", ""institution"": ""University of Washington"", ""country"": null}, {""raw_affiliation_text"": ""Facebook AI"", ""institution"": ""Facebook AI"", ""country"": null}]"
2020.emnlp-main.523,,,,2020.emnlp-main.523,done,Studio Ousia | RIKEN AIP | University of Washington | Nara Institute of Science and Technology | National Institute of Informatics,"# LUKE: Deep Contextualized Entity Representations with Entity-aware Self-attention

Ikuya Yamada $^{1,2}$

ikuya@ousia.jp

Akari Asai<sup>3</sup>

akari@cs.washington.edu

Hiroyuki Shindo4,2

shindo@is.naist.jp

Hideaki Takeda<sup>5</sup>

takeda@qq.com

Yuji Matsumoto<sup>2</sup>

matsu@is.naist.jp

$^{1}$ Studio Ousia $^{2}$ RIKEN AIP $^{3}$ University of Washington

$^{4}$ Nara Institute of Science and Technology $^{5}$ National Institute of Informatics",false,,,,"[{""raw_affiliation_text"": ""Studio Ousia"", ""institution"": ""Studio Ousia"", ""country"": null}, {""raw_affiliation_text"": ""RIKEN AIP"", ""institution"": ""RIKEN AIP"", ""country"": null}, {""raw_affiliation_text"": ""University of Washington"", ""institution"": ""University of Washington"", ""country"": null}, {""raw_affiliation_text"": ""Nara Institute of Science and Technology"", ""institution"": ""Nara Institute of Science and Technology"", ""country"": null}, {""raw_affiliation_text"": ""National Institute of Informatics"", ""institution"": ""National Institute of Informatics"", ""country"": null}]"
2020.emnlp-main.524,,,,2020.emnlp-main.524,done,"University of Southern California | Columbia University | University of California, Los Angeles","# Generating similes effortlessly like a Pro: A Style Transfer Approach for Simile Generation

Tuhin Chakrabarty $^{1,2*}$ , Smaranda Muresan $^{2,4}$ and Nanyun Peng $^{1,3}$

<sup>1</sup>Information Sciences Institute, University of Southern California

$^{2}$ Department of Computer Science, Columbia University

<sup>3</sup>Computer Science Department, University of California, Los Angeles

$^{4}$ Data Science Institute, Columbia University

{tuhin.chakr, smara}@cs.columbia.edu  
violetpeng@cs.ucla.edu",false,,,,"[{""raw_affiliation_text"": ""Information Sciences Institute, University of Southern California"", ""institution"": ""University of Southern California"", ""country"": null}, {""raw_affiliation_text"": ""Department of Computer Science, Columbia University"", ""institution"": ""Columbia University"", ""country"": null}, {""raw_affiliation_text"": ""Computer Science Department, University of California, Los Angeles"", ""institution"": ""University of California, Los Angeles"", ""country"": null}]"
2020.emnlp-main.525,,,,2020.emnlp-main.525,done,University of Massachusetts Amherst | University of California Los Angeles | Storium,"# STORIUM: A Dataset and Evaluation Platform for Machine-in-the-Loop Story Generation

Nader Akoury†* Shufan Wang† Josh Whiting‡ Stephen Hood‡ Nanyun Peng§ Mohit Iyyer†

†University of Massachusetts Amherst ‡Storium §University of California Los Angeles {nsa, shufanwang, miyyer}@cs.umass.edu {josh, stephen}@storium.com violetpeng@cs.ucla.edu",false,,,,"[{""raw_affiliation_text"": ""University of Massachusetts Amherst"", ""institution"": ""University of Massachusetts Amherst"", ""country"": null}, {""raw_affiliation_text"": ""University of California Los Angeles"", ""institution"": ""University of California Los Angeles"", ""country"": null}, {""raw_affiliation_text"": ""Storium"", ""institution"": ""Storium"", ""country"": null}]"
2020.emnlp-main.526,,,,2020.emnlp-main.526,done,Lexion | Microsoft Research,"# Substance over Style: Document-Level Targeted Content Transfer

Allison Hegel $^{1*}$ Sudha Rao $^{2}$ Asli Celikyilmaz $^{2}$ Bill Dolan $^{2}$ $^{1}$ Lexion, Seattle, WA, USA $^{2}$ Microsoft Research, Redmond, WA, USA

allison@lexion.ai {sudhra,aslicel,billdol}@microsoft.com",false,,,,"[{""raw_affiliation_text"": ""Lexion, Seattle, WA, USA"", ""institution"": ""Lexion"", ""country"": ""USA""}, {""raw_affiliation_text"": ""Microsoft Research, Redmond, WA, USA"", ""institution"": ""Microsoft Research"", ""country"": ""USA""}]"
2020.emnlp-main.527,,,,2020.emnlp-main.527,done,Google Research | Google,"# Template Guided Text Generation for Task-Oriented Dialogue

Mihir Kale

Google

Mountain View

mihirkale@google.com

Abhinav Rastogi

Google Research

Mountain View

abhirast@google.com",false,,,,"[{""raw_affiliation_text"": ""Google Research, Mountain View"", ""institution"": ""Google Research"", ""country"": null}, {""raw_affiliation_text"": ""Google, Mountain View"", ""institution"": ""Google"", ""country"": null}]"
2020.emnlp-main.528,,,,2020.emnlp-main.528,done,UC Irvine | The Hebrew University | AI 2 Irvine,"# MOCHA: A Dataset for Training and Evaluating Generative Reading Comprehension Metrics

Anthony Chen

UC Irvine

Gabriel Stanovsky*

The Hebrew University

anthony.chen@uci.edu

gabis@cse.huji.ac.il

Sameer Singh

UC Irvine

sameer@uci.edu

Matt Gardner

AI2 Irvine

mattg@allenai.org",false,,,,"[{""raw_affiliation_text"": ""UC Irvine"", ""institution"": ""UC Irvine"", ""country"": null}, {""raw_affiliation_text"": ""The Hebrew University"", ""institution"": ""The Hebrew University"", ""country"": null}, {""raw_affiliation_text"": ""AI2 Irvine"", ""institution"": ""AI 2 Irvine"", ""country"": null}]"
2020.emnlp-main.529,,,,2020.emnlp-main.529,done,UC Berkeley | Carnegie Mellon University,"# Plan ahead: Self-Supervised Text Planning for Paragraph Completion Task

Dongyeop Kang*  
dongyeopk@berkeley.edu  
UC Berkeley

Eduard Hovy hovy@cs.cmu.edu Carnegie Mellon University",false,,,,"[{""raw_affiliation_text"": ""UC Berkeley"", ""institution"": ""UC Berkeley"", ""country"": null}, {""raw_affiliation_text"": ""Carnegie Mellon University"", ""institution"": ""Carnegie Mellon University"", ""country"": null}]"
2020.emnlp-main.53,,,,2020.emnlp-main.53,done,University of Illinois at Urbana-Champaign,"# Semi-supervised New Event Type Induction and Event Detection

Lifu Huang and Heng Ji

Computer Science Department

University of Illinois at Urbana-Champaign

{lifuh2,hengji}@illinois.edu",false,,,,"[{""raw_affiliation_text"": ""Computer Science Department, University of Illinois at Urbana-Champaign"", ""institution"": ""University of Illinois at Urbana-Champaign"", ""country"": null}]"
2020.emnlp-main.530,,,,2020.emnlp-main.530,done,The University of Texas at Austin,"# Inquisitive Question Generation for High Level Text Comprehension

Wei-Jen Ko<sup>1</sup> Te-Yuan Chen<sup>2</sup> Yiyan Huang<sup>2</sup> Greg Durrett<sup>1</sup> Junyi Jessy Li<sup>3</sup>

$^{1}$ Department of Computer Science

$^{2}$ School of Information

$^{3}$ Department of Linguistics

The University of Texas at Austin

{wjko, yuan0061, huang.yiyan}@utexas.edu,

gdurrett@cs.utexas.edu, jessy@austin.utexas.edu",false,,,,"[{""raw_affiliation_text"": ""Department of Computer Science The University of Texas at Austin"", ""institution"": ""The University of Texas at Austin"", ""country"": null}]"
2020.emnlp-main.531,,,,2020.emnlp-main.531,done,Nanyang Technological University | Alibaba Group,"# Towards Persona-Based Empathetic Conversational Models

Peixiang Zhong $^{1,2,3}$ , Chen Zhang $^{4}$ , Hao Wang $^{4}$ , Yong Liu $^{1,3}$ , Chunyan Miao $^{1,2,3*}$

<sup>1</sup>Alibaba-NTU Singapore Joint Research Institute

$^{2}$ School of Computer Science and Engineering

$^{3}$ Joint NTU-UBC Research Centre of Excellence in Active Living for the Elderly

Nanyang Technological University, Singapore

4 Alibaba Group, China

peixiang001@e.ntu.edu.sg, zhangchen010295@163.com, cashenry@126.com,

stephenliu@ntu.edu.sg,ascymiao@ntu.edu.sg",false,,,,"[{""raw_affiliation_text"": ""Alibaba-NTU Singapore Joint Research Institute, Nanyang Technological University, Singapore"", ""institution"": ""Nanyang Technological University"", ""country"": ""Singapore""}, {""raw_affiliation_text"": ""Alibaba Group, China"", ""institution"": ""Alibaba Group"", ""country"": ""China""}]"
2020.emnlp-main.532,,,,2020.emnlp-main.532,done,The Australian National University | Data 61 CSIRO | Monash University,"# Personal Information Leakage Detection in Conversations

Qiongkai $\mathbf{X}\mathbf{u}^{1,2}$ , Lizhen $\mathbf{Q}\mathbf{u}^{3*}$ , Zeyu $\mathbf{G}\mathbf{a}\mathbf{0}^{1}$ , Gholamreza Haffari $^{3}$

<sup>1</sup>The Australian National University, Canberra, ACT, Australia

$^{2}$ Data61 CSIRO, Canberra, ACT, Australia

<sup>3</sup>Monash University, Clayton, VIC, Australia

{Qiongkai.Xu,Zeyu.Gao}@anu.edu.au

{Lizhen.Qu, Gholamreza. Haffari}@monash.edu",false,,,,"[{""raw_affiliation_text"": ""The Australian National University, Canberra, ACT, Australia"", ""institution"": ""The Australian National University"", ""country"": ""Australia""}, {""raw_affiliation_text"": ""Data61 CSIRO, Canberra, ACT, Australia"", ""institution"": ""Data 61 CSIRO"", ""country"": ""Australia""}, {""raw_affiliation_text"": ""Monash University, Clayton, VIC, Australia"", ""institution"": ""Monash University"", ""country"": ""Australia""}]"
2020.emnlp-main.533,,,,2020.emnlp-main.533,done,Salesforce Research Asia | Nanyang Technological University,"# Response Selection for Multi-Party Conversations with Dynamic Topic Tracking

Weishi Wang $^{\S \ddagger}$ , Steven C.H. Hoi $^{\S}$ , Shafiq Joty $^{\S \ddagger}$

$^{\S}$ Salesforce Research Asia

$^{\ddagger}$ Nanyang Technological University, Singapore

$\S$ {weishi.wang, shoi, sjoty}@salesforce.com",false,,,,"[{""raw_affiliation_text"": ""Salesforce Research Asia"", ""institution"": ""Salesforce Research Asia"", ""country"": null}, {""raw_affiliation_text"": ""Nanyang Technological University, Singapore"", ""institution"": ""Nanyang Technological University"", ""country"": ""Singapore""}]"
2020.emnlp-main.534,,,,2020.emnlp-main.534,done,Beijing Institute of Technology | Peking University | JD.com,"# Regularizing Dialogue Generation by Imitating Implicit Scenarios

Shaoxiong Feng $^{1}$ Xuancheng Ren $^{2}$ Hongshen Chen $^{3}$ Bin Sun $^{1}$ Kan Li $^{1}$ Xu Sun $^{2}$ \ $^{1}$ Beijing Institute of Technology

$^{2}$ MOE Key Laboratory of Computational Linguistics, School of EECS, Peking University $^{3}$ JD.com

{shaoxiongfeng, binsun, likan}@bit.edu.cn {renxc, xusun}@pku.edu.cn ac@chenhongshen.com",false,,,,"[{""raw_affiliation_text"": ""Beijing Institute of Technology"", ""institution"": ""Beijing Institute of Technology"", ""country"": null}, {""raw_affiliation_text"": ""MOE Key Laboratory of Computational Linguistics, School of EECS, Peking University"", ""institution"": ""Peking University"", ""country"": null}, {""raw_affiliation_text"": ""JD.com"", ""institution"": ""JD.com"", ""country"": null}]"
2020.emnlp-main.535,,,,2020.emnlp-main.535,done,Tencent Inc | Amazon Alexa AI | Tsinghua University | Saarland University,"# MovieChats: Chat like Humans in a Closed Domain

Hui Su $^{1*}$ , Xiaoyu Shen $^{2*}$ , Zhou Xiao $^{1}$ , Zheng Zhang $^{3\dagger}$ , Ernie Chang $^{4}$ , Cheng Zhang $^{1}$ , Cheng Niu $^{1}$ and Jie Zhou $^{1}$

$^{1}$ Pattern Recognition Center, Wechat AI, Tencent Inc, China

2Amazon Alexa AI 3Tsinghua University

$^{4}$ Department of Language Science and Technology, Saarland University

aaronsu@tencent.com, qyouu@amazon.com",false,,,,"[{""raw_affiliation_text"": ""Pattern Recognition Center, Wechat AI, Tencent Inc, China"", ""institution"": ""Tencent Inc"", ""country"": ""China""}, {""raw_affiliation_text"": ""Amazon Alexa AI"", ""institution"": ""Amazon Alexa AI"", ""country"": null}, {""raw_affiliation_text"": ""Tsinghua University"", ""institution"": ""Tsinghua University"", ""country"": null}, {""raw_affiliation_text"": ""Department of Language Science and Technology, Saarland University"", ""institution"": ""Saarland University"", ""country"": null}]"
2020.emnlp-main.536,,,,2020.emnlp-main.536,done,University of Texas at Dallas,"# Conundrums in Entity Coreference Resolution: Making Sense of the State of the Art

Jing Lu and Vincent Ng  
Human Language Technology Research Institute  
University of Texas at Dallas  
Richardson, TX 75083-0688  
{ljwinnie,vince}@hlt.utdallas.edu",false,,,,"[{""raw_affiliation_text"": ""Human Language Technology Research Institute, University of Texas at Dallas"", ""institution"": ""University of Texas at Dallas"", ""country"": null}]"
2020.emnlp-main.537,,,,2020.emnlp-main.537,done,Tencent AI Lab | City University of Hong Kong,"# Semantic Role Labeling Guided Multi-turn Dialogue ReWriter

Kun Xu $^{1}$ , Haochen Tan $^{2}$ , Linfeng Song $^{1}$ , Han Wu $^{2}$ , Haisong Zhang $^{1}$ , Linqi Song $^{2}$ , Dong Yu $^{1}$ $^{1}$ Tencent AI Lab

$^{2}$ City University of Hong Kong

{kxkunxu,lfsong,hansongzhang,dyu}@tencent.com

{haochetan2-c,hanwu32-c}@my.cityu.edu.hk

{linqi song}@cityu.edu.hk",false,,,,"[{""raw_affiliation_text"": ""Tencent AI Lab"", ""institution"": ""Tencent AI Lab"", ""country"": null}, {""raw_affiliation_text"": ""City University of Hong Kong"", ""institution"": ""City University of Hong Kong"", ""country"": null}]"
2020.emnlp-main.538,,,,2020.emnlp-main.538,done,The Chinese University of Hong Kong | Mo E Key Laboratory of High Confidence Software Technologies | The Hong Kong Polytechnic University | Tencent AI Lab,"# Continuity of Topic, Interaction, and Query: Learning to Quote in Online Conversations

Lingzhi Wang\(^{1,2}\), Jing Li\(^{3}\), Xingshan Zeng\(^{1,2*}\), Haisong Zhang\(^{4}\), Kam-Fai Wong\(^{1,2}\)  
\(^{1}\)The Chinese University of Hong Kong, Hong Kong, China  
\(^{2}\)MoE Key Laboratory of High Confidence Software Technologies, China  
\(^{3}\)Department of Computing, The Hong Kong Polytechnic University, Hong Kong, China  
\(^{4}\)Tencent AI Lab, China  
\(^{1,2}\{lzwang, xszeng, kfwong\} @se.cuhk.edu.hk  
\(^{3}\)jing-amelia.li@polyu.edu.hk, \(^{4}\)hansonzhang@tencent.com",false,,,,"[{""raw_affiliation_text"": ""The Chinese University of Hong Kong, Hong Kong, China"", ""institution"": ""The Chinese University of Hong Kong"", ""country"": ""China""}, {""raw_affiliation_text"": ""MoE Key Laboratory of High Confidence Software Technologies, China"", ""institution"": ""Mo E Key Laboratory of High Confidence Software Technologies"", ""country"": ""China""}, {""raw_affiliation_text"": ""Department of Computing, The Hong Kong Polytechnic University, Hong Kong, China"", ""institution"": ""The Hong Kong Polytechnic University"", ""country"": ""China""}, {""raw_affiliation_text"": ""Tencent AI Lab, China"", ""institution"": ""Tencent AI Lab"", ""country"": ""China""}]"
2020.emnlp-main.539,,,,2020.emnlp-main.539,done,Harbin Institute of Technology,"# Profile Consistency Identification for Open-domain Dialogue Agents

Haoyu Song $^{1}$ , Yan Wang, Wei-Nan Zhang $^{1}$ , Zhengyu Zhao $^{1}$ , Ting Liu $^{1}$ , Xiaojiang Liu

<sup>1</sup>Research Center for Social Computing and Information Retrieval

Harbin Institute of Technology, Heilongjiang, China

{hysong,wnzhang,zyzhao,tliu}@ir.hit.edu.cn

yanwang.branden@gmail.com xiaojiangliu84@hotmail.com",false,,,,"[{""raw_affiliation_text"": ""Research Center for Social Computing and Information Retrieval Harbin Institute of Technology, Heilongjiang, China"", ""institution"": ""Harbin Institute of Technology"", ""country"": ""China""}]"
2020.emnlp-main.54,,,,2020.emnlp-main.54,done,Tsinghua University | Microsoft Research,"# Language Generation with Multi-Hop Reasoning on Commonsense Knowledge Graph

Haozhe Ji $^{1}$ , Pei Ke $^{1}$ , Shaohan Huang $^{2}$ , Furu Wei $^{2}$ , Xiaoyan Zhu $^{1}$ , Minlie Huang $^{1*}$

$^{1}$ Department of Computer Science and Technology, Institute for Artificial Intelligence, State Key Lab of Intelligent Technology and Systems,

Beijing National Research Center for Information Science and Technology,

Tsinghua University, Beijing 100084, China

2Microsoft Research

{jhz20, kp17}@mails.tsinghua.edu.cn, {shaohanh, fuwei}@microsoft.com,

{zxy-dcs,aihuang}@tsinghua.edu.cn",false,,,,"[{""raw_affiliation_text"": ""Department of Computer Science and Technology, Institute for Artificial Intelligence, State Key Lab of Intelligent Technology and Systems, Beijing National Research Center for Information Science and Technology, Tsinghua University, Beijing 100084, China"", ""institution"": ""Tsinghua University"", ""country"": ""China""}, {""raw_affiliation_text"": ""Microsoft Research"", ""institution"": ""Microsoft Research"", ""country"": null}]"
2020.emnlp-main.540,,,,2020.emnlp-main.540,done,Nanjing Normal University | University of Essex,"# An Element-aware Multi-representation Model for Law Article Prediction

Huilin Zhong $^{1}$ , Junsheng Zhou $^{*1}$ , Weiguang $\mathbf{Q}^{\mathbf{u}}$ $^{1}$ , Yunfei Long $^{2}$ , and Yanhui Gu $^{1}$

<sup>1</sup> School of Computer and Electronic Information, Nanjing Normal University, China

$^{2}$ School of Computer Science and Electronic Engineering, University of Essex, Colchester, UK CO2 8JT

{zhoujs, wgqu}@njnu.edu.cn, yanhgu@gmail.com

yl20051@essex.ac.uk, elaine1027zhl@hotmail.com",false,,,,"[{""raw_affiliation_text"": ""School of Computer and Electronic Information, Nanjing Normal University, China"", ""institution"": ""Nanjing Normal University"", ""country"": ""China""}, {""raw_affiliation_text"": ""School of Computer Science and Electronic Engineering, University of Essex, Colchester, UK CO2 8JT"", ""institution"": ""University of Essex"", ""country"": ""UK""}]"
2020.emnlp-main.541,,,,2020.emnlp-main.541,done,University of Southern California | MILA - Quebec AI Institute | University of Montréal,"# Recurrent Event Network: Autoregressive Structure Inference over Temporal Knowledge Graphs

Woojeong Jin $^{1}$ Meng Qu $^{2,3}$ Xisen Jin $^{1}$ Xiang Ren $^{1}$

$^{1}$ Department of Computer Science, University of Southern California

$^{2}$ MILA - Quebec AI Institute

<sup>3</sup>University of Montréal

{woojeong.jin,xisenjin,xiangren}@usc.edu meng.qu@umontreal.ca",false,,,,"[{""raw_affiliation_text"": ""Department of Computer Science, University of Southern California"", ""institution"": ""University of Southern California"", ""country"": null}, {""raw_affiliation_text"": ""MILA - Quebec AI Institute"", ""institution"": ""MILA - Quebec AI Institute"", ""country"": null}, {""raw_affiliation_text"": ""University of Montréal"", ""institution"": ""University of Montréal"", ""country"": null}]"
2020.emnlp-main.542,,,,2020.emnlp-main.542,done,Dartmouth College,"# Multi-resolution Annotations for Emoji Prediction

Weicheng Ma<sup>1</sup>, Ruibo Liu<sup>2</sup>, Lili Wang<sup>3</sup>, and Soroush Vosoughi<sup>4</sup>

Minds, Machines, and Society Group

Department of Computer Science, Dartmouth College

1,2,3{first.last.gr}@dartmouth.edu

sorghish.vosoughi@dartmouth.edu",false,,,,"[{""raw_affiliation_text"": ""Department of Computer Science, Dartmouth College"", ""institution"": ""Dartmouth College"", ""country"": null}]"
2020.emnlp-main.543,,,,2020.emnlp-main.543,done,Yonsei University,"# Less is More: Attention Supervision with Counterfactuals for Text Classification

Seungtaek Choi

Yonsei University

hist0613@yonsei.ac.kr

Haeju Park

Yonsei University

phj0225@yonsei.ac.kr

Jinyoung Yeo

Yonsei University

jinyeo@yonsei.ac.kr

Seung-won Hwang

Yonsei University

seungwonh@yonsei.ac.kr",false,,,,"[{""raw_affiliation_text"": ""Yonsei University"", ""institution"": ""Yonsei University"", ""country"": null}]"
2020.emnlp-main.544,,,,2020.emnlp-main.544,done,South China University of Technology,"# MODE-LSTM: A Parameter-efficient Recurrent Network with Multi-Scale for Sentence Classification

Qianli Ma, Zhenxi Lin, Jiangyue Yan, Zipeng Chen, Liuhong Yu

School of Computer Science and Engineering,

South China University of Technology, Guangzhou, China

qianlima@scut.edu.cn

zhenxi.lin@foxmail.com",false,,,,"[{""raw_affiliation_text"": ""School of Computer Science and Engineering, South China University of Technology, Guangzhou, China"", ""institution"": ""South China University of Technology"", ""country"": ""China""}]"
2020.emnlp-main.545,,,,2020.emnlp-main.545,done,Hangzhou Dianzi University | University of Yamanashi,"# HSCNN: A Hybrid-Siamese Convolutional Neural Network for Extremely Imbalanced Multi-label Text Classification

Wenshuo Yang $^{1,2}$ , Jiyi Li $^{2*}$ , Fumiyo Fukumoto $^{2}$ and Yanming Ye $^{1}$

Hangzhou Dianzi University, Hangzhou, China

University of Yamanashi, Kofu, Japan

yangwen7873@gmail.com, {jyli,fukumoto}@yamanashi.ac.jp, yeym@hdu.edu.cn",false,,,,"[{""raw_affiliation_text"": ""Hangzhou Dianzi University, Hangzhou, China"", ""institution"": ""Hangzhou Dianzi University"", ""country"": ""China""}, {""raw_affiliation_text"": ""University of Yamanashi, Kofu, Japan"", ""institution"": ""University of Yamanashi"", ""country"": ""Japan""}]"
2020.emnlp-main.546,,,,2020.emnlp-main.546,done,Capital Normal University | i FLYTEK Research | i FLYTEK AI Research | Harbin Institute of Technology,"# Multi-Stage Pre-training for Automated Chinese Essay Scoring

Wei Song $^{1}$ , Kai Zhang $^{1}$ , Ruiji Fu $^{2,3}$ , Lizhen Liu $^{1}$ , Ting Liu $^{4}$ , Miaomiao Cheng $^{1}$

$^{1}$ College of Information Engineering and Academy for Multidisciplinary Studies, Capital Normal University, Beijing, China

$^{2}$ State Key Laboratory of Cognitive Intelligence, iFLYTEK Research, China

$^{3}$ iFLYTEK AI Research (Hebei), Langfang, China

$^{4}$ Research Center for Social Computing and Information Retrieval,

Harbin Institute of Technology, Harbin, China

{wsong, kzhang, liz.liu7480, B365}@cnu.edu.cn,

rjfu@iflytek.com, tliu@ir.hit.edu.cn",false,,,,"[{""raw_affiliation_text"": ""College of Information Engineering and Academy for Multidisciplinary Studies, Capital Normal University, Beijing, China"", ""institution"": ""Capital Normal University"", ""country"": ""China""}, {""raw_affiliation_text"": ""State Key Laboratory of Cognitive Intelligence, iFLYTEK Research, China"", ""institution"": ""i FLYTEK Research"", ""country"": ""China""}, {""raw_affiliation_text"": ""iFLYTEK AI Research (Hebei), Langfang, China"", ""institution"": ""i FLYTEK AI Research"", ""country"": ""China""}, {""raw_affiliation_text"": ""Research Center for Social Computing and Information Retrieval, Harbin Institute of Technology, Harbin, China"", ""institution"": ""Harbin Institute of Technology"", ""country"": ""China""}]"
2020.emnlp-main.547,,,,2020.emnlp-main.547,done,The Chinese University of Hong Kong,"# Multi-hop Inference for Question-driven Summarization*

Yang Deng, Wenxuan Zhang, Wai Lam

The Chinese University of Hong Kong

{ydeng,wxzhang,wlam}@se.cuhk.edu.hk",false,,,,"[{""raw_affiliation_text"": ""The Chinese University of Hong Kong"", ""institution"": ""The Chinese University of Hong Kong"", ""country"": null}]"
2020.emnlp-main.548,,,,2020.emnlp-main.548,done,Beijing Institute of Technology | Microsoft | Microsoft Research Asia,"# Towards Interpretable Reasoning over Paragraph Effects in Situation

Mucheng Ren $^{1*}$ , Xiubo Geng $^{2\dagger}$ , Tao Qin $^{3}$ , Heyan Huang $^{1}$ and Daxin Jiang $^{2‡}$ $^{1}$ School of Computer Science and Technology, Beijing Institute of Technology, Beijing, China $^{2}$ STCA NLP Group, Microsoft $^{3}$ Microsoft Research Asia  
{renm, hhy63}@bit.edu.cn  
{xigeng, taoqin, djiang}@microsoft.com",false,,,,"[{""raw_affiliation_text"": ""School of Computer Science and Technology, Beijing Institute of Technology, Beijing, China"", ""institution"": ""Beijing Institute of Technology"", ""country"": ""China""}, {""raw_affiliation_text"": ""STCA NLP Group, Microsoft"", ""institution"": ""Microsoft"", ""country"": null}, {""raw_affiliation_text"": ""Microsoft Research Asia"", ""institution"": ""Microsoft Research Asia"", ""country"": null}]"
2020.emnlp-main.549,,,,2020.emnlp-main.549,done,Ant Group | Georgia Institute of Technology,"# Question Directed Graph Attention Network for Numerical Reasoning over Text

Kunlong Chen† Weidi Xu† Xingyi Cheng*†  
Zou Xiaochuan† Yuyu Zhang§ Le Song†§ Taifeng Wang† Yuan Qi† Wei Chu†  
† Ant Group

{kunlong.ckl,weidi.xwd,fanyin.cxy,xiaochuan.zxc, le-song,taifeng.wang,weichu.cy, yuan.qi}@antgroup.com $^\S$ College of Computing Georgia Institute of Technology {yuyu} $@$ gatech.edu",false,,,,"[{""raw_affiliation_text"": ""Ant Group"", ""institution"": ""Ant Group"", ""country"": null}, {""raw_affiliation_text"": ""College of Computing Georgia Institute of Technology"", ""institution"": ""Georgia Institute of Technology"", ""country"": ""USA""}]"
2020.emnlp-main.55,,,,2020.emnlp-main.55,done,University of Massachusetts Amherst | Carnegie Mellon University,"# Reformulating Unsupervised Style Transfer as Paraphrase Generation

Kalpesh Krishna

John Wieting

Mohit Iyyer

$\spadesuit$ University of Massachusetts Amherst, Carnegie Mellon University {kalpesh,miyyer}@cs.umass.edu jwieting@cs.cmu.edu

Project Page: http://style.cs.umass.edu",false,,,,"[{""raw_affiliation_text"": ""University of Massachusetts Amherst"", ""institution"": ""University of Massachusetts Amherst"", ""country"": null}, {""raw_affiliation_text"": ""Carnegie Mellon University"", ""institution"": ""Carnegie Mellon University"", ""country"": null}]"
2020.emnlp-main.550,,,,2020.emnlp-main.550,done,Facebook AI | University of Washington | Princeton University,"# Dense Passage Retrieval for Open-Domain Question Answering

Vladimir Karpukhin*, Barlas Oğuz*, Sewon Min†, Patrick Lewis, Ledell Wu, Sergey Edunov, Danqi Chen‡, Wen-tau Yih

Facebook AI †University of Washington ‡Princeton University

{vladk, barlaso, plewis, ledell, edunov, scottyih}@fb.com

sewon@cs.washington.edu

danqic@cs.princeton.edu",false,,,,"[{""raw_affiliation_text"": ""Facebook AI"", ""institution"": ""Facebook AI"", ""country"": null}, {""raw_affiliation_text"": ""University of Washington"", ""institution"": ""University of Washington"", ""country"": null}, {""raw_affiliation_text"": ""Princeton University"", ""institution"": ""Princeton University"", ""country"": null}]"
2020.emnlp-main.551,,,,2020.emnlp-main.551,done,Mc Gill University | Quebec AI Institute (Mila) | Microsoft Research,"# Distilling Structured Knowledge for Text-Based Relational Reasoning

Jin Dong $^{1,2}$ , Marc-Antoine Rondeau $^{3}$ , William L. Hamilton $^{1,2,4}$

<sup>1</sup> School of Computer Science, McGill University, Canada

2 Quebec AI Institute (Mila), Canada

<sup>3</sup> Microsoft Research, Montreal, Canada

4 Canada CIFAR AI Chair

jin.dong@mail.mcgill.ca,marcantoine.rondeau@microsoft.com

wlh@cs.mcgill.ca",false,,,,"[{""raw_affiliation_text"": ""School of Computer Science, McGill University, Canada"", ""institution"": ""Mc Gill University"", ""country"": ""Canada""}, {""raw_affiliation_text"": ""Quebec AI Institute (Mila), Canada"", ""institution"": ""Quebec AI Institute (Mila)"", ""country"": ""Canada""}, {""raw_affiliation_text"": ""Microsoft Research, Montreal, Canada"", ""institution"": ""Microsoft Research"", ""country"": ""Canada""}]"
2020.emnlp-main.552,,,,2020.emnlp-main.552,done,University of Washington | Google Research,"# Asking without Telling: Exploring Latent Ontologies in Contextual Representations

Julian Michael,\* Jan A. Botha, and Ian Tenney

$^{1}$ Paul G. Allen School of Computer Science & Engineering, University of Washington

2Google Research

julianjm@cs.washington.edu

{jabot,iftenney} $@$ google.com",false,,,,"[{""raw_affiliation_text"": ""Paul G. Allen School of Computer Science & Engineering, University of Washington"", ""institution"": ""University of Washington"", ""country"": null}, {""raw_affiliation_text"": ""Google Research"", ""institution"": ""Google Research"", ""country"": null}]"
2020.emnlp-main.553,,,,2020.emnlp-main.553,done,National Taiwan University,"# Pretrained Language Model Embryology: The Birth of ALBERT

Cheng-Han Chiang

National Taiwan University, Taiwan

dcml0714@gmail.com

Sung-Feng Huang

National Taiwan University, Taiwan

f06942045@ntu.edu.tw

Hung-yi Lee

National Taiwan University, Taiwan

hungyilee@ntu.edu.tw",false,,,,"[{""raw_affiliation_text"": ""National Taiwan University, Taiwan"", ""institution"": ""National Taiwan University"", ""country"": ""Taiwan""}]"
2020.emnlp-main.554,,,,2020.emnlp-main.554,done,Stanford University,"# Learning Music Helps You Read: Using Transfer to Study Linguistic Structure in Language Models

Isabel Papadimitriou

Stanford University

isabelvp@stanford.edu

Dan Jurafsky

Stanford University

jurafsky@stanford.edu",false,,,,"[{""raw_affiliation_text"": ""Stanford University"", ""institution"": ""Stanford University"", ""country"": null}]"
2020.emnlp-main.555,,,,2020.emnlp-main.555,done,National Taiwan University,"# What Do Position Embeddings Learn? An Empirical Study of Pre-Trained Language Model Positional Encoding

Yu-An Wang Yun-Nung Chen

Department of Computer Science and Information Engineering

National Taiwan University, Taipei, Taiwan

r08922019@csie.ntu.edu.tw y.v.chen@ieee.org",false,,,,"[{""raw_affiliation_text"": ""Department of Computer Science and Information Engineering, National Taiwan University, Taipei, Taiwan"", ""institution"": ""National Taiwan University"", ""country"": ""Taiwan""}]"
2020.emnlp-main.556,,,,2020.emnlp-main.556,done,Allen Institute for Artificial Intelligence | University of Washington | University of Maryland,"# ""You are grounded!"": Latent Name Artifacts in Pre-trained Language Models

Vered Shwartz $^{1,2}$ , Rachel Rudinger $^{1,2,3}$ , and Oyvind Tafjord $^{1}$

$^{1}$ Allen Institute for Artificial Intelligence

$^{2}$ Paul G. Allen School of Computer Science & Engineering, University of Washington

<sup>3</sup>University of Maryland, College Park, MD

{vereds,oyvindt}@allenai.org,rudinger@umd.edu",false,,,,"[{""raw_affiliation_text"": ""Allen Institute for Artificial Intelligence"", ""institution"": ""Allen Institute for Artificial Intelligence"", ""country"": null}, {""raw_affiliation_text"": ""Paul G. Allen School of Computer Science & Engineering, University of Washington"", ""institution"": ""University of Washington"", ""country"": null}, {""raw_affiliation_text"": ""University of Maryland, College Park, MD"", ""institution"": ""University of Maryland"", ""country"": null}]"
2020.emnlp-main.557,,,,2020.emnlp-main.557,done,University of Southern California,"# Birds have four legs?!

# NumerSense: Probing Numerical Commonsense Knowledge of Pre-Trained Language Models

Bill Yuchen Lin

Seyeon Lee

Rahul Khanna

Xiang Ren

{yuchen.lin,seyeonle,rahulkha,xiangren}@usc.edu

Department of Computer Science,

University of Southern California",false,,,,"[{""raw_affiliation_text"": ""Department of Computer Science, University of Southern California"", ""institution"": ""University of Southern California"", ""country"": null}]"
2020.emnlp-main.558,,,,2020.emnlp-main.558,done,University of Washington | Facebook AI Research,"# Grounded Adaptation for Zero-shot Executable Semantic Parsing

# Victor Zhong

University of Washington

Seattle, WA

vzhong@cs.washington.edu

# Mike Lewis

Facebook AI Research

Seattle, WA

mikelewis@fb.com

# Sida I. Wang

Facebook AI Research

Seattle, WA

sidawang@fb.com

# Luke Zettlemoyer

University of Washington

Facebook AI Research

Seattle, WA

lsz@cs.washington.edu",false,,,,"[{""raw_affiliation_text"": ""University of Washington"", ""institution"": ""University of Washington"", ""country"": null}, {""raw_affiliation_text"": ""Facebook AI Research"", ""institution"": ""Facebook AI Research"", ""country"": null}]"
2020.emnlp-main.559,,,,2020.emnlp-main.559,done,The Ohio State University | Facebook AI Research,"# An Imitation Game for Learning Semantic Parsers from User Interaction

Ziyu Yao $^{1}$ , Yiqi Tang $^{1}$ , Wen-tau Yih $^{2}$ , Huan Sun $^{1}$ , Yu Su $^{1}$ {yao.470, tang.1466, sun.397, su.809}@osu.edu  
scottyih@fb.com $^{1}$ The Ohio State University $^{2}$ Facebook AI Research, Seattle",false,,,,"[{""raw_affiliation_text"": ""The Ohio State University"", ""institution"": ""The Ohio State University"", ""country"": null}, {""raw_affiliation_text"": ""Facebook AI Research, Seattle"", ""institution"": ""Facebook AI Research"", ""country"": null}]"
2020.emnlp-main.56,,,,2020.emnlp-main.56,done,Zhejiang University | Alibaba Group | Indiana University Bloomington,"# De-Biased Court's View Generation with Causality

Yiquan Wu $^{1}$ , Kun Kuang $^{1*}$ , Yating Zhang $^{2*}$ , Xiaozhong Liu $^{3}$ , Changlong Sun $^{2}$ , Jun Xiao $^{1}$ , Yueting Zhuang $^{1}$ , Luo Si $^{2}$ , Fei Wu $^{1*}$

<sup>1</sup>Zhejiang University, Hangzhou, China

2Alibaba Group, Hangzhou, China

<sup>3</sup>Indiana University Bloomington, USA

{wuyiquan, kunkuang, yzhuang}@zju.edu.cn

yatingz89@gmail.com, changlong.scl@taobao.com, liu237@indiana.edu

{junx，wufei}@cs.zju.edu.cn，luo.si@alibaba-inc.com",false,,,,"[{""raw_affiliation_text"": ""Zhejiang University, Hangzhou, China"", ""institution"": ""Zhejiang University"", ""country"": ""China""}, {""raw_affiliation_text"": ""Alibaba Group, Hangzhou, China"", ""institution"": ""Alibaba Group"", ""country"": ""China""}, {""raw_affiliation_text"": ""Indiana University Bloomington, USA"", ""institution"": ""Indiana University Bloomington"", ""country"": ""USA""}]"
2020.emnlp-main.560,,,,2020.emnlp-main.560,done,Peking University,"# IGSQL: Database Schema Interaction Graph Based Neural Model for Context-Dependent Text-to-SQL Generation

Yitao Cai and Xiaojun Wan

Wangxuan Institute of Computer Technology, Peking University

Center for Data Science, Peking University

The MOE Key Laboratory of Computational Linguistics, Peking University

{caiyitao,wanxiao jun}@pku.edu.cn",false,,,,"[{""raw_affiliation_text"": ""Wangxuan Institute of Computer Technology, Peking University"", ""institution"": ""Peking University"", ""country"": null}]"
2020.emnlp-main.561,,,,2020.emnlp-main.561,done,Peking University | Microsoft Research | Beihang University,"# ""What Do You Mean by That?"" A Parser-Independent Interactive Approach for Enhancing Text-to-SQL

Yuntao Li $^{1*}$ , Bei Chen $^{2}$ , Qian Liu $^{3*}$ , Yan Gao $^{2}$ , Jian-Guang Lou $^{2}$ , Yan Zhang $^{1}$ , Dongmei Zhang $^{2}$

$^{1}$ Department of Machine Intelligence, Peking University, Beijing, China

<sup>2</sup>Microsoft Research, Beijing, China; <sup>3</sup>Beihang University, Beijing, China

$^{1}\{\mathrm{li.} \mathrm{yt}, \mathrm{zhyzhy001}\} @ \mathrm{pku.edu.cn}; ^{3} \mathrm{qian.liu} @ \mathrm{buaa.edu.cn}$

2{beichen, yan.gao, jlou, dongmeiz} @microsoft.com",false,,,,"[{""raw_affiliation_text"": ""Department of Machine Intelligence, Peking University, Beijing, China"", ""institution"": ""Peking University"", ""country"": ""China""}, {""raw_affiliation_text"": ""Microsoft Research, Beijing, China"", ""institution"": ""Microsoft Research"", ""country"": ""China""}, {""raw_affiliation_text"": ""Beihang University, Beijing, China"", ""institution"": ""Beihang University"", ""country"": ""China""}]"
2020.emnlp-main.562,,,,2020.emnlp-main.562,done,Baidu Inc | Soochow University,"# DuSQL: A Large-Scale and Pragmatic Chinese Text-to-SQL Dataset

Lijie Wang $^{1}$ , Ao Zhang $^{1}$ , Kun Wu $^{2}$ , Ke Sun $^{1}$ , Zhenghua Li $^{2}$ , Hua Wu $^{1}$ , Min Zhang $^{2}$ , Haifeng Wang $^{1}$

1. Baidu Inc, Beijing, China

2. Institute of Artificial Intelligence, School of Computer Science and Technology, Soochow University, Suzhou, China

{wanglijie, zhangao, sunke, wu_hua, wanghaifeng} @baidu.com

kwu@stu.suda.edu.cn; {zhli13,minzhang}@suda.edu.cn",false,,,,"[{""raw_affiliation_text"": ""Baidu Inc, Beijing, China"", ""institution"": ""Baidu Inc"", ""country"": ""China""}, {""raw_affiliation_text"": ""Institute of Artificial Intelligence, School of Computer Science and Technology, Soochow University, Suzhou, China"", ""institution"": ""Soochow University"", ""country"": ""China""}]"
2020.emnlp-main.563,,,,2020.emnlp-main.563,done,"Ping An Life Insurance Company of China, Ltd","# Mention Extraction and Linking for SQL Query Generation

Jianqiang Ma*, Zeyu Yan*, Shuai Pang, Yang Zhang, Jianping Shen

{majianqiang554,yanzeyu751,pangshuai550,zhangyang147,shenjianping324}@pingan.com.cn

AI Team, Ping An Life Insurance Company of China, Ltd",false,,,,"[{""raw_affiliation_text"": ""AI Team, Ping An Life Insurance Company of China, Ltd"", ""institution"": ""Ping An Life Insurance Company of China, Ltd"", ""country"": null}]"
2020.emnlp-main.564,,,,2020.emnlp-main.564,done,National University of Singapore | Shandong University | Singapore University of Technology and Design,"# Re-examining the Role of Schema Linking in Text-to-SQL

Wenqiang Lei\*, Weixin Wang\*, Zhixin Ma†, Tian Gan‡, Wei Lu§, Min-Yen Kan†, Tat-Seng Chua†

†National University of Singapore

‡Shandong University

Singapore University of Technology and Design

wenqianglei@gmail.com weixin.wang@comp.nus.edu.sg

zhixinma97@gmail.com gantian@sdu.edu.cn

luwei@sutd.edu.sg kanmy@comp.nus.edu.sg dcscts@nus.edu.sg",false,,,,"[{""raw_affiliation_text"": ""National University of Singapore"", ""institution"": ""National University of Singapore"", ""country"": ""Singapore""}, {""raw_affiliation_text"": ""Shandong University"", ""institution"": ""Shandong University"", ""country"": null}, {""raw_affiliation_text"": ""Singapore University of Technology and Design"", ""institution"": ""Singapore University of Technology and Design"", ""country"": ""Singapore""}]"
2020.emnlp-main.565,,,,2020.emnlp-main.565,done,Gridsum,"# A Multi-Task Incremental Learning Framework with Category Name Embedding for Aspect-Category Sentiment Analysis

Zehui Dai*, Cheng Peng, Huajie Chen, Yadong Ding

NLP Group, Gridsum

{daizehui,pengcheng01,chenhuajie,dingyadong}@gridsum.com",false,,,,"[{""raw_affiliation_text"": ""NLP Group, Gridsum"", ""institution"": ""Gridsum"", ""country"": null}]"
2020.emnlp-main.566,,,,2020.emnlp-main.566,done,Tsinghua University,"# Train No Evil: Selective Masking for Task-Guided Pre-Training

Yuxian Gu $^{1,2,3}$ , Zhengyan Zhang $^{1,2,3}$ , Xiaozhi Wang $^{1,2,3}$ , Zhiyuan Liu $^{1,2,3\dagger}$ , Maosong Sun $^{1,2,3}$

$^{1}$ Department of Computer Science and Technology, Tsinghua University, Beijing, China

$^{2}$ Institute for Artificial Intelligence, Tsinghua University, Beijing, China

$^{3}$ State Key Lab on Intelligent Technology and Systems, Tsinghua University, Beijing, China

{gu-yx17,zy-z19，wangxz20}@mails.tsinghua.edu.cn",false,,,,"[{""raw_affiliation_text"": ""Department of Computer Science and Technology, Tsinghua University, Beijing, China"", ""institution"": ""Tsinghua University"", ""country"": ""China""}]"
2020.emnlp-main.567,,,,2020.emnlp-main.567,done,Tsinghua University,"# SentiLARE: Sentiment-Aware Language Representation Learning with Linguistic Knowledge

Pei Ke*, Haozhe Ji*, Siyang Liu, Xiaoyan Zhu, Minlie Huang†

Department of Computer Science and Technology, Institute for Artificial Intelligence, State Key Lab of Intelligent Technology and Systems,

Beijing National Research Center for Information Science and Technology,

Tsinghua University, Beijing 100084, China

kepei1106@outlook.com,{jhz20,siyang-l18}@mails.tsinghua.edu.cn

{zxy-dcs,aihuang}@tsinghua.edu.cn",false,,,,"[{""raw_affiliation_text"": ""Department of Computer Science and Technology, Institute for Artificial Intelligence, State Key Lab of Intelligent Technology and Systems, Beijing National Research Center for Information Science and Technology, Tsinghua University, Beijing 100084, China"", ""institution"": ""Tsinghua University"", ""country"": ""China""}]"
2020.emnlp-main.568,,,,2020.emnlp-main.568,done,University of Illinois at Urbana-Champaign,"# Weakly-Supervised Aspect-Based Sentiment Analysis via Joint Aspect-Sentiment Topic Embedding

Jiaxin Huang, Yu Meng, Fang Guo, Heng Ji, Jiawei Han

University of Illinois at Urbana-Champaign, IL, USA

{jiaxinh3, yumeng5, fangguol, hengji, hanj}@illinois.edu",false,,,,"[{""raw_affiliation_text"": ""University of Illinois at Urbana-Champaign, IL, USA"", ""institution"": ""University of Illinois at Urbana-Champaign"", ""country"": ""USA""}]"
2020.emnlp-main.569,,,,2020.emnlp-main.569,done,"Singapore University of Technology and Design | DAMO Academy, Alibaba Group | The Chinese University of Hong Kong","# APE: Argument Pair Extraction from Peer Review and Rebuttal via Multi-task Learning

Liying Cheng*1,2 Lidong Bing² Qian Yu†³ Wei Lu¹ Luo Si²

$^{1}$ Singapore University of Technology and Design

$^{2}$ DAMO Academy, Alibaba Group $^{3}$ The Chinese University of Hong Kong

{liying.cheng, l.bing, luo.si}@alibaba-inc.com

yuqian@se.cuhk.edu.hk luwei@sutd.edu.sg",false,,,,"[{""raw_affiliation_text"": ""Singapore University of Technology and Design"", ""institution"": ""Singapore University of Technology and Design"", ""country"": null}, {""raw_affiliation_text"": ""DAMO Academy, Alibaba Group"", ""institution"": ""DAMO Academy, Alibaba Group"", ""country"": null}, {""raw_affiliation_text"": ""The Chinese University of Hong Kong"", ""institution"": ""The Chinese University of Hong Kong"", ""country"": null}]"
2020.emnlp-main.57,,,,2020.emnlp-main.57,done,Northeastern University | University of Michigan,"# PAIR: Planning and Iterative Refinement in Pre-trained Transformers for Long Text Generation

Xinyu Hua

Khoury College of Computer Sciences

Northeastern University

Boston, MA

hua.x@northeastern.edu

Lu Wang

Computer Science and Engineering

University of Michigan

Ann Arbor, MI

wangluxy@umich.edu",false,,,,"[{""raw_affiliation_text"": ""Khoury College of Computer Sciences, Northeastern University, Boston, MA"", ""institution"": ""Northeastern University"", ""country"": ""USA""}, {""raw_affiliation_text"": ""Computer Science and Engineering, University of Michigan, Ann Arbor, MI"", ""institution"": ""University of Michigan"", ""country"": ""USA""}]"
2020.emnlp-main.570,,,,2020.emnlp-main.570,done,Baidu Inc. | Beijing University of Posts and Telecommunications,"# Diversified Multiple Instance Learning for Document-Level Multi-Aspect Sentiment Classification

Yunjie Ji $^{1,2}$ , Hao Liu $^{1}$ , Bolei He $^{1}$ , Xinyan Xiao $^{1*}$ , Hua Wu $^{1}$ , Yanhua Yu $^{2}$ $^{1}$ Baidu Inc., Beijing, China $^{2}$ Beijing University of Posts and Telecommunications  
{jiyunjie, liuhao24, hebolei, xiaoxinyan, wu_hua}@baidu.com  
yuyanhua@bupt.edu.cn",false,,,,"[{""raw_affiliation_text"": ""Baidu Inc., Beijing, China"", ""institution"": ""Baidu Inc."", ""country"": ""China""}, {""raw_affiliation_text"": ""Beijing University of Posts and Telecommunications"", ""institution"": ""Beijing University of Posts and Telecommunications"", ""country"": ""null""}]"
2020.emnlp-main.571,,,,2020.emnlp-main.571,done,Nanjing University | University of Texas at Dallas,"# Identifying Exaggerated Language

Li Kong $^{1}$ , Chuanyi Li $^{1}$ , Jidong Ge $^{1}$ , Bin Luo $^{1}$ and Vincent Ng $^{2}$

$^{1}$ State Key Laboratory for Novel Software Technology, Nanjing University, China $^{2}$ Human Language Technology Research Institute, University of Texas at Dallas, USA kl_nju@126.com, {lcy, gjd, luobin} @nju.edu.cn, vince@HLT.utdallas.edu",false,,,,"[{""raw_affiliation_text"": ""State Key Laboratory for Novel Software Technology, Nanjing University, China"", ""institution"": ""Nanjing University"", ""country"": ""China""}, {""raw_affiliation_text"": ""Human Language Technology Research Institute, University of Texas at Dallas, USA"", ""institution"": ""University of Texas at Dallas"", ""country"": ""USA""}]"
2020.emnlp-main.572,,,,2020.emnlp-main.572,done,Nanjing University of Science and Technology,"# Unified Feature and Instance Based Domain Adaptation for Aspect-Based Sentiment Analysis

Chenggong Gong*, Jianfei Yu, and Rui Xia†

School of Computer Science and Engineering, Nanjing University of Science and Technology, China {cggong, jfyu, rxia}@njust.edu.cn",false,,,,"[{""raw_affiliation_text"": ""School of Computer Science and Engineering, Nanjing University of Science and Technology, China"", ""institution"": ""Nanjing University of Science and Technology"", ""country"": ""China""}]"
2020.emnlp-main.573,,,,2020.emnlp-main.573,done,Huawei Noah's Ark Lab,"# Compositional and Lexical Semantics in RoBERTa, BERT and DistilBERT: A Case Study on CoQA

Ieva Staliūnaité and Ignacio Iacobacci

Huawei Noah's Ark Lab, London, United Kingdom

{ieva.staliunaite,ignacio.iacobacci}@huawei.com",false,,,,"[{""raw_affiliation_text"": ""Huawei Noah's Ark Lab, London, United Kingdom"", ""institution"": ""Huawei Noah's Ark Lab"", ""country"": ""United Kingdom""}]"
2020.emnlp-main.574,,,,2020.emnlp-main.574,done,Tohoku University | Langsmith Inc. | RIKEN,"# Attention is Not Only a Weight: Analyzing Transformers with Vector Norms

Goro Kobayashi $^{1}$ Tatsuki Kuribayashi $^{1,2}$ Sho Yokoi $^{1,3}$ Kentaro Inui $^{1,3}$

$^{1}$ Tohoku University $^{2}$ Langsmith Inc. $^{3}$ RIKEN $\{\text{goro.koba, kuribayashi, yokoi, inui}\} @$ ecei.tohoku.ac.jp",false,,,,"[{""raw_affiliation_text"": ""Tohoku University"", ""institution"": ""Tohoku University"", ""country"": null}, {""raw_affiliation_text"": ""Langsmith Inc."", ""institution"": ""Langsmith Inc."", ""country"": null}, {""raw_affiliation_text"": ""RIKEN"", ""institution"": ""RIKEN"", ""country"": null}]"
2020.emnlp-main.575,,,,2020.emnlp-main.575,done,Bosch Center for Artificial Intelligence | University of Stuttgart,"# F1 is Not Enough! Models and Evaluation Towards User-Centered Explainable Question Answering

Hendrik Schuff<sup>1,2</sup>

Heike Adel

Ngoc Thang $\mathbf{V}\mathbf{u}^{2}$

<sup>1</sup>Bosch Center for Artificial Intelligence, Renningen, Germany

$^{2}$ Institut für Maschinelle Sprachverarbeitung, University of Stuttgart

{Hendrik.Schuff,Heike.Adel}@de.bosch.com

Thang.Vu@ims.uni-stuttgart.de",false,,,,"[{""raw_affiliation_text"": ""Bosch Center for Artificial Intelligence, Renningen, Germany"", ""institution"": ""Bosch Center for Artificial Intelligence"", ""country"": ""Germany""}, {""raw_affiliation_text"": ""Institut für Maschinelle Sprachverarbeitung, University of Stuttgart"", ""institution"": ""University of Stuttgart"", ""country"": ""null""}]"
2020.emnlp-main.576,,,,2020.emnlp-main.576,done,Microsoft Research,"# On the Ability and Limitations of Transformers to Recognize Formal Languages

Satwik Bhattamishra\* Kabir Ahuja\* Navin Goyal\*

$\spadesuit$ Microsoft Research India

Udaan.com

{t-satbh,navingo}@microsoft.com

kabir.ahuja@udaan.com",false,,,,"[{""raw_affiliation_text"": ""Microsoft Research India"", ""institution"": ""Microsoft Research"", ""country"": ""India""}]"
2020.emnlp-main.577,,,,2020.emnlp-main.577,done,LMU Munich | Siemens AG,"# An Unsupervised Joint System for Text Generation from Knowledge Graphs and Semantic Parsing

Martin Schmitt<sup>1</sup> Sahand Sharifzadeh<sup>2</sup> Volker Tresp<sup>2,3</sup> Hinrich Schütze<sup>1</sup>

<sup>1</sup>Center for Information and Language Processing (CIS), LMU Munich  
<sup>2</sup>Department of Informatics, LMU Munich  
<sup>3</sup>Siemens AG Munich  
martin@cis.lmu.de",false,,,,"[{""raw_affiliation_text"": ""Center for Information and Language Processing (CIS), LMU Munich"", ""institution"": ""LMU Munich"", ""country"": null}, {""raw_affiliation_text"": ""Siemens AG Munich"", ""institution"": ""Siemens AG"", ""country"": null}]"
2020.emnlp-main.578,,,,2020.emnlp-main.578,done,University of Sheffield | Utrecht University,"# DGST: a Dual-Generator Network for Text Style Transfer

Xiao Li\*, Guanyi Chen, Chenghua Lin\*, Ruizhe Li

$\spadesuit$ Department of Computer Science, University of Sheffield

$^{\text{©}}$ Department of Information and Computing Sciences, Utrecht University {xiao.li, c.lin, r.li}@sheffield.ac.uk, g.chen@uu.nl",false,,,,"[{""raw_affiliation_text"": ""Department of Computer Science, University of Sheffield"", ""institution"": ""University of Sheffield"", ""country"": null}, {""raw_affiliation_text"": ""Department of Information and Computing Sciences, Utrecht University"", ""institution"": ""Utrecht University"", ""country"": null}]"
2020.emnlp-main.579,,,,2020.emnlp-main.579,done,Fudan University,"# A Knowledge-Aware Sequence-to-Tree Network for Math Word Problem Solving

Qinzhuo Wu, Qi Zhang*, Jinlan Fu, Xuanjing Huang

Shanghai Key Laboratory of Intelligent Information Processing,

School of Computer Science, Fudan University, Shanghai, China

(qzwu17, qz, fujl16, xjhuang)@fudan.edu.cn",false,,,,"[{""raw_affiliation_text"": ""Shanghai Key Laboratory of Intelligent Information Processing, School of Computer Science, Fudan University, Shanghai, China"", ""institution"": ""Fudan University"", ""country"": ""China""}]"
2020.emnlp-main.58,,,,2020.emnlp-main.58,done,University of Washington | Allen Institute for Artificial Intelligence,"# Back to the Future: Unsupervised Backprop-based Decoding for Counterfactual and Abductive Commonsense Reasoning

Lianhui Qin†‡ Vered Shwartz†‡ Peter West†‡ Chandra Bhagavatula‡  
Jena D. Hwang‡ Ronan Le Bras‡ Antoine Bosselut†‡ Yejin Choi†‡  
†Paul G. Allen School of Computer Science & Engineering, University of Washington  
‡Allen Institute for Artificial Intelligence  
{lianhuiq, pawest, antoineb, yejin}@cs.washington.edu  
{vered, chandrab, jenah, ronanlb}@allenai.org",false,,,,"[{""raw_affiliation_text"": ""Paul G. Allen School of Computer Science & Engineering, University of Washington"", ""institution"": ""University of Washington"", ""country"": null}, {""raw_affiliation_text"": ""Allen Institute for Artificial Intelligence"", ""institution"": ""Allen Institute for Artificial Intelligence"", ""country"": null}]"
2020.emnlp-main.580,,,,2020.emnlp-main.580,done,Facebook AI Research | University College London | LORIA | University of Cambridge,"# Generating Fact Checking Briefs

Angela Fan $^{1,3}$ , Aleksandra Piktus $^{1}$ , Fabio Petroni $^{1}$ , Guillaume Wenzek $^{1}$ , Marzieh Saeidi $^{1}$ , Andreas Vlachos $^{4}$ , Antoine Bordes $^{1}$ , Sebastian Riedel $^{1,2}$

$^{1}$ Facebook AI Research $^{2}$ University College London $^{3}$ LORIA, $^{4}$ University of Cambridge $\{\text { angelafan,piktus,fabiopetroni,guw,marzieh,avlachos,abordes,sriedel } \} @$ fb.com",false,,,,"[{""raw_affiliation_text"": ""Facebook AI Research"", ""institution"": ""Facebook AI Research"", ""country"": null}, {""raw_affiliation_text"": ""University College London"", ""institution"": ""University College London"", ""country"": null}, {""raw_affiliation_text"": ""LORIA"", ""institution"": ""LORIA"", ""country"": null}, {""raw_affiliation_text"": ""University of Cambridge"", ""institution"": ""University of Cambridge"", ""country"": null}]"
2020.emnlp-main.581,,,,2020.emnlp-main.581,done,East China Normal University | Microsoft Research Asia,"# Improving the Efficiency of Grammatical Error Correction with Erroneous Span Detection and Correction

Mengyun Chen $^{1*}$ Tao Ge $^{2\dagger}$ Xingxing Zhang $^{2}$ Furu Wei $^{2}$ Ming Zhou $^{2}$

<sup>1</sup> East China Normal University; <sup>2</sup> Microsoft Research Asia dreamcloud.chen@gmail.com; {tage,xizhang,fuwei,mingzhou}@microsoft.com",false,,,,"[{""raw_affiliation_text"": ""East China Normal University"", ""institution"": ""East China Normal University"", ""country"": null}, {""raw_affiliation_text"": ""Microsoft Research Asia"", ""institution"": ""Microsoft Research Asia"", ""country"": null}]"
2020.emnlp-main.582,,,,2020.emnlp-main.582,done,Tsinghua University | Beijing National Research Center for Information Science and Technology | Tencent Inc.,"# Coreferential Reasoning Learning for Language Representation

Deming Ye $^{1,2}$ , Yankai Lin $^{4}$ , Jiaju Du $^{1,2}$ , Zhenghao Liu $^{1,2}$ , Peng Li $^{4}$ , Maosong Sun $^{1,3}$ , Zhiyuan Liu $^{1,3}$

$^{1}$ Department of Computer Science and Technology, Tsinghua University, Beijing, China $^{2}$ Institute for Artificial Intelligence, Tsinghua University, Beijing, China

Beijing National Research Center for Information Science and Technology

$^{2}$ State Key Lab on Intelligent Technology and Systems, Tsinghua University, Beijing, China

<sup>3</sup>Beijing Academy of Artificial Intelligence

$^{4}$ Pattern Recognition Center, WeChat AI, Tencent Inc.

ydm18@mails.tsinghua.edu.cn",false,,,,"[{""raw_affiliation_text"": ""Department of Computer Science and Technology, Tsinghua University, Beijing, China"", ""institution"": ""Tsinghua University"", ""country"": ""China""}, {""raw_affiliation_text"": ""Beijing National Research Center for Information Science and Technology"", ""institution"": ""Beijing National Research Center for Information Science and Technology"", ""country"": null}, {""raw_affiliation_text"": ""Pattern Recognition Center, WeChat AI, Tencent Inc."", ""institution"": ""Tencent Inc."", ""country"": null}]"
2020.emnlp-main.583,,,,2020.emnlp-main.583,done,i FLYTEK Research | Harbin Institute of Technology | i FLYTEK AI Research,"# Is Graph Structure Necessary for Multi-hop Question Answering?

Nan Shao†, Yiming Cui‡†, Ting Liu‡, Shijin Wang†§, Guoping Hu†

†State Key Laboratory of Cognitive Intelligence, iFLYTEK Research, China

$^{\ddagger}$ Research Center for Social Computing and Information Retrieval (SCIR),

Harbin Institute of Technology, Harbin, China

$^{\S}$ iFLYTEK AI Research (Hebei), Langfang, China

$\S 8$ {nanshao, ymcui, sjwang3, gphu} @iflytek.com

$\ddagger$ {ymcui,tliu}@ir.hit.edu.cn",false,,,,"[{""raw_affiliation_text"": ""State Key Laboratory of Cognitive Intelligence, iFLYTEK Research, China"", ""institution"": ""i FLYTEK Research"", ""country"": ""China""}, {""raw_affiliation_text"": ""Research Center for Social Computing and Information Retrieval (SCIR), Harbin Institute of Technology, Harbin, China"", ""institution"": ""Harbin Institute of Technology"", ""country"": ""China""}, {""raw_affiliation_text"": ""iFLYTEK AI Research (Hebei), Langfang, China"", ""institution"": ""i FLYTEK AI Research"", ""country"": ""China""}]"
2020.emnlp-main.584,,,,2020.emnlp-main.584,done,University of Helsinki | Sapienza University of Rome | Cardiff University | Tehran Institute for Advanced Studies,"# XL-WiC: A Multilingual Benchmark for Evaluating Semantic Contextualization

Alessandro Raganato\* Tommaso Pasini\* Jose Camacho-Collados Mohammad Taher Pilehvar

$\checkmark$ Department of Digital Humanities, University of Helsinki, Finland

SapienzaNLP Group, Computer Science Department, Sapienza University of Rome, Italy

\* School of Computer Science and Informatics, Cardiff University, United Kingdom

$\spadesuit$ Tehran Institute for Advanced Studies, Iran

$^{\diamond}$ alessandro.raganato@helsinki.fi, $^{\diamond}$ pasini@di.uniromal.it,

\*camachocolladosj@cardiff.ac.uk, \*mp792@cam.ac.uk",false,,,,"[{""raw_affiliation_text"": ""Department of Digital Humanities, University of Helsinki, Finland"", ""institution"": ""University of Helsinki"", ""country"": ""Finland""}, {""raw_affiliation_text"": ""SapienzaNLP Group, Computer Science Department, Sapienza University of Rome, Italy"", ""institution"": ""Sapienza University of Rome"", ""country"": ""Italy""}, {""raw_affiliation_text"": ""School of Computer Science and Informatics, Cardiff University, United Kingdom"", ""institution"": ""Cardiff University"", ""country"": ""United Kingdom""}, {""raw_affiliation_text"": ""Tehran Institute for Advanced Studies, Iran"", ""institution"": ""Tehran Institute for Advanced Studies"", ""country"": ""Iran""}]"
2020.emnlp-main.585,,,,2020.emnlp-main.585,done,Sapienza University of Rome,"# Generationary

or:

# ""How We Went beyond Word Sense Inventories and Learned to Gloss""

Michele Bevilacqua\*, Marco Maru\*, and Roberto Navigli

Sapienza NLP Group

Department of Computer Science, Sapienza University of Rome

$^{2}$ Department of Literature and Modern Cultures, Sapienza University of Rome

firstname.lastname@uniromal.it",false,,,,"[{""raw_affiliation_text"": ""Department of Computer Science, Sapienza University of Rome"", ""institution"": ""Sapienza University of Rome"", ""country"": ""null""}]"
2020.emnlp-main.586,,,,2020.emnlp-main.586,done,University of Cambridge | University of Mannheim,"# Probing Pretrained Language Models for Lexical Semantics

Ivan Vulic\* Edoardo M. Ponti\* Robert Litschko Goran Glava\* Anna Korhonen

$\spadesuit$ Language Technology Lab, University of Cambridge, UK

Data and Web Science Group, University of Mannheim, Germany

{iv250,ep490,alk23}@cam.ac.uk

{goran,litschko}@informatik.uni-mannheim.de",false,,,,"[{""raw_affiliation_text"": ""Language Technology Lab, University of Cambridge, UK"", ""institution"": ""University of Cambridge"", ""country"": ""UK""}, {""raw_affiliation_text"": ""Data and Web Science Group, University of Mannheim, Germany"", ""institution"": ""University of Mannheim"", ""country"": ""Germany""}]"
2020.emnlp-main.587,,,,2020.emnlp-main.587,done,Center for Artificial Intelligence Research (CAIRE) | The Hong Kong University of Science and Technology,"# Cross-lingual Spoken Language Understanding with Regularized Representation Alignment

Zihan Liu, Genta Indra Winata, Peng Xu, Zhaojiang Lin, Pascale Fung

Center for Artificial Intelligence Research (CAIRE)

Department of Electronic and Computer Engineering

The Hong Kong University of Science and Technology, Clear Water Bay, Hong Kong

zihan.liu@connect.ust.hk, Pascale@ece.ust.hk",false,,,,"[{""raw_affiliation_text"": ""Center for Artificial Intelligence Research (CAIRE)"", ""institution"": ""Center for Artificial Intelligence Research (CAIRE)"", ""country"": null}, {""raw_affiliation_text"": ""Department of Electronic and Computer Engineering, The Hong Kong University of Science and Technology, Clear Water Bay, Hong Kong"", ""institution"": ""The Hong Kong University of Science and Technology"", ""country"": ""Hong Kong""}]"
2020.emnlp-main.588,,,,2020.emnlp-main.588,done,Heriot-Watt University | University of New South Wales,"# SLURP: A Spoken Language Understanding Resource Package

Emanuele Bastianelli\*, Andrea Vanzo\*, Pawel Swietojanski\* and Verena Rieser

†The Interaction Lab, MACS, Heriot-Watt University, Edinburgh, UK

$^{\ddagger}$ Faculty of Engineering, University of New South Wales, Sydney, Australia

{e.bastianelli, a.vanzo, v.t.rieser}@hw.ac.uk

p.swietojanski@unsw.edu.au",false,,,,"[{""raw_affiliation_text"": ""The Interaction Lab, MACS, Heriot-Watt University, Edinburgh, UK"", ""institution"": ""Heriot-Watt University"", ""country"": ""UK""}, {""raw_affiliation_text"": ""Faculty of Engineering, University of New South Wales, Sydney, Australia"", ""institution"": ""University of New South Wales"", ""country"": ""Australia""}]"
2020.emnlp-main.589,,,,2020.emnlp-main.589,done,IBM Research AI | Indian Institute of Technology (BHU),"# Neural Conversational QA: Learning to Reason vs Exploiting Patterns

Nikhil Verma<sup>1</sup> Abhishek Sharma<sup>1,2*</sup> Dhiraj Madan<sup>1</sup>

Danish Contractor<sup>1</sup> Harshit Kumar<sup>1</sup> Sachindra Joshi<sup>1</sup>

<sup>1</sup>IBM Research AI, New Delhi  
<sup>2</sup>Indian Institute of Technology (BHU), Varanasi

nikhilwee@gmail.com, abhishek. sharma.mat16@iitbhu.ac.in

{dmadan07,dcontract,harshitk,jsachind}@in.ibm.com",false,,,,"[{""raw_affiliation_text"": ""IBM Research AI, New Delhi"", ""institution"": ""IBM Research AI"", ""country"": null}, {""raw_affiliation_text"": ""Indian Institute of Technology (BHU), Varanasi"", ""institution"": ""Indian Institute of Technology (BHU)"", ""country"": null}]"
2020.emnlp-main.59,,,,2020.emnlp-main.59,done,Georgia Institute of Technology | Oregon State University | Facebook AI Research,"# Where Are You? Localization from Embodied Dialog

Meera Hahn<sup>1</sup> Jacob Krantz<sup>2</sup> Dhruv Batra<sup>1,3</sup> Devi Parikh<sup>1,3</sup> James M. Rehg<sup>1</sup> Stefan Lee<sup>2</sup> Peter Anderson<sup>1*</sup>

<sup>1</sup>Georgia Institute of Technology <sup>2</sup>Oregon State University <sup>3</sup>Facebook AI Research (FAIR)

{mhahn30, dbatra, parikh, rehg} $@$ gatech.edu {krantzja, leestef} $@$ oregonstate.edu pjand $@$ google.com",false,,,,"[{""raw_affiliation_text"": ""Georgia Institute of Technology"", ""institution"": ""Georgia Institute of Technology"", ""country"": null}, {""raw_affiliation_text"": ""Oregon State University"", ""institution"": ""Oregon State University"", ""country"": null}, {""raw_affiliation_text"": ""Facebook AI Research (FAIR)"", ""institution"": ""Facebook AI Research"", ""country"": null}]"
2020.emnlp-main.590,,,,2020.emnlp-main.590,done,Zhejiang University,"# Counterfactual Generator: A Weakly-Supervised Method for Named Entity Recognition

Xiangji Zeng, Yunliang Li, Yuchen Zhai, Yin Zhang*

Zhejiang University, Hangzhou, China

{zengxiangji,liyunliang,zhaiyuchen,zhangyin98}@zju.edu.cn",false,,,,"[{""raw_affiliation_text"": ""Zhejiang University, Hangzhou, China"", ""institution"": ""Zhejiang University"", ""country"": ""China""}]"
2020.emnlp-main.591,,,,2020.emnlp-main.591,done,Peking University,"# Understanding Procedural Text using Interactive Entity Networks

Jizhi Tang, Yansong Feng, Dongyan Zhao

Wangxuan Institute of Computer Technology, Peking University

The MOE Key Laboratory of Computational Linguistics, Peking University

{tangjizhi, fengyansong, zhaody}@pku.edu.cn",false,,,,"[{""raw_affiliation_text"": ""Wangxuan Institute of Computer Technology, Peking University"", ""institution"": ""Peking University"", ""country"": null}]"
2020.emnlp-main.592,,,,2020.emnlp-main.592,done,Chinese Academy of Sciences | University of Chinese Academy of Sciences | Huawei Cloud&AI,"# A Rigorous Study on Named Entity Recognition: Can Fine-tuning Pretrained Model Lead to the Promised Land?

Hongyu Lin $^{1}$ , Yaojie Lu $^{1,3}$ , Jialong Tang $^{1,3}$ , Xianpei Han $^{1,2,*}$ , Le Sun $^{1,2,*}$ , Zhicheng Wei $^{4}$ , Nicholas Jing Yuan $^{4}$

$^{1}$ Chinese Information Processing Laboratory $^{2}$ State Key Laboratory of Computer Science Institute of Software, Chinese Academy of Sciences, Beijing, China

<sup>3</sup>University of Chinese Academy of Sciences, Beijing, China  
<sup>4</sup>Huawei Cloud&AI

{hongyu,yaojie2017,jialong2019,xianpei,sunle} @iscas.ac.cn

{weizhicheng1,nicholas.yuan}@huawei.com",false,,,,"[{""raw_affiliation_text"": ""Chinese Information Processing Laboratory State Key Laboratory of Computer Science Institute of Software, Chinese Academy of Sciences, Beijing, China"", ""institution"": ""Chinese Academy of Sciences"", ""country"": ""China""}, {""raw_affiliation_text"": ""University of Chinese Academy of Sciences, Beijing, China"", ""institution"": ""University of Chinese Academy of Sciences"", ""country"": ""China""}, {""raw_affiliation_text"": ""Huawei Cloud&AI"", ""institution"": ""Huawei Cloud&AI"", ""country"": null}]"
2020.emnlp-main.593,,,,2020.emnlp-main.593,done,LMU Munich | Siemens AG | Technical University of Munich,"# DyERNIE: Dynamic Evolution of Riemannian Manifold Embeddings for Temporal Knowledge Graph Completion

Zhen Han $^{1,2}$ , Peng Chen $^{2,3}$ , Yunpu Ma $^{1,2*}$ , Volker Tresp $^{1,2*}$

$^{1}$ Institute of Informatics, LMU Munich $^{2}$ Corporate Technology, Siemens AG

$^{3}$ Department of Informatics, Technical University of Munich

zhen.han@campus.lmu.de, peng.chen@tum.de

cognitive.yunpu@gmail.com, volker.tresp@siemens.com",false,,,,"[{""raw_affiliation_text"": ""Institute of Informatics, LMU Munich"", ""institution"": ""LMU Munich"", ""country"": null}, {""raw_affiliation_text"": ""Corporate Technology, Siemens AG"", ""institution"": ""Siemens AG"", ""country"": null}, {""raw_affiliation_text"": ""Department of Informatics, Technical University of Munich"", ""institution"": ""Technical University of Munich"", ""country"": null}]"
2020.emnlp-main.594,,,,2020.emnlp-main.594,done,Yandex | National Research University Higher School of Economics | Moscow Institute of Physics and Technology | University of Edinburgh | University of Amsterdam,"# Embedding Words in Non-Vector Space with Unsupervised Graph Learning

Max Ryabinin $^{1,2}$ Sergei Popov $^{1,2}$ Liudmila Prokhorenkova $^{1,2,3}$ Elena Voita $^{4,5}$

Yandex, Russia

$^{2}$ National Research University Higher School of Economics, Russia

$^{3}$ Moscow Institute of Physics and Technology, Russia

<sup>4</sup>University of Edinburgh, Scotland <sup>5</sup>University of Amsterdam, Netherlands {mryab, sapopov, ostroumova-la, lena-voita}@yandex-team.ru",false,,,,"[{""raw_affiliation_text"": ""Yandex, Russia"", ""institution"": ""Yandex"", ""country"": ""Russia""}, {""raw_affiliation_text"": ""National Research University Higher School of Economics, Russia"", ""institution"": ""National Research University Higher School of Economics"", ""country"": ""Russia""}, {""raw_affiliation_text"": ""Moscow Institute of Physics and Technology, Russia"", ""institution"": ""Moscow Institute of Physics and Technology"", ""country"": ""Russia""}, {""raw_affiliation_text"": ""University of Edinburgh, Scotland"", ""institution"": ""University of Edinburgh"", ""country"": ""null""}, {""raw_affiliation_text"": ""University of Amsterdam, Netherlands"", ""institution"": ""University of Amsterdam"", ""country"": ""Netherlands""}]"
2020.emnlp-main.595,,,,2020.emnlp-main.595,done,Amazon Alexa | Facebook,"# Debiasing knowledge graph embeddings

Joseph Fisher

Amazon Alexa

fshjos@amazon.co.uk

Arpit Mittal*

Facebook

arpitmittal@fb.com

Dave Palfrey

Amazon Alexa

dpalfrey@amazon.co.uk

# Christos Christodoulopoulos

Amazon Alexa

chrchrs@amazon.co.uk",false,,,,"[{""raw_affiliation_text"": ""Amazon Alexa"", ""institution"": ""Amazon Alexa"", ""country"": null}, {""raw_affiliation_text"": ""Facebook"", ""institution"": ""Facebook"", ""country"": null}]"
2020.emnlp-main.596,,,,2020.emnlp-main.596,done,TU Dresden | Fraunhofer IAIS | University of Bonn,"# Message Passing for Hyper-Relational Knowledge Graphs

Mikhail Galkin $^{1,2}$ , Priyansh Trivedi $^{2}$ , Gaurav Maheshwari $^{2}$ , Ricardo Usbeck $^{2}$ , Jens Lehmann $^{2,3}$

$^{1}$ TU Dresden, $^{2}$ Fraunhofer IAIS, $^{3}$ University of Bonn

{mikhail.galkin, priyansh.trivedi, gaurav.maheshwari,

ricardo.usbeck, Jens.lehmann}@iais.fraunhofer.de",false,,,,"[{""raw_affiliation_text"": ""TU Dresden"", ""institution"": ""TU Dresden"", ""country"": null}, {""raw_affiliation_text"": ""Fraunhofer IAIS"", ""institution"": ""Fraunhofer IAIS"", ""country"": null}, {""raw_affiliation_text"": ""University of Bonn"", ""institution"": ""University of Bonn"", ""country"": null}]"
2020.emnlp-main.597,,,,2020.emnlp-main.597,done,NHK Science and Technology Research Laboratories,"# Relation-aware Graph Attention Networks with Relational Position Encodings for Emotion Recognition in Conversations

Taichi Ishiwatari Yuki Yasuda Taroi Miyazaki Jun Goto

NHK Science and Technology Research Laboratories

{i shiwatari.t-fa, yasuda.y-hk, miyazaki.t-jw, goto.j-fw} @nhk.or.jp",false,,,,"[{""raw_affiliation_text"": ""NHK Science and Technology Research Laboratories"", ""institution"": ""NHK Science and Technology Research Laboratories"", ""country"": null}]"
2020.emnlp-main.598,,,,2020.emnlp-main.598,done,Université Paris-Saclay | University of Helsinki,"# BERT Knows Punta Cana is not just beautiful, it's gorgeous: Ranking Scalar Adjectives with Contextualised Representations

Aina Garí Soler

Université Paris-Saclay

CNRS, LIMSI

91400 Orsay, France

aina.gari@limsi.fr

Marianna Apidianaki

Department of Digital Humanities

University of Helsinki

Helsinki, Finland

marianna.apidianaki@helsinki.fi",false,,,,"[{""raw_affiliation_text"": ""Université Paris-Saclay, CNRS, LIMSI, 91400 Orsay, France"", ""institution"": ""Université Paris-Saclay"", ""country"": ""France""}, {""raw_affiliation_text"": ""Department of Digital Humanities, University of Helsinki, Helsinki, Finland"", ""institution"": ""University of Helsinki"", ""country"": ""Finland""}]"
2020.emnlp-main.599,,,,2020.emnlp-main.599,done,National University of Singapore | Alibaba Group | Soochow University,"# Feature Adaptation of Pre-Trained Language Models across Languages and Domains with Robust Self-Training

Hai Ye $^{1}$ Qingyu Tan $^{*1,2}$ Ruidan He $^{2}$ Juntao Li $^{3}$

Hwee Tou Ng $^{1}$ Lidong Bing $^{2}$

$^{1}$ Department of Computer Science, National University of Singapore

$^{2}$ DAMO Academy, Alibaba Group

$^{3}$ School of Computer Science and Technology, Soochow University

{yeh,nght}@comp.nus.edu.sg

{qingyu.tan,ruidan.he,l.bing}@alibaba-inc.com

ljt@suda.edu.cn",false,,,,"[{""raw_affiliation_text"": ""Department of Computer Science, National University of Singapore"", ""institution"": ""National University of Singapore"", ""country"": ""null""}, {""raw_affiliation_text"": ""DAMO Academy, Alibaba Group"", ""institution"": ""Alibaba Group"", ""country"": ""null""}, {""raw_affiliation_text"": ""School of Computer Science and Technology, Soochow University"", ""institution"": ""Soochow University"", ""country"": ""null""}]"
2020.emnlp-main.6,,,,2020.emnlp-main.6,done,Trinity College Dublin | University of Edinburgh | Johns Hopkins University,"# Statistical Power and Translationese in Machine Translation Evaluation

Yvette Graham

ADAPT Centre

Trinity College Dublin

ygraham@tcd.ie

Barry Haddow

School of Informatics  
University of Edinburgh

bhaddow@inf.ed.ac.uk

Philipp Koehn

Dept of Computer Science Johns Hopkins University

phi@jhu.edu",false,,,,"[{""raw_affiliation_text"": ""ADAPT Centre Trinity College Dublin"", ""institution"": ""Trinity College Dublin"", ""country"": null}, {""raw_affiliation_text"": ""School of Informatics University of Edinburgh"", ""institution"": ""University of Edinburgh"", ""country"": null}, {""raw_affiliation_text"": ""Dept of Computer Science Johns Hopkins University"", ""institution"": ""Johns Hopkins University"", ""country"": null}]"
2020.emnlp-main.60,,,,2020.emnlp-main.60,done,University of Southern California | Google Research,"# Learning to Represent Image and Text with Denotation Graph

Bowen Zhang *†

University of Southern California

zhan734@usc.edu

Hexiang Hu *†

University of Southern California

hexiangh@usc.edu

# Vihan Jain

Google Research

vihanjain@google.com

# Eugene Ie

Google Research

eugeneie@google.com

# Fei Sha

Google Research

fsha@google.com",false,,,,"[{""raw_affiliation_text"": ""University of Southern California"", ""institution"": ""University of Southern California"", ""country"": null}, {""raw_affiliation_text"": ""Google Research"", ""institution"": ""Google Research"", ""country"": null}]"
2020.emnlp-main.600,,,,2020.emnlp-main.600,done,University of Essex | Northwest University China,"# Textual Data Augmentation for Efficient Active Learning on Tiny Datasets

Husam Quteineh<sup>1*</sup>, Spyridon Samothrakis<sup>2</sup>, and Richard Sutcliffe<sup>3*</sup>

<sup>1</sup>Business and Local Government Data Research Centre, School of CSEE, University of Essex husam.quteineh@essex.ac.uk

$^{2}$ IADS, University of Essex

ssamot@essex.ac.uk

<sup>3</sup>IPMI Group, School of IST, Northwest University China

rsutcl@nwu.edu.cn",false,,,,"[{""raw_affiliation_text"": ""Business and Local Government Data Research Centre, School of CSEE, University of Essex"", ""institution"": ""University of Essex"", ""country"": ""null""}, {""raw_affiliation_text"": ""IPMI Group, School of IST, Northwest University China"", ""institution"": ""Northwest University China"", ""country"": ""null""}]"
2020.emnlp-main.601,,,,2020.emnlp-main.601,done,Google Research | University of Pennsylvania,"# ""I'd rather just go to bed"": Understanding Indirect Answers

Annie Louis

Google Research, UK

annielouis@google.com

Dan Roth*

University of Pennsylvania

danroth@seas.upenn.edu

Filip Radlinski

Google Research, UK

filiprad@google.com",false,,,,"[{""raw_affiliation_text"": ""Google Research, UK"", ""institution"": ""Google Research"", ""country"": ""UK""}, {""raw_affiliation_text"": ""University of Pennsylvania"", ""institution"": ""University of Pennsylvania"", ""country"": null}]"
2020.emnlp-main.602,,,,2020.emnlp-main.602,done,University of Washington | Allen Institute for Artificial Intelligence,"# POWERTRANSFORMER: Unsupervised Controllable Revision for Biased Language Correction

Xinyao (Michelle) Ma\* Maarten Sap\* Hannah Rashkin\* Yejin Choi\*  
\*Paul G. Allen School of Computer Science & Engineering, University of Washington  
\*Allen Institute for Artificial Intelligence  
Seattle, USA  
{max36,msap,hrashkin,yejin}@cs.washington.edu",false,,,,"[{""raw_affiliation_text"": ""Paul G. Allen School of Computer Science & Engineering, University of Washington"", ""institution"": ""University of Washington"", ""country"": ""USA""}, {""raw_affiliation_text"": ""Allen Institute for Artificial Intelligence"", ""institution"": ""Allen Institute for Artificial Intelligence"", ""country"": ""USA""}]"
2020.emnlp-main.603,,,,2020.emnlp-main.603,done,University of British Columbia,"# MEGA RST Discourse Treebanks with Structure and Nuclearity from Scalable Distant Sentiment Supervision

Patrick Huber and Giuseppe Carenini

Department of Computer Science

University of British Columbia

Vancouver, BC, Canada, V6T 1Z4

{huberpat, carenini}@cs.ubc.ca",false,,,,"[{""raw_affiliation_text"": ""Department of Computer Science, University of British Columbia, Vancouver, BC, Canada, V6T 1Z4"", ""institution"": ""University of British Columbia"", ""country"": ""Canada""}]"
2020.emnlp-main.604,,,,2020.emnlp-main.604,done,Heidelberg Institute for Theoretical Studies,"# Centering-based Neural Coherence Modeling with Hierarchical Discourse Segments

Sungho Jeon and Michael Strube

Heidelberg Institute for Theoretical Studies gGmbH

{sungho.jeon, michael.strube}@h-its.org",false,,,,"[{""raw_affiliation_text"": ""Heidelberg Institute for Theoretical Studies gGmbH"", ""institution"": ""Heidelberg Institute for Theoretical Studies"", ""country"": null}]"
2020.emnlp-main.605,,,,2020.emnlp-main.605,done,Carnegie Mellon University,"# Keeping Up Appearances: Computational Modeling of Face Acts in Persuasion Oriented Discussions

Ritam Dutt

Rishabh Joshi

Carolyn Penstein Rosé

Language Technologies Institute

Carnegie Mellon University

{rdutt, rjoshi2, cprose}@cs.cmu.edu",false,,,,"[{""raw_affiliation_text"": ""Language Technologies Institute Carnegie Mellon University"", ""institution"": ""Carnegie Mellon University"", ""country"": null}]"
2020.emnlp-main.606,,,,2020.emnlp-main.606,done,Worcester Polytechnic Institute | Yahoo! Research | Twitter,"# HABERTOR: An Efficient and Effective Deep Hatespeech Detector

Thanh Tran*, Yifan Hu, Changwei Hu, Kevin Yen, Fei Tan, Kyumin Lee, Serim Park

$^{\star}$ Worcester Polytechnic Institute, Yahoo! Research, Twitter {tdtran, kmlee} @wpi.edu {yifanhu, changweih, kevinyen, fei.tan} @verizonmedia.com serimp@twitter.com",false,,,,"[{""raw_affiliation_text"": ""Worcester Polytechnic Institute"", ""institution"": ""Worcester Polytechnic Institute"", ""country"": null}, {""raw_affiliation_text"": ""Yahoo! Research"", ""institution"": ""Yahoo! Research"", ""country"": null}, {""raw_affiliation_text"": ""Twitter"", ""institution"": ""Twitter"", ""country"": null}]"
2020.emnlp-main.607,,,,2020.emnlp-main.607,done,Athens University of Economics and Business | NCSR “Demokritos” | University of Sheffield,"# An Empirical Study on Large-Scale Multi-Label Text Classification Including Few and Zero-Shot Labels

Ilias Chalkidis †‡ Manos Fergadiotis †‡ Sotiris Kotitsas †  
Prodromos Malakasiotis †‡ Nikolaos Aletras * Ion Androutsopoulos †‡  
† Department of Informatics, Athens University of Economics and Business ‡ Institute of Informatics & Telecommunications, NCSR “Demokritos” * Computer Science Department, University of Sheffield, UK [ihalk, fergadiotis, kotitsas, rulller, ion]@aueb.gr n.aletras@sheffield.ac.uk",false,,,,"[{""raw_affiliation_text"": ""Department of Informatics, Athens University of Economics and Business"", ""institution"": ""Athens University of Economics and Business"", ""country"": null}, {""raw_affiliation_text"": ""Institute of Informatics & Telecommunications, NCSR “Demokritos”"", ""institution"": ""NCSR “Demokritos”"", ""country"": null}, {""raw_affiliation_text"": ""Computer Science Department, University of Sheffield, UK"", ""institution"": ""University of Sheffield"", ""country"": ""UK""}]"
2020.emnlp-main.608,,,,2020.emnlp-main.608,done,Johns Hopkins University,"# Which *BERT? A Survey Organizing Contextualized Encoders

Patrick Xia Shijie Wu Benjamin Van Durme

Johns Hopkins University

{paxia, vandurme}@cs.jhu.edu, shijie.wu@jhu.edu",false,,,,"[{""raw_affiliation_text"": ""Johns Hopkins University"", ""institution"": ""Johns Hopkins University"", ""country"": null}]"
2020.emnlp-main.609,,,,2020.emnlp-main.609,done,University of Washington | Allen Institute for Artificial Intelligence,"# Fact or Fiction: Verifying Scientific Claims

David Wadden†* Shanchuan Lin† Kyle Lo‡ Lucy Lu Wang‡ Madeleine van Zuylen‡ Arman Cohan‡ Hannaneh Hajishirzi†‡

† University of Washington, Seattle, WA, USA

$^{\ddagger}$ Allen Institute for Artificial Intelligence, Seattle, WA, USA

{dwadden,linsh,hannaneh}@cs.washington.edu

{kyle1,lucyw,madeleinev,armanc}@allenai.org",false,,,,"[{""raw_affiliation_text"": ""University of Washington, Seattle, WA, USA"", ""institution"": ""University of Washington"", ""country"": ""USA""}, {""raw_affiliation_text"": ""Allen Institute for Artificial Intelligence, Seattle, WA, USA"", ""institution"": ""Allen Institute for Artificial Intelligence"", ""country"": ""USA""}]"
2020.emnlp-main.61,,,,2020.emnlp-main.61,done,Arizona State University,"# Video2Commonsense: Generating Commonsense Descriptions to Enrich Video Captioning

Zhiyuan Fang* Tejas Gokhale* Pratyay Banerjee Chitta Baral Yezhou Yang

Arizona State University, Tempe AZ

{zy.fang, tgokhale, pbanerj6, chitta, yz.yang}@asu.edu

https://asu-active-perception-group.github.io/Video2Commonsense",false,,,,"[{""raw_affiliation_text"": ""Arizona State University, Tempe AZ"", ""institution"": ""Arizona State University"", ""country"": ""USA""}]"
2020.emnlp-main.610,,,,2020.emnlp-main.610,done,Cornell University | Bloomberg L.P.,"# Semantic Role Labeling as Syntactic Dependency Parsing

Tianze Shi*

Cornell University

tianze@cs.cornell.edu

Igor Malioutov

Bloomberg L.P.

imalioutov@bloomberg.net

Ozan Irsoy

Bloomberg L.P.

oirsoy@bloomberg.net",false,,,,"[{""raw_affiliation_text"": ""Cornell University"", ""institution"": ""Cornell University"", ""country"": null}, {""raw_affiliation_text"": ""Bloomberg L.P."", ""institution"": ""Bloomberg L.P."", ""country"": null}]"
2020.emnlp-main.611,,,,2020.emnlp-main.611,done,Texas A&M University,"# PARADE: A New Dataset for Paraphrase Identification Requiring Computer Science Domain Knowledge

Yun He, Zhuoer Wang, Yin Zhang, Ruihong Huang, James Caverlee

Department of Computer Science and Engineering, Texas A&M University {yunhe, wang, zhan13679, huangrh, caverlee}@tamu.edu",false,,,,"[{""raw_affiliation_text"": ""Department of Computer Science and Engineering, Texas A&M University"", ""institution"": ""Texas A&M University"", ""country"": null}]"
2020.emnlp-main.612,,,,2020.emnlp-main.612,done,Johns Hopkins University | University of Maryland | Allen Institute for AI,"# Causal Inference of Script Knowledge

Noah Weber<sup>1</sup>, Rachel Rudinger<sup>2,3</sup>, Benjamin Van Durme<sup>1</sup>

<sup>1</sup>Johns Hopkins University  
<sup>2</sup>University of Maryland, College Park  
<sup>3</sup>Allen Institute for AI",false,,,,"[{""raw_affiliation_text"": ""Johns Hopkins University"", ""institution"": ""Johns Hopkins University"", ""country"": null}, {""raw_affiliation_text"": ""University of Maryland, College Park"", ""institution"": ""University of Maryland"", ""country"": null}, {""raw_affiliation_text"": ""Allen Institute for AI"", ""institution"": ""Allen Institute for AI"", ""country"": null}]"
2020.emnlp-main.613,,,,2020.emnlp-main.613,done,Technische Universität Darmstadt,"# Towards Debiasing NLU Models from Unknown Biases

Prasetya Ajie Utama†‡, Nafise Sadat Moosavi‡, Iryna Gurevych‡

$^{\dagger}$ Research Training Group AIPHES

†Ubiquitous Knowledge Processing Lab (UKP-TUDA)

Department of Computer Science, Technische Universität Darmstadt

https://www.ukp.tu-darmstadt.de",false,,,,"[{""raw_affiliation_text"": ""Department of Computer Science, Technische Universität Darmstadt"", ""institution"": ""Technische Universität Darmstadt"", ""country"": null}]"
2020.emnlp-main.614,,,,2020.emnlp-main.614,done,Toyota Technological Institute at Chicago,"# On the Role of Supervision in Unsupervised Constituency Parsing

Haoyue Shi Karen Livescu Kevin Gimpel

Toyota Technological Institute at Chicago, IL, USA, 60637

{freda,klivescu,kgimpel}@ttic.edu",false,,,,"[{""raw_affiliation_text"": ""Toyota Technological Institute at Chicago, IL, USA, 60637"", ""institution"": ""Toyota Technological Institute at Chicago"", ""country"": ""USA""}]"
2020.emnlp-main.615,,,,2020.emnlp-main.615,done,"Institute for Language, Cognition and Computation | University of Edinburgh","# Language Model Prior for Low-Resource Neural Machine Translation

Christos Baziotis, Barry Haddow and Alexandra Birch

Institute for Language, Cognition and Computation

School of Informatics, University of Edinburgh

10 Crichton Street, Edinburgh EH8 9AB

c.baziotis@ed.ac.uk, bhaddow@inf.ed.ac.uk, a.birch@ed.ac.uk",false,,,,"[{""raw_affiliation_text"": ""Institute for Language, Cognition and Computation"", ""institution"": ""Institute for Language, Cognition and Computation"", ""country"": null}, {""raw_affiliation_text"": ""School of Informatics, University of Edinburgh"", ""institution"": ""University of Edinburgh"", ""country"": null}]"
2020.emnlp-main.616,,,,2020.emnlp-main.616,done,University of Edinburgh | University of Amsterdam | University of Zurich,"# Detecting Word Sense Disambiguation Biases in Machine Translation for Model-Agnostic Adversarial Attacks

Denis Emelin<sup>1</sup>, Ivan Titov<sup>1,2</sup>, and Rico Sennrich<sup>3,1</sup>

<sup>1</sup>University of Edinburgh, Scotland  
<sup>2</sup>University of Amsterdam, Netherlands  
<sup>3</sup>University of Zurich, Switzerland  
D.Emelin@sms.ed.ac.uk

ititov@inf.ed.ac.uk sennrich@cl.uzh.ch",false,,,,"[{""raw_affiliation_text"": ""University of Edinburgh, Scotland"", ""institution"": ""University of Edinburgh"", ""country"": ""Scotland""}, {""raw_affiliation_text"": ""University of Amsterdam, Netherlands"", ""institution"": ""University of Amsterdam"", ""country"": ""Netherlands""}, {""raw_affiliation_text"": ""University of Zurich, Switzerland"", ""institution"": ""University of Zurich"", ""country"": ""Switzerland""}]"
2020.emnlp-main.617,,,,2020.emnlp-main.617,done,Technical University of Darmstadt | University of Cambridge | Deep Mind,"# MAD-X: An Adapter-Based Framework for Multi-Task Cross-Linguual Transfer

Jonas Pfeiffer<sup>1</sup>, Ivan Vulić<sup>2</sup>, Iryna Gurevych<sup>1</sup>, Sebastian Ruder<sup>3</sup>  
<sup>1</sup>Ubiquitous Knowledge Processing Lab, Technical University of Darmstadt  
<sup>2</sup>Language Technology Lab, University of Cambridge  
<sup>3</sup>DeepMind  
pfeiffer@ukp.tu-darmstadt.de",false,,,,"[{""raw_affiliation_text"": ""Ubiquitous Knowledge Processing Lab, Technical University of Darmstadt"", ""institution"": ""Technical University of Darmstadt"", ""country"": null}, {""raw_affiliation_text"": ""Language Technology Lab, University of Cambridge"", ""institution"": ""University of Cambridge"", ""country"": null}, {""raw_affiliation_text"": ""DeepMind"", ""institution"": ""Deep Mind"", ""country"": null}]"
2020.emnlp-main.618,,,,2020.emnlp-main.618,done,Hi TZ Center | University of the Basque Country,"# Translation Artifacts in Cross-lingual Transfer Learning

Mikel Artetxe, Gorka Labaka, Eneko Agirre

HiTZ Center

University of the Basque Country (UPV/EHU)

{mikel.artexe,gorka.labaka,e.agirre}@ehu.eus",false,,,,"[{""raw_affiliation_text"": ""HiTZ Center"", ""institution"": ""Hi TZ Center"", ""country"": null}, {""raw_affiliation_text"": ""University of the Basque Country (UPV/EHU)"", ""institution"": ""University of the Basque Country"", ""country"": null}]"
2020.emnlp-main.619,,,,2020.emnlp-main.619,done,Netaji Subhas Institute of Technology | University of Delhi | Visvesvaraya National Institute of Technology | IIIT Delhi,"# A Time-Aware Transformer Based Model for Suicide Ideation Detection on Social Media

Ramit Sawhney

Netaji Subhas Institute of Technology

ramits.co@nsit.net.in

Harshit Joshi

University of Delhi

harshit113@ducic.ac.in

Saumya Gandhi

Visvesvaraya National Institute of Technology

gandhisaumya8@gmail.com

Rajiv Ratn Shah

IIIT Delhi

rajivratn@iiitd.ac.in",false,,,,"[{""raw_affiliation_text"": ""Netaji Subhas Institute of Technology"", ""institution"": ""Netaji Subhas Institute of Technology"", ""country"": null}, {""raw_affiliation_text"": ""University of Delhi"", ""institution"": ""University of Delhi"", ""country"": null}, {""raw_affiliation_text"": ""Visvesvaraya National Institute of Technology"", ""institution"": ""Visvesvaraya National Institute of Technology"", ""country"": null}, {""raw_affiliation_text"": ""IIIT Delhi"", ""institution"": ""IIIT Delhi"", ""country"": null}]"
2020.emnlp-main.62,,,,2020.emnlp-main.62,done,Allen Institute for AI | Cornell University,"# Does my multimodal model learn cross-modal interactions? It's harder to tell than you might think!

Jack Hessel  
Allen Institute for AI  
jackh@allenai.org

Lillian Lee Cornell University llee@cs.cornell.edu",false,,,,"[{""raw_affiliation_text"": ""Allen Institute for AI"", ""institution"": ""Allen Institute for AI"", ""country"": null}, {""raw_affiliation_text"": ""Cornell University"", ""institution"": ""Cornell University"", ""country"": null}]"
2020.emnlp-main.620,,,,2020.emnlp-main.620,done,Purdue University,"# Weakly Supervised Learning of Nuanced Frames for Analyzing Polarization in News Media

Shamik Roy

Purdue University

roy98@purdue.edu

Dan Goldwasser

Purdue University

dgoldwas@purdue.edu",false,,,,"[{""raw_affiliation_text"": ""Purdue University"", ""institution"": ""Purdue University"", ""country"": null}]"
2020.emnlp-main.621,,,,2020.emnlp-main.621,done,Worcester Polytechnic Institute,"# Where Are the Facts? Searching for Fact-checked Information to Alleviate the Spread of Fake News

Nguyen Vo and Kyumin Lee

Computer Science Department, Worcester Polytechnic Institute

Worcester, Massachusetts, 01609, USA

{nkvo,kmlee}@wpi.edu",false,,,,"[{""raw_affiliation_text"": ""Computer Science Department, Worcester Polytechnic Institute"", ""institution"": ""Worcester Polytechnic Institute"", ""country"": ""USA""}]"
2020.emnlp-main.622,,,,2020.emnlp-main.622,done,Carnegie Mellon University,"# Fortifying Toxic Speech Detectors Against Veiled Toxicity

# Xiaochuang Han

Carnegie Mellon University

xiaochuh@cs.cmu.edu

# Yulia Tsvetkov

Carnegie Mellon University

ytsvetko@cs.cmu.edu",false,,,,"[{""raw_affiliation_text"": ""Carnegie Mellon University"", ""institution"": ""Carnegie Mellon University"", ""country"": null}]"
2020.emnlp-main.623,,,,2020.emnlp-main.623,done,Imperial College London,"# Explainable Automated Fact-Checking for Public Health Claims

Neema Kotonya and Francesca Toni

Department of Computing

Imperial College London, United Kingdom

{nk2418,ft}@ic.ac.uk",false,,,,"[{""raw_affiliation_text"": ""Department of Computing, Imperial College London, United Kingdom"", ""institution"": ""Imperial College London"", ""country"": ""United Kingdom""}]"
2020.emnlp-main.624,,,,2020.emnlp-main.624,done,IBM Research | MIT-IBM Watson AI Lab,"# Interactive Fiction Game Playing as Multi-Paragraph Reading Comprehension with Reinforcement Learning

Xiaoxiao Guo*

IBM Research

xiaoxiao.quo@ibm.com

Mo Yu*

IBM Research

yum@us.ibm.com

Yupeng Gao

IBM Research

yupeng.gao@ibm.com

Chuang Gan

MIT-IBM Watson AI Lab

chuangg@ibm.com

Murray Campbell

IBM Research

mcam@us.ibm.com

Shiyu Chang

MIT-IBM Watson AI Lab

shiyu.chang@ibm.com",false,,,,"[{""raw_affiliation_text"": ""IBM Research"", ""institution"": ""IBM Research"", ""country"": null}, {""raw_affiliation_text"": ""MIT-IBM Watson AI Lab"", ""institution"": ""MIT-IBM Watson AI Lab"", ""country"": null}]"
2020.emnlp-main.625,,,,2020.emnlp-main.625,done,UNC Chapel Hill,"# DORB: Dynamically Optimizing Multiple Rewards with Bandits

Ramakanth Pasunuru Han Guo Mohit Bansal

UNC Chapel Hill

{ram, hanguo, mbansal}@cs.unc.edu",false,,,,"[{""raw_affiliation_text"": ""UNC Chapel Hill"", ""institution"": ""UNC Chapel Hill"", ""country"": null}]"
2020.emnlp-main.626,,,,2020.emnlp-main.626,done,Carnegie Mellon University,"# MEDFILTER: Improving Extraction of Task-relevant Utterances through Integration of Discourse Structure and Ontological Knowledge

Sopan Khosla Shikhar Vashishth Jill Fain Lehman Carolyn Rose

Language Technologies Institute

Carnegie Mellon University, USA

{sopank,svashish,jfl,cprose}@cs.cmu.edu",false,,,,"[{""raw_affiliation_text"": ""Language Technologies Institute Carnegie Mellon University, USA"", ""institution"": ""Carnegie Mellon University"", ""country"": ""USA""}]"
2020.emnlp-main.627,,,,2020.emnlp-main.627,done,Worcester Polytechnic Institute,"# Hierarchical Evidence Set Modeling for Automated Fact Extraction and Verification

Shyam Subramanian and Kyumin Lee

Worcester Polytechnic Institute

Worcester, Massachusetts, 01609, USA

{ssubramanian2, kmlee}@wpi.edu",false,,,,"[{""raw_affiliation_text"": ""Worcester Polytechnic Institute"", ""institution"": ""Worcester Polytechnic Institute"", ""country"": ""USA""}]"
2020.emnlp-main.628,,,,2020.emnlp-main.628,done,Queen’s University | Sun Yat-sen University | i FLYTEK Research,"# Program Enhanced Fact Verification with Verbalization and Graph Attention Network

Xiaoyu Yang†, Feng Nie§, Yufei Feng†, Quan Liu‡, Zhigang Chen‡, Xiaodan Zhu†

† ECE & Ingenuity Labs Research Institute, Queen’s University

Sun Yat-sen University

† State Key Laboratory of Cognitive Intelligence, iFLYTEK Research

{xiaoyu.yang, xiaodan.zhu, yufei.feng}@queensu.ca

fengniesysu@gmail.com{quanliu，zgchen}@iflytek.com",false,,,,"[{""raw_affiliation_text"": ""ECE & Ingenuity Labs Research Institute, Queen’s University"", ""institution"": ""Queen’s University"", ""country"": null}, {""raw_affiliation_text"": ""Sun Yat-sen University"", ""institution"": ""Sun Yat-sen University"", ""country"": null}, {""raw_affiliation_text"": ""State Key Laboratory of Cognitive Intelligence, iFLYTEK Research"", ""institution"": ""i FLYTEK Research"", ""country"": null}]"
2020.emnlp-main.629,,,,2020.emnlp-main.629,done,Carnegie Mellon University,"# Constrained Fact Verification for FEVER

Adithya Pratapa*, Sai Muralidhar Jayanthi*, Kavya Nerella*

Language Technologies Institute

Carnegie Mellon University

{vpratapa,sjayanth,knerella}@cs.cmu.edu",false,,,,"[{""raw_affiliation_text"": ""Language Technologies Institute, Carnegie Mellon University"", ""institution"": ""Carnegie Mellon University"", ""country"": null}]"
2020.emnlp-main.63,,,,2020.emnlp-main.63,done,Arizona State University,"# MUTANT: A Training Paradigm for Out-of-Distribution Generalization in Visual Question Answering

Tejas Gokhale * and Pratyay Banerjee * and Chitta Baral and Yezhou Yang

Arizona State University

tgokhale, pbanerj6, chitta, yz. yang@asu.edu",false,,,,"[{""raw_affiliation_text"": ""Arizona State University"", ""institution"": ""Arizona State University"", ""country"": null}]"
2020.emnlp-main.630,,,,2020.emnlp-main.630,done,Google Research,"# Entity Linking in 100 Languages

Jan A. Botha

Google Research

jabot@google.com

Zifei Shan

Google Research

zifeishan@gmail.com

Daniel Gillick

Google Research

dgillick@google.com",false,,,,"[{""raw_affiliation_text"": ""Google Research"", ""institution"": ""Google Research"", ""country"": null}]"
2020.emnlp-main.631,,,,2020.emnlp-main.631,done,Tokyo Institute of Technology | Odd Concepts Inc.,"# PatchBERT: Just-in-Time, Out-of-Vocabulary Patching

Sangwhan Moon

Tokyo Institute of Technology

Odd Concepts Inc.

Tokyo, Japan

sangwhan@iki.fi

Naoaki Okazaki

Tokyo Institute of Technology

Tokyo, Japan

okazaki@c.titech.ac.jp",false,,,,"[{""raw_affiliation_text"": ""Tokyo Institute of Technology"", ""institution"": ""Tokyo Institute of Technology"", ""country"": ""Japan""}, {""raw_affiliation_text"": ""Odd Concepts Inc."", ""institution"": ""Odd Concepts Inc."", ""country"": null}]"
2020.emnlp-main.632,,,,2020.emnlp-main.632,done,Illuin Technology | UNIGE,"# On the importance of pre-training data volume for compact language models

Vincent Micheli

Illiun Technology / EPFL

vincent.micheli@illuin.tech

Martin D'Hoffschmidt

Iliun Technology

martin.dhoffschmidt@illuin.tech

François Fleuret

UNIGE

francois.fleuret@unige.ch",false,,,,"[{""raw_affiliation_text"": ""Illuin Technology / EPFL"", ""institution"": ""Illuin Technology"", ""country"": null}, {""raw_affiliation_text"": ""UNIGE"", ""institution"": ""UNIGE"", ""country"": null}]"
2020.emnlp-main.633,,,,2020.emnlp-main.633,done,"University of California, San Diego | Beihang University | Microsoft Research Asia","# BERT-of-Theseus: Compressing BERT by Progressive Module Replacing

Canwen Xu $^{1*}$ , Wangchunshu Zhou $^{2*}$ , Tao Ge $^{3}$ , Furu Wei $^{3}$ , Ming Zhou $^{3}$ $^{1}$ University of California, San Diego $^{2}$ Beihang University $^{3}$ Microsoft Research Asia $^{1}$ cxu@ucsd.edu $^{2}$ zhouwangchunshu@buaa.edu.cn $^{3}$ {tage, fuwei, mingzhou} @microsoft.com",false,,,,"[{""raw_affiliation_text"": ""University of California, San Diego"", ""institution"": ""University of California, San Diego"", ""country"": ""null""}, {""raw_affiliation_text"": ""Beihang University"", ""institution"": ""Beihang University"", ""country"": ""null""}, {""raw_affiliation_text"": ""Microsoft Research Asia"", ""institution"": ""Microsoft Research Asia"", ""country"": ""null""}]"
2020.emnlp-main.634,,,,2020.emnlp-main.634,done,Harbin Institute of Technology | Joint Laboratory of HIT and i FLYTEK Research,"# Recall and Learn: Fine-tuning Deep Pretrained Language Models with Less Forgetting

Sanyuan Chen $^{1}$ , Yutai Hou $^{1}$ , Yiming Cui $^{1,2}$ , Wanxiang Che $^{1}$ , Ting Liu $^{1}$ , Xiangzhan Yu $^{1}$

<sup>1</sup>School of Computer Science and Technology, Harbin Institute of Technology, China

$^{2}$ Joint Laboratory of HIT and iFLYTEK Research (HFL), Beijing, China

{sychen, ythou, ymcui, car, tliu}@ir.hit.edu.cn, yxz@hit.edu.cn",false,,,,"[{""raw_affiliation_text"": ""School of Computer Science and Technology, Harbin Institute of Technology, China"", ""institution"": ""Harbin Institute of Technology"", ""country"": ""China""}, {""raw_affiliation_text"": ""Joint Laboratory of HIT and iFLYTEK Research (HFL), Beijing, China"", ""institution"": ""Joint Laboratory of HIT and i FLYTEK Research"", ""country"": ""China""}]"
2020.emnlp-main.635,,,,2020.emnlp-main.635,done,University of Massachusetts Amherst | Microsoft Research | Intuit AI,"# Exploring and Predicting Transferability across NLP Tasks

Tu Vu $^{1\star}$ Tong Wang $^{2}$ Tsendsuren Munkhdalai $^{2}$ Alessandro Sordoni $^{2}$ Adam Trischler $^{2}$ Andrew Mattarella-Micke $^{3}$ Subhransu Maji $^{1}$ Mohit Iyyer $^{1}$ University of Massachusetts Amherst $^{1}$ Microsoft Research Montreal $^{2}$ Intuit AI $^{3}$ {tuvu, smaji, miyyer}@cs.umass.edu {tong.wang, tsendsuren.munkhdalai}@microsoft.com {alsordo, adam.trischler}@microsoft.com andrew_mattarella-micke@intuit.com",false,,,,"[{""raw_affiliation_text"": ""University of Massachusetts Amherst"", ""institution"": ""University of Massachusetts Amherst"", ""country"": null}, {""raw_affiliation_text"": ""Microsoft Research Montreal"", ""institution"": ""Microsoft Research"", ""country"": null}, {""raw_affiliation_text"": ""Intuit AI"", ""institution"": ""Intuit AI"", ""country"": null}]"
2020.emnlp-main.636,,,,2020.emnlp-main.636,done,Amazon AI,"# To BERT or Not to BERT: Comparing Task-specific and Task-agnostic Semi-Supervised Approaches for Sequence Tagging

Kasturi Bhattacharjee Miguel Ballesteros Rishita Anubhai Smaranda Muresan* Jie Ma Faisal Ladhak Yaser Al-Onaizan

Amazon AI

{kastb, ballemig, ranubhai, smaranm, jieman, faisall, onaizan}@amazon.com",false,,,,"[{""raw_affiliation_text"": ""Amazon AI"", ""institution"": ""Amazon AI"", ""country"": null}]"
2020.emnlp-main.637,,,,2020.emnlp-main.637,done,University of Maryland | National Taiwan University,"# Cold-start Active Learning through Self-supervised Language Modeling

Michelle Yuan*

University of Maryland

myuan@cs.umd.edu

Hsuan-Tien Lin

National Taiwan University

htlin@csie.ntu.edu.tw

Jordan Boyd-Graber

University of Maryland

jbg@umiacs.umd.edu",false,,,,"[{""raw_affiliation_text"": ""University of Maryland"", ""institution"": ""University of Maryland"", ""country"": null}, {""raw_affiliation_text"": ""National Taiwan University"", ""institution"": ""National Taiwan University"", ""country"": null}]"
2020.emnlp-main.638,,,,2020.emnlp-main.638,done,IBM Research,"# Active Learning for BERT: An Empirical Study

# Liat Ein-Dor,\* Alon Halfon,\* Ariel Gera,\* Eyal Shnarch,\* Lena Dankin, Leshem Choshen, Marina Danilevsky, Ranit Aharonov, Yoav Katz and Noam Slonim IBM Research

{liate, alonhal, arielge, eyals, lenad, leshem.choshen, katz, noams} @il.ibm.com, mdanile@us.ibm.com, ranit.aharonov2@ibm.com",false,,,,"[{""raw_affiliation_text"": ""IBM Research"", ""institution"": ""IBM Research"", ""country"": null}]"
2020.emnlp-main.639,,,,2020.emnlp-main.639,done,University of Copenhagen,"# Transformer Based Multi-Source Domain Adaptation

Dustin Wright and Isabelle Augenstein

Dept. of Computer Science

University of Copenhagen

Denmark

{dw|augenstein}@di.ku.dk",false,,,,"[{""raw_affiliation_text"": ""Dept. of Computer Science University of Copenhagen Denmark"", ""institution"": ""University of Copenhagen"", ""country"": ""Denmark""}]"
2020.emnlp-main.64,,,,2020.emnlp-main.64,done,Michigan State University | TAL Education Group,"# Mitigating Gender Bias for Neural Dialogue Generation with Adversarial Learning

Haochen Liu $^{1}$ , Wentao Wang $^{1}$ , Yiqi Wang $^{1}$ , Hui Liu $^{1}$ , Zitao Liu $^{2*}$ , Jiliang Tang $^{1}$

<sup>1</sup> Michigan State University, East Lansing, MI, USA

2 TAL Education Group, Beijing, China

{liuhaooc1, wangw116, wangy206, liuhui7} @ msu.edu; liuzitao@100tal.com; tangjili@msu.edu",false,,,,"[{""raw_affiliation_text"": ""Michigan State University, East Lansing, MI, USA"", ""institution"": ""Michigan State University"", ""country"": ""USA""}, {""raw_affiliation_text"": ""TAL Education Group, Beijing, China"", ""institution"": ""TAL Education Group"", ""country"": ""China""}]"
2020.emnlp-main.640,,,,2020.emnlp-main.640,done,"Lightelligence, Inc. | Massachusetts Institute of Technology | Qatar Computing Research Institute","# Vector-Vector-Matrix Architecture: A Novel Hardware-Aware Framework for Low-Latency Inference in NLP Applications

Matthew Khoury*,1, Rumen Dangovski*,†,2, Longwu Ou1, Preslav Nakov3, Yichen Shen2, Li Jing†,1

$(^{*})$ equal contribution, $(\dagger)$ work done at Lightelligence, Inc.

Lightelligence, Inc.

{matthew.khoury, longwu.ou, yichen, li}@lightelligence.ai

2Massachusetts Institute of Technology

rumenrd@mit.edu

$^{3}$ Qatar Computing Research Institute, HBKU

pnakov@hbku.edu.qa",false,,,,"[{""raw_affiliation_text"": ""Lightelligence, Inc."", ""institution"": ""Lightelligence, Inc."", ""country"": null}, {""raw_affiliation_text"": ""Massachusetts Institute of Technology"", ""institution"": ""Massachusetts Institute of Technology"", ""country"": null}, {""raw_affiliation_text"": ""Qatar Computing Research Institute, HBKU"", ""institution"": ""Qatar Computing Research Institute"", ""country"": null}]"
2020.emnlp-main.641,,,,2020.emnlp-main.641,done,Institut Polytechnique de Paris | IBM GBS France,"# The importance of fillers for text representations of speech transcripts

Tanvi Dinkar<sup>1*</sup>, Pierre Colombo<sup>1,2*</sup>

Matthieu Labeau<sup>1</sup>, Chloe Clavel<sup>1</sup>

<sup>1</sup>LTCI, Telecom Paris, Institut Polytechnique de Paris, <sup>2</sup>IBM GBS France

$^{1}$ firstname_lastname@telecom-paris.fr",false,,,,"[{""raw_affiliation_text"": ""LTCI, Telecom Paris, Institut Polytechnique de Paris"", ""institution"": ""Institut Polytechnique de Paris"", ""country"": null}, {""raw_affiliation_text"": ""IBM GBS France"", ""institution"": ""IBM GBS France"", ""country"": ""France""}]"
2020.emnlp-main.642,,,,2020.emnlp-main.642,done,University of Edinburgh,"# The role of context in neural pitch accent detection in English

Elizabeth Nielsen Mark Steedman Sharon Goldwater

School of Informatics  
University of Edinburgh, UK  
e.k. nielsen@sms.ed.ac.uk  
{steedman, sgwater}@inf.ed.ac.uk",false,,,,"[{""raw_affiliation_text"": ""School of Informatics, University of Edinburgh, UK"", ""institution"": ""University of Edinburgh"", ""country"": ""UK""}]"
2020.emnlp-main.643,,,,2020.emnlp-main.643,done,"Netaji Subhas Institute of Technology | Delhi Technological University | IIIT Delhi | University of Maryland, College Park","# VolTAGE: Volatility Forecasting via Text Audio Fusion with Graph Convolution Networks for Earnings Calls

Ramit Sawhney

Netaji Subhas Institute of Technology

ramits.co@nsit.net.in

Piyush Khanna

Delhi Technological University

piyushkhanna(bt2k17@dtu.ac.in

Arshiya Aggarwal

MIDAS, IIIT Delhi

arshiya.dtu@gmail.com

Taru Jain

MIDAS, IIIT Delhi

jaintaru@ieee.org

Puneet Mathur

University of Maryland, College Park

puneetm@cs.umd.edu

Rajiv Ratn Shah

IIIT Delhi

rajivratn@iiitd.ac.in",false,,,,"[{""raw_affiliation_text"": ""Netaji Subhas Institute of Technology"", ""institution"": ""Netaji Subhas Institute of Technology"", ""country"": null}, {""raw_affiliation_text"": ""Delhi Technological University"", ""institution"": ""Delhi Technological University"", ""country"": null}, {""raw_affiliation_text"": ""MIDAS, IIIT Delhi"", ""institution"": ""IIIT Delhi"", ""country"": null}, {""raw_affiliation_text"": ""University of Maryland, College Park"", ""institution"": ""University of Maryland, College Park"", ""country"": ""USA""}]"
2020.emnlp-main.644,,,,2020.emnlp-main.644,done,Simon Fraser University,"# Effectively pretraining a speech translation decoder with Machine Translation data

Ashkan Alinejad, Anoop Sarkar

Simon Fraser University, Burnaby, BC, Canada

{aalineja,anoop} @sfu.ca",false,,,,"[{""raw_affiliation_text"": ""Simon Fraser University, Burnaby, BC, Canada"", ""institution"": ""Simon Fraser University"", ""country"": ""Canada""}]"
2020.emnlp-main.645,,,,2020.emnlp-main.645,done,IIIT-Delhi | Bloomberg,"# A Preliminary Exploration of GANs for Keyphrase Generation

Avinash Swaminathan<sup>1</sup>, Haimin Zhang<sup>2</sup>, Debanjan Mahata<sup>2</sup>, Rakesh Gosangi<sup>2</sup>, Rajiv Ratn Shah<sup>1</sup>, Amanda Stent<sup>2</sup>

$^{1}$ IIIT-Delhi, India, $^{2}$ Bloomberg, New York  
s.avinash.it.17@nsit.net.in, {dmahata, hzhang449, rgosangi} @bloomberg.net,  
astent@bloomberg.net, rajivratn@iiitd.ac.in",false,,,,"[{""raw_affiliation_text"": ""IIIT-Delhi, India"", ""institution"": ""IIIT-Delhi"", ""country"": ""India""}, {""raw_affiliation_text"": ""Bloomberg, New York"", ""institution"": ""Bloomberg"", ""country"": null}]"
2020.emnlp-main.646,,,,2020.emnlp-main.646,done,Mc Gill University | Google Research,"# TESA: A Task in Entity Semantic Aggregation for Abstractive Summarization

Clément Jumel

McGill University, Mila

clement.jumel@mail.mcgill.ca

Annie Louis

Google Research, London

annielouis@google.com

Jackie C. K. Cheung

McGill University, Mila

jcheung@cs.mcgill.ca",false,,,,"[{""raw_affiliation_text"": ""McGill University, Mila"", ""institution"": ""Mc Gill University"", ""country"": null}, {""raw_affiliation_text"": ""Google Research, London"", ""institution"": ""Google Research"", ""country"": null}]"
2020.emnlp-main.647,,,,2020.emnlp-main.647,done,CNRS | Sorbonne Université | reci TAL,"# MLSUM: The Multilingual Summarization Corpus

Thomas Scialom*, Paul-Alexis Dray*, Sylvain Lamprier‡, Benjamin Piwowarski†, Jacopo Staiano*

$\diamond$ CNRS, France

‡ Sorbonne Université, CNRS, LIP6, F-75005 Paris, France

* reciTAL, Paris, France

{thomas,paul-alexis,jacopo}@recital.ai

{sylvain.lamprier,benjamin.piwowarski}@lip6.fr",false,,,,"[{""raw_affiliation_text"": ""CNRS, France"", ""institution"": ""CNRS"", ""country"": ""France""}, {""raw_affiliation_text"": ""Sorbonne Université, CNRS, LIP6, F-75005 Paris, France"", ""institution"": ""Sorbonne Université"", ""country"": ""France""}, {""raw_affiliation_text"": ""reciTAL, Paris, France"", ""institution"": ""reci TAL"", ""country"": ""France""}]"
2020.emnlp-main.648,,,,2020.emnlp-main.648,done,Mila | University of Waterloo | Mc Gill University | HEC Montréal,"# Multi-XScience: A Large-scale Dataset for Extreme Multi-document Summarization of Scientific Articles

Yao Lu

Mila

University of Waterloo

yao.lu@uwaterloo.ca

Yue Dong

Mila / McGill University

yue.dong2

@mail.mcgill.ca

Laurent Charlin

Mila / HEC Montréal

Canada CIFAR AI Chair

lcharlin@gmail.com",false,,,,"[{""raw_affiliation_text"": ""Mila"", ""institution"": ""Mila"", ""country"": null}, {""raw_affiliation_text"": ""University of Waterloo"", ""institution"": ""University of Waterloo"", ""country"": null}, {""raw_affiliation_text"": ""McGill University"", ""institution"": ""Mc Gill University"", ""country"": null}, {""raw_affiliation_text"": ""HEC Montréal"", ""institution"": ""HEC Montréal"", ""country"": ""Canada""}]"
2020.emnlp-main.649,,,,2020.emnlp-main.649,done,Stanford University | Cornell University,"# Intrinsic Evaluation of Summarization Datasets

# Rishi Bommasani

Department of Computer Science Stanford University

nlprishi@cs.stanford.edu

# Claire Cardie

Department of Computer Science Cornell University

cardie@cs.cornell.edu",false,,,,"[{""raw_affiliation_text"": ""Department of Computer Science Stanford University"", ""institution"": ""Stanford University"", ""country"": null}, {""raw_affiliation_text"": ""Department of Computer Science Cornell University"", ""institution"": ""Cornell University"", ""country"": null}]"
2020.emnlp-main.65,,,,2020.emnlp-main.65,done,Seoul National University,"# Will I Sound Like Me?

# Improving Persona Consistency in Dialogues through Pragmatic Self-Consciousness

Hyunwoo Kim Byeongchang Kim Gunhee Kim

Department of Computer Science and Engineering Seoul National University, Seoul, Korea

{hyunw.kim, byeongchang.kim}@vl.snu.ac.kr gunhee@snu.ac.kr

https://vl.snu.ac.kr/projects/consistency",false,,,,"[{""raw_affiliation_text"": ""Department of Computer Science and Engineering Seoul National University, Seoul, Korea"", ""institution"": ""Seoul National University"", ""country"": ""Korea""}]"
2020.emnlp-main.650,,,,2020.emnlp-main.650,done,"Rosegold AI | University of Michigan | Clinc, Inc.","# Iterative Feature Mining for Constraint-Based Data Collection to Increase Data Diversity and Model Robustness

Stefan Larson\* Anthony Zheng Anish Mahendran Rishi Tekriwal Adrian Cheung Eric Guldan Kevin Leach Jonathan K. Kummerfeld Rosegold AI University of Michigan Clinc, Inc. Ann Arbor, MI, USA Ann Arbor, MI, USA",false,,,,"[{""raw_affiliation_text"": ""Rosegold AI"", ""institution"": ""Rosegold AI"", ""country"": null}, {""raw_affiliation_text"": ""University of Michigan"", ""institution"": ""University of Michigan"", ""country"": ""USA""}, {""raw_affiliation_text"": ""Clinc, Inc."", ""institution"": ""Clinc, Inc."", ""country"": null}]"
2020.emnlp-main.651,,,,2020.emnlp-main.651,done,Apple,"# Conversational Semantic Parsing for Dialog State Tracking

# Jianpeng Cheng Devang Agrawal Héctor Martínez Alonso Shruti Bhargava Joris Driesen Federico Flego Dain Kaplan Dimitri Kartsaklis Lin Li Dhivya Piraviperumal Jason D Williams Hong Yu Diarmuid Ó Séaghdha Anders Johannsen Apple

{jianpeng.cheng, hmartinezalonso, shruti_bhargava, joris_driesen, fflego,dain_kaplan,dkartsaklis,lli9,dhivyaprp,jason_williams4, hong_yu, doseaghdha,ajohannsen}@apple.com",false,,,,"[{""raw_affiliation_text"": ""Apple"", ""institution"": ""Apple"", ""country"": null}]"
2020.emnlp-main.652,,,,2020.emnlp-main.652,done,IBM Research AI,"# doc2dial: A Goal-Oriented Document-Grounded Dialogue Dataset

# Song Feng Hui Wan Chulaka Gunasekara Siva Sankalp Patel Sachindra Joshi Luis A. Lastras

IBM Research AI

{sfeng@us, hwan@us, chulaka.gunasekara@}.ibm.com {siva.sankalp.patel@, jsachind@in, lastrasl@us}.ibm.com",false,,,,"[{""raw_affiliation_text"": ""IBM Research AI"", ""institution"": ""IBM Research AI"", ""country"": null}]"
2020.emnlp-main.653,,,,2020.emnlp-main.653,done,"University of California, San Diego","# INTERVIEW: Large-scale Modeling of Media Dialog with Discourse Patterns and Knowledge Grounding

Bodhisattwa Prasad Majumder* Shuyang Li*  
Jianmo Ni† Julian McAuley

Computer Science and Engineering

University of California, San Diego

{bmajumde, sh1008, jin018, jmcauley}@ucsd.edu",false,,,,"[{""raw_affiliation_text"": ""Computer Science and Engineering University of California, San Diego"", ""institution"": ""University of California, San Diego"", ""country"": ""null""}]"
2020.emnlp-main.654,,,,2020.emnlp-main.654,done,"University of California, Davis | University of California, Berkeley","# INSPIRED: Toward Sociable Recommendation Dialog Systems

Shirley Anugrah Hayati $^{\diamond}$ Dongyeop Kang $^{\star}$ Qingxiaoyang Zhu $^{\diamond}$ Weiyan Shi $^{\diamond}$ Zhou Yu $^{\diamond}$

$^{\diamond}$ Department of Computer Science, University of California, Davis $^{\star}$ University of California, Berkeley

{sahayati, qinzhu, wyshi, joyu}@ucdavis.edu dongyeopk@berkeley.edu",false,,,,"[{""raw_affiliation_text"": ""Department of Computer Science, University of California, Davis"", ""institution"": ""University of California, Davis"", ""country"": ""null""}, {""raw_affiliation_text"": ""University of California, Berkeley"", ""institution"": ""University of California, Berkeley"", ""country"": ""null""}]"
2020.emnlp-main.655,,,,2020.emnlp-main.655,done,iversity of Maryland | Facebook,"# Information Seeking in the Spirit of Learning: A Dataset for Conversational Curiosity

Pedro Rodriguez  
Computer Science  
iversity of Maryland

pedro@cs.umd.edu

Paul Crook Facebook acrook@fb.cc

# Seungwhan Moon Facebook

shanemoon@fb.com

Zhiguang Wang Facebook zgwang@fb.com",false,,,,"[{""raw_affiliation_text"": ""iversity of Maryland"", ""institution"": ""iversity of Maryland"", ""country"": null}, {""raw_affiliation_text"": ""Facebook"", ""institution"": ""Facebook"", ""country"": null}]"
2020.emnlp-main.656,,,,2020.emnlp-main.656,done,Facebook AI Research | Laboratoire Lorrain d'Informatique et Applications,"# Queens are Powerful too: Mitigating Gender Bias in Dialogue Generation

Emily Dinan*, Angela Fan*†, Adina Williams, Jack Urbanek, Douwe Kiela, Jason Weston  
Facebook AI Research

†Laboratoire Lorrain d'Informatique et Applications (LORIA)",false,,,,"[{""raw_affiliation_text"": ""Facebook AI Research"", ""institution"": ""Facebook AI Research"", ""country"": null}, {""raw_affiliation_text"": ""Laboratoire Lorrain d'Informatique et Applications (LORIA)"", ""institution"": ""Laboratoire Lorrain d'Informatique et Applications"", ""country"": null}]"
2020.emnlp-main.657,,,,2020.emnlp-main.657,done,University of Chicago | Toyota Technological Institute at Chicago | Peking University | Peng Cheng Laboratory,"# Discriminatively-Tuned Generative Classifiers for Robust Natural Language Inference

Xiaoan Ding $^{1}$ * Tianyu Liu $^{3}$ *† Baobao Chang $^{3}$ ‡ Zhifang Sui $^{3}$ ‡ Kevin Gimpel $^{2}$

<sup>1</sup> University of Chicago, IL, USA <sup>2</sup> Toyota Technological Institute at Chicago, IL, USA

3 Peking University, Beijing, China 4 Peng Cheng Laboratory, Shenzhen, China

xiaoanding@uchicago.edu, {tianyu0421, chbb, szf}@pku.edu.cn, kgimpel@ttic.edu",false,,,,"[{""raw_affiliation_text"": ""University of Chicago, IL, USA"", ""institution"": ""University of Chicago"", ""country"": ""USA""}, {""raw_affiliation_text"": ""Toyota Technological Institute at Chicago, IL, USA"", ""institution"": ""Toyota Technological Institute at Chicago"", ""country"": ""USA""}, {""raw_affiliation_text"": ""Peking University, Beijing, China"", ""institution"": ""Peking University"", ""country"": ""China""}, {""raw_affiliation_text"": ""Peng Cheng Laboratory, Shenzhen, China"", ""institution"": ""Peng Cheng Laboratory"", ""country"": ""China""}]"
2020.emnlp-main.658,,,,2020.emnlp-main.658,done,New York University | Google Research,"# New Protocols and Negative Results for Textual Entailment Data Collection

Samuel R. Bowman*

Center for Data Science, Department of Linguistics, and Department of Computer Science

New York University

bowman@nyu.edu

# Jennimaria Palomaki, Livio Baldini Soares, Emily Pitler

Google Research

{jpalomaki,liviobs,epitler}@google.com",false,,,,"[{""raw_affiliation_text"": ""Center for Data Science, Department of Linguistics, and Department of Computer Science, New York University"", ""institution"": ""New York University"", ""country"": null}, {""raw_affiliation_text"": ""Google Research"", ""institution"": ""Google Research"", ""country"": null}]"
2020.emnlp-main.659,,,,2020.emnlp-main.659,done,University of North Carolina at Chapel Hill,"# The Curse of Performance Instability in Analysis Datasets: Consequences, Source, and Suggestions

Xiang Zhou Yixin Nie Hao Tan Mohit Bansal

Department of Computer Science

University of North Carolina at Chapel Hill

{xzh, yixin1, haotan, mbansal}@cs.unc.edu",false,,,,"[{""raw_affiliation_text"": ""Department of Computer Science, University of North Carolina at Chapel Hill"", ""institution"": ""University of North Carolina at Chapel Hill"", ""country"": null}]"
2020.emnlp-main.66,,,,2020.emnlp-main.66,done,Salesforce Research,"# TOD-BERT: Pre-trained Natural Language Understanding for Task-Oriented Dialogue

Chien-Sheng Wu, Steven Hoi, Richard Socher, and Caiming Xiong  
Salesforce Research

[wu.jason, shoi, rsocher, cxiong]@salesforce.com",false,,,,"[{""raw_affiliation_text"": ""Salesforce Research"", ""institution"": ""Salesforce Research"", ""country"": null}]"
2020.emnlp-main.660,,,,2020.emnlp-main.660,done,Salesforce Research | Yale University,"# Universal Natural Language Processing with Limited Annotations: Try Few-shot Textual Entailment as a Start

Wenpeng Yin<sup>1</sup>, Nazneen Fatema Rajani<sup>1</sup>, Dragomir Radev<sup>1,2</sup>, Richard Socher<sup>1</sup> and Caiming Xiong<sup>1</sup>

$^{1}$ Salesforce Research and $^{2}$ Yale University

wyin@salesforce.com",false,,,,"[{""raw_affiliation_text"": ""Salesforce Research"", ""institution"": ""Salesforce Research"", ""country"": null}, {""raw_affiliation_text"": ""Yale University"", ""institution"": ""Yale University"", ""country"": null}]"
2020.emnlp-main.661,,,,2020.emnlp-main.661,done,UNC Chapel Hill,"# CONJNLI: Natural Language Inference Over Conjunctive Sentences

Swarnadeep Saha Yixin Nie Mohit Bansal

UNC Chapel Hill

{swarna, yixin1, mbansal}@cs.unc.edu",false,,,,"[{""raw_affiliation_text"": ""UNC Chapel Hill"", ""institution"": ""UNC Chapel Hill"", ""country"": null}]"
2020.emnlp-main.662,,,,2020.emnlp-main.662,done,Garanti BBVA Technology | Boğaziçi University | Stanford University,"# Data and Representation for Turkish Natural Language Inference

Emrah Budur, $^{1,2}$ Riza Özçelik, $^{2}$ Tunga Güngör, $^{2}$ and Christopher Potts $^{3}$

$^{1}$ Garanti BBVA Technology $^{2}$ Boğaziçi University $^{3}$ Stanford University

{emrah.budur, riza.ozcelik, gungort}@boun.edu.tr,

cgpotts@stanford.edu",false,,,,"[{""raw_affiliation_text"": ""Garanti BBVA Technology"", ""institution"": ""Garanti BBVA Technology"", ""country"": null}, {""raw_affiliation_text"": ""Boğaziçi University"", ""institution"": ""Boğaziçi University"", ""country"": null}, {""raw_affiliation_text"": ""Stanford University"", ""institution"": ""Stanford University"", ""country"": null}]"
2020.emnlp-main.663,,,,2020.emnlp-main.663,done,The George Washington University | University of Pennsylvania | Facebook AI,"# Multitask Learning for Cross-Lingual Transfer of Broad-coverage Semantic Dependencies

Maryam Aminian $^{1}$ , Mohammad Sadegh Rasooli $^{2}$ , Mona Diab $^{1,3}$

<sup>1</sup>Department of Computer Science, The George Washington University, Washington D.C.

$^{2}$ Department of Computer and Information Science, University of Pennsylvania, Philadelphia, PA

$^{3}$ Facebook AI, Seattle, WA, USA

$^{1}$ {aminian,mtdiab}@gwu.edu, $^{2}$ rasooli@seas.upenn.edu",false,,,,"[{""raw_affiliation_text"": ""Department of Computer Science, The George Washington University, Washington D.C."", ""institution"": ""The George Washington University"", ""country"": ""USA""}, {""raw_affiliation_text"": ""Department of Computer and Information Science, University of Pennsylvania, Philadelphia, PA"", ""institution"": ""University of Pennsylvania"", ""country"": ""USA""}, {""raw_affiliation_text"": ""Facebook AI, Seattle, WA, USA"", ""institution"": ""Facebook AI"", ""country"": ""USA""}]"
2020.emnlp-main.664,,,,2020.emnlp-main.664,done,New York University,"# Precise Task Formalization Matters in Winograd Schema Evaluations

Haokun Liu $^{1*}$ William Huang $^{2*}$ Dhara A. Mungra $^{1}$ Samuel R. Bowman $^{1,2,3}$

<sup>1</sup>Center for Data Science, New York University

$^{2}$ Courant Institute of Mathematical Sciences, New York University

$^{3}$ Department of Linguistics, New York University

{haokunliu,wh629,dam797,bowman}@nyu.edu",false,,,,"[{""raw_affiliation_text"": ""Center for Data Science, New York University"", ""institution"": ""New York University"", ""country"": null}]"
2020.emnlp-main.665,,,,2020.emnlp-main.665,done,University College London | University of Cambridge,"# Avoiding the Hypothesis-Only Bias in Natural Language Inference via Ensemble Adversarial Training

Joe Stacey

University College London

ucakjd0@ucl.ac.uk

Pasquale Minervini

University College London

p.minervini@ucl.ac.uk

Haim Dubossarsky

University of Cambridge

hd423@cam.ac.uk

# Sebastian Riedel

University College London

s.riedel@cs.ucl.ac.uk

# Tim Rocktäschel

University College London

t.rocktaschel@cs.ucl.ac.uk",false,,,,"[{""raw_affiliation_text"": ""University College London"", ""institution"": ""University College London"", ""country"": null}, {""raw_affiliation_text"": ""University of Cambridge"", ""institution"": ""University of Cambridge"", ""country"": null}]"
2020.emnlp-main.666,,,,2020.emnlp-main.666,done,University of Illinois Urbana-Champaign | University of California San Diego | U.S. Army Research Laboratory | University of Southern California,"# SynSetExpan: An Iterative Framework for Joint Entity Set Expansion and Synonym Discovery

Jiaming Shen $^{1\star}$ , Wenda Qiu $^{1\star}$ , Jingbo Shang $^{2}$ , Michelle Vanni $^{3}$ , Xiang Ren $^{4}$ , Jiawei Han $^{1}$

<sup>1</sup>University of Illinois Urbana-Champaign, IL, USA, <sup>2</sup>University of California San Diego, CA, USA

$^{3}$ U.S. Army Research Laboratory, MD, USA, $^{4}$ University of Southern California, CA, USA

$^{1}$ {js2, qiuwenda, hanj} @illinois.edu $^{2}$ jshang@ucsd.edu $^{4}$ michelle.t.vanni.civ@mail.mil $^{4}$ xiangren@usc.edu",false,,,,"[{""raw_affiliation_text"": ""University of Illinois Urbana-Champaign, IL, USA"", ""institution"": ""University of Illinois Urbana-Champaign"", ""country"": ""USA""}, {""raw_affiliation_text"": ""University of California San Diego, CA, USA"", ""institution"": ""University of California San Diego"", ""country"": ""USA""}, {""raw_affiliation_text"": ""U.S. Army Research Laboratory, MD, USA"", ""institution"": ""U.S. Army Research Laboratory"", ""country"": ""USA""}, {""raw_affiliation_text"": ""University of Southern California, CA, USA"", ""institution"": ""University of Southern California"", ""country"": ""USA""}]"
2020.emnlp-main.667,,,,2020.emnlp-main.667,done,University of Michigan | Bloomberg,"# Evaluating the Calibration of Knowledge Graph Embeddings for Trustworthy Link Prediction

Tara Safavi*

University of Michigan tsafavi@umich.edu

Danai Koutra

University of Michigan dkoutra@umich.edu

Edgar Meij

Bloomberg  
emeij@bloomberg.net",false,,,,"[{""raw_affiliation_text"": ""University of Michigan"", ""institution"": ""University of Michigan"", ""country"": null}, {""raw_affiliation_text"": ""Bloomberg"", ""institution"": ""Bloomberg"", ""country"": null}]"
2020.emnlp-main.668,,,,2020.emnlp-main.668,done,Florida State University,"# Text Graph Transformer for Document Classification

Haopeng Zhang Jiawei Zhang

IFM Lab, Department of Computer Science,

Florida State University, FL, USA

haopeng, jiawei@ifmlab.org",false,,,,"[{""raw_affiliation_text"": ""IFM Lab, Department of Computer Science, Florida State University, FL, USA"", ""institution"": ""Florida State University"", ""country"": ""USA""}]"
2020.emnlp-main.669,,,,2020.emnlp-main.669,done,University of Michigan,"# CoDEX: A Comprehensive Knowledge Graph Completion Benchmark

Tara Safavi

University of Michigan

tsafavi@umich.edu

Danai Koutra

University of Michigan

dkoutra@umich.edu",false,,,,"[{""raw_affiliation_text"": ""University of Michigan"", ""institution"": ""University of Michigan"", ""country"": null}]"
2020.emnlp-main.67,,,,2020.emnlp-main.67,done,Soochow University | Tianjin University,"# RisAWOZ: A Large-Scale Multi-Domain Wizard-of-Oz Dataset with Rich Semantic Annotations for Task-Oriented Dialogue Modeling

Jun Quan†*, Shian Zhang†, Qian Cao†, Zizhong Li‡ and Deyi Xiong‡†

† School of Computer Science and Technology, Soochow University, Suzhou, China

$^{\ddagger}$ College of Intelligence and Computing, Tianjin University, Tianjin, China

{terryqj0107, sazhang1996, caoqian0905}@gmail.com, zizhong1208@126.com, dyxiong@tju.edu.cn",false,,,,"[{""raw_affiliation_text"": ""School of Computer Science and Technology, Soochow University, Suzhou, China"", ""institution"": ""Soochow University"", ""country"": ""China""}, {""raw_affiliation_text"": ""College of Intelligence and Computing, Tianjin University, Tianjin, China"", ""institution"": ""Tianjin University"", ""country"": ""China""}]"
2020.emnlp-main.670,,,,2020.emnlp-main.670,done,University of California San Diego | University of Illinois Urbana-Champaign,"# META: Metadata-Empowered Weak Supervision for Text Classification

Dheeraj Mekala

Xinyang Zhang

Jingbo Shang $^{1,3}$

$^{1}$ Department of Computer Science and Engineering, University of California San Diego, CA, USA

$^{2}$ Department of Computer Science, University of at Illinois Urbana-Champaign, IL, USA

$^{3}$ Halcioglu Data Science Institute, University of California San Diego, CA, USA

1,3 {dmekala, jshang}@ucsd.edu 2xz43@illinois.edu",false,,,,"[{""raw_affiliation_text"": ""Department of Computer Science and Engineering, University of California San Diego, CA, USA"", ""institution"": ""University of California San Diego"", ""country"": ""USA""}, {""raw_affiliation_text"": ""Department of Computer Science, University of Illinois Urbana-Champaign, IL, USA"", ""institution"": ""University of Illinois Urbana-Champaign"", ""country"": ""USA""}]"
2020.emnlp-main.671,,,,2020.emnlp-main.671,done,Virginia Tech | Mississippi State University | American University,"# Towards More Accurate Uncertainty Estimation In Text Classification

Jianfeng He†, Xuchao Zhang†, Shuo Lei†*, Zhiqian Chen‡, Fanglan Chen†, Abdulaziz Alhamadani†, Bei Xiao‡, Chang-Tien Lu†

†Discovery Analytics Center, Virginia Tech, Falls Church, VA, USA

+ Computer Science and Engineering, Mississippi State University, Starkville, Mississippi, USA

$^{\ddagger}$ Department of Computer Science, American University, Washington, DC, USA

$\dagger$ {jianfenghe, xuczhang, slei, fanglanc, hamdani, ctlu} $@$ vt.edu,

$^{+}$ zchen@cse.msstate.edu, ${}^{‡}$ bei.xiao@american.edu",false,,,,"[{""raw_affiliation_text"": ""Discovery Analytics Center, Virginia Tech, Falls Church, VA, USA"", ""institution"": ""Virginia Tech"", ""country"": ""USA""}, {""raw_affiliation_text"": ""Computer Science and Engineering, Mississippi State University, Starkville, Mississippi, USA"", ""institution"": ""Mississippi State University"", ""country"": ""USA""}, {""raw_affiliation_text"": ""Department of Computer Science, American University, Washington, DC, USA"", ""institution"": ""American University"", ""country"": ""USA""}]"
2020.emnlp-main.672,,,,2020.emnlp-main.672,done,Stony Brook University,"# Chapter Captor: Text Segmentation in Novels

Charuta Pethe, Allen Kim, Steven Skiena

Department of Computer Science,

Stony Brook University, NY, USA

{cpethe,allekim,skiena}@cs.stonybrook.edu",false,,,,"[{""raw_affiliation_text"": ""Department of Computer Science, Stony Brook University, NY, USA"", ""institution"": ""Stony Brook University"", ""country"": ""USA""}]"
2020.emnlp-main.673,,,,2020.emnlp-main.673,done,The Pennsylvania State University | Illinois Institute of Technology,"# Authorship Attribution for Neural Text Generation

Adaku Uchendu Thai Le Kai Shu Dongwon Lee

The Pennsylvania State University, University Park, PA, USA

{azu5030,thaile,dongwon}@psu.edu

Illinois Institute of Technology, Chicago, IL, USA†

kshu@iit.edu",false,,,,"[{""raw_affiliation_text"": ""The Pennsylvania State University, University Park, PA, USA"", ""institution"": ""The Pennsylvania State University"", ""country"": ""USA""}, {""raw_affiliation_text"": ""Illinois Institute of Technology, Chicago, IL, USA"", ""institution"": ""Illinois Institute of Technology"", ""country"": ""USA""}]"
2020.emnlp-main.674,,,,2020.emnlp-main.674,done,IIT Kharagpur | Adobe Research,"# NwQM: A neural quality assessment framework for Wikipedia

Bhanu Prakash Reddy $^{1}$ ,Sasi Bhushan $^{2}$ ,Soumya Sarkar $^{3}$ ,Animesh Mukherjee $^{4}$

IIT Kharagpur, India $^{2,3,4}$ , Adobe Research, India

soumya015@iitkgp.ac.in³,guda@adobe.com¹

sasibhushan3@gmail.com², animesh@cse.iitkgp.ac.in⁴",false,,,,"[{""raw_affiliation_text"": ""IIT Kharagpur, India"", ""institution"": ""IIT Kharagpur"", ""country"": ""India""}, {""raw_affiliation_text"": ""Adobe Research, India"", ""institution"": ""Adobe Research"", ""country"": ""India""}]"
2020.emnlp-main.675,,,,2020.emnlp-main.675,done,University of Stuttgart | Institute for Natural Language Processing,"# Towards Modeling Revision Requirements in wikiHow Instructions

Irshad Ahmad Bhat

Talita Rani Anthonio

Michael Roth

University of Stuttgart

Institute for Natural Language Processing

{bhatid,anthonta, rothml}@ims.uni-stuttgart.de",false,,,,"[{""raw_affiliation_text"": ""University of Stuttgart"", ""institution"": ""University of Stuttgart"", ""country"": null}, {""raw_affiliation_text"": ""Institute for Natural Language Processing"", ""institution"": ""Institute for Natural Language Processing"", ""country"": null}]"
2020.emnlp-main.676,,,,2020.emnlp-main.676,done,Netaji Subhas Institute of Technology | IIIT Delhi | Manipal Institute of Technology,"# Deep Attentive Learning for Stock Movement Prediction From Social Media Text and Company Correlations

Ramit Sawhney*

Netaji Subhas Institute of Technology

ramits.co@nsit.net.in

Arnav Wadhwa

MIDAS, IIIT Delhi

arnavw96@gmail.com

Shivam Agarwal*

Manipal Institute of Technology

shivamag99@gmail.com

Rajiv Ratn Shah

IIIT Delhi

rajivratn@iiitd.ac.in",false,,,,"[{""raw_affiliation_text"": ""Netaji Subhas Institute of Technology"", ""institution"": ""Netaji Subhas Institute of Technology"", ""country"": null}, {""raw_affiliation_text"": ""MIDAS, IIIT Delhi"", ""institution"": ""IIIT Delhi"", ""country"": null}, {""raw_affiliation_text"": ""Manipal Institute of Technology"", ""institution"": ""Manipal Institute of Technology"", ""country"": null}]"
2020.emnlp-main.677,,,,2020.emnlp-main.677,done,Rural Senses Ltd. | University of Cambridge | University of Oxford,"# Natural Language Processing for Achieving Sustainable Development: the Case of Neural Labelling to Enhance Community Profiling

Costanza Conforti $^{1,2}$ , Stephanie Hirmer $^{1,3}$ , David Morgan $^{4}$ , Marco Basaldella $^{2}$ , Yau Ben Or $^{1}$

<sup>1</sup>Rural Senses Ltd.

$^{2}$ Language Technology Lab, University of Cambridge

$^{3}$ Energy and Power Group, University of Oxford

<sup>4</sup>Centre for Sustainable Development, University of Cambridge

info@ruralsenses.com",false,,,,"[{""raw_affiliation_text"": ""Rural Senses Ltd."", ""institution"": ""Rural Senses Ltd."", ""country"": null}, {""raw_affiliation_text"": ""Language Technology Lab, University of Cambridge"", ""institution"": ""University of Cambridge"", ""country"": null}, {""raw_affiliation_text"": ""Energy and Power Group, University of Oxford"", ""institution"": ""University of Oxford"", ""country"": null}]"
2020.emnlp-main.678,,,,2020.emnlp-main.678,done,Microsoft,"# To Schedule or not to Schedule: Extracting Task Specific Temporal Entities and Associated Negation Constraints

Barun Patra, Pamela Bhattacharya, Chala Fufa, Charles Lee  
Microsoft

{bapatra, pamelabh, chfufa, charlle}@microsoft.com",false,,,,"[{""raw_affiliation_text"": ""Microsoft"", ""institution"": ""Microsoft"", ""country"": null}]"
2020.emnlp-main.679,,,,2020.emnlp-main.679,done,Emory University | Emory Healthcare,"# Competence-Level Prediction and Resume & Job Description Matching Using Context-Aware Transformer Models

Changmao Li\*, Elaine Fisher, Rebecca Thomas, Steve Pittard, Vicki Hertzberg, Jinho D. Choi

$\spadesuit$ Department of Computer Science, Emory University, Altanta GA, USA

$\diamond$ Nell Hodgson Woodruff School of Nursing, Emory University, Altanta GA, USA

\*Department of Biostatistics and Bioinformatics, Emory University, Altanta GA, USA

$^{\diamond}$ Georgia CTSA Clinical Research Centers, Emory Healthcare, Atlanta GA, USA

changmao.li@emory.edu, elaine.fisher@emory.edu, rebecca.s.thomas@emoryhealthcare.org

wsp@emory.edu, vhortzb@emory.edu, jinho.choi@emory.edu",false,,,,"[{""raw_affiliation_text"": ""Department of Computer Science, Emory University, Altanta GA, USA"", ""institution"": ""Emory University"", ""country"": ""USA""}, {""raw_affiliation_text"": ""Georgia CTSA Clinical Research Centers, Emory Healthcare, Atlanta GA, USA"", ""institution"": ""Emory Healthcare"", ""country"": ""USA""}]"
2020.emnlp-main.68,,,,2020.emnlp-main.68,done,Tohoku University | RIKEN,"# Filtering Noisy Dialogue Corpora by Connectivity and Content Relatedness

Reina Akama $^{1,2}$ Sho Yokoi $^{1,2}$ Jun Suzuki $^{1,2}$ Kentaro Inui $^{1,2}$

$^{1}$ Tohoku University $^{2}$ RIKEN

{reina.a, yokoi,jun.suzuki,inui}@ecei.tohoku.ac.jp",false,,,,"[{""raw_affiliation_text"": ""Tohoku University"", ""institution"": ""Tohoku University"", ""country"": null}, {""raw_affiliation_text"": ""RIKEN"", ""institution"": ""RIKEN"", ""country"": null}]"
2020.emnlp-main.680,,,,2020.emnlp-main.680,done,University of Copenhagen | Alexandra Institute | King's College London | Imperial College London | Siteimprove,"# Grammatical Error Correction in Low Error Density Domains: A New Benchmark and Analyses

Simon Flachs $^{1,2}$ , Ophélie Lacroix $^{3*}$ , Helen Yannakoudakis $^{4}$ , Marek Rei $^{5}$ , Anders Søgaard $^{2}$

$^{1}$ Siteimprove sfl@siteimprove.com

<sup>2</sup> University of Copenhagen soegaard@di.ku.dk

3 Alexandra Institute ophelie.lacroix@alexandra.dk

$^{4}$ King's College London helen.yannakoudakis@kcl.ac.uk

<sup>5</sup> Imperial College London marek.rei@imperial.ac.uk",false,,,,"[{""raw_affiliation_text"": ""University of Copenhagen"", ""institution"": ""University of Copenhagen"", ""country"": null}, {""raw_affiliation_text"": ""Alexandra Institute"", ""institution"": ""Alexandra Institute"", ""country"": null}, {""raw_affiliation_text"": ""King's College London"", ""institution"": ""King's College London"", ""country"": null}, {""raw_affiliation_text"": ""Imperial College London"", ""institution"": ""Imperial College London"", ""country"": null}, {""raw_affiliation_text"": ""Siteimprove"", ""institution"": ""Siteimprove"", ""country"": null}]"
2020.emnlp-main.681,,,,2020.emnlp-main.681,done,Bank of Montreal | Mc Gill University,"# Deconstructing word embedding algorithms

Kian Kenyon-Dean†*

BMO AI Capabilities Team

Bank of Montreal - Toronto, Ontario

kian.kenyon-dean@bmo.com

Edward Newell*, Jackie Chi Kit Cheung

Mila - Quebec AI Institute

McGill University - Montréal, Québec

edward.newell@gmail.com

jcheung@cs.mcgill.ca",false,,,,"[{""raw_affiliation_text"": ""Bank of Montreal - Toronto, Ontario"", ""institution"": ""Bank of Montreal"", ""country"": ""Canada""}, {""raw_affiliation_text"": ""Mila - Quebec AI Institute, McGill University - Montréal, Québec"", ""institution"": ""Mc Gill University"", ""country"": ""Canada""}]"
2020.emnlp-main.682,,,,2020.emnlp-main.682,done,Queen Mary University of London | University of Warwick | The Alan Turing Institute,"# Sequential Modelling of the Evolution of Word Representations for Semantic Change Detection

Adam Tsakalidis $^{1,3}$ Maria Liakata $^{1,2,3}$

$^{1}$ Queen Mary University of London, London, UK

$^{2}$ University of Warwick, Coventry, UK

3The Alan Turing Institute, London, UK

{atsakalidis,mliakata}@turing.ac.uk",false,,,,"[{""raw_affiliation_text"": ""Queen Mary University of London, London, UK"", ""institution"": ""Queen Mary University of London"", ""country"": ""UK""}, {""raw_affiliation_text"": ""University of Warwick, Coventry, UK"", ""institution"": ""University of Warwick"", ""country"": ""UK""}, {""raw_affiliation_text"": ""The Alan Turing Institute, London, UK"", ""institution"": ""The Alan Turing Institute"", ""country"": ""UK""}]"
2020.emnlp-main.683,,,,2020.emnlp-main.683,done,University of Szeged | MTA-SZTE Research Group on Aartificial Intelligence,"# Sparsity Makes Sense: Word Sense Disambiguation Using Sparse Contextualized Word Representations

Gábor Berend<sup>1,2</sup>

$^{1}$ Institute of Informatics, University of Szeged

$^{2}$ MTA-SZTE Research Group on Aartificial Intelligence

berendg@inf.u-szeged.hu",false,,,,"[{""raw_affiliation_text"": ""Institute of Informatics, University of Szeged"", ""institution"": ""University of Szeged"", ""country"": null}, {""raw_affiliation_text"": ""MTA-SZTE Research Group on Aartificial Intelligence"", ""institution"": ""MTA-SZTE Research Group on Aartificial Intelligence"", ""country"": null}]"
2020.emnlp-main.684,,,,2020.emnlp-main.684,done,University of Illinois at Urbana-Champaign | University of California at San Diego | IBM Thomas J. Watson Research Center | IBM-Illinois Center for Cognitive Computing Systems Research (C 3 SR),"# Exploring Semantic Capacity of Terms

Jie Huang\*,1,4 Zilong Wang\*,2 Kevin Chen-Chuan Chang\*1,4 Wen-mei Hwu\*1,4 Jinjun Xiong\*3,4

<sup>1</sup>University of Illinois at Urbana-Champaign, USA

$^{2}$ University of California at San Diego, USA

<sup>3</sup>IBM Thomas J. Watson Research Center, USA

<sup>4</sup>IBM-Illinois Center for Cognitive Computing Systems Research (C3SR), USA

{jeffhj, kcchang, w-hwu}@illinois.edu

zlwang@ucsd.edu, jinjun@us.ibm.com",false,,,,"[{""raw_affiliation_text"": ""University of Illinois at Urbana-Champaign, USA"", ""institution"": ""University of Illinois at Urbana-Champaign"", ""country"": ""USA""}, {""raw_affiliation_text"": ""University of California at San Diego, USA"", ""institution"": ""University of California at San Diego"", ""country"": ""USA""}, {""raw_affiliation_text"": ""IBM Thomas J. Watson Research Center, USA"", ""institution"": ""IBM Thomas J. Watson Research Center"", ""country"": ""USA""}, {""raw_affiliation_text"": ""IBM-Illinois Center for Cognitive Computing Systems Research (C3SR), USA"", ""institution"": ""IBM-Illinois Center for Cognitive Computing Systems Research (C 3 SR)"", ""country"": ""USA""}]"
2020.emnlp-main.685,,,,2020.emnlp-main.685,done,Toyota Technological Institute at Chicago | University of Chicago,"# Learning to Ignore: Long Document Coreference with Bounded Memory Neural Networks

Shubham Toshniwal<sup>1</sup>, Sam Wiseman<sup>1</sup>, Allyson Ettinger<sup>2</sup>, Karen Livescu<sup>1</sup>, Kevin Gimpel<sup>1</sup>

<sup>1</sup>Toyota Technological Institute at Chicago

$^{2}$ Department of Linguistics, University of Chicago

{shtoshni, swiseman, klivescu, kgimpel}@ttic.edu, aettinger@uchicago.edu",false,,,,"[{""raw_affiliation_text"": ""Toyota Technological Institute at Chicago"", ""institution"": ""Toyota Technological Institute at Chicago"", ""country"": null}, {""raw_affiliation_text"": ""Department of Linguistics, University of Chicago"", ""institution"": ""University of Chicago"", ""country"": null}]"
2020.emnlp-main.686,,,,2020.emnlp-main.686,done,Emory University,"# Revealing the Myth of Higher-Order Inference in Coreference Resolution

Liyan Xu

Computer Science

Emory University, Atlanta, GA

liyan.xu@emory.edu

Jinho D. Choi

Computer Science

Emory University, Atlanta, GA

jinho.choi@emory.edu",false,,,,"[{""raw_affiliation_text"": ""Emory University, Atlanta, GA"", ""institution"": ""Emory University"", ""country"": ""USA""}]"
2020.emnlp-main.687,,,,2020.emnlp-main.687,done,Tel Aviv University | Google Research,"# Pre-training Mention Representations in Coreference Models

Yuval Varkel  
Tel Aviv University

Amir Globerson  
Tel Aviv University and Google Research",false,,,,"[{""raw_affiliation_text"": ""Tel Aviv University"", ""institution"": ""Tel Aviv University"", ""country"": null}, {""raw_affiliation_text"": ""Google Research"", ""institution"": ""Google Research"", ""country"": null}]"
2020.emnlp-main.688,,,,2020.emnlp-main.688,done,University of Southern California | University of Illinois at Urbana-Champaign,"# Learning Collaborative Agents with Rule Guidance for Knowledge Graph Reasoning

Deren Lei $^{1*}$ , Gangrong Jiang $^{1*}$ , Xiaotao Gu $^{2}$ , Kexuan Sun $^{1}$ , Yuning Mao $^{2}$ , Xiang Ren $^{1}$

<sup>1</sup>University of Southern California

<sup>2</sup>University of Illinois at Urbana-Champaign

{derenlei, gjiang, kexuansu, xiangren} @usc.edu, {xiaotao2, yuningm2} @illinois.edu",false,,,,"[{""raw_affiliation_text"": ""University of Southern California"", ""institution"": ""University of Southern California"", ""country"": null}, {""raw_affiliation_text"": ""University of Illinois at Urbana-Champaign"", ""institution"": ""University of Illinois at Urbana-Champaign"", ""country"": null}]"
2020.emnlp-main.689,,,,2020.emnlp-main.689,done,Harvard University | Raytheon BBN Technologies,"# Exploring Contextualized Neural Language Models for Temporal Dependency Parsing

Hayley Ross $^{1}$ , Jonathon Cai $^{2}$ , and Bonan Min $^{2}$

<sup>1</sup>Harvard University hayleyross@g.harvard.edu

$^{2}$ Raytheon BBN Technologies

{jonathon.cai, bonan.min}@raytheon.com",false,,,,"[{""raw_affiliation_text"": ""Harvard University"", ""institution"": ""Harvard University"", ""country"": null}, {""raw_affiliation_text"": ""Raytheon BBN Technologies"", ""institution"": ""Raytheon BBN Technologies"", ""country"": null}]"
2020.emnlp-main.69,,,,2020.emnlp-main.69,done,Kyoto University,"# Latent Geographical Factors for Analyzing the Evolution of Dialects in Contact

Yugo Murawaki

Graduate School of Informatics, Kyoto University

Yoshida-honmachi, Sakyo-ku, Kyoto, 606-8501, Japan

murawaki@i.kyoto-u.ac.jp",false,,,,"[{""raw_affiliation_text"": ""Graduate School of Informatics, Kyoto University"", ""institution"": ""Kyoto University"", ""country"": ""Japan""}]"
2020.emnlp-main.690,,,,2020.emnlp-main.690,done,University of Oxford | Serein AI,"# Systematic Comparison of Neural Architectures and Training Approaches for Open Information Extraction

Patrick Hohenecker $^{1,2,*}$ , Frank Mtumbuka $^{1,*}$ , Vid Kocijan $^{1}$ , Thomas Lukasiewicz $^{1,2}$

<sup>1</sup> University of Oxford, Oxford, UK

$^{2}$ Serein AI, London, UK

firstname.lastname@cs.ox.ac.uk",false,,,,"[{""raw_affiliation_text"": ""University of Oxford, Oxford, UK"", ""institution"": ""University of Oxford"", ""country"": ""UK""}, {""raw_affiliation_text"": ""Serein AI, London, UK"", ""institution"": ""Serein AI"", ""country"": ""UK""}]"
2020.emnlp-main.691,,,,2020.emnlp-main.691,done,Georgia Tech,"# SeqMix: Augmenting Active Sequence Labeling via Sequence Mixup

Rongzhi Zhang

Georgia Tech

rongzhi.zhang@gatech.edu

Yue Yu

Georgia Tech

yueyu@gatech.edu

Chao Zhang

Georgia Tech

chaozhang@gatech.edu",false,,,,"[{""raw_affiliation_text"": ""Georgia Tech"", ""institution"": ""Georgia Tech"", ""country"": null}]"
2020.emnlp-main.692,,,,2020.emnlp-main.692,done,Facebook AI Research | n-waves | University College London | Deep Mind,"# AXCELL: Automatic Extraction of Results from Machine Learning Papers

Marcin Kardas<sup>1</sup>

Piotr Czapla²

Pontus Stenetorp<sup>3</sup>

Sebastian Ruder

Sebastian Riedel<sup>1,3</sup>

Ross Taylor

Robert Stojnic<sup>1</sup>

<sup>1</sup>Facebook AI Research, {mkardas,sriedel,rjt,rstojnic}@fb.com

$^{2}$ n-waves, piotr.czapla@n-waves.com

<sup>3</sup>University College London, p.stenetorp@cs.ucl.ac.uk

<sup>4</sup>DeepMind, ruder@google.com",false,,,,"[{""raw_affiliation_text"": ""Facebook AI Research, {mkardas,sriedel,rjt,rstojnic}@fb.com"", ""institution"": ""Facebook AI Research"", ""country"": null}, {""raw_affiliation_text"": ""n-waves, piotr.czapla@n-waves.com"", ""institution"": ""n-waves"", ""country"": null}, {""raw_affiliation_text"": ""University College London, p.stenetorp@cs.ucl.ac.uk"", ""institution"": ""University College London"", ""country"": null}, {""raw_affiliation_text"": ""DeepMind, ruder@google.com"", ""institution"": ""Deep Mind"", ""country"": null}]"
2020.emnlp-main.693,,,,2020.emnlp-main.693,done,North Carolina State University | Fudan University,"# Knowledge-guided Open Attribute Value Extraction with Reinforcement Learning

Ye Liu $^{1*}$ Sheng Zhang $^{1*}$ Rui Song $^{1\dagger}$ Suo Feng $^{2}$ Yanghua Xiao $^{2\dagger}$

$^{1}$ Department of Statistics, North Carolina State University, Raleigh, NC 27695-8206

$^{2}$ Shanghai Key Laboratory of Data Science, School of Computer Science, Fudan University, China 200433

{yliu87, szhang37, rsong}@ncsu.edu, {fengs17, shawyh}@fudan.edu.cn",false,,,,"[{""raw_affiliation_text"": ""Department of Statistics, North Carolina State University, Raleigh, NC 27695-8206"", ""institution"": ""North Carolina State University"", ""country"": ""USA""}, {""raw_affiliation_text"": ""Shanghai Key Laboratory of Data Science, School of Computer Science, Fudan University, China 200433"", ""institution"": ""Fudan University"", ""country"": ""China""}]"
2020.emnlp-main.694,,,,2020.emnlp-main.694,done,IBM Research | AWS AI,"# DualTKB: A Dual Learning Bridge between Text and Knowledge Base

Pierre L. Dognin*

IBM Research

pdognin@us.ibm.com

Igor Melnyk*

IBM Research

igor.melnyk@ibm.com

Inkit Padhi*

IBM Research

inkpad@ibm.com

# Cicero Nogueira dos Santos

AWS AI

cicnog@amazon.com

Payel Das

IBM Research

daspa@us.ibm.com",false,,,,"[{""raw_affiliation_text"": ""IBM Research"", ""institution"": ""IBM Research"", ""country"": null}, {""raw_affiliation_text"": ""AWS AI"", ""institution"": ""AWS AI"", ""country"": null}]"
2020.emnlp-main.695,,,,2020.emnlp-main.695,done,Johns Hopkins University | New York University,"# Incremental Neural Coreference Resolution in Constant Memory

Patrick Xia¹ João Sedoc² Benjamin Van Durme¹

paxia@cs.jhu.edu jsedoc@nyu.edu vandurme@cs.jhu.edu

1Johns Hopkins University 2New York University",false,,,,"[{""raw_affiliation_text"": ""Johns Hopkins University"", ""institution"": ""Johns Hopkins University"", ""country"": null}, {""raw_affiliation_text"": ""New York University"", ""institution"": ""New York University"", ""country"": null}]"
2020.emnlp-main.696,,,,2020.emnlp-main.696,done,University of Michigan,"# Improving Low Compute Language Modeling with In-Domain Embedding Initialisation

Charles Welch, Rada Mihalcea and Jonathan K. Kummerfeld

Computer Science & Engineering

University of Michigan

{cfwelch,mihalcea,jkummerf}@umich.edu",false,,,,"[{""raw_affiliation_text"": ""University of Michigan"", ""institution"": ""University of Michigan"", ""country"": null}]"
2020.emnlp-main.697,,,,2020.emnlp-main.697,done,"University of California, Santa Barbara","# KGPT: Knowledge-Grounded Pre-Training for Data-to-Text Generation

Wenhu Chen, Yu Su, Xifeng Yan, William Yang Wang

University of California, Santa Barbara, CA, USA

{wenhuchen, xyan, william}@cs.ucsb.edu, su.809@osu.edu",false,,,,"[{""raw_affiliation_text"": ""University of California, Santa Barbara, CA, USA"", ""institution"": ""University of California, Santa Barbara"", ""country"": ""USA""}]"
2020.emnlp-main.698,,,,2020.emnlp-main.698,done,Microsoft Research | Amazon Alexa AI,"# POINTER: Constrained Progressive Text Generation via Insertion-based Generative Pre-training

Yizhe Zhang $^{1*}$ Guoyin Wang $^{2*†}$ Chunyuan Li $^{1}$ Zhe Gan $^{1}$ Chris Brockett $^{1}$ Bill Dolan $^{1}$

<sup>1</sup>Microsoft Research, Redmond, WA, USA

$^{2}$ Amazon Alexa AI, Seattle, WA, USA

{yizzhang, chunyl, zhe.gan, chrisbkt, billdol}@microsoft.com, guoyiwan@amazon.com",false,,,,"[{""raw_affiliation_text"": ""Microsoft Research, Redmond, WA, USA"", ""institution"": ""Microsoft Research"", ""country"": ""USA""}, {""raw_affiliation_text"": ""Amazon Alexa AI, Seattle, WA, USA"", ""institution"": ""Amazon Alexa AI"", ""country"": ""USA""}]"
2020.emnlp-main.699,,,,2020.emnlp-main.699,done,Google Research,"# Unsupervised Text Style Transfer with Padded Masked Language Models

Eric Malmi  
Google Research  
emalmi@google.com

Aliaksei Severyn Google Research severyn@google.com

Sascha Rothe  
Google Research  
rothe@google.com",false,,,,"[{""raw_affiliation_text"": ""Google Research"", ""institution"": ""Google Research"", ""country"": null}]"
2020.emnlp-main.7,,,,2020.emnlp-main.7,done,Johns Hopkins University,"# Simulated Multiple Reference Training Improves Low-Resource Machine Translation

Huda Khayrallah Brian Thompson Matt Post and Philipp Koehn

Johns Hopkins University

{huda, brian.thompson, phi}@jhu.edu.post@cs.jhu.edu",false,,,,"[{""raw_affiliation_text"": ""Johns Hopkins University"", ""institution"": ""Johns Hopkins University"", ""country"": null}]"
2020.emnlp-main.70,,,,2020.emnlp-main.70,done,UC San Diego,"# Predicting Reference: What do Language Models Learn about Discourse Models?

Shiva Upadhye

Department of Cognitive Science

UC San Diego

supadhye@ucsd.edu

Leon Bergen

Department of Linguistics

UC San Diego

lbergen@ucsd.edu

Andrew Kehler

Department of Linguistics

UC San Diego

akehler@ucsd.edu",false,,,,"[{""raw_affiliation_text"": ""Department of Cognitive Science, UC San Diego"", ""institution"": ""UC San Diego"", ""country"": null}]"
2020.emnlp-main.700,,,,2020.emnlp-main.700,done,Alibaba Group,"# PALM: Pre-training an Autoencoding&Autoregressive Language Model for Context-conditioned Generation

Bin Bi, Chenliang Li, Chen Wu, Ming Yan, Wei Wang, Songfang Huang, Fei Huang, Luo Si

Alibaba Group

{b.bi, lcl193798, wuchen.wc, ym119608}@alibaba-inc.com {hebian.ww, songfang.hsf, f.huang, luo.si}@alibaba-inc.com",false,,,,"[{""raw_affiliation_text"": ""Alibaba Group"", ""institution"": ""Alibaba Group"", ""country"": null}]"
2020.emnlp-main.701,,,,2020.emnlp-main.701,done,Apple Inc.,"# Gradient-guided Unsupervised Lexically Constrained Text Generation

Lei Sha

Apple Inc.

lei_sha@apple.com",false,,,,"[{""raw_affiliation_text"": ""Apple Inc."", ""institution"": ""Apple Inc."", ""country"": null}]"
2020.emnlp-main.702,,,,2020.emnlp-main.702,done,Google Research,"# TeaForN: Teacher-Forcing with N-grams

Sebastian Goodman

Google Research

Venice, CA 90291

seabass@google.com

Nan Ding

Google Research

Venice, CA 90291

dingnan@google.com

Radu Soricut

Google Research

Venice, CA 90291

rsoricut@google.com",false,,,,"[{""raw_affiliation_text"": ""Google Research"", ""institution"": ""Google Research"", ""country"": null}]"
2020.emnlp-main.703,,,,2020.emnlp-main.703,done,,"# Experience Grounds Language

Yonatan Bisk*

Ari Holtzman*

Jesse Thomason*

Jacob Andreas

Yoshua Bengio

Joyce Chai

Mirella Lapata

Angeliki Lazaridou Jonathan May Aleksandr Nisnevich Nicolas Pinto Joseph Turian",false,,,,[]
2020.emnlp-main.704,,,,2020.emnlp-main.704,done,Princeton University | Microsoft Research,"# Keep CALM and Explore: Language Models for Action Generation in Text-based Games

Shunyu Yao†, Rohan Rao†, Matthew Hausknecht‡, Karthik Narasimhan†

†Princeton University ‡ Microsoft Research

{shunyuy, rohanr, karthikn}@princeton.edu

matthew.hausknecht@microsoft.com",false,,,,"[{""raw_affiliation_text"": ""Princeton University"", ""institution"": ""Princeton University"", ""country"": null}, {""raw_affiliation_text"": ""Microsoft Research"", ""institution"": ""Microsoft Research"", ""country"": null}]"
2020.emnlp-main.705,,,,2020.emnlp-main.705,done,Massachusetts Institute of Technology | Google Research,"# CAPWAP: Captioning with a Purpose

Adam Fisch $^{1*}$ Kenton Lee $^{2}$ Ming-Wei Chang $^{2}$ Jonathan H. Clark $^{2}$ Regina Barzilay $^{1}$

<sup>1</sup>Massachusetts Institute of Technology, <sup>2</sup>Google Research {fisch, regina}@csail.mit.edu, {kentonl, mingweichang, hjclark}@google.com",false,,,,"[{""raw_affiliation_text"": ""Massachusetts Institute of Technology"", ""institution"": ""Massachusetts Institute of Technology"", ""country"": null}, {""raw_affiliation_text"": ""Google Research"", ""institution"": ""Google Research"", ""country"": null}]"
2020.emnlp-main.706,,,,2020.emnlp-main.706,done,University of North Carolina at Chapel Hill,"# What is More Likely to Happen Next? Video-and-Language Future Event Prediction

Jie Lei Licheng Yu Tamara L. Berg Mohit Bansal

Department of Computer Science

University of North Carolina at Chapel Hill

{jielei, licheng, tlberg, mbansal}@cs.unc.edu",false,,,,"[{""raw_affiliation_text"": ""Department of Computer Science, University of North Carolina at Chapel Hill"", ""institution"": ""University of North Carolina at Chapel Hill"", ""country"": ""null""}]"
2020.emnlp-main.707,,,,2020.emnlp-main.707,done,Allen Institute for AI | UNC Chapel Hill | University of Washington,"# X-LXMERT: Paint, Caption and Answer Questions with Multi-Modal Transformers

Jaemin Cho $^{1,2*}$ Jiasen Lu $^{1}$ Dustin Schwenk $^{1}$ Hannaneh Hajishirzi $^{1,3}$ Aniruddha Kembhavi $^{1,3}$

Allen Institute for AI<sup>1</sup> UNC Chapel Hill<sup>2</sup> University of Washington<sup>3</sup>

jmincho@cs.unc.edu {jiasenl,dustins,hannah,anik}@allenai.org

Code and Demo: https://prior.allenai.org/projects/x-lxmert",false,,,,"[{""raw_affiliation_text"": ""Allen Institute for AI"", ""institution"": ""Allen Institute for AI"", ""country"": null}, {""raw_affiliation_text"": ""UNC Chapel Hill"", ""institution"": ""UNC Chapel Hill"", ""country"": null}, {""raw_affiliation_text"": ""University of Washington"", ""institution"": ""University of Washington"", ""country"": null}]"
2020.emnlp-main.708,,,,2020.emnlp-main.708,done,UC Santa Barbara | UC Santa Cruz | Google,"# Towards Understanding Sample Variance in Visually Grounded Language Generation: Evaluations and Observations

Wanrong Zhu†, Xin Eric Wang‡, Pradyumna Narayana*, Kazoo Sone*, Sugato Basu*, William Yang Wang†  
†UC Santa Barbara, ‡UC Santa Cruz, *Google

{wanrongzhu,william}@cs.ucsb.edu,xwang366@ucsc.edu,{pradyn,sone,sugato} $@$ google.com",false,,,,"[{""raw_affiliation_text"": ""UC Santa Barbara"", ""institution"": ""UC Santa Barbara"", ""country"": null}, {""raw_affiliation_text"": ""UC Santa Cruz"", ""institution"": ""UC Santa Cruz"", ""country"": null}, {""raw_affiliation_text"": ""Google"", ""institution"": ""Google"", ""country"": null}]"
2020.emnlp-main.709,,,,2020.emnlp-main.709,done,Allen Institute for AI | Google Research,"# Beyond Instructional Videos: Probing for More Diverse Visual-Textual Grounding on YouTube

Jack Hessel

Allen Institute for AI

jackh@allenai.org

Zhenhai Zhu

Bo Pang

Radu Soricut

Google Research

{zhenhai,bopang,rsoricut}@google.com",false,,,,"[{""raw_affiliation_text"": ""Allen Institute for AI"", ""institution"": ""Allen Institute for AI"", ""country"": null}, {""raw_affiliation_text"": ""Google Research"", ""institution"": ""Google Research"", ""country"": null}]"
2020.emnlp-main.71,,,,2020.emnlp-main.71,done,University of Toronto | Vector Institute for Artificial Intelligence | St. Michael's Hospital,"# Word class flexibility: A deep contextualized approach

Bai Li $^{1,4}$ , Guillaume Thomas $^{2}$ , Yang Xu $^{1,3,4}$ , Frank Rudzicz $^{1,4,5}$

<sup>1</sup> Department of Computer Science, University of Toronto, Toronto, Canada

$^{2}$ Department of Linguistics, University of Toronto, Toronto, Canada

$^{3}$ Cognitive Science Program, University of Toronto, Toronto, Canada

$^{4}$ Vector Institute for Artificial Intelligence, Toronto, Canada

St. Michael's Hospital, Toronto, Canada

{bai, yangxu, frank}@cs.toronto.edu

guillaume.thomas@utoronto.ca",false,,,,"[{""raw_affiliation_text"": ""Department of Computer Science, University of Toronto, Toronto, Canada"", ""institution"": ""University of Toronto"", ""country"": ""Canada""}, {""raw_affiliation_text"": ""Vector Institute for Artificial Intelligence, Toronto, Canada"", ""institution"": ""Vector Institute for Artificial Intelligence"", ""country"": ""Canada""}, {""raw_affiliation_text"": ""St. Michael's Hospital, Toronto, Canada"", ""institution"": ""St. Michael's Hospital"", ""country"": ""Canada""}]"
2020.emnlp-main.710,,,,2020.emnlp-main.710,done,Microsoft Dynamics 365 AI Research,"# Hierarchical Graph Network for Multi-hop Question Answering

Yuwei Fang, Siqi Sun, Zhe Gan, Rohit Pillai, Shuohang Wang, Jingjing Liu  
Microsoft Dynamics 365 AI Research

{yuwfan,siqi.sun,zhe.gan,rohit pillai,shuohang.wang,jingjl}@microsoft.com",false,,,,"[{""raw_affiliation_text"": ""Microsoft Dynamics 365 AI Research"", ""institution"": ""Microsoft Dynamics 365 AI Research"", ""country"": null}]"
2020.emnlp-main.711,,,,2020.emnlp-main.711,done,Allen Institute for AI | Indian Institute of Technology,"# A Simple Yet Strong Pipeline for HotpotQA

Dirk Groeneveld† Tushar Khot† Mausam‡ Ashish Sabharwal†

† Allen Institute for AI, Seattle, WA, U.S.A.

dirkg,tushark,ashishs@allenai.org

$\ddagger$ Indian Institute of Technology, Delhi, India

mausam@cse.iitd.ac.in",false,,,,"[{""raw_affiliation_text"": ""Allen Institute for AI, Seattle, WA, U.S.A."", ""institution"": ""Allen Institute for AI"", ""country"": ""U.S.A.""}, {""raw_affiliation_text"": ""Indian Institute of Technology, Delhi, India"", ""institution"": ""Indian Institute of Technology"", ""country"": ""India""}]"
2020.emnlp-main.712,,,,2020.emnlp-main.712,done,Stony Brook University | Allen Institute for AI,"# Is Multihop QA in DIRE Condition? Measuring and Reducing Disconnected Reasoning

Harsh Trivedi\* Nirajan Balasubramanian Tushar Khot Ashish Sabharwal

† Stony Brook University, Stony Brook, U.S.A.

{hjtrivedi,niranjan}@cs.stonybrook.edu

$\ddagger$ Allen Institute for AI, Seattle, U.S.A.

{tushark,ashishes}@allenai.org",false,,,,"[{""raw_affiliation_text"": ""Stony Brook University, Stony Brook, U.S.A."", ""institution"": ""Stony Brook University"", ""country"": ""U.S.A.""}, {""raw_affiliation_text"": ""Allen Institute for AI, Seattle, U.S.A."", ""institution"": ""Allen Institute for AI"", ""country"": ""U.S.A.""}]"
2020.emnlp-main.713,,,,2020.emnlp-main.713,done,Facebook AI Research | New York University | University College London,"# Unsupervised Question Decomposition for Question Answering

Ethan Perez<sup>1</sup> 2 Patrick Lewis<sup>1</sup> 3

Wen-tau Yih<sup>1</sup> Kyunghyun Cho<sup>2</sup> 4* Douwe Kiela<sup>1</sup>

$^{1}$ Facebook AI Research, $^{2}$ New York University,

<sup>3</sup>University College London, CIFAR Azrieli Global Scholar

perez@nyu.edu",false,,,,"[{""raw_affiliation_text"": ""Facebook AI Research"", ""institution"": ""Facebook AI Research"", ""country"": null}, {""raw_affiliation_text"": ""New York University"", ""institution"": ""New York University"", ""country"": null}, {""raw_affiliation_text"": ""University College London"", ""institution"": ""University College London"", ""country"": null}]"
2020.emnlp-main.714,,,,2020.emnlp-main.714,done,Michigan State University,"# SRLGRN: Semantic Role Labeling Graph Reasoning Network

Chen Zheng  
Michigan State University  
zhengc12@msu.edu

Parisa Kordjamshidi  
Michigan State University  
kordjams@msu.edu",false,,,,"[{""raw_affiliation_text"": ""Michigan State University"", ""institution"": ""Michigan State University"", ""country"": null}]"
2020.emnlp-main.715,,,,2020.emnlp-main.715,done,University of Illinois at Chicago,"# CANCEREMO $\cdot$ A Dataset for Fine-Grained Emotion Detection

Tiberiu Sosea and Cornelia Caragea

Computer Science Department

University of Illinois at Chicago

tsosea2@uic.edu, cornelia@uic.edu,",false,,,,"[{""raw_affiliation_text"": ""Computer Science Department, University of Illinois at Chicago"", ""institution"": ""University of Illinois at Chicago"", ""country"": null}]"
2020.emnlp-main.716,,,,2020.emnlp-main.716,done,Cornell University,"# Exploring the Role of Argument Structure in Online Debate Persuasion

Jialu Li

Cornell University

j13855@cornell.edu

Esin Durmus

Cornell University

ed459@cornell.edu

Claire Cardie

Cornell University

cardie@cs.cornell.edu",false,,,,"[{""raw_affiliation_text"": ""Cornell University"", ""institution"": ""Cornell University"", ""country"": null}]"
2020.emnlp-main.717,,,,2020.emnlp-main.717,done,Columbia University,"# Zero-Shot Stance Detection: A Dataset and Model using Generalized Topic Representations

Emily Allaway

Columbia University

New York, NY

eallaway@cs.columbia.edu

Kathleen McKeown

Columbia University

New York, NY

kathy@cs.columbia.edu",false,,,,"[{""raw_affiliation_text"": ""Columbia University, New York, NY"", ""institution"": ""Columbia University"", ""country"": null}]"
2020.emnlp-main.718,,,,2020.emnlp-main.718,done,Indian Institute of Technology Guwahati,"# Sentiment Analysis of Tweets using Heterogeneous Multi-layer Network Representation and Embedding

Loitongbam Gyanendro Singh,\* Anasua Mitra\*, Sanasam Ranbir Singh

Department of Computer Science and Engineering

Indian Institute of Technology Guwahati, Assam, India

{gyanendrol9,anasua.mitra，ranbir}@iitg.ac.in",false,,,,"[{""raw_affiliation_text"": ""Department of Computer Science and Engineering, Indian Institute of Technology Guwahati, Assam, India"", ""institution"": ""Indian Institute of Technology Guwahati"", ""country"": ""India""}]"
2020.emnlp-main.719,,,,2020.emnlp-main.719,done,University of Oregon | Adobe Research | Vin AI Research,"# Introducing Syntactic Structures into Target Opinion Word Extraction with Deep Learning

Amir Pouran Ben Veyseh<sup>1*</sup>, Nasim Nouri*, Franck Dernoncourt<sup>2</sup>, Dejing Dou<sup>1</sup> and Thien Huu Nguyen<sup>1,3</sup>

$^{1}$ Department of Computer and Information Science, University of Oregon, Eugene, OR 97403, USA

$^{2}$ Adobe Research, San Jose, CA, USA

3 VinAI Research, Vietnam

{apouranb, dou, thien}@cs.uoregon.edu,

nasim.nourii@gmail.com,dernonco@adobe.com",false,,,,"[{""raw_affiliation_text"": ""Department of Computer and Information Science, University of Oregon, Eugene, OR 97403, USA"", ""institution"": ""University of Oregon"", ""country"": ""USA""}, {""raw_affiliation_text"": ""Adobe Research, San Jose, CA, USA"", ""institution"": ""Adobe Research"", ""country"": ""USA""}, {""raw_affiliation_text"": ""VinAI Research, Vietnam"", ""institution"": ""Vin AI Research"", ""country"": ""Vietnam""}]"
2020.emnlp-main.72,,,,2020.emnlp-main.72,done,Northeastern University | Niu Trans Research,"# Shallow-to-Deep Training for Neural Machine Translation

Bei Li $^{1}$ , Ziyang Wang $^{1}$ , Hui Liu $^{1}$ , Yufan Jiang $^{1}$ , Quan Du $^{1,2}$ , Tong Xiao $^{1,2*}$ , Huizhen Wang $^{1,2}$ and Jingbo Zhu $^{1,2}$ $^{1}$ NLP Lab, School of Computer Science and Engineering Northeastern University, Shenyang, China $^{2}$ NiuTrans Research, Shenyang, China  
{libei_neu, jiangyufan2018, duquanneneu} @outlook.com {wangziyang, huiliu} @stumail.neu.edu.cn  
{xiaotong, wanghuizhen, zhujingbo} @mail.neu.edu.cn",false,,,,"[{""raw_affiliation_text"": ""NLP Lab, School of Computer Science and Engineering Northeastern University, Shenyang, China"", ""institution"": ""Northeastern University"", ""country"": ""China""}, {""raw_affiliation_text"": ""NiuTrans Research, Shenyang, China"", ""institution"": ""Niu Trans Research"", ""country"": ""China""}]"
2020.emnlp-main.720,,,,2020.emnlp-main.720,done,Rutgers University | University of Potsdam,"# EmoTag1200 : Understanding the Association between Emojis $\circledcirc$ and Emotions

Abu Awal Md Shoeb

Dept. of Computer Science

Rutgers University

New Brunswick, NJ, USA

abu.shoeb@rutgers.edu

Gerard de Melo

Hasso Plattner Institute

University of Potsdam

Potsdam, Germany

gdm@demelo.org",false,,,,"[{""raw_affiliation_text"": ""Dept. of Computer Science, Rutgers University, New Brunswick, NJ, USA"", ""institution"": ""Rutgers University"", ""country"": ""USA""}, {""raw_affiliation_text"": ""Hasso Plattner Institute, University of Potsdam, Potsdam, Germany"", ""institution"": ""University of Potsdam"", ""country"": ""Germany""}]"
2020.emnlp-main.721,,,,2020.emnlp-main.721,done,"Singapore University of Technology and Design | CIC, Instituto Politécnico Nacional | University of Michigan","# MIME: MIMicking Emotions for Empathetic Response Generation

Navonil Majumder†, Pengfei Hong†, Shanshan Peng†*, Jiankun Lu†*, Deepanway Ghosal†, Alexander Gelbukh, Rada Mihalcea, Soujanya Poria†

† Singapore University of Technology and Design, Singapore

$\diamond$ CIC, Instituto Politécnico Nacional, Mexico

$\triangle$ University of Michigan, USA

{navonilmajumder, sporia}@sutd.edu.sg,

{shanshan_peng, jiankun_liu}@mymail.sutd.edu.sg,

{pengfeihong, deepanway-ghosal}@mymail.sutd.edu.sg,

gelbukh@cic.ipn.mx, mihalcea@umich.edu",false,,,,"[{""raw_affiliation_text"": ""Singapore University of Technology and Design, Singapore"", ""institution"": ""Singapore University of Technology and Design"", ""country"": ""Singapore""}, {""raw_affiliation_text"": ""CIC, Instituto Politécnico Nacional, Mexico"", ""institution"": ""CIC, Instituto Politécnico Nacional"", ""country"": ""Mexico""}, {""raw_affiliation_text"": ""University of Michigan, USA"", ""institution"": ""University of Michigan"", ""country"": ""USA""}]"
2020.emnlp-main.722,,,,2020.emnlp-main.722,done,University of Technology Sydney | Microsoft Dynamics 365 AI | Microsoft Research,"# Exploiting Structured Knowledge in Text via Graph-Guided Representation Learning

Tao Shen $^{1*}$ , Yi Mao $^{2}$ , Pengcheng He $^{2}$ , Guodong Long $^{1}$ , Adam Trischler $^{3}$ and Weizhu Chen $^{2}$

$^{1}$ Australian AI Institute, School of Computer Science, FEIT, University of Technology Sydney

$^{2}$ Microsoft Dynamics 365 AI $^{3}$ Microsoft Research, Montréal

tao.shen@student.uts.edu.au, guodong.long@uts.edu.au

{maoyi,penhe,adtrisch,wzchen}@microsoft.com",false,,,,"[{""raw_affiliation_text"": ""Australian AI Institute, School of Computer Science, FEIT, University of Technology Sydney"", ""institution"": ""University of Technology Sydney"", ""country"": ""null""}, {""raw_affiliation_text"": ""Microsoft Dynamics 365 AI"", ""institution"": ""Microsoft Dynamics 365 AI"", ""country"": ""null""}, {""raw_affiliation_text"": ""Microsoft Research, Montréal"", ""institution"": ""Microsoft Research"", ""country"": ""null""}]"
2020.emnlp-main.723,,,,2020.emnlp-main.723,done,Shanghai Jiao Tong University,"# Named Entity Recognition Only from Word Embeddings

Ying Luo, Hai Zhao * and Junlang Zhan

Department of Computer Science and Engineering, Shanghai Jiao Tong University Key Laboratory of Shanghai Education Commission for Intelligent Interaction and Cognitive Engineering, Shanghai Jiao Tong University, Shanghai, China

MoE Key Lab of Artificial Intelligence, AI Institute,

Shanghai Jiao Tong University, Shanghai, China

kingln@sjtu.edu.cn, zhaohai@cs.sjtu.edu.cn,

longmr.zhan@sjtu.edu.cn",false,,,,"[{""raw_affiliation_text"": ""Department of Computer Science and Engineering, Shanghai Jiao Tong University Key Laboratory of Shanghai Education Commission for Intelligent Interaction and Cognitive Engineering, Shanghai Jiao Tong University, Shanghai, China"", ""institution"": ""Shanghai Jiao Tong University"", ""country"": ""China""}]"
2020.emnlp-main.724,,,,2020.emnlp-main.724,done,University of Illinois at Urbana-Champaign | Microsoft Research | Georgia Institute of Technology,"# Text Classification Using Label Names Only: A Language Model Self-Training Approach

Yu Meng $^{1}$ , Yunyi Zhang $^{1}$ , Jiaxin Huang $^{1}$ , Chenyan Xiong $^{2}$ , Heng Ji $^{1}$ , Chao Zhang $^{3}$ , Jiawei Han $^{1}$

<sup>1</sup>University of Illinois at Urbana-Champaign, IL, USA

$^{2}$ Microsoft Research, WA, USA $^{3}$ Georgia Institute of Technology, GA, USA

1{yumeng5，yzhan238，jiaxinh3，hengji，hanj}@illinois.edu

2chenyan.xiong@microsoft.com 3chaozhang@gatech.edu",false,,,,"[{""raw_affiliation_text"": ""University of Illinois at Urbana-Champaign, IL, USA"", ""institution"": ""University of Illinois at Urbana-Champaign"", ""country"": ""USA""}, {""raw_affiliation_text"": ""Microsoft Research, WA, USA"", ""institution"": ""Microsoft Research"", ""country"": ""USA""}, {""raw_affiliation_text"": ""Georgia Institute of Technology, GA, USA"", ""institution"": ""Georgia Institute of Technology"", ""country"": ""USA""}]"
2020.emnlp-main.725,,,,2020.emnlp-main.725,done,Southeast University,"# Neural Topic Modeling with Cycle-Consistent Adversarial Training

Xuemeng Hu* Rui Wang* Deyu Zhou† Yuxuan Xiong

School of Computer Science and Engineering, Key Laboratory of Computer Network and Information Integration, Ministry of Education, Southeast University, China

{xuemenghu, rui_wang, d.zhou, yuxuanxiong}@seu.edu.cn",false,,,,"[{""raw_affiliation_text"": ""School of Computer Science and Engineering, Key Laboratory of Computer Network and Information Integration, Ministry of Education, Southeast University, China"", ""institution"": ""Southeast University"", ""country"": ""China""}]"
2020.emnlp-main.726,,,,2020.emnlp-main.726,done,Dartmouth College | University of Texas at Austin,"# Data Boost: Text Data Augmentation Through Reinforcement Learning Guided Conditional Generation

Ruibo Liu $^{1}$ , Guangxuan Xu $^{2}$ , Chenyan Jia $^{3}$ , Weicheng Ma $^{4}$ , Lili Wang $^{5}$ , and Soroush Vosoughi $^{6}$

$^{1,2,4,5,6}$ Department of Computer Science, Dartmouth College

3Moody College of Communication, University of Texas at Austin

1,4,5{ruibo.liu.gr,weicheng.ma.gr,lili.wang.gr}@dartmouth.edu

guangxuan.xu.ug@dartmouth.edu

3chenyanjia@utexas.edu

sorghum.vosoughi@dartmouth.edu",false,,,,"[{""raw_affiliation_text"": ""Department of Computer Science, Dartmouth College"", ""institution"": ""Dartmouth College"", ""country"": null}, {""raw_affiliation_text"": ""Moody College of Communication, University of Texas at Austin"", ""institution"": ""University of Texas at Austin"", ""country"": null}]"
2020.emnlp-main.727,,,,2020.emnlp-main.727,done,Nanjing University of Science and Technology,"# A State-independent and Time-evolving Network for Early Rumor Detection in Social Media

Rui Xia*, Kaizhou Xuan* and Jianfei Yu†

School of Computer Science and Engineering,

Nanjing University of Science and Technology, China

rxia@njust.edu.cn, kaizhouxuan@gmail.com, jfyu@njust.edu.cn",false,,,,"[{""raw_affiliation_text"": ""School of Computer Science and Engineering, Nanjing University of Science and Technology, China"", ""institution"": ""Nanjing University of Science and Technology"", ""country"": ""China""}]"
2020.emnlp-main.728,,,,2020.emnlp-main.728,done,Microsoft Cloud and AI | Stanford University,"# PyMT5: multi-mode translation of natural language and Python code with transformers

Colin B. Clement*

Microsoft Cloud and AI

coclemen@microsoft.com

Dawn Drain

Microsoft Cloud and AI

dadrain@microsoft.com

Jonathan Timcheck†

Stanford University

timcheck@stanford.edu

Alexey Svyatkovskiy

Microsoft Cloud and AI

alsvyatk@microsoft.com

Neel Sundaresan

Microsoft Cloud and AI

neels@microsoft.com",false,,,,"[{""raw_affiliation_text"": ""Microsoft Cloud and AI"", ""institution"": ""Microsoft Cloud and AI"", ""country"": null}, {""raw_affiliation_text"": ""Stanford University"", ""institution"": ""Stanford University"", ""country"": null}]"
2020.emnlp-main.729,,,,2020.emnlp-main.729,done,"Fudan University | Huawei Technologies Co., Ltd.","# PathQG: Neural Question Generation from Facts

Siyuan Wang $^{1}$ , Zhongyu Wei $^{1,2*}$ , Zhihao Fan $^{1}$ ,

Zengfeng Huang $^{1}$ , Weijian Sun $^{3}$ , Qi Zhang $^{4}$ , Xuanjing Huang $^{4}$

$^{1}$ School of Data Science, Fudan University, China

$^{2}$ Research Institute of Intelligent and Complex Systems, Fudan University, China

<sup>3</sup>Huawei Technologies Co., Ltd., China

$^{4}$ School of Computer Science, Fudan University, China

{wangsy18,zywei,fanzh18,huangzf,qz,xjhuang}@fudan.edu.cn

sunweijian@huawei.com",false,,,,"[{""raw_affiliation_text"": ""School of Data Science, Fudan University, China"", ""institution"": ""Fudan University"", ""country"": ""China""}, {""raw_affiliation_text"": ""Huawei Technologies Co., Ltd., China"", ""institution"": ""Huawei Technologies Co., Ltd."", ""country"": ""China""}]"
2020.emnlp-main.73,,,,2020.emnlp-main.73,done,New York University,"# Iterative Refinement in the Continuous Space for Non-Autoregressive Neural Machine Translation

Jason Lee

New York University

jason@cs.nyu.edu

Raphael Shu

zomux2000@gmail.com

Kyunghyun Cho

New York University

kyunghyun.cho@nyu.edu",false,,,,"[{""raw_affiliation_text"": ""New York University"", ""institution"": ""New York University"", ""country"": null}]"
2020.emnlp-main.730,,,,2020.emnlp-main.730,done,Stony Brook University,"# What time is it? Temporal Analysis of Novels

Allen Kim, Charuta Pethe, Steven Skiena

Department of Computer Science,

Stony Brook University, NY, USA

{Allekim, cpethe, skiena}@cs.stonybrook.edu",false,,,,"[{""raw_affiliation_text"": ""Department of Computer Science, Stony Brook University, NY, USA"", ""institution"": ""Stony Brook University"", ""country"": ""USA""}]"
2020.emnlp-main.731,,,,2020.emnlp-main.731,done,Johns Hopkins University | New York University,"# COGS: A Compositional Generalization Challenge Based on Semantic Interpretation

Najoung Kim Johns Hopkins University n.kim@jhu.edu

Tal Linzen  
New York University  
linzen@nyu.edu",false,,,,"[{""raw_affiliation_text"": ""Johns Hopkins University"", ""institution"": ""Johns Hopkins University"", ""country"": null}, {""raw_affiliation_text"": ""New York University"", ""institution"": ""New York University"", ""country"": null}]"
2020.emnlp-main.732,,,,2020.emnlp-main.732,done,University of North Texas | University of Barcelona,"# An Analysis of Natural Language Inference Benchmarks through the Lens of Negation

Md Mosharaf Hossain, $^{e}$ Venelin Kovatchev, $^{3}$ Pranoy Dutta, $^{e}$ Tiffany Kao, $^{e}$ Elizabeth Wei, $^{e}$ and Eduardo Blanco $^{e}$

<sup>6</sup>University of North Texas  <sup>5</sup>University of Barcelona

mdmosharafhossain@my.unt.edu vkovatchev@ub.edu

{PranoyDutta,TiffanyKao,ElizabethWei}@my.unt.edu eduardo.blanco@unt.edu",false,,,,"[{""raw_affiliation_text"": ""University of North Texas"", ""institution"": ""University of North Texas"", ""country"": ""null""}, {""raw_affiliation_text"": ""University of Barcelona"", ""institution"": ""University of Barcelona"", ""country"": ""null""}]"
2020.emnlp-main.733,,,,2020.emnlp-main.733,done,Byte Dance AI Lab | Carnegie Mellon University,"# On the Sentence Embeddings from Pre-trained Language Models

Bohan Li†,‡*, Hao Zhou†, Junxian He‡, Mingxuan Wang†, Yiming Yang‡, Lei Li† †ByteDance AI Lab

$^{\ddagger}$ Language Technologies Institute, Carnegie Mellon University {zhouhao.nlp, wangmingxuan.89, lileilab} @bytedance.com {bohanl1, junxianh, yiming} @cs.cmu.edu",false,,,,"[{""raw_affiliation_text"": ""ByteDance AI Lab"", ""institution"": ""Byte Dance AI Lab"", ""country"": null}, {""raw_affiliation_text"": ""Language Technologies Institute, Carnegie Mellon University"", ""institution"": ""Carnegie Mellon University"", ""country"": null}]"
2020.emnlp-main.734,,,,2020.emnlp-main.734,done,University of North Carolina at Chapel Hill,"# What Can We Learn from Collective Human Opinions on Natural Language Inference Data?

Yixin Nie Xiang Zhou Mohit Bansal

Department of Computer Science

University of North Carolina at Chapel Hill

{yixin1, xzh, mbansal}@cs.unc.edu",false,,,,"[{""raw_affiliation_text"": ""Department of Computer Science, University of North Carolina at Chapel Hill"", ""institution"": ""University of North Carolina at Chapel Hill"", ""country"": ""null""}]"
2020.emnlp-main.735,,,,2020.emnlp-main.735,done,Duke University | Microsoft Research | Amazon | Microsoft Dynamics 365 AI,"# Improving Text Generation with Student-Forcing Optimal Transport

Jianqiao Li\*, Chunyuan Li\*, Guoyin Wang\*, Hao Fu\*, Yuh-Chen Lin\* Liquun Chen\*, Yizhe Zhang\*, Chenyang Tao\*, Ruiyi Zhang\* Wenlin Wang\*, Dinghan Shen\*, Qian Yang\* and Lawrence Carin\* $^{1}$ Duke University ${}^{2}$ Microsoft Research ${}^{3}$ Amazon ${}^{4}$ Microsoft Dynamics 365 AI

jianqiao.li@duke.edu, chunyl@microsoft.com, guoyiwan@amazon.com",false,,,,"[{""raw_affiliation_text"": ""Duke University"", ""institution"": ""Duke University"", ""country"": null}, {""raw_affiliation_text"": ""Microsoft Research"", ""institution"": ""Microsoft Research"", ""country"": null}, {""raw_affiliation_text"": ""Amazon"", ""institution"": ""Amazon"", ""country"": null}, {""raw_affiliation_text"": ""Microsoft Dynamics 365 AI"", ""institution"": ""Microsoft Dynamics 365 AI"", ""country"": null}]"
2020.emnlp-main.736,,,,2020.emnlp-main.736,done,Tsinghua University,"# UNION: An Unreferenced Metric for Evaluating Open-ended Story Generation

Jian Guan, Minlie Huang*

Department of Computer Science and Technology, Institute for Artificial Intelligence, State Key Lab of Intelligent Technology and Systems,

Beijing National Research Center for Information Science and Technology, Tsinghua University, Beijing 100084, China

j-guan19@mails.tsinghua.edu.cn,aihuang@tsinghua.edu.cn",false,,,,"[{""raw_affiliation_text"": ""Department of Computer Science and Technology, Institute for Artificial Intelligence, State Key Lab of Intelligent Technology and Systems, Beijing National Research Center for Information Science and Technology, Tsinghua University, Beijing 100084, China"", ""institution"": ""Tsinghua University"", ""country"": ""China""}]"
2020.emnlp-main.737,,,,2020.emnlp-main.737,done,Humelo | Columbia University | KAIST,"# $\mathbf{F}^{2}$ -Softmax: Diversifying Neural Text Generation via Frequency Factorized Softmax

Byung-Ju Choi $^{1}$ Jimin Hong $^{1}$ David Keetae Park $^{2}$ Sang Wan Lee $^{1,3,4}$ $^{1}$ Humelo, Republic of Korea

$^{2}$ Department of Biomedical Engineering, Columbia University, USA

$^{3}$ Department of Bio and Brain Engineering, KAIST, Republic of Korea

$^{4}$ Center for Neuroscience-inspired AI, KAIST, Republic of Korea

{bjej1123，jimin9401}@gmail.com

dkp2129@columbia.edu, sangwan@kaist.ac.kr",false,,,,"[{""raw_affiliation_text"": ""Humelo, Republic of Korea"", ""institution"": ""Humelo"", ""country"": ""Republic of Korea""}, {""raw_affiliation_text"": ""Department of Biomedical Engineering, Columbia University, USA"", ""institution"": ""Columbia University"", ""country"": ""USA""}, {""raw_affiliation_text"": ""Department of Bio and Brain Engineering, KAIST, Republic of Korea"", ""institution"": ""KAIST"", ""country"": ""Republic of Korea""}]"
2020.emnlp-main.738,,,,2020.emnlp-main.738,done,"The Chinese University of Hong Kong | Tencent AI Lab | DAMO Academy, Alibaba Group | State Key Lab on Intelligent Technology and Systems | Tsinghua University","# Partially-Aligned Data-to-Text Generation with Distant Supervision

Zihao Fu $^{1}$ , Bei Shi $^{2}$ , Wai Lam $^{1}$ , Lidong Bing $^{3}$ , Zhiyuan Liu $^{4}$

$^{1}$ Department of Systems Engineering and Engineering Management, The Chinese University of Hong Kong

$^{2}$ Tencent AI Lab $^{3}$ DAMO Academy, Alibaba Group

$^{4}$ State Key Lab on Intelligent Technology and Systems

Department of Computer Science and Technology

Institute for Artificial Intelligence, Tsinghua University

zhfu@se.cuhk.edu.hk; beishi@tencent.com; wlam@se.cuhk.edu.hk;

1.bing@alibaba-inc.com; liuzy@tsinghua.edu.cn",false,,,,"[{""raw_affiliation_text"": ""Department of Systems Engineering and Engineering Management, The Chinese University of Hong Kong"", ""institution"": ""The Chinese University of Hong Kong"", ""country"": null}, {""raw_affiliation_text"": ""Tencent AI Lab"", ""institution"": ""Tencent AI Lab"", ""country"": null}, {""raw_affiliation_text"": ""DAMO Academy, Alibaba Group"", ""institution"": ""DAMO Academy, Alibaba Group"", ""country"": null}, {""raw_affiliation_text"": ""State Key Lab on Intelligent Technology and Systems"", ""institution"": ""State Key Lab on Intelligent Technology and Systems"", ""country"": null}, {""raw_affiliation_text"": ""Department of Computer Science and Technology, Institute for Artificial Intelligence, Tsinghua University"", ""institution"": ""Tsinghua University"", ""country"": null}]"
2020.emnlp-main.739,,,,2020.emnlp-main.739,done,UC San Diego | Carnegie Mellon University,"# Like hiking? You probably enjoy nature: Persona-grounded Dialog with Commonsense Expansions

Bodhisattwa Prasad Majumder\* Harsh Jhamtani\* Taylor Berg-kirkpatrick\* Julian McAuley\*

\*Department of Computer Science and Engineering, UC San Diego {bmajumde, tberg, jmcauley}@eng.ucsd.edu

$\spadesuit$ School of Computer Science, Carnegie Mellon University jharsh@cs.cmu.edu",false,,,,"[{""raw_affiliation_text"": ""Department of Computer Science and Engineering, UC San Diego"", ""institution"": ""UC San Diego"", ""country"": null}, {""raw_affiliation_text"": ""School of Computer Science, Carnegie Mellon University"", ""institution"": ""Carnegie Mellon University"", ""country"": null}]"
2020.emnlp-main.74,,,,2020.emnlp-main.74,done,Huawei Noah's Ark Lab,"# Why Skip If You Can Combine: A Simple Knowledge Distillation Technique for Intermediate Layers

Yimeng Wu*

Peyman Passban* Mehdi Rezagholizadeh

Qun Liu

Huawei Noah's Ark Lab

firstname.lastname@huawei.com",false,,,,"[{""raw_affiliation_text"": ""Huawei Noah's Ark Lab"", ""institution"": ""Huawei Noah's Ark Lab"", ""country"": null}]"
2020.emnlp-main.740,,,,2020.emnlp-main.740,done,Tsinghua University | China Mobile Research Institute,"# A Probabilistic End-To-End Task-Oriented Dialog Model with Latent Belief States towards Semi-Supervised Learning

Yichi Zhang $^{1}$ , Zhijian Ou $^{1*}$ , Min Hu $^{2}$ , Junlan Feng $^{2}$

<sup>1</sup> Speech Processing and Machine Intelligence Lab, Tsinghua University, Beijing, China

$^{2}$ China Mobile Research Institute, Beijing, China

zhangyic17@tsinghua.org.cn,ozj@tsinghua.edu.cn",false,,,,"[{""raw_affiliation_text"": ""Speech Processing and Machine Intelligence Lab, Tsinghua University, Beijing, China"", ""institution"": ""Tsinghua University"", ""country"": ""China""}, {""raw_affiliation_text"": ""China Mobile Research Institute, Beijing, China"", ""institution"": ""China Mobile Research Institute"", ""country"": ""China""}]"
2020.emnlp-main.741,,,,2020.emnlp-main.741,done,Tsinghua University | The Chinese University of Hong Kong | Tencent AI Lab,"# The World is Not Binary: Learning to Rank with Grayscale Data for Dialogue Response Selection

Zibo Lin $^{1,2,*}$ , Deng Cai $^{3,*}$ , Yan Wang $^{4,\dagger}$ , Xiaojiang Liu $^{4}$ , Hai-Tao Zheng $^{1,2,\dagger}$ , Shuming Shi $^{4}$

$^{1}$ Tsinghua Shenzhen International Graduate School, Tsinghua University

$^{2}$ Department of Computer Science and Technology, Tsinghua University

<sup>3</sup>The Chinese University of Hong Kong

Tencent AI Lab

{lzbl8,zheng.haitao}@mails.tsinghua.edu.cn

thisisjcykcd@gmail.com, xiaojiangliu84@hotmail.com

{brandenwang,shumingshi}@tencent.com",false,,,,"[{""raw_affiliation_text"": ""Tsinghua Shenzhen International Graduate School, Tsinghua University"", ""institution"": ""Tsinghua University"", ""country"": null}, {""raw_affiliation_text"": ""The Chinese University of Hong Kong"", ""institution"": ""The Chinese University of Hong Kong"", ""country"": null}, {""raw_affiliation_text"": ""Tencent AI Lab"", ""institution"": ""Tencent AI Lab"", ""country"": null}]"
2020.emnlp-main.742,,,,2020.emnlp-main.742,done,Sun Yat-Sen University | Dark Matter AI Inc.,"# GRADE: Automatic Graph-Enhanced Coherence Metric for Evaluating Open-Domain Dialogue Systems

Lishan Huang $^{1*}$ , Zheng Ye $^{1*}$ , Jinghui Qin $^{1}$ , Liang Lin $^{1,2}$ , Xiaodan Liang $^{1,2\dagger}$

<sup>1</sup> Sun Yat-Sen University, <sup>2</sup> Dark Matter AI Inc. {huanglsh6,yezh7,qinjingh} @ mail2.sysu.edu.cn, linliang@ieee.org, xdliang328@gmail.com",false,,,,"[{""raw_affiliation_text"": ""Sun Yat-Sen University"", ""institution"": ""Sun Yat-Sen University"", ""country"": null}, {""raw_affiliation_text"": ""Dark Matter AI Inc."", ""institution"": ""Dark Matter AI Inc."", ""country"": null}]"
2020.emnlp-main.743,,,,2020.emnlp-main.743,done,UC San Diego,"# MedDialog: Large-scale Medical Dialogue Datasets

# Guangtao Zeng, Wenmian Yang, Zeqian Ju, Yue Yang, Sicheng Wang, Ruisi Zhang, Meng Zhou, Jiaqi Zeng, Xiangyu Dong, Ruoyu Zhang, Hongchao Fang, Penghui Zhu, Shu Chen and Pengtao Xie

UC San Diego

p1xie@eng.ucsd.edu",false,,,,"[{""raw_affiliation_text"": ""UC San Diego"", ""institution"": ""UC San Diego"", ""country"": null}]"
2020.emnlp-main.744,,,,2020.emnlp-main.744,done,"University of Toronto | Vector Institute | Surgical Safety Technologies | Li Ka Shing Knowledge Institute, St Michael's Hospital","# An information theoretic view on selecting linguistic probes

Zining Zhu $^{1,2}$ , Frank Rudzicz $^{3,4,1,2}$

<sup>1</sup> University of Toronto, <sup>2</sup> Vector Institute, <sup>3</sup> Surgical Safety Technologies

$^{4}$ Li Ka Shing Knowledge Institute, St Michael's Hospital

{zining, frank}@cs.toronto.edu",false,,,,"[{""raw_affiliation_text"": ""University of Toronto"", ""institution"": ""University of Toronto"", ""country"": null}, {""raw_affiliation_text"": ""Vector Institute"", ""institution"": ""Vector Institute"", ""country"": null}, {""raw_affiliation_text"": ""Surgical Safety Technologies"", ""institution"": ""Surgical Safety Technologies"", ""country"": null}, {""raw_affiliation_text"": ""Li Ka Shing Knowledge Institute, St Michael's Hospital"", ""institution"": ""Li Ka Shing Knowledge Institute, St Michael's Hospital"", ""country"": null}]"
2020.emnlp-main.745,,,,2020.emnlp-main.745,done,Stanford University | University of California Santa Barbara,"# With Little Power Comes Great Responsibility

Dallas Card<sup>1</sup> Peter Henderson<sup>1</sup> Urvashi Khandelwal<sup>1</sup> Robin Jia<sup>1</sup>  
Kyle Mahowald<sup>2</sup> Dan Jurafsky<sup>1</sup>

$^{1}$ Stanford University, Stanford, CA

$^{2}$ University of California Santa Barbara, Santa Barbara, CA

dcard@stanford.edu,phend@stanford.edu,

urvashik@stanford.edu, robinjia@stanford.edu,

mahowald@ucsb.edu, jurafsky@stanford.edu",false,,,,"[{""raw_affiliation_text"": ""Stanford University, Stanford, CA"", ""institution"": ""Stanford University"", ""country"": ""USA""}, {""raw_affiliation_text"": ""University of California Santa Barbara, Santa Barbara, CA"", ""institution"": ""University of California Santa Barbara"", ""country"": ""USA""}]"
2020.emnlp-main.746,,,,2020.emnlp-main.746,done,Allen Institute for Artificial Intelligence | The Hebrew University of Jerusalem | University of Washington,"# Dataset Cartography: Mapping and Diagnosing Datasets with Training Dynamics

Swabha Swayamdipta $^{\dagger}$ Roy Schwartz $^{\ddagger*}$ Nicholas Lourie $^{\dagger}$ Yizhong Wang $^{\diamond}$ Hannaneh Hajishirzi $^{\dagger\diamond}$ Noah A. Smith $^{\dagger\diamond}$ Yejin Choi $^{\dagger\diamond}$

†Allen Institute for Artificial Intelligence, Seattle, WA, USA

†The Hebrew University of Jerusalem, Israel

$\diamond$ Paul G. Allen School of Computer Science & Engineering, University of Washington, Seattle, WA, USA

{swabhas,nicholas1}@allenai.org roys@cs.huji.ac.il

{yizhongw,hannaneh,noah,yejin}@cs.washington.edu",false,,,,"[{""raw_affiliation_text"": ""Allen Institute for Artificial Intelligence, Seattle, WA, USA"", ""institution"": ""Allen Institute for Artificial Intelligence"", ""country"": ""USA""}, {""raw_affiliation_text"": ""The Hebrew University of Jerusalem, Israel"", ""institution"": ""The Hebrew University of Jerusalem"", ""country"": ""Israel""}, {""raw_affiliation_text"": ""Paul G. Allen School of Computer Science & Engineering, University of Washington, Seattle, WA, USA"", ""institution"": ""University of Washington"", ""country"": ""USA""}]"
2020.emnlp-main.747,,,,2020.emnlp-main.747,done,University of Colorado Boulder,"# Evaluating and Characterizing Human Rationales

Samuel Carton; Anirudh Rathore; Chenhao Tan

University of Colorado Boulder

{sampler-carton,anirudh.rathore,chenhao.tan}@colorado.edu",false,,,,"[{""raw_affiliation_text"": ""University of Colorado Boulder"", ""institution"": ""University of Colorado Boulder"", ""country"": null}]"
2020.emnlp-main.748,,,,2020.emnlp-main.748,done,Element AI | Mila | Polytechnique Montreal | University of Montreal,"# On Extractive and Abstractive Neural Document Summarization with Transformer Language Models

Jonathan Pilault* 1,2,3, Raymond Li*1, Sandeep Subramanian*1,2,4 and Christopher Pal1,2,3,4,5

Element AI

$^{2}$ Mila, $^{3}$ Polytechnique Montreal, $^{4}$ University of Montreal, $^{5}$ Canada CIFAR AI Chair

firstname_lastname@elementai.com",false,,,,"[{""raw_affiliation_text"": ""Element AI"", ""institution"": ""Element AI"", ""country"": null}, {""raw_affiliation_text"": ""Mila"", ""institution"": ""Mila"", ""country"": null}, {""raw_affiliation_text"": ""Polytechnique Montreal"", ""institution"": ""Polytechnique Montreal"", ""country"": null}, {""raw_affiliation_text"": ""University of Montreal"", ""institution"": ""University of Montreal"", ""country"": null}]"
2020.emnlp-main.749,,,,2020.emnlp-main.749,done,Mc Gill University | Microsoft Dynamics 365 AI Research,"# Multi-Fact Correction in Abstractive Text Summarization

# Yue Dong $^{1*}$ Shuohang Wang $^{2}$ Zhe Gan $^{2}$ Yu Cheng $^{2}$ Jackie Chi Kit Cheung $^{1}$ Jingjing Liu $^{2}$

$^{1}$ Mila / McGill University, $^{2}$ Microsoft Dynamics 365 AI Research

{yue.dong2@mail, jcheung@cs}.mcgill.ca

{shuowa, zhe.gan, yu.cheng, jingjl}@microsoft.com",false,,,,"[{""raw_affiliation_text"": ""Mila / McGill University"", ""institution"": ""Mc Gill University"", ""country"": null}, {""raw_affiliation_text"": ""Microsoft Dynamics 365 AI Research"", ""institution"": ""Microsoft Dynamics 365 AI Research"", ""country"": null}]"
2020.emnlp-main.75,,,,2020.emnlp-main.75,done,University of Illinois at Urbana-Champaign | Microsoft,"# Multi-task Learning for Multilingual Neural Machine Translation

Yiren Wang†,*, ChengXiang Zhai†, Hany Hassan Awadalla‡

†University of Illinois at Urbana-Champaign

Microsoft

$\dagger$ {yiren, czhai}@illinois.edu

$hanyh@microsoft.com",false,,,,"[{""raw_affiliation_text"": ""University of Illinois at Urbana-Champaign"", ""institution"": ""University of Illinois at Urbana-Champaign"", ""country"": null}, {""raw_affiliation_text"": ""Microsoft"", ""institution"": ""Microsoft"", ""country"": null}]"
2020.emnlp-main.750,,,,2020.emnlp-main.750,done,Salesforce Research,"# Evaluating the Factual Consistency of Abstractive Text Summarization

Wojciech Krysciński, Bryan McCann, Caiming Xiong, Richard Socher  
Salesforce Research

{kryscinski,bmccann,cxiong,rsocher}@salesforce.com",false,,,,"[{""raw_affiliation_text"": ""Salesforce Research"", ""institution"": ""Salesforce Research"", ""country"": null}]"
2020.emnlp-main.751,,,,2020.emnlp-main.751,done,Carnegie Mellon University,"# Re-evaluating Evaluation in Text Summarization

# Manik Bhandari, Pranav Gour, Atabak Ashfaq, Pengfei Liu, Graham Neubig  
Carnegie Mellon University

{mbhandar,pgour,aashfaq,pliu3,gneubig}@cs.cmu.edu",false,,,,"[{""raw_affiliation_text"": ""Carnegie Mellon University"", ""institution"": ""Carnegie Mellon University"", ""country"": null}]"
2020.emnlp-main.752,,,,2020.emnlp-main.752,done,Peking University,"# VMSMO: Learning to Generate Multimodal Summary for Video-based News Articles

Mingzhe Li $^{1,2,*}$ , Xiuying Chen $^{1,2,*}$ , Shen Gao $^{2}$ , Zhangming Chan $^{1,2}$ , Dongyan Zhao $^{1,2}$ and Rui Yan $^{1,2,\dagger}$

<sup>1</sup> Center for Data Science, AAIS, Peking University, Beijing, China

$^{2}$ Wangxuan Institute of Computer Technology, Peking University, Beijing, China {li mingzhe, xy-chen, shengao, zhaody, ruiyan}@pku.edu.cn",false,,,,"[{""raw_affiliation_text"": ""Center for Data Science, AAIS, Peking University, Beijing, China"", ""institution"": ""Peking University"", ""country"": ""China""}]"
2020.emnlp-main.76,,,,2020.emnlp-main.76,done,Chinese Academy of Sciences | University of Chinese Academy of Sciences | Tencent Inc | Beijing Language and Culture University,"# Token-level Adaptive Training for Neural Machine Translation

Shuhao Gu $^{1,2}$ , Jinchao Zhang $^{3}$ , Fandong Meng $^{3}$ , Yang Feng $^{1,2*}$ , Wanying Xie $^{1,4}$ , Jie Zhou $^{3}$ , Dong Yu $^{4}$

<sup>1</sup> Key Laboratory of Intelligent Information Processing, Ute of Computing Technology, Chinese Academy of Sciences (ICT/CAS)

2 University of Chinese Academy of Sciences

$^{3}$ Pattern Recognition Center, WeChat AI, Tencent Inc, China

<sup>4</sup> Beijing Language and Culture University, China

$\{\mathrm{gushuhao19b,fengyang}\} @$ ict.ac.cn

{dayerzhang,fandongmeng,withtomzhou} @tencent.com

xiewanying07@gmail.com, yudong@blcu.edu.cn",false,,,,"[{""raw_affiliation_text"": ""Key Laboratory of Intelligent Information Processing, Ute of Computing Technology, Chinese Academy of Sciences (ICT/CAS)"", ""institution"": ""Chinese Academy of Sciences"", ""country"": null}, {""raw_affiliation_text"": ""University of Chinese Academy of Sciences"", ""institution"": ""University of Chinese Academy of Sciences"", ""country"": null}, {""raw_affiliation_text"": ""Pattern Recognition Center, WeChat AI, Tencent Inc, China"", ""institution"": ""Tencent Inc"", ""country"": ""China""}, {""raw_affiliation_text"": ""Beijing Language and Culture University, China"", ""institution"": ""Beijing Language and Culture University"", ""country"": ""China""}]"
2020.emnlp-main.77,,,,2020.emnlp-main.77,done,Tencent Inc,"# Multi-Unit Transformers for Neural Machine Translation

Jianhao Yan Fandong Meng Jie Zhou

Pattern Recognition Center, WeChat AI, Tencent Inc, Beijing, China

{elliottyan,fandongmeng,withtomzhou} @tencent.com",false,,,,"[{""raw_affiliation_text"": ""Pattern Recognition Center, WeChat AI, Tencent Inc, Beijing, China"", ""institution"": ""Tencent Inc"", ""country"": ""China""}]"
2020.emnlp-main.78,,,,2020.emnlp-main.78,done,The University of Hong Kong | Tencent AI Lab,"# On the Sparsity of Neural Machine Translation Models

Yong Wang*

The University of Hong Kong

wangyong@eee.hku.hk

Longyue Wang

Tencent AI Lab

vinnylywang@tencent.com

Victor O.K. Li

The University of Hong Kong

vli@eee.hku.hk

Zhaopeng Tu

Tencent AI Lab

zptu@tencent.com",false,,,,"[{""raw_affiliation_text"": ""The University of Hong Kong"", ""institution"": ""The University of Hong Kong"", ""country"": null}, {""raw_affiliation_text"": ""Tencent AI Lab"", ""institution"": ""Tencent AI Lab"", ""country"": null}]"
2020.emnlp-main.79,,,,2020.emnlp-main.79,done,Carnegie Mellon University,"# Incorporating a Local Translation Mechanism into Non-autoregressive Translation

Xiang Kong,\* Zhisong Zhang\* Eduard Hovy

Language Technologies Institute, Carnegie Mellon University

{xiangk,zhisongz,hovy}@cs.cmu.edu",false,,,,"[{""raw_affiliation_text"": ""Language Technologies Institute, Carnegie Mellon University"", ""institution"": ""Carnegie Mellon University"", ""country"": null}]"
2020.emnlp-main.8,,,,2020.emnlp-main.8,done,Johns Hopkins University,"# Automatic Machine Translation Evaluation in Many Languages via Zero-Shot Paraphrasing

Brian Thompson

Johns Hopkins University

brian.thompson@jhu.edu

Matt Post

Johns Hopkins University

post@cs.jhu.edu",false,,,,"[{""raw_affiliation_text"": ""Johns Hopkins University"", ""institution"": ""Johns Hopkins University"", ""country"": null}]"
2020.emnlp-main.80,,,,2020.emnlp-main.80,done,University of Macau | Alibaba Group,"# Self-Paced Learning for Neural Machine Translation

Yu Wan†‡ Baosong Yang‡* Derek F. Wong†* Yikai Zhou† Lidia S. Chao† Haibo Zhang‡ Boxing Chen‡

$\dagger$ NLP²CT Lab, University of Macau

nlp2ct.{ywan,yzhou}@gmail.com, {derekfw,lidiasc}@umac.mo

$\ddagger$ Alibaba Group

{yangbaosong.ybs,zhanhui.zhb,boxing.cbx}@alibaba-inc.com",false,,,,"[{""raw_affiliation_text"": ""NLP²CT Lab, University of Macau"", ""institution"": ""University of Macau"", ""country"": null}, {""raw_affiliation_text"": ""Alibaba Group"", ""institution"": ""Alibaba Group"", ""country"": null}]"
2020.emnlp-main.81,,,,2020.emnlp-main.81,done,Alibaba Group Inc.,"# Long-Short Term Masking Transformer: A Simple but Effective Baseline for Document-level Neural Machine Translation

Pei Zhang, Boxing Chen, Niyu Ge, Kai Fan*

Alibaba Group Inc.

{xiaoyi.zp,boxing.cbx,niyu.ge,k.fan}@alibaba-inc.com",false,,,,"[{""raw_affiliation_text"": ""Alibaba Group Inc."", ""institution"": ""Alibaba Group Inc."", ""country"": null}]"
2020.emnlp-main.82,,,,2020.emnlp-main.82,done,Chinese Academy of Sciences | University of Chinese Academy of Sciences,"# Generating Diverse Translation from Model Distribution with Dropout

Xuanfu Wu $^{1,2}$ , Yang Feng $^{1,2*}$ , Chenze Shao $^{1,2}$

<sup>1</sup> Key Laboratory of Intelligent Information Processing

Institute of Computing Technology, Chinese Academy of Sciences (ICT/CAS)

$^{2}$ University of Chinese Academy of Sciences, Beijing, China

{wuxuanfu20s, fengyang, shaochenze18z}@ict.ac.cn",false,,,,"[{""raw_affiliation_text"": ""Institute of Computing Technology, Chinese Academy of Sciences (ICT/CAS)"", ""institution"": ""Chinese Academy of Sciences"", ""country"": null}, {""raw_affiliation_text"": ""University of Chinese Academy of Sciences, Beijing, China"", ""institution"": ""University of Chinese Academy of Sciences"", ""country"": ""China""}]"
2020.emnlp-main.83,,,,2020.emnlp-main.83,done,Google Research,"# Non-Autoregressive Machine Translation with Latent Alignments

Chitwan Sahara*†

Google Research, Brain Team

sahariac@google.com

William Chan*

Google Research, Brain Team

williamchan@google.com

Saurabh Saxena

Google Research, Brain Team

srbs@google.com

Mohammad Norouzi

Google Research, Brain Team

mnorouzi@google.com",false,,,,"[{""raw_affiliation_text"": ""Google Research, Brain Team"", ""institution"": ""Google Research"", ""country"": null}]"
2020.emnlp-main.84,,,,2020.emnlp-main.84,done,Korea University,"# Look at the First Sentence: Position Bias in Question Answering

Miyoung Ko Jinhyuk Lee† Hyunjae Kim Gangwoo Kim Jaewoo Kang†

Korea University

{miyoungko, jinhyuk_lee, hyunjae-kim}@korea.ac.kr  
{gangwoo_kim, kangj}@korea.ac.kr",false,,,,"[{""raw_affiliation_text"": ""Korea University"", ""institution"": ""Korea University"", ""country"": null}]"
2020.emnlp-main.85,,,,2020.emnlp-main.85,done,University of Massachusetts Amherst,"# ProtoQA: A Question Answering Dataset for Prototypical Common-Sense Reasoning

Michael Boratko*

Xiang Lorraine Li* Tim O'Gorman* Dan Le Andrew McCallum

Rajarshi Das*

College of Information and Computer Sciences  
University of Massachusetts Amherst

{mboratko, xiangl, rajarshi, togorman, dhle, mccallum}@cs.umass.edu",false,,,,"[{""raw_affiliation_text"": ""College of Information and Computer Sciences, University of Massachusetts Amherst"", ""institution"": ""University of Massachusetts Amherst"", ""country"": ""null""}]"
2020.emnlp-main.86,,,,2020.emnlp-main.86,done,University of Washington | Allen Institute for AI,"# IIRC: A Dataset of Incomplete Information Reading Comprehension Questions

James Ferguson\* Matt Gardner\* Hannaneh Hajishirzi\* Tushar Khot\* Pradeep Dasigi\*

$\diamond$ University of Washington

*Allen Institute for AI

{jfferg,hannaneh}@cs.washington.edu

{mattg,tushark,pradeepd}@allenai.org",false,,,,"[{""raw_affiliation_text"": ""University of Washington"", ""institution"": ""University of Washington"", ""country"": null}, {""raw_affiliation_text"": ""Allen Institute for AI"", ""institution"": ""Allen Institute for AI"", ""country"": null}]"
2020.emnlp-main.87,,,,2020.emnlp-main.87,done,Pryon Inc.,"# Unsupervised Adaptation of Question Answering Systems via Generative Self-training

Steven J. Rennie, Etienne Marcheret, Neil Mallinar, David Nahamoo, and Vaibhava Goel Pryon Inc., Brooklyn, New York, New York.

{srennie, emarcheret, nmallinar, dnahamoo, vgoel}@pryon.com",false,,,,"[{""raw_affiliation_text"": ""Pryon Inc., Brooklyn, New York, New York."", ""institution"": ""Pryon Inc."", ""country"": ""USA""}]"
2020.emnlp-main.88,,,,2020.emnlp-main.88,done,"Allen Institute for AI | Hooray Data Co., Ltd | University of Southern California | University of Pennsylvania","# TORQUE: A Reading Comprehension Dataset of Temporal Ordering Questions

Qiang Ning $^{\diamond}$ Hao Wu $^{\clubsuit}$ Rujun Han $^{\clubsuit}$ Nanyun Peng $^{\clubsuit}$ Matt Gardner $^{\diamond}$ Dan Roth $^{\diamond}$

$\diamond$ Allen Institute for AI $\clubsuit$ Hooray Data Co., Ltd

$^{\spadesuit}$ University of Southern California $^{\circ}$ University of Pennsylvania

{qiangn,mattg}@allenai.org,haowu@hooray.ai

{rujunhan, npeng}@isi.edu, danroth@seas.upenn.edu",false,,,,"[{""raw_affiliation_text"": ""Allen Institute for AI"", ""institution"": ""Allen Institute for AI"", ""country"": null}, {""raw_affiliation_text"": ""Hooray Data Co., Ltd"", ""institution"": ""Hooray Data Co., Ltd"", ""country"": null}, {""raw_affiliation_text"": ""University of Southern California"", ""institution"": ""University of Southern California"", ""country"": null}, {""raw_affiliation_text"": ""University of Pennsylvania"", ""institution"": ""University of Pennsylvania"", ""country"": null}]"
2020.emnlp-main.89,,,,2020.emnlp-main.89,done,Google Research | Georgia Tech | Carnegie Mellon University,"# ToTTo: A Controlled Table-To-Text Generation Dataset

Ankur P. Parikh\* Xuezhi Wang\* Sebastian Gehrmann\*

Manaal Faruqui\* Bhuwan Dhingra\* Diyi Yang\* Dipanjan Das\*

$\spadesuit$ Google Research, New York, NY

$\diamond$ Georgia Tech, Atlanta, GA

\* Carnegie Mellon University, Pittsburgh, PA

totto@google.com",false,,,,"[{""raw_affiliation_text"": ""Google Research, New York, NY"", ""institution"": ""Google Research"", ""country"": ""USA""}, {""raw_affiliation_text"": ""Georgia Tech, Atlanta, GA"", ""institution"": ""Georgia Tech"", ""country"": ""USA""}, {""raw_affiliation_text"": ""Carnegie Mellon University, Pittsburgh, PA"", ""institution"": ""Carnegie Mellon University"", ""country"": ""USA""}]"
2020.emnlp-main.9,,,,2020.emnlp-main.9,done,UNC Chapel Hill,"# PROVER: Proof Generation for Interpretable Reasoning over Rules

# Swarnadeep Saha

# Sayan Ghosh

# Shashank Srivastava

# Mohit Bansal

UNC Chapel Hill

{swarna, sayghosh, ssrivastava, mbansal}@cs.unc.edu",false,,,,"[{""raw_affiliation_text"": ""UNC Chapel Hill"", ""institution"": ""UNC Chapel Hill"", ""country"": null}]"
2020.emnlp-main.90,,,,2020.emnlp-main.90,done,"Singapore University of Technology and Design | DAMO Academy, Alibaba Group | York University","# ENT-DESC: Entity Description Generation by Exploring Knowledge Graph

Liying Cheng\*1,2, Dekun $\mathbf{W}\mathbf{u}^{\dagger 3}$ , Lidong Bing?, Yan Zhang', Zhanming Jie', Wei Lu', Luo Si'

$^{1}$ Singapore University of Technology and Design

$^{2}$ DAMO Academy, Alibaba Group $^{3}$ York University, Canada

{liying.cheng, l.bing, luo.si}@alibaba-inc.com, jackwu@eecs.yorku.ca,

{yan_zhang, zhanming_jie}@mymail.sutd.edu.sg, luwei@sutd.edu.sg",false,,,,"[{""raw_affiliation_text"": ""Singapore University of Technology and Design"", ""institution"": ""Singapore University of Technology and Design"", ""country"": null}, {""raw_affiliation_text"": ""DAMO Academy, Alibaba Group"", ""institution"": ""DAMO Academy, Alibaba Group"", ""country"": null}, {""raw_affiliation_text"": ""York University, Canada"", ""institution"": ""York University"", ""country"": ""Canada""}]"
2020.emnlp-main.91,,,,2020.emnlp-main.91,done,University of Pennsylvania | IBM Research | Google Research,"# Small but Mighty: New Benchmarks for Split and Rephrase

Li Zhang\*

Huaiyu Zhu

Siddhartha Brahma\*

Yunyao Li

$\spadesuit$ University of Pennsylvania

$\diamond$ IBM Research

Google Research

zharry@seas.upenn.edu

{huaiyu,yunyaoli}@us.ibm.com

sidbrahma@google.com",false,,,,"[{""raw_affiliation_text"": ""University of Pennsylvania"", ""institution"": ""University of Pennsylvania"", ""country"": null}, {""raw_affiliation_text"": ""IBM Research"", ""institution"": ""IBM Research"", ""country"": null}, {""raw_affiliation_text"": ""Google Research"", ""institution"": ""Google Research"", ""country"": null}]"
2020.emnlp-main.92,,,,2020.emnlp-main.92,done,Zhejiang University | Westlake University | Tencent AI Lab | Westlake Institute for Advanced Study,"# Online Back-Parsing for AMR-to-Text Generation

Xuefeng Bai $\spadesuit$ ♥, Linfeng Song $\clubsuit$ , Yue Zhang

$\spadesuit$ Zhejiang University, China

School of Engineering, Westlake University, China

* Tencent AI Lab, Bellevue, WA, USA

$\diamond$ Institute of Advanced Technology, Westlake Institute for Advanced Study, China",false,,,,"[{""raw_affiliation_text"": ""Zhejiang University, China"", ""institution"": ""Zhejiang University"", ""country"": ""China""}, {""raw_affiliation_text"": ""School of Engineering, Westlake University, China"", ""institution"": ""Westlake University"", ""country"": ""China""}, {""raw_affiliation_text"": ""Tencent AI Lab, Bellevue, WA, USA"", ""institution"": ""Tencent AI Lab"", ""country"": ""USA""}, {""raw_affiliation_text"": ""Institute of Advanced Technology, Westlake Institute for Advanced Study, China"", ""institution"": ""Westlake Institute for Advanced Study"", ""country"": ""China""}]"
2020.emnlp-main.93,,,,2020.emnlp-main.93,done,Carnegie Mellon University,"# Reading Between the Lines: Exploring Infilling in Visual Narratives

Khyathi Raghavi Chandu

Ruo-Ping Dong

Alan W Black

Language Technologies Institute, Carnegie Mellon University

{kchandu, awb}@cs.cmu.edu, ruopingd@alumni.cmu.edu",false,,,,"[{""raw_affiliation_text"": ""Language Technologies Institute, Carnegie Mellon University"", ""institution"": ""Carnegie Mellon University"", ""country"": null}]"
2020.emnlp-main.94,,,,2020.emnlp-main.94,done,New York University | University of Colorado Boulder,"# Acrostic Poem Generation

Rajat Agarwal

New York University

rajat.agarwal@nyu.edu

Katharina Kann

University of Colorado Boulder

katharina.kann@colorado.edu",false,,,,"[{""raw_affiliation_text"": ""New York University"", ""institution"": ""New York University"", ""country"": null}, {""raw_affiliation_text"": ""University of Colorado Boulder"", ""institution"": ""University of Colorado Boulder"", ""country"": null}]"
2020.emnlp-main.95,,,,2020.emnlp-main.95,done,Georgia Institute of Technology | ASIT Japan / Google | Citadel Securities,"# Local Additivity Based Data Augmentation for Semi-supervised NER

Jiaao Chen*, Zhenghui Wang*, Ran Tian $^{1}$ , Zichao Yang $^{2}$ , Diyi Yang

Georgia Institute of Technology, ASIT Japan / Google, Citadel Securities

{jchen896,zhwang,dyang888}@gatech.edu",false,,,,"[{""raw_affiliation_text"": ""Georgia Institute of Technology"", ""institution"": ""Georgia Institute of Technology"", ""country"": null}, {""raw_affiliation_text"": ""ASIT Japan / Google"", ""institution"": ""ASIT Japan / Google"", ""country"": null}, {""raw_affiliation_text"": ""Citadel Securities"", ""institution"": ""Citadel Securities"", ""country"": null}]"
2020.emnlp-main.96,,,,2020.emnlp-main.96,done,University of Washington | Allen Institute for Artificial Intelligence,"# Grounded Compositional Outputs for Adaptive Language Modeling

Nikolaos Pappas\* Phoebe Mulcaire\* Noah A. Smith\*

*Paul G. Allen School of Computer Science & Engineering, University of Washington

$\diamond$ Allen Institute for Artificial Intelligence

{npappas,pmulcaire,nasmith@cs.washington.edu}",false,,,,"[{""raw_affiliation_text"": ""Paul G. Allen School of Computer Science & Engineering, University of Washington"", ""institution"": ""University of Washington"", ""country"": null}, {""raw_affiliation_text"": ""Allen Institute for Artificial Intelligence"", ""institution"": ""Allen Institute for Artificial Intelligence"", ""country"": null}]"
2020.emnlp-main.97,,,,2020.emnlp-main.97,done,University of Toronto | Vector Institute | New York University,"# SSMBA: Self-Supervised Manifold Based Data Augmentation for Improving Out-of-Domain Robustness

Nathan Ng

University of Toronto

Vector Institute

Kyunghyun Cho

New York University

Marzyeh Ghassemi

University of Toronto

Vector Institute",false,,,,"[{""raw_affiliation_text"": ""University of Toronto"", ""institution"": ""University of Toronto"", ""country"": null}, {""raw_affiliation_text"": ""Vector Institute"", ""institution"": ""Vector Institute"", ""country"": null}, {""raw_affiliation_text"": ""New York University"", ""institution"": ""New York University"", ""country"": null}]"
2020.emnlp-main.98,,,,2020.emnlp-main.98,done,The University of Texas at Dallas | IBM T.J. Watson,"# SetConv: A New Approach for Learning from Imbalanced Data

Yang Gao $^{1}$ , Yi-Fan Li $^{1}$ , Yu Lin $^{1}$ , Charu Aggarwal $^{2}$ , Latifur Khan $^{1}$

<sup>1</sup>The University of Texas at Dallas, USA

$^{2}$ IBM T.J. Watson, USA

{yxg122530,yli, yxl163430, lkhan}@utdallas.edu, charu@us.ibm.com",false,,,,"[{""raw_affiliation_text"": ""The University of Texas at Dallas, USA"", ""institution"": ""The University of Texas at Dallas"", ""country"": ""USA""}, {""raw_affiliation_text"": ""IBM T.J. Watson, USA"", ""institution"": ""IBM T.J. Watson"", ""country"": ""USA""}]"
2020.emnlp-main.99,,,,2020.emnlp-main.99,done,University of Southern California | Peking University | Carnegie Mellon University,"# Scalable Multi-Hop Relational Reasoning for Knowledge-Aware Question Answering

Yanlin Feng\* Xinyue Chen\* Bill Yuchen Lin\* Peifeng Wang\* Jun Yan\* Xiang Ren

fengyanlin@pku.edu.cn, xinyuech@andrew.cmu.edu,

{yuchen.lin, peifengw, yanjun, xiangren}@usc.edu

$\mathcal{V}$ University of Southern California

$\spadesuit$ Peking University $\spadesuit$ Carnegie Mellon University",false,,,,"[{""raw_affiliation_text"": ""University of Southern California"", ""institution"": ""University of Southern California"", ""country"": null}, {""raw_affiliation_text"": ""Peking University"", ""institution"": ""Peking University"", ""country"": null}, {""raw_affiliation_text"": ""Carnegie Mellon University"", ""institution"": ""Carnegie Mellon University"", ""country"": null}]"
