org_id,year,org_name,org_type,org_country_code,paper_count,collaborative_paper_count,international_collab_paper_count,industry_academia_paper_count,cross_sector_paper_count,government_academia_paper_count,unique_partner_org_count
EXT:0142C5B65354,2025,Universit茅 catholique de Louvain,other,BE,1,1,0,0,1,0,2
EXT:0177DE5BD1BF,2023,L 3 i La Rochelle,other,FR,1,1,0,0,1,0,1
EXT:017E4EA65528,2025,SAP SE,other,DE,1,0,0,0,0,0,0
EXT:01DC2D68DC44,2023,Triadvisor,other,,1,1,0,0,1,0,3
EXT:022F237A6E07,2025,Hokudai,other,,1,1,1,1,1,1,12
EXT:0236F00FCA7B,2025,Squirrel AI,company,,1,1,1,1,1,0,6
EXT:025458618C5D,2025,Army Research Lab,government,,1,1,0,0,1,1,2
EXT:030F0622A2DD,2023,Data Grand Inc.,company,CN,1,1,0,1,1,0,1
EXT:0323E81CE182,2025,Hofstra Northwell School of Medicine,education,US,1,1,0,0,1,0,3
EXT:03503DDFEC23,2025,Martian,other,,1,1,1,1,1,0,4
EXT:0376456A7CFE,2025,ETH AI Center,facility,CH,2,2,2,0,2,0,2
EXT:03835227271C,2025,Joint Laboratory of Tourism Big Data in Shanxi Province,facility,CN,1,1,0,0,1,1,2
EXT:038745757AF5,2025,Autonomous University of Madrid,education,,1,1,0,1,1,0,2
EXT:039BBED7FA47,2025,Beijing University of Post and Telecommunication,education,,1,1,0,0,0,0,1
EXT:03B44DB7365C,2025,Channel Corporation,company,,1,1,0,1,1,0,1
EXT:042DE9ECB8EE,2025,MTS AI,company,,1,1,1,1,1,0,5
EXT:04A59D4AE2F2,2024,Ghana NLP,other,,1,1,1,1,1,1,35
EXT:04F75F2DB05A,2024,GE Healthcare,company,US,1,1,1,1,1,0,5
EXT:04F75F2DB05A,2025,GE Healthcare,company,US,1,1,0,1,1,0,1
EXT:0543E0A5D51E,2021,Southeast Academy of Information Technology,education,CN,1,1,0,0,0,0,1
EXT:0543E0A5D51E,2023,Southeast Academy of Information Technology,education,CN,1,1,0,0,0,0,1
EXT:0543E0A5D51E,2024,Southeast Academy of Information Technology,education,CN,1,1,1,0,1,0,4
EXT:05856FF4F6FF,2025,Roblox,other,,1,1,1,0,1,0,2
EXT:05A928D7C268,2025,Key Laboratory of High Confidence Software Technologies (PKU),company,CN,1,1,1,1,1,0,2
EXT:05B166FF9BE6,2022,Human Language Technology Center of Excellence,facility,US,1,1,0,0,1,0,2
EXT:05B17B378380,2025,"Du Xiaoman Technology (Beijing) Co., Ltd.",company,CN,1,1,0,1,1,0,2
EXT:05E4423407C3,2022,Masakhane,other,,1,1,1,0,1,0,3
EXT:063056D807E5,2021,Qualtrics,other,,1,1,0,1,1,0,2
EXT:063B8E0C9E20,2025,ICANS Strasbourg,other,,1,1,1,0,1,0,2
EXT:063D25E6F5EA,2022,yz-intelligence Inc,company,,1,1,0,1,1,1,3
EXT:067EF77846E6,2025,Penta Global Limited,company,,1,1,0,1,1,0,2
EXT:06A1EA5D77D7,2024,MOH Office for Healthcare Transformation (MOHT),company,,1,1,1,1,1,0,32
EXT:06AB4DE81756,2025,AIIMS Rajkot,other,,1,1,1,0,1,0,3
EXT:06ABE4BB06F0,2021,Pazhou Lab,facility,CN,3,3,2,0,3,0,4
EXT:06ABE4BB06F0,2024,Pazhou Lab,facility,CN,4,4,1,3,4,0,9
EXT:06ABE4BB06F0,2025,Pazhou Lab,facility,CN,6,6,2,1,6,0,8
EXT:0734A9941FA8,2024,Bale University,education,,1,1,1,1,1,0,4
EXT:0760B4A31875,2024,INF Technology,company,CN,1,1,0,1,1,0,2
EXT:07B9734C30EF,2023,Klagenfurt University,education,,1,1,0,1,1,0,2
EXT:07CC9EDE75D3,2022,Lingxin AI,company,CN,1,1,0,1,1,0,3
EXT:07CD02898290,2024,Hi Dream.ai,company,CN,1,1,0,1,1,0,2
EXT:07D0CC86F7FE,2024,ItaliaNLP Lab,facility,IT,1,1,0,0,1,0,1
EXT:07D0CC86F7FE,2025,ItaliaNLP Lab,facility,IT,1,1,0,0,1,0,1
EXT:085AC1D992C9,2022,US Army Research Laboratory,facility,US,1,1,0,1,1,0,2
EXT:08B90A6C090C,2025,Sber AI,company,RU,1,0,0,0,0,0,0
EXT:092416875695,2020,iversity of Maryland,other,,1,1,0,0,1,0,1
EXT:0949C4D59687,2024,Honda Research Institute Japan,company,JP,1,1,1,1,1,0,1
EXT:09BF74B1E175,2020,Netaji Subhas Institute of Technology,education,IN,2,2,0,0,0,0,4
EXT:09C660B752E2,2024,AIMS,other,CM,1,1,1,1,1,1,35
EXT:09E0C01B5FF1,2021,Kanari AI,company,US,1,1,1,1,1,0,1
EXT:0A1C31B7E07D,2024,Appier AI Research,company,,1,1,0,1,1,0,1
EXT:0A40E37373A3,2025,AIM Intelligence,company,KR,1,1,1,1,1,0,5
EXT:0A69E8A9C41E,2023,Lelapa AI,company,ZA,1,1,1,1,1,0,23
EXT:0A69E8A9C41E,2024,Lelapa AI,company,ZA,2,2,2,2,2,1,39
EXT:0A69E8A9C41E,2025,Lelapa AI,company,ZA,1,1,1,1,1,0,2
EXT:0AC916050AFF,2025,"Key Laboratory of Data Engineering and Knowledge Engineering, MOE",facility,CN,1,1,0,1,1,0,3
EXT:0B60586AB9D2,2022,Newsbreak,other,,1,1,0,1,1,0,5
EXT:0B7221ADE7DD,2025,H S E University,education,,1,0,0,0,0,0,0
EXT:0BFA6DE41BD2,2020,JOYY,other,CN,1,1,1,1,1,0,3
EXT:0BFA6DE41BD2,2021,JOYY,other,CN,1,1,1,0,1,0,2
EXT:0BFA6DE41BD2,2022,JOYY,other,CN,1,1,1,0,1,0,2
EXT:0C28A63A5E87,2025,University of Bocconi,education,IT,1,1,1,0,0,0,1
EXT:0CB7BD3ADCDC,2020,Guglielmo Marconi University,education,IT,1,1,0,0,0,0,1
EXT:0CD1C2F9AB1B,2023,Sorbonne University,education,FR,1,1,0,0,1,0,3
EXT:0CED4682663D,2025,Istitute Marey,other,FR,1,1,0,0,1,0,3
EXT:0CEE55ED4A7F,2022,National Engineering Research Center for E-Learning,facility,,1,1,0,0,1,0,3
EXT:0D46FDF5303C,2025,MPI-SWS,other,,1,1,0,0,1,0,1
EXT:0D5A9AA90DAB,2022,Supportiv Inc,company,US,1,0,0,0,0,0,0
EXT:0D6A5B37556D,2024,"LIPN, CNRS UMR 7030",other,FR,1,0,0,0,0,0,0
EXT:0D812EA94C0A,2021,Kriston AI Lab,company,CN,2,2,2,2,2,0,5
EXT:0D812EA94C0A,2022,Kriston AI Lab,company,CN,1,1,1,1,1,0,4
EXT:0E0B0134A356,2021,Triomics,other,IN,1,1,1,1,1,0,2
EXT:0E0EE951F923,2025,M 42,other,AE,1,0,0,0,0,0,0
EXT:0E20BAD94C38,2025,CJ Corporation,company,,1,0,0,0,0,0,0
EXT:0E6E04C20BF3,2024,"Institute of Artificial Intelligence, Hefei Comprehensive National Science Center",facility,CN,1,1,0,0,1,0,2
EXT:0E6E04C20BF3,2025,"Institute of Artificial Intelligence, Hefei Comprehensive National Science Center",facility,CN,1,1,0,0,1,0,2
EXT:0EE2391596C2,2021,DPDC,other,,1,1,0,1,1,0,4
EXT:0EF05FDD54B1,2025,NetMind.AI,company,GB,2,2,2,2,2,0,7
EXT:0EF2A78A02E9,2025,"K Mind Technology Co., Ltd.",company,,1,1,1,1,1,0,5
EXT:0F47D8312887,2024,Apart Research,nonprofit,US,1,1,1,0,1,0,1
EXT:0F47D8312887,2025,Apart Research,nonprofit,US,1,1,1,1,1,0,4
EXT:0F497015728E,2020,Garanti BBVA Technology,company,,1,1,1,1,1,0,2
EXT:0F529AB289AB,2025,DS Outscale,other,FR,1,1,1,0,1,1,4
EXT:0FF2ACC69E4D,2025,TU M眉nchen,other,,1,1,1,1,1,0,3
EXT:10D60CDFCC14,2024,UTS,other,,1,1,1,1,1,0,6
EXT:11399EB71D44,2025,Brane Matrix AI,company,CN,1,1,1,1,1,0,6
EXT:11665E4FEB84,2024,Schibsted Media,company,,1,1,0,1,1,0,2
EXT:116849E4FF64,2023,Babelscape,other,IT,1,1,1,0,1,0,2
EXT:116849E4FF64,2024,Babelscape,other,IT,2,2,1,0,2,0,4
EXT:116849E4FF64,2025,Babelscape,other,IT,3,3,0,0,3,0,1
EXT:1214EED3A080,2024,Zhejiang Institute of Administration,facility,,1,1,0,0,1,0,1
EXT:121EB2A3D9F2,2022,China-Singapore International Joint Research Institute,company,CN,1,1,1,1,1,0,3
EXT:1226304D6884,2023,Logically,other,GB,1,1,1,0,1,0,1
EXT:1235D1B569ED,2021,Yereva NN,other,,1,1,1,0,1,0,2
EXT:12AAA3143133,2024,Dialpad Inc.,company,CA,1,1,1,1,1,0,4
EXT:137684EB7378,2025,Yuanshi Inc,company,,1,1,1,1,1,0,2
EXT:137B7DC46B88,2025,Beijing Key Laboratory of Research on Large Models and Intelligent Governance,facility,CN,4,4,0,2,4,0,7
EXT:139B77BF4840,2022,Ai 4 Innov,company,,1,1,1,1,1,1,27
EXT:13BAFB1351E2,2022,Grammarly,company,US,3,3,1,3,3,0,5
EXT:13BAFB1351E2,2024,Grammarly,company,US,1,1,1,1,1,0,2
EXT:13BAFB1351E2,2025,Grammarly,company,US,1,1,1,1,1,0,44
EXT:13E341509693,2025,Peraton Labs,company,,1,1,0,1,1,0,2
EXT:1405B0EA2E03,2025,Washington University School of Medicine,education,,1,1,0,0,0,0,1
EXT:142C9C4578EC,2025,Shanghai Al Lab,company,,1,1,0,1,1,0,4
EXT:14D9D005007C,2023,Bavarian Academy of Sciences,education,DE,1,1,0,0,0,0,1
EXT:14F53833A217,2022,Key Laboratory of Network Information System Technology,company,,1,1,0,1,1,0,2
EXT:14F877FA01CA,2021,The Southeast Information Technology Research institute of BIT,company,,1,1,1,1,1,0,2
EXT:155963165D68,2025,Shanghai Uni,other,,1,1,1,0,1,0,2
EXT:1561FD16939B,2025,UNED NLP & IR Group,company,ES,1,1,1,1,1,0,1
EXT:156C9E38BAD6,2025,ZTE Corporation,company,CN,1,1,0,1,1,0,2
EXT:1585207EF0F1,2023,Hupan Lab,company,CN,1,1,0,1,1,0,2
EXT:1585207EF0F1,2024,Hupan Lab,company,CN,1,1,1,1,1,0,3
EXT:1585207EF0F1,2025,Hupan Lab,company,CN,4,4,3,4,4,0,8
EXT:15930EF8A3F6,2025,Yunqi Academy of Engineering,education,,1,1,0,0,1,0,1
EXT:159CF4507D2E,2022,"State Grid Zhejiang Electric Power Co., LTD",company,CN,1,1,0,1,1,0,2
EXT:15F515B030EB,2025,Cent ML,other,,1,1,0,0,1,0,3
EXT:15F8AAB5B756,2025,GMI Cloud,other,,1,1,0,0,1,0,3
EXT:1618AEAA1C47,2025,Archimedes Research,facility,,1,1,1,1,1,0,3
EXT:1686AD712517,2024,L Box,other,,1,1,1,0,1,0,4
EXT:16A02680251D,2025,Dataocean AI,company,,1,1,0,1,1,0,10
EXT:16E6578B6F69,2025,CN Pq,other,,1,1,1,1,1,0,44
EXT:171E5C076ABD,2024,Hefei Comprehensive National Science Center,facility,CN,1,1,0,0,1,0,1
EXT:171E5C076ABD,2025,Hefei Comprehensive National Science Center,facility,CN,2,2,1,0,2,0,3
EXT:172F1644D6DC,2024,eBay,company,DE,2,2,2,2,2,0,2
EXT:174CA69CB7E2,2025,"AI Speech Co., Ltd.",company,CN,1,1,0,1,1,0,3
EXT:1769CAD60AC3,2023,PDMI RAS,other,RU,1,1,1,0,1,0,2
EXT:176A2C159765,2025,Im Vision Innovation,other,,1,1,0,0,1,0,2
EXT:177697EEE093,2023,S2W,other,KR,1,1,0,0,1,0,1
EXT:17963AAB3E5F,2020,Lexion,other,US,1,1,0,0,1,0,1
EXT:17DC59AE3BF9,2022,Air Force Research Laboratory,facility,US,1,1,0,0,1,0,1
EXT:17DC59AE3BF9,2024,Air Force Research Laboratory,facility,US,1,1,0,0,1,0,3
EXT:18DD61D3FAF2,2024,Lishui Institute of Hangzhou Dianzi University,education,CN,1,1,0,0,1,1,4
EXT:18EE0533A070,2025,BOSS Zhipin,company,CN,1,1,0,1,1,0,1
EXT:18F317EC4408,2021,FASTPARSE Lab,facility,ES,1,1,0,0,1,0,2
EXT:1902B95DDFF8,2021,Hangzhou City University,education,CN,1,1,1,0,0,0,2
EXT:1902B95DDFF8,2022,Hangzhou City University,education,CN,1,1,0,0,0,0,1
EXT:191B393EE46F,2020,Center for Artificial Intelligence Research,facility,,1,1,0,0,1,0,1
EXT:191B393EE46F,2021,Center for Artificial Intelligence Research (CAiRE),facility,HK,1,1,0,0,1,0,1
EXT:197EE39A992E,2023,Vietnam National University,education,VN,1,1,0,0,0,0,1
EXT:197EE39A992E,2024,Vietnam National University,education,VN,1,1,0,0,0,0,1
EXT:19D0ED639533,2024,Verily Life Sciences,other,,1,1,1,1,1,0,4
EXT:1A5E7476734F,2024,Swiss Federal Institute of Technology Lausanne,education,CH,1,1,1,0,0,0,3
EXT:1A680B848D5A,2025,Fujitsu Ltd.,company,,1,1,1,1,1,0,2
EXT:1A75133513ED,2023,National Center for Computational Sciences,facility,US,1,1,1,0,1,0,1
EXT:1ACB6364EEBD,2023,Shanghaiitech University,education,,1,1,0,1,1,0,2
EXT:1AD0AA190684,2020,RWTH,other,,1,1,0,0,1,0,1
EXT:1AF2C1471724,2020,Ludwig Maximilian University of Munich,education,DE,1,0,0,0,0,0,0
EXT:1B45A2B11251,2023,IESEG School of Management,education,FR,2,2,2,0,0,0,4
EXT:1B4B4EED896B,2022,Uniwersytet Opolski,other,PL,1,1,1,0,1,0,2
EXT:1B4B4EED896B,2025,Uniwersytet Opolski,other,PL,1,1,1,0,1,0,4
EXT:1B697F2C94D3,2021,"Lexalytics, Inc.",company,,1,1,0,1,1,0,1
EXT:1C2A2B4B67D4,2025,Key Laboratory of System Control and Information Processing,facility,,1,1,1,1,1,0,3
EXT:1C7D35896A18,2021,PAR Government Systems Corporation,government,US,1,1,0,0,1,1,1
EXT:1C7D35896A18,2022,PAR Government Systems Corporation,government,US,1,1,0,1,1,1,2
EXT:1CF328045CB9,2025,AQA,other,,1,1,1,1,1,0,5
EXT:1D2FB4ECC3D2,2021,Poly AI Ltd,company,GB,1,1,0,1,1,0,1
EXT:1D2FB4ECC3D2,2022,Poly AI Ltd.,company,GB,1,1,1,1,1,0,2
EXT:1DAAC8FBE002,2024,Dark Matter AI Research City University of Hong Kong Shenzhen Research Institute,education,,1,1,1,1,1,0,6
EXT:1DC6A92638F6,2025,Geely Automobile Research Institute (Ningbo) Company Ltd.,company,,1,1,1,1,1,0,3
EXT:1DFAD0400194,2021,"China Merchants Securities Co., Ltd.",company,,1,1,0,1,1,0,3
EXT:1E3787573DC4,2022,Federal University of Rio Grande do Sul (UFRGS),education,BR,1,1,1,0,0,0,2
EXT:1E45E58392EA,2025,Aily Labs,company,,1,1,0,1,1,0,1
EXT:1EF5A4BAA5A4,2023,MMU Kuai Shou Inc.,company,CN,1,1,0,0,1,0,3
EXT:1EFA844DF65C,2025,IIIT Kalyani,other,,1,1,0,0,0,0,1
EXT:1F038DE83C8A,2024,Di Di Global Inc,company,,1,1,0,1,1,0,2
EXT:1F10D5B36D43,2025,Deep Auto.ai,company,KR,1,1,0,1,1,0,1
EXT:1F6D67646E45,2025,Tevins Institute of Technology,education,US,1,1,1,0,0,0,1
EXT:1FE06405ABAF,2023,State Key Laboratory of Communication Content Cognition,facility,CN,1,1,0,0,1,0,2
EXT:1FE06405ABAF,2024,State Key Laboratory of Communication Content Cognition,facility,CN,1,1,0,0,1,0,2
EXT:200642926DE2,2021,Qingdao Eye Hospital of Shandong First Medical University,healthcare,CN,1,1,0,1,1,0,2
EXT:20131FC2CDA8,2025,"IHPC & CFAR, Agency for Science, Technology, and Research",company,,1,1,1,1,1,0,4
EXT:202E0AFD87F4,2024,Kakao Corp.,company,KR,2,2,1,2,2,0,3
EXT:203FECDB14B9,2020,Institute of Systems and Robotics,facility,PT,1,1,0,1,1,0,4
EXT:203FECDB14B9,2022,Institute of Systems and Robotics,facility,PT,2,2,2,2,2,0,4
EXT:20529C96FF64,2023,"Kensho Technologies, Inc.",company,,1,1,1,1,1,0,2
EXT:20AD59B82FDF,2022,Kohli Center on Intelligent Systems,facility,,1,1,0,0,1,0,1
EXT:20F828AB1A95,2025,R Group,company,,1,1,0,1,1,0,2
EXT:215EAB3DA654,2024,INSEA,other,,1,1,1,1,1,0,12
EXT:21A121123471,2021,"The Swiss AI Lab IDSIA, USI & SUPSI",company,CH,1,0,0,0,0,0,0
EXT:21AD6571A6FE,2022,Quan Cheng Laboratory,facility,CN,1,1,0,0,1,0,1
EXT:21AD6571A6FE,2024,Quan Cheng Laboratory,facility,CN,1,1,0,1,1,0,2
EXT:21AD6571A6FE,2025,Quan Cheng Laboratory,facility,CN,2,2,0,1,2,0,2
EXT:21B9060BE041,2025,LKA NRW,other,DE,1,1,1,0,1,0,2
EXT:227C42779500,2025,China Mobile Communications Company Limited Research Institute,company,,1,1,0,1,1,0,1
EXT:22A544DDD268,2025,Suzhou Laboratory,facility,CN,1,1,0,1,1,0,3
EXT:22FADB1D03DA,2024,Stardust.AI,company,,1,1,1,1,1,0,4
EXT:232682E7D398,2025,MPI,other,,1,1,1,0,1,0,2
EXT:2328804D155F,2021,Deep Blue Technology,company,,1,0,0,0,0,0,0
EXT:23470F904F4F,2022,Zoom AI Lab,company,SG,1,1,1,0,0,0,1
EXT:235C03B6F551,2025,Beamtree,company,AU,1,1,0,1,1,0,2
EXT:2385EDEC94B7,2022,Leyan Tech,other,CN,1,1,0,0,1,0,1
EXT:238EC29ABE8A,2025,Toshiba Europe Ltd,company,GB,1,1,0,1,1,0,1
EXT:239A73B8ED35,2024,"State Grid Smart Grid Research Institute Co., Ltd.",company,,1,1,0,1,1,0,4
EXT:239FE5F23B98,2022,Tecent AI Lab,company,,1,1,0,1,1,0,1
EXT:239FE5F23B98,2024,Tecent AI Lab,company,,1,0,0,0,0,0,0
EXT:23A24AF600FB,2025,Tevens Institute of Technology,education,,1,1,0,0,1,0,3
EXT:23D0D37E17C9,2022,SAD Ia R,other,ZA,1,1,1,1,1,1,27
EXT:23DBA36A2404,2025,Beike Inc.,company,CN,1,0,0,0,0,0,0
EXT:2405567D8621,2025,INESC-ID Lisboa,other,PT,1,1,1,0,1,0,13
EXT:242243B7AEF7,2023,Philips Research,facility,NL,1,1,1,0,1,0,3
EXT:242879D5F2C2,2024,Key Laboratory of Sustainable Tourism Smart Assessment Technology,company,CN,1,1,0,1,1,0,3
EXT:242879D5F2C2,2025,Key Laboratory of Sustainable Tourism Smart Assessment Technology,company,CN,1,1,0,1,1,0,2
EXT:2481640D2918,2025,Instituto Universitario de Lisboa (ISCTE-IUL),other,,1,1,1,0,1,0,13
EXT:24CAC94136BE,2025,Reka AI,company,US,1,1,1,1,1,0,1
EXT:25302C59559A,2022,Moffett AI,company,US,1,1,1,1,1,0,5
EXT:2555333FD20D,2023,NTT Human Informatics Laboratories,facility,JP,1,1,0,0,1,0,1
EXT:25D230DA7F73,2023,Latin X in AI,company,,1,1,0,1,1,0,3
EXT:263B1C3A83FE,2023,Classting AI Research,company,,1,1,0,1,1,0,1
EXT:2642B655E33E,2024,Wipro Research,facility,IN,1,1,0,0,1,0,1
EXT:2661FC221C45,2025,Heidelberg University Hospital,healthcare,,1,1,1,1,1,0,5
EXT:266B740C40C7,2025,LMI Consulting,other,,1,1,0,0,1,0,1
EXT:26776C218681,2025,Sichuan University Pittsburgh Institute,education,,1,1,1,0,0,0,5
EXT:270FD7EA620D,2023,Softly AI,company,,2,2,2,2,2,0,5
EXT:27568FE4D16E,2021,TAL Education Group,company,CN,1,0,0,0,0,0,0
EXT:27568FE4D16E,2023,TAL Education Group,company,CN,1,1,0,1,1,0,1
EXT:277396E26C85,2021,People's Daily Online,other,CN,1,1,0,0,1,0,1
EXT:2787316F597F,2023,Take Lab,company,,1,1,0,1,1,0,1
EXT:27B259D7B184,2024,HSBC Lab,company,,1,1,1,1,1,0,2
EXT:280576EEC39C,2025,Deep Lang AI,company,,1,1,0,1,1,0,3
EXT:28945A1B21B0,2021,Heilongjiang Network Space Research Center,facility,CN,1,1,0,0,1,1,2
EXT:289F96412F41,2024,Samaya AI,company,US,4,4,2,4,4,0,12
EXT:28DE0ACB8A44,2025,Apply U UK,other,,1,1,0,1,1,0,3
EXT:2904EB05EB2C,2025,Shinhan Securities Co.,other,,1,1,1,0,1,1,4
EXT:291ECCB6C3B0,2025,OPPO,other,,1,1,1,1,1,0,5
EXT:2A490F9BE678,2021,Depto. de Ciencias de la Computacion y Tecnologias de la Informacion,other,ES,1,1,0,0,1,0,2
EXT:2A49AB002FC5,2022,Oracle Labs,company,,1,1,0,1,1,0,1
EXT:2A877850A1F6,2021,SOCO Inc,company,US,1,1,0,1,1,0,1
EXT:2AC2D7E783F0,2023,The Nueva School,education,,1,1,1,0,1,0,7
EXT:2B265213A9EA,2022,SAP Security Research,facility,,1,1,1,0,1,0,4
EXT:2B70DF72DAE6,2022,DJ Sanghvi College of Engineering,education,,1,1,1,0,0,0,5
EXT:2C0480490B21,2025,T-Tech,other,,1,1,0,0,1,0,1
EXT:2C0A791F427F,2023,Research Center for Social Computing and Information Retrieval,facility,CN,1,1,0,0,1,0,3
EXT:2C4810A44E08,2022,"Cog Smart Co., Ltd.",company,,1,1,1,1,1,0,3
EXT:2C6D0CF0263A,2025,IIT Bangalore,other,,1,1,0,0,1,0,1
EXT:2C9A4437FD21,2021,Comcast AI,company,,1,1,0,1,1,1,2
EXT:2CA738CF614E,2025,Huzhou Institute of Industrial Control Technology,company,,1,1,1,1,1,0,2
EXT:2D87454EF6F7,2025,Auto Inc.,company,,1,1,0,1,1,0,3
EXT:2D9604E199F3,2023,Meetyou AI Lab,company,,1,1,1,1,1,0,2
EXT:2DA93BB2BCF6,2025,Coxwave,company,KR,2,2,0,2,2,0,3
EXT:2DD53A2E1C22,2023,Key Laboratory of Machine Intelligence and Advanced Computing,facility,,1,1,0,0,1,0,2
EXT:2E24457FBD13,2022,Ai 4 innov,company,FR,1,1,1,1,1,0,24
EXT:2E3F4F6A00A2,2025,Innovative Radiology AI Laboratory (i RAIL),company,,1,1,0,1,1,0,2
EXT:2E40214CDBD0,2025,Ningbo Key Laboratory of Spatial Intelligence and Digital Derivative,facility,,1,1,1,1,1,0,5
EXT:2E85CB08E1F6,2022,ASUS Intelligent Cloud Services,other,SG,2,2,2,0,2,0,3
EXT:2E85CB08E1F6,2023,ASUS Intelligent Cloud Services,other,SG,1,1,1,0,1,0,1
EXT:2E85CB08E1F6,2024,ASUS Intelligent Cloud Services (AICS),other,SG,1,1,1,0,1,0,3
EXT:2E85CB08E1F6,2025,ASUS Intelligent Cloud Services (AICS),other,SG,1,1,1,0,1,0,3
EXT:2E8D9DF4B949,2023,Tecent AI Seattle Lab,company,,1,1,0,1,1,0,2
EXT:2EB760474D18,2025,Yunnan Key Laboratory of Artificial Intelligence,facility,CN,1,1,0,0,1,0,1
EXT:2EC86E093E2F,2023,Institute of Dataspace,facility,CN,1,1,1,0,1,0,3
EXT:2EC86E093E2F,2025,Institute of Dataspace,facility,CN,1,1,0,0,1,0,1
EXT:2F09D47F45C3,2025,Shandong Artificial Intelligence Institute,facility,,1,1,0,0,1,0,3
EXT:2F16A88D46F8,2025,Squirrel AI Learning,company,CN,1,1,1,1,1,0,4
EXT:2F661BDBAD0F,2023,Thomson Reuters Labs,company,CH,1,1,1,1,1,0,3
EXT:2F80DA21E7AB,2021,Accenture Labs,company,IE,2,2,0,2,2,0,2
EXT:2FA094EEDA51,2024,Denser.ai,company,,1,1,0,1,1,0,6
EXT:300A8B27CC74,2025,Accenture Labs,company,IN,1,1,0,1,1,0,2
EXT:302D59E5F3B4,2020,DiDi Labs,facility,US,1,0,0,0,0,0,0
EXT:304006813716,2024,HausaNLP,other,NG,1,1,1,1,1,1,35
EXT:306DA4FD53F3,2023,The Atticus Project,nonprofit,US,1,1,1,0,1,0,7
EXT:306DA4FD53F3,2025,The Atticus Project,nonprofit,US,1,1,1,0,1,0,5
EXT:308A913D2480,2024,Nyun AI,company,IN,1,1,0,1,1,0,1
EXT:309CEA5CB4B7,2023,AMALAN,other,ML,1,1,1,1,1,0,23
EXT:30B64E215D88,2022,State Key Laboratory of Media Convergence Production Technology and Systems,facility,CN,1,1,0,1,1,1,3
EXT:30B64E215D88,2024,State Key Laboratory of Media Convergence Production Technology and Systems,facility,CN,2,2,1,1,2,0,5
EXT:30C0DCB296AA,2021,Ci TIUS - Research Center in Intelligent Technologies,company,,1,1,0,1,1,0,1
EXT:30C4CBF1D00C,2020,Pryon Inc.,company,US,1,0,0,0,0,0,0
EXT:30C6E52DAAAC,2021,Modulai,other,SE,1,1,0,0,1,0,1
EXT:3107852A9ED5,2022,MPI for Psycholinguistics,other,NL,1,1,1,0,1,0,2
EXT:3107FDC5E411,2025,Guangxi Key Laboratory of Multimedia Communications and Network Technology,company,,1,1,0,1,1,0,1
EXT:3154573CDE2D,2024,Weco AI,company,,1,1,1,1,1,0,3
EXT:31F70C50AE74,2024,ADL Anti-Defamation League,other,,1,1,0,0,1,0,1
EXT:324CAB94003D,2025,Bulil Technologies,company,,1,1,0,1,1,0,2
EXT:32AFCA25B3B9,2025,National Institution of Informatics,other,,1,1,0,0,1,0,6
EXT:32C9926209BC,2025,Terminus Group,company,CN,1,1,0,1,1,0,2
EXT:32CF531B623F,2024,Tomorrow Advancing Life,other,CN,1,1,0,0,1,0,1
EXT:32CF531B623F,2025,Tomorrow Advancing Life,other,CN,1,1,1,1,1,0,4
EXT:32D95C3EB5C8,2025,Eigent.AI,company,,1,1,0,1,1,0,3
EXT:32F0EBA50578,2022,UI Ibadan,other,NG,1,1,1,1,1,1,27
EXT:3391CAEEA504,2025,Precision Inc.,company,,1,1,0,1,1,0,2
EXT:33ABA68070C6,2024,Zhejiang University Ant Group,education,,1,1,0,0,0,0,2
EXT:33D48EC83B8A,2022,"Honor Device Co., Ltd",company,,1,1,0,1,1,0,2
EXT:33D48EC83B8A,2025,"Honor Device Co., Ltd.",company,CN,1,1,0,1,1,0,2
EXT:33D50A4FBB81,2025,Data Canvas Alaya Ne W,other,,1,1,1,0,1,0,2
EXT:33DA852EDB1E,2024,ESI,other,,1,1,1,1,1,0,12
EXT:346A72826248,2025,Laboratory for Analysis and Controllable Text Generation Technologies RAS,company,,1,1,1,1,1,0,3
EXT:3472758D3BEB,2025,Hessian Center for Artificial Intelligence,facility,DE,2,2,1,0,2,0,10
EXT:34AB768D2034,2025,INTSIG-SCUT Joint Lab on Document Analysis and Recognition,facility,CN,2,2,0,2,2,0,3
EXT:34C6AF1C44D9,2025,Shanghai Jiexin Technology,company,CN,1,1,0,1,1,1,2
EXT:351483DA0938,2023,Datasaur,company,US,1,1,1,1,1,0,13
EXT:35C9521F775D,2025,Votee AI,company,,1,1,0,1,1,0,2
EXT:35CCEF5AC204,2025,Reveal S.r.l.,other,IT,1,1,0,0,1,0,1
EXT:3641319B6667,2021,RIKEN Tohoku University,education,,1,1,0,1,1,0,1
EXT:366E64D24E70,2021,LXPER AI,company,KR,1,1,1,1,1,0,2
EXT:369AA57864DE,2022,Bio Map,other,CN,1,1,1,1,1,0,3
EXT:36B1B1FC9401,2024,NewsBreak,company,US,2,2,0,2,2,0,1
EXT:36E13492C085,2021,SK Telecom,other,KR,1,1,0,0,1,0,1
EXT:36E13492C085,2025,SK Telecom,other,KR,2,2,1,1,2,0,5
EXT:371A001154F2,2025,DFF - Deutsches Filminstitut & Filmmuseum,other,,1,1,1,0,1,0,3
EXT:3767CB06B976,2025,U Toronto,other,,1,1,1,0,1,0,4
EXT:378171D6BAF6,2025,Research Institute of China Telecom,company,,1,1,1,1,1,0,3
EXT:37A08B427B05,2021,US ARL,other,,1,1,0,0,1,0,3
EXT:37B3A4D63D02,2024,HEIG-VD / HES-SO,other,CH,1,1,0,0,1,0,1
EXT:37C18AB3AD24,2022,Net Mind.AI and Protago Labs,company,US,1,1,1,1,1,1,3
EXT:37C18AB3AD24,2023,Net Mind.AI and Protago Labs,company,US,1,1,0,1,1,0,2
EXT:37D4C0141F24,2023,A*STAR Singapore,other,SG,1,1,0,0,1,0,2
EXT:37D98D4C37FC,2025,CRCHUM,other,,1,1,1,1,1,0,44
EXT:3811E6D7DA1E,2025,Technical University Clausthal,education,,1,1,0,0,0,0,1
EXT:385D1E36AE67,2025,M-A-P,other,,1,1,1,1,1,1,12
EXT:388BAF8DA4A6,2023,Beijing University of Post and Telecommunications,education,,1,1,0,1,1,0,2
EXT:38CA2EECCA2C,2025,MiroMind,company,US,1,1,1,1,1,0,4
EXT:39281C5D688C,2022,ABU,other,NG,1,1,1,1,1,1,27
EXT:39BFC278F81F,2025,Shenzhen Yishi Huolala Technology Limited,company,,1,1,0,1,1,0,2
EXT:39EF8B21FDBB,2024,A*STAR Centre for Frontier AI Research,company,SG,1,1,0,1,1,0,2
EXT:39EF8B21FDBB,2025,A*STAR Centre for Frontier AI Research,company,SG,1,1,1,1,1,0,4
EXT:3A076295276E,2021,Sunshine Products,other,,1,1,0,0,1,0,1
EXT:3A650E74E302,2022,Quancheng Laboratory,facility,CN,1,1,1,1,1,0,3
EXT:3AA7E1969008,2023,Sea AI Lab,company,SG,1,1,1,1,1,0,3
EXT:3AA7E1969008,2024,Sea AI Lab,company,SG,1,1,1,1,1,0,3
EXT:3AB0F69523E8,2021,Kata.ai Research,company,,1,1,1,1,1,0,4
EXT:3B6A9E993097,2024,Key Laboratory of Brain Cognition and Brain-inspired Intelligence Technology,company,CN,1,1,0,1,1,1,2
EXT:3BE9263594C4,2022,Sea-NExT Joint Lab,company,SG,1,1,1,1,1,0,2
EXT:3BFEABD8592C,2025,Renius Technologies,company,,1,1,1,1,1,0,3
EXT:3C4D2DABCCD8,2025,WeBank,other,CN,4,4,4,0,4,0,4
EXT:3C9C776514B6,2025,Muhammad Bin Zayed University of Artificial Intelligence,education,,1,0,0,0,0,0,0
EXT:3CE43F3DA0C2,2022,"Mashang Consumer Finanace Co, Ltd",company,,1,1,0,1,1,0,2
EXT:3CE741A28F73,2020,Illuin Technology,company,FR,1,1,0,0,1,0,1
EXT:3CE741A28F73,2023,Illuin Technology,company,FR,1,1,0,1,1,0,2
EXT:3CF390E093AE,2021,"Neusoft Research of Intelligent Healthcare Technology, Co. Ltd.",company,CN,1,1,1,1,1,0,1
EXT:3CF390E093AE,2022,"Neusoft Research of Intelligent Healthcare Technology, Co. Ltd.",company,CN,1,1,1,1,1,0,2
EXT:3DB4FBB7495C,2023,NUST MI Si S,other,RU,1,1,1,0,1,0,2
EXT:3DDBAF88D38A,2023,Xinjiang Laboratory of Multi-language Information Technology,company,CN,1,1,0,1,1,0,2
EXT:3DDD6DBA76C7,2024,Baichuan Inc.,company,CN,1,0,0,0,0,0,0
EXT:3DDD6DBA76C7,2025,Baichuan Inc.,company,CN,3,3,1,3,3,0,6
EXT:3DE48BE63F88,2022,"X , the Moonshot Factory",other,,1,1,0,1,1,0,3
EXT:3DFEC058429E,2023,Shenzhen Institute of Artificial Intelligence and Robotics for Society,nonprofit,,1,1,1,0,1,0,3
EXT:3EC17874C740,2021,"Guangzhou Xuanyuan Research Institute Company, Ltd.",company,CN,1,1,1,1,1,0,2
EXT:3ED2BAC43BCF,2023,Paris-Saclay University,education,,1,1,1,0,1,0,5
EXT:3ED36D91B3E3,2022,TUM,other,DE,1,1,1,1,1,1,27
EXT:3ED36D91B3E3,2024,TUM,other,DE,1,1,1,0,1,0,3
EXT:3F739F27795A,2024,Shanghai Academy of AI for Science,facility,CN,1,1,1,1,1,0,9
EXT:3F739F27795A,2025,Shanghai Academy of AI for Science,facility,CN,1,1,0,0,1,0,4
EXT:3F7A73D08543,2025,UNC at Chapel Hill,other,,1,1,0,1,1,0,3
EXT:3F85ADD84162,2021,Ant Group,company,CN,4,4,2,2,2,0,5
EXT:3F85ADD84162,2022,Ant Group,company,CN,4,4,3,4,4,0,9
EXT:3F85ADD84162,2023,Ant Group,company,CN,4,3,2,3,3,1,10
EXT:3F85ADD84162,2024,Ant Group,company,CN,11,10,2,10,10,0,14
EXT:3F85ADD84162,2025,Ant Group,company,CN,30,28,8,27,28,0,29
EXT:3FD25DC2F86E,2025,Shanghai Innovation Institution,other,CN,1,1,0,1,1,0,3
EXT:401EAE4A0E02,2022,Hubei Provincial Key Laboratory of Artificial Intelligence and Smart Learning,facility,CN,1,1,0,0,1,0,3
EXT:401EAE4A0E02,2025,Hubei Provincial Key Laboratory of Artificial Intelligence and Smart Learning,facility,CN,1,1,0,0,1,0,3
EXT:402585D4ACF4,2024,"Anhui Conch Information Technology Engineering Co., Ltd.",company,,1,1,0,1,1,0,1
EXT:40259C335778,2025,IT:U Interdisciplinary Transformation University Austria,education,AT,1,1,1,0,0,0,1
EXT:4027DEE42C02,2022,Symanto Research,facility,ES,1,0,0,0,0,0,0
EXT:402851C931A3,2021,Cognitiv+ Ltd.,company,GB,1,1,1,1,1,0,2
EXT:4032E2ED7121,2025,Deqing Alpha Innovation Institute,facility,CN,1,1,1,0,1,0,3
EXT:4066CDAF104C,2025,SB Intuitions,other,,1,1,0,0,1,0,2
EXT:40D16F876BD3,2021,Macquarie University and CSIRO,education,AU,1,1,0,0,1,1,2
EXT:40DB1C3C7F7A,2020,Independent Researcher,other,LT,1,1,1,0,1,0,1
EXT:40DB1C3C7F7A,2023,Independent Researcher,other,LT,1,1,1,1,1,0,7
EXT:40DB1C3C7F7A,2024,Independent Researcher,other,LT,6,6,6,1,6,0,38
EXT:40DB1C3C7F7A,2025,Independent Researcher,other,LT,17,17,17,4,17,2,74
EXT:40EFB4502544,2024,Orby AI,company,US,2,2,0,2,2,0,7
EXT:40EFB4502544,2025,Orby AI,company,US,1,1,0,0,0,0,2
EXT:40F2A5D918FB,2021,Vody LLC,company,,1,0,0,0,0,0,0
EXT:4140F139B284,2025,Universidad del Pa铆s Vasco UPV/EHU,other,,1,1,1,1,1,0,12
EXT:416E3D7D87AC,2023,Deezer Research & EPFL,facility,,1,1,0,0,0,0,1
EXT:42059397ABCC,2025,Japanese Organization of Mental Health and Educational Agencies,healthcare,,1,1,0,1,1,0,3
EXT:421769303215,2025,Py POTS Research,facility,,1,1,1,1,1,0,4
EXT:423AC5DF03DD,2025,Open BMB,other,,1,1,0,1,1,0,4
EXT:423C89576AE0,2025,SII,other,,1,1,0,1,1,0,10
EXT:42418C3605F2,2025,Quantstamp,company,US,1,1,1,1,1,0,2
EXT:4285C5C31660,2025,German Research Institute for Artificial Intelligence (DFKI),company,DE,1,1,1,1,1,0,2
EXT:429E5C82AFCD,2025,Benevolent AI,company,GB,1,0,0,0,0,0,0
EXT:438EF1EA93A8,2025,University of Lancaster,education,,1,1,1,0,0,0,2
EXT:4395CBC98E02,2025,Pr(Ai),company,,1,1,0,1,1,0,2
EXT:43CEE6EB70AB,2024,Ubisoft La Forge,other,FR,2,0,0,0,0,0,0
EXT:43CEE6EB70AB,2025,Ubisoft La Forge,other,FR,1,1,0,0,1,0,3
EXT:44106CAB354D,2024,NUS Smart Systems Institute,facility,,1,1,0,0,1,0,1
EXT:446F532B711A,2025,State Key Laboratory of Complex & Critical Software Environment,facility,CN,1,1,0,0,1,0,4
EXT:448395D88C8D,2025,Okalai AI,company,,1,1,0,1,1,0,1
EXT:44A2A3E6CCBE,2025,State Key Laboratory of Intelligent Game,facility,CN,1,1,1,0,1,1,3
EXT:456226466726,2025,Infinigence-AI,company,,2,2,2,2,2,0,5
EXT:461AADEC50DA,2023,"Shenzhen Intelligent Strong Technology Co., Ltd",company,,1,1,1,1,1,0,3
EXT:46F9150CD5F6,2022,National Engineering Lab for Big Data Analytics,facility,CN,1,1,0,1,1,0,2
EXT:46F9150CD5F6,2023,National Engineering Lab for Big Data Analytics,facility,CN,1,1,1,0,1,0,3
EXT:4727BCABD855,2021,Borealis AI,facility,CA,1,1,0,0,1,0,3
EXT:472D9C5C0B7F,2025,Lossfunk,other,,1,1,0,0,1,0,1
EXT:47346B1914C1,2025,TU Darmstadt & hessian.AI,company,DE,1,1,1,1,1,0,1
EXT:476C6942EFF7,2025,St. Petersburg State University,education,,1,1,0,0,1,0,5
EXT:47E22F971DA2,2023,Xinjiang Key Laboratory of Signal Detection and Processing,facility,CN,1,1,0,0,1,0,2
EXT:489C9C31CDCA,2025,Beijing Advanced Innovation Center for Future Blockchain and Privacy Computing,facility,,1,1,0,0,1,0,4
EXT:48DD8855B79D,2025,Guangdong Lab of AI and Digital Economy,company,CN,2,2,2,2,2,0,4
EXT:492885F02013,2025,Key Laboratory of Cognitive Intelligence,facility,,1,1,1,1,1,0,6
EXT:4928EBC57119,2025,"Language Technologies Institute, Carnegie Mellon University",facility,US,2,2,1,1,2,0,5
EXT:4995663F29D7,2025,Ben Gurion University,education,IL,1,1,1,0,0,0,2
EXT:49A511EBBFA4,2021,TAL Education Group,company,FR,2,2,1,2,2,2,4
EXT:49EC6787E4C3,2023,TII,other,,1,1,1,1,1,0,7
EXT:49F966B55E88,2024,Peking University Shenzhen Graduate School,education,,1,1,0,1,1,0,2
EXT:4A360863315A,2025,"Ningbo Key Laboratory of Spatial Intelligence and Digital, Derivative Institute of Digital Twin, EIT",facility,,1,1,1,0,1,0,3
EXT:4A82B0A65F95,2024,Swathantha Malayalam Computing,other,,1,1,0,0,1,0,2
EXT:4AD4581B2775,2022,Scatter Lab,company,KR,1,1,0,1,1,0,1
EXT:4AE05161E137,2025,EHESS,other,,1,1,0,0,1,0,2
EXT:4AF71F5809B7,2022,Instituto Superiore T茅cnico & LULIS,other,,1,1,0,0,1,0,3
EXT:4B0FE4D9C9C8,2025,VNU University of Engineering and Technology,education,VN,1,1,1,1,1,0,3
EXT:4B2FEE70AC15,2025,Ucap Cloud,other,,1,1,0,0,1,1,3
EXT:4BA9701D385E,2025,Causal Flow Inc.,company,,1,1,0,1,1,0,2
EXT:4BAF479D4439,2024,Futurise AI,company,,1,1,0,1,1,0,2
EXT:4BBD31655D48,2022,IAHLT,other,,1,1,0,0,1,0,1
EXT:4BEB1E8EC035,2025,State Grid Fujian Electric Power Co.,other,,1,1,0,1,1,0,2
EXT:4C3283B1E677,2023,Mioeind ehf.,other,,1,1,0,0,1,0,1
EXT:4C5916CCDD85,2023,International Human Phenome Institutes (Shanghai),other,,1,1,0,1,1,0,2
EXT:4C7D8FD6BD51,2025,Nebius.AI,company,,1,1,1,1,1,0,7
EXT:4CE0416A0629,2023,Towards AI,company,,1,1,1,1,1,0,7
EXT:4CF35D9EC733,2025,"Lilt, Inc.",company,US,1,1,1,1,1,0,1
EXT:4D9AD7077703,2025,Aleph Alpha,company,DE,2,2,1,2,2,0,46
EXT:4DA35497A2A5,2021,GFZ German Research Center for Geoscience Potsdam,facility,,1,1,0,0,1,0,2
EXT:4DEBCCB1937D,2023,Shaanxi Provincial Key Laboratory of Big Data Knowledge Engineering,facility,,1,1,1,0,1,0,3
EXT:4E5955AD21D9,2025,Canton of Solothurn,other,,1,1,1,0,1,0,7
EXT:4E75300D3CFE,2025,Scott Tiger S.A.,other,,1,1,1,1,1,0,44
EXT:4F34D4B3EC78,2023,University of Zaragoza,education,ES,1,1,0,0,0,0,1
EXT:4F48090246B9,2022,Bravura Solutions,other,,1,1,1,0,1,0,4
EXT:4FF78CA8F90C,2024,summetix Gmb H,other,,1,1,1,0,1,0,2
EXT:50513CEEBD4F,2025,Layer 6 AI,company,,1,0,0,0,0,0,0
EXT:505570D21CBB,2025,Assembly AI,company,,1,1,1,1,1,1,7
EXT:5064FEC527C0,2023,Top Graph.AI,company,,2,2,0,2,2,1,2
EXT:5085AA7A7D73,2024,"Du Xiaoman Science Technology Co., Ltd.",company,CN,1,1,0,1,1,0,3
EXT:5085AA7A7D73,2025,"Du Xiaoman Science Technology Co., Ltd",company,CN,1,1,0,1,1,0,2
EXT:50DDD6A88344,2023,"Discovery Lab, Elsevier",facility,NL,1,1,0,0,1,0,1
EXT:50DDD6A88344,2024,"Discovery Lab, Elsevier",facility,NL,1,1,0,0,1,0,1
EXT:50FED60D6033,2022,Polytechnic University of Catalonia,education,,1,1,0,0,0,0,1
EXT:5101DF61E8AD,2025,Independent consultant,other,,1,1,0,1,1,0,3
EXT:512A833B9A62,2025,Power Automation,other,SG,1,1,0,0,1,0,1
EXT:5146356C9DA5,2022,Shanghai Qi Zhi Institute,facility,CN,2,2,1,2,2,0,3
EXT:5146356C9DA5,2025,Shanghai Qi Zhi Institute,facility,CN,5,5,3,1,5,2,13
EXT:515EFE946E89,2025,Emergence AI,company,,1,1,0,1,1,0,1
EXT:51BE7940A40E,2020,China Merchants Bank Credit Card Center,company,CN,1,1,0,1,1,0,1
EXT:51BE7940A40E,2022,China Merchants Bank Credit Card Center,company,CN,1,1,0,1,1,0,1
EXT:51BE7940A40E,2023,China Merchants Bank Credit Card Center,company,CN,1,1,0,1,1,0,2
EXT:51D06E0D9678,2025,SICAU,other,,1,1,1,1,1,1,12
EXT:51F01A03E1F1,2024,Works Applications Lab,company,,1,1,1,1,1,0,32
EXT:520A84B34D6C,2025,Csummetix Gmb H,other,,1,1,0,0,1,0,2
EXT:5217072B188F,2023,"China Mobile Communication Group Tianjin Co., Ltd.",company,CN,1,1,0,1,1,0,2
EXT:5217072B188F,2024,"China Mobile Communication Group Tianjin Co., Ltd.",company,CN,1,1,0,1,1,0,1
EXT:525CA8670B11,2022,"Beijing Lanzhou Technology Co., Ltd.",company,CN,1,1,0,1,1,0,1
EXT:525CA8670B11,2023,"Beijing Lanzhou Technology Co., Ltd.",company,CN,1,1,0,1,1,0,1
EXT:525E3BB427D4,2025,Spatialtemporal AI,company,,1,1,1,1,1,0,5
EXT:525ECABA3C5F,2020,"Hooray Data Co., Ltd",company,,1,1,0,1,1,0,3
EXT:526B074E7E3F,2023,AI Center NUST MI Si S,company,,1,1,1,1,1,0,7
EXT:52B164F850FF,2021,Pingan Health Tech,healthcare,CN,1,1,0,0,1,0,1
EXT:52B164F850FF,2023,Pingan Health Tech,healthcare,CN,1,1,0,0,1,0,2
EXT:534239FB88CA,2023,Equall,other,FR,2,2,1,1,2,0,7
EXT:538118537217,2023,Lingang Laboratory,facility,CN,1,1,0,0,1,0,1
EXT:5397FEB7170D,2022,CNCERT/CC,other,CN,1,1,0,0,1,0,1
EXT:53E27CEE7757,2025,"Shanghai East Wonder Info-tech Co., Ltd.",company,,1,1,0,1,1,0,1
EXT:541CE509A3C2,2021,Lazada,other,,1,1,0,0,1,0,1
EXT:541F0619FB73,2023,NEC-Labs,company,,1,1,0,1,1,0,2
EXT:5430CF61F56A,2023,U Mass,other,US,2,2,0,1,2,0,3
EXT:54635F499D27,2024,Jiuquan Satellite Launch Center,facility,CN,1,1,0,0,1,0,2
EXT:54B442B90C41,2024,Universitas Diponegoro,other,,1,1,1,1,1,0,32
EXT:54E0E1CAD491,2024,Key Laboratory of High Confidence Software Technologies (Peking University),facility,CN,1,1,0,0,1,0,1
EXT:54E0E1CAD491,2025,Key Laboratory of High Confidence Software Technologies (Peking University),facility,CN,1,1,0,1,1,0,2
EXT:5523AC3E6A89,2022,Baamtu,other,SN,2,2,2,2,2,1,44
EXT:5523AC3E6A89,2023,Baamtu,other,SN,1,1,1,1,1,0,23
EXT:552EFDBADA85,2024,Ple I As,other,FR,1,1,1,0,1,0,3
EXT:5566D15AE216,2025,LIGHTSPEED,other,,1,1,1,0,1,0,2
EXT:558210A1A794,2022,Meedan,nonprofit,US,1,1,1,1,1,0,3
EXT:558210A1A794,2025,Meedan,nonprofit,US,1,1,1,0,1,0,4
EXT:558C54005FFE,2025,Nolano AI,company,,1,1,1,1,1,0,6
EXT:559990783246,2025,SWU,other,,1,1,1,1,1,1,12
EXT:55C6A11D9400,2023,SFI,other,,1,1,0,0,1,0,3
EXT:55D73A4DAF8F,2025,Synagen AI,company,,1,1,1,1,1,0,5
EXT:561244256511,2021,"Guangzhou Yunqu Information Technology Company, Ltd.",company,CN,1,1,1,1,1,0,2
EXT:56392991EECC,2023,Selectstar,other,,1,1,0,1,1,0,3
EXT:5641B7229FD0,2025,Nanhu Laboratory,facility,CN,3,3,1,1,3,0,3
EXT:5647E090EF28,2025,Research Center for Social Computing and Interactive Robotics,facility,,1,1,0,0,1,0,3
EXT:565556C3B8D8,2025,Promptsit Language Engineering,other,,1,1,1,1,1,0,6
EXT:56B48115B5EF,2024,Engineering Research Center of Next-Generation Intelligent Search and Recommendation,facility,CN,1,1,0,0,1,0,1
EXT:56B48115B5EF,2025,Engineering Research Center of Next-Generation Intelligent Search and Recommendation,facility,CN,5,5,1,2,5,0,13
EXT:56D3F500A35B,2025,Louvain Research Institute in Management and Organizations,company,BE,1,1,0,0,1,0,2
EXT:5721ED4E3D6B,2021,Oracle Digital Assistant,other,,1,1,0,0,1,1,2
EXT:57604312BFE6,2024,SCB 10 X,other,TH,2,2,2,0,2,0,4
EXT:57604312BFE6,2025,SCB 10 X,other,TH,3,3,2,0,3,0,4
EXT:585B43F10351,2025,Academy of Cyber,education,CN,1,1,0,0,0,0,1
EXT:587CC52A54E9,2024,INSA Rennes,other,FR,1,0,0,0,0,0,0
EXT:58FE92B8A02B,2022,Ominor AI,company,,1,1,1,1,1,1,27
EXT:5940A2E1E98A,2023,Origin AI,company,US,1,0,0,0,0,0,0
EXT:5940A2E1E98A,2024,Origin AI,company,US,1,1,1,0,1,0,2
EXT:5940A2E1E98A,2025,Origin AI,company,US,1,0,0,0,0,0,0
EXT:599D66A96029,2024,Yellow.ai,company,IN,1,1,1,1,1,0,2
EXT:5A1840C91B96,2025,Russian National Corpus,other,,1,1,0,0,1,0,5
EXT:5A1969226FC8,2023,FAR AI,company,,1,1,0,1,1,0,1
EXT:5A5C128570FE,2024,Tencnt AI Lab,company,,1,1,0,1,1,0,2
EXT:5AAE759C9E9E,2025,Guangzhou National Laboratory,facility,,1,1,1,0,1,0,4
EXT:5AB2091F4335,2022,Allen Institute of AI,company,,1,1,1,1,1,0,2
EXT:5BC334360D91,2022,RIT,other,US,1,1,1,1,1,1,27
EXT:5BC334360D91,2025,RIT,other,US,1,1,0,0,1,0,3
EXT:5C24D7E0DBB7,2024,Comcast AI Technologies,company,US,1,1,1,1,1,0,3
EXT:5C6E9927F92F,2023,Big Data Intelligence (BDI) Lab,company,,1,1,0,1,1,0,1
EXT:5C84FD2D3463,2021,China Merchant Bank,company,CN,1,1,0,1,1,0,2
EXT:5CEE4E3FBB68,2024,Open NLP Lab,company,,1,1,0,1,1,0,2
EXT:5DA8F2A90A63,2022,Saarland Informatics Campus,other,DE,1,1,1,0,1,0,1
EXT:5DA8F2A90A63,2025,Saarland Informatics Campus,other,DE,1,1,0,0,1,0,1
EXT:5DB84C636C0F,2025,GenTel.io,company,CN,2,2,2,2,2,0,5
EXT:5E01A71BB740,2025,Technion - Institute of Technology,education,,1,1,0,1,1,0,1
EXT:5E10AC1D2900,2024,Xiangjiang Laboratory,facility,CN,1,1,1,0,1,0,2
EXT:5E1160CA3C3A,2023,CHU de Nantes,other,,1,1,0,0,1,0,2
EXT:5E1C34CC55EF,2025,Fujitsu Research of Europe,facility,GB,1,0,0,0,0,0,0
EXT:5E238D28D813,2024,Intelli Sys,other,KR,1,1,0,1,1,0,4
EXT:5E238D28D813,2025,Intelli Sys,other,KR,1,1,0,0,1,0,2
EXT:5E36BF4FD6AA,2025,AI Chip Center for Embedded Smart System,company,,1,1,1,1,1,0,3
EXT:5E3C8F157C71,2022,National Center of AI,company,,1,1,1,1,1,0,3
EXT:5E45F45F2903,2025,Merck Research Labs,company,,1,1,0,1,1,0,2
EXT:5E6D0C7BF8E7,2025,China Mobile Internet Company Limited,company,CN,1,1,0,1,1,0,2
EXT:5EF93BCBCAB3,2022,CMU & Inspired Cognition,other,,1,1,0,0,1,0,1
EXT:5F076124551B,2021,Amberscript,other,,1,1,0,0,1,0,1
EXT:5F0FB27ED117,2022,Shanghai Hypers Data Technology Inc.,company,CN,1,1,0,1,1,0,1
EXT:5F2CCAC3C4A4,2020,Manipal Institute of Technology,education,IN,1,1,0,0,0,0,2
EXT:5F2CCAC3C4A4,2023,Manipal Institute of Technology,education,IN,1,1,1,1,1,0,5
EXT:5F5C827552BD,2023,Birla Institute of Technology and Science,education,,1,1,1,1,1,1,3
EXT:5F83245E18A2,2020,DBS Bank,company,SG,1,1,1,1,1,0,2
EXT:5FCB79EDC599,2023,Peng Chen Lab,company,,1,1,1,1,1,0,6
EXT:5FF7D3227F97,2025,Lenguaje Natural.AI,company,,1,1,1,1,1,0,12
EXT:6012A51ED8C0,2025,"Mat Brain, Inc.",company,,1,1,0,1,1,0,4
EXT:607F5E396810,2020,Netanya,other,IL,1,1,1,1,1,0,3
EXT:612205AA6437,2022,"Int Sig Information Co., Ltd",company,CN,1,1,0,1,1,0,2
EXT:619897E100BA,2023,Donghai Laboratory,facility,CN,1,1,1,0,1,0,2
EXT:619897E100BA,2024,Donghai Laboratory,facility,CN,1,1,0,0,1,0,3
EXT:61D7AF06BD0C,2020,Expert.AI Research Lab,company,ES,1,0,0,0,0,0,0
EXT:61E9B6EF759C,2025,Alabama University,education,,1,1,1,0,1,0,4
EXT:61F5D09BE947,2025,Moore Threads AI,company,,1,0,0,0,0,0,0
EXT:61FCE99A134F,2025,Swiss Federal Supreme Court,other,,1,1,1,0,1,0,7
EXT:6210AE293A21,2024,Hi Think Research,facility,CN,1,0,0,0,0,0,0
EXT:6210AE293A21,2025,Hi Think Research,facility,CN,1,1,0,0,1,0,1
EXT:6296CC99F152,2023,Alana AI,company,,1,1,0,1,1,0,1
EXT:6296CC99F152,2024,Alana AI,company,,1,1,0,1,1,0,1
EXT:62B3B823C30F,2022,Key laboratory of Symbolic Computation and Knowledge Engineering,facility,,1,1,1,1,1,0,3
EXT:62E0375A7866,2025,Director Labs,company,US,1,1,1,1,1,0,1
EXT:62F294C7A29F,2025,Universit?t zu K?ln,other,DE,1,1,0,0,1,0,2
EXT:6302C31ED9DE,2023,Beijing Institute of Computer Technology and Application,company,CN,1,1,0,1,1,0,3
EXT:6335B15F4685,2021,Yuanfudao AI Lab,company,CN,1,0,0,0,0,0,0
EXT:6335B15F4685,2022,Yuanfudao AI Lab,company,CN,1,1,0,0,0,0,1
EXT:63464D5BAB6F,2024,Zoom,other,,1,1,0,1,1,0,2
EXT:642C5953D2BF,2023,Semrush,other,,1,1,1,1,1,0,7
EXT:645AD906DC36,2021,Spark Cognition Government Systems,government,,1,1,0,1,1,1,2
EXT:645BA91C82E5,2022,Moscow Institute,facility,,1,1,0,0,1,0,1
EXT:645C49B13A23,2025,Bundesinstitut fur Berufsbildung (BIBB),other,DE,1,1,0,0,1,0,2
EXT:646E83F89FFC,2023,National Press and Publication Administration,other,CN,1,1,1,0,1,1,4
EXT:64727E51EBE2,2022,Neusoft Corporation,company,CN,2,2,1,1,1,0,3
EXT:6473DCD44F32,2025,DFKI SAINT,other,,1,1,0,0,1,0,5
EXT:64986A921E6E,2023,SDAIA-KAUST Center of Excellence in Data Science and Artificial Intelligence,facility,,1,1,1,1,1,0,5
EXT:64A153471DA6,2025,"AG 2 AI, Inc.",company,,1,1,1,1,1,0,3
EXT:64D76CE8B424,2021,Jena University Language & Information Engineering (JULIE) Lab,education,DE,1,1,0,0,0,0,1
EXT:653422006C45,2020,CIFAR,other,,1,1,1,0,1,0,3
EXT:65747D69643A,2022,Softly AI Research,company,,1,1,0,1,1,0,1
EXT:65747D69643A,2023,Softly AI Research,company,,1,1,0,1,1,0,3
EXT:6589A61DC13B,2025,NTU GICE,other,TW,1,1,1,0,1,0,1
EXT:65B64118C900,2023,vectorshift.ai,company,,1,1,1,1,1,0,7
EXT:660853931FFC,2025,University of S?o Paulo,education,BR,1,1,1,1,1,0,3
EXT:6628DD01FF14,2025,RSAC Labs,company,,1,1,0,1,1,0,1
EXT:666AB076C30A,2022,SPU,other,ZA,1,1,1,1,1,1,27
EXT:66714295C046,2024,SEA Group,company,SG,1,1,0,1,1,0,2
EXT:66C7AD2F4F24,2020,eBay Research,facility,,1,1,1,1,1,0,3
EXT:66E0D3EC5626,2020,Rural Senses Ltd.,company,,1,1,0,1,1,0,2
EXT:66EA7BD9A97B,2024,INRIA Saclay,other,FR,1,1,0,0,1,1,2
EXT:674062BDE2F4,2025,Sprinklr,other,,1,1,1,0,1,0,2
EXT:675AF551B635,2025,Shopee Pte. Ltd.,company,SG,2,2,2,2,2,0,2
EXT:6778DB9D6739,2021,Heinrich Heine Universit?t D眉sseldorf,other,DE,1,1,1,0,1,0,1
EXT:679A34F10E7C,2022,Goldman Sachs Data Science and Machine Learning Group,company,IN,1,1,1,1,1,0,2
EXT:679DB25CC6D2,2025,Qazvin IKI University,education,IR,1,1,1,0,0,0,11
EXT:67D413961BDC,2025,William P. Clements High School,education,,1,1,0,0,0,0,5
EXT:67DC3FFBE84E,2024,Munich Data Science Institute,facility,DE,1,1,0,0,1,0,3
EXT:67F4E1791C10,2023,ESEO,other,FR,1,1,0,0,1,0,3
EXT:68337F28B220,2024,Upstage AI,company,KR,1,1,0,1,1,0,2
EXT:68337F28B220,2025,Upstage AI,company,KR,1,1,0,1,1,0,2
EXT:6868C9C3454C,2022,Princess Nourah Bint Abdulrahman,other,,1,1,1,1,1,0,3
EXT:68B2142EFC2F,2022,Ping An Technology,company,CN,1,1,1,1,1,0,2
EXT:68B2142EFC2F,2024,Ping An Technology,company,CN,1,1,1,1,1,0,3
EXT:68B4054965EF,2024,The Fin AI,company,US,1,1,1,1,1,0,3
EXT:68B4054965EF,2025,The Fin AI,company,US,2,2,1,2,2,0,6
EXT:68EDA89F9389,2022,"Mashang Consumer Finance Co., Ltd.",company,CN,1,1,0,1,1,0,1
EXT:68EDA89F9389,2024,"Mashang Consumer Finance Co., Ltd.",company,CN,1,1,0,1,1,0,2
EXT:6A09AD835170,2025,NNAISENSE,other,,1,1,1,0,1,0,3
EXT:6A56226E5DDA,2025,Virginia Polytechnic Institute and State University,education,US,2,2,0,0,0,0,3
EXT:6A56E24E94AD,2025,Oxford University Hospitals NHS Foundation Trust,healthcare,GB,1,1,1,0,1,0,3
EXT:6B1AD03445EF,2023,Steklov Institute of Mathematics,facility,,1,1,0,0,1,0,1
EXT:6B2982F3DF7A,2021,"Zhongke Fanyu Technology Co., Ltd",company,CN,1,1,0,1,1,0,2
EXT:6B2982F3DF7A,2022,"Zhongke Fanyu Technology Co., Ltd",company,CN,1,1,0,1,1,0,2
EXT:6B2982F3DF7A,2023,"Zhongke Fanyu Technology Co., Ltd",company,CN,1,1,0,1,1,0,2
EXT:6B2982F3DF7A,2025,"Zhongke Fanyu Technology Co., Ltd",company,CN,3,3,0,3,3,1,3
EXT:6B387CE05A60,2021,Chinese Information Processing Laboratory,facility,CN,1,1,0,1,1,1,3
EXT:6B387CE05A60,2024,Chinese Information Processing Laboratory,facility,CN,1,1,0,0,1,1,2
EXT:6B5539B54081,2024,Academy of Military Science,education,CN,1,1,0,0,0,0,1
EXT:6B7801CE2E88,2025,Quantexa,other,,1,0,0,0,0,0,0
EXT:6B842C1F4A6B,2024,Cadenza Labs,company,,1,1,1,1,1,0,5
EXT:6BC216691A7C,2024,Carle Illinois College of Medicine,education,,1,1,0,0,0,0,2
EXT:6C2243A6E021,2024,USIU-Africa,other,,1,1,1,1,1,1,35
EXT:6CAC497D48D2,2021,"Recruit Co., Ltd.",company,JP,1,1,0,1,1,0,3
EXT:6CAC497D48D2,2024,"Recruit Co., Ltd.",company,JP,1,1,1,1,1,0,2
EXT:6CE6E0AB7DB0,2025,Universidade Federal de S?o Jo?o del Rei,other,BR,1,1,0,0,1,0,1
EXT:6D8C3DA6C0D4,2023,Enveda Biosciences,other,,1,1,0,0,1,0,1
EXT:6DA7EF5AD284,2020,Dark Matter AI Inc.,company,,1,1,0,1,1,0,1
EXT:6DA7EF5AD284,2021,Dark Matter AI Inc.,company,,1,1,1,1,1,0,2
EXT:6DB3BC16D320,2025,Shanghai Key Laboratory of Data Science,facility,CN,1,1,0,1,1,0,3
EXT:6DB9E01A413B,2025,Rock Hill High School,education,,1,1,0,0,0,0,5
EXT:6DC3A71B78F0,2024,"Istituto di Linguistica Computazionale ""Antonio Zampolli"" (CNR-ILC)",other,IT,1,1,0,0,1,0,1
EXT:6DC3A71B78F0,2025,"Istituto di Linguistica Computazionale ""Antonio Zampolli"" (CNR-ILC)",other,IT,1,1,0,0,1,0,1
EXT:6DE6E0283B0D,2025,Algonquin College of Applied Arts and Technology,education,CA,1,1,1,0,0,0,11
EXT:6DE818CEA865,2024,Poly U,other,HK,1,1,1,0,1,0,3
EXT:6DE818CEA865,2025,Poly U,other,HK,1,1,1,0,1,0,4
EXT:6E02151853EC,2021,EY,other,GR,1,1,1,1,1,0,4
EXT:6E08C4DCBD03,2025,Snowflake AI Research,company,US,1,0,0,0,0,0,0
EXT:6E564DA6CE8D,2020,NTT Corporation,company,JP,1,0,0,0,0,0,0
EXT:6E564DA6CE8D,2024,NTT Corporation,company,JP,2,1,0,1,1,0,1
EXT:6E81057AAD29,2021,Joint Lab of China Merchants Securities and HITSZ,facility,,2,2,0,1,2,1,4
EXT:6EDE8E9DE57B,2024,Rembrand,other,,1,1,0,1,1,0,2
EXT:6F141F80EE7E,2023,LORIA,facility,FR,1,1,0,0,1,0,2
EXT:6F141F80EE7E,2025,LORIA,facility,FR,1,1,0,0,1,0,1
EXT:6F3AAE9AA545,2022,Language and Information Technologies Lab,company,,1,1,1,1,1,0,2
EXT:6FC69E23806B,2025,KUIS AI Lab,company,TR,1,1,0,1,1,0,1
EXT:6FD137885281,2023,RIKEN Center for AIP,facility,JP,1,1,1,1,1,0,23
EXT:708092026419,2024,"ai Xplain, Inc.",company,US,2,2,2,2,2,0,1
EXT:7092CA17A15A,2022,UPC,other,ES,1,1,1,1,1,1,27
EXT:70F748DA0727,2022,RWTH Aachen,other,DE,1,1,1,0,1,0,4
EXT:70F7E4ADA328,2025,Computational Semantics Group,company,,1,1,1,1,1,0,7
EXT:7125C42AB3DF,2024,Beijing Academy of Blockchain and Edge Computing,education,CN,1,1,0,0,0,0,1
EXT:715B3FD0FCA8,2023,University of Science and Technology of China / IFlyTek,facility,CN,4,4,1,3,4,0,5
EXT:715B3FD0FCA8,2024,University of Science and Technology of China / IFlyTek,facility,CN,2,2,0,2,2,0,2
EXT:715B3FD0FCA8,2025,University of Science and Technology of China / IFlyTek,facility,CN,1,1,0,0,1,0,1
EXT:718EEC5AD2DE,2024,OPPO AI Center,company,CN,1,1,1,1,1,0,1
EXT:718EEC5AD2DE,2025,OPPO AI Center,company,CN,1,1,1,1,1,0,1
EXT:727B72124135,2025,Tongyi Laboratory,facility,,1,1,1,0,1,1,4
EXT:729179B5F256,2025,FPT Software AI Center,company,VN,2,2,2,2,2,0,4
EXT:72A718B0C354,2022,Factored AI,company,,1,1,1,1,1,1,20
EXT:73104E264580,2025,"Beijing Innovation Center of Humanoid Robotics Co., Ltd.",company,,1,1,1,1,1,0,5
EXT:73119B0BE7D5,2023,China Telecom Research Institute,company,,1,1,1,1,1,0,2
EXT:731637866B04,2025,Decilion,other,,1,1,0,1,1,0,2
EXT:732946219CB9,2023,Omidia - Conversational Intelligence,other,GR,1,1,1,0,1,0,2
EXT:740162A8C8A6,2025,Independent Researcher,other,NL,1,1,1,0,1,0,3
EXT:747861144AF7,2022,T茅l茅com Sud Paris,other,FR,1,1,1,0,1,0,1
EXT:747861144AF7,2025,T茅l茅com Sud Paris,other,FR,1,1,0,0,1,0,1
EXT:749ED833F776,2020,"Beijing Fanyu Technology Co., Ltd.",company,CN,1,1,0,1,1,0,2
EXT:75043A9CA0C4,2023,DTU,other,IN,1,1,0,0,1,0,1
EXT:750D4D03EF1F,2023,Xinjiang Provincial Key Laboratory of Multi-lingual Information Technology,company,CN,1,1,0,1,1,0,3
EXT:753B1C81B4E8,2024,VESSL AI,company,,1,1,1,1,1,0,6
EXT:7566B883295A,2024,P?dagogische Hochschule Zurich,other,,1,1,0,0,1,0,1
EXT:756AAA545B55,2024,"Edinburgh RC, CSI",other,GB,1,1,1,0,1,0,1
EXT:757E1FDB4E2E,2025,Lion Rock AI Lab,company,CN,1,1,1,1,1,0,4
EXT:75EDEEBF6C30,2024,Beijing Key Lab of Traffic Data Analysis and Mining,facility,CN,1,1,1,0,1,0,2
EXT:76474A84A091,2024,Independent Design Engineer,other,,1,1,1,1,1,0,32
EXT:76884656A5E0,2024,DeepGlint,company,CN,1,1,1,1,1,0,2
EXT:76884656A5E0,2025,DeepGlint,company,CN,1,1,0,1,1,0,2
EXT:773B67D7B347,2025,Kyle University,education,,1,1,1,0,0,0,5
EXT:7835452C03C8,2024,Masakhane NLP,other,,2,2,2,2,2,1,39
EXT:783DCFD09960,2021,Checkstep Research,facility,,1,1,1,0,1,0,3
EXT:7852CE32D658,2025,Fastino AI,company,,1,1,0,1,1,0,3
EXT:7893E37D8DDC,2024,ENSIAS,other,MA,1,1,1,1,1,1,35
EXT:79ACDDB489ED,2022,Neural Magic Inc.,company,,1,1,1,1,1,0,2
EXT:79ACDDB489ED,2024,"Neural Magic, Inc.",company,,1,1,1,1,1,0,4
EXT:79C13D0F2997,2025,Shamoon College of Engineering,education,IL,1,1,0,0,0,0,1
EXT:79E46E16339B,2021,Thorn,other,,1,1,0,0,1,0,2
EXT:79E4FCC202C4,2025,vivo AI Lab,company,CN,1,1,0,1,1,0,4
EXT:7A1034EC00E4,2025,Visa Research,facility,US,1,1,0,0,1,0,5
EXT:7A20EE3B9E1B,2024,Bespoke Labs,company,US,1,1,0,1,1,0,1
EXT:7A20EE3B9E1B,2025,Bespoke Labs,company,US,1,1,0,1,1,0,2
EXT:7A31266A4E95,2025,China Mobile Information Technology Center,facility,CN,1,1,0,0,1,0,1
EXT:7A385B9ECD6A,2022,SA Di La R,other,ZA,1,1,1,1,1,0,24
EXT:7A385B9ECD6A,2023,SA Di La R,other,ZA,1,1,1,1,1,0,23
EXT:7A385B9ECD6A,2024,SA Di La R,other,ZA,1,1,1,1,1,1,35
EXT:7A385B9ECD6A,2025,SA Di La R,other,ZA,1,1,1,0,1,0,10
EXT:7A748C6A0C07,2024,Tap Tap,other,,1,1,0,1,1,0,2
EXT:7A954361EAFC,2025,3 i DEAR Human Support Service,other,,1,1,0,1,1,0,3
EXT:7BCB30371BF8,2020,Kingsoft AI Lab,company,CN,1,1,0,1,1,0,2
EXT:7BCB30371BF8,2021,Kingsoft AI Lab,company,CN,1,1,0,1,1,0,1
EXT:7C3A2A212A94,2024,Institute for Advanced Algorithms Research,facility,CN,1,1,1,0,1,0,3
EXT:7C3A2A212A94,2025,Institute for Advanced Algorithms Research,facility,CN,3,3,1,0,3,0,6
EXT:7C4B22DAC18F,2023,Eleuther AI,nonprofit,US,2,2,2,2,2,0,19
EXT:7C4B22DAC18F,2024,Eleuther AI,nonprofit,US,2,2,2,2,2,0,12
EXT:7C4B22DAC18F,2025,Eleuther AI,nonprofit,US,1,1,0,0,1,0,2
EXT:7C4C0369DC08,2021,Open Stax,other,,1,1,0,0,1,0,2
EXT:7C5DCF0F528C,2025,Hearvana AI,company,,1,1,0,1,1,0,1
EXT:7C7D9CE27731,2023,Veterans Affairs National Artificial Intelligence Institute,government,US,1,1,0,0,1,1,2
EXT:7C8DE4021B31,2024,He Fei University of Technology,education,,1,0,0,0,0,0,0
EXT:7D24C81191F2,2024,Beijing Huairou Laboratory,facility,,1,1,0,1,1,0,2
EXT:7D60EED80C34,2024,Heinrich-Heine-Universit?t D眉sseldorf,other,,1,1,1,1,1,0,2
EXT:7D877C91EE17,2020,"EBUPT Information Technology Co., Ltd.",company,CN,1,1,0,1,1,0,1
EXT:7DA32692634E,2023,Centro de Investigaci贸n en Matem谩ticas,other,MX,1,1,1,0,1,0,3
EXT:7DB9A44DFB0F,2024,"Rev Comm, Inc.",company,,1,1,1,1,1,0,32
EXT:7E303DD2F2BE,2024,Riid AI Research,company,,1,1,0,1,1,0,2
EXT:7E4F7F6394CD,2025,"Douyin Co., Ltd",company,,1,1,1,1,1,0,3
EXT:7F967EE4FCCC,2025,"E-surfing Digital Life Technology Co., Ltd.",company,CN,1,1,1,1,1,0,3
EXT:7FAAE6B57551,2025,Zhongguancun Academy,education,CN,5,5,2,2,4,1,12
EXT:7FBBF5DDF610,2021,Key Laboratory of Symbolic Computation and Knowledge Engineering,facility,CN,1,1,0,0,1,0,1
EXT:803A6687D37E,2024,Technical University of Iasi,education,RO,1,1,1,1,1,0,2
EXT:803A6687D37E,2025,Technical University of Iasi,education,RO,1,1,1,1,1,0,2
EXT:80AA40B20ADC,2021,Universitas Multimedia Nusantara,other,,1,1,1,1,1,0,5
EXT:8106AB7EF965,2025,State Key Laboratory of AI Safety,facility,CN,1,1,0,0,1,1,3
EXT:810F85E98C37,2022,Astra Zeneca,other,,1,1,1,0,1,0,4
EXT:816F5007E2DC,2024,Universit茅 di Bologna,other,IT,1,1,1,0,1,0,1
EXT:81BB1D7B531D,2023,"Beijing Wenge Technology Co., Ltd",company,CN,1,1,0,1,1,1,2
EXT:81BB1D7B531D,2024,"Beijing Wenge Technology Co., Ltd",company,CN,2,2,0,2,2,2,2
EXT:81BB1D7B531D,2025,"Beijing Wenge Technology Co., Ltd",company,CN,1,1,0,1,1,1,2
EXT:822588D0AF5C,2022,National Engineering Laboratory for Risk Perception and Prevention,facility,CN,1,1,0,0,1,1,2
EXT:82F6558F7387,2025,University of Bolog,education,,1,0,0,0,0,0,0
EXT:834B8EDE5CCC,2022,KT,other,KR,1,1,0,0,1,0,1
EXT:834B8EDE5CCC,2024,KT,other,KR,1,1,0,0,1,0,1
EXT:834B8EDE5CCC,2025,KT,other,KR,2,2,0,0,2,0,1
EXT:8379CC512298,2025,College of William & Mary,education,US,1,1,1,0,0,0,2
EXT:8386ED7B5664,2020,State Key Lab on Intelligent Technology and Systems,company,,1,1,0,1,1,0,4
EXT:83A2BCE411AB,2023,ENS/PSL,other,,1,1,1,0,1,1,3
EXT:83A2BCE411AB,2024,ENS - PSL,other,,1,1,0,0,1,0,1
EXT:83A2BCE411AB,2025,ENS-PSL,other,,1,1,0,0,1,0,2
EXT:83B4F4B0B029,2024,China Telecom Cloud Computing Research Institute,facility,CN,1,1,1,1,1,0,2
EXT:83B4F4B0B029,2025,China Telecom Cloud Computing Research Institute,facility,CN,1,1,1,0,1,0,1
EXT:83C440AECBE7,2025,Konrad Zuse School of Excellence in Reliable AI,education,,1,1,1,1,1,0,4
EXT:8451291DD299,2020,Citadel LLC,company,,1,1,1,1,1,0,4
EXT:849FF4FBC081,2023,Fund for Alignment Research,facility,,1,1,0,1,1,0,2
EXT:84EB680ADE9E,2022,Riiid,other,,1,1,1,1,1,0,2
EXT:852C736ACB13,2025,Instituto de Ingenier铆a del Conocimiento,other,,1,1,1,1,1,0,12
EXT:85C60191C904,2023,Huatai Securities,other,,1,1,0,0,1,0,1
EXT:85F4F9B5C788,2023,Institute of Collaborative Innovation,facility,,1,1,1,0,1,0,4
EXT:86427BA9E8E9,2025,PSPB Patent Law,other,,2,2,0,0,2,0,1
EXT:86926A4ECF0D,2025,MODULABS,other,,1,1,0,1,1,0,3
EXT:86DBEB5ED7BD,2025,Intellivix,other,KR,1,1,0,0,1,0,1
EXT:86FB8496A8D7,2023,BRIN Indonesia,other,,1,1,1,0,1,0,2
EXT:8794EC2BD529,2025,Fraunhofer IS,other,,1,0,0,0,0,0,0
EXT:879ABF239407,2025,Hainan Province Fang Binxing Academician Workstation,other,CN,1,1,0,0,1,1,2
EXT:87B58CBA29AE,2022,Applica.ai,company,,1,1,0,1,1,0,2
EXT:87DAB5A4994F,2023,"Beijing Wenge Technology Co., Ltd.",company,CN,1,1,0,1,1,1,2
EXT:880D7EB33E67,2024,Indo NLP,other,,2,2,2,2,2,0,34
EXT:885196B0073F,2024,Hangzhou High-Tech Zone (Binjiang) Institute of Blockchain and Data Security,facility,CN,1,1,1,0,1,0,2
EXT:885196B0073F,2025,Hangzhou High-Tech Zone (Binjiang) Institute of Blockchain and Data Security,facility,CN,5,5,2,2,5,0,6
EXT:886D730F6184,2024,Panda Villa Tech Limited,company,,1,1,0,1,1,0,2
EXT:887B9ED09216,2022,OPPO Research Institute,company,CN,2,2,2,2,2,0,7
EXT:887B9ED09216,2024,OPPO Research Institute,company,CN,1,1,0,1,1,0,1
EXT:887B9ED09216,2025,OPPO Research Institute,company,CN,1,1,0,1,1,0,1
EXT:888169FCF639,2025,Miniml.AI,company,GB,2,2,1,2,2,1,7
EXT:888853B81243,2025,T&I Company,company,,1,1,0,1,1,0,2
EXT:896FF4BCD46B,2023,China Academic of Electronics and Information Technology,education,,1,1,1,0,1,0,4
EXT:89AE3DFD9338,2023,Ewegbe Akademi,other,TG,1,1,1,1,1,0,23
EXT:8A3E384FF2D0,2025,Amsterdam University,education,,1,1,1,1,1,0,44
EXT:8A73637E3B2B,2024,Independent Researcher,other,IN,1,1,1,0,1,0,3
EXT:8AB26C933E52,2022,Human Language Technology Research Institute,company,,1,1,0,1,1,0,1
EXT:8ACBDE67B516,2023,Dark Matter AI Research,company,,1,1,1,1,1,0,5
EXT:8ACBDE67B516,2024,Dark Matter AI Research,company,,1,1,1,1,1,0,2
EXT:8B53F093B14E,2025,Sound Speech and Hearing Clinic,healthcare,,1,1,1,0,1,0,2
EXT:8C123797A82B,2023,"NTT Communication Science Laboratories, NTT Corporation",company,JP,1,1,0,1,1,0,1
EXT:8C1A6A1FBBCE,2025,Whissle Inc.,company,US,1,1,1,1,1,0,1
EXT:8C2BB11CBDB2,2023,One AI,company,,1,1,1,1,1,0,2
EXT:8C8E25D19807,2023,Stability AI,company,,1,1,1,1,1,0,7
EXT:8CAFAD57F719,2024,Boson AI,company,US,1,1,0,1,1,0,2
EXT:8CD50FE76997,2025,STC,other,SA,1,1,1,0,1,0,1
EXT:8D09927CCD04,2021,University of Sherbrooke,education,CA,1,1,1,0,0,0,1
EXT:8D2796563203,2025,Seasalt AI Inc,company,,1,1,0,1,1,0,10
EXT:8D651102C38C,2024,Light Speed Studios,other,,1,1,1,0,1,0,2
EXT:8E727708CAE5,2025,Independent AI Researcher,company,,1,1,0,1,1,0,3
EXT:8E7853BC1B81,2021,CONICET,other,AR,1,1,0,0,1,0,1
EXT:8EACCC63AAC6,2025,Linked in AI,company,,1,1,0,1,1,0,1
EXT:8EE00A77738D,2023,Shanghai Shanghai Artificial Intelligence Laboratory,facility,CN,1,1,1,0,1,0,2
EXT:8F39933E1B17,2024,Provable Responsible AI and Data Analytics (PRADA) Lab,company,,1,1,1,1,1,0,4
EXT:8F73ACEC5E4B,2024,Cambricon Technologies,company,,1,1,0,1,1,0,3
EXT:8F7FEE346EBA,2023,Resource Monitoring and Research Center on Minority Languages,facility,CN,1,1,0,1,1,0,2
EXT:8FCD709699F1,2023,"CEC Gien Tech Technology Co., Ltd",company,CN,1,1,0,1,1,0,2
EXT:9019FCBC280D,2024,Chandar Research Lab,company,,1,1,1,1,1,0,4
EXT:9029659040B4,2021,ABBYY,other,RU,1,0,0,0,0,0,0
EXT:9061350A2575,2021,Bering Lab,company,KR,1,1,1,1,1,0,2
EXT:9061350A2575,2024,Bering Lab,company,KR,1,1,1,1,1,0,32
EXT:90C956E5D27F,2025,Di Di Global,other,CN,1,1,1,1,1,0,3
EXT:9106CDC7AEB6,2025,L M U Munich,other,,1,1,1,1,1,0,3
EXT:911FE0F86D83,2024,Invertible AI,company,GB,2,2,2,2,2,0,12
EXT:911FE0F86D83,2025,Invertible AI,company,GB,1,1,1,1,1,0,2
EXT:913F42C4BDDC,2024,Lapis Labs,company,,1,1,1,1,1,0,2
EXT:9159EC622675,2023,Deep Auto,company,KR,1,1,0,1,1,0,1
EXT:9159EC622675,2024,Deep Auto,company,KR,1,1,1,1,1,0,2
EXT:9159EC622675,2025,Deep Auto,company,KR,1,1,0,1,1,0,1
EXT:916C4D7ECA87,2023,Shift Technology,company,FR,1,1,0,0,1,0,1
EXT:922DB906109F,2023,Lanfrica,other,,1,1,1,1,1,0,23
EXT:924319C69686,2023,Wipro AI Labs,company,IN,1,1,0,1,1,0,3
EXT:9279F972FF01,2025,Leibniz-Institut f眉r Wissenschaften,other,,1,1,1,0,1,0,3
EXT:928140C7AB62,2023,Beijing Institute of Biotechnology,facility,CN,1,1,0,0,1,0,1
EXT:930F0D8DECE1,2023,Vectora,other,,1,1,0,0,1,0,1
EXT:9323BD61DD54,2023,Lamarr Institute,facility,DE,1,1,1,0,1,0,4
EXT:9323BD61DD54,2024,Lamarr Institute,facility,DE,1,1,0,0,1,0,3
EXT:9323BD61DD54,2025,Lamarr Institute,facility,DE,1,1,1,0,1,0,5
EXT:9335418AC230,2025,Zhejiang Key Laboratory of Big Data Intelligent Computing,facility,CN,1,1,0,0,1,0,2
EXT:935C01D3E5B4,2021,Meetic,other,FR,1,1,0,0,1,0,1
EXT:93689CB42B06,2024,Inria Bordeaux,other,FR,1,1,1,0,1,0,2
EXT:93BDA5B6467C,2025,Shanghai Key Lab of Inteligent Information Processing,facility,,1,1,0,1,1,0,3
EXT:93CA5788DBBD,2022,"IDSIA, USI & SUPSI",other,CH,1,1,1,0,1,0,1
EXT:93E1EDA63B96,2022,University of Kiel,education,DE,1,1,1,0,1,0,2
EXT:94345ED99BF1,2021,Upstage AI Research,company,KR,2,2,0,2,2,0,5
EXT:94A00608B4A9,2025,Cambium Assessment,other,,1,1,0,0,1,0,1
EXT:94ADA518D6DD,2024,Spiffy AI,company,,1,1,0,1,1,0,5
EXT:94BB9E76E3C5,2025,Universit脿 degli Studi di Torino,other,IT,1,1,1,0,1,0,4
EXT:94E5B615D41C,2025,AI Waves Inc.,company,CN,1,1,1,1,1,1,10
EXT:950152AD428C,2022,Health Research Consultant,healthcare,,1,1,0,0,1,1,4
EXT:95476B85BAB8,2022,Turing,other,,1,1,1,1,1,0,13
EXT:963954F4FDBD,2024,Contextual AI,company,US,1,1,0,1,1,0,3
EXT:963954F4FDBD,2025,Contextual AI,company,US,1,1,0,1,1,0,3
EXT:9665BA9A6F45,2023,Artificial Intelligence Research Center (AIST),facility,JP,1,1,1,0,1,0,3
EXT:968960D2BD30,2024,aequa-tech,other,IT,1,1,1,1,1,0,2
EXT:968960D2BD30,2025,aequa-tech,other,IT,1,1,1,0,1,0,4
EXT:968FB1AAD4D5,2025,DAUST,other,SN,1,1,1,0,1,0,10
EXT:969036E3D6E7,2025,X-Imaging Intelligent Technology (Shanghai) Co. LTD.,company,CN,1,1,0,1,1,0,1
EXT:9691E49E1A31,2025,Institute for AI in Medicine (IKIM),company,,1,1,0,1,1,0,2
EXT:96A3ACB0B46D,2020,Surgical Safety Technologies Inc.,healthcare,US,1,1,1,0,1,0,3
EXT:96FACCCB2E3E,2025,Thoughtworks,company,US,1,1,1,1,1,0,4
EXT:973FAFA4C2E9,2025,Furiosa AI,company,,1,1,0,1,1,0,3
EXT:9769F80C27A8,2024,CAS Key Laboratory of Electromagnetic Space Information,facility,,1,1,1,1,1,0,5
EXT:977E3D1A4C96,2024,University,education,,1,1,0,0,0,0,1
EXT:97C93260D931,2022,Cinnamon AI,company,VN,1,1,0,1,1,0,1
EXT:97E8D6A1A908,2025,Fraunhofer IIS,other,DE,1,1,0,0,1,0,3
EXT:982BCB6F2110,2024,"Douyin Vision Co., Ltd.",company,,1,1,0,1,1,0,1
EXT:983AF944AAE7,2023,Berkeley Artificial Intelligence Research (BAIR),facility,,1,1,0,0,1,0,1
EXT:98CB792A85FE,2024,IMDEA Networks Institute,facility,,1,1,1,0,1,0,3
EXT:98EC87D390D3,2024,SNU AI Center,facility,KR,1,1,0,1,1,0,3
EXT:98EC87D390D3,2025,SNU AI Center,facility,KR,1,1,0,1,1,0,3
EXT:99249EC1E2BC,2025,KT Corporation,company,KR,1,1,0,1,1,0,1
EXT:993C91A741FB,2025,National Key Laboratory of Parallel and Distributed Computing,facility,CN,1,1,0,0,1,0,2
EXT:998CE7E2F5F0,2025,"People AI, Inc.",company,,1,1,0,1,1,1,3
EXT:9A262B165A14,2025,Bebxy,other,,1,1,1,0,1,0,2
EXT:9A5ED4546E9D,2025,UAR Research Center for Trustworthy Data Science and Security,facility,,2,2,0,1,2,0,2
EXT:9AE3B7BCD214,2021,Hi TZ Basque Center for Language Technologies,company,,1,1,0,1,1,0,1
EXT:9B14C16C18AD,2023,"Data Grand Information Technology (Shanghai) Co., Ltd.",company,,2,2,0,2,2,0,2
EXT:9B87F059EBB4,2025,GDS Holdings Limited,company,,1,1,0,1,1,0,4
EXT:9C02A567C100,2024,Certified Translation Agency No. 1141,other,IR,1,1,1,0,1,0,1
EXT:9C10587F5455,2025,Institute of Artificial Intelligence Comprehensive National Science Center,facility,,1,1,1,1,1,0,3
EXT:9CD908594426,2023,Shenzhen Institute for Advanced Study,facility,CN,1,1,1,0,1,0,2
EXT:9CD908594426,2025,Shenzhen Institute for Advanced Study,facility,CN,1,1,0,0,1,0,1
EXT:9CFE816B9CA4,2021,Abigail Wexner Research Institute at Nationwide Children's Hospital,healthcare,,1,1,0,0,1,0,3
EXT:9D6D4BABCF13,2025,"University of Versailles, Paris-Saclay University",education,,1,1,0,0,0,0,1
EXT:9D813BE4970D,2023,Veterans Affairs San Diego Healthcare System,government,US,1,1,0,0,1,1,2
EXT:9D9088115B47,2022,Riiid AI Research,company,,2,1,0,1,1,0,1
EXT:9DA8C65C05FC,2024,Paris 1 Pantheon-Sorbonne University,education,FR,1,1,1,0,1,0,4
EXT:9E1AED648E8A,2025,Harvard-Westlake School,education,US,1,1,0,1,1,0,2
EXT:9E526AA40CFD,2024,Center for Human-Compatible AI,company,,1,1,1,1,1,0,3
EXT:9E9205FA3E60,2025,Beijing Knowledge Atlas Technology Joint Stock Company Limited,company,,1,0,0,0,0,0,0
EXT:9EA4D35AAE4B,2025,Health Unity,healthcare,,1,1,1,0,1,0,2
EXT:9EAB9314ECDA,2025,University of Trier,education,,1,1,0,0,1,0,1
EXT:9F184DA76953,2022,Universit茅 Mc Gill,other,,1,1,0,0,1,0,2
EXT:9F272F357354,2021,Mila - Quebec Artificial Intelligence Institute / McGill University,other,CA,1,1,1,0,1,0,2
EXT:9F272F357354,2023,Mila - Quebec Artificial Intelligence Institute / McGill University,other,CA,3,3,3,2,3,0,5
EXT:9F3C0CE3A1B7,2022,Institute for Interdisciplinary Information Sciences,facility,,1,1,0,0,1,0,1
EXT:9FB5C3C314A3,2023,MIT Computer Science and Artificial Intelligence Lab,company,US,1,1,1,1,1,0,1
EXT:9FB65CF14049,2021,Sogou Inc,company,CN,2,2,1,1,2,0,4
EXT:A011DA52A4C4,2023,FPT Software,company,,1,1,1,1,1,0,3
EXT:A01BA184E072,2025,AITRICS,other,KR,2,2,0,2,2,0,5
EXT:A021DA909FBE,2021,"Motherbrain, EQT Group",company,SE,1,1,0,0,1,0,1
EXT:A0F676F043FC,2024,OneLineAI,company,KR,1,1,1,1,1,0,6
EXT:A0F676F043FC,2025,OneLineAI,company,KR,1,1,0,1,1,0,3
EXT:A12D3CC6B18F,2025,Key Laboratory of Ethnic Language Intelligent Analysis and Security Governance of MOE,facility,,1,1,0,0,1,0,2
EXT:A1CB6620186A,2024,LAUTECH,other,NG,1,1,1,1,1,1,35
EXT:A1D7F6069974,2025,Key Laboratory of Big Data and Intelligent Robot,facility,,1,1,1,0,1,0,2
EXT:A20EAEB21B92,2022,University of Osnabr眉ck,education,DE,1,1,1,1,1,0,2
EXT:A210C70D9BCA,2020,Yahoo Japan Corporation,company,JP,1,1,0,1,1,0,2
EXT:A210C70D9BCA,2023,Yahoo Japan Corporation,company,JP,1,1,0,1,1,0,1
EXT:A24DD72FC6AF,2022,"Shenzhen Institute of Advanced Technology, Chinese Academy of Science",education,,1,1,0,1,1,0,3
EXT:A26EE6C573E4,2024,Multi-Agent Governance & Intelligence Crew (MAGIC),other,,1,1,0,0,1,0,3
EXT:A26EE6C573E4,2025,Multi-Agent Governance & Intelligence Crew (MAGIC),other,,1,1,0,1,1,0,4
EXT:A2B6A8BAA0D7,2022,NUST,other,,1,1,1,1,1,1,27
EXT:A30920B0D6C4,2025,"Shenzhen Shen Nong Information Technology Co., Ltd.",company,,1,1,0,1,1,0,4
EXT:A3420BC32F57,2025,"Ricoh Company, Ltd.",company,JP,1,1,1,1,1,0,4
EXT:A3423391F8F6,2024,Free University of Bozen,education,,1,1,1,0,1,0,3
EXT:A37069A057C1,2025,Arthritis Research Canada,facility,,1,1,0,0,1,0,2
EXT:A3C7B3290238,2021,Leibniz-Institute for Media Research <<<AFF_SPLIT>>> Hans-Bredow-Institut,company,,1,1,0,1,1,0,1
EXT:A3D8F17D6DF5,2020,Studio Ousia,other,JP,1,1,1,0,1,0,4
EXT:A3D8F17D6DF5,2022,Studio Ousia,other,JP,3,3,1,1,3,0,6
EXT:A40B5F6F4810,2022,Australian Institute for Machine Learning,facility,AU,1,1,0,0,1,0,1
EXT:A433C6A01087,2021,Wayfair,other,US,1,1,1,0,1,0,2
EXT:A456732FC32E,2022,Zhongguancun Laboratory,facility,CN,4,4,2,1,4,0,6
EXT:A456732FC32E,2023,Zhongguancun Laboratory,facility,CN,2,2,2,0,2,0,5
EXT:A456732FC32E,2024,Zhongguancun Laboratory,facility,CN,5,5,0,0,5,0,2
EXT:A456732FC32E,2025,Zhongguancun Laboratory,facility,CN,7,7,1,2,7,1,10
EXT:A4F3CD83E922,2022,INESC-ID,nonprofit,PT,1,1,0,0,1,0,3
EXT:A53F6F09724B,2025,Enterprise AI Services,company,,1,1,0,1,1,0,1
EXT:A5477926C2A3,2022,State Key Laboratory of Internet of Things for Smart City,facility,,1,1,1,0,1,0,2
EXT:A589A3170CFE,2024,FZ J眉lich,other,,1,1,0,0,1,0,3
EXT:A59A7835890D,2024,Guangdong Provincial Key Laboratory of Fire Science and Intelligent Emergency Technology,company,,1,1,1,1,1,0,3
EXT:A5EC19190753,2024,Zhoushan-Zhejiang University Ocean Research Center,facility,CN,1,1,0,0,1,0,3
EXT:A5EC19190753,2025,Zhoushan-Zhejiang University Ocean Research Center,facility,CN,1,1,1,1,1,0,3
EXT:A5F7D438E1EE,2023,Sca DS.AI,company,,1,1,0,1,1,0,2
EXT:A61EC46B26E4,2024,Yale NLP - FINDVER Team,other,,1,0,0,0,0,0,0
EXT:A63A8F161C58,2025,Bio RAMP,other,,1,1,1,1,1,0,9
EXT:A63B9FC02A4E,2024,Basis,other,,1,1,1,0,1,0,3
EXT:A69B3467B914,2022,University of Ulm,education,DE,1,1,1,0,1,0,2
EXT:A6F2AFBF3046,2025,Istituto di Scienza e Tecnologie dell'Informazione (CNR-ISTI),other,IT,1,1,1,0,1,0,2
EXT:A740E4FE09EC,2020,AI 2 Irvine,company,,1,1,1,1,1,0,2
EXT:A767517153A1,2021,Pangaea Data Limited,company,GB,1,1,1,1,1,0,2
EXT:A7BA1DA8F623,2025,KU Leuven- Flanders Make,other,,1,1,1,0,1,0,2
EXT:A8054F0CF55F,2021,Key Lab. of Machine Intelligence and Advanced Computing,facility,CN,1,1,1,1,1,0,3
EXT:A81F0DE42CAD,2022,RIKEN Center for AI Project,company,JP,1,1,1,1,1,0,24
EXT:A824A2DCF01B,2020,Storium,other,,1,1,0,0,1,0,2
EXT:A82BF01DD632,2021,University of Texas,education,US,1,1,0,0,1,0,1
EXT:A82BF01DD632,2024,University of Texas,education,US,1,1,0,0,0,0,2
EXT:A8F9A3584BCE,2024,Kempner Institute for the Study of Natural and Artificial Intelligence,facility,,1,1,0,0,1,0,1
EXT:A947F5949B21,2025,IDSIA-USI/SUPSI,other,,1,1,1,0,1,0,3
EXT:A95E95263D6A,2021,DFKI / Saarland University,other,DE,1,1,1,1,1,0,3
EXT:A98CAD162C52,2025,UFRN,other,BR,1,1,1,0,1,0,2
EXT:AA3A48B97989,2025,State Key Laboratory of Transvascular Implantation Devices and TIDRI,facility,,1,1,1,1,1,0,6
EXT:AA3B68F7AC2A,2023,Zoom Video Communications,company,US,2,0,0,0,0,0,0
EXT:AA3B68F7AC2A,2024,Zoom Video Communications,company,US,1,0,0,0,0,0,0
EXT:AA6A71D4CA5A,2025,Hubei Key Laboratory of Smart Internet Technology,company,,1,1,0,1,1,0,1
EXT:AA8AE62DA4F2,2025,Carl von Ossietzky University of Oldenburg,education,DE,1,1,1,1,1,0,4
EXT:AAEAC40046AA,2025,scieneers Gmb H,other,,1,1,1,0,1,0,3
EXT:AAEB9666216F,2024,Pioneer Centre for Artificial Intelligence,facility,,1,1,1,1,1,0,5
EXT:AB080DB7EFCE,2025,Lang Chain,other,,1,1,0,0,1,0,1
EXT:AB572CBD9944,2025,HIT,other,,1,1,0,1,1,0,10
EXT:AB7435B93186,2025,TU Darmstadt Konrad Zuse School of Excellence in Reliable AI (rel AI),education,,1,1,0,0,1,0,5
EXT:ABED032E1FAE,2024,ModelBest Inc.,company,CN,1,1,0,1,1,0,2
EXT:ACC504BA0ACD,2023,Singapore,other,SG,1,1,1,0,1,0,4
EXT:AD36929C625D,2024,Digital University Kerala,education,,1,1,0,0,1,0,2
EXT:AD3B7B72637C,2024,AZFT Joint Lab for Knowledge Engine,facility,,1,1,0,0,1,0,1
EXT:AD453160BCAD,2025,L 3 S Research Center,facility,DE,2,2,2,0,2,0,11
EXT:AD907E212630,2023,IIITDM,other,IN,1,1,1,1,1,0,2
EXT:AE1C85175BDD,2025,Hyundai Motor Company,company,KR,2,2,0,2,2,0,2
EXT:AE3D1DA67DEF,2025,Zoom Communications,company,,1,0,0,0,0,0,0
EXT:AE4F5017195C,2023,Zhongxing Telecommunication Equipment Corporation,company,,1,1,0,1,1,0,2
EXT:AE7538C7E14F,2025,Tongyi Speech Lab,company,CN,1,1,1,1,1,0,3
EXT:AECFF4D8B95F,2023,"Instituto Nacional de Astrof铆sica, Optica y Electr贸nica",other,MX,1,1,1,0,1,0,3
EXT:AEDF83DC55E6,2025,"MemTensor (Shanghai) Technology Co., Ltd.",company,CN,1,1,1,1,1,0,3
EXT:AF017E64EA74,2024,TEK-UP,other,,1,1,1,1,1,0,12
EXT:AF3FFFF239A0,2025,CSX-AI,company,FR,1,1,1,1,1,0,4
EXT:AF45FDF51911,2025,i 4 AI Ltd,company,GB,1,1,1,1,1,0,1
EXT:AF6933D21D42,2023,Aubay,other,FR,1,1,0,0,1,0,3
EXT:AF8216C2EF60,2025,Bharat Gen,other,,1,1,1,1,1,0,2
EXT:AFDE5313BCFC,2024,ModelBest Inc.,company,CN,2,2,0,2,2,0,2
EXT:B01065C041D5,2025,Speech Colab,other,,1,1,0,1,1,0,10
EXT:B056814B52D1,2024,Linz Institute of Technology,education,,1,1,1,0,0,0,2
EXT:B05DC385FA88,2025,Honda Research Institute,company,US,1,1,0,1,1,0,3
EXT:B05DF2E99F8F,2024,The Hebrew University Business School,education,IL,1,1,1,1,1,0,3
EXT:B17B09FA2868,2020,Element AI,company,CA,1,1,0,1,1,0,3
EXT:B17B09FA2868,2021,Element AI,company,CA,2,0,0,0,0,0,0
EXT:B1B8B99A549F,2021,Sber AI Lab,company,RU,1,1,1,1,1,0,4
EXT:B1B8B99A549F,2022,Sber AI Lab,company,RU,1,1,0,1,1,0,6
EXT:B1B8B99A549F,2025,Sber AI Lab,company,RU,1,1,0,1,1,0,2
EXT:B1D64E3DEE6F,2025,SCUT-Zhuhai Institute of Modern Industrial Innovation,facility,CN,2,2,0,2,2,0,3
EXT:B1D9D6D23AB3,2025,NEC Labs America,facility,US,1,1,0,0,1,0,1
EXT:B1E7792F37CD,2025,Universite 9 de Lorraine,other,,1,0,0,0,0,0,0
EXT:B1EDC4638F10,2025,Draper Scholar,other,,1,1,0,0,1,0,2
EXT:B235034AA061,2025,Together AI,company,US,2,2,2,2,2,0,9
EXT:B236BE2AF5B5,2024,AI Waves Inc.,company,CN,1,1,0,1,1,0,2
EXT:B238DE9A7096,2020,LORIA,facility,FR,1,1,1,1,1,0,3
EXT:B2576A8F840E,2025,"Shanghai Sim Med Technology Co,Ltd",company,,1,1,1,1,1,0,7
EXT:B26DD9395915,2025,Xinjiang Laboratory of Minority Speech and Language Information Processing,facility,CN,1,1,0,0,1,1,3
EXT:B27A0B20D8FE,2025,PAII Inc.,company,US,1,1,0,1,1,0,2
EXT:B333661BEEB1,2025,Light on,other,,1,1,0,1,1,0,4
EXT:B3642E7B8C87,2025,Brave Software,company,US,1,1,1,1,1,0,3
EXT:B367D316641A,2025,Beijing Key Laboratory of Super-Intelligent Security of Multi-Modal Information,facility,,1,1,0,1,1,1,3
EXT:B3D8B1E10BFB,2025,"The Nanjing Derong Wisdom Information Technology Co., Ltd.",company,CN,1,1,1,1,1,0,2
EXT:B443B2C863BA,2024,Scale AI,company,,1,1,1,1,1,0,20
EXT:B4A73071B37A,2022,4Paradigm,other,CN,1,1,1,0,1,0,2
EXT:B4A73071B37A,2023,4Paradigm,other,CN,2,2,1,1,2,0,5
EXT:B5062103DBDF,2024,ITESM,other,MX,1,1,1,0,1,0,1
EXT:B5B3B819CA33,2025,Dunhuang Academy,education,,1,1,0,0,0,0,3
EXT:B626FCE54BDB,2025,State Key laboratory of Space Network and Communications,company,,1,1,0,1,1,0,2
EXT:B68D10E4285D,2022,NCSOFT Corporation,company,KR,1,1,0,1,1,0,1
EXT:B6AFEDAB8529,2023,Xiaobing.AI,company,CN,1,1,0,1,1,0,1
EXT:B6C1B2B95054,2020,Priberam Labs,company,,1,1,0,1,1,0,4
EXT:B6F487A890EB,2021,Volkswagen AG,other,DE,1,1,1,0,1,0,1
EXT:B70DCD31890E,2025,"Rapport Technologies, Inc.",company,,1,1,0,1,1,0,3
EXT:B71FB5D85A77,2022,Valencian Research Institute for Artificial Intelligence,company,ES,1,1,0,1,1,0,1
EXT:B729372423D2,2024,Jinhua Institute of Zhejiang University,education,,1,1,0,1,1,0,2
EXT:B76A1FD74647,2025,"Shanghai Electric Group Co., Ltd. Central Academe",company,,1,1,1,1,1,0,3
EXT:B77B1857B1E5,2024,Fundaci贸n Vicomtech,other,,1,1,0,0,1,0,1
EXT:B7C738650311,2025,SEACrowd,nonprofit,ID,2,2,2,1,2,0,8
EXT:B7D0B8169299,2021,Terrence Donnelly Centre for Cellular & Biomolecular Research,facility,,1,1,0,0,1,0,3
EXT:B7F5F25EA25A,2024,Salute Devices,company,RU,1,1,0,1,1,0,3
EXT:B80939869DE3,2025,Answer.AI,company,US,1,1,0,1,1,0,4
EXT:B8327C056510,2025,Fujitsu Research India,company,IN,3,2,0,1,2,0,2
EXT:B9B268E6CD08,2025,Beijing Key Laboratory of Traffic Data Mining and Embodied Intelligence,facility,,1,1,0,1,1,0,2
EXT:B9B6BC784D8D,2023,"IESEG School of Management, Univ. Lille",education,FR,1,1,1,0,0,0,1
EXT:B9ECEEA9ECD7,2022,Zhongtukexin Co. Ltd.,company,CN,1,1,1,1,1,0,3
EXT:BAA562B499FA,2023,Comcast Applied AI,facility,US,1,1,1,0,1,0,2
EXT:BAA562B499FA,2024,Comcast Applied AI,facility,US,1,1,1,0,1,0,2
EXT:BB3E97D07AB1,2020,LULVIS (Lisbon ELLIS Unit),other,,1,1,1,0,1,0,4
EXT:BB56DA5ED629,2021,Shannon.AI,company,CN,1,1,0,1,1,1,2
EXT:BB577A4B627D,2025,Unisound,other,CN,1,1,0,0,1,1,2
EXT:BB611C41FBD5,2022,Langsmith Inc.,company,JP,1,1,0,1,1,0,3
EXT:BB95B749A018,2025,"Door Dash, Inc.",company,US,1,1,0,1,1,0,1
EXT:BBDC22BF991F,2025,Vinogradov Russian Language Institute RAS,facility,,1,1,0,0,1,0,5
EXT:BBF92551FE5E,2024,IN.AI Research,company,,1,1,0,1,1,0,1
EXT:BC4BD98A5204,2021,Yat-sen University,education,CN,1,1,0,0,1,0,2
EXT:BCC0608A2C32,2025,Engineering Research Center of Intelligent Technology for Agriculture,company,CN,1,1,0,1,1,0,1
EXT:BD0C86D19B15,2023,UACH,other,MX,1,1,1,0,1,0,3
EXT:BD96E46654CD,2023,Inspired Cognition,other,US,1,1,1,0,1,0,2
EXT:BE01DD619D3D,2022,Transsion Group,company,,1,1,0,1,1,0,2
EXT:BE4141D8D7AF,2025,"Engineering Research Center of Database and Business Intelligence, MOE",facility,CN,1,1,0,1,1,0,3
EXT:BE60EFCD3464,2024,Universidade L煤rio,other,MZ,1,1,1,0,1,0,1
EXT:BE60EFCD3464,2025,Universidade Lurio,other,MZ,1,1,1,0,1,0,1
EXT:BE7E1F3A9A4B,2025,Metastone Technology,company,,1,1,0,1,1,0,1
EXT:BE82A59EE0FE,2022,AIGEN Sciences,company,KR,1,1,1,1,1,0,2
EXT:BE82A59EE0FE,2023,AIGEN Sciences,company,KR,1,1,1,1,1,0,2
EXT:BE82A59EE0FE,2024,AIGEN Sciences,company,KR,1,1,0,1,1,0,2
EXT:BE82A59EE0FE,2025,AIGEN Sciences,company,KR,3,3,1,3,3,0,7
EXT:BE846510F65F,2022,National Language Resources Monitoring and Research Center for Network Media,facility,CN,1,1,0,0,1,0,3
EXT:BE846510F65F,2025,National Language Resources Monitoring and Research Center for Network Media,facility,CN,1,1,0,0,1,0,3
EXT:BEB4DA1E9FCB,2022,Megagon Labs,company,US,1,1,1,1,1,0,3
EXT:BEB4DA1E9FCB,2024,Megagon Labs,company,US,2,1,1,1,1,0,2
EXT:BEB4DA1E9FCB,2025,Megagon Labs,company,US,2,2,2,2,2,0,3
EXT:BECB34AC64AB,2020,UBTECH Sydney AI Centre,company,,1,1,1,1,1,0,4
EXT:BECD2D4E52A9,2024,Cisco Outshift,other,,1,1,0,1,1,0,3
EXT:BEE32BF671FA,2024,Center for Artificial Intelligence and Data Science (CAIDAS),facility,,1,1,0,0,1,0,1
EXT:BF0B0C3C5E3F,2024,Bigmath Technology,company,CN,1,1,0,1,1,0,2
EXT:BF135B36C3AE,2020,University of Barcelona,education,,1,1,0,0,0,0,1
EXT:BF76C0A765C0,2023,Anytime AI,company,US,2,2,1,1,1,0,3
EXT:BF76C0A765C0,2024,Anytime AI,company,US,2,2,1,2,2,0,5
EXT:C013D79C41F1,2020,Odd Concepts Inc.,company,,1,1,0,1,1,0,1
EXT:C07B1AFB974A,2024,Abridge AI,company,US,1,1,1,1,1,0,3
EXT:C0DD948714EE,2022,Alexa AI,company,,1,1,0,1,1,0,1
EXT:C0FC9C3EB6EB,2022,Fujifilm Corporation,company,,1,1,0,1,1,0,1
EXT:C1396DFE0899,2024,Kensho Technologies,company,US,3,2,2,2,2,0,4
EXT:C1396DFE0899,2025,Kensho Technologies,company,US,2,2,1,1,2,0,5
EXT:C1A8007179C7,2022,FRC CSC RAS,other,RU,1,1,0,1,1,0,6
EXT:C1A8007179C7,2023,FRC CSC RAS,other,RU,1,1,1,1,1,0,7
EXT:C1A8007179C7,2025,FRC CSC RAS,other,RU,1,1,0,0,1,0,2
EXT:C1DFDDBE0C65,2023,Shanghai Innovation Center for Processor Technologies,company,,1,1,0,1,1,0,2
EXT:C1E26225AB31,2024,ENS Paris-Saclay,education,FR,1,1,1,1,1,0,5
EXT:C1EC59A09E76,2022,Hooray Data,other,,1,1,0,1,1,0,5
EXT:C24603F4C18A,2020,SEEK Ltd,company,,1,1,0,0,0,0,1
EXT:C24C3DFCD8EF,2023,Webtoon AI,company,,1,1,0,1,1,0,1
EXT:C2A8B70FE8B5,2025,Sciences Po,other,,1,1,0,0,1,1,2
EXT:C2B5ABA05EEF,2021,Volkswagen Innovation Center,facility,DE,1,1,0,0,1,0,3
EXT:C3500B8AA8AE,2024,ELLIS Unit Lisbon,other,PT,1,1,1,0,1,0,4
EXT:C35AD2B4DA79,2022,Faire,other,,1,1,0,1,1,0,3
EXT:C36B5247DBE0,2025,Behavox,other,,1,1,1,1,1,0,7
EXT:C3EE92017A2C,2023,Ramply Inc.,company,,1,1,0,1,1,0,1
EXT:C40793A91F6F,2025,PKU-Wuhan Institute for Artificial Intelligence,facility,,2,2,0,0,2,1,3
EXT:C43419DD0A2C,2025,ThoughtFull,company,SG,1,1,1,1,1,0,7
EXT:C48AF260D826,2021,ATRICS,other,,1,1,0,0,1,0,1
EXT:C497B7BCE367,2024,"Istituto di Linguistica Computazionale ""Antonio Zampolli""",other,,1,1,0,0,1,0,2
EXT:C52D56E431C4,2024,Technische Hochschule N眉rnberg Georg Simon Ohm,other,,1,1,0,0,1,0,1
EXT:C53F6F953EEE,2025,University of Ilinois at Chicago,education,,1,1,1,0,0,0,3
EXT:C563E652A368,2025,Shenzhen International Center for Industrial and Applied Mathematics,facility,CN,2,2,1,0,2,0,7
EXT:C56C75F80C11,2025,Medidata Solutions,other,,1,1,0,0,1,0,1
EXT:C5AE7F86B861,2025,Catalan Institute for Research and Advanced Studies (ICREA),nonprofit,ES,1,1,1,0,1,1,3
EXT:C5C2B972A21F,2023,App Tek Gmb H,other,DE,1,1,0,0,1,0,2
EXT:C5D432FF15FA,2024,Oxford-Suzhou Centre for Advanced Research,facility,CN,1,1,1,1,1,0,4
EXT:C5E73EA22687,2022,U Mass Medical School,education,,1,1,0,0,1,1,4
EXT:C68B6B6A660A,2020,Corti,other,DK,1,0,0,0,0,0,0
EXT:C68B6B6A660A,2024,Corti,other,DK,1,1,1,0,1,0,2
EXT:C6AFE0A30049,2024,Edi,other,,1,1,0,0,1,0,1
EXT:C6E6F7A68CA7,2023,China Telecom Corporation Ltd.,company,,1,1,0,1,1,0,3
EXT:C6FE00CAF40E,2022,"Shanghai Transsion Co., Ltd",company,CN,1,1,1,1,1,0,3
EXT:C7071711FD38,2020,Unbabel,other,PT,3,2,1,1,2,0,6
EXT:C7071711FD38,2021,Unbabel,other,PT,1,1,0,0,1,0,2
EXT:C7071711FD38,2022,Unbabel,other,PT,3,3,2,2,3,0,6
EXT:C7071711FD38,2023,Unbabel,other,PT,3,3,3,1,3,0,8
EXT:C7071711FD38,2024,Unbabel,other,PT,2,2,2,1,2,1,39
EXT:C7071711FD38,2025,Unbabel,other,PT,1,1,0,0,1,0,2
EXT:C7B91DD8C1AB,2024,Zhejiang University-Ant Group Joint Laboratory of Knowledge Graph,education,,1,1,0,0,0,0,2
EXT:C80BE8BD2449,2024,"Rakuten Group, Inc.",company,IN,1,1,0,1,1,0,1
EXT:C810232F8700,2025,Guangxi,other,CN,1,1,0,0,1,0,3
EXT:C8676DDD357B,2025,HISER Kolkata,other,,1,1,0,0,0,0,1
EXT:C8D1FD4C9513,2025,CENTAI,other,IT,1,1,0,0,1,0,1
EXT:C8E7F709D4D9,2025,Air Signal,other,,1,1,1,1,1,0,2
EXT:C8F35D7B2E80,2024,"Institute for AI in Medicine, University Hospital Essen",healthcare,,1,1,1,0,1,0,7
EXT:C903BE87A8F6,2022,HPI/University of Potsdam,education,DE,1,1,1,0,0,0,2
EXT:C9ACF791F373,2025,"Culture Pulse, Inc.",company,,1,1,0,1,1,0,2
EXT:C9EB983AD8CC,2022,Deezer Research,facility,FR,1,1,1,0,1,0,1
EXT:C9EB983AD8CC,2023,Deezer Research,facility,FR,1,1,0,0,0,0,1
EXT:CA3478CFA7BA,2024,MBZUAI Invertible AI,company,,1,1,0,1,1,0,1
EXT:CA3D70D6288B,2022,Tokyo University,education,,1,1,0,0,0,0,2
EXT:CA49AA7C622F,2024,Shopee Pte. Ltd,company,SG,1,1,0,1,1,0,2
EXT:CA6346B7B1AE,2022,ISP RAS Research Center for Trusted Artificial Intelligence,facility,RU,1,1,0,1,1,0,6
EXT:CA6346B7B1AE,2025,ISP RAS Research Center for Trusted Artificial Intelligence,facility,RU,1,1,0,1,1,0,2
EXT:CACCA98F247F,2023,University of Angers,education,FR,1,1,0,0,1,0,3
EXT:CBD61144397D,2021,Humboldt University Berlin,education,,1,1,0,0,0,0,1
EXT:CBDE1E8BDE04,2025,The 30 th Research Institute of China Electronics Technology Group Corporation,company,CN,2,2,2,2,2,0,5
EXT:CBF7BFC49C1B,2022,Tianjin Key Laboratory of Network and Data Security Technology,company,CN,1,1,0,1,1,0,2
EXT:CC41F2FB81F0,2022,Nyonsei University,education,KR,1,1,1,1,1,0,2
EXT:CC8B543AF6F0,2024,SUNY Empire State University,education,,1,1,1,1,1,0,4
EXT:CCEEEDCF2845,2025,Shenzhen Huazhong University of Science and Technology Research Institute,education,CN,1,1,0,0,0,0,2
EXT:CD00CEDFE6AB,2024,"Du Xiaoman (Beijing) Science Technology Co., Ltd.",company,CN,3,3,0,3,3,0,1
EXT:CD00CEDFE6AB,2025,"Du Xiaoman (Beijing) Science Technology Co., Ltd.",company,CN,1,1,0,1,1,0,1
EXT:CD6E8319C491,2024,Imperial College,education,,1,1,1,1,1,0,2
EXT:CD9B24188A3E,2025,LI Auto Inc.,company,,1,1,0,1,1,0,1
EXT:CDA34D554352,2025,Haihe Lab of ITAI,facility,,1,1,1,0,1,1,3
EXT:CE097BD3707C,2023,Tik Tok Inc.,company,,1,1,0,1,1,0,2
EXT:CE3C53D76F2F,2021,Universtiy of Oxford,other,,1,1,0,0,1,0,2
EXT:CE6472BCBE5B,2024,Imperial College Long,education,,1,1,1,1,1,0,32
EXT:CE6D04FB2851,2023,Chinese Academy of Military Science,education,,1,1,0,0,0,0,1
EXT:CF0B7F5B563F,2022,VISAI AI,company,TH,1,1,0,1,1,0,2
EXT:CF0B7F5B563F,2025,VISAI AI,company,TH,1,1,0,1,1,0,2
EXT:CF0C1F28A218,2024,Hengrui Europe Biosciences,other,,1,1,0,0,1,0,3
EXT:CF2A777942A6,2021,Vipshop,other,CN,1,1,1,0,1,0,3
EXT:CF2A777942A6,2023,Vipshop,other,CN,1,1,1,1,1,0,2
EXT:CF5C1AC1FE6D,2025,Zhejiang Key Laboratory of Medical Imaging Artificial Intelligence,facility,CN,3,3,2,2,3,0,12
EXT:CF6474540690,2025,Cleveland Clinic Lerner Research Institution,healthcare,,1,1,1,1,1,0,4
EXT:CFB46A8C4BBD,2025,Resolve Research,facility,,1,1,0,0,1,0,1
EXT:D02EB2D193EF,2025,Ritzz-AI,company,,1,1,1,1,1,1,4
EXT:D040AA5D0086,2022,Singapore University of Design and Technology,education,,1,1,0,0,0,0,1
EXT:D067B4D8177E,2024,MIT Ben-Gurion University of the Negev,education,IL,1,1,1,1,1,0,2
EXT:D0B269FFDC53,2023,"AIGENDRUG Co., Ltd.",company,,1,1,0,1,1,0,1
EXT:D131681E3B6A,2021,Factmata,other,,1,1,1,1,1,0,5
EXT:D1EC6F75E82E,2024,NYU Grossman School of Medicine,education,US,1,1,0,0,1,0,1
EXT:D20D9258E09B,2022,International Human Phenome Institutes,other,CN,2,2,0,1,2,0,2
EXT:D20D9258E09B,2023,International Human Phenome Institutes,other,CN,1,1,0,0,1,0,1
EXT:D235E2D21E6B,2023,AMD,company,US,1,1,1,1,1,0,3
EXT:D26C0B13FE1E,2025,Orai NLP Teknologiak,facility,ES,1,0,0,0,0,0,0
EXT:D27608DCD026,2024,Anhui Province Key Laboratory of Digital Security,facility,,1,1,1,1,1,0,5
EXT:D2AAEAE999CD,2024,"Istituto di Scienza e Tecnologia dell'Informazione ""A. Faedo""",other,,1,1,0,0,1,0,2
EXT:D2AFAA361348,2022,Jacobs University,education,DE,1,1,1,1,1,1,27
EXT:D2D66731B5BD,2023,Heinrich Heine University,education,DE,1,0,0,0,0,0,0
EXT:D2D66731B5BD,2025,Heinrich-Heine-University,education,DE,1,1,0,0,1,0,1
EXT:D335C8D78519,2025,BIT,other,,1,1,0,1,1,0,4
EXT:D3533AD91AC0,2023,Karya Inc.,company,,1,1,0,1,1,0,1
EXT:D3550EDBE644,2022,University of Lyon 1,education,FR,1,1,1,1,1,0,3
EXT:D363BB7F748D,2022,Aylien,other,IE,1,1,0,0,1,0,1
EXT:D3822382E864,2022,Legal Force Research,facility,,1,1,0,0,1,0,2
EXT:D3B94BF50BEF,2020,The University of Austin at Texas,education,,1,1,0,1,1,0,1
EXT:D45CBB2F5A74,2024,State Key Laboratory of Mathematical Engineering and Advanced Computing,facility,CN,1,1,1,0,1,0,1
EXT:D466B17DBB1E,2025,Warwick Business School,education,,1,1,1,0,0,0,2
EXT:D49F7FD398D6,2025,Birch AI,company,,1,1,0,1,1,0,10
EXT:D4AC6C3AEDAD,2023,i Wudao Tech,other,,1,1,0,0,1,0,1
EXT:D5E41B3CE2C1,2025,Open CSG,other,,1,1,1,0,1,0,2
EXT:D5E42385145E,2022,Growdle Corporation,company,,1,1,1,1,1,0,2
EXT:D6297330BB4D,2024,Kempner Institute at Harvard University,education,,1,1,1,0,0,0,2
EXT:D6A53EDB289E,2025,Binjiang Institute of Zhejiang University,facility,CN,1,1,1,1,1,0,3
EXT:D6D1C85B86CE,2025,Monash Indonesia,other,,1,1,1,1,1,0,4
EXT:D6E1C16A6DA6,2025,State Key Laboratory of Advanced Rail Autonomous Operation,facility,,1,1,0,0,1,0,1
EXT:D6F89BE41FF6,2023,University at Buffalo,education,US,2,2,0,1,1,0,4
EXT:D714199A48FB,2023,Orange Silicon Valley,other,,1,1,0,0,1,0,1
EXT:D758E343C17D,2025,Genmo.ai,company,,1,1,1,1,1,0,5
EXT:D76B9AE35EA4,2025,AIRCAS,other,,1,1,1,0,1,0,4
EXT:D7796E07EE8B,2024,Twelve Labs,company,,1,1,0,1,1,0,2
EXT:D7FDEE9A5EF0,2020,Petuum Inc.,company,US,1,1,0,1,1,0,3
EXT:D7FDEE9A5EF0,2022,Petuum Inc.,company,US,1,1,1,1,1,0,4
EXT:D87EAC789255,2025,Tik Tok,other,,1,1,0,0,1,0,1
EXT:D8A9117182B9,2020,Yahoo! Research,facility,,1,1,0,1,1,0,2
EXT:D8AE630B3A21,2021,Korbit Technologies,company,,1,1,1,0,1,0,2
EXT:D8B4818342B2,2023,Universerty of Michigan,other,,1,1,0,0,1,0,1
EXT:D8CC994D6AFA,2024,"ISTA & Neural Magic, Inc.",company,,1,1,0,1,1,0,1
EXT:D92D58646C31,2025,High-Tech Institute of Xi'an,facility,CN,1,1,0,0,1,0,1
EXT:D9420C5B37F9,2025,Guangdong Engineering Research Center of Data Security Governance and Privacy Computing,facility,,1,1,0,0,1,0,4
EXT:D970361396E5,2024,HJ AILAB,other,,1,1,0,1,1,0,2
EXT:D9DE9A003B38,2025,University of Strasbourg,education,,1,1,1,0,0,0,3
EXT:D9E402E93D98,2025,Radboud University,education,NL,1,1,1,0,0,0,1
EXT:DA0E2A8665D9,2024,Research Center Trustworthy Data Science and Security of the University Alliance Ruhr,education,,1,1,1,1,1,0,4
EXT:DA4B4668ACA6,2022,Shandong Woman University,education,,1,1,0,0,0,0,1
EXT:DA8465E6D71C,2024,UNIZIK,other,NG,1,1,1,1,1,1,35
EXT:DAA855CE2A70,2024,Capital on,other,,1,1,1,1,1,0,32
EXT:DAC387DD7017,2025,Banasthali Vidyapeeth University,education,IN,1,1,0,0,0,0,4
EXT:DB16647CB344,2020,Elemental Cognition,other,US,1,0,0,0,0,0,0
EXT:DB38C49E83B9,2024,Soochow Securities,other,,1,1,1,0,1,0,2
EXT:DB6D3DA8B813,2021,ALTA Institute,facility,,1,1,0,0,1,0,1
EXT:DC011E43875E,2025,Jiangsu Marine Resources Development Research Institute,company,CN,1,1,0,1,1,0,1
EXT:DC0713145A96,2022,Mila / Universit茅 de Montr茅al,other,,1,1,1,1,1,0,4
EXT:DC10BCF17CC7,2025,Charles Stark Draper Laboratory,facility,,1,1,0,0,1,0,2
EXT:DC360253958F,2021,Vector AI,company,,1,1,0,1,1,0,2
EXT:DC51DE14CCA3,2025,"Soochow Securities Co.,Ltd.",company,,1,1,1,1,1,0,6
EXT:DC97E95BB9CA,2024,National University Philippines,education,PH,2,2,2,2,2,1,43
EXT:DC97E95BB9CA,2025,National University Philippines,education,PH,2,2,2,1,2,0,17
EXT:DC982EF757E2,2025,University Hospital Aachen,healthcare,,1,1,1,1,1,0,5
EXT:DCA57ABFDCF1,2024,Orange Innovation,other,FR,1,1,1,0,1,0,3
EXT:DCD8A793AC02,2023,University of Applied Sciences Darmstadt,education,,1,1,1,0,0,0,3
EXT:DD02FF22CBEF,2024,FZI,other,,1,1,1,1,1,0,5
EXT:DD1FC8BB0F58,2024,CENIA,other,CL,1,1,0,0,1,0,1
EXT:DD30B49D0EE6,2022,IDEA Research,facility,CN,1,1,1,1,1,0,3
EXT:DD6A6F2A1180,2024,School of Science and Engineering Magnet,education,US,1,1,1,0,1,0,5
EXT:DD6B08FA4EA8,2024,Ningbo Tech University,education,CN,1,1,1,0,0,0,3
EXT:DD6B08FA4EA8,2025,Ningbo Tech University,education,CN,1,1,0,0,0,0,3
EXT:DE09F8DC39B8,2025,"Mongo DB, Inc.",company,IN,1,1,0,1,1,0,1
EXT:DE39A5003286,2023,University of Wroclaw,education,,1,1,1,1,1,0,2
EXT:DE88C2D6B9B0,2023,Northeastern University at Qinhuangdao,education,CN,1,1,0,1,1,0,2
EXT:DF42793C306D,2025,Key Laboratory of Ethnic Language Intelligent Analysis and Security Governance,facility,,1,1,0,0,1,0,2
EXT:DF4CDE726A0D,2024,Universiti Sultan Zainal Abidin,other,,1,1,1,0,1,0,6
EXT:DF53AAF99214,2025,Alln Institute for AI,company,,1,1,0,1,1,0,3
EXT:DF8AF93BC953,2024,Multimodal Art Projection Research Community,nonprofit,,1,1,0,0,1,0,2
EXT:DFAF2B56A396,2023,Frontis.AI,company,CN,1,1,0,1,1,0,2
EXT:DFCB6AB25548,2024,Data 61 CSIRO,other,AU,1,1,1,0,1,0,3
EXT:E01513B03C9B,2025,Shanghai Innovation Institute,facility,CN,7,7,3,1,6,0,19
EXT:E0297FC78E78,2021,Gojek,other,,1,1,1,1,1,0,5
EXT:E0A3DDDA1FD5,2024,SUNY Albany,other,US,2,2,0,2,2,0,3
EXT:E0A8308591EF,2024,"1 Create Way, #08-01 Create Tower, Singapore 138602",other,SG,1,1,0,0,1,1,2
EXT:E0C2D1DB1F97,2025,ModelBest Inc.,company,CN,1,1,1,1,1,1,7
EXT:E10115432D79,2021,Viv Labs,company,,1,1,0,1,1,0,1
EXT:E1175DE4A94C,2025,Julius-Maximilians-Universit?t W眉rzburg,education,DE,1,0,0,0,0,0,0
EXT:E120DC447297,2024,LMI,other,,1,1,0,0,1,0,2
EXT:E1242A8DC7D9,2025,"Kotoba Technologies, Inc.",company,,1,1,0,1,1,0,1
EXT:E13EA6DC500F,2025,Inner Mongolia Key Laboratory of Multilingual Artificial Intelligence Technology,company,CN,1,1,0,1,1,0,1
EXT:E150EEF8CC46,2025,University at Albany,education,US,1,1,1,0,1,0,2
EXT:E1B5FB46D39A,2023,Carper AI,company,,1,1,1,1,1,0,7
EXT:E1C7B99C4803,2023,Institute of Datospace,facility,CN,1,1,1,0,1,0,4
EXT:E1F6B9DF07E6,2025,Oumi,other,,1,1,0,0,1,0,1
EXT:E1F9904BEB82,2020,n-waves,other,,1,1,1,1,1,0,3
EXT:E1FCE9DD128B,2025,Secure AI and Autonomy Lab,company,,1,1,0,1,1,0,2
EXT:E20205611EAE,2023,3 B Group,company,,1,1,1,1,1,0,4
EXT:E20F61C5DFFF,2023,"Inspur Group Co., Ltd.",company,CN,1,1,0,1,1,0,3
EXT:E2229C8891D2,2025,AI Speech Ltd,company,,1,1,0,1,1,0,10
EXT:E2DF64BBE00D,2022,Shenzhen International Graduate School,education,,1,1,0,1,1,0,5
EXT:E2F9B3E50CC1,2024,Xtal Pi Innovation Center,facility,CN,1,1,1,0,1,0,2
EXT:E30835789C7C,2025,Hunyuan AI Digital Human,company,,1,1,1,1,1,0,3
EXT:E369D35C1785,2023,3M Health Information Systems,healthcare,US,1,1,0,0,1,0,1
EXT:E36C0EC4A63D,2023,Skywork AI,company,SG,1,1,1,1,1,0,3
EXT:E385BC028BDC,2024,BNU-HKBU United International College,education,CN,1,1,0,1,1,0,2
EXT:E386D90A2778,2024,Playtest AI,company,,1,1,0,1,1,0,3
EXT:E398957AA274,2024,aiXplain,other,US,1,1,1,0,1,0,1
EXT:E398957AA274,2025,aiXplain,other,US,1,1,1,0,1,0,1
EXT:E3DDFD23C259,2025,Hochschule Karlsruhe,other,,1,1,1,1,1,0,3
EXT:E3E8A76B4E94,2024,China University of Mining,education,,1,1,0,0,0,0,1
EXT:E402067927E3,2020,"AI Institute, Tongdun Technology",company,,1,1,1,1,1,0,2
EXT:E43558DAAA6F,2024,University of T眉bigen,education,,1,1,1,1,1,0,7
EXT:E44791EA3418,2025,Hippocratic AI,company,,1,1,1,1,1,0,44
EXT:E484EDBB6030,2025,DATUMO,company,KR,1,1,0,1,1,0,2
EXT:E489E0AB8864,2025,Henry Ford Health,healthcare,,1,1,0,1,1,0,3
EXT:E4C657AA6092,2024,Logically,company,GB,1,1,1,1,1,0,2
EXT:E4C657AA6092,2025,Logically,company,GB,1,1,1,1,1,0,1
EXT:E4D161376186,2025,"University at Albany, SUNY",education,,1,1,0,0,1,0,2
EXT:E5308DD0F4DB,2020,UNIGE,other,,1,1,0,0,1,0,1
EXT:E54F28F2A8D8,2020,ZJU-UIUC Institute,education,CN,2,2,2,2,2,0,4
EXT:E54F28F2A8D8,2021,ZJU-UIUC Institute,education,CN,1,1,1,1,1,0,3
EXT:E563F58E9F0D,2024,Northeast Forest University,education,,1,1,0,0,0,0,2
EXT:E59C0F97A5ED,2024,Slovak.AI,company,SK,1,1,1,1,1,0,2
EXT:E5C9B3D3D2EF,2023,Avignon Universit茅,other,FR,1,1,0,0,1,0,2
EXT:E5EB79102CDA,2025,Nielsen IQ,other,,1,1,0,0,1,0,1
EXT:E616BD1E3F2B,2023,PSL University,education,FR,2,2,1,1,2,1,3
EXT:E624377FAEDD,2024,Data 61,other,,1,1,0,0,1,0,1
EXT:E6D39FBFFEC3,2023,ROCKWOOL Foundation Research Unit,nonprofit,DK,1,1,1,0,1,0,2
EXT:E6D39FBFFEC3,2025,ROCKWOOL Foundation Research Unit,nonprofit,DK,1,1,1,1,1,0,2
EXT:E6D903DD7A7F,2021,Byle University,education,,1,1,1,1,1,0,3
EXT:E6DBFCE77B0C,2024,University of Wake Forest,education,US,1,1,1,0,0,0,2
EXT:E75A1722555A,2025,Key Laboratory of Advanced Microprocessor Chips and Systems,facility,CN,1,1,0,0,1,0,2
EXT:E77682F95A0A,2022,International Digital Economy Academy,education,CN,1,1,1,0,0,0,2
EXT:E77682F95A0A,2024,International Digital Economy Academy,education,CN,2,1,0,0,1,0,2
EXT:E77682F95A0A,2025,International Digital Economy Academy,education,CN,3,3,1,2,2,0,7
EXT:E7BDEC2489A9,2025,Angelalign Inc.,company,CN,1,1,1,1,1,0,4
EXT:E84E907404C0,2025,Northeastern University at Qinghuangdao,education,,1,1,0,0,1,0,2
EXT:E8B70F614025,2025,Mc Lean Hospital,healthcare,US,1,1,1,0,1,0,3
EXT:E8FD5F4611CE,2023,China Merchants Bank,company,,1,1,0,1,1,1,2
EXT:E96E7E1C4E86,2022,"International Innovation Center of Tsinghua University, Shanghai",facility,CN,1,1,1,0,1,0,4
EXT:E9BEF41F34E3,2025,Beijing Key Laboratory of Traffic Data Analysis and Mining,facility,CN,1,1,0,0,1,0,3
EXT:EA01C18B8569,2024,East China Jiao Tong University,education,,1,0,0,0,0,0,0
EXT:EA3398B8E143,2024,UW-Madison,other,,1,1,0,0,1,0,2
EXT:EA7D132B5591,2025,Oracle AI,company,,1,1,0,1,1,0,4
EXT:EA8FF76AAB86,2025,Libra I,other,,1,1,1,0,1,0,2
EXT:EAB5411A18AD,2024,Nation University of Defence Technology,education,CN,1,1,0,1,1,0,2
EXT:EAF512FE084C,2023,Centro Singular de Investigaci贸n en Tecnolox铆as Intelixentes (Ci TIUS),other,,1,1,0,0,1,0,1
EXT:EB6F0B412837,2025,Academy of Military Sciences,government,CN,2,2,1,0,2,2,3
EXT:EBE1D4B65D80,2022,Ro Zetta Technology,company,AU,1,1,0,1,1,0,1
EXT:EBF836A39A23,2023,Du Xiaoman Financial,company,CN,1,1,0,1,1,1,3
EXT:EC1EA1F22606,2024,Archimedes AI,company,GR,1,1,1,1,1,0,3
EXT:EC7E528430B2,2024,Wisdom Way AI Lab,company,CN,1,1,0,1,1,0,2
EXT:ECAB15286B2C,2022,Zycus Infotech,other,,1,1,1,1,1,1,20
EXT:ECE59BF9A3E4,2023,"Sichuan Lan-bridge Information Technology Co., Ltd.",company,,1,1,1,1,1,0,3
EXT:ECFF7D48EEA5,2025,Beijing Institution of Technology,company,CN,1,0,0,0,0,0,0
EXT:ED5ABC51DECB,2024,Center for Artificial Intelligence Technology,company,,1,1,0,1,1,0,3
EXT:ED6ACF0B2795,2025,TIB Leibniz Information Centre for Science and Technology,company,DE,1,1,0,1,1,0,1
EXT:ED79D0766591,2022,CCCD Key Lab of Ministry of Culture and Tourism,government,CN,1,1,0,0,1,1,2
EXT:ED79D0766591,2025,CCCD Key Lab of Ministry of Culture and Tourism,government,CN,1,1,1,0,1,1,4
EXT:EDB030E21F48,2025,Verita International School,education,,1,1,1,0,0,0,2
EXT:EDB650008D75,2024,Liquid AI,company,,1,1,1,1,1,0,3
EXT:EDCAC6340832,2025,Intelligent Game and Decision Laboratory,facility,,1,1,0,1,1,0,2
EXT:EDDB373156B8,2023,"Institute of Artificial Intelligence, Hefei Comprehensive National Science Center",facility,CN,1,1,0,1,1,0,3
EXT:EE49299D43AF,2024,Cargenie Mellon University,education,,1,1,1,0,1,1,2
EXT:EE4BAA1EF878,2020,Tehran Institute for Advanced Studies,facility,IR,1,1,1,0,1,0,3
EXT:EF8E4A0B0139,2022,Tik Tok Group,company,SG,1,1,1,1,1,0,1
EXT:EF98A1B316B9,2024,TUD Dresden University of Technology,education,,1,1,0,0,0,0,2
EXT:F003D81DD55C,2021,"Search Solutions, Inc.",company,,1,1,0,0,0,0,1
EXT:F00BDB8FEA5E,2022,Sinch Chatlayer,other,,1,1,0,0,1,0,1
EXT:F023731D38A0,2024,TIFIN Inc,company,,1,1,1,1,1,0,2
EXT:F07B1991CA27,2024,EQ 4 ALL,other,,1,0,0,0,0,0,0
EXT:F0FEB52ABA29,2024,Parameter Lab,company,,1,1,1,1,1,0,5
EXT:F13F7BB5B656,2025,Somos NLP,other,,1,1,1,1,1,0,12
EXT:F20940AD3680,2022,Shanghai Key Laboratory of Multidimensional Information Processing,facility,CN,1,1,1,1,1,0,3
EXT:F261776996E4,2025,Zhejiang Polytechnic Institute,education,,1,1,0,0,1,0,4
EXT:F306E0BB0C68,2022,HSE,other,,1,1,0,1,1,0,6
EXT:F31B68ADB670,2023,Technical University of Berlin,education,DE,1,1,0,0,1,0,1
EXT:F324D54A69CB,2023,DYSL-AI,company,IN,1,1,0,1,1,0,2
EXT:F39181ED63AF,2025,"Intsig Information Co., Ltd.",company,,2,2,0,2,2,0,3
EXT:F3B092D66188,2025,MWS AI,company,,1,1,1,1,1,0,5
EXT:F3F4927D52F9,2020,"UCLA Center for Vision, Cognition, Learning, and Autonomy",facility,US,1,1,0,0,1,0,2
EXT:F3F4927D52F9,2021,"UCLA Center for Vision, Cognition, Learning, and Autonomy",facility,US,1,1,1,1,1,1,4
EXT:F411FBFEE978,2025,"Hangzhou Institute for Advanced Study, UCAS",facility,CN,1,1,0,0,1,0,2
EXT:F4621C7F0F4A,2025,Center for Healthcare Organization and Implementation Research,company,,1,1,0,1,1,0,3
EXT:F46CE0B1FEA8,2025,Uni DT,other,,1,1,0,0,1,0,1
EXT:F4A1EBC6E973,2025,Technical University Dortmund,education,,1,1,0,0,0,0,4
EXT:F5512A3DB7C1,2025,CNRS-NUS-A*STAR,other,SG,1,1,1,0,1,1,4
EXT:F5512BE4BED7,2024,Harvard Medical School,education,US,1,1,1,1,1,0,9
EXT:F5512BE4BED7,2025,Harvard Medical School,education,US,1,1,1,0,1,0,3
EXT:F5748E97B1D2,2020,Humelo,other,KR,1,1,1,0,1,0,2
EXT:F58A33B9560B,2024,DeepSeek AI,company,CN,1,1,1,1,1,0,1
EXT:F58A33B9560B,2025,DeepSeek AI,company,CN,1,1,1,1,1,0,2
EXT:F5F2768974D9,2025,"State Key Laboratory of Communication Content Cognition, People's Daily Online",facility,,1,1,0,0,1,0,1
EXT:F65D7D25B3B8,2025,Rajax Network Technology,company,CN,1,1,1,1,1,0,4
EXT:F6808A031654,2023,LY Corporation,company,JP,1,1,0,1,1,0,1
EXT:F6808A031654,2025,LY Corporation,company,JP,1,1,1,1,1,0,5
EXT:F6D9D8834218,2022,MPI & ETH Z眉rich,other,,1,1,1,0,1,0,4
EXT:F6D9D8834218,2023,MPI & ETH Z眉rich,other,,2,2,0,0,2,0,3
EXT:F6D9D8834218,2024,MPI & ETH Z眉rich,other,,1,1,0,0,1,0,1
EXT:F6EF65DB20C4,2020,NHK Science and Technology Research Laboratories,company,,1,0,0,0,0,0,0
EXT:F7233C4D4A79,2025,Key Laboratory of High Confidence Software Technologies,company,,1,1,1,1,1,0,3
EXT:F7544BF88FE9,2025,We Doctor Cloud and Liangzhu Laboratory,facility,,1,1,1,1,1,0,6
EXT:F778060A654F,2024,Accenture Labs,company,,1,1,0,1,1,0,1
EXT:F7B37CA01EDE,2025,Office of Court Administration of Puerto Rico,other,PR,1,1,1,1,1,0,44
EXT:F813C017B63D,2025,CAMEL-AI.org,company,,1,1,0,1,1,0,3
EXT:F82286355ABE,2024,Technology Innovation Center for Collaborative Applications of Natural Resources Data in GBA,company,CN,1,1,0,1,1,0,3
EXT:F84AC31C8DD9,2021,CUNY Lehman College,education,US,1,1,0,0,0,0,2
EXT:F84CDBAEB492,2023,VA Bedford Healthcare System,healthcare,US,1,1,0,0,1,0,3
EXT:F84CDBAEB492,2025,VA Bedford Healthcare System,healthcare,US,1,1,1,0,1,0,3
EXT:F8E788701A2E,2022,Langboat Technology,company,CN,2,2,0,2,2,0,3
EXT:F91F9B219A1C,2024,Soft Bank Corp.,company,,1,1,0,1,1,0,1
EXT:F93AE42FA07D,2023,CUHK-Shenzhen,other,,1,1,1,1,1,0,5
EXT:F997563627D3,2021,Prosa.ai,company,ID,1,1,1,1,1,0,5
EXT:F997563627D3,2024,Prosa.ai,company,ID,2,2,2,2,2,0,34
EXT:FA0941FED2CB,2025,U.S. DEVCOM Army Research Laboratory,government,,1,1,0,1,1,1,7
EXT:FA679DADB007,2024,3 MBZUAI,other,,1,1,0,0,1,0,2
EXT:FA78D6249F1C,2022,People's Daily Online Co.,other,CN,1,1,0,0,1,0,3
EXT:FAABB7910623,2020,Sulzer Gmb H,other,DE,1,1,0,0,1,0,1
EXT:FAABB7910623,2021,Sulzer Gmb H,other,DE,1,1,0,0,1,0,1
EXT:FAAC5029B379,2024,HLTCOE and Johns Hopkins University,education,,1,1,1,0,1,0,3
EXT:FB788086761D,2025,Mo E Key Lab of Artificial Intelligence,facility,CN,1,1,1,0,1,1,4
EXT:FBCCA8148E63,2023,Wluper,other,GB,1,1,1,0,1,0,2
EXT:FBD59CAE5EA7,2024,Imperial Global,other,SG,1,1,1,0,1,0,3
EXT:FBEEBFEA4C88,2023,FIZ Karlsruhe,other,,1,1,1,0,1,0,2
EXT:FC06865E4B5C,2024,National Library of Medicine,other,US,1,1,0,0,1,0,1
EXT:FC0EADA36B4D,2024,MBZUAI & Invertible AI,company,,1,1,0,1,1,0,1
EXT:FC3F056D5956,2024,Harvard T.H. Chan School of Public Health,healthcare,,1,1,1,1,1,0,4
EXT:FD4A056C49B1,2025,ASU,other,,1,1,0,1,1,0,2
EXT:FD8BCD6399C9,2024,Xiaomi AI Lab,company,CN,3,2,0,2,2,0,2
EXT:FDA1AC2C713A,2022,"Government Polytechnic, Rajkot",government,,1,1,1,1,1,1,20
EXT:FDB93764FB44,2024,University Mohammed VI Polytechnic,education,MA,1,1,1,1,1,0,12
EXT:FDEE981B6CDE,2024,MIT / Harvard University,education,,1,1,0,1,1,0,2
EXT:FE4477B33BF6,2025,Amsterdam UMC,healthcare,NL,2,2,2,0,2,0,12
EXT:FE49DE2A9ED9,2024,Copenhagen Museum,other,DK,1,1,1,0,1,0,2
EXT:FE5DF723046E,2025,Yazhouwan National Laboratory,facility,,1,1,0,0,0,0,2
EXT:FF2137796667,2025,University Hospital Dresden,healthcare,,1,1,1,1,1,0,5
EXT:FF501A5538F0,2025,Lam Research Japan GK,facility,JP,1,1,1,0,1,0,2
EXT:FF7519244763,2023,NSUT Delhi,other,IN,1,1,1,1,1,0,2
EXT:FF8872A9994C,2025,Wuhan Second Ship Design and Research Institute,company,CN,1,1,0,1,1,0,2
EXT:FFEEAEBFBFD2,2024,Chat EDA Tech,other,CN,1,1,0,0,1,0,2
EXT:FFEEAEBFBFD2,2025,Chat EDA Tech,other,CN,1,1,0,0,1,0,2
EXT:M02014014,2022,jenni.ai,company,US,1,0,0,0,0,0,0
EXT:M02014016,2025,South China Univesity of Technology,education,CN,1,1,1,1,1,0,3
I100005738,2020,Brigham Young University,education,US,1,1,0,0,1,0,1
I100005738,2024,Brigham Young University,education,US,1,1,1,0,1,1,7
I100005738,2025,Brigham Young University,education,US,1,1,1,0,1,0,13
I100066346,2020,University of Stuttgart,education,DE,4,3,2,1,2,0,3
I100066346,2022,University of Stuttgart,education,DE,4,2,2,2,2,0,15
I100066346,2023,University of Stuttgart,education,DE,4,1,1,0,0,0,2
I100066346,2024,University of Stuttgart,education,DE,4,3,2,0,2,0,7
I100066346,2025,University of Stuttgart,education,DE,9,7,4,1,4,0,15
I10052268,2024,New Mexico State University,education,US,1,1,1,1,1,1,35
I10052268,2025,New Mexico State University,education,US,1,1,0,0,0,0,2
I100930933,2022,University College Dublin,education,IE,1,1,0,0,1,0,1
I100930933,2023,University College Dublin,education,IE,1,1,1,1,1,0,2
I100930933,2024,University College Dublin,education,IE,1,1,0,0,0,0,1
I100930933,2025,University College Dublin,education,IE,4,4,4,0,1,0,5
I101100930,2025,Universidade Federal de Juiz de Fora,education,BR,1,1,1,1,1,0,44
I101479585,2025,South China Agricultural University,education,CN,1,1,1,0,0,0,1
I102064193,2022,University of Siena,education,IT,1,1,1,0,0,0,2
I102134673,2022,Link?ping University,education,SE,1,1,1,0,0,0,3
I102134673,2024,Link?ping University,education,SE,1,1,1,0,0,0,2
I102149020,2021,University of North Carolina at Charlotte,education,US,1,1,0,0,0,0,1
I102149020,2025,University of North Carolina at Charlotte,education,US,2,1,0,0,0,0,2
I102322142,2021,"Rutgers, The State University of New Jersey",education,US,1,1,0,1,1,0,2
I102322142,2022,"Rutgers, The State University of New Jersey",education,US,2,2,2,1,1,0,5
I102322142,2023,"Rutgers, The State University of New Jersey",education,US,2,2,1,0,1,0,2
I102322142,2024,"Rutgers, The State University of New Jersey",education,US,4,3,1,0,1,0,8
I102322142,2025,"Rutgers, The State University of New Jersey",education,US,11,10,4,4,7,0,19
I102335020,2024,Karlsruhe Institute of Technology,education,DE,2,1,1,0,0,0,1
I102335020,2025,Karlsruhe Institute of Technology,education,DE,2,1,1,0,0,0,1
I102420622,2024,College of Saint Rose,education,US,1,1,1,1,1,1,35
I102782458,2025,Chittagong University of Engineering & Technology,education,BD,1,1,0,1,1,0,2
I103163165,2024,Florida State University,education,US,1,1,1,1,1,0,5
I103163165,2025,Florida State University,education,US,2,2,1,1,1,0,5
I103635307,2023,"University of California, Riverside",education,US,1,1,1,0,0,0,3
I103635307,2024,"University of California, Riverside",education,US,1,1,0,0,0,0,1
I103635307,2025,"University of California, Riverside",education,US,1,1,1,0,0,0,1
I10535382,2025,Chongqing University of Posts and Telecommunications,education,CN,2,2,1,1,1,0,2
I106165777,2021,University of Central Florida,education,US,1,1,0,1,1,0,1
I106165777,2022,University of Central Florida,education,US,2,2,2,1,2,0,4
I106165777,2024,University of Central Florida,education,US,1,1,1,1,1,0,3
I106165777,2025,University of Central Florida,education,US,4,4,0,1,1,0,8
I10660446,2024,Kunming University of Science and Technology,education,CN,1,1,0,1,1,0,3
I10660446,2025,Kunming University of Science and Technology,education,CN,3,2,1,1,2,0,4
I106645853,2025,Changchun University of Science and Technology,education,CN,1,1,0,0,0,0,1
I107077323,2020,Worcester Polytechnic Institute,education,US,2,1,0,1,1,0,2
I107077323,2023,Worcester Polytechnic Institute,education,US,3,3,3,3,3,0,5
I107077323,2025,Worcester Polytechnic Institute,education,US,3,2,1,1,2,0,8
I107639228,2021,University of Notre Dame,education,US,2,2,0,2,2,0,4
I107639228,2022,University of Notre Dame,education,US,9,9,6,6,6,0,12
I107639228,2023,University of Notre Dame,education,US,7,7,5,4,4,0,15
I107639228,2024,University of Notre Dame,education,US,7,6,3,3,4,1,11
I107639228,2025,University of Notre Dame,education,US,16,15,7,6,7,0,29
I107672454,2020,Dartmouth College,education,US,1,0,0,0,0,0,0
I107672454,2021,Dartmouth College,education,US,2,2,1,0,0,0,4
I107672454,2022,Dartmouth College,education,US,3,3,1,2,2,0,15
I107672454,2023,Dartmouth College,education,US,3,2,0,0,0,0,2
I107672454,2024,Dartmouth College,education,US,6,4,2,1,2,0,6
I107672454,2025,Dartmouth College,education,US,7,6,2,0,1,0,6
I107720978,2024,Ain Shams University,education,EG,1,1,1,1,1,0,12
I108108428,2025,Thammasat University,education,TH,1,1,0,1,1,0,2
I108290504,2024,University of Pisa,education,IT,1,1,0,0,1,0,2
I108290504,2025,University of Pisa,education,IT,1,1,1,0,1,0,2
I108403487,2025,Warsaw University of Technology,education,PL,1,1,1,0,0,0,1
I108468826,2022,Stevens Institute of Technology,education,US,1,1,1,1,1,0,5
I108468826,2023,Stevens Institute of Technology,education,US,1,1,0,0,0,0,1
I108468826,2024,Stevens Institute of Technology,education,US,2,2,1,1,1,0,3
I108468826,2025,Stevens Institute of Technology,education,US,7,7,4,3,3,0,16
I109689652,2025,FPT University,education,VN,1,1,1,0,1,0,4
I109736498,2023,Canadian Institute for Advanced Research,facility,CA,1,1,1,1,1,0,4
I109736498,2024,Canadian Institute for Advanced Research,facility,CA,2,2,2,2,2,0,8
I109736498,2025,Canadian Institute for Advanced Research,facility,CA,2,2,1,0,2,0,7
I110166357,2020,University of Delhi,education,IN,1,1,0,0,0,0,3
I11019714,2021,Universidade da Coru?a,education,ES,1,1,0,0,1,0,2
I11019714,2024,Universidade da Coru?a,education,ES,2,0,0,0,0,0,0
I11019714,2025,Universidade da Coru?a,education,ES,2,1,1,0,0,0,2
I110200422,2025,Universidade Federal de Minas Gerais,education,BR,1,1,0,0,1,0,1
I110617504,2025,Tokyo University of Foreign Studies,education,JP,1,1,1,0,0,0,4
I111088046,2021,Boston University,education,US,1,1,0,1,1,0,2
I111088046,2023,Boston University,education,US,3,3,1,2,2,0,5
I111088046,2024,Boston University,education,US,2,1,0,0,0,0,2
I111088046,2025,Boston University,education,US,6,6,4,3,3,0,53
I111277659,2023,Chonnam National University,education,KR,1,1,0,0,0,0,1
I111277659,2025,Chonnam National University,education,KR,1,0,0,0,0,0,0
I111455621,2023,"Queens College, CUNY",education,US,1,1,0,0,1,0,2
I111599522,2021,Jiangnan University,education,CN,1,1,1,0,0,0,1
I111599522,2024,Jiangnan University,education,CN,1,1,1,0,0,0,1
I111950717,2025,Macau University of Science and Technology,education,MO,2,2,2,1,1,0,3
I111979921,2021,Northwestern University,education,US,1,1,0,1,1,0,2
I111979921,2022,Northwestern University,education,US,2,2,0,1,1,0,2
I111979921,2023,Northwestern University,education,US,2,2,1,0,2,0,5
I111979921,2024,Northwestern University,education,US,7,6,4,3,5,0,12
I111979921,2025,Northwestern University,education,US,7,7,5,0,3,0,21
I112713213,2023,Universit茅 Gaston Berger,education,SN,1,1,1,1,1,0,23
I113409471,2024,Kumoh National Institute of Technology,education,KR,1,1,1,1,1,0,2
I113456305,2024,Leuphana University of L眉neburg,education,DE,1,1,0,0,0,0,1
I113825674,2025,Handong Global University,education,KR,1,1,0,0,0,0,1
I113940042,2023,Shanghai University,education,CN,1,1,1,0,0,0,2
I113940042,2024,Shanghai University,education,CN,2,2,1,1,1,0,7
I113940042,2025,Shanghai University,education,CN,3,2,2,0,1,0,5
I113979032,2020,Twitter,company,US,1,1,0,1,1,0,2
I113979032,2023,Twitter,company,US,1,1,0,1,1,0,3
I114017466,2020,University of Technology Sydney,education,AU,1,1,1,1,1,0,1
I114017466,2021,University of Technology Sydney,education,AU,3,3,3,2,2,0,6
I114017466,2022,University of Technology Sydney,education,AU,3,3,2,1,2,1,6
I114017466,2023,University of Technology Sydney,education,AU,3,3,3,3,3,0,9
I114017466,2024,University of Technology Sydney,education,AU,2,2,1,1,1,0,4
I114017466,2025,University of Technology Sydney,education,AU,2,2,2,0,0,0,2
I114027177,2020,University of North Carolina at Chapel Hill,education,US,9,2,0,0,1,0,3
I114027177,2021,University of North Carolina at Chapel Hill,education,US,15,7,1,5,5,0,8
I114027177,2022,University of North Carolina at Chapel Hill,education,US,11,5,2,3,4,0,11
I114027177,2023,University of North Carolina at Chapel Hill,education,US,10,5,1,4,4,0,9
I114027177,2024,University of North Carolina at Chapel Hill,education,US,11,8,3,4,6,0,20
I114027177,2025,University of North Carolina at Chapel Hill,education,US,22,20,8,8,8,0,30
I11406153,2022,Shanghai International Studies University,education,CN,1,1,0,0,0,0,1
I11406153,2024,Shanghai International Studies University,education,CN,1,1,0,0,0,0,1
I114090438,2025,Goethe University Frankfurt,education,DE,1,1,0,0,1,0,1
I114112103,2022,Leibniz University Hannover,education,DE,1,1,1,1,1,0,2
I114112103,2023,Leibniz University Hannover,education,DE,2,2,0,0,0,0,3
I114112103,2024,Leibniz University Hannover,education,DE,1,0,0,0,0,0,0
I114112103,2025,Leibniz University Hannover,education,DE,2,2,0,1,2,0,3
I114395901,2021,University of Nebraska鈥揕incoln,education,US,1,0,0,0,0,0,0
I114457229,2021,University of Geneva,education,CH,1,0,0,0,0,0,0
I114457229,2025,University of Geneva,education,CH,1,1,1,0,1,0,7
I114531698,2020,Tokyo Institute of Technology,education,JP,2,2,1,1,1,0,6
I114531698,2021,Tokyo Institute of Technology,education,JP,1,1,0,0,0,0,1
I114531698,2022,Tokyo Institute of Technology,education,JP,5,3,2,2,3,1,6
I114531698,2023,Tokyo Institute of Technology,education,JP,2,2,1,0,1,0,2
I115212828,2021,Beijing Language and Culture University,education,CN,1,1,0,0,1,1,2
I115212828,2022,Beijing Language and Culture University,education,CN,1,1,0,0,0,0,1
I115212828,2024,Beijing Language and Culture University,education,CN,3,2,1,1,1,0,6
I115212828,2025,Beijing Language and Culture University,education,CN,1,1,0,0,0,0,4
I115228651,2021,"Agency for Science, Technology and Research",government,SG,3,3,2,1,3,3,4
I115228651,2022,"Agency for Science, Technology and Research",government,SG,3,3,2,1,3,3,5
I115228651,2023,"Agency for Science, Technology and Research",government,SG,7,7,4,1,7,5,14
I115228651,2024,"Agency for Science, Technology and Research",government,SG,6,6,4,0,6,6,11
I115228651,2025,"Agency for Science, Technology and Research",government,SG,7,6,5,0,6,6,14
I116067653,2020,University of Rome Tor Vergata,education,IT,1,1,0,0,0,0,1
I116067653,2025,University of Rome Tor Vergata,education,IT,3,3,2,0,1,0,3
I116953780,2022,Tongji University,education,CN,1,1,1,1,1,0,4
I116953780,2023,Tongji University,education,CN,1,1,0,1,1,0,2
I116953780,2025,Tongji University,education,CN,13,12,8,2,8,3,31
I11701301,2022,Griffith University,education,AU,1,1,1,1,1,0,3
I11701301,2023,Griffith University,education,AU,1,1,1,0,0,0,2
I11701301,2024,Griffith University,education,AU,1,1,1,0,0,0,3
I11701301,2025,Griffith University,education,AU,2,2,2,1,2,1,6
I1174212,2020,University of Southern California,education,US,8,7,3,1,2,0,11
I1174212,2021,University of Southern California,education,US,22,15,4,3,5,0,18
I1174212,2022,University of Southern California,education,US,16,12,3,7,7,0,13
I1174212,2023,University of Southern California,education,US,31,25,10,9,13,0,29
I1174212,2024,University of Southern California,education,US,27,23,7,11,15,0,47
I1174212,2025,University of Southern California,education,US,25,16,8,4,5,0,27
I117965899,2023,University of Hawai?i at M膩noa,education,US,1,1,1,0,0,0,2
I118118575,2022,New Jersey Institute of Technology,education,US,1,1,1,1,1,0,4
I118118575,2023,New Jersey Institute of Technology,education,US,1,1,0,0,1,0,2
I118118575,2025,New Jersey Institute of Technology,education,US,2,2,1,1,1,0,4
I118347220,2021,NEC,company,JP,1,0,0,0,0,0,0
I118347220,2024,NEC,company,JP,1,1,0,1,1,0,2
I118347220,2025,NEC,company,JP,3,1,1,1,1,0,4
I118347636,2020,Australian National University,education,AU,1,1,0,0,1,0,2
I118347636,2021,Australian National University,education,AU,1,1,1,1,1,0,3
I118347636,2022,Australian National University,education,AU,1,1,1,1,1,0,4
I118347636,2023,Australian National University,education,AU,1,1,1,0,1,0,3
I118347636,2024,Australian National University,education,AU,2,2,1,1,1,0,4
I118347636,2025,Australian National University,education,AU,4,4,4,2,2,0,10
I118501908,2021,National Research University Higher School of Economics,education,RU,2,2,1,2,2,0,5
I118501908,2022,National Research University Higher School of Economics,education,RU,1,1,1,1,1,0,2
I118501908,2023,National Research University Higher School of Economics,education,RU,1,1,1,0,0,0,1
I118501908,2024,National Research University Higher School of Economics,education,RU,2,2,1,1,2,0,5
I118501908,2025,National Research University Higher School of Economics,education,RU,5,5,3,3,5,0,17
I118564535,2024,University of Bern,education,CH,1,1,1,0,0,0,3
I118574674,2022,Jiangsu Normal University,education,CN,3,3,1,2,3,0,6
I118574674,2023,Jiangsu Normal University,education,CN,1,1,0,1,1,0,3
I118574674,2024,Jiangsu Normal University,education,CN,4,4,2,2,4,0,10
I118574674,2025,Jiangsu Normal University,education,CN,3,3,0,1,2,0,8
I118612203,2025,Hunan Police Academy,education,CN,1,1,0,0,0,0,1
I11880225,2022,National Institute of Technology Karnataka,education,IN,1,1,1,1,1,1,20
I119003972,2024,Roma Tre University,education,IT,1,1,0,0,1,0,2
I11923345,2025,Wroc?aw University of Science and Technology,education,PL,3,3,2,0,1,1,4
I119261591,2022,Weber State University,education,US,1,1,1,0,0,0,2
I11932220,2022,Instituci贸 Catalana de Recerca i Estudis Avan?ats,nonprofit,ES,1,1,1,1,1,0,2
I119664326,2020,University of Wolverhampton,education,GB,2,2,2,0,0,0,4
I11983389,2023,Manchester Metropolitan University,education,GB,1,1,1,1,1,0,7
I119939252,2020,Indraprastha Institute of Information Technology Delhi,education,IN,2,2,0,0,0,0,4
I119939252,2023,Indraprastha Institute of Information Technology Delhi,education,IN,4,4,3,1,1,0,7
I119939252,2024,Indraprastha Institute of Information Technology Delhi,education,IN,2,2,2,1,2,0,4
I119939252,2025,Indraprastha Institute of Information Technology Delhi,education,IN,1,0,0,0,0,0,0
I120217413,2025,Izmir Institute of Technology,education,TR,1,0,0,0,0,0,0
I120250893,2025,New York University Abu Dhabi,education,AE,7,5,3,1,2,0,10
I120691247,2023,University of Hagen,education,DE,1,1,1,0,0,0,1
I120691247,2024,University of Hagen,education,DE,1,1,1,0,0,0,2
I120691247,2025,University of Hagen,education,DE,1,1,1,0,0,0,3
I12079687,2024,Edith Cowan University,education,AU,1,0,0,0,0,0,0
I12097938,2024,West Virginia University,education,US,1,1,0,0,0,0,3
I121797337,2023,Leiden University,education,NL,3,3,2,1,2,0,8
I121797337,2024,Leiden University,education,NL,5,5,5,2,5,0,11
I121797337,2025,Leiden University,education,NL,2,2,2,2,2,0,14
I121847817,2023,"The Graduate Center, CUNY",education,US,1,1,0,0,1,0,2
I121883995,2022,Johannes Kepler University of Linz,education,AT,1,1,1,1,1,0,2
I121883995,2024,Johannes Kepler University of Linz,education,AT,1,1,1,0,0,0,2
I122411786,2021,California Institute of Technology,education,US,1,1,1,0,1,1,3
I122411786,2024,California Institute of Technology,education,US,1,1,1,1,1,0,5
I123387679,2021,Uppsala University,education,SE,1,1,1,1,1,0,1
I123387679,2022,Uppsala University,education,SE,2,2,2,2,2,1,44
I123387679,2023,Uppsala University,education,SE,1,1,1,1,1,0,23
I123387679,2025,Uppsala University,education,SE,3,3,3,0,1,0,6
I123534392,2020,University of North Texas,education,US,1,1,0,0,0,0,1
I123534392,2022,University of North Texas,education,US,1,1,0,1,1,0,2
I123534392,2023,University of North Texas,education,US,1,1,0,0,0,0,1
I123534392,2024,University of North Texas,education,US,1,1,1,0,0,0,2
I123565023,2023,Vietnam National University Ho Chi Minh City,education,VN,1,1,1,0,1,1,5
I12356871,2021,T茅l茅com Paris,education,FR,1,1,0,1,1,0,1
I12356871,2025,T茅l茅com Paris,education,FR,1,1,0,0,1,1,2
I123900574,2022,Pohang University of Science and Technology,education,KR,1,1,1,0,0,0,1
I123900574,2024,Pohang University of Science and Technology,education,KR,9,7,6,5,6,0,7
I123900574,2025,Pohang University of Science and Technology,education,KR,23,11,4,4,7,0,11
I12393601,2025,Huaihua University,education,CN,1,1,1,0,0,0,1
I123946342,2020,Binghamton University,education,US,1,1,1,0,0,0,1
I123946342,2025,Binghamton University,education,US,1,1,0,0,0,0,4
I124055696,2020,University of Copenhagen,education,DK,5,2,2,0,1,0,6
I124055696,2021,University of Copenhagen,education,DK,8,7,7,2,4,0,14
I124055696,2022,University of Copenhagen,education,DK,6,6,6,0,4,0,12
I124055696,2023,University of Copenhagen,education,DK,7,5,4,1,4,1,15
I124055696,2024,University of Copenhagen,education,DK,13,10,10,3,7,0,20
I124055696,2025,University of Copenhagen,education,DK,15,13,12,2,3,0,20
I124158823,2024,Conservatoire National des Arts et M茅tiers,education,FR,1,1,1,1,1,1,35
I124227911,2022,Ben-Gurion University of the Negev,education,IL,1,1,1,0,1,0,5
I124227911,2023,Ben-Gurion University of the Negev,education,IL,2,1,1,0,0,0,1
I124227911,2024,Ben-Gurion University of the Negev,education,IL,1,1,1,1,1,1,14
I124227911,2025,Ben-Gurion University of the Negev,education,IL,1,1,0,0,0,0,1
I124618812,2023,Mathematics Research Center,facility,MX,1,1,1,0,1,0,1
I124618812,2024,Mathematics Research Center,facility,MX,1,1,1,0,1,1,3
I124633538,2025,University of Seoul,education,KR,1,1,1,0,0,0,1
I124644866,2025,Northwest Minzu University,education,CN,1,1,1,0,0,0,7
I125839683,2020,Beijing Institute of Technology,education,CN,1,1,1,1,1,0,2
I125839683,2021,Beijing Institute of Technology,education,CN,4,4,2,1,1,0,5
I125839683,2022,Beijing Institute of Technology,education,CN,7,5,2,2,4,1,9
I125839683,2023,Beijing Institute of Technology,education,CN,7,4,1,1,2,1,8
I125839683,2024,Beijing Institute of Technology,education,CN,11,10,6,3,6,4,24
I125839683,2025,Beijing Institute of Technology,education,CN,21,19,10,8,11,2,38
I125904092,2025,Shenyang Aerospace University,education,CN,1,1,0,0,1,1,3
I125989756,2022,Skolkovo Institute of Science and Technology,education,RU,1,1,0,1,1,0,6
I125989756,2023,Skolkovo Institute of Science and Technology,education,RU,1,1,1,1,1,0,7
I125989756,2024,Skolkovo Institute of Science and Technology,education,RU,3,3,3,0,3,0,6
I125989756,2025,Skolkovo Institute of Science and Technology,education,RU,4,4,3,2,4,0,9
I126231945,2025,Queen's University Belfast,education,GB,1,1,1,0,0,0,1
I126307644,2025,University of Iowa,education,US,2,1,0,0,0,0,4
I126345244,2024,Portland State University,education,US,2,1,1,0,0,0,2
I126345244,2025,Portland State University,education,US,1,1,1,0,1,0,2
I126477371,2024,Mohammed V University,education,MA,1,1,1,1,1,1,35
I126520041,2020,University of Science and Technology of China,education,CN,1,0,0,0,0,0,0
I126520041,2021,University of Science and Technology of China,education,CN,6,6,4,4,4,0,8
I126520041,2022,University of Science and Technology of China,education,CN,14,14,8,9,12,1,23
I126520041,2023,University of Science and Technology of China,education,CN,24,24,9,15,19,2,39
I126520041,2024,University of Science and Technology of China,education,CN,33,30,9,16,22,2,48
I126520041,2025,University of Science and Technology of China,education,CN,50,44,18,19,36,6,74
I126596746,2022,Jagiellonian University,education,PL,1,1,0,1,1,0,2
I127108677,2024,Eastern Institute of Technology,education,NZ,4,4,4,1,2,0,8
I127108677,2025,Eastern Institute of Technology,education,NZ,2,2,2,1,1,0,6
I127439422,2021,Indian Institute of Science Education and Research Kolkata,education,IN,1,1,0,0,0,0,2
I127591826,2022,University of Dayton,education,US,3,3,2,1,3,1,30
I12789410,2022,Ahmadu Bello University,education,NG,1,1,1,1,1,0,24
I1280581677,2022,Defense Advanced Research Projects Agency,government,US,1,1,1,1,1,1,5
I1281378812,2025,Oak Ridge Associated Universities,education,US,1,1,0,0,1,1,2
I1282105669,2025,Argonne National Laboratory,facility,US,2,2,0,0,2,0,3
I1282311441,2024,Lawrence Livermore National Laboratory,facility,US,2,2,1,2,2,0,7
I1282311441,2025,Lawrence Livermore National Laboratory,facility,US,3,3,1,1,3,0,6
I1282927834,2024,Cedars-Sinai Medical Center,healthcare,US,1,1,0,0,1,0,1
I1283220839,2024,Stuttgart Media University,education,DE,1,1,0,1,1,0,2
I1283280774,2024,Brigham and Women's Hospital,healthcare,US,1,1,1,0,1,0,2
I1283613182,2022,Universidade Tecnol贸gica Federal do Paran谩,education,BR,1,1,1,1,1,0,13
I1285420085,2022,Hung Yen University of Technology and Education,education,VN,1,1,0,1,1,0,1
I1288882113,2023,Boston Children's Hospital,healthcare,US,1,1,0,0,1,0,2
I1288882113,2025,Boston Children's Hospital,healthcare,US,2,2,2,0,2,0,8
I1289243028,2024,Oak Ridge National Laboratory,facility,US,1,1,1,0,1,0,2
I1289243028,2025,Oak Ridge National Laboratory,facility,US,1,1,0,0,1,0,2
I1290206253,2020,Microsoft,company,US,31,25,12,21,22,0,27
I1290206253,2021,Microsoft,company,US,39,33,15,33,33,0,45
I1290206253,2022,Microsoft,company,US,65,62,42,59,60,3,116
I1290206253,2023,Microsoft,company,US,58,53,31,51,53,3,66
I1290206253,2024,Microsoft,company,US,41,33,20,33,33,1,79
I1290206253,2025,Microsoft,company,US,43,42,29,41,42,0,57
I1291425158,2020,Google,company,US,12,8,4,7,8,0,12
I1291425158,2021,Google,company,US,17,13,7,12,13,1,23
I1291425158,2022,Google,company,US,19,15,6,15,15,1,58
I1291425158,2023,Google,company,US,12,9,3,9,9,0,14
I1291425158,2024,Google,company,US,20,18,12,18,18,0,28
I1291425158,2025,Google,company,US,20,19,10,17,18,0,68
I1292875679,2021,Commonwealth Scientific and Industrial Research Organisation,government,AU,1,1,0,0,1,1,2
I1292875679,2024,Commonwealth Scientific and Industrial Research Organisation,government,AU,1,1,1,0,1,1,2
I1292875679,2025,Commonwealth Scientific and Industrial Research Organisation,government,AU,1,1,1,0,1,1,2
I1294671590,2021,Centre National de la Recherche Scientifique,government,FR,2,2,2,1,2,2,6
I1294671590,2024,Centre National de la Recherche Scientifique,government,FR,1,1,0,0,1,1,2
I1294671590,2025,Centre National de la Recherche Scientifique,government,FR,4,4,2,0,4,2,9
I129604602,2020,University of Sydney,education,AU,1,1,1,1,1,0,4
I129604602,2021,University of Sydney,education,AU,1,1,1,1,1,0,3
I129604602,2022,University of Sydney,education,AU,2,2,2,2,2,0,7
I129604602,2023,University of Sydney,education,AU,7,7,7,4,5,0,11
I129604602,2024,University of Sydney,education,AU,5,5,4,1,2,0,9
I129604602,2025,University of Sydney,education,AU,7,7,6,3,3,0,13
I1297363086,2020,St. Michael's Hospital,healthcare,CA,2,2,1,0,2,0,3
I129774422,2021,University of Vienna,education,AT,1,1,1,0,1,0,1
I129774422,2023,University of Vienna,education,AT,2,1,1,1,1,0,2
I129774422,2024,University of Vienna,education,AT,1,1,1,0,0,0,2
I129774422,2025,University of Vienna,education,AT,4,4,4,0,0,0,8
I1297971548,2025,International Computer Science Institute,nonprofit,US,1,1,0,1,1,0,3
I1298353152,2024,SRI International,nonprofit,US,1,0,0,0,0,0,0
I129902397,2024,Dalhousie University,education,CA,2,1,1,1,1,0,2
I129902397,2025,Dalhousie University,education,CA,1,1,0,0,1,0,3
I1299907687,2020,Bloomberg,company,US,2,2,0,2,2,0,2
I1299907687,2021,Bloomberg,company,US,2,0,0,0,0,0,0
I1299907687,2022,Bloomberg,company,US,1,1,0,1,1,0,2
I1299907687,2023,Bloomberg,company,US,4,4,1,3,3,0,5
I1299907687,2024,Bloomberg,company,US,3,3,2,3,3,0,12
I1299907687,2025,Bloomberg,company,US,2,2,1,2,2,0,2
I130194489,2022,University of Alicante,education,ES,1,0,0,0,0,0,0
I130194489,2025,University of Alicante,education,ES,1,1,1,0,0,0,2
I130238516,2021,University of Minnesota,education,US,1,1,0,0,0,0,2
I130238516,2022,University of Minnesota,education,US,2,2,1,2,2,0,3
I130238516,2023,University of Minnesota,education,US,2,2,1,0,0,0,3
I130238516,2024,University of Minnesota,education,US,9,9,7,6,7,2,60
I130238516,2025,University of Minnesota,education,US,6,5,2,2,2,0,19
I130442723,2025,Universidade Federal do Rio Grande do Sul,education,BR,1,1,0,0,0,0,2
I1305429384,2022,JPMorgan Chase & Co,company,US,2,2,0,2,2,0,3
I1305429384,2023,JPMorgan Chase & Co,company,US,1,1,0,1,1,0,1
I1305429384,2024,JPMorgan Chase & Co,company,US,2,0,0,0,0,0,0
I1305429384,2025,JPMorgan Chase & Co,company,US,4,3,1,3,3,0,6
I1305444813,2023,Capital One,company,US,1,1,0,0,1,0,3
I1305444813,2024,Capital One,company,US,1,1,1,1,1,0,7
I1305444813,2025,Capital One,company,US,3,2,2,2,2,0,6
I1306339040,2023,Ericsson,company,SE,1,1,1,1,1,0,2
I1306409833,2020,Adobe Systems,company,US,2,0,0,0,0,0,0
I1306409833,2021,Adobe Systems,company,US,9,9,4,9,9,0,15
I1306409833,2022,Adobe Systems,company,US,8,8,3,8,8,0,13
I1306409833,2023,Adobe Systems,company,US,6,6,1,6,6,0,7
I1306409833,2024,Adobe Systems,company,US,16,14,9,14,14,0,26
I1306409833,2025,Adobe Systems,company,US,22,21,11,20,21,0,30
I130692619,2024,Bern University of Applied Sciences,education,CH,1,1,1,0,0,0,3
I130701444,2020,Georgia Institute of Technology,education,US,4,1,0,1,1,0,2
I130701444,2021,Georgia Institute of Technology,education,US,13,12,2,6,7,0,12
I130701444,2022,Georgia Institute of Technology,education,US,15,14,8,8,8,0,16
I130701444,2023,Georgia Institute of Technology,education,US,21,14,5,10,11,0,28
I130701444,2024,Georgia Institute of Technology,education,US,30,23,9,9,12,1,67
I130701444,2025,Georgia Institute of Technology,education,US,27,22,7,10,12,0,40
I130769515,2020,Pennsylvania State University,education,US,1,1,0,0,0,0,1
I130769515,2021,Pennsylvania State University,education,US,8,6,4,3,4,0,14
I130769515,2022,Pennsylvania State University,education,US,8,7,5,4,5,0,16
I130769515,2023,Pennsylvania State University,education,US,3,3,2,1,2,0,5
I130769515,2024,Pennsylvania State University,education,US,12,9,5,4,4,1,30
I130769515,2025,Pennsylvania State University,education,US,11,9,3,4,5,0,15
I130828816,2023,University of Leeds,education,GB,1,1,1,0,1,0,4
I130828816,2024,University of Leeds,education,GB,1,1,1,0,0,0,2
I130828816,2025,University of Leeds,education,GB,1,1,0,0,0,0,1
I1310866531,2023,Consejo Nacional de Ciencia y Tecnolog铆a,government,GT,1,1,1,0,1,0,1
I1311688040,2020,Amazon,company,US,16,12,5,10,10,0,21
I1311688040,2021,Amazon,company,US,28,26,10,26,26,1,34
I1311688040,2022,Amazon,company,US,29,27,13,26,26,2,68
I1311688040,2023,Amazon,company,US,35,33,20,30,32,2,52
I1311688040,2024,Amazon,company,US,46,42,24,40,41,0,88
I1311688040,2025,Amazon,company,US,42,34,16,31,32,0,84
I1311921367,2025,Advanced Micro Devices,company,CA,4,3,3,3,3,0,4
I131249849,2020,Oregon State University,education,US,1,1,1,1,1,0,1
I131249849,2021,Oregon State University,education,US,1,1,0,1,1,0,1
I131249849,2024,Oregon State University,education,US,2,0,0,0,0,0,0
I131249849,2025,Oregon State University,education,US,3,3,3,1,2,0,7
I1315288073,2025,Cliniques Universitaires Saint-Luc,healthcare,BE,1,1,0,0,1,0,2
I1316064682,2025,LinkedIn (United States),company,US,1,1,1,1,1,0,3
I1317621060,2024,Indian Institute of Technology Guwahati,education,IN,2,2,2,1,1,0,7
I1317621060,2025,Indian Institute of Technology Guwahati,education,IN,1,1,1,0,0,0,3
I1318611468,2024,Fidelity Investments,company,US,1,1,1,1,1,0,2
I1321305853,2024,National Bureau of Economic Research,nonprofit,US,1,1,0,0,1,0,2
I132153292,2022,Indian Institute of Technology Patna,education,IN,1,0,0,0,0,0,0
I132153292,2023,Indian Institute of Technology Patna,education,IN,9,4,3,2,3,0,6
I132153292,2024,Indian Institute of Technology Patna,education,IN,7,7,3,1,2,0,6
I132153292,2025,Indian Institute of Technology Patna,education,IN,5,5,3,2,3,0,9
I1322124587,2023,Booz Allen Hamilton,company,US,2,2,2,2,2,0,19
I1322829787,2022,SIL International,nonprofit,US,2,2,1,0,2,0,3
I1322918889,2022,United States Department of Veterans Affairs,government,US,1,1,0,0,1,1,4
I1322918889,2025,United States Department of Veterans Affairs,government,US,1,1,0,0,1,1,3
I132369690,2024,Tianjin University of Science and Technology,education,CN,1,1,0,0,1,0,2
I132369690,2025,Tianjin University of Science and Technology,education,CN,1,1,1,0,1,1,3
I1325899441,2021,University Health Network,healthcare,CA,1,1,0,0,1,0,3
I1326498283,2020,Institut national de recherche en informatique et en automatique,government,FR,1,1,0,0,1,1,1
I1326498283,2021,Institut national de recherche en informatique et en automatique,government,FR,2,2,1,1,2,2,3
I1326498283,2022,Institut national de recherche en informatique et en automatique,government,FR,4,4,4,2,4,3,30
I1326498283,2023,Institut national de recherche en informatique et en automatique,government,FR,3,3,2,0,3,3,5
I1326498283,2024,Institut national de recherche en informatique et en automatique,government,FR,5,5,4,1,5,5,27
I1326498283,2025,Institut national de recherche en informatique et en automatique,government,FR,4,3,1,1,3,2,8
I1327576362,2025,Feinstein Institute for Medical Research,facility,US,1,1,0,0,1,0,3
I1328219102,2025,Red Hat (United States),company,US,2,2,2,2,2,0,4
I1328775524,2023,Zhejiang Sci-Tech University,education,CN,1,1,1,0,0,0,2
I1334329717,2022,World Bank,other,US,1,1,1,0,1,0,5
I1334329717,2024,World Bank,other,US,1,1,1,0,1,0,6
I1334329717,2025,World Bank,other,US,1,1,1,0,1,0,4
I1334819555,2023,Memorial Sloan Kettering Cancer Center,company,US,1,0,0,0,0,0,0
I133529467,2022,Sharif University of Technology,education,IR,2,2,2,1,1,1,22
I133529467,2025,Sharif University of Technology,education,IR,2,0,0,0,0,0,0
I133731052,2020,University of Helsinki,education,FI,1,1,1,0,1,0,3
I133731052,2023,University of Helsinki,education,FI,2,1,1,0,1,0,3
I133731052,2025,University of Helsinki,education,FI,4,4,4,1,2,0,11
I133738476,2021,University of Massachusetts Lowell,education,US,1,1,0,0,0,0,1
I133738476,2022,University of Massachusetts Lowell,education,US,1,1,0,0,1,1,4
I133738476,2023,University of Massachusetts Lowell,education,US,2,1,0,0,1,0,3
I133738476,2024,University of Massachusetts Lowell,education,US,1,0,0,0,0,0,0
I133738476,2025,University of Massachusetts Lowell,education,US,4,4,1,2,4,1,9
I133771110,2024,University of Cape Coast,education,GH,1,1,1,1,1,1,35
I1341030882,2023,Educational Testing Service,nonprofit,US,1,1,0,0,1,0,2
I1341412227,2020,IBM,company,US,11,6,1,5,5,0,11
I1341412227,2021,IBM,company,US,12,9,4,8,9,0,12
I1341412227,2022,IBM,company,US,11,9,4,8,8,0,20
I1341412227,2023,IBM,company,US,13,9,5,9,9,0,15
I1341412227,2024,IBM,company,US,9,9,6,9,9,0,13
I1341412227,2025,IBM,company,US,5,5,3,5,5,0,50
I1341640284,2024,Centrum Wiskunde & Informatica,facility,NL,1,1,1,0,1,0,3
I1343180700,2022,Intel,company,US,1,1,0,1,1,1,2
I1343180700,2023,Intel,company,US,1,1,1,1,1,0,3
I1343180700,2024,Intel,company,US,3,3,1,3,3,0,8
I1343180700,2025,Intel,company,US,2,2,1,1,2,0,3
I134635517,2021,Bandung Institute of Technology,education,ID,1,1,1,1,1,0,5
I134635517,2024,Bandung Institute of Technology,education,ID,2,2,2,2,2,0,34
I134635517,2025,Bandung Institute of Technology,education,ID,1,1,1,1,1,0,4
I135117807,2024,Universit茅 de Sherbrooke,education,CA,1,1,0,0,0,0,2
I135140700,2020,University of Bonn,education,DE,1,1,0,0,1,0,2
I135140700,2021,University of Bonn,education,DE,2,2,1,1,2,0,5
I135140700,2023,University of Bonn,education,DE,1,1,1,0,1,0,4
I135140700,2024,University of Bonn,education,DE,1,1,0,0,0,0,2
I135140700,2025,University of Bonn,education,DE,2,2,2,1,1,0,44
I1351752,2024,Ko? University,education,TR,1,1,1,0,0,0,2
I1351752,2025,Ko? University,education,TR,1,1,0,1,1,0,1
I135237710,2024,Zhejiang Normal University,education,CN,1,1,0,1,1,0,2
I135237710,2025,Zhejiang Normal University,education,CN,2,2,2,1,1,0,5
I135310074,2021,University of Wisconsin鈥揗adison,education,US,3,2,2,2,2,0,4
I135310074,2022,University of Wisconsin鈥揗adison,education,US,1,1,0,0,0,0,2
I135310074,2023,University of Wisconsin鈥揗adison,education,US,5,3,1,2,3,0,11
I135310074,2024,University of Wisconsin鈥揗adison,education,US,8,7,1,3,3,0,16
I135310074,2025,University of Wisconsin鈥揗adison,education,US,14,11,5,4,5,0,29
I135428043,2024,Cisco Systems,company,US,6,6,3,6,6,1,19
I135428043,2025,Cisco Systems,company,US,5,5,1,5,5,0,10
I135598925,2022,Kyushu University,education,JP,1,1,0,0,0,0,2
I135768898,2023,Ritsumeikan University,education,JP,1,1,0,0,1,0,1
I135768898,2024,Ritsumeikan University,education,JP,1,0,0,0,0,0,0
I136040515,2024,Universidad de Deusto,education,ES,1,1,1,1,1,1,35
I136040515,2025,Universidad de Deusto,education,ES,1,1,1,0,1,0,10
I136199984,2020,Harvard University,education,US,2,2,0,2,2,0,2
I136199984,2021,Harvard University,education,US,3,3,0,2,2,0,4
I136199984,2022,Harvard University,education,US,4,4,1,2,2,0,8
I136199984,2023,Harvard University,education,US,5,5,2,1,3,0,12
I136199984,2024,Harvard University,education,US,12,12,7,5,8,0,41
I136199984,2025,Harvard University,education,US,8,8,6,2,4,0,26
I137902535,2022,North Carolina State University,education,US,1,1,0,1,1,0,1
I137902535,2023,North Carolina State University,education,US,1,1,0,1,1,0,2
I137902535,2024,North Carolina State University,education,US,1,1,1,0,0,0,3
I137902535,2025,North Carolina State University,education,US,3,2,0,1,1,0,7
I138006243,2021,University of Arizona,education,US,2,1,0,1,1,0,1
I138006243,2022,University of Arizona,education,US,3,2,0,2,2,0,4
I138006243,2023,University of Arizona,education,US,3,3,1,1,2,0,10
I138006243,2024,University of Arizona,education,US,6,6,3,3,4,0,29
I138006243,2025,University of Arizona,education,US,6,5,1,1,1,0,12
I138549579,2025,Scuola Internazionale Superiore di Studi Avanzati,education,IT,1,1,1,0,0,0,2
I138689650,2024,University of Padua,education,IT,1,1,1,0,1,0,2
I138689650,2025,University of Padua,education,IT,2,2,2,0,1,0,2
I138898306,2025,Reichman University,education,IL,1,1,0,0,0,0,1
I139024713,2021,Guangdong University of Technology,education,CN,1,1,1,0,0,0,1
I139024713,2022,Guangdong University of Technology,education,CN,1,1,1,0,0,0,2
I139024713,2024,Guangdong University of Technology,education,CN,3,3,1,0,0,0,4
I139024713,2025,Guangdong University of Technology,education,CN,5,5,1,0,4,0,8
I13913294,2025,Gustavus Adolphus College,education,US,1,1,0,0,0,0,3
I139264467,2020,Seoul National University,education,KR,5,2,0,2,2,0,2
I139264467,2021,Seoul National University,education,KR,6,4,0,3,3,0,5
I139264467,2022,Seoul National University,education,KR,10,8,3,5,6,0,11
I139264467,2023,Seoul National University,education,KR,13,11,4,10,10,0,11
I139264467,2024,Seoul National University,education,KR,23,17,9,11,13,0,19
I139264467,2025,Seoul National University,education,KR,44,30,9,18,19,0,35
I139290212,2025,Hofstra University,education,US,1,1,1,0,1,0,3
I139322472,2025,Universiti Sains Malaysia,education,MY,1,1,1,1,1,0,7
I13955877,2020,Bar-Ilan University,education,IL,1,1,1,0,1,0,3
I13955877,2021,Bar-Ilan University,education,IL,4,4,4,0,3,0,7
I13955877,2022,Bar-Ilan University,education,IL,7,6,5,3,6,0,8
I13955877,2023,Bar-Ilan University,education,IL,4,4,4,2,4,0,8
I13955877,2024,Bar-Ilan University,education,IL,1,1,1,1,1,0,1
I13955877,2025,Bar-Ilan University,education,IL,7,6,5,3,3,0,12
I139660479,2024,Central South University,education,CN,3,2,2,1,2,0,5
I139660479,2025,Central South University,education,CN,10,9,4,6,7,0,21
I139759216,2020,Beijing University of Posts and Telecommunications,education,CN,3,3,0,3,3,0,2
I139759216,2021,Beijing University of Posts and Telecommunications,education,CN,8,6,3,4,4,0,9
I139759216,2022,Beijing University of Posts and Telecommunications,education,CN,9,8,3,6,8,1,11
I139759216,2023,Beijing University of Posts and Telecommunications,education,CN,13,13,4,9,10,1,19
I139759216,2024,Beijing University of Posts and Telecommunications,education,CN,14,12,5,2,7,2,19
I139759216,2025,Beijing University of Posts and Telecommunications,education,CN,32,25,9,15,20,3,49
I140172145,2021,University of Connecticut,education,US,1,1,1,1,1,0,5
I140172145,2022,University of Connecticut,education,US,1,1,1,1,1,0,5
I140287389,2024,Technical University of Kenya,education,KE,1,1,1,1,1,1,35
I141371507,2020,Soongsil University,education,KR,1,1,0,1,1,0,2
I141371507,2025,Soongsil University,education,KR,5,4,1,0,0,0,2
I141568987,2020,Hong Kong Baptist University,education,HK,1,1,1,0,0,0,1
I141568987,2021,Hong Kong Baptist University,education,HK,2,2,2,1,1,0,4
I141568987,2022,Hong Kong Baptist University,education,HK,2,2,2,0,1,0,4
I141568987,2023,Hong Kong Baptist University,education,HK,1,1,1,1,1,0,4
I141568987,2024,Hong Kong Baptist University,education,HK,3,3,3,1,1,0,3
I141568987,2025,Hong Kong Baptist University,education,HK,6,6,6,2,3,0,13
I141595442,2023,University of Bucharest,education,RO,1,0,0,0,0,0,0
I141595442,2024,University of Bucharest,education,RO,2,1,1,0,1,0,4
I141595442,2025,University of Bucharest,education,RO,1,0,0,0,0,0,0
I141596103,2021,University of Lisbon,education,PT,1,0,0,0,0,0,0
I141596103,2024,University of Lisbon,education,PT,2,2,2,0,2,0,6
I141596103,2025,University of Lisbon,education,PT,1,1,0,0,1,0,2
I141945490,2021,University of British Columbia,education,CA,2,2,2,2,2,0,1
I141945490,2022,University of British Columbia,education,CA,3,3,3,0,1,0,6
I141945490,2023,University of British Columbia,education,CA,2,2,1,1,2,0,2
I141945490,2024,University of British Columbia,education,CA,7,7,5,4,5,0,18
I141945490,2025,University of British Columbia,education,CA,9,7,5,2,3,0,9
I142078773,2023,Shenyang Institute of Automation,facility,CN,1,1,1,1,1,0,4
I142108993,2022,Southwest University,education,CN,1,1,0,1,1,1,3
I142263535,2023,University of Nottingham,education,GB,2,2,2,2,2,0,2
I142263535,2025,University of Nottingham,education,GB,1,1,0,1,1,0,3
I142401562,2023,Electronics and Telecommunications Research Institute,facility,KR,1,1,0,0,1,0,1
I142401562,2025,Electronics and Telecommunications Research Institute,facility,KR,2,2,1,1,2,0,3
I14243506,2020,Hong Kong Polytechnic University,education,HK,2,2,2,1,1,0,5
I14243506,2021,Hong Kong Polytechnic University,education,HK,3,2,2,1,1,0,3
I14243506,2022,Hong Kong Polytechnic University,education,HK,8,7,7,6,6,0,17
I14243506,2023,Hong Kong Polytechnic University,education,HK,6,4,4,1,2,0,7
I14243506,2024,Hong Kong Polytechnic University,education,HK,22,17,17,2,3,0,46
I14243506,2025,Hong Kong Polytechnic University,education,HK,39,37,37,12,24,3,69
I142476485,2021,茅cole Polytechnique,education,FR,1,0,0,0,0,0,0
I142476485,2022,茅cole Polytechnique,education,FR,1,1,1,1,1,0,2
I142476485,2025,茅cole Polytechnique,education,FR,2,2,2,1,1,1,5
I142606810,2023,Pacific Northwest National Laboratory,facility,US,1,1,1,1,1,0,3
I142608572,2023,Prince Sattam Bin Abdulaziz University,education,SA,1,1,1,1,1,0,13
I142608572,2025,Prince Sattam Bin Abdulaziz University,education,SA,1,1,1,0,1,0,6
I142637625,2023,Okinawa Institute of Science and Technology Graduate University,education,JP,1,1,0,0,0,0,1
I142637625,2024,Okinawa Institute of Science and Technology Graduate University,education,JP,1,1,1,0,0,0,3
I142740786,2024,University of Louisville,education,US,1,1,1,0,0,0,2
I143288331,2023,Hasso Plattner Institute,facility,DE,1,1,0,0,1,0,1
I143288331,2024,Hasso Plattner Institute,facility,DE,1,0,0,0,0,0,0
I143288331,2025,Hasso Plattner Institute,facility,DE,1,1,1,0,1,0,4
I143593769,2020,East China University of Science and Technology,education,CN,1,0,0,0,0,0,0
I143593769,2025,East China University of Science and Technology,education,CN,5,4,0,2,3,0,8
I143868143,2024,Anhui University,education,CN,1,1,0,0,1,1,5
I143868143,2025,Anhui University,education,CN,1,1,0,0,0,0,2
I144648426,2025,Norwegian Computing Center,nonprofit,NO,1,1,0,0,1,0,1
I144693123,2023,University of Buea,education,CM,1,1,1,1,1,0,23
I144852770,2020,The King's College,education,US,1,1,1,0,0,0,3
I145311948,2020,Johns Hopkins University,education,US,13,9,2,2,2,0,9
I145311948,2021,Johns Hopkins University,education,US,8,5,1,1,2,0,9
I145311948,2022,Johns Hopkins University,education,US,12,9,4,4,6,1,34
I145311948,2023,Johns Hopkins University,education,US,8,6,1,3,5,0,10
I145311948,2024,Johns Hopkins University,education,US,14,12,5,3,6,1,26
I145311948,2025,Johns Hopkins University,education,US,22,19,11,4,9,0,84
I145487455,2024,Cairo University,education,EG,1,1,1,1,1,0,12
I1456306,2025,North China University of Technology,education,CN,1,1,0,0,0,0,2
I145847075,2023,TU Wien,education,AT,3,3,3,0,1,0,5
I145847075,2024,TU Wien,education,AT,1,1,1,1,1,0,6
I145847075,2025,TU Wien,education,AT,1,1,1,0,0,0,3
I145894827,2021,Indian Institute of Technology Kharagpur,education,IN,2,0,0,0,0,0,0
I145894827,2022,Indian Institute of Technology Kharagpur,education,IN,2,2,2,2,2,1,22
I145894827,2024,Indian Institute of Technology Kharagpur,education,IN,8,8,5,2,4,1,13
I145894827,2025,Indian Institute of Technology Kharagpur,education,IN,8,7,3,3,3,0,10
I145897649,2025,Minzu University of China,education,CN,4,4,1,0,2,0,8
I146399215,2025,University of Tsukuba,education,JP,1,1,1,0,1,1,4
I146429904,2024,Incheon National University,education,KR,1,1,0,0,1,0,2
I146429904,2025,Incheon National University,education,KR,1,0,0,0,0,0,0
I146500386,2025,Jichi Medical University,education,JP,1,1,0,1,1,0,2
I146655781,2021,University of Liverpool,education,GB,2,2,2,2,2,0,1
I146655781,2022,University of Liverpool,education,GB,3,3,3,2,2,0,9
I146655781,2023,University of Liverpool,education,GB,2,2,2,1,2,0,4
I146655781,2024,University of Liverpool,education,GB,2,2,2,2,2,0,22
I146655781,2025,University of Liverpool,education,GB,8,7,6,2,3,0,16
I147962203,2023,Democritus University of Thrace,education,GR,1,1,1,0,0,0,4
I148128674,2023,University of Shanghai for Science and Technology,education,CN,1,1,0,1,1,0,2
I148128674,2025,University of Shanghai for Science and Technology,education,CN,1,1,1,0,0,0,3
I148283060,2024,Lawrence Berkeley National Laboratory,facility,US,2,2,0,0,2,0,3
I148283060,2025,Lawrence Berkeley National Laboratory,facility,US,1,1,0,1,1,0,3
I148366613,2022,National Yang Ming Chiao Tung University,education,TW,2,1,0,0,1,0,2
I148366613,2023,National Yang Ming Chiao Tung University,education,TW,1,0,0,0,0,0,0
I148366613,2025,National Yang Ming Chiao Tung University,education,TW,1,1,1,0,0,0,3
I148751991,2024,Sogang University,education,KR,1,1,1,1,1,0,3
I148751991,2025,Sogang University,education,KR,3,3,1,2,2,0,6
I149461666,2023,Ca' Foscari University of Venice,education,IT,1,1,1,0,0,0,4
I149594827,2020,Xidian University,education,CN,1,1,1,0,0,0,1
I149594827,2021,Xidian University,education,CN,1,1,1,0,0,0,1
I149594827,2022,Xidian University,education,CN,1,1,1,1,1,0,3
I149594827,2023,Xidian University,education,CN,1,0,0,0,0,0,0
I149594827,2024,Xidian University,education,CN,4,3,2,1,2,0,7
I149594827,2025,Xidian University,education,CN,4,4,3,0,3,0,13
I149704539,2020,Deakin University,education,AU,1,1,0,0,0,0,1
I149704539,2022,Deakin University,education,AU,1,1,1,1,1,0,3
I149704539,2023,Deakin University,education,AU,1,1,1,0,0,0,1
I149704539,2025,Deakin University,education,AU,1,1,1,1,1,0,4
I150229711,2020,University of Electronic Science and Technology of China,education,CN,1,1,1,0,0,0,1
I150229711,2023,University of Electronic Science and Technology of China,education,CN,4,4,2,1,2,0,8
I150229711,2024,University of Electronic Science and Technology of China,education,CN,10,8,2,4,4,0,13
I150229711,2025,University of Electronic Science and Technology of China,education,CN,12,11,7,5,6,0,28
I150468666,2020,Emory University,education,US,1,0,0,0,0,0,0
I150468666,2021,Emory University,education,US,2,1,0,1,1,0,2
I150468666,2022,Emory University,education,US,1,1,1,1,1,0,1
I150468666,2023,Emory University,education,US,4,4,3,4,4,0,10
I150468666,2024,Emory University,education,US,4,4,1,1,1,0,22
I150468666,2025,Emory University,education,US,7,3,1,2,3,0,45
I150744194,2022,Waseda University,education,JP,1,1,1,0,0,0,2
I150744194,2023,Waseda University,education,JP,2,2,2,2,2,0,6
I150744194,2024,Waseda University,education,JP,2,2,2,1,1,0,7
I150744194,2025,Waseda University,education,JP,3,3,3,1,3,0,8
I150807315,2023,Guangxi University,education,CN,1,1,0,0,1,0,2
I150807315,2025,Guangxi University,education,CN,3,2,1,1,1,0,3
I151727225,2025,Harbin Engineering University,education,CN,1,1,1,0,1,0,5
I151746483,2020,University of Waterloo,education,CA,2,2,0,0,2,0,1
I151746483,2021,University of Waterloo,education,CA,4,3,0,1,3,1,6
I151746483,2022,University of Waterloo,education,CA,4,3,3,3,3,0,27
I151746483,2023,University of Waterloo,education,CA,7,7,6,2,4,0,9
I151746483,2024,University of Waterloo,education,CA,11,10,9,7,9,1,23
I151746483,2025,University of Waterloo,education,CA,13,12,10,8,11,2,34
I152269853,2025,Qilu University of Technology,education,CN,3,3,1,0,2,0,7
I152815399,2020,Singapore University of Technology and Design,education,SG,5,5,5,5,5,0,8
I152815399,2021,Singapore University of Technology and Design,education,SG,6,5,5,4,4,0,5
I152815399,2022,Singapore University of Technology and Design,education,SG,8,5,4,2,2,0,5
I152815399,2023,Singapore University of Technology and Design,education,SG,5,3,2,0,1,0,5
I152815399,2024,Singapore University of Technology and Design,education,SG,9,8,8,5,5,0,32
I152815399,2025,Singapore University of Technology and Design,education,SG,16,14,13,5,6,2,29
I153156064,2025,KBR,company,US,1,1,1,1,1,0,44
I153718931,2022,University of Ottawa,education,CA,2,2,2,0,2,0,3
I153718931,2023,University of Ottawa,education,CA,1,1,1,0,1,0,2
I153718931,2024,University of Ottawa,education,CA,1,1,1,1,1,0,2
I153845743,2022,Moscow Institute of Physics and Technology,education,RU,1,1,0,1,1,0,6
I153845743,2023,Moscow Institute of Physics and Technology,education,RU,1,1,1,0,0,0,1
I153845743,2025,Moscow Institute of Physics and Technology,education,RU,5,5,4,2,5,0,12
I154099455,2022,Shandong University,education,CN,4,4,4,2,2,0,8
I154099455,2023,Shandong University,education,CN,4,4,4,4,4,1,11
I154099455,2024,Shandong University,education,CN,6,6,5,2,5,1,13
I154099455,2025,Shandong University,education,CN,6,6,5,2,2,0,9
I154130895,2021,University of Auckland,education,NZ,1,1,1,0,0,0,1
I154130895,2024,University of Auckland,education,NZ,1,1,1,0,0,0,2
I154130895,2025,University of Auckland,education,NZ,1,1,1,0,0,0,3
I154425047,2021,University of Alberta,education,CA,2,2,1,0,1,0,4
I154425047,2022,University of Alberta,education,CA,3,2,2,1,1,0,8
I154425047,2023,University of Alberta,education,CA,2,2,2,1,1,0,3
I154425047,2024,University of Alberta,education,CA,5,4,2,1,1,0,7
I154425047,2025,University of Alberta,education,CA,3,3,2,1,2,1,13
I154526488,2025,Inserm,government,FR,1,1,0,0,1,0,3
I154549908,2022,Indian Institute of Technology Jodhpur,education,IN,1,1,1,1,1,0,1
I154549908,2024,Indian Institute of Technology Jodhpur,education,IN,7,6,3,1,2,0,5
I154549908,2025,Indian Institute of Technology Jodhpur,education,IN,3,2,2,0,1,0,5
I154570441,2020,"University of California, Santa Barbara",education,US,2,1,0,1,1,0,2
I154570441,2021,"University of California, Santa Barbara",education,US,4,4,3,2,3,0,8
I154570441,2022,"University of California, Santa Barbara",education,US,5,5,5,4,5,1,8
I154570441,2023,"University of California, Santa Barbara",education,US,11,9,7,5,6,0,17
I154570441,2024,"University of California, Santa Barbara",education,US,11,11,5,7,8,0,25
I154570441,2025,"University of California, Santa Barbara",education,US,13,13,8,5,7,2,36
I154833797,2025,Lingnan Normal University,education,CN,1,1,0,0,1,0,4
I154851008,2021,Indian Institute of Technology Roorkee,education,IN,1,1,1,0,0,0,2
I154851008,2024,Indian Institute of Technology Roorkee,education,IN,1,1,1,1,1,0,2
I154851008,2025,Indian Institute of Technology Roorkee,education,IN,2,2,0,0,2,0,2
I154864474,2025,National Taiwan University of Science and Technology,education,TW,1,1,1,0,0,0,1
I155173764,2020,Rochester Institute of Technology,education,US,1,1,1,0,0,0,1
I155173764,2022,Rochester Institute of Technology,education,US,1,1,1,1,1,0,24
I155173764,2023,Rochester Institute of Technology,education,US,4,4,3,2,3,0,32
I155173764,2024,Rochester Institute of Technology,education,US,2,2,1,1,1,0,10
I155173764,2025,Rochester Institute of Technology,education,US,5,5,1,2,3,2,13
I155660961,2023,University of Turku,education,FI,1,1,1,1,1,0,3
I155660961,2025,University of Turku,education,FI,1,1,1,1,1,0,6
I155781252,2024,University of South Carolina,education,US,2,2,0,0,1,0,4
I156087764,2021,"University of California, Merced",education,US,1,0,0,0,0,0,0
I156087764,2024,"University of California, Merced",education,US,2,2,1,1,2,0,5
I156087764,2025,"University of California, Merced",education,US,6,6,4,2,5,2,15
I156983542,2024,Jordan University of Science and Technology,education,JO,1,1,1,1,1,0,12
I157485424,2020,Korea Advanced Institute of Science and Technology,education,KR,3,3,1,2,3,0,4
I157485424,2021,Korea Advanced Institute of Science and Technology,education,KR,10,6,1,4,5,0,7
I157485424,2022,Korea Advanced Institute of Science and Technology,education,KR,10,8,1,6,6,0,8
I157485424,2023,Korea Advanced Institute of Science and Technology,education,KR,14,11,7,9,10,0,15
I157485424,2024,Korea Advanced Institute of Science and Technology,education,KR,33,26,15,18,23,0,42
I157485424,2025,Korea Advanced Institute of Science and Technology,education,KR,34,29,12,18,19,1,76
I157507598,2023,Shenyang University of Technology,education,CN,1,1,0,0,0,0,1
I157556583,2022,Institute of Science and Technology Austria,education,AT,1,1,1,1,1,0,2
I157556583,2024,Institute of Science and Technology Austria,education,AT,2,2,1,2,2,0,5
I157556583,2025,Institute of Science and Technology Austria,education,AT,2,2,2,2,2,0,4
I157591606,2022,University of Malawi,education,MW,1,1,1,1,1,1,27
I157614274,2025,University of Cape Town,education,ZA,1,1,1,1,1,0,1
I157638225,2024,"California State University, Northridge",education,US,1,1,0,0,0,0,1
I157725225,2020,University of Illinois Urbana-Champaign,education,US,9,8,2,5,5,0,8
I157725225,2021,University of Illinois Urbana-Champaign,education,US,16,13,4,6,7,0,18
I157725225,2022,University of Illinois Urbana-Champaign,education,US,18,15,7,11,12,1,30
I157725225,2023,University of Illinois Urbana-Champaign,education,US,24,16,9,7,8,0,28
I157725225,2024,University of Illinois Urbana-Champaign,education,US,37,29,16,12,15,1,44
I157725225,2025,University of Illinois Urbana-Champaign,education,US,44,30,14,10,13,0,83
I157773358,2020,Sun Yat-sen University,education,CN,5,4,2,4,4,0,5
I157773358,2021,Sun Yat-sen University,education,CN,11,8,6,7,7,0,11
I157773358,2022,Sun Yat-sen University,education,CN,9,6,4,6,6,0,16
I157773358,2023,Sun Yat-sen University,education,CN,17,14,9,12,13,0,23
I157773358,2024,Sun Yat-sen University,education,CN,16,15,5,10,13,0,27
I157773358,2025,Sun Yat-sen University,education,CN,26,21,10,8,16,4,39
I158012942,2023,University of Richmond,education,US,2,2,2,1,1,0,3
I158012942,2024,University of Richmond,education,US,1,1,1,1,1,0,2
I158012942,2025,University of Richmond,education,US,4,4,4,4,4,0,6
I158248296,2022,Amirkabir University of Technology,education,IR,1,1,1,1,1,1,20
I158338959,2024,University of Kerala,education,IN,1,1,0,0,1,0,2
I158708052,2020,Chulalongkorn University,education,TH,1,1,1,0,0,0,3
I158708052,2022,Chulalongkorn University,education,TH,1,1,0,1,1,0,2
I158708052,2024,Chulalongkorn University,education,TH,2,2,2,0,2,0,4
I158708052,2025,Chulalongkorn University,education,TH,1,1,1,0,1,1,4
I158842170,2022,Chongqing University,education,CN,2,1,1,0,1,0,4
I158842170,2024,Chongqing University,education,CN,1,1,0,0,1,1,3
I158842170,2025,Chongqing University,education,CN,6,6,4,1,4,1,17
I159176309,2023,Universit?t Hamburg,education,DE,1,1,1,0,0,0,1
I159176309,2024,Universit?t Hamburg,education,DE,6,5,4,0,1,0,8
I159176309,2025,Universit?t Hamburg,education,DE,11,11,9,3,5,0,66
I159389169,2025,Ningbo University of Technology,education,CN,1,1,1,0,0,0,3
I160992636,2020,Toyota Technological Institute at Chicago,education,US,2,0,0,0,0,0,0
I160992636,2022,Toyota Technological Institute at Chicago,education,US,5,5,1,2,2,0,8
I160992636,2023,Toyota Technological Institute at Chicago,education,US,2,2,2,2,2,0,5
I160992636,2024,Toyota Technological Institute at Chicago,education,US,1,1,1,0,0,0,2
I160992636,2025,Toyota Technological Institute at Chicago,education,US,3,3,2,0,0,0,7
I160993911,2024,Queensland University of Technology,education,AU,2,2,1,1,2,0,33
I160993911,2025,Queensland University of Technology,education,AU,1,1,1,0,1,0,1
I161046081,2024,University of Freiburg,education,DE,1,1,0,0,1,0,3
I161057412,2021,University of New Hampshire,education,US,1,1,1,0,0,0,1
I161103922,2022,Philipps University of Marburg,education,DE,2,2,1,1,2,0,3
I161103922,2024,Philipps University of Marburg,education,DE,2,2,1,0,1,0,8
I161103922,2025,Philipps University of Marburg,education,DE,2,2,2,0,0,0,2
I161127581,2025,Universidade Federal Fluminense,education,BR,1,1,0,0,0,0,2
I161222507,2022,Open University of China,education,CN,1,1,0,0,0,0,1
I161222507,2024,Open University of China,education,CN,1,1,1,1,1,0,6
I161296585,2025,Tokyo University of Science,education,JP,1,1,1,1,1,0,5
I161318765,2020,"University of California, Los Angeles",education,US,7,6,3,1,4,0,11
I161318765,2021,"University of California, Los Angeles",education,US,22,17,5,5,5,1,17
I161318765,2022,"University of California, Los Angeles",education,US,14,11,3,6,6,0,11
I161318765,2023,"University of California, Los Angeles",education,US,24,19,8,7,8,0,22
I161318765,2024,"University of California, Los Angeles",education,US,24,20,10,6,10,1,37
I161318765,2025,"University of California, Los Angeles",education,US,20,18,9,8,8,0,71
I161593684,2023,Stockholm University,education,SE,1,1,1,0,0,0,4
I161593684,2025,Stockholm University,education,SE,1,0,0,0,0,0,0
I162577319,2020,The University of Texas at Dallas,education,US,1,1,0,1,1,0,1
I162577319,2021,The University of Texas at Dallas,education,US,2,2,0,2,2,0,3
I162577319,2022,The University of Texas at Dallas,education,US,5,4,2,1,2,0,4
I162577319,2023,The University of Texas at Dallas,education,US,4,3,3,0,1,0,5
I162577319,2024,The University of Texas at Dallas,education,US,4,3,1,0,1,0,9
I162577319,2025,The University of Texas at Dallas,education,US,7,6,0,0,0,0,14
I162608824,2022,University of Sussex,education,GB,1,1,1,1,1,0,1
I16269868,2022,Santa Clara University,education,US,1,1,1,0,0,0,5
I162714631,2020,George Mason University,education,US,2,2,1,1,1,0,2
I162714631,2021,George Mason University,education,US,2,2,1,0,1,1,4
I162714631,2023,George Mason University,education,US,4,4,3,1,1,0,6
I162714631,2024,George Mason University,education,US,4,3,2,2,2,0,9
I162714631,2025,George Mason University,education,US,6,3,0,0,0,0,6
I162827531,2020,Indian Institute of Technology Bombay,education,IN,2,2,0,0,0,0,1
I162827531,2021,Indian Institute of Technology Bombay,education,IN,3,3,2,2,3,0,4
I162827531,2022,Indian Institute of Technology Bombay,education,IN,7,3,1,1,1,0,2
I162827531,2023,Indian Institute of Technology Bombay,education,IN,10,10,4,4,6,0,10
I162827531,2024,Indian Institute of Technology Bombay,education,IN,4,3,3,2,3,0,5
I162827531,2025,Indian Institute of Technology Bombay,education,IN,7,6,6,3,4,0,14
I16285277,2024,William & Mary,education,US,1,1,1,1,1,0,5
I16285277,2025,William & Mary,education,US,3,3,2,1,1,0,10
I162868743,2020,Tianjin University,education,CN,3,3,3,3,3,0,3
I162868743,2021,Tianjin University,education,CN,6,4,2,1,3,0,8
I162868743,2022,Tianjin University,education,CN,10,9,3,5,5,0,11
I162868743,2023,Tianjin University,education,CN,10,6,0,2,2,0,6
I162868743,2024,Tianjin University,education,CN,5,4,2,1,1,0,8
I162868743,2025,Tianjin University,education,CN,11,9,6,3,5,0,17
I163151501,2024,Hangzhou Normal University,education,CN,1,1,0,0,0,0,2
I163340411,2025,Hohai University,education,CN,3,3,2,0,1,1,5
I16365422,2025,Hefei University of Technology,education,CN,7,6,1,2,5,0,12
I163753206,2022,Chungbuk National University,education,KR,1,1,0,0,0,0,1
I16391192,2020,Tel Aviv University,education,IL,2,2,2,2,2,0,2
I16391192,2021,Tel Aviv University,education,IL,7,5,4,1,5,0,3
I16391192,2022,Tel Aviv University,education,IL,5,2,2,1,1,0,4
I16391192,2023,Tel Aviv University,education,IL,4,3,2,2,2,0,4
I16391192,2024,Tel Aviv University,education,IL,7,5,5,3,4,0,11
I16391192,2025,Tel Aviv University,education,IL,11,7,5,3,3,0,12
I164389053,2021,Fordham University,education,US,1,1,0,0,0,0,2
I165075387,2025,Trine University,education,US,1,1,1,1,1,0,5
I165143802,2021,University of Queensland,education,AU,2,1,1,1,1,0,1
I165143802,2022,University of Queensland,education,AU,1,1,1,1,1,0,2
I165143802,2023,University of Queensland,education,AU,1,1,1,0,0,0,1
I165143802,2024,University of Queensland,education,AU,2,1,1,0,1,1,2
I165143802,2025,University of Queensland,education,AU,5,4,4,1,3,2,8
I165230279,2024,Universitas Gadjah Mada,education,ID,1,1,1,1,1,0,32
I165488957,2025,Lingnan University,education,HK,1,1,0,0,0,0,1
I165677929,2025,Sungshin Women's University,education,KR,1,1,0,0,0,0,1
I165735259,2021,Gunma University,education,JP,1,1,0,0,0,0,1
I165779595,2020,University of Melbourne,education,AU,1,0,0,0,0,0,0
I165779595,2021,University of Melbourne,education,AU,3,0,0,0,0,0,0
I165779595,2022,University of Melbourne,education,AU,6,6,4,3,3,0,10
I165779595,2023,University of Melbourne,education,AU,3,2,2,0,1,0,4
I165779595,2024,University of Melbourne,education,AU,8,7,6,0,2,0,11
I165779595,2025,University of Melbourne,education,AU,14,11,9,4,5,0,20
I165799507,2021,Rensselaer Polytechnic Institute,education,US,1,1,1,0,1,0,1
I165799507,2022,Rensselaer Polytechnic Institute,education,US,1,1,1,1,1,0,4
I165799507,2023,Rensselaer Polytechnic Institute,education,US,3,3,2,2,3,0,7
I165799507,2025,Rensselaer Polytechnic Institute,education,US,3,2,1,0,0,0,3
I165932596,2020,National University of Singapore,education,SG,3,3,3,2,2,0,5
I165932596,2021,National University of Singapore,education,SG,8,7,6,4,6,0,14
I165932596,2022,National University of Singapore,education,SG,11,11,9,6,7,1,38
I165932596,2023,National University of Singapore,education,SG,22,17,15,5,11,0,29
I165932596,2024,National University of Singapore,education,SG,33,29,23,11,20,2,79
I165932596,2025,National University of Singapore,education,SG,61,55,53,19,30,5,122
I165998391,2024,Indian Association for the Cultivation of Science,education,IN,1,0,0,0,0,0,0
I165998391,2025,Indian Association for the Cultivation of Science,education,IN,2,1,1,0,0,0,1
I16609230,2024,Hunan University,education,CN,2,2,2,0,0,0,2
I16609230,2025,Hunan University,education,CN,4,4,4,1,2,0,10
I166337079,2023,Queen Mary University of London,education,GB,4,4,3,0,3,0,5
I166337079,2024,Queen Mary University of London,education,GB,6,6,4,1,3,0,10
I166337079,2025,Queen Mary University of London,education,GB,8,8,5,2,6,1,16
I166401450,2021,Universidad Nacional de C贸rdoba,education,AR,1,1,0,0,1,0,1
I166401450,2025,Universidad Nacional de C贸rdoba,education,AR,1,1,1,1,1,0,12
I166416128,2025,DEVCOM Army Research Laboratory,government,US,1,1,0,0,1,1,1
I166722992,2023,University of Massachusetts Chan Medical School,education,US,1,1,0,0,1,0,3
I166722992,2025,University of Massachusetts Chan Medical School,education,US,1,1,0,0,1,1,3
I166825849,2025,Tampere University,education,FI,3,2,2,1,1,0,3
I167153416,2020,Visvesvaraya National Institute of Technology,education,IN,1,1,0,0,0,0,3
I16733864,2020,National Taiwan University,education,TW,2,0,0,0,0,0,0
I16733864,2021,National Taiwan University,education,TW,1,0,0,0,0,0,0
I16733864,2022,National Taiwan University,education,TW,4,3,2,1,3,0,8
I16733864,2023,National Taiwan University,education,TW,4,4,3,2,3,0,7
I16733864,2024,National Taiwan University,education,TW,7,3,0,1,3,1,4
I16733864,2025,National Taiwan University,education,TW,4,4,2,2,4,0,4
I167576493,2023,Colorado School of Mines,education,US,1,1,0,1,1,0,3
I16835326,2021,University of St Andrews,education,GB,1,1,1,1,1,0,4
I16835326,2025,University of St Andrews,education,GB,1,1,1,1,1,0,5
I168639165,2025,Singapore Institute of Technology,education,SG,1,1,1,1,1,0,7
I168719708,2020,City University of Hong Kong,education,HK,1,1,1,0,0,0,3
I168719708,2021,City University of Hong Kong,education,HK,1,1,1,1,1,0,1
I168719708,2023,City University of Hong Kong,education,HK,6,6,6,3,4,0,12
I168719708,2024,City University of Hong Kong,education,HK,8,8,8,2,3,0,17
I168719708,2025,City University of Hong Kong,education,HK,8,7,7,5,6,0,20
I168879160,2022,Zhejiang University of Science and Technology,education,CN,1,1,0,0,0,0,3
I169090423,2025,Tunghai University,education,TW,1,1,1,0,1,0,2
I169108374,2021,University of the Basque Country,education,ES,1,1,0,1,1,0,1
I169108374,2023,University of the Basque Country,education,ES,1,0,0,0,0,0,0
I169108374,2024,University of the Basque Country,education,ES,3,2,1,0,1,0,2
I169108374,2025,University of the Basque Country,education,ES,2,1,1,1,1,0,1
I169199633,2023,Aston University,education,GB,1,1,1,0,0,0,2
I169199633,2024,Aston University,education,GB,1,1,1,1,1,1,35
I169199633,2025,Aston University,education,GB,1,1,1,0,0,0,3
I169335092,2024,University of North Carolina at Greensboro,education,US,1,1,1,0,0,0,3
I169381384,2020,University of Groningen,education,NL,2,0,0,0,0,0,0
I169381384,2021,University of Groningen,education,NL,2,2,2,2,2,0,6
I169381384,2022,University of Groningen,education,NL,1,1,1,1,1,0,1
I169381384,2023,University of Groningen,education,NL,2,1,1,0,0,0,2
I169381384,2024,University of Groningen,education,NL,2,1,0,0,0,0,2
I169381384,2025,University of Groningen,education,NL,2,2,1,1,1,0,3
I170201317,2020,University of Pittsburgh,education,US,1,1,1,0,1,0,1
I170201317,2021,University of Pittsburgh,education,US,2,2,0,1,1,0,4
I170201317,2023,University of Pittsburgh,education,US,1,1,1,0,1,0,2
I170201317,2024,University of Pittsburgh,education,US,5,4,3,2,3,0,11
I170201317,2025,University of Pittsburgh,education,US,6,4,3,0,1,0,10
I170215575,2022,National University of Defense Technology,education,CN,2,2,2,2,2,0,4
I170215575,2023,National University of Defense Technology,education,CN,2,2,1,0,1,0,2
I170215575,2024,National University of Defense Technology,education,CN,4,4,0,1,2,1,4
I170215575,2025,National University of Defense Technology,education,CN,11,8,1,0,4,2,18
I170239107,2025,University of South Australia,education,AU,1,1,1,0,0,0,2
I170486558,2022,Pompeu Fabra University,education,ES,1,1,1,1,1,0,2
I170486558,2023,Pompeu Fabra University,education,ES,1,0,0,0,0,0,0
I170486558,2024,Pompeu Fabra University,education,ES,2,2,1,0,1,0,3
I170486558,2025,Pompeu Fabra University,education,ES,5,5,5,1,4,1,23
I170606269,2022,University of the Fraser Valley,education,CA,1,1,1,0,0,0,2
I170897317,2020,Duke University,education,US,5,4,2,4,4,0,7
I170897317,2021,Duke University,education,US,5,3,2,3,3,0,7
I170897317,2022,Duke University,education,US,3,3,2,3,3,0,7
I170897317,2023,Duke University,education,US,4,4,2,2,2,0,8
I170897317,2024,Duke University,education,US,5,3,2,0,1,0,7
I170897317,2025,Duke University,education,US,4,2,2,1,1,0,9
I17145004,2024,Northwestern Polytechnical University,education,CN,2,2,0,1,1,0,2
I17145004,2025,Northwestern Polytechnical University,education,CN,2,2,1,2,2,0,5
I171543936,2025,Free University of Bozen-Bolzano,education,IT,2,2,2,0,1,0,12
I172446870,2023,University of Cagliari,education,IT,1,1,1,0,1,0,3
I172675005,2020,Nanyang Technological University,education,SG,7,6,6,6,6,0,6
I172675005,2021,Nanyang Technological University,education,SG,12,12,11,9,11,2,11
I172675005,2022,Nanyang Technological University,education,SG,11,11,10,9,10,1,14
I172675005,2023,Nanyang Technological University,education,SG,27,24,22,8,14,3,48
I172675005,2024,Nanyang Technological University,education,SG,30,26,21,8,13,2,44
I172675005,2025,Nanyang Technological University,education,SG,52,47,43,19,28,5,86
I172828483,2023,University of Sri Jayewardenepura,education,LK,1,1,1,0,0,0,1
I173093425,2025,Chang Gung University,education,TW,1,1,1,1,1,0,3
I173304897,2024,Universidad de Granada,education,ES,1,1,1,1,1,0,2
I173759888,2024,Hunan Normal University,education,CN,2,2,0,0,2,2,3
I173899330,2025,Henan Univeristy,education,CN,1,1,0,0,0,0,1
I173911158,2023,Iowa State University,education,US,3,0,0,0,0,0,0
I173911158,2024,Iowa State University,education,US,1,1,0,1,1,0,2
I173911158,2025,Iowa State University,education,US,4,1,0,1,1,0,1
I174306211,2020,Technion ??Israel Institute of Technology,education,IL,1,1,1,0,1,0,3
I174306211,2021,Technion ??Israel Institute of Technology,education,IL,4,3,3,1,1,0,5
I174306211,2022,Technion ??Israel Institute of Technology,education,IL,2,2,2,0,0,0,2
I174306211,2023,Technion ??Israel Institute of Technology,education,IL,5,4,3,1,1,0,4
I174306211,2024,Technion ??Israel Institute of Technology,education,IL,6,5,5,2,2,0,12
I174306211,2025,Technion ??Israel Institute of Technology,education,IL,9,7,6,2,2,0,11
I174385955,2024,Hefei Normal University,education,CN,1,1,0,0,0,0,3
I174385955,2025,Hefei Normal University,education,CN,2,2,1,0,2,0,3
I17442442,2024,State Grid Corporation of China,company,CN,1,1,0,1,1,0,2
I17442442,2025,State Grid Corporation of China,company,CN,1,1,1,1,1,0,2
I174458059,2023,National Technical University of Athens,education,GR,1,0,0,0,0,0,0
I174458059,2025,National Technical University of Athens,education,GR,4,4,4,1,3,0,9
I174689663,2025,Universidad de Flores,education,AR,1,1,1,0,1,0,2
I175399479,2024,Haldia Institute of Technology,education,IN,1,1,1,0,0,0,2
I175532246,2024,University of Eastern Finland,education,FI,1,1,1,1,1,1,35
I176453806,2020,University of Potsdam,education,DE,1,0,0,0,0,0,0
I176453806,2021,University of Potsdam,education,DE,3,2,1,1,2,0,4
I176453806,2022,University of Potsdam,education,DE,1,1,1,1,1,0,3
I176453806,2023,University of Potsdam,education,DE,5,5,3,0,3,0,7
I176453806,2024,University of Potsdam,education,DE,1,1,1,0,0,0,2
I176453806,2025,University of Potsdam,education,DE,3,1,1,0,1,0,10
I177097968,2023,University of Tennessee at Chattanooga,education,US,1,1,1,0,1,1,5
I177477856,2025,Politecnico di Torino,education,IT,2,2,2,1,1,0,3
I177639307,2020,University of Dundee,education,GB,2,2,2,0,0,0,1
I177639307,2023,University of Dundee,education,GB,2,2,2,0,0,0,1
I177725633,2020,Chinese University of Hong Kong,education,CN,8,7,5,6,6,0,9
I177725633,2021,Chinese University of Hong Kong,education,CN,11,11,8,5,5,0,11
I177725633,2022,Chinese University of Hong Kong,education,CN,12,12,9,11,11,0,19
I177725633,2023,Chinese University of Hong Kong,education,CN,17,15,9,9,10,0,22
I177725633,2024,Chinese University of Hong Kong,education,CN,34,34,20,10,20,1,49
I177725633,2025,Chinese University of Hong Kong,education,CN,52,49,29,22,31,2,85
I177738480,2025,Japan Advanced Institute of Science and Technology,education,JP,3,2,1,1,2,0,4
I177802217,2021,University of Mannheim,education,DE,2,2,1,1,1,0,2
I177802217,2022,University of Mannheim,education,DE,1,1,1,0,0,0,1
I177802217,2023,University of Mannheim,education,DE,1,1,0,0,0,0,1
I177802217,2024,University of Mannheim,education,DE,4,4,3,0,2,0,13
I177802217,2025,University of Mannheim,education,DE,7,7,6,1,2,0,15
I178232147,2025,Guizhou University,education,CN,1,0,0,0,0,0,0
I17866349,2021,Universit茅 de Toulouse,education,FR,1,1,1,0,1,1,3
I17866349,2025,Universit茅 de Toulouse,education,FR,1,1,1,0,1,1,4
I179193067,2020,Khon Kaen University,education,TH,1,1,1,0,0,0,3
I179225836,2024,University of Augsburg,education,DE,3,3,0,2,3,0,6
I17974374,2025,Universidade de S?o Paulo,education,BR,1,1,0,0,0,0,2
I18014758,2020,Simon Fraser University,education,CA,1,0,0,0,0,0,0
I18014758,2021,Simon Fraser University,education,CA,3,3,3,2,2,0,5
I18014758,2022,Simon Fraser University,education,CA,4,3,3,1,1,0,9
I18014758,2023,Simon Fraser University,education,CA,1,0,0,0,0,0,0
I18014758,2025,Simon Fraser University,education,CA,2,2,1,0,1,0,2
I180437899,2023,University of Bremen,education,DE,1,1,0,0,0,0,1
I180662265,2020,China Mobile,company,CN,4,4,3,4,4,0,4
I180662265,2021,China Mobile,company,CN,1,1,1,1,1,0,3
I180662265,2023,China Mobile,company,CN,1,1,0,0,1,0,1
I180662265,2024,China Mobile,company,CN,3,3,1,3,3,0,7
I180662265,2025,China Mobile,company,CN,2,1,0,1,1,0,1
I180670191,2025,"University of California, San Francisco",education,US,1,1,0,0,0,0,1
I180726961,2021,Shenzhen University,education,CN,1,1,0,1,1,0,2
I180726961,2022,Shenzhen University,education,CN,1,1,0,1,1,0,1
I180726961,2024,Shenzhen University,education,CN,4,4,2,1,3,1,9
I180726961,2025,Shenzhen University,education,CN,9,8,6,5,7,1,22
I180825142,2023,"City, University of London",education,GB,2,2,1,2,2,0,3
I180910786,2022,Universidad de la Rep煤blica,education,UY,1,1,1,1,1,0,13
I180910786,2024,Universidad de la Rep煤blica,education,UY,1,1,1,1,1,0,2
I180910786,2025,Universidad de la Rep煤blica,education,UY,1,1,1,1,1,0,12
I180949307,2020,Illinois Institute of Technology,education,US,1,1,0,0,0,0,1
I180949307,2025,Illinois Institute of Technology,education,US,1,1,1,0,0,0,1
I181231927,2021,National University of Ireland,education,IE,1,1,1,1,1,0,1
I181233156,2021,University of Oregon,education,US,3,3,1,2,2,0,7
I181233156,2023,University of Oregon,education,US,2,2,1,2,2,0,14
I181233156,2024,University of Oregon,education,US,1,1,1,1,1,0,2
I181233156,2025,University of Oregon,education,US,1,1,1,1,1,0,3
I181326427,2025,Donghua University,education,CN,2,2,0,1,1,0,3
I181343428,2023,University of Zagreb,education,HR,1,1,0,1,1,0,1
I181401687,2025,American University,education,US,1,1,1,0,0,0,4
I181565077,2024,Georgia State University,education,US,1,1,0,0,0,0,1
I181631907,2023,University of Ibadan,education,NG,1,1,1,1,1,0,23
I181679659,2020,Shanghai University of Finance and Economics,education,CN,1,1,0,0,0,0,1
I181679659,2022,Shanghai University of Finance and Economics,education,CN,3,3,2,2,2,0,6
I181679659,2023,Shanghai University of Finance and Economics,education,CN,2,2,2,1,1,0,6
I181679659,2024,Shanghai University of Finance and Economics,education,CN,1,1,0,0,0,0,2
I181679659,2025,Shanghai University of Finance and Economics,education,CN,1,1,0,1,1,0,3
I181877577,2021,Shanxi University,education,CN,1,1,1,0,1,1,1
I181877577,2023,Shanxi University,education,CN,2,1,1,0,0,0,2
I181877577,2025,Shanxi University,education,CN,3,3,2,0,1,1,7
I182534213,2023,Universidade do Porto,education,PT,1,1,1,1,1,0,23
I182534213,2024,Universidade do Porto,education,PT,1,1,1,0,1,0,1
I182534213,2025,Universidade do Porto,education,PT,2,2,2,1,2,0,4
I182707071,2023,Ludong University,education,CN,1,1,1,0,1,1,4
I182707071,2024,Ludong University,education,CN,1,1,1,0,0,0,2
I182937616,2025,Hyundai Mobis,company,KR,1,1,0,1,1,0,2
I183067930,2020,Shanghai Jiao Tong University,education,CN,2,2,0,2,2,0,3
I183067930,2021,Shanghai Jiao Tong University,education,CN,8,6,4,4,5,0,8
I183067930,2022,Shanghai Jiao Tong University,education,CN,19,15,6,11,13,1,20
I183067930,2023,Shanghai Jiao Tong University,education,CN,20,20,12,10,13,3,26
I183067930,2024,Shanghai Jiao Tong University,education,CN,27,25,14,9,20,1,36
I183067930,2025,Shanghai Jiao Tong University,education,CN,71,67,21,31,51,1,92
I183697816,2023,Bangladesh University of Engineering and Technology,education,BD,1,1,1,0,0,0,3
I183697816,2024,Bangladesh University of Engineering and Technology,education,BD,1,1,1,0,0,0,1
I183697816,2025,Bangladesh University of Engineering and Technology,education,BD,2,2,1,0,0,0,3
I183934855,2022,Genentech,company,US,1,1,0,1,1,0,3
I183934855,2024,Genentech,company,US,1,1,0,1,1,0,1
I183935753,2021,King's College London,education,GB,1,1,1,1,1,1,3
I183935753,2022,King's College London,education,GB,2,2,2,0,1,0,6
I183935753,2023,King's College London,education,GB,3,3,1,0,3,0,3
I183935753,2024,King's College London,education,GB,6,6,4,1,4,0,11
I183935753,2025,King's College London,education,GB,13,11,9,3,9,0,18
I184565670,2020,Georgetown University,education,US,1,1,0,0,1,0,1
I184565670,2021,Georgetown University,education,US,1,1,1,0,0,0,2
I184565670,2022,Georgetown University,education,US,2,1,0,0,1,0,1
I184565670,2024,Georgetown University,education,US,4,2,2,0,0,0,4
I184565670,2025,Georgetown University,education,US,6,4,3,0,0,0,7
I184597095,2020,National Institute of Informatics,facility,JP,2,2,2,1,2,0,6
I184597095,2022,National Institute of Informatics,facility,JP,1,1,0,0,1,0,3
I184597095,2023,National Institute of Informatics,facility,JP,3,3,0,0,3,0,3
I184597095,2024,National Institute of Informatics,facility,JP,1,1,0,0,1,0,1
I184597095,2025,National Institute of Informatics,facility,JP,3,3,1,1,3,0,9
I184942183,2021,University of Oslo,education,NO,3,3,3,0,1,0,3
I184942183,2025,University of Oslo,education,NO,4,4,3,2,3,0,13
I1850255,2023,University of Basel,education,CH,1,1,1,0,0,0,4
I1850255,2024,University of Basel,education,CH,1,1,1,1,1,0,20
I1850255,2025,University of Basel,education,CH,2,2,2,0,1,0,8
I185103710,2020,"University of California, Santa Cruz",education,US,1,1,0,1,1,0,2
I185103710,2021,"University of California, Santa Cruz",education,US,2,1,0,0,0,0,1
I185103710,2023,"University of California, Santa Cruz",education,US,1,0,0,0,0,0,0
I185103710,2024,"University of California, Santa Cruz",education,US,3,3,2,2,2,0,23
I185163786,2025,King Abdulaziz University,education,SA,2,2,2,0,2,0,19
I185261750,2020,University of Toronto,education,CA,3,3,2,0,3,0,4
I185261750,2021,University of Toronto,education,CA,1,1,0,0,1,0,3
I185261750,2022,University of Toronto,education,CA,2,2,1,0,2,0,3
I185261750,2023,University of Toronto,education,CA,3,0,0,0,0,0,0
I185261750,2024,University of Toronto,education,CA,11,10,9,6,8,1,31
I185261750,2025,University of Toronto,education,CA,17,17,12,3,13,0,48
I185443292,2023,Wayne State University,education,US,1,1,1,0,0,0,3
I185940356,2020,Soochow University,education,TW,2,0,0,0,0,0,0
I185940356,2021,Soochow University,education,TW,8,5,5,4,5,0,8
I185940356,2022,Soochow University,education,TW,8,7,7,7,7,0,7
I185940356,2023,Soochow University,education,TW,9,7,7,7,7,0,7
I185940356,2024,Soochow University,education,TW,12,11,11,4,9,2,17
I185940356,2025,Soochow University,education,TW,28,22,22,13,16,1,24
I186143895,2021,Lehigh University,education,US,2,2,2,1,1,0,5
I186143895,2024,Lehigh University,education,US,3,3,2,2,2,0,11
I186272606,2021,Guangdong University of Foreign Studies,education,CN,1,1,0,0,1,0,2
I186272606,2024,Guangdong University of Foreign Studies,education,CN,2,1,0,1,1,0,2
I186272606,2025,Guangdong University of Foreign Studies,education,CN,2,1,0,0,1,0,4
I186903577,2025,University of Luxembourg,education,LU,2,2,2,0,0,0,4
I187400657,2024,South China Normal University,education,CN,2,2,1,0,0,0,3
I187400657,2025,South China Normal University,education,CN,4,2,0,0,0,0,2
I188538660,2020,University of Colorado Boulder,education,US,5,3,1,0,0,0,2
I188538660,2021,University of Colorado Boulder,education,US,3,1,0,0,0,0,1
I188538660,2022,University of Colorado Boulder,education,US,4,4,2,3,3,1,20
I188538660,2023,University of Colorado Boulder,education,US,2,2,1,0,0,0,2
I188538660,2024,University of Colorado Boulder,education,US,4,4,2,1,1,0,6
I188538660,2025,University of Colorado Boulder,education,US,7,6,5,1,2,0,9
I188963388,2022,International Institute of Information Technology,education,IN,1,1,0,0,1,0,1
I188973947,2025,Novosibirsk State University,education,RU,1,1,0,0,1,0,5
I189109744,2024,Indian Institute of Technology Dhanbad,education,IN,2,2,0,1,1,0,3
I189158943,2023,University of Milan,education,IT,1,1,1,1,1,0,7
I189158943,2024,University of Milan,education,IT,1,1,1,0,0,0,1
I189158971,2022,United States Naval Academy,education,US,1,1,0,0,1,0,3
I189158971,2024,United States Naval Academy,education,US,1,1,0,0,0,0,2
I189158971,2025,United States Naval Academy,education,US,1,1,0,0,0,0,3
I189196454,2023,The University of Texas at Arlington,education,US,3,3,3,1,1,0,2
I189196454,2024,The University of Texas at Arlington,education,US,1,0,0,0,0,0,0
I189196454,2025,The University of Texas at Arlington,education,US,3,2,2,0,1,1,4
I189210763,2024,Yunnan University,education,CN,1,0,0,0,0,0,0
I189210763,2025,Yunnan University,education,CN,1,1,0,0,0,0,2
I189712700,2023,University of Konstanz,education,DE,1,1,1,0,1,0,4
I189712700,2024,University of Konstanz,education,DE,1,1,1,0,1,0,2
I189712700,2025,University of Konstanz,education,DE,2,1,1,0,1,0,3
I190082696,2022,Durham University,education,GB,1,1,0,1,1,0,1
I190082696,2023,Durham University,education,GB,1,1,0,0,0,0,1
I190082696,2025,Durham University,education,GB,2,2,1,1,1,0,3
I190249584,2023,Universit?t Innsbruck,education,AT,1,1,1,1,1,0,2
I190249584,2024,Universit?t Innsbruck,education,AT,1,1,1,0,0,0,2
I190249584,2025,Universit?t Innsbruck,education,AT,2,2,2,1,1,0,6
I1902872,2021,EURECOM,education,FR,1,1,1,0,0,0,1
I1902872,2024,EURECOM,education,FR,1,1,1,0,0,0,1
I1902872,2025,EURECOM,education,FR,4,4,3,3,3,0,4
I190632392,2022,Lule? University of Technology,education,SE,1,1,1,1,1,0,24
I190632392,2024,Lule? University of Technology,education,SE,1,1,1,1,1,1,35
I191208505,2021,Xiamen University,education,CN,3,2,1,1,1,0,4
I191208505,2022,Xiamen University,education,CN,5,5,1,4,4,0,9
I191208505,2023,Xiamen University,education,CN,6,4,1,3,3,0,6
I191208505,2024,Xiamen University,education,CN,4,4,1,3,4,0,7
I191208505,2025,Xiamen University,education,CN,16,13,7,6,8,1,29
I191420491,2025,Universidad de Ja茅n,education,ES,1,1,1,1,1,0,12
I19149307,2025,Chennai Mathematical Institute,education,IN,1,1,0,0,1,0,1
I192578771,2022,Rose鈥揌ulman Institute of Technology,education,US,1,0,0,0,0,0,0
I192619145,2022,University of the Witwatersrand,education,ZA,2,2,2,2,2,1,44
I192868223,2025,Zhengzhou University of Aeronautics,education,CN,1,1,0,0,0,0,2
I193223587,2021,University of Trento,education,IT,5,4,2,1,3,0,7
I193223587,2022,University of Trento,education,IT,2,2,1,1,2,0,3
I193223587,2023,University of Trento,education,IT,5,5,1,1,5,0,3
I193223587,2024,University of Trento,education,IT,7,6,3,1,5,0,7
I193223587,2025,University of Trento,education,IT,5,5,5,2,4,1,23
I193531525,2024,George Washington University,education,US,3,3,1,1,2,0,7
I193531525,2025,George Washington University,education,US,3,3,1,1,2,0,5
I193662353,2021,Utrecht University,education,NL,1,1,1,0,1,0,3
I193662353,2022,Utrecht University,education,NL,1,1,1,1,1,0,3
I193662353,2023,Utrecht University,education,NL,1,0,0,0,0,0,0
I193662353,2024,Utrecht University,education,NL,2,2,1,0,0,0,2
I193662353,2025,Utrecht University,education,NL,4,3,3,0,1,0,5
I193700539,2022,Tilburg University,education,NL,1,1,1,0,0,0,2
I193700539,2024,Tilburg University,education,NL,2,2,1,0,1,0,5
I193775966,2021,Yonsei University,education,KR,2,2,1,0,0,0,2
I193775966,2022,Yonsei University,education,KR,4,4,1,1,1,0,3
I193775966,2023,Yonsei University,education,KR,3,2,1,1,1,0,2
I193775966,2024,Yonsei University,education,KR,13,10,7,4,4,0,16
I193775966,2025,Yonsei University,education,KR,26,16,5,4,4,0,20
I194450716,2021,Jilin University,education,CN,2,2,1,0,1,0,3
I194450716,2022,Jilin University,education,CN,2,2,2,1,1,0,4
I194450716,2023,Jilin University,education,CN,1,1,1,1,1,0,2
I194450716,2024,Jilin University,education,CN,3,2,1,0,1,0,6
I194450716,2025,Jilin University,education,CN,3,2,1,0,0,0,2
I194744927,2025,National Institute of Education,education,SG,2,2,2,1,1,0,7
I195460627,2023,University of Aberdeen,education,GB,3,3,3,0,1,0,5
I195460627,2024,University of Aberdeen,education,GB,2,1,0,0,0,0,1
I195460627,2025,University of Aberdeen,education,GB,2,2,1,0,0,0,2
I195740183,2025,University of Moratuwa,education,LK,1,1,1,0,0,0,1
I196345858,2025,Chungnam National University,education,KR,1,1,0,0,1,0,1
I196349391,2025,Universit?t Ulm,education,DE,1,0,0,0,0,0,0
I19648265,2023,Wright State University,education,US,1,1,0,0,0,0,1
I19648265,2024,Wright State University,education,US,1,1,0,0,1,0,3
I196551433,2021,Yerevan State University,education,AM,1,1,1,0,1,0,2
I196699116,2025,Wuhan University of Technology,education,CN,2,2,0,0,2,1,5
I19700959,2024,Florida International University,education,US,1,0,0,0,0,0,0
I19700959,2025,Florida International University,education,US,1,1,0,0,0,0,2
I197251160,2020,Hebrew University of Jerusalem,education,IL,2,2,2,1,2,0,4
I197251160,2021,Hebrew University of Jerusalem,education,IL,3,2,2,0,1,0,5
I197251160,2022,Hebrew University of Jerusalem,education,IL,4,4,4,1,2,0,8
I197251160,2023,Hebrew University of Jerusalem,education,IL,4,4,3,4,4,0,6
I197251160,2024,Hebrew University of Jerusalem,education,IL,6,4,4,2,4,0,8
I197251160,2025,Hebrew University of Jerusalem,education,IL,4,2,2,0,1,0,7
I197312522,2022,Hyundai Motor Group,company,KR,1,1,0,1,1,0,1
I197323543,2021,Johannes Gutenberg University Mainz,education,DE,1,1,0,0,0,0,1
I197323543,2023,Johannes Gutenberg University Mainz,education,DE,1,1,1,0,0,0,1
I197323543,2024,Johannes Gutenberg University Mainz,education,DE,2,2,2,0,0,0,2
I197323543,2025,Johannes Gutenberg University Mainz,education,DE,5,5,5,1,2,0,7
I197347611,2020,Korea University,education,KR,1,0,0,0,0,0,0
I197347611,2021,Korea University,education,KR,4,3,2,1,1,0,5
I197347611,2022,Korea University,education,KR,6,5,2,4,4,0,8
I197347611,2023,Korea University,education,KR,8,4,1,4,4,0,6
I197347611,2024,Korea University,education,KR,8,5,3,4,4,0,12
I197347611,2025,Korea University,education,KR,25,15,5,6,7,0,19
I198091727,2024,Tianjin Polytechnic University,education,CN,1,1,0,0,0,0,1
I198091727,2025,Tianjin Polytechnic University,education,CN,2,2,2,0,2,0,7
I19820366,2020,Chinese Academy of Sciences,government,CN,6,6,0,4,6,6,5
I19820366,2021,Chinese Academy of Sciences,government,CN,24,24,1,10,24,24,19
I19820366,2022,Chinese Academy of Sciences,government,CN,17,17,2,9,17,17,15
I19820366,2023,Chinese Academy of Sciences,government,CN,32,32,3,14,32,32,20
I19820366,2024,Chinese Academy of Sciences,government,CN,53,53,10,24,53,52,81
I19820366,2025,Chinese Academy of Sciences,government,CN,84,83,23,29,83,82,97
I19880235,2021,Lomonosov Moscow State University,education,RU,1,1,1,1,1,0,4
I199693650,2021,Umm al-Qura University,education,SA,1,1,1,0,0,0,3
I200284239,2021,Universidade de Santiago de Compostela,education,ES,1,1,0,1,1,0,1
I200284239,2023,Universidade de Santiago de Compostela,education,ES,2,2,1,0,2,0,4
I200719446,2024,Vanderbilt University,education,US,1,1,0,0,0,0,1
I200719446,2025,Vanderbilt University,education,US,2,2,1,0,1,1,4
I200769079,2020,Hong Kong University of Science and Technology,education,HK,5,5,4,2,3,0,6
I200769079,2021,Hong Kong University of Science and Technology,education,HK,10,9,8,5,7,0,19
I200769079,2022,Hong Kong University of Science and Technology,education,HK,14,13,13,11,11,0,13
I200769079,2023,Hong Kong University of Science and Technology,education,HK,21,16,16,10,12,0,44
I200769079,2024,Hong Kong University of Science and Technology,education,HK,37,34,34,22,24,1,89
I200769079,2025,Hong Kong University of Science and Technology,education,HK,85,75,74,38,51,4,103
I200845125,2022,Nanjing University of Information Science and Technology,education,CN,1,1,1,1,1,0,5
I200845125,2025,Nanjing University of Information Science and Technology,education,CN,1,1,1,0,0,0,3
I20089843,2020,Princeton University,education,US,3,3,1,3,3,0,5
I20089843,2021,Princeton University,education,US,6,4,3,0,0,0,3
I20089843,2022,Princeton University,education,US,9,4,2,2,3,0,10
I20089843,2023,Princeton University,education,US,7,6,4,2,2,1,9
I20089843,2024,Princeton University,education,US,5,3,2,1,2,0,6
I20089843,2025,Princeton University,education,US,9,8,6,1,3,0,24
I20121455,2023,Bielefeld University,education,DE,2,1,0,0,0,0,1
I20121455,2025,Bielefeld University,education,DE,5,5,3,0,2,0,20
I201448701,2020,University of Washington,education,US,21,21,6,6,19,0,25
I201448701,2021,University of Washington,education,US,24,23,7,5,16,0,18
I201448701,2022,University of Washington,education,US,32,32,17,14,27,1,78
I201448701,2023,University of Washington,education,US,32,30,14,11,22,1,46
I201448701,2024,University of Washington,education,US,33,33,16,11,24,1,57
I201448701,2025,University of Washington,education,US,33,33,20,18,27,0,64
I201537933,2020,Tohoku University,education,JP,1,1,0,0,1,0,1
I201537933,2021,Tohoku University,education,JP,2,2,1,1,1,0,4
I201537933,2022,Tohoku University,education,JP,3,3,1,1,2,0,7
I201537933,2023,Tohoku University,education,JP,2,2,1,1,2,0,5
I201537933,2024,Tohoku University,education,JP,1,1,1,1,1,0,32
I201537933,2025,Tohoku University,education,JP,5,5,5,2,4,0,8
I201841394,2022,Universit茅 C?te d'Azur,education,FR,1,1,1,0,0,0,2
I201841394,2023,Universit茅 C?te d'Azur,education,FR,1,0,0,0,0,0,0
I20231570,2020,Peking University,education,CN,8,5,3,2,4,0,10
I20231570,2021,Peking University,education,CN,18,15,6,12,13,3,23
I20231570,2022,Peking University,education,CN,25,20,11,14,16,3,27
I20231570,2023,Peking University,education,CN,39,32,20,25,29,9,40
I20231570,2024,Peking University,education,CN,51,36,18,21,26,6,52
I20231570,2025,Peking University,education,CN,97,88,42,39,60,9,99
I202334528,2025,Beijing Electronic Science and Technology Institute,education,CN,1,1,1,1,1,0,6
I202697423,2020,University of Zurich,education,CH,3,3,3,0,0,0,4
I202697423,2021,University of Zurich,education,CH,1,1,1,0,0,0,1
I202697423,2022,University of Zurich,education,CH,2,2,1,1,1,0,14
I202697423,2023,University of Zurich,education,CH,5,4,3,1,2,0,11
I202697423,2024,University of Zurich,education,CH,4,3,2,0,0,0,4
I202697423,2025,University of Zurich,education,CH,11,9,9,0,3,0,35
I203474044,2020,NCSR Demokritos,facility,GR,1,1,1,0,1,0,2
I203474044,2022,NCSR Demokritos,facility,GR,1,1,1,0,1,0,2
I203474044,2024,"National Centre of Scientific Research ""Demokritos""",facility,GR,1,0,0,0,0,0,0
I203951103,2025,Keio University,education,JP,2,1,0,1,1,0,1
I204136569,2022,The Open University,education,GB,1,1,1,0,1,0,4
I204136569,2024,The Open University,education,GB,1,1,1,1,1,0,3
I204136569,2025,The Open University,education,GB,2,2,2,2,2,0,5
I204250578,2020,"University of California, Irvine",education,US,1,1,1,1,1,0,2
I204250578,2021,"University of California, Irvine",education,US,1,1,0,1,1,0,1
I204250578,2022,"University of California, Irvine",education,US,4,4,1,2,3,0,8
I204250578,2023,"University of California, Irvine",education,US,1,1,1,0,0,0,2
I204250578,2024,"University of California, Irvine",education,US,5,4,2,0,3,1,8
I204250578,2025,"University of California, Irvine",education,US,2,0,0,0,0,0,0
I204291657,2025,Hosei University,education,JP,1,1,1,0,0,0,2
I204337017,2023,Aarhus University,education,DK,1,1,0,0,0,0,1
I204337017,2025,Aarhus University,education,DK,3,3,2,0,0,0,7
I204465549,2022,Washington University in St. Louis,education,US,1,1,1,0,0,0,2
I204465549,2024,Washington University in St. Louis,education,US,2,2,0,0,0,0,3
I204465549,2025,Washington University in St. Louis,education,US,1,1,0,0,0,0,2
I204512498,2020,University of Macau,education,MO,1,1,1,1,1,0,1
I204512498,2022,University of Macau,education,MO,6,6,6,4,5,0,7
I204512498,2023,University of Macau,education,MO,4,4,4,1,2,0,11
I204512498,2024,University of Macau,education,MO,3,3,3,0,2,0,6
I204512498,2025,University of Macau,education,MO,13,11,11,4,6,1,23
I204722609,2021,Queen's University,education,CA,3,3,3,1,1,0,6
I204722609,2022,Queen's University,education,CA,1,1,1,0,1,0,2
I204722609,2024,Queen's University,education,CA,2,2,2,1,1,0,4
I204722609,2025,Queen's University,education,CA,2,2,2,0,0,0,2
I204730241,2025,Universit茅 Paris Cit茅,education,FR,2,1,1,0,0,0,1
I204778367,2024,Norwegian University of Science and Technology,education,NO,1,1,0,1,1,0,2
I204823248,2025,Huazhong Agricultural University,education,CN,1,1,0,1,1,0,1
I204831749,2024,Southwestern University of Finance and Economics,education,CN,1,1,0,0,0,0,1
I204831749,2025,Southwestern University of Finance and Economics,education,CN,1,1,0,0,1,0,4
I204983213,2020,Harbin Institute of Technology,education,CN,4,4,3,3,4,0,6
I204983213,2021,Harbin Institute of Technology,education,CN,11,7,2,4,7,2,8
I204983213,2022,Harbin Institute of Technology,education,CN,24,20,6,10,14,1,22
I204983213,2023,Harbin Institute of Technology,education,CN,21,19,11,10,15,0,26
I204983213,2024,Harbin Institute of Technology,education,CN,31,26,7,12,21,3,31
I204983213,2025,Harbin Institute of Technology,education,CN,77,64,33,22,41,2,60
I205237279,2020,Nankai University,education,CN,1,1,0,1,1,0,1
I205237279,2021,Nankai University,education,CN,4,3,1,2,3,0,5
I205237279,2022,Nankai University,education,CN,5,5,2,4,4,0,12
I205237279,2023,Nankai University,education,CN,2,1,1,0,1,1,4
I205237279,2024,Nankai University,education,CN,7,6,2,3,4,0,14
I205237279,2025,Nankai University,education,CN,8,8,4,3,5,1,22
I205274468,2021,Trinity College Dublin,education,IE,3,3,1,3,3,0,4
I205274468,2024,Trinity College Dublin,education,IE,1,1,0,0,0,0,1
I205274468,2025,Trinity College Dublin,education,IE,3,3,3,1,1,0,7
I20529979,2025,University of Electro-Communications,education,JP,2,1,0,1,1,0,3
I205349734,2024,Hokkaido University,education,JP,1,1,1,0,0,0,2
I205490536,2025,Dongguk University,education,KR,1,0,0,0,0,0,0
I205582932,2021,Max Delbr眉ck Center,facility,DE,1,1,0,0,1,0,2
I205783295,2020,Cornell University,education,US,5,3,0,1,3,0,2
I205783295,2021,Cornell University,education,US,5,3,1,1,2,0,5
I205783295,2022,Cornell University,education,US,5,5,0,1,2,0,8
I205783295,2023,Cornell University,education,US,7,6,2,4,4,0,12
I205783295,2024,Cornell University,education,US,6,4,1,2,3,0,7
I205783295,2025,Cornell University,education,US,9,7,6,2,5,1,58
I20581793,2023,University of Kent,education,GB,1,1,1,0,0,0,1
I206935292,2025,Shaqra University,education,SA,2,2,2,1,2,0,8
I206945453,2021,Paderborn University,education,DE,1,1,1,1,1,0,2
I206945453,2023,Paderborn University,education,DE,2,2,1,0,1,0,4
I207227095,2023,Nnamdi Azikiwe University,education,NG,1,1,1,1,1,0,23
I207789805,2020,Lahore University of Management Sciences,education,PK,1,0,0,0,0,0,0
I20942203,2024,Hainan University,education,CN,1,1,0,0,0,0,2
I20942203,2025,Hainan University,education,CN,1,1,1,0,0,0,2
I21193070,2021,Beijing Jiaotong University,education,CN,4,3,0,3,3,0,2
I21193070,2022,Beijing Jiaotong University,education,CN,6,6,0,6,6,0,2
I21193070,2023,Beijing Jiaotong University,education,CN,6,5,1,4,5,1,8
I21193070,2024,Beijing Jiaotong University,education,CN,4,3,1,1,2,0,5
I21193070,2025,Beijing Jiaotong University,education,CN,17,16,5,11,13,1,37
I21250087,2021,Charles University,education,CZ,3,0,0,0,0,0,0
I21250087,2022,Charles University,education,CZ,3,2,2,0,0,0,2
I21250087,2023,Charles University,education,CZ,3,1,1,0,1,0,3
I21250087,2024,Charles University,education,CZ,1,1,1,0,0,0,1
I21250087,2025,Charles University,education,CZ,1,1,1,1,1,0,6
I212738717,2025,Dwarkadas J. Sanghvi College of Engineering,education,IN,1,1,0,0,0,0,4
I21449261,2023,Masaryk University,education,CZ,2,0,0,0,0,0,0
I21491767,2024,Aix-Marseille Universit茅,education,FR,1,1,1,0,1,0,3
I219193219,2020,Purdue University West Lafayette,education,US,1,0,0,0,0,0,0
I219193219,2021,Purdue University West Lafayette,education,US,2,0,0,0,0,0,0
I219193219,2022,Purdue University West Lafayette,education,US,3,2,1,1,2,0,4
I219193219,2023,Purdue University West Lafayette,education,US,3,3,3,1,1,0,8
I219193219,2024,Purdue University West Lafayette,education,US,7,6,3,4,4,0,10
I219193219,2025,Purdue University West Lafayette,education,US,7,4,0,0,0,0,12
I22265921,2024,National Central University,education,TW,1,1,0,0,1,1,2
I22299242,2021,Kyoto University,education,JP,1,1,1,0,0,0,1
I22299242,2022,Kyoto University,education,JP,1,1,1,0,0,0,1
I22299242,2023,Kyoto University,education,JP,4,4,2,0,1,0,6
I22299242,2025,Kyoto University,education,JP,7,6,3,3,5,0,11
I223532165,2021,University of Utah,education,US,1,1,0,1,1,0,1
I223532165,2022,University of Utah,education,US,2,1,1,1,1,0,3
I223532165,2023,University of Utah,education,US,4,3,1,2,3,0,6
I223532165,2024,University of Utah,education,US,2,2,1,0,1,0,5
I223532165,2025,University of Utah,education,US,4,4,2,0,1,0,10
I22465464,2022,University of M眉nster,education,DE,1,1,1,0,0,0,1
I22465464,2025,University of M眉nster,education,DE,1,1,1,0,0,0,3
I2250650973,2020,Samsung,company,KR,3,3,3,3,3,0,3
I2250650973,2021,Samsung,company,KR,4,2,2,2,2,0,3
I2250650973,2022,Samsung,company,KR,4,2,2,1,1,0,3
I2250650973,2023,Samsung,company,KR,4,1,0,1,1,0,1
I2250650973,2024,Samsung,company,KR,8,7,7,7,7,0,44
I2250650973,2025,Samsung,company,KR,8,4,2,3,3,0,4
I2250653659,2020,Tencent,company,CN,15,13,6,13,13,0,16
I2250653659,2021,Tencent,company,CN,28,26,4,24,24,3,23
I2250653659,2022,Tencent,company,CN,42,38,18,37,38,2,60
I2250653659,2023,Tencent,company,CN,35,33,14,33,33,1,37
I2250653659,2024,Tencent,company,CN,40,37,15,36,37,3,49
I2250653659,2025,Tencent,company,CN,45,42,20,42,42,3,62
I2250955327,2020,Huawei Technologies,company,CN,3,2,0,2,2,1,3
I2250955327,2021,Huawei Technologies,company,CN,11,10,7,10,10,0,12
I2250955327,2022,Huawei Technologies,company,CN,17,17,9,16,17,0,19
I2250955327,2023,Huawei Technologies,company,CN,26,23,8,20,22,0,32
I2250955327,2024,Huawei Technologies,company,CN,18,18,12,16,18,0,48
I2250955327,2025,Huawei Technologies,company,CN,43,42,24,42,42,0,41
I2251713219,2025,NTT,company,JP,1,0,0,0,0,0,0
I227486990,2022,University of Szeged,education,HU,1,0,0,0,0,0,0
I2277624104,2021,Fondazione Bruno Kessler,facility,IT,4,3,1,1,3,0,5
I2277624104,2022,Fondazione Bruno Kessler,facility,IT,1,1,0,0,1,0,1
I2277624104,2023,Fondazione Bruno Kessler,facility,IT,4,4,0,0,4,0,1
I2277624104,2024,Fondazione Bruno Kessler,facility,IT,7,5,2,1,5,0,6
I2277624104,2025,Fondazione Bruno Kessler,facility,IT,5,4,4,1,4,0,51
I2279609970,2024,Universit茅 de Lille,education,FR,1,0,0,0,0,0,0
I23171815,2022,Zhengzhou University of Light Industry,education,CN,1,1,1,0,1,0,4
I233772129,2025,Dhaka International University,education,BD,1,1,0,1,1,0,2
I23632641,2025,Shanghai University of Electric Power,education,CN,1,1,0,1,1,0,3
I238035932,2024,Indira Gandhi Institute of Medical Sciences,education,IN,1,1,0,0,0,0,1
I23923803,2024,University of Exeter,education,GB,1,0,0,0,0,0,0
I23923803,2025,University of Exeter,education,GB,4,4,4,0,3,1,20
I23946033,2025,University of Tehran,education,IR,1,0,0,0,0,0,0
I241749,2020,University of Cambridge,education,GB,7,6,4,3,3,0,11
I241749,2021,University of Cambridge,education,GB,17,12,9,7,9,0,17
I241749,2022,University of Cambridge,education,GB,12,7,7,2,3,0,11
I241749,2023,University of Cambridge,education,GB,13,9,8,5,5,0,12
I241749,2024,University of Cambridge,education,GB,24,15,14,5,9,0,57
I241749,2025,University of Cambridge,education,GB,33,29,23,9,16,0,49
I24185976,2020,Sichuan University,education,CN,1,1,1,1,1,0,2
I24185976,2021,Sichuan University,education,CN,1,1,1,0,0,0,2
I24185976,2022,Sichuan University,education,CN,2,2,2,1,1,0,3
I24185976,2023,Sichuan University,education,CN,4,2,2,0,1,1,6
I24185976,2024,Sichuan University,education,CN,8,8,5,2,4,1,12
I24185976,2025,Sichuan University,education,CN,6,5,4,1,2,2,11
I24354313,2025,University of Buenos Aires,education,AR,1,1,1,0,0,0,1
I24541011,2022,Soonchunhyang University,education,KR,1,1,0,0,0,0,1
I24603500,2020,University of Massachusetts Amherst,education,US,5,3,1,1,2,0,4
I24603500,2021,University of Massachusetts Amherst,education,US,17,14,2,9,11,0,20
I24603500,2022,University of Massachusetts Amherst,education,US,15,11,3,4,8,2,33
I24603500,2023,University of Massachusetts Amherst,education,US,4,4,1,2,3,0,7
I24603500,2024,University of Massachusetts Amherst,education,US,11,10,4,3,6,0,11
I24603500,2025,University of Massachusetts Amherst,education,US,13,10,3,3,6,1,25
I24676775,2022,Indian Institute of Technology Madras,facility,IN,4,4,4,3,4,1,24
I24676775,2023,Indian Institute of Technology Madras,facility,IN,4,4,3,1,4,0,8
I24676775,2024,Indian Institute of Technology Madras,facility,IN,2,2,2,1,2,0,5
I24676775,2025,Indian Institute of Technology Madras,facility,IN,5,5,3,1,5,0,10
I24768866,2023,Bulgarian Academy of Sciences,government,BG,1,1,1,1,1,1,6
I24943067,2020,Fudan University,education,CN,9,5,2,3,3,0,6
I24943067,2021,Fudan University,education,CN,11,5,3,3,5,0,8
I24943067,2022,Fudan University,education,CN,21,17,7,13,15,0,21
I24943067,2023,Fudan University,education,CN,28,20,5,16,20,0,26
I24943067,2024,Fudan University,education,CN,43,37,22,11,29,1,104
I24943067,2025,Fudan University,education,CN,66,61,17,26,48,1,74
I25217355,2025,University of Pavia,education,IT,1,1,1,0,1,0,2
I25254941,2020,Beijing Normal University,education,CN,1,1,1,0,1,1,1
I25254941,2024,Beijing Normal University,education,CN,1,1,0,1,1,1,3
I25254941,2025,Beijing Normal University,education,CN,2,2,0,1,1,1,4
I25757504,2025,China University of Mining and Technology,education,CN,1,1,1,1,1,0,5
I25846049,2023,National Tsing Hua University,education,TW,1,1,1,1,1,0,7
I25846049,2025,National Tsing Hua University,education,TW,2,2,1,1,2,0,5
I258800397,2025,New York University Shanghai,education,CN,2,2,0,0,1,0,6
I25974101,2022,University of W眉rzburg,education,DE,3,3,3,1,1,0,2
I25974101,2023,University of W眉rzburg,education,DE,3,3,2,1,1,0,4
I25974101,2024,University of W眉rzburg,education,DE,4,1,0,0,1,0,1
I25974101,2025,University of W眉rzburg,education,DE,4,4,1,0,0,0,5
I26072440,2025,Indian Institute of Information Technology Allahabad,education,IN,1,1,1,1,1,0,9
I26120043,2022,Ochanomizu University,education,JP,1,1,0,0,1,1,2
I2613432,2021,University of South Florida,education,US,1,0,0,0,0,0,0
I2613432,2025,University of South Florida,education,US,2,1,0,1,1,0,2
I2614128279,2025,Dalle Molle Institute for Artificial Intelligence Research,facility,CH,1,1,1,0,1,0,1
I2656126,2025,University of Havana,education,CU,1,1,1,0,0,0,2
I26805570,2022,Jomo Kenyatta University of Agriculture and Technology,education,KE,1,1,1,1,1,1,27
I2722730,2023,Inner Mongolia University,education,CN,1,0,0,0,0,0,0
I2722730,2025,Inner Mongolia University,education,CN,6,5,1,1,1,0,6
I27357992,2020,Dalian University of Technology,education,CN,1,0,0,0,0,0,0
I27357992,2022,Dalian University of Technology,education,CN,2,2,0,1,1,0,4
I27357992,2023,Dalian University of Technology,education,CN,4,2,0,0,1,0,3
I27357992,2024,Dalian University of Technology,education,CN,1,1,0,0,0,0,2
I27357992,2025,Dalian University of Technology,education,CN,4,3,0,2,2,0,6
I27577105,2022,University College Cork,education,IE,1,1,1,0,1,0,1
I27674431,2023,Indian Institute of Technology Gandhinagar,education,IN,1,1,1,0,0,0,3
I27674431,2025,Indian Institute of Technology Gandhinagar,education,IN,1,1,1,0,0,0,1
I277688954,2020,Universit茅 Paris-Saclay,education,FR,1,1,0,1,1,0,1
I277688954,2021,Universit茅 Paris-Saclay,education,FR,2,1,0,1,1,0,2
I277688954,2022,Universit茅 Paris-Saclay,education,FR,2,2,1,1,1,0,2
I277688954,2023,Universit茅 Paris-Saclay,education,FR,2,2,0,1,1,0,3
I277688954,2024,Universit茅 Paris-Saclay,education,FR,2,2,1,0,2,1,6
I277688954,2025,Universit茅 Paris-Saclay,education,FR,2,1,1,1,1,0,44
I27804330,2020,Brown University,education,US,1,0,0,0,0,0,0
I27804330,2022,Brown University,education,US,1,1,1,1,1,0,2
I27804330,2023,Brown University,education,US,2,2,1,2,2,0,14
I27804330,2024,Brown University,education,US,6,4,4,2,3,0,40
I27804330,2025,Brown University,education,US,7,6,6,3,3,0,59
I27837315,2020,University of Michigan鈥揂nn Arbor,education,US,5,2,2,1,1,0,4
I27837315,2021,University of Michigan鈥揂nn Arbor,education,US,11,6,2,1,3,0,11
I27837315,2022,University of Michigan鈥揂nn Arbor,education,US,12,6,6,1,1,0,6
I27837315,2023,University of Michigan鈥揂nn Arbor,education,US,13,11,8,6,6,0,14
I27837315,2024,University of Michigan鈥揂nn Arbor,education,US,17,11,8,5,5,0,18
I27837315,2025,University of Michigan鈥揂nn Arbor,education,US,26,17,11,4,5,0,28
I2799691083,2025,University of Arkansas System,education,US,2,1,0,0,0,0,2
I2799803557,2025,Barcelona Supercomputing Center,facility,ES,3,3,3,1,3,1,18
I2799899675,2024,Central Conservatory of Music,education,CN,1,1,0,1,1,0,2
I2800278093,2021,Sony Corporation,company,US,1,1,0,1,1,0,2
I2800804238,2025,Fraunhofer Institute for Open Communication Systems,facility,DE,1,1,1,0,1,0,3
I2801398864,2025,Saxion University of Applied Sciences,education,NL,1,1,1,1,1,0,44
I2801481043,2025,Jiangsu Ocean University,education,CN,1,1,0,1,1,0,1
I2802194831,2024,Samsung Medical Center,healthcare,KR,1,1,0,0,1,0,2
I2802408685,2025,Tan Tock Seng Hospital,healthcare,SG,1,1,1,0,1,0,3
I2802755631,2025,Morgan Stanley,company,US,1,1,1,1,1,0,6
I2802835388,2025,Seoul National University Hospital,healthcare,KR,1,1,0,1,1,0,2
I2803209242,2020,University of California System,education,US,2,2,0,1,1,0,3
I2803209242,2024,University of California System,education,US,2,2,2,2,2,1,43
I28046988,2024,Kwame Nkrumah University of Science and Technology,education,GH,1,1,1,1,1,1,35
I28166907,2023,Karolinska Institutet,education,SE,1,1,1,1,1,0,5
I2818286,2024,LG,company,US,1,1,0,1,1,0,2
I28290843,2021,University of Surrey,education,GB,1,1,1,0,0,0,1
I28290843,2022,University of Surrey,education,GB,1,1,1,1,1,0,2
I28290843,2023,University of Surrey,education,GB,4,4,2,0,1,0,5
I28290843,2024,University of Surrey,education,GB,2,2,2,0,1,0,7
I28290843,2025,University of Surrey,education,GB,1,1,1,1,1,0,2
I28407311,2020,University of Manchester,education,GB,1,1,1,0,1,1,2
I28407311,2022,University of Manchester,education,GB,2,2,2,0,2,1,6
I28407311,2023,University of Manchester,education,GB,8,8,6,1,4,0,22
I28407311,2024,University of Manchester,education,GB,8,7,7,3,6,0,14
I28407311,2025,University of Manchester,education,GB,14,14,13,6,10,2,49
I28490864,2020,DSO National Laboratories,nonprofit,SG,1,1,1,0,1,0,2
I28490864,2023,DSO National Laboratories,nonprofit,SG,1,1,0,0,1,0,1
I28777354,2024,Sejong University,education,KR,1,1,0,0,0,0,2
I28777354,2025,Sejong University,education,KR,1,1,0,0,0,0,1
I2960094004,2025,Hospital General Universitario Gregorio Mara?贸n,healthcare,ES,1,1,1,0,1,0,3
I29617571,2021,University of Indonesia,education,ID,1,1,1,1,1,0,4
I29617571,2024,University of Indonesia,education,ID,1,1,1,1,1,0,32
I2964261176,2025,Calvin University,education,KR,1,1,1,0,0,0,2
I29680605,2025,Morgridge Institute for Research,nonprofit,US,1,1,0,0,1,0,1
I3004594783,2021,Institute of High Performance Computing,facility,SG,1,1,0,0,1,0,1
I3005327000,2020,Institute for Infocomm Research,facility,SG,2,2,2,2,2,0,3
I3005327000,2021,Institute for Infocomm Research,facility,SG,2,1,1,1,1,0,2
I3005327000,2022,Institute for Infocomm Research,facility,SG,2,2,2,2,2,0,2
I3005327000,2023,Institute for Infocomm Research,facility,SG,2,2,1,1,2,0,5
I3005327000,2024,Institute for Infocomm Research,facility,SG,6,6,3,2,6,0,7
I3005327000,2025,Institute for Infocomm Research,facility,SG,3,3,2,1,3,1,6
I3006985408,2023,Jo?ef Stefan Institute,facility,SI,1,1,1,0,1,0,2
I3006985408,2024,Jo?ef Stefan Institute,facility,SI,1,1,1,1,1,1,14
I3017851245,2024,Polish-Japanese Academy of Information Technology,education,PL,1,1,1,0,1,0,2
I3017851245,2025,Polish-Japanese Academy of Information Technology,education,PL,2,2,2,0,1,0,2
I3018263800,2024,Huzhou University,education,CN,1,1,0,0,1,0,3
I3020440027,2025,University of Tyumen,education,RU,1,1,0,0,1,0,5
I3045169105,2020,Southern University of Science and Technology,education,CN,1,1,1,1,1,0,2
I3045169105,2022,Southern University of Science and Technology,education,CN,3,3,3,2,3,0,8
I3045169105,2023,Southern University of Science and Technology,education,CN,3,3,2,1,1,0,7
I3045169105,2024,Southern University of Science and Technology,education,CN,3,3,2,1,1,0,7
I3045169105,2025,Southern University of Science and Technology,education,CN,6,6,5,4,6,0,23
I307268238,2024,Kaduna State University,education,NG,1,1,1,1,1,1,35
I30809798,2021,ShanghaiTech University,education,CN,3,3,1,1,3,3,6
I30809798,2022,ShanghaiTech University,education,CN,1,0,0,0,0,0,0
I30809798,2023,ShanghaiTech University,education,CN,3,1,0,0,1,1,2
I30809798,2024,ShanghaiTech University,education,CN,6,3,1,2,2,0,4
I30809798,2025,ShanghaiTech University,education,CN,5,4,1,2,2,0,8
I31151848,2023,Technical University of Sofia,education,BG,1,1,1,1,1,0,7
I3124059619,2023,China University of Geosciences,education,CN,1,1,1,0,1,0,3
I3124059619,2025,China University of Geosciences,education,CN,1,1,0,1,1,1,4
I3124704065,2025,University of Kurdistan,education,IR,1,1,1,0,0,0,11
I3129450392,2021,West Bengal National University of Juridical Sciences,education,IN,1,1,0,0,0,0,2
I312958679,2024,National University of Science and Technology,education,ZW,1,1,1,0,1,0,4
I312958679,2025,National University of Science and Technology,education,ZW,3,3,3,1,2,0,6
I3130074995,2024,Technical University of Applied Sciences W眉rzburg-Schweinfurt,education,DE,1,1,1,0,1,0,3
I3132684365,2025,University of Halabja,education,IQ,1,1,1,0,0,0,11
I3133055985,2020,Westlake University,education,CN,5,5,1,4,4,2,10
I3133055985,2021,Westlake University,education,CN,2,2,0,2,2,0,3
I3133055985,2022,Westlake University,education,CN,3,3,1,2,2,0,5
I3133055985,2023,Westlake University,education,CN,11,10,7,7,7,1,13
I3133055985,2024,Westlake University,education,CN,7,7,5,4,4,0,16
I3133055985,2025,Westlake University,education,CN,12,12,5,4,7,0,23
I3141073880,2022,Sofia University,education,US,1,1,1,0,0,0,3
I3141073880,2023,Sofia University,education,US,1,1,1,1,1,1,6
I31512782,2020,Technical University of Darmstadt,education,DE,4,0,0,0,0,0,0
I31512782,2021,Technical University of Darmstadt,education,DE,6,4,3,2,2,0,5
I31512782,2022,Technical University of Darmstadt,education,DE,6,4,4,2,4,0,8
I31512782,2023,Technical University of Darmstadt,education,DE,6,5,5,3,4,0,12
I31512782,2024,Technical University of Darmstadt,education,DE,17,13,13,2,7,0,17
I31512782,2025,Technical University of Darmstadt,education,DE,17,14,12,1,5,0,22
I31746571,2020,UNSW Sydney,education,AU,1,1,1,0,0,0,1
I31746571,2022,UNSW Sydney,education,AU,1,1,1,1,1,0,3
I31746571,2024,UNSW Sydney,education,AU,2,2,2,0,1,0,4
I31746571,2025,UNSW Sydney,education,AU,8,8,7,4,6,2,19
I32062511,2023,Heriot-Watt University,education,GB,1,1,0,1,1,0,1
I32062511,2024,Heriot-Watt University,education,GB,6,3,1,1,1,0,4
I32062511,2025,Heriot-Watt University,education,GB,5,4,4,1,2,0,56
I32389192,2025,University of Alabama at Birmingham,education,US,1,1,1,1,1,0,1
I32574673,2024,Shantou University,education,CN,1,1,0,0,0,0,1
I32574673,2025,Shantou University,education,CN,4,4,1,0,4,1,8
I32597200,2022,Ghent University,education,BE,1,1,0,0,1,0,1
I32597200,2024,Ghent University,education,BE,1,1,1,0,0,0,2
I32597200,2025,Ghent University,education,BE,1,1,1,0,1,0,5
I32971472,2021,Yale University,education,US,2,2,1,1,2,0,5
I32971472,2022,Yale University,education,US,9,8,3,5,5,0,9
I32971472,2023,Yale University,education,US,9,9,7,4,8,1,34
I32971472,2024,Yale University,education,US,5,4,2,1,3,0,10
I32971472,2025,Yale University,education,US,22,20,13,13,17,0,74
I33213144,2020,University of Florida,education,US,1,1,1,1,1,0,2
I33213144,2022,University of Florida,education,US,1,1,0,0,1,0,1
I33213144,2023,University of Florida,education,US,1,1,1,0,0,0,2
I33213144,2024,University of Florida,education,US,1,0,0,0,0,0,0
I33213144,2025,University of Florida,education,US,3,2,1,1,1,0,11
I33256026,2020,German Research Centre for Artificial Intelligence,nonprofit,DE,3,3,3,3,3,0,3
I33256026,2022,German Research Centre for Artificial Intelligence,nonprofit,DE,2,1,1,0,1,0,2
I33256026,2023,German Research Centre for Artificial Intelligence,nonprofit,DE,5,4,1,0,4,0,5
I33256026,2024,German Research Centre for Artificial Intelligence,nonprofit,DE,1,1,1,0,1,0,1
I33256026,2025,German Research Centre for Artificial Intelligence,nonprofit,DE,4,4,3,0,4,0,18
I33278361,2023,University of Zambia,education,ZM,1,1,1,0,0,0,1
I33434090,2022,University of Massachusetts Boston,education,US,1,1,1,1,1,0,3
I33434090,2023,University of Massachusetts Boston,education,US,1,1,1,1,1,0,2
I33434090,2024,University of Massachusetts Boston,education,US,3,2,1,1,1,0,3
I33434090,2025,University of Massachusetts Boston,education,US,1,1,1,0,0,0,3
I33586908,2025,Pandit Deendayal Energy University,education,IN,1,1,0,0,0,0,4
I33800924,2024,Academy of Romanian Scientists,facility,RO,1,1,1,0,1,0,4
I34352273,2022,Maastricht University,education,NL,1,0,0,0,0,0,0
I34352273,2023,Maastricht University,education,NL,2,2,2,1,2,0,2
I34352273,2025,Maastricht University,education,NL,2,1,1,0,1,0,5
I35440088,2020,ETH Zurich,education,CH,5,5,5,1,1,0,10
I35440088,2021,ETH Zurich,education,CH,3,3,3,1,1,0,3
I35440088,2022,ETH Zurich,education,CH,10,8,7,0,3,0,13
I35440088,2023,ETH Zurich,education,CH,12,10,8,3,8,0,31
I35440088,2024,ETH Zurich,education,CH,19,14,13,4,7,0,22
I35440088,2025,ETH Zurich,education,CH,23,22,21,4,13,0,59
I35722693,2024,University of Hawaii at Hilo,education,US,1,1,1,0,0,0,2
I35928602,2025,Kyung Hee University,education,KR,1,1,0,1,1,0,3
I36234482,2025,University of Bristol,education,GB,2,2,1,0,0,0,2
I36258959,2020,"University of California, San Diego",education,US,4,3,1,2,2,0,5
I36258959,2021,"University of California, San Diego",education,US,7,7,3,5,5,0,7
I36258959,2022,"University of California, San Diego",education,US,16,11,6,4,4,0,22
I36258959,2023,"University of California, San Diego",education,US,14,10,5,7,8,1,19
I36258959,2024,"University of California, San Diego",education,US,15,11,3,5,7,0,21
I36258959,2025,"University of California, San Diego",education,US,21,19,10,9,13,1,74
I36353753,2025,Central University,education,GH,1,1,0,0,1,0,1
I36399199,2020,Nanjing University of Science and Technology,education,CN,2,2,2,1,2,0,3
I36399199,2021,Nanjing University of Science and Technology,education,CN,1,1,1,1,1,0,4
I36399199,2022,Nanjing University of Science and Technology,education,CN,3,2,1,2,2,0,3
I36399199,2023,Nanjing University of Science and Technology,education,CN,3,2,1,1,1,0,4
I36399199,2024,Nanjing University of Science and Technology,education,CN,2,1,0,0,1,1,2
I36399199,2025,Nanjing University of Science and Technology,education,CN,3,3,1,1,2,2,5
I368840534,2023,University of Mississippi,education,US,2,2,1,0,1,0,4
I37448385,2022,China People's Public Security University,education,CN,1,1,0,0,1,0,3
I37461747,2020,Wuhan University,education,CN,6,4,3,2,2,0,9
I37461747,2021,Wuhan University,education,CN,2,1,0,0,0,0,1
I37461747,2022,Wuhan University,education,CN,4,2,1,0,0,0,3
I37461747,2023,Wuhan University,education,CN,5,5,4,1,1,0,9
I37461747,2024,Wuhan University,education,CN,10,9,7,3,4,0,20
I37461747,2025,Wuhan University,education,CN,32,31,12,12,15,1,36
I37796252,2022,Beijing University of Technology,education,CN,1,1,0,0,1,1,2
I37796252,2023,Beijing University of Technology,education,CN,2,2,2,0,1,0,5
I37796252,2025,Beijing University of Technology,education,CN,2,2,1,1,1,0,4
I37987034,2024,Guangzhou University,education,CN,1,1,1,0,0,0,2
I37987034,2025,Guangzhou University,education,CN,2,2,0,0,1,1,3
I38877650,2024,Zhengzhou University,education,CN,1,1,0,0,1,1,2
I38877650,2025,Zhengzhou University,education,CN,2,2,0,0,0,0,2
I39343248,2021,Humboldt-Universit?t zu Berlin,education,DE,2,1,0,0,1,0,2
I39343248,2025,Humboldt-Universit?t zu Berlin,education,DE,2,1,0,0,1,0,2
I39422238,2020,University of Illinois Chicago,education,US,3,2,1,1,1,0,3
I39422238,2021,University of Illinois Chicago,education,US,6,5,2,3,4,1,10
I39422238,2022,University of Illinois Chicago,education,US,8,3,1,1,1,1,4
I39422238,2023,University of Illinois Chicago,education,US,11,9,7,5,5,1,14
I39422238,2024,University of Illinois Chicago,education,US,13,10,6,4,5,0,32
I39422238,2025,University of Illinois Chicago,education,US,15,12,11,8,10,1,31
I39470171,2025,University of Ontario Institute of Technology,education,CA,3,3,2,0,2,0,12
I39534123,2022,Gwangju Institute of Science and Technology,education,KR,1,0,0,0,0,0,0
I39534123,2025,Gwangju Institute of Science and Technology,education,KR,2,0,0,0,0,0,0
I39555362,2021,University of Warwick,education,GB,2,1,0,0,1,0,1
I39555362,2022,University of Warwick,education,GB,3,3,2,0,3,0,5
I39555362,2023,University of Warwick,education,GB,2,2,0,0,2,0,2
I39555362,2024,University of Warwick,education,GB,2,2,1,1,2,0,3
I39555362,2025,University of Warwick,education,GB,2,2,1,1,1,0,6
I39587148,2025,Wichita State University,education,US,2,2,0,0,0,0,5
I39774598,2025,Hefei University,education,CN,1,1,0,0,0,0,2
I39804081,2020,Sorbonne Universit茅,education,FR,2,2,0,1,2,1,3
I39804081,2021,Sorbonne Universit茅,education,FR,4,4,2,3,4,3,7
I39804081,2023,Sorbonne Universit茅,education,FR,1,1,1,0,1,0,5
I39804081,2024,Sorbonne Universit茅,education,FR,2,2,1,1,1,1,15
I39804081,2025,Sorbonne Universit茅,education,FR,4,4,4,3,3,0,10
I40120149,2020,University of Oxford,education,GB,3,3,1,1,2,0,4
I40120149,2021,University of Oxford,education,GB,5,5,4,1,3,0,6
I40120149,2022,University of Oxford,education,GB,3,3,3,1,1,0,6
I40120149,2023,University of Oxford,education,GB,5,5,4,2,2,0,7
I40120149,2024,University of Oxford,education,GB,5,5,5,2,4,0,19
I40120149,2025,University of Oxford,education,GB,18,17,17,5,10,0,45
I40347166,2021,University of Chicago,education,US,2,1,0,0,0,0,2
I40347166,2022,University of Chicago,education,US,3,3,1,1,2,0,5
I40347166,2023,University of Chicago,education,US,4,3,2,2,2,0,6
I40347166,2024,University of Chicago,education,US,3,3,2,1,1,0,11
I40347166,2025,University of Chicago,education,US,7,7,6,1,3,1,14
I40434647,2024,Universit茅 Paris Nanterre,education,FR,1,1,1,0,1,1,7
I40542001,2025,University of Ulsan,education,KR,1,1,1,1,1,0,5
I40713646,2021,Goldman Sachs,company,US,1,1,1,1,1,0,1
I40713646,2024,Goldman Sachs,company,US,1,1,1,1,1,0,1
I40963666,2022,Central China Normal University,education,CN,1,1,0,0,1,0,3
I40963666,2023,Central China Normal University,education,CN,1,1,0,0,0,0,1
I40963666,2024,Central China Normal University,education,CN,1,1,0,0,0,0,1
I40963666,2025,Central China Normal University,education,CN,1,1,0,0,1,0,3
I41198531,2020,Nanjing University of Posts and Telecommunications,education,CN,1,1,1,0,0,0,1
I4210085861,2024,"CEA, List",government,FR,1,1,0,0,1,1,2
I4210085920,2025,Shanghai Institute for Science of Science,facility,CN,1,1,1,0,1,0,5
I4210087059,2024,Technology Innovation Institute,facility,AE,1,1,1,0,1,0,2
I4210087059,2025,Technology Innovation Institute,facility,AE,1,1,1,0,1,0,1
I4210087596,2024,Qualcomm,company,US,2,1,1,1,1,0,1
I4210087596,2025,Qualcomm,company,US,1,1,1,1,1,0,1
I4210087915,2024,Massachusetts General Hospital,healthcare,US,1,1,1,0,1,0,4
I4210087915,2025,Massachusetts General Hospital,healthcare,US,1,1,1,0,1,0,4
I4210089513,2025,Hyundai Card,company,KR,1,1,0,1,1,0,1
I4210089607,2024,CyberAgent,company,JP,1,0,0,0,0,0,0
I4210089607,2025,CyberAgent,company,JP,4,2,0,2,2,0,5
I4210089985,2024,Amazon,company,DE,1,1,1,1,1,0,2
I4210090176,2021,Institute of Computing Technology,facility,CN,2,2,1,2,2,0,5
I4210090176,2023,Institute of Computing Technology,facility,CN,1,1,0,0,1,0,1
I4210090176,2024,Institute of Computing Technology,facility,CN,5,5,2,3,5,0,10
I4210090176,2025,Institute of Computing Technology,facility,CN,2,2,0,0,2,1,2
I4210090344,2021,Fano Labs,company,CN,1,1,1,1,1,0,1
I4210090344,2022,Fano Labs,company,CN,1,1,1,1,1,0,2
I4210090411,2020,DeepMind,company,GB,3,3,3,2,3,0,10
I4210090411,2021,DeepMind,company,GB,5,5,5,4,5,0,12
I4210090411,2022,DeepMind,company,GB,4,3,3,3,3,0,9
I4210090411,2023,DeepMind,company,GB,3,3,3,3,3,0,4
I4210090411,2024,DeepMind,company,GB,8,8,8,8,8,0,31
I4210090411,2025,DeepMind,company,GB,7,7,7,7,7,0,15
I4210090971,2022,Southeast University,education,BD,2,1,1,0,0,0,2
I4210090971,2023,Southeast University,education,BD,2,2,2,1,2,0,5
I4210090971,2024,Southeast University,education,BD,3,3,3,2,2,0,10
I4210090971,2025,Southeast University,education,BD,13,10,10,2,5,0,21
I4210091137,2020,NetEase,company,CN,1,1,0,1,1,0,3
I4210091137,2021,NetEase,company,CN,1,1,1,1,1,0,1
I4210091137,2023,NetEase,company,CN,1,1,0,1,1,0,1
I4210091137,2025,NetEase,company,CN,2,2,2,2,2,0,6
I4210091279,2025,Universit茅 Sorbonne Paris Nord,education,FR,1,1,0,0,0,0,1
I4210091948,2022,SRH Hochschule Heidelberg,education,DE,1,1,1,0,0,0,1
I4210093282,2021,Institut de Rob貌tica i Inform脿tica Industrial,facility,ES,1,1,1,0,1,1,3
I4210093804,2025,Accenture,company,IE,1,1,1,1,1,0,7
I4210094894,2024,China Automotive Technology and Research Center,other,CN,1,1,0,0,1,0,2
I4210095624,2024,Alibaba Group,company,US,1,1,1,0,1,0,2
I4210096917,2020,Systran,company,FR,1,1,0,1,1,0,1
I4210096917,2022,Systran,company,FR,1,1,0,1,1,0,1
I4210097554,2020,Center for Excellence in Brain Science and Intelligence Technology,education,CN,1,1,0,1,1,0,3
I4210099586,2021,Shenzhen Research Institute of Big Data,education,CN,2,2,2,0,0,0,3
I4210099586,2023,Shenzhen Research Institute of Big Data,education,CN,1,1,0,1,1,0,2
I4210099586,2024,Shenzhen Research Institute of Big Data,education,CN,3,3,1,0,0,0,2
I4210099586,2025,Shenzhen Research Institute of Big Data,education,CN,5,5,2,0,2,0,9
I4210100255,2020,Beijing Academy of Artificial Intelligence,company,CN,1,1,0,1,1,0,3
I4210100255,2021,Beijing Academy of Artificial Intelligence,company,CN,2,2,0,2,2,0,3
I4210100255,2022,Beijing Academy of Artificial Intelligence,company,CN,14,14,1,14,14,3,12
I4210100255,2024,Beijing Academy of Artificial Intelligence,company,CN,14,14,5,12,14,5,56
I4210100255,2025,Beijing Academy of Artificial Intelligence,company,CN,12,12,6,12,12,0,25
I4210100453,2024,AMS,company,GB,2,2,2,1,2,0,4
I4210100615,2023,Centro Universitario de la Defensa,education,ES,1,1,0,0,0,0,1
I4210100628,2025,Elice,company,FR,1,1,1,1,1,0,1
I4210100953,2024,Xi'an University of Finance and Economics,education,CN,1,1,0,0,0,0,1
I4210101696,2025,SRI,nonprofit,US,1,1,0,0,1,0,1
I4210101898,2020,GESIS - Leibniz-Institute for the Social Sciences,facility,DE,1,1,0,0,1,0,1
I4210101898,2023,GESIS - Leibniz-Institute for the Social Sciences,facility,DE,1,1,1,0,1,0,4
I4210101898,2025,GESIS - Leibniz-Institute for the Social Sciences,facility,DE,3,3,0,0,3,0,4
I4210102195,2023,Mercator Institute for China Studies,other,DE,1,1,1,0,1,0,5
I4210103279,2021,IBM Research - India,facility,IN,3,3,1,0,3,0,3
I4210103279,2022,IBM Research - India,facility,IN,1,1,0,0,1,0,1
I4210103279,2023,IBM Research - India,facility,IN,3,3,1,0,3,0,4
I4210103279,2024,IBM Research - India,facility,IN,3,3,1,0,3,0,3
I4210103279,2025,IBM Research - India,facility,IN,2,2,1,0,2,0,3
I4210103330,2024,茅cole Normale Sup茅rieure,education,BI,1,1,1,0,1,0,6
I4210103396,2023,National Defense University,education,KH,1,1,1,0,0,0,1
I4210103432,2021,Smart Information Flow Technologies,company,US,1,1,1,1,1,0,1
I4210103820,2020,Autodesk,company,CA,2,2,2,2,2,0,1
I4210103986,2020,Jingdong (China),company,CN,4,1,1,1,1,0,2
I4210103986,2021,Jingdong (China),company,CN,4,4,2,4,4,1,9
I4210103986,2022,Jingdong (China),company,CN,7,5,3,4,4,0,9
I4210103986,2023,Jingdong (China),company,CN,8,7,6,7,7,0,17
I4210103986,2024,Jingdong (China),company,CN,1,1,0,1,1,0,1
I4210103986,2025,Jingdong (China),company,CN,2,2,1,2,2,1,5
I4210104143,2025,Advanced Telecommunications Research Institute International,facility,JP,1,1,0,0,1,0,6
I4210104622,2021,Intel,company,IL,1,1,0,1,1,0,1
I4210104622,2022,Intel,company,IL,1,1,0,1,1,0,1
I4210104622,2023,Intel,company,IL,2,2,1,2,2,0,3
I4210105160,2023,Asahi Shimbun Company,government,JP,1,1,0,0,1,0,1
I4210105160,2024,Asahi Shimbun Company,government,JP,1,1,0,0,1,0,1
I4210106108,2023,Xinjiang Technical Institute of Physics & Chemistry,facility,CN,1,1,0,0,1,0,1
I4210107353,2021,NEC (United States),company,US,2,1,0,1,1,0,2
I4210107353,2024,NEC (United States),company,US,2,2,2,2,2,0,5
I4210107720,2022,CentraleSup茅lec,facility,FR,1,1,0,0,1,0,2
I4210107720,2023,CentraleSup茅lec,facility,FR,2,2,1,0,2,0,7
I4210108177,2022,Zhejiang Police College,education,CN,1,1,0,0,0,0,3
I4210108177,2024,Zhejiang Police College,education,CN,1,1,0,0,0,0,1
I4210108451,2025,Palo Alto Networks,company,US,1,1,1,1,1,0,3
I4210108629,2025,Computer Network Information Center,facility,CN,1,1,1,0,1,0,2
I4210109712,2020,Max Planck Institute for Informatics,facility,DE,1,0,0,0,0,0,0
I4210109712,2021,Max Planck Institute for Informatics,facility,DE,1,0,0,0,0,0,0
I4210109712,2022,Max Planck Institute for Informatics,facility,DE,1,1,1,0,1,0,1
I4210109712,2025,Max Planck Institute for Informatics,facility,DE,2,2,0,0,2,0,2
I4210109871,2022,Khatam University,education,IR,1,1,1,0,0,0,2
I4210109871,2025,Khatam University,education,IR,1,1,1,0,0,0,1
I4210110280,2021,J.P. Morgan,other,GB,1,1,1,0,1,0,3
I4210110280,2022,J.P. Morgan,other,GB,1,1,1,0,1,0,1
I4210110652,2020,RIKEN,facility,JP,1,1,0,0,1,0,1
I4210110652,2021,RIKEN,facility,JP,1,1,0,1,1,0,3
I4210110652,2022,RIKEN,facility,JP,2,2,1,2,2,0,6
I4210110652,2025,RIKEN,facility,JP,8,8,3,2,8,0,12
I4210111119,2024,National Research Institute,other,US,1,1,1,0,1,0,2
I4210112067,2021,IBM,company,FR,2,2,0,2,2,0,3
I4210112098,2024,National University,education,US,1,1,1,0,0,0,1
I4210112150,2020,Institute of Automation,facility,CN,3,3,1,2,3,0,5
I4210112150,2021,Institute of Automation,facility,CN,4,4,0,4,4,0,5
I4210112150,2022,Institute of Automation,facility,CN,3,3,0,3,3,0,3
I4210112150,2023,Institute of Automation,facility,CN,2,2,0,1,2,1,3
I4210112150,2024,Institute of Automation,facility,CN,5,5,0,1,5,1,9
I4210112150,2025,Institute of Automation,facility,CN,11,11,4,3,11,2,19
I4210112962,2020,York University,education,US,1,1,1,1,1,0,2
I4210112962,2022,York University,education,US,2,2,2,2,2,0,2
I4210112962,2023,York University,education,US,1,1,1,0,0,0,1
I4210112962,2024,York University,education,US,1,1,1,1,1,0,4
I4210112962,2025,York University,education,US,1,1,1,0,1,0,1
I4210113297,2022,Google,company,GB,1,1,1,1,1,0,2
I4210113369,2020,Microsoft Research Asia,company,CN,10,10,6,10,10,0,12
I4210113369,2021,Microsoft Research Asia,company,CN,14,14,7,14,14,0,22
I4210113369,2022,Microsoft Research Asia,company,CN,28,27,12,25,25,1,29
I4210113369,2023,Microsoft Research Asia,company,CN,13,13,9,13,13,1,22
I4210113369,2024,Microsoft Research Asia,company,CN,11,11,7,11,11,1,21
I4210113369,2025,Microsoft Research Asia,company,CN,10,9,4,9,9,1,19
I4210113480,2021,Mohamed bin Zayed University of Artificial Intelligence,education,AE,1,1,1,0,0,0,1
I4210113480,2022,Mohamed bin Zayed University of Artificial Intelligence,education,AE,7,7,7,3,3,1,16
I4210113480,2023,Mohamed bin Zayed University of Artificial Intelligence,education,AE,14,13,13,9,10,1,45
I4210113480,2024,Mohamed bin Zayed University of Artificial Intelligence,education,AE,20,19,19,10,14,1,74
I4210113480,2025,Mohamed bin Zayed University of Artificial Intelligence,education,AE,45,42,40,14,24,1,126
I4210114444,2020,Meta,company,US,21,15,6,14,15,0,19
I4210114444,2021,Meta,company,US,25,24,12,23,24,1,29
I4210114444,2022,Meta,company,US,32,26,18,24,25,1,69
I4210114444,2023,Meta,company,US,40,34,18,32,33,2,46
I4210114444,2024,Meta,company,US,24,22,11,21,22,0,43
I4210114444,2025,Meta,company,US,21,21,10,21,21,1,43
I4210114522,2025,Institut Jean Nicod,facility,FR,1,1,0,0,1,0,1
I4210114681,2024,National Institute for Research & Development in Informatics,facility,RO,1,1,1,0,1,0,4
I4210115038,2023,Huawei Technologies,company,CA,1,1,0,1,1,0,1
I4210115038,2024,Huawei Technologies,company,CA,1,1,1,1,1,0,2
I4210115038,2025,Huawei Technologies,company,CA,1,0,0,0,0,0,0
I4210116551,2022,Western University,education,KH,1,1,1,0,1,0,3
I4210116741,2023,Innopolis University,education,RU,1,1,1,0,0,0,2
I4210116924,2025,"Chinese University of Hong Kong, Shenzhen",education,CN,1,1,1,1,1,0,2
I4210117382,2024,Anyang Normal University,education,CN,1,1,1,0,0,0,3
I4210117430,2025,National Institute for Japanese Language and Linguistics,other,JP,1,1,0,0,1,0,2
I4210117453,2024,Dana-Farber Cancer Institute,facility,US,1,1,1,1,1,0,4
I4210117523,2024,Samsung,company,GB,1,0,0,0,0,0,0
I4210117523,2025,Samsung,company,GB,2,2,2,1,1,0,3
I4210119109,2020,Indiana University Bloomington,education,US,2,2,2,2,2,0,3
I4210119109,2023,Indiana University Bloomington,education,US,1,1,1,1,1,0,5
I4210119109,2024,Indiana University Bloomington,education,US,1,1,1,1,1,0,3
I4210119109,2025,Indiana University Bloomington,education,US,2,1,0,1,1,0,2
I4210119759,2024,Essen University Hospital,healthcare,DE,1,1,1,0,1,0,5
I4210119759,2025,Essen University Hospital,healthcare,DE,2,2,1,2,2,0,5
I4210120471,2020,Instituto de Telecomunica??es,nonprofit,PT,2,2,1,1,2,0,6
I4210120471,2021,Instituto de Telecomunica??es,nonprofit,PT,1,1,0,0,1,0,2
I4210120471,2022,Instituto de Telecomunica??es,nonprofit,PT,4,4,3,2,4,1,9
I4210120471,2023,Instituto de Telecomunica??es,nonprofit,PT,3,3,3,1,3,0,8
I4210120471,2024,Instituto de Telecomunica??es,nonprofit,PT,1,1,1,0,1,0,3
I4210120471,2025,Instituto de Telecomunica??es,nonprofit,PT,5,4,3,1,4,0,50
I4210120485,2024,Academy of Mathematics and Systems Science,facility,CN,1,1,1,0,1,0,3
I4210120842,2025,Shenyang Institute of Computing Technology,company,CN,1,1,0,1,1,0,4
I4210121401,2025,iNtRON,company,KR,1,1,1,1,1,0,9
I4210121786,2024,Max Planck Institute for Software Systems,facility,DE,1,1,1,0,1,0,2
I4210121800,2021,Chan Zuckerberg Initiative,company,US,1,1,0,1,1,0,1
I4210122520,2023,Mental Health America,nonprofit,US,1,1,0,0,1,0,2
I4210122543,2023,Guangdong Polytechnic Normal University,education,CN,1,1,0,0,0,0,1
I4210122665,2024,Gist,company,CZ,1,1,1,1,1,0,3
I4210122954,2023,MIT Lincoln Laboratory,facility,US,1,1,1,0,1,0,3
I4210122954,2024,MIT Lincoln Laboratory,facility,US,1,1,1,0,1,0,1
I4210123185,2021,Zhejiang Lab,facility,CN,2,2,0,1,2,0,2
I4210123185,2022,Zhejiang Lab,facility,CN,1,1,0,1,1,0,3
I4210123185,2023,Zhejiang Lab,facility,CN,1,1,1,0,1,0,4
I4210123185,2025,Zhejiang Lab,facility,CN,6,6,2,2,6,0,11
I4210123409,2025,Mayo Clinic Health System,healthcare,US,1,1,0,0,1,0,1
I4210123447,2023,London Institute for Mathematical Sciences,education,GB,2,2,2,1,1,0,8
I4210123447,2025,London Institute for Mathematical Sciences,education,GB,1,1,1,0,1,0,3
I4210123934,2021,Amazon,company,GB,1,0,0,0,0,0,0
I4210123934,2022,Amazon,company,GB,1,1,0,1,1,0,1
I4210123934,2023,Amazon,company,GB,1,1,0,1,1,0,1
I4210124949,2020,Microsoft Research,company,IN,1,0,0,0,0,0,0
I4210124949,2021,Microsoft Research,company,IN,1,0,0,0,0,0,0
I4210124949,2022,Microsoft Research,company,IN,2,2,1,1,1,1,4
I4210124949,2023,Microsoft Research,company,IN,2,1,0,1,1,0,1
I4210124949,2024,Microsoft Research,company,IN,2,2,1,2,2,0,2
I4210124949,2025,Microsoft Research,company,IN,3,2,2,2,2,0,4
I4210125051,2024,Microsoft,company,IL,1,0,0,0,0,0,0
I4210126245,2024,Wikimedia Foundation,nonprofit,US,1,1,1,0,1,0,2
I4210126319,2025,Duke-NUS Medical School,education,SG,1,1,1,0,0,0,5
I4210126328,2023,IBM Research - Zurich,facility,CH,1,1,0,0,1,0,1
I4210126580,2020,RIKEN Center for Advanced Intelligence Project,facility,JP,2,2,1,1,2,0,6
I4210126580,2021,RIKEN Center for Advanced Intelligence Project,facility,JP,1,1,0,0,1,0,2
I4210126580,2022,RIKEN Center for Advanced Intelligence Project,facility,JP,3,3,0,0,3,0,5
I4210126580,2023,RIKEN Center for Advanced Intelligence Project,facility,JP,1,0,0,0,0,0,0
I4210126580,2024,RIKEN Center for Advanced Intelligence Project,facility,JP,1,1,1,0,1,0,3
I4210126580,2025,RIKEN Center for Advanced Intelligence Project,facility,JP,5,5,4,1,5,0,14
I4210126794,2020,IBM Research,facility,CN,2,2,2,0,2,0,2
I4210126794,2021,IBM Research,facility,CN,10,6,4,2,6,0,8
I4210126794,2022,IBM Research,facility,CN,6,5,5,1,5,0,9
I4210126794,2023,IBM Research,facility,CN,7,4,4,0,4,0,6
I4210126794,2024,IBM Research,facility,CN,6,6,6,2,6,0,8
I4210126794,2025,IBM Research,facility,CN,2,1,1,0,1,0,2
I4210126868,2024,University of Georgia,education,GE,2,2,2,0,0,0,5
I4210126868,2025,University of Georgia,education,GE,1,1,1,0,0,0,2
I4210127509,2020,Vector Institute,facility,CA,5,5,2,0,5,0,5
I4210127509,2021,Vector Institute,facility,CA,2,2,0,0,2,0,4
I4210127509,2022,Vector Institute,facility,CA,2,2,1,0,2,0,3
I4210127509,2023,Vector Institute,facility,CA,1,1,0,0,1,0,1
I4210127509,2024,Vector Institute,facility,CA,4,4,4,2,4,0,12
I4210127509,2025,Vector Institute,facility,CA,11,11,5,2,11,0,17
I4210127558,2020,Australian Centre for Robotic Vision,facility,AU,1,1,0,0,1,0,2
I4210127875,2020,Nvidia,company,US,2,2,1,2,2,0,2
I4210127875,2021,Nvidia,company,US,1,1,1,1,1,0,2
I4210127875,2022,Nvidia,company,US,8,8,6,8,8,0,9
I4210127875,2023,Nvidia,company,US,7,7,5,7,7,0,18
I4210127875,2024,Nvidia,company,US,11,9,7,9,9,0,18
I4210127875,2025,Nvidia,company,US,18,14,11,14,14,0,33
I4210128584,2020,The Alan Turing Institute,facility,GB,1,1,0,0,1,0,1
I4210128584,2021,The Alan Turing Institute,facility,GB,3,3,1,0,3,0,4
I4210128584,2022,The Alan Turing Institute,facility,GB,4,4,3,1,4,0,8
I4210128584,2023,The Alan Turing Institute,facility,GB,5,5,2,0,5,0,5
I4210128584,2024,The Alan Turing Institute,facility,GB,5,5,1,1,5,0,5
I4210128584,2025,The Alan Turing Institute,facility,GB,11,11,7,2,11,0,17
I4210128801,2023,Helmholtz Center for Information Security,facility,DE,1,1,1,0,1,0,1
I4210128801,2024,Helmholtz Center for Information Security,facility,DE,1,1,1,0,1,0,1
I4210128801,2025,Helmholtz Center for Information Security,facility,DE,2,1,1,1,1,0,5
I4210128818,2024,Institute of Software,facility,CN,2,2,0,1,2,0,3
I4210128818,2025,Institute of Software,facility,CN,2,2,2,0,2,0,6
I4210129527,2024,Cancer Research UK Manchester Institute,facility,GB,1,1,1,0,1,0,2
I4210129527,2025,Cancer Research UK Manchester Institute,facility,GB,2,2,2,0,2,0,2
I4210130112,2025,China Academy of Information and Communications Technology,facility,CN,1,1,0,1,1,0,2
I4210130712,2025,Europeana Foundation,nonprofit,NL,1,1,1,0,1,0,3
I4210131302,2025,National Institute of Technology,company,NO,1,1,1,1,1,0,1
I4210131320,2022,LG,company,KR,1,1,0,1,1,0,2
I4210131320,2023,LG,company,KR,6,5,3,5,5,0,5
I4210131320,2024,LG,company,KR,9,9,4,9,9,0,10
I4210131320,2025,LG,company,KR,9,9,8,9,9,0,13
I4210131560,2021,Universit茅 Mohammed VI Polytechnique,education,MA,1,1,1,0,0,0,1
I4210131560,2025,Universit茅 Mohammed VI Polytechnique,education,MA,2,2,2,2,2,0,6
I4210131846,2021,Artificial Intelligence Research Institute,facility,ES,1,1,1,1,1,0,4
I4210131846,2024,Artificial Intelligence Research Institute,facility,ES,1,1,1,0,1,0,1
I4210131846,2025,Artificial Intelligence Research Institute,facility,ES,1,1,1,0,1,0,2
I4210131870,2020,"Institute of Psychology, Chinese Academy of Sciences",facility,CN,1,1,0,1,1,0,2
I4210131918,2025,Lambda,education,GB,2,2,2,0,0,0,4
I4210132741,2025,Shanghai Tenth People's Hospital,healthcare,CN,1,1,1,0,1,0,1
I4210132770,2023,ISI Foundation,other,US,1,1,1,0,1,0,5
I4210133662,2025,Thomson Reuters,company,BR,1,1,1,1,1,0,2
I4210134091,2020,Yahoo (United States),company,US,1,1,0,1,1,0,3
I4210134091,2021,Yahoo (United States),company,US,1,1,0,1,1,0,1
I4210134189,2025,Xiamen University Malaysia,education,MY,3,3,3,1,1,0,8
I4210134673,2023,The Institute of Statistical Mathematics,facility,JP,1,1,0,0,1,0,1
I4210135521,2022,Max Planck Institute for Intelligent Systems,facility,DE,2,2,2,0,2,0,4
I4210135521,2024,Max Planck Institute for Intelligent Systems,facility,DE,1,1,1,0,1,0,2
I4210135521,2025,Max Planck Institute for Intelligent Systems,facility,DE,4,4,4,0,4,0,10
I4210135606,2025,National Research Center for Applied Cybersecurity ATHENE,facility,DE,1,1,0,0,0,0,1
I4210136004,2025,University of Bisha,education,SA,1,1,1,0,1,0,6
I4210136276,2025,NASK National Research Institute,facility,PL,3,3,2,0,3,1,5
I4210136328,2025,Max Planck Institute for Research on Collective Goods,facility,DE,1,1,1,0,1,0,7
I4210136793,2020,Peng Cheng Laboratory,facility,CN,2,2,0,1,2,0,3
I4210136793,2021,Peng Cheng Laboratory,facility,CN,6,6,1,2,6,2,8
I4210136793,2022,Peng Cheng Laboratory,facility,CN,13,13,1,7,13,0,17
I4210136793,2023,Peng Cheng Laboratory,facility,CN,8,8,3,3,8,0,10
I4210136793,2024,Peng Cheng Laboratory,facility,CN,14,14,3,4,14,3,22
I4210136793,2025,Peng Cheng Laboratory,facility,CN,38,38,17,15,38,0,54
I4210137034,2023,Bashpole Software,company,US,1,1,1,1,1,0,1
I4210137199,2022,Aerospace Information Research Institute,education,CN,1,1,0,1,1,0,2
I4210137693,2020,Siemens,company,US,1,1,1,1,1,0,1
I4210137693,2021,Siemens,company,US,3,3,3,3,3,0,3
I4210137929,2024,Lamsade,facility,FR,1,1,0,0,1,0,1
I4210139485,2022,Centre Marc Bloch,facility,DE,1,1,1,0,1,0,5
I4210141363,2021,Samsung,company,RU,1,1,1,1,1,0,4
I4210141802,2025,Korea Counseling Graduate University,education,KR,1,1,0,0,0,0,1
I4210141942,2023,Peking University Third Hospital,healthcare,CN,1,1,1,0,1,0,2
I4210142044,2022,VinUniversity,education,VN,1,1,1,0,0,0,2
I4210142044,2023,VinUniversity,education,VN,2,2,2,1,2,1,7
I4210142044,2025,VinUniversity,education,VN,1,1,1,0,0,0,1
I4210142128,2025,CSIRO Health and Biosecurity,facility,AU,1,0,0,0,0,0,0
I4210142583,2022,Snap,company,US,1,1,0,1,1,0,1
I4210142583,2024,Snap,company,US,4,4,1,4,4,0,7
I4210142583,2025,Snap,company,US,1,1,1,1,1,0,2
I4210143260,2025,Indira Gandhi Delhi Technical University for Women,education,IN,1,1,1,1,1,0,2
I4210143797,2022,Sony,company,JP,1,1,1,1,1,0,3
I4210143797,2023,Sony,company,JP,2,2,2,2,2,0,5
I4210143797,2024,Sony,company,JP,3,3,3,3,3,0,5
I4210143797,2025,Sony,company,JP,3,1,1,1,1,0,1
I4210144042,2020,Ministry of Education,government,KE,1,1,1,0,1,1,1
I4210144042,2022,Ministry of Education,government,KE,1,1,1,0,1,1,1
I4210144042,2023,Ministry of Education,government,KE,7,7,7,4,7,7,16
I4210144042,2024,Ministry of Education,government,KE,3,3,3,2,3,3,4
I4210144042,2025,Ministry of Education,government,KE,5,5,5,1,5,5,12
I4210144225,2020,Rakuten,company,US,1,0,0,0,0,0,0
I4210144576,2020,Fraunhofer Institute for Intelligent Analysis and Information Systems,facility,DE,1,1,0,0,1,0,2
I4210144576,2021,Fraunhofer Institute for Intelligent Analysis and Information Systems,facility,DE,1,1,0,0,1,0,3
I4210144576,2023,Fraunhofer Institute for Intelligent Analysis and Information Systems,facility,DE,1,1,1,0,1,0,4
I4210144576,2024,Fraunhofer Institute for Intelligent Analysis and Information Systems,facility,DE,1,1,0,0,1,0,3
I4210144576,2025,Fraunhofer Institute for Intelligent Analysis and Information Systems,facility,DE,1,1,1,0,1,0,5
I4210144839,2020,Hamad bin Khalifa University,education,QA,4,4,4,0,0,0,3
I4210144839,2021,Hamad bin Khalifa University,education,QA,3,3,3,1,2,0,5
I4210144839,2022,Hamad bin Khalifa University,education,QA,4,4,4,1,2,0,11
I4210144839,2023,Hamad bin Khalifa University,education,QA,2,2,1,1,1,0,3
I4210144839,2024,Hamad bin Khalifa University,education,QA,2,2,2,1,1,0,5
I4210144839,2025,Hamad bin Khalifa University,education,QA,2,1,1,0,0,0,1
I4210144925,2021,Technological University Dublin,education,IE,2,2,0,2,2,0,2
I4210145102,2021,Institut Polytechnique de Paris,education,FR,1,1,0,1,1,0,2
I4210145102,2022,Institut Polytechnique de Paris,education,FR,3,2,1,0,2,1,4
I4210145102,2023,Institut Polytechnique de Paris,education,FR,1,1,1,0,1,1,3
I4210145102,2024,Institut Polytechnique de Paris,education,FR,2,2,1,1,2,1,6
I4210145102,2025,Institut Polytechnique de Paris,education,FR,1,1,0,0,1,0,1
I4210145761,2024,Shenzhen Institutes of Advanced Technology,facility,CN,3,3,1,1,3,0,5
I4210145761,2025,Shenzhen Institutes of Advanced Technology,facility,CN,2,2,1,0,2,0,6
I4210145784,2024,IBM Research - Ireland,facility,IE,1,1,1,0,1,0,2
I4210145784,2025,IBM Research - Ireland,facility,IE,1,1,1,0,1,0,3
I4210146271,2021,Jinan University,education,LB,2,2,2,1,1,0,3
I4210146271,2022,Jinan University,education,LB,1,1,1,0,0,0,2
I4210146271,2023,Jinan University,education,LB,1,1,1,0,0,0,3
I4210146271,2024,Jinan University,education,LB,3,3,3,0,0,0,4
I4210146271,2025,Jinan University,education,LB,2,2,2,0,0,0,3
I4210147256,2021,National Library of Sweden,archive,SE,1,1,1,0,1,0,1
I4210147322,2021,Shanghai Institute of Microsystem and Information Technology,facility,CN,1,1,0,0,1,1,3
I4210149058,2023,IDEA,company,DE,1,1,1,1,1,0,3
I4210149153,2022,Linagora,company,FR,1,1,1,1,1,0,2
I4210152380,2025,Shenzhen Technology University,education,CN,1,1,1,0,0,0,4
I4210153049,2020,Vidyasirimedhi Institute of Science and Technology,education,TH,1,1,1,0,0,0,3
I4210153049,2022,Vidyasirimedhi Institute of Science and Technology,education,TH,2,1,0,1,1,0,2
I4210153049,2024,Vidyasirimedhi Institute of Science and Technology,education,TH,3,3,3,1,3,0,35
I4210153049,2025,Vidyasirimedhi Institute of Science and Technology,education,TH,3,3,1,1,3,0,6
I4210153322,2025,Trend Micro,company,JP,1,0,0,0,0,0,0
I4210153776,2021,Apple,company,US,1,1,0,1,1,0,1
I4210153776,2022,Apple,company,US,2,1,0,1,1,0,2
I4210153776,2023,Apple,company,US,3,1,0,1,1,0,2
I4210153776,2024,Apple,company,US,8,6,3,6,6,0,8
I4210153776,2025,Apple,company,US,10,9,3,6,8,1,14
I4210153830,2020,Azienda di Servizi alla Persona di Pavia (Italy),company,IT,1,0,0,0,0,0,0
I4210153830,2021,Azienda di Servizi alla Persona di Pavia (Italy),company,IT,3,2,2,2,2,0,3
I4210153830,2023,Azienda di Servizi alla Persona di Pavia (Italy),company,IT,1,1,1,1,1,0,3
I4210153853,2024,Fujitsu,company,GB,1,1,1,1,1,0,2
I4210155230,2020,Samsung,company,CN,1,1,0,1,1,0,3
I4210155236,2022,National Research Council,nonprofit,IT,1,1,1,0,1,0,2
I4210155236,2025,National Research Council,nonprofit,IT,1,1,1,0,1,0,13
I4210155268,2020,Salesforce,company,US,12,7,7,7,7,0,7
I4210155268,2021,Salesforce,company,US,7,7,6,7,7,1,11
I4210155268,2022,Salesforce,company,US,13,11,7,11,11,0,13
I4210155268,2023,Salesforce,company,US,13,9,6,9,9,1,12
I4210155268,2024,Salesforce,company,US,10,8,5,8,8,0,32
I4210155268,2025,Salesforce,company,US,12,9,4,9,9,0,57
I4210155350,2025,Purple Mountain Laboratories,facility,CN,2,2,2,1,2,0,7
I4210156054,2025,Athena Research and Innovation Center In Information Communication & Knowledge Technologies,facility,GR,1,1,1,1,1,0,3
I4210156165,2022,Lenovo,company,CN,3,3,1,3,3,0,4
I4210156165,2023,Lenovo,company,CN,1,1,1,1,1,0,2
I4210156165,2025,Lenovo,company,CN,1,0,0,0,0,0,0
I4210156221,2020,Allen Institute for Artificial Intelligence,nonprofit,US,23,23,7,3,23,0,22
I4210156221,2021,Allen Institute for Artificial Intelligence,nonprofit,US,23,23,10,3,23,0,21
I4210156221,2022,Allen Institute for Artificial Intelligence,nonprofit,US,30,29,13,10,29,1,50
I4210156221,2023,Allen Institute for Artificial Intelligence,nonprofit,US,23,23,10,5,23,0,31
I4210156221,2024,Allen Institute for Artificial Intelligence,nonprofit,US,35,34,20,11,34,1,99
I4210156221,2025,Allen Institute for Artificial Intelligence,nonprofit,US,14,14,8,6,14,0,31
I4210156404,2024,Institute of Information Engineering,facility,CN,1,1,1,1,1,0,3
I4210156404,2025,Institute of Information Engineering,facility,CN,1,1,0,1,1,0,2
I4210157195,2024,Jamhuriya University of Science and Technology,education,SO,1,1,1,1,1,1,35
I4210158522,2025,PLA Academy of Military Science,facility,CN,2,2,1,0,2,0,2
I4210159778,2021,National Research Council Canada,government,CA,1,1,1,1,1,1,3
I4210159778,2022,National Research Council Canada,government,CA,2,0,0,0,0,0,0
I4210159778,2025,National Research Council Canada,government,CA,1,1,1,0,1,0,1
I4210159968,2025,Duke Kunshan University,education,CN,1,1,1,0,0,0,4
I4210160618,2020,Huawei Technologies,company,GB,2,1,0,1,1,0,1
I4210160618,2022,Huawei Technologies,company,GB,1,0,0,0,0,0,0
I4210160618,2023,Huawei Technologies,company,GB,1,1,0,1,1,0,1
I4210160618,2025,Huawei Technologies,company,GB,1,1,0,1,1,0,1
I4210161401,2020,Criteo (France),company,FR,1,1,0,1,1,0,2
I4210161401,2021,Criteo (France),company,FR,1,1,0,1,1,0,2
I4210161401,2025,Criteo (France),company,FR,2,2,2,2,2,0,3
I4210161460,2020,OpenAI,company,US,1,1,1,1,1,0,3
I4210161460,2023,OpenAI,company,US,2,2,0,2,2,0,6
I4210161460,2024,OpenAI,company,US,1,1,0,1,1,0,2
I4210162141,2022,Microsoft,company,IN,2,2,1,1,1,1,3
I4210162141,2023,Microsoft,company,IN,4,4,3,1,3,0,8
I4210162141,2025,Microsoft,company,IN,3,1,1,1,1,0,3
I4210162190,2024,"China University of Petroleum, East China",education,CN,1,1,0,0,0,0,1
I4210162190,2025,"China University of Petroleum, East China",education,CN,1,1,1,0,1,0,5
I4210163111,2024,"Consejo Nacional de Humanidades, Ciencias y Tecnolog铆as",government,MX,1,1,1,0,1,1,3
I4210163153,2025,Johnson & Johnson,company,IN,1,1,1,1,1,0,3
I4210164122,2022,NEC,company,DE,1,1,1,1,1,0,2
I4210164122,2025,NEC,company,DE,2,1,1,1,1,0,3
I4210164565,2025,Mahindra University,education,IN,1,1,1,0,0,0,2
I4210164802,2020,Mila - Quebec Artificial Intelligence Institute,facility,CA,8,8,4,3,8,0,12
I4210164802,2021,Mila - Quebec Artificial Intelligence Institute,facility,CA,4,4,4,3,4,0,8
I4210164802,2022,Mila - Quebec Artificial Intelligence Institute,facility,CA,6,6,5,5,6,1,33
I4210164802,2023,Mila - Quebec Artificial Intelligence Institute,facility,CA,6,6,6,4,6,0,37
I4210164802,2024,Mila - Quebec Artificial Intelligence Institute,facility,CA,9,9,9,7,9,0,21
I4210164802,2025,Mila - Quebec Artificial Intelligence Institute,facility,CA,13,13,11,6,13,0,64
I4210164937,2023,Microsoft Research,company,GB,1,1,1,0,0,0,1
I4210165038,2020,University of Chinese Academy of Sciences,education,CN,8,8,0,6,8,6,9
I4210165038,2021,University of Chinese Academy of Sciences,education,CN,30,29,2,16,29,22,25
I4210165038,2022,University of Chinese Academy of Sciences,education,CN,22,22,2,14,22,17,46
I4210165038,2023,University of Chinese Academy of Sciences,education,CN,33,33,3,16,33,28,24
I4210165038,2024,University of Chinese Academy of Sciences,education,CN,52,52,9,24,50,40,47
I4210165038,2025,University of Chinese Academy of Sciences,education,CN,86,85,21,31,82,65,89
I4210165297,2024,Nile University of Nigeria,education,NG,1,1,1,0,1,1,7
I4210166566,2021,Preferred Networks,company,JP,1,1,0,1,1,0,1
I4210166615,2022,INESC TEC,nonprofit,PT,2,2,2,2,2,1,44
I4210166741,2023,University of Klagenfurt,education,AT,1,1,1,0,0,0,1
I4210166741,2024,University of Klagenfurt,education,AT,1,1,1,0,0,0,2
I4210166741,2025,University of Klagenfurt,education,AT,1,1,1,0,0,0,3
I4210166867,2024,National Applied Research Laboratories,government,TW,1,1,0,0,1,1,2
I4210167039,2022,ServiceNow,company,US,1,1,1,1,1,0,3
I4210167039,2023,ServiceNow,company,US,1,1,1,1,1,0,4
I4210167039,2024,ServiceNow,company,US,1,1,1,1,1,0,4
I4210167039,2025,ServiceNow,company,US,4,4,2,4,4,0,7
I4210167254,2025,Singapore-MIT Alliance for Research and Technology,education,SG,1,1,1,0,0,0,2
I4210167297,2025,IBM Research - Haifa,facility,IL,1,1,0,0,1,0,1
I42894916,2021,Data61,other,AU,1,1,0,0,1,0,1
I42894916,2023,Data61,other,AU,1,1,1,0,1,0,3
I42894916,2025,Data61,other,AU,4,4,3,4,4,0,7
I42934936,2020,Dublin City University,education,IE,3,3,3,2,2,0,3
I42934936,2021,Dublin City University,education,IE,2,1,1,1,1,0,2
I42934936,2022,Dublin City University,education,IE,1,1,1,1,1,0,3
I42934936,2025,Dublin City University,education,IE,1,1,1,0,1,0,2
I43313876,2025,Dalian Maritime University,education,CN,1,1,0,0,0,0,1
I43439940,2023,University of Southampton,education,GB,3,3,3,0,0,0,6
I43439940,2025,University of Southampton,education,GB,2,2,2,1,1,0,7
I43545212,2022,Ehime University,education,JP,1,1,0,0,0,0,2
I43545212,2023,Ehime University,education,JP,1,1,0,0,0,0,1
I4385474403,2025,Changchun University of Technology,education,CN,1,1,1,0,0,0,3
I4387152154,2025,Japanese-French Laboratory for Informatics,facility,FR,1,1,0,0,1,0,1
I4387152517,2020,Instituto Superior T茅cnico,education,PT,2,2,1,1,2,0,6
I4387152517,2021,Instituto Superior T茅cnico,education,PT,1,1,0,0,1,0,2
I4387152517,2022,Instituto Superior T茅cnico,education,PT,3,3,3,2,3,1,7
I4387152517,2023,Instituto Superior T茅cnico,education,PT,3,3,3,1,3,0,8
I4387152517,2024,Instituto Superior T茅cnico,education,PT,1,1,1,1,1,1,35
I4387152517,2025,Instituto Superior T茅cnico,education,PT,1,1,1,1,1,0,3
I4387152838,2025,AI Sweden,facility,SE,1,1,1,0,1,0,5
I4387152954,2023,Ministry of Culture and Tourism,government,CN,1,1,1,1,1,1,3
I4387152954,2025,Ministry of Culture and Tourism,government,CN,2,2,0,0,2,2,2
I4387153084,2025,UK Health Security Agency,government,,1,1,1,1,1,1,7
I4387153335,2025,China Telecom,company,CN,4,4,1,4,4,0,7
I4387153582,2024,University of Technology Nuremberg,education,DE,1,1,1,0,1,0,3
I4387153582,2025,University of Technology Nuremberg,education,DE,3,3,2,1,2,0,6
I4387154326,2021,Vingroup (Vietnam),company,VN,1,1,1,1,1,0,2
I4387154326,2024,Vingroup (Vietnam),company,VN,2,2,2,2,2,0,4
I4387154989,2022,Hugging Face,company,US,5,5,2,4,4,0,10
I4387154989,2023,Hugging Face,company,US,2,2,2,2,2,0,16
I4387154989,2025,Hugging Face,company,US,5,5,3,5,5,0,61
I4387155051,2022,Termez Institute of Engineering and Technology,education,IN,1,1,1,0,0,0,3
I4387155180,2022,Samsung SDS,company,KR,1,0,0,0,0,0,0
I4387155180,2025,Samsung SDS,company,KR,1,1,0,1,1,0,1
I4387156240,2025,National Security Research Institute,government,,1,1,0,0,1,1,2
I4387930290,2023,Anthropic,company,US,1,1,0,1,1,0,2
I4387930290,2024,Anthropic,company,US,1,1,1,1,1,0,3
I4387930290,2025,Anthropic,company,US,1,1,0,1,1,0,1
I4387930302,2023,University of Information Technology,education,VN,1,1,0,0,0,0,1
I4387930302,2024,University of Information Technology,education,VN,1,1,0,0,0,0,1
I4388446363,2025,Purdue University in Indianapolis,education,US,1,1,0,0,0,0,1
I4388482657,2024,Shenzhen MSU-BIT University,education,CN,1,1,0,0,1,0,2
I4388482657,2025,Shenzhen MSU-BIT University,education,CN,1,1,1,0,1,1,4
I4388482734,2022,Malawi University of Business and Applied Sciences,education,MW,1,1,1,1,1,0,24
I4388482734,2023,Malawi University of Business and Applied Sciences,education,MW,1,1,1,1,1,0,23
I4388891764,2020,Raytheon,company,US,1,1,0,1,1,0,1
I4389425366,2024,Oak Ridge Institute for Science and Education,education,,1,1,0,0,1,0,3
I4390039337,2025,Dartmouth Health,healthcare,,1,1,0,0,1,0,1
I4390039361,2024,Mistral AI,company,FR,1,1,1,1,1,0,3
I4391012619,2021,Shanghai Artificial Intelligence Laboratory,facility,CN,1,1,1,1,1,0,3
I4391012619,2022,Shanghai Artificial Intelligence Laboratory,facility,CN,4,4,3,3,4,0,10
I4391012619,2023,Shanghai Artificial Intelligence Laboratory,facility,CN,14,13,2,4,13,1,19
I4391012619,2024,Shanghai Artificial Intelligence Laboratory,facility,CN,51,50,17,14,50,7,51
I4391012619,2025,Shanghai Artificial Intelligence Laboratory,facility,CN,55,54,20,7,53,2,71
I4391767722,2023,National Library of Finland,archive,FI,1,1,1,1,1,0,3
I4391767749,2025,State Key Laboratory of Mobile Networks and Mobile Multimedia Technology,facility,CN,1,1,0,1,1,0,2
I4391768012,2023,State Key Laboratory of Information Security,facility,CN,1,1,0,0,1,0,3
I4391768151,2023,Toyota Research Institute,facility,US,1,1,1,0,1,0,4
I4391768151,2024,Toyota Research Institute,facility,US,1,1,1,1,1,0,32
I4391768151,2025,Toyota Research Institute,facility,US,1,0,0,0,0,0,0
I4391768185,2022,State Key Laboratory of Intelligent Technology and Systems,facility,,1,1,0,0,1,0,1
I4392021234,2022,Hessian Center for Artificial Intelligence,facility,DE,1,1,0,0,1,0,1
I4392021234,2025,Hessian Center for Artificial Intelligence,facility,DE,1,1,0,0,0,0,1
I4392021246,2022,AIRI - Artificial Intelligence Research Institute,nonprofit,RU,1,1,0,1,1,0,6
I4392021246,2023,AIRI - Artificial Intelligence Research Institute,nonprofit,RU,1,1,1,1,1,0,7
I4392021246,2024,AIRI - Artificial Intelligence Research Institute,nonprofit,RU,3,3,2,1,3,0,7
I4392021246,2025,AIRI - Artificial Intelligence Research Institute,nonprofit,RU,6,6,4,2,6,0,12
I4392021250,2025,State Key Laboratory of Networking and Switching Technology,facility,CN,1,1,0,0,1,0,1
I4392738185,2025,Universidad Nacional de Educaci贸n,education,ES,2,0,0,0,0,0,0
I4392738278,2021,Beijing Institute for General Artificial Intelligence,government,CN,3,3,2,2,3,3,10
I4392738278,2022,Beijing Institute for General Artificial Intelligence,government,CN,2,2,0,2,2,2,5
I4392738278,2023,Beijing Institute for General Artificial Intelligence,government,CN,7,7,5,5,7,7,15
I4392738278,2024,Beijing Institute for General Artificial Intelligence,government,CN,5,5,1,0,5,5,5
I4392738278,2025,Beijing Institute for General Artificial Intelligence,government,CN,8,7,3,0,7,7,10
I4396570500,2024,"All India Institute of Medical Sciences, Deoghar",government,IN,1,1,0,0,1,1,2
I4396570658,2024,Quantinuum,company,US,1,0,0,0,0,0,0
I43980791,2022,Clausthal University of Technology,education,DE,1,1,1,1,1,0,24
I43980791,2023,Clausthal University of Technology,education,DE,1,1,1,1,1,0,23
I43980791,2025,Clausthal University of Technology,education,DE,1,1,1,0,0,0,3
I4399598460,2022,Unity Health Toronto,healthcare,CA,2,2,1,0,2,0,3
I4400009020,2025,Institute of Science Tokyo,education,JP,7,7,2,2,6,0,12
I4400573310,2025,Hangzhou City University,education,CN,4,4,3,3,4,0,10
I4401041603,2021,HEIG-VD,education,CH,1,1,1,0,0,0,2
I4401200340,2023,Kempelen Institute of Intelligent Technologies,nonprofit,SK,3,2,2,0,2,0,5
I4401200340,2024,Kempelen Institute of Intelligent Technologies,nonprofit,SK,3,3,3,1,3,0,3
I4401200340,2025,Kempelen Institute of Intelligent Technologies,nonprofit,SK,6,5,5,1,5,0,6
I4401726822,2020,Ping An,company,CN,2,1,0,1,1,0,2
I4401726822,2021,Ping An,company,CN,3,3,1,3,3,0,4
I4401726822,2022,Ping An,company,CN,1,1,1,1,1,0,1
I4401726822,2023,Ping An,company,CN,1,1,0,1,1,0,2
I4401726822,2025,Ping An,company,CN,4,4,2,4,4,0,6
I4401726823,2025,Nio,company,CN,1,1,0,1,1,0,1
I4401726824,2022,Horizon Robotics,company,,1,1,0,1,1,0,1
I4401726832,2024,T眉bingen AI Center,education,DE,1,1,1,1,1,0,5
I4401726847,2023,Cohere,company,CA,4,4,4,4,4,0,12
I4401726847,2024,Cohere,company,CA,8,5,5,5,5,0,41
I4401726847,2025,Cohere,company,CA,3,3,3,3,3,0,8
I4401726855,2023,Spotify,company,SE,1,1,1,1,1,0,3
I4401726856,2025,Xiaohongshu (Little Red Book),company,CN,4,4,1,4,4,0,8
I4401726859,2022,Kuaishou,company,CN,1,1,0,1,1,0,1
I4401726859,2023,Kuaishou,company,CN,1,1,0,1,1,1,3
I4401726859,2024,Kuaishou,company,CN,5,3,0,3,3,0,4
I4401726859,2025,Kuaishou,company,CN,6,6,1,6,6,2,14
I4401726866,2021,Dataminr,company,US,1,1,0,1,1,0,1
I4401726866,2022,Dataminr,company,US,2,2,1,2,2,0,5
I4401726909,2024,Center for Scalable Data Analytics and Artificial Intelligence,education,DE,1,1,0,0,0,0,2
I4401726915,2024,Zhipu AI,company,CN,4,4,0,4,4,1,4
I4401726915,2025,Zhipu AI,company,CN,9,9,3,9,9,1,16
I4401726927,2025,Cerebras Systems,company,US,1,1,0,1,1,0,3
I4401726934,2021,IFlyTek,company,CN,2,2,1,2,2,0,3
I4401726934,2023,IFlyTek,company,CN,4,4,0,4,4,0,5
I4401726934,2024,IFlyTek,company,CN,2,2,0,2,2,0,3
I4401726934,2025,IFlyTek,company,CN,5,5,2,5,5,0,6
I4401726994,2024,Duolingo,company,US,1,1,1,1,1,1,14
I4401727007,2022,Hikvision,company,CN,3,3,0,3,3,0,2
I4401727007,2023,Hikvision,company,CN,1,1,0,1,1,0,1
I4401727007,2024,Hikvision,company,CN,1,1,0,1,1,0,1
I4401727007,2025,Hikvision,company,CN,1,1,0,1,1,0,4
I4401727009,2022,Sensetime,company,CN,3,3,3,3,3,0,9
I4401727009,2023,Sensetime,company,CN,2,2,2,2,2,0,4
I4401727009,2024,Sensetime,company,CN,2,2,1,2,2,0,4
I4401727009,2025,Sensetime,company,CN,4,4,0,4,4,0,5
I4402554038,2020,Microsoft Research Montr茅al,company,CA,1,1,1,1,1,0,1
I4402554038,2021,Microsoft Research Montr茅al,company,CA,1,1,1,1,1,0,2
I4402554038,2024,Microsoft Research Montr茅al,company,CA,1,1,0,1,1,0,1
I4402554038,2025,Microsoft Research Montr茅al,company,CA,1,1,1,1,1,0,3
I4403386549,2022,Munich Center for Machine Learning,education,DE,3,3,3,0,0,0,3
I4403386549,2023,Munich Center for Machine Learning,education,DE,1,1,1,0,1,0,5
I4403386549,2024,Munich Center for Machine Learning,education,DE,4,4,2,0,1,0,6
I4403386549,2025,Munich Center for Machine Learning,education,DE,19,19,13,6,9,0,37
I4403928229,2025,Plaksha University,education,IN,1,1,1,0,1,0,4
I4403928238,2022,Universidad Tecnologica de Tlaxcala,education,,1,1,1,1,1,0,13
I4403928267,2024,International Laboratory on Learning Systems,facility,CA,1,1,1,0,1,0,3
I4403928435,2025,Interdisciplinary Transformation University Austria,education,AT,2,2,2,0,2,0,5
I4405254442,2022,PSG College of Technology,education,IN,1,1,1,1,1,1,20
I4405255904,2025,Shenzhen University of Advanced Technology,education,CN,4,4,4,1,3,2,20
I4405256866,2021,ByteDance,company,CN,6,6,4,6,6,0,9
I4405256866,2022,ByteDance,company,CN,5,5,5,5,5,1,8
I4405256866,2023,ByteDance,company,CN,15,15,6,15,15,1,20
I4405256866,2024,ByteDance,company,CN,13,11,3,11,11,1,21
I4405256866,2025,ByteDance,company,CN,24,23,8,23,23,0,29
I4405258768,2020,UpStage (South Korea),company,KR,1,1,0,1,1,0,1
I4405258768,2023,UpStage (South Korea),company,KR,1,1,0,1,1,0,1
I4405258795,2023,Kakao Brain (South Korea),company,KR,2,2,0,1,1,0,2
I4405259341,2024,01.AI (China),company,CN,1,1,1,1,1,0,3
I4405259341,2025,01.AI (China),company,CN,2,2,2,2,2,1,17
I4405259410,2020,Meituan,company,CN,1,1,1,0,0,0,1
I4405259410,2021,Meituan,company,CN,5,5,0,5,5,2,4
I4405259410,2022,Meituan,company,CN,7,7,1,7,7,0,8
I4405259410,2023,Meituan,company,CN,12,12,4,12,12,1,21
I4405259410,2024,Meituan,company,CN,6,6,1,6,6,2,14
I4405259410,2025,Meituan,company,CN,20,20,4,20,20,4,33
I4405259505,2025,Jina AI (Germany),company,DE,1,1,1,1,1,0,6
I4405260031,2025,Arab Center for Research and Policy Studies,facility,QA,1,1,1,0,1,0,1
I4405260227,2025,Moonshot AI (China),company,CN,1,1,1,1,1,0,6
I4405260365,2025,Alberta Machine Intelligence Institute,facility,CA,2,2,0,0,2,0,3
I4405260597,2025,Guangdong Laboratory of Artificial Intelligence and Digital Economy (Shenzhen),facility,CN,2,2,1,1,2,0,8
I4405260795,2020,Kakao Enterprise (South Korea),company,KR,2,2,0,2,2,0,2
I4405260795,2021,Kakao Enterprise (South Korea),company,KR,2,2,0,1,2,0,2
I4405260795,2022,Kakao Enterprise (South Korea),company,KR,1,0,0,0,0,0,0
I4405261251,2024,The Hong Kong University of Science and Technology (Guangzhou),education,CN,1,1,0,0,1,0,3
I4405263256,2025,Tuwaiq Academy,education,SA,1,1,1,1,1,0,2
I4405392,2020,Bo?azi?i University,education,TR,1,1,1,1,1,0,2
I44260953,2023,Heinrich Heine University D眉sseldorf,education,DE,1,1,0,0,0,0,1
I44260953,2025,Heinrich Heine University D眉sseldorf,education,DE,2,2,1,0,1,0,3
I4432739,2022,University of Bergen,education,NO,1,1,1,1,1,0,24
I44461941,2022,University of Houston,education,US,1,1,0,1,1,0,1
I44461941,2024,University of Houston,education,US,1,1,1,0,1,1,3
I44461941,2025,University of Houston,education,US,3,3,1,0,1,0,9
I45129253,2020,University College London,education,GB,6,5,4,4,4,0,7
I45129253,2021,University College London,education,GB,1,1,0,1,1,0,2
I45129253,2022,University College London,education,GB,5,5,5,4,4,0,33
I45129253,2023,University College London,education,GB,4,4,4,2,3,0,39
I45129253,2024,University College London,education,GB,9,8,7,4,5,1,51
I45129253,2025,University College London,education,GB,8,8,8,5,7,2,36
I45155027,2024,Technische Hochschule Mittelhessen,education,DE,1,1,1,1,1,0,12
I45204951,2025,University of Calabria,education,IT,2,0,0,0,0,0,0
I45438204,2022,The University of Texas at San Antonio,education,US,1,1,1,1,1,0,5
I45438204,2025,The University of Texas at San Antonio,education,US,2,2,1,1,1,0,3
I45683168,2020,Polytechnique Montr茅al,education,CA,1,1,0,1,1,0,3
I45683168,2024,Polytechnique Montr茅al,education,CA,3,3,3,3,3,0,6
I4575257,2021,Hanyang University,education,KR,1,0,0,0,0,0,0
I4575257,2022,Hanyang University,education,KR,1,1,0,0,1,0,1
I4575257,2023,Hanyang University,education,KR,1,1,0,1,1,0,1
I4575257,2024,Hanyang University,education,KR,7,4,2,2,2,0,7
I4575257,2025,Hanyang University,education,KR,7,4,1,2,3,0,8
I4577782,2024,Technische Universit?t Berlin,education,DE,1,1,1,0,1,0,2
I4577782,2025,Technische Universit?t Berlin,education,DE,1,1,1,1,1,0,3
I45928872,2020,Alibaba Group,company,CN,22,18,10,18,18,2,24
I45928872,2021,Alibaba Group,company,CN,30,26,12,25,26,1,23
I45928872,2022,Alibaba Group,company,CN,25,19,10,19,19,1,21
I45928872,2023,Alibaba Group,company,CN,30,26,9,26,26,5,26
I45928872,2024,Alibaba Group,company,CN,33,30,9,29,30,5,33
I45928872,2025,Alibaba Group,company,CN,65,59,25,59,59,5,68
I4654613,2024,University of Warsaw,education,PL,1,1,1,1,1,0,3
I46597724,2022,Pozna艅 University of Technology,education,PL,1,1,0,1,1,0,2
I47265099,2024,Ho Chi Minh City University of Technology,education,VN,1,1,1,1,1,0,2
I47508984,2020,Imperial College London,education,GB,3,1,1,0,0,0,2
I47508984,2021,Imperial College London,education,GB,3,3,1,1,2,0,4
I47508984,2022,Imperial College London,education,GB,1,1,0,0,0,0,1
I47508984,2023,Imperial College London,education,GB,2,2,1,1,1,0,2
I47508984,2024,Imperial College London,education,GB,2,2,1,1,1,1,37
I47508984,2025,Imperial College London,education,GB,11,10,10,3,9,1,78
I47720641,2020,Huazhong University of Science and Technology,education,CN,1,1,1,1,1,0,2
I47720641,2021,Huazhong University of Science and Technology,education,CN,7,6,3,2,2,0,10
I47720641,2022,Huazhong University of Science and Technology,education,CN,1,0,0,0,0,0,0
I47720641,2023,Huazhong University of Science and Technology,education,CN,4,3,2,1,2,0,7
I47720641,2024,Huazhong University of Science and Technology,education,CN,6,6,5,1,1,0,16
I47720641,2025,Huazhong University of Science and Technology,education,CN,25,21,10,13,18,3,52
I4800084,2021,Southwest Jiaotong University,education,CN,1,1,0,1,1,0,4
I48379061,2025,Shahid Beheshti University,education,IR,2,1,1,0,0,0,11
I4840577,2022,Toyota Technological Institute,education,JP,1,1,1,0,1,1,4
I48566637,2023,Ulsan National Institute of Science and Technology,education,KR,1,0,0,0,0,0,0
I48566637,2025,Ulsan National Institute of Science and Technology,education,KR,2,2,1,0,0,0,2
I48633490,2025,Mass General Brigham,healthcare,US,1,1,1,0,1,0,5
I4896460,2025,Koya University,education,IQ,1,1,1,0,0,0,11
I49934816,2025,Hunan University of Technology,education,CN,1,1,0,0,0,0,1
I5023651,2020,McGill University,education,CA,7,7,4,4,7,0,7
I5023651,2021,McGill University,education,CA,10,10,9,6,8,1,17
I5023651,2022,McGill University,education,CA,6,5,4,4,5,1,8
I5023651,2023,McGill University,education,CA,6,6,6,2,3,0,14
I5023651,2024,McGill University,education,CA,6,6,6,4,6,0,16
I5023651,2025,McGill University,education,CA,11,11,9,4,8,0,66
I50357001,2024,Universidad Carlos III de Madrid,education,ES,1,1,1,0,1,0,3
I50357001,2025,Universidad Carlos III de Madrid,education,ES,3,3,3,1,1,0,14
I50760025,2022,Hangzhou Dianzi University,education,CN,1,1,0,0,0,0,3
I50760025,2024,Hangzhou Dianzi University,education,CN,2,2,0,0,1,1,5
I50760025,2025,Hangzhou Dianzi University,education,CN,3,3,1,1,1,0,5
I51158804,2024,Massey University,education,NZ,1,1,1,1,1,0,20
I51158804,2025,Massey University,education,NZ,1,1,1,0,0,0,1
I5124864,2020,茅cole Polytechnique F茅d茅rale de Lausanne,education,CH,3,3,3,1,2,0,6
I5124864,2021,茅cole Polytechnique F茅d茅rale de Lausanne,education,CH,4,3,3,1,1,0,5
I5124864,2022,茅cole Polytechnique F茅d茅rale de Lausanne,education,CH,4,3,3,2,3,0,6
I5124864,2023,茅cole Polytechnique F茅d茅rale de Lausanne,education,CH,6,5,4,2,4,0,6
I5124864,2024,茅cole Polytechnique F茅d茅rale de Lausanne,education,CH,4,3,2,1,2,0,4
I5124864,2025,茅cole Polytechnique F茅d茅rale de Lausanne,education,CH,10,6,6,1,3,0,15
I51441396,2023,Bauhaus-Universit?t Weimar,education,DE,1,1,0,1,1,0,2
I51452335,2025,Panjab University,education,IN,1,1,0,0,0,0,1
I51556381,2020,University of Virginia,education,US,2,1,0,1,1,0,3
I51556381,2021,University of Virginia,education,US,6,6,3,2,3,0,10
I51556381,2022,University of Virginia,education,US,5,5,3,3,3,0,9
I51556381,2023,University of Virginia,education,US,2,2,1,0,1,0,5
I51556381,2024,University of Virginia,education,US,6,5,1,1,1,0,14
I51556381,2025,University of Virginia,education,US,12,11,2,5,7,0,20
I51601045,2022,University of Bath,education,GB,1,1,0,0,0,0,1
I51601045,2024,University of Bath,education,GB,4,4,4,2,2,1,45
I51601045,2025,University of Bath,education,GB,3,3,3,1,2,0,19
I51629411,2022,Siemens,company,CN,1,1,0,1,1,0,5
I51629411,2025,Siemens,company,CN,1,1,1,1,1,0,3
I51713134,2025,University of Colorado Anschutz Medical Campus,education,US,1,1,0,0,0,0,2
I52099693,2025,University of York,education,GB,1,1,1,1,1,0,5
I52158045,2025,China Agricultural University,education,CN,1,0,0,0,0,0,0
I52357470,2020,The Ohio State University,education,US,4,2,1,1,1,0,2
I52357470,2021,The Ohio State University,education,US,6,3,0,1,2,0,5
I52357470,2022,The Ohio State University,education,US,1,1,0,0,0,0,1
I52357470,2023,The Ohio State University,education,US,5,4,2,4,4,0,14
I52357470,2024,The Ohio State University,education,US,7,5,2,4,4,0,11
I52357470,2025,The Ohio State University,education,US,15,12,2,3,5,1,24
I530967,2025,Toronto Metropolitan University,education,CA,1,1,1,0,0,0,2
I5343935,2024,Guilin University of Electronic Technology,education,CN,1,0,0,0,0,0,0
I5343935,2025,Guilin University of Electronic Technology,education,CN,1,1,0,0,1,0,3
I53592917,2023,Jiangxi Normal University,education,CN,1,1,1,0,1,0,3
I53592917,2024,Jiangxi Normal University,education,CN,1,1,1,1,1,0,3
I5388228,2021,University of Rochester,education,US,2,2,0,0,0,0,2
I5388228,2022,University of Rochester,education,US,2,2,1,2,2,0,3
I5388228,2024,University of Rochester,education,US,2,2,1,0,1,0,5
I5388228,2025,University of Rochester,education,US,4,3,1,2,2,1,11
I53964585,2025,Weizmann Institute of Science,education,IL,2,2,1,1,2,0,2
I54157616,2024,Swiss Finance Institute,education,CH,2,2,1,0,0,0,3
I54157616,2025,Swiss Finance Institute,education,CH,1,1,1,0,0,0,3
I55022517,2021,Heilongjiang University,education,CN,1,1,1,0,1,0,3
I55143463,2024,University of Turin,education,IT,4,3,2,1,2,0,6
I5518804,2025,BRAC University,education,BD,1,1,0,0,0,0,1
I55215948,2022,Tata Consultancy Services,company,IN,1,1,1,1,1,1,20
I55215948,2023,Tata Consultancy Services,company,IN,3,3,0,3,3,0,2
I55215948,2024,Tata Consultancy Services,company,IN,2,2,0,2,2,0,1
I55215948,2025,Tata Consultancy Services,company,IN,2,2,2,2,2,0,2
I55654194,2025,Inner Mongolia University of Technology,education,CN,2,2,0,1,1,0,5
I55712492,2024,Zhejiang University of Technology,education,CN,1,1,0,0,0,0,2
I55712492,2025,Zhejiang University of Technology,education,CN,2,2,1,1,1,0,4
I55732556,2020,Arizona State University,education,US,4,1,0,1,1,0,3
I55732556,2021,Arizona State University,education,US,3,1,0,1,1,0,1
I55732556,2022,Arizona State University,education,US,6,3,1,2,3,1,20
I55732556,2023,Arizona State University,education,US,2,1,0,1,1,0,1
I55732556,2024,Arizona State University,education,US,6,5,1,3,3,0,7
I55732556,2025,Arizona State University,education,US,18,15,4,5,6,0,24
I56085075,2024,University of Tartu,education,EE,1,1,1,0,1,0,3
I56085075,2025,University of Tartu,education,EE,1,1,1,0,1,0,4
I56435720,2024,Universit茅 Paris Dauphine-PSL,education,FR,2,2,0,0,1,0,2
I56435720,2025,Universit茅 Paris Dauphine-PSL,education,FR,1,1,1,1,1,0,3
I56590836,2020,Monash University,education,AU,3,2,1,0,0,0,2
I56590836,2021,Monash University,education,AU,5,3,2,1,2,0,7
I56590836,2022,Monash University,education,AU,8,8,7,3,3,0,13
I56590836,2023,Monash University,education,AU,3,2,2,0,1,0,5
I56590836,2024,Monash University,education,AU,7,5,5,4,4,0,44
I56590836,2025,Monash University,education,AU,19,14,12,3,4,1,30
I5681781,2020,University of Adelaide,education,AU,1,1,0,0,1,0,2
I5681781,2022,University of Adelaide,education,AU,1,1,0,0,1,0,1
I5681781,2024,University of Adelaide,education,AU,4,4,3,0,0,0,9
I57093077,2023,Swinburne University of Technology,education,AU,1,1,1,0,0,0,3
I57206974,2020,New York University,education,US,13,9,3,3,4,0,10
I57206974,2021,New York University,education,US,7,7,6,3,7,1,19
I57206974,2022,New York University,education,US,18,14,5,6,8,0,34
I57206974,2023,New York University,education,US,7,7,3,6,6,0,19
I57206974,2024,New York University,education,US,6,6,1,2,4,0,17
I57206974,2025,New York University,education,US,28,23,9,6,9,0,42
I57664883,2024,Ajou University,education,KR,1,1,0,0,0,0,1
I57995698,2025,Paris School of Economics,education,FR,1,1,1,1,1,0,1
I58200834,2025,Southern Medical University,education,CN,1,1,0,0,0,0,1
I58918642,2020,"Sofia University ""St. Kliment Ohridski""",education,BG,1,1,1,0,0,0,2
I58918642,2021,"Sofia University ""St. Kliment Ohridski""",education,BG,1,1,1,0,1,0,3
I58956616,2023,Case Western Reserve University,education,US,1,1,0,1,1,0,1
I58956616,2024,Case Western Reserve University,education,US,2,2,1,0,0,0,5
I58956616,2025,Case Western Reserve University,education,US,4,4,3,2,2,1,56
I58957048,2021,Yandex,company,RU,2,2,1,1,2,0,2
I58957048,2022,Yandex,company,RU,1,1,1,1,1,0,2
I59028903,2024,Ocean University of China,education,CN,1,1,0,0,1,0,1
I592451,2021,Indiana University,education,US,1,1,1,1,1,0,2
I592451,2022,Indiana University,education,US,1,1,1,0,0,0,1
I592451,2024,Indiana University,education,US,1,0,0,0,0,0,0
I592451,2025,Indiana University,education,US,5,5,2,2,2,0,10
I59270414,2020,Indian Institute of Science Bangalore,education,IN,2,1,1,0,1,0,1
I59270414,2022,Indian Institute of Science Bangalore,education,IN,2,1,1,0,0,0,1
I59270414,2023,Indian Institute of Science Bangalore,education,IN,1,1,0,0,0,0,1
I59270414,2025,Indian Institute of Science Bangalore,education,IN,1,1,1,0,0,0,2
I59475050,2023,Jamia Millia Islamia,education,IN,1,1,1,0,0,0,2
I59553526,2020,Stony Brook University,education,US,3,1,0,0,1,0,1
I59553526,2021,Stony Brook University,education,US,3,1,1,0,0,0,1
I59553526,2022,Stony Brook University,education,US,4,3,0,0,2,0,4
I59553526,2023,Stony Brook University,education,US,3,2,2,1,1,0,5
I59553526,2024,Stony Brook University,education,US,3,3,1,1,1,0,6
I59553526,2025,Stony Brook University,education,US,13,12,5,1,1,0,24
I59649739,2023,Jiangxi University of Finance and Economics,education,CN,1,1,1,0,0,0,3
I60053951,2022,Universitat Polit猫cnica de Val猫ncia,education,ES,1,1,0,1,1,0,1
I60053951,2023,Universitat Polit猫cnica de Val猫ncia,education,ES,2,2,2,0,0,0,1
I60053951,2024,Universitat Polit猫cnica de Val猫ncia,education,ES,1,1,1,0,1,0,3
I60134161,2022,Nagoya University,education,JP,1,1,1,1,1,0,5
I60134161,2023,Nagoya University,education,JP,1,0,0,0,0,0,0
I60134161,2024,Nagoya University,education,JP,1,1,0,1,1,0,2
I60342839,2023,Qatar University,education,QA,1,1,0,0,0,0,1
I60559429,2023,Nazarbayev University,education,KZ,1,1,1,0,0,0,1
I60587646,2023,Brno University of Technology,education,CZ,1,1,1,0,1,0,2
I60587646,2024,Brno University of Technology,education,CZ,3,3,3,1,3,0,3
I60587646,2025,Brno University of Technology,education,CZ,5,5,5,1,5,0,5
I60668342,2024,University of Regensburg,education,DE,1,1,1,0,0,0,3
I60922564,2020,Naver,company,KR,1,1,0,1,1,0,1
I60922564,2021,Naver,company,KR,8,6,1,5,5,0,7
I60922564,2022,Naver,company,KR,7,7,3,7,7,0,8
I60922564,2023,Naver,company,KR,10,10,5,9,9,0,21
I60922564,2024,Naver,company,KR,11,10,5,9,9,0,19
I60922564,2025,Naver,company,KR,10,10,7,10,10,0,16
I62318514,2024,University of Duisburg-Essen,education,DE,2,2,2,0,2,0,9
I62318514,2025,University of Duisburg-Essen,education,DE,1,1,0,1,1,0,2
I62853816,2021,Beijing University of Civil Engineering and Architecture,education,CN,1,1,0,0,0,0,1
I62916508,2020,Technical University of Munich,education,DE,1,1,1,0,0,0,2
I62916508,2021,Technical University of Munich,education,DE,1,1,1,1,1,0,2
I62916508,2022,Technical University of Munich,education,DE,3,3,3,1,1,0,26
I62916508,2023,Technical University of Munich,education,DE,1,1,1,1,1,0,23
I62916508,2024,Technical University of Munich,education,DE,6,4,2,1,3,0,11
I62916508,2025,Technical University of Munich,education,DE,16,13,9,3,6,0,24
I63030401,2024,Meisei University,education,JP,1,1,0,1,1,0,1
I63135867,2025,University of Cincinnati,education,US,1,0,0,0,0,0,0
I63190737,2020,"University at Buffalo, State University of New York",education,US,2,2,1,2,2,0,5
I63190737,2022,"University at Buffalo, State University of New York",education,US,4,4,1,2,2,0,5
I63190737,2023,"University at Buffalo, State University of New York",education,US,1,0,0,0,0,0,0
I63190737,2025,"University at Buffalo, State University of New York",education,US,2,2,2,0,1,0,3
I63548447,2024,Lappeenranta-Lahti University of Technology,education,FI,1,1,1,0,1,0,2
I6358929,2025,Informatics Institute of Technology,education,LK,1,1,1,0,0,0,2
I63739035,2024,All India Institute of Medical Sciences,education,IN,1,1,0,0,1,1,2
I63966007,2020,Massachusetts Institute of Technology,education,US,6,6,3,3,3,0,5
I63966007,2021,Massachusetts Institute of Technology,education,US,10,7,4,4,5,0,14
I63966007,2022,Massachusetts Institute of Technology,education,US,11,10,5,8,9,0,28
I63966007,2023,Massachusetts Institute of Technology,education,US,12,8,3,5,8,0,17
I63966007,2024,Massachusetts Institute of Technology,education,US,22,19,8,8,12,1,43
I63966007,2025,Massachusetts Institute of Technology,education,US,16,15,7,5,8,0,33
I63970466,2025,Tabriz Islamic Arts University,education,IR,1,1,1,0,0,0,11
I64189192,2022,"International Institute of Information Technology, Hyderabad",education,IN,2,2,2,2,2,1,5
I64189192,2024,"International Institute of Information Technology, Hyderabad",education,IN,1,1,1,1,1,0,1
I64189192,2025,"International Institute of Information Technology, Hyderabad",education,IN,2,2,2,1,1,0,6
I64952554,2025,University of Sulaimani,education,IQ,1,1,1,0,0,0,11
I6498739,2025,Indian Statistical Institute,education,IN,1,1,0,1,1,0,2
I65143321,2021,Hitachi,company,JP,1,1,1,1,1,0,1
I65181880,2024,Indian Institute of Technology Hyderabad,education,IN,1,0,0,0,0,0,0
I65181880,2025,Indian Institute of Technology Hyderabad,education,IN,4,3,3,3,3,0,7
I66514158,2024,Hacettepe University,education,TR,1,1,1,0,0,0,2
I66752286,2021,University of Milano-Bicocca,education,IT,1,1,1,0,0,0,2
I66752286,2025,University of Milano-Bicocca,education,IT,2,0,0,0,0,0,0
I66862912,2022,Chalmers University of Technology,education,SE,1,1,1,0,0,0,3
I66862912,2024,Chalmers University of Technology,education,SE,1,0,0,0,0,0,0
I66862912,2025,Chalmers University of Technology,education,SE,2,2,2,1,1,0,5
I66867065,2020,East China Normal University,education,CN,4,3,0,3,3,0,4
I66867065,2021,East China Normal University,education,CN,6,6,1,4,6,0,8
I66867065,2022,East China Normal University,education,CN,8,8,2,6,6,0,11
I66867065,2023,East China Normal University,education,CN,8,8,0,3,6,0,11
I66867065,2024,East China Normal University,education,CN,10,10,4,7,9,1,24
I66867065,2025,East China Normal University,education,CN,26,22,4,12,17,1,39
I66906201,2024,University of Yamanashi,education,JP,1,0,0,0,0,0,0
I66946132,2020,"University of Maryland, College Park",education,US,4,3,0,1,1,0,3
I66946132,2021,"University of Maryland, College Park",education,US,12,8,2,6,6,0,15
I66946132,2022,"University of Maryland, College Park",education,US,9,5,1,3,4,0,10
I66946132,2023,"University of Maryland, College Park",education,US,13,10,5,7,7,0,26
I66946132,2024,"University of Maryland, College Park",education,US,20,16,7,9,10,1,56
I66946132,2025,"University of Maryland, College Park",education,US,33,21,8,9,11,1,32
I67009956,2022,Iran University of Science and Technology,education,IR,1,1,1,0,0,0,2
I67031392,2025,Carleton University,education,CA,2,2,2,2,2,0,4
I67415387,2021,Lancaster University,education,GB,1,1,1,0,0,0,1
I67415387,2022,Lancaster University,education,GB,1,1,1,1,1,0,24
I67415387,2024,Lancaster University,education,GB,2,2,2,1,2,1,38
I67415387,2025,Lancaster University,education,GB,1,1,1,0,0,0,3
I67900169,2022,Chung-Ang University,education,KR,1,1,0,0,0,0,1
I67900169,2023,Chung-Ang University,education,KR,1,1,0,1,1,0,2
I67900169,2024,Chung-Ang University,education,KR,3,1,0,1,1,0,2
I67900169,2025,Chung-Ang University,education,KR,11,5,2,2,4,0,11
I68106152,2024,Universidade Federal de Goi谩s,education,BR,1,1,1,0,1,0,6
I68618741,2025,Polytechnic University of Bari,education,IT,3,3,1,1,1,1,7
I68891433,2020,Indian Institute of Technology Delhi,education,IN,3,3,1,0,1,0,2
I68891433,2021,Indian Institute of Technology Delhi,education,IN,2,2,1,0,2,0,2
I68891433,2022,Indian Institute of Technology Delhi,education,IN,6,5,2,0,1,0,4
I68891433,2023,Indian Institute of Technology Delhi,education,IN,13,11,6,6,9,0,14
I68891433,2024,Indian Institute of Technology Delhi,education,IN,10,10,4,4,9,0,11
I68891433,2025,Indian Institute of Technology Delhi,education,IN,6,5,3,4,5,0,9
I68956291,2022,Martin Luther University Halle-Wittenberg,education,DE,1,1,0,0,0,0,1
I6902469,2022,Brandeis University,education,US,1,1,1,1,1,0,24
I6902469,2024,Brandeis University,education,US,2,0,0,0,0,0,0
I6902469,2025,Brandeis University,education,US,3,0,0,0,0,0,0
I69356397,2022,Xi鈥檃n Jiaotong-Liverpool University,education,CN,1,1,0,1,1,0,5
I69356397,2025,Xi鈥檃n Jiaotong-Liverpool University,education,CN,5,5,4,0,1,1,14
I69552723,2022,University of Pretoria,education,ZA,1,1,1,1,1,0,24
I69552723,2023,University of Pretoria,education,ZA,1,1,1,1,1,0,23
I69552723,2025,University of Pretoria,education,ZA,1,1,1,1,1,0,2
I69737025,2024,University of Chile,education,CL,1,1,0,0,1,0,1
I69740276,2021,Tokyo Metropolitan University,education,JP,1,1,1,1,1,0,5
I70931966,2020,Universit茅 de Montr茅al,education,CA,2,2,1,1,2,0,4
I70931966,2022,Universit茅 de Montr茅al,education,CA,4,4,4,3,3,0,7
I70931966,2023,Universit茅 de Montr茅al,education,CA,6,5,4,1,2,0,9
I70931966,2024,Universit茅 de Montr茅al,education,CA,10,9,8,6,8,0,18
I70931966,2025,Universit茅 de Montr茅al,education,CA,10,10,10,7,9,0,63
I70983195,2022,Syracuse University,education,US,1,1,1,1,1,0,4
I70983195,2023,Syracuse University,education,US,1,1,1,1,1,1,3
I71030271,2020,Heidelberg Institute for Theoretical Studies,facility,DE,1,0,0,0,0,0,0
I71030271,2022,Heidelberg Institute for Theoretical Studies,facility,DE,2,0,0,0,0,0,0
I71030271,2023,Heidelberg Institute for Theoretical Studies,facility,DE,3,1,1,0,1,0,1
I71030271,2025,Heidelberg Institute for Theoretical Studies,facility,DE,1,0,0,0,0,0,0
I71209653,2021,Bocconi University,education,IT,1,0,0,0,0,0,0
I71209653,2023,Bocconi University,education,IT,1,1,1,0,0,0,1
I71209653,2024,Bocconi University,education,IT,3,3,3,1,2,0,9
I71209653,2025,Bocconi University,education,IT,6,6,6,0,2,0,12
I71920554,2021,King Abdullah University of Science and Technology,education,SA,1,1,1,0,0,0,3
I71920554,2022,King Abdullah University of Science and Technology,education,SA,4,4,4,3,4,0,9
I71920554,2023,King Abdullah University of Science and Technology,education,SA,4,4,4,3,3,1,16
I71920554,2024,King Abdullah University of Science and Technology,education,SA,6,6,6,4,5,2,17
I71920554,2025,King Abdullah University of Science and Technology,education,SA,5,4,4,1,4,0,15
I71999127,2024,Universitat de Barcelona,education,ES,1,1,0,0,0,0,1
I72090969,2023,Nokia (United States),company,US,2,2,2,2,2,0,2
I72227227,2022,Makerere University,education,UG,2,2,2,2,2,1,44
I72227227,2023,Makerere University,education,UG,1,1,1,1,1,0,23
I72227227,2025,Makerere University,education,UG,1,1,1,0,1,0,10
I72541430,2024,Lakehead University,education,CA,1,1,0,0,0,0,2
I72816309,2024,Drexel University,education,US,2,2,1,2,2,0,7
I72816309,2025,Drexel University,education,US,4,3,0,0,0,0,4
I73142707,2020,Athens University of Economics and Business,education,GR,1,1,1,0,1,0,2
I73142707,2021,Athens University of Economics and Business,education,GR,1,1,1,1,1,0,2
I73142707,2022,Athens University of Economics and Business,education,GR,2,2,2,1,2,0,4
I73142707,2023,Athens University of Economics and Business,education,GR,2,2,2,0,1,0,6
I73142707,2025,Athens University of Economics and Business,education,GR,1,1,1,1,1,0,3
I73613424,2020,National Institute of Advanced Industrial Science and Technology,government,JP,1,1,1,0,1,1,2
I73613424,2022,National Institute of Advanced Industrial Science and Technology,government,JP,3,3,1,0,3,3,7
I73613424,2025,National Institute of Advanced Industrial Science and Technology,government,JP,3,2,2,0,2,2,5
I73779912,2025,Manipal University Jaipur,education,IN,1,1,0,0,0,0,4
I74413500,2023,University of Windsor,education,CA,1,1,1,0,0,0,1
I74413500,2025,University of Windsor,education,CA,1,1,1,1,1,0,4
I74656192,2022,University of G?ttingen,education,DE,1,1,1,0,1,0,2
I74656192,2023,University of G?ttingen,education,DE,1,1,1,0,1,0,2
I74656192,2024,University of G?ttingen,education,DE,3,3,3,1,1,0,5
I74656192,2025,University of G?ttingen,education,DE,2,1,1,0,1,0,2
I74775410,2020,Rice University,education,US,1,1,0,1,1,0,1
I74775410,2021,Rice University,education,US,1,1,0,0,1,0,2
I74775410,2022,Rice University,education,US,1,1,0,0,0,0,1
I74775410,2023,Rice University,education,US,1,1,0,1,1,0,1
I74775410,2024,Rice University,education,US,2,2,1,1,1,0,5
I74775410,2025,Rice University,education,US,6,6,2,2,3,1,21
I74788687,2024,Comenius University Bratislava,education,SK,1,1,1,1,1,1,14
I74788687,2025,Comenius University Bratislava,education,SK,1,1,1,0,1,0,2
I74796645,2021,"Birla Institute of Technology and Science, Pilani",education,IN,1,1,1,1,1,0,2
I74796645,2024,"Birla Institute of Technology and Science, Pilani",education,IN,1,1,1,1,1,0,4
I74801974,2020,The University of Tokyo,education,JP,2,1,0,1,1,0,2
I74801974,2021,The University of Tokyo,education,JP,2,1,1,0,0,0,1
I74801974,2022,The University of Tokyo,education,JP,10,9,4,4,8,3,38
I74801974,2023,The University of Tokyo,education,JP,5,5,0,2,5,0,6
I74801974,2024,The University of Tokyo,education,JP,8,4,3,1,2,0,8
I74801974,2025,The University of Tokyo,education,JP,19,14,9,2,9,0,33
I74872605,2025,China Southern Power Grid,company,CN,1,1,0,1,1,1,2
I7495430,2020,Idiap Research Institute,facility,CH,1,1,1,0,1,0,3
I7495430,2021,Idiap Research Institute,facility,CH,1,1,1,0,1,0,2
I7495430,2022,Idiap Research Institute,facility,CH,2,2,2,2,2,0,4
I7495430,2023,Idiap Research Institute,facility,CH,1,1,1,1,1,0,7
I7495430,2024,Idiap Research Institute,facility,CH,3,3,3,0,3,0,5
I7495430,2025,Idiap Research Institute,facility,CH,5,5,5,0,5,0,6
I74973139,2020,Carnegie Mellon University,education,US,26,15,6,5,7,0,20
I74973139,2021,Carnegie Mellon University,education,US,22,16,4,7,9,0,21
I74973139,2022,Carnegie Mellon University,education,US,37,32,13,24,28,3,89
I74973139,2023,Carnegie Mellon University,education,US,34,30,13,17,23,1,68
I74973139,2024,Carnegie Mellon University,education,US,61,55,35,23,32,1,91
I74973139,2025,Carnegie Mellon University,education,US,43,31,18,13,14,1,84
I75059550,2021,Zhejiang Gongshang University,education,CN,1,1,0,0,0,0,1
I75059550,2025,Zhejiang Gongshang University,education,CN,2,2,1,1,2,0,9
I75421653,2024,University of Missouri鈥揔ansas City,education,US,1,1,1,1,1,0,9
I75421653,2025,University of Missouri鈥揔ansas City,education,US,1,1,0,1,1,1,7
I75867142,2025,Xiamen University of Technology,education,CN,1,1,0,0,1,1,3
I75917431,2020,Nara Institute of Science and Technology,education,JP,1,1,1,0,1,0,4
I75917431,2021,Nara Institute of Science and Technology,education,JP,3,3,0,1,3,0,5
I75917431,2022,Nara Institute of Science and Technology,education,JP,1,1,1,1,1,0,3
I75917431,2023,Nara Institute of Science and Technology,education,JP,2,1,0,0,1,0,2
I75917431,2024,Nara Institute of Science and Technology,education,JP,6,2,2,1,1,0,35
I75917431,2025,Nara Institute of Science and Technology,education,JP,15,12,4,3,8,0,25
I76130692,2020,Zhejiang University,education,CN,6,5,4,4,4,0,7
I76130692,2021,Zhejiang University,education,CN,8,8,1,6,6,0,8
I76130692,2022,Zhejiang University,education,CN,17,15,9,9,10,0,24
I76130692,2023,Zhejiang University,education,CN,30,25,12,18,20,0,33
I76130692,2024,Zhejiang University,education,CN,47,41,11,17,29,2,58
I76130692,2025,Zhejiang University,education,CN,93,89,41,51,62,0,116
I76134821,2021,Medical University of Vienna,education,AT,1,0,0,0,0,0,0
I76198965,2021,Friedrich Schiller University Jena,education,DE,1,1,0,0,0,0,1
I76214153,2025,Lanzhou University,education,CN,4,4,1,2,3,1,14
I76245029,2025,Saints Cyril and Methodius University of Skopje,education,MK,2,2,2,2,2,0,6
I76777374,2023,Central University of Rajasthan,education,IN,1,1,1,0,0,0,3
I78577930,2020,Columbia University,education,US,5,3,2,0,1,0,5
I78577930,2021,Columbia University,education,US,19,15,6,5,6,0,21
I78577930,2022,Columbia University,education,US,9,9,3,4,4,1,28
I78577930,2023,Columbia University,education,US,10,7,2,3,4,0,10
I78577930,2024,Columbia University,education,US,10,6,0,1,1,0,8
I78577930,2025,Columbia University,education,US,18,16,7,5,7,0,32
I78650965,2020,TU Dresden,education,DE,1,1,0,0,1,0,2
I78650965,2024,TU Dresden,education,DE,2,2,0,1,2,0,5
I78650965,2025,TU Dresden,education,DE,2,2,2,1,1,0,8
I78675632,2024,Beijing Information Science & Technology University,education,CN,1,1,0,0,0,0,1
I78757542,2021,University of Newcastle Australia,education,AU,1,1,1,1,1,0,2
I78757542,2022,University of Newcastle Australia,education,AU,3,3,3,3,3,0,8
I7882870,2022,University of Glasgow,education,GB,2,1,1,0,0,0,2
I7882870,2023,University of Glasgow,education,GB,3,1,1,1,1,0,2
I7882870,2024,University of Glasgow,education,GB,2,2,2,0,0,0,3
I7882870,2025,University of Glasgow,education,GB,3,2,2,1,2,0,11
I78988378,2021,Renmin University of China,education,CN,5,4,1,2,3,1,7
I78988378,2022,Renmin University of China,education,CN,10,9,5,7,7,1,17
I78988378,2023,Renmin University of China,education,CN,21,17,10,8,10,5,22
I78988378,2024,Renmin University of China,education,CN,34,29,7,23,26,2,29
I78988378,2025,Renmin University of China,education,CN,47,45,13,26,37,2,61
I79272384,2022,"University of Maryland, Baltimore County",education,US,1,1,0,0,0,0,2
I79272384,2025,"University of Maryland, Baltimore County",education,US,1,1,1,0,1,0,2
I79510175,2020,Cardiff University,education,GB,1,1,1,0,1,0,3
I79510175,2021,Cardiff University,education,GB,1,0,0,0,0,0,0
I79510175,2022,Cardiff University,education,GB,2,1,1,0,0,0,2
I79510175,2023,Cardiff University,education,GB,3,3,3,2,2,0,11
I79510175,2024,Cardiff University,education,GB,3,3,2,2,2,0,4
I79510175,2025,Cardiff University,education,GB,8,7,4,2,3,0,22
I79576946,2020,University of Pennsylvania,education,US,2,1,0,1,1,0,3
I79576946,2021,University of Pennsylvania,education,US,6,6,2,4,5,0,12
I79576946,2022,University of Pennsylvania,education,US,6,5,1,5,5,0,9
I79576946,2023,University of Pennsylvania,education,US,6,4,3,1,2,0,12
I79576946,2024,University of Pennsylvania,education,US,11,11,4,4,6,0,20
I79576946,2025,University of Pennsylvania,education,US,20,18,6,4,5,0,36
I79619799,2022,University of Birmingham,education,GB,1,1,0,0,0,0,1
I79619799,2024,University of Birmingham,education,GB,2,2,2,1,1,1,6
I79619799,2025,University of Birmingham,education,GB,4,4,3,1,2,0,10
I79891267,2020,Singapore Management University,education,SG,4,4,4,3,4,0,6
I79891267,2021,Singapore Management University,education,SG,2,1,0,0,1,1,2
I79891267,2022,Singapore Management University,education,SG,7,6,5,3,4,0,11
I79891267,2023,Singapore Management University,education,SG,10,10,10,4,6,1,21
I79891267,2024,Singapore Management University,education,SG,11,11,9,4,6,1,22
I79891267,2025,Singapore Management University,education,SG,14,13,12,3,5,1,18
I80611190,2023,Jeonbuk National University,education,KR,1,1,0,0,1,0,1
I8078737,2022,Clemson University,education,US,1,1,0,0,0,0,1
I8078737,2025,Clemson University,education,US,1,1,1,1,1,0,2
I8087733,2023,University of T眉bingen,education,DE,2,1,1,0,0,0,1
I8087733,2024,University of T眉bingen,education,DE,3,3,3,1,2,0,11
I8087733,2025,University of T眉bingen,education,DE,6,6,6,2,3,0,15
I80947539,2025,Fuzhou University,education,CN,3,3,1,0,0,0,3
I81007117,2024,Lucerne University of Applied Sciences and Arts,education,CH,3,3,3,0,2,0,4
I81365321,2025,Old Dominion University,education,US,2,2,1,0,0,0,3
I8204097,2020,Ludwig-Maximilians-Universit?t M眉nchen,education,DE,6,4,3,1,2,0,4
I8204097,2021,Ludwig-Maximilians-Universit?t M眉nchen,education,DE,11,7,6,3,4,0,8
I8204097,2022,Ludwig-Maximilians-Universit?t M眉nchen,education,DE,6,6,6,0,0,0,4
I8204097,2023,Ludwig-Maximilians-Universit?t M眉nchen,education,DE,5,5,4,0,2,0,9
I8204097,2024,Ludwig-Maximilians-Universit?t M眉nchen,education,DE,9,8,5,2,4,1,27
I8204097,2025,Ludwig-Maximilians-Universit?t M眉nchen,education,DE,20,20,11,5,10,0,35
I82497590,2021,Auburn University,education,US,1,1,1,0,0,0,1
I82497590,2022,Auburn University,education,US,1,0,0,0,0,0,0
I82497590,2023,Auburn University,education,US,1,1,0,1,1,0,1
I82497590,2025,Auburn University,education,US,3,3,1,0,0,0,16
I82880672,2020,Beihang University,education,CN,2,2,1,2,2,0,2
I82880672,2021,Beihang University,education,CN,8,8,1,6,6,0,11
I82880672,2022,Beihang University,education,CN,14,13,7,9,12,0,14
I82880672,2023,Beihang University,education,CN,7,6,5,4,6,0,17
I82880672,2024,Beihang University,education,CN,18,18,5,5,12,2,25
I82880672,2025,Beihang University,education,CN,32,30,7,14,24,4,43
I82951845,2022,RMIT University,education,AU,1,1,0,0,0,0,1
I82951845,2025,RMIT University,education,AU,8,6,4,1,1,0,7
I83019370,2022,Eindhoven University of Technology,education,NL,1,1,1,1,1,0,3
I83019370,2023,Eindhoven University of Technology,education,NL,2,2,2,0,1,0,6
I83019370,2024,Eindhoven University of Technology,education,NL,1,1,1,0,0,0,4
I83019370,2025,Eindhoven University of Technology,education,NL,2,2,2,1,1,0,5
I83436808,2024,Hankuk University of Foreign Studies,education,KR,1,1,0,0,0,0,1
I83436808,2025,Hankuk University of Foreign Studies,education,KR,1,1,0,0,0,0,1
I83467386,2021,IT University of Copenhagen,education,DK,3,1,1,1,1,0,5
I83467386,2022,IT University of Copenhagen,education,DK,5,4,4,0,0,0,2
I83467386,2023,IT University of Copenhagen,education,DK,2,2,1,0,0,0,2
I83467386,2024,IT University of Copenhagen,education,DK,3,3,2,2,3,1,21
I83558840,2023,Universidade Nova de Lisboa,education,PT,1,1,1,0,1,0,2
I83558840,2024,Universidade Nova de Lisboa,education,PT,2,1,1,1,1,0,1
I84218800,2020,"University of California, Davis",education,US,1,1,0,0,1,0,2
I84218800,2021,"University of California, Davis",education,US,3,1,0,1,1,0,2
I84218800,2022,"University of California, Davis",education,US,1,0,0,0,0,0,0
I84218800,2023,"University of California, Davis",education,US,3,3,0,1,1,0,7
I84218800,2024,"University of California, Davis",education,US,7,7,2,2,3,1,31
I84218800,2025,"University of California, Davis",education,US,9,9,2,4,5,1,23
I84392919,2024,Temple University,education,US,1,1,0,0,0,0,1
I84392919,2025,Temple University,education,US,1,1,1,0,1,0,1
I84653119,2022,Academia Sinica,facility,TW,2,2,1,0,2,0,5
I84653119,2023,Academia Sinica,facility,TW,1,1,0,0,1,0,1
I84653119,2024,Academia Sinica,facility,TW,2,1,0,0,1,0,1
I84653119,2025,Academia Sinica,facility,TW,3,3,1,0,3,0,4
I848706,2021,Sungkyunkwan University,education,KR,1,1,1,1,1,0,2
I848706,2023,Sungkyunkwan University,education,KR,5,2,1,0,0,0,3
I848706,2024,Sungkyunkwan University,education,KR,3,2,1,1,2,0,3
I848706,2025,Sungkyunkwan University,education,KR,18,10,3,3,5,1,10
I85384741,2020,Heidelberg University,education,US,1,1,1,0,0,0,2
I85384741,2022,Heidelberg University,education,US,3,3,3,2,2,0,4
I85384741,2023,Heidelberg University,education,US,2,1,1,0,1,0,1
I85384741,2025,Heidelberg University,education,US,2,1,1,0,0,0,1
I858936495,2024,ZHAW Zurich University of Applied Sciences,education,CH,1,1,0,0,1,0,1
I858936495,2025,ZHAW Zurich University of Applied Sciences,education,CH,1,1,1,1,1,0,1
I859038795,2021,Virginia Tech,education,US,1,1,0,0,1,0,3
I859038795,2022,Virginia Tech,education,US,3,3,2,2,2,0,4
I859038795,2023,Virginia Tech,education,US,5,4,1,3,3,0,9
I859038795,2024,Virginia Tech,education,US,11,10,3,6,6,0,17
I859038795,2025,Virginia Tech,education,US,10,7,3,3,4,0,15
I861853513,2020,Sapienza University of Rome,education,IT,4,1,1,0,1,0,3
I861853513,2021,Sapienza University of Rome,education,IT,4,1,1,0,0,0,2
I861853513,2022,Sapienza University of Rome,education,IT,1,0,0,0,0,0,0
I861853513,2023,Sapienza University of Rome,education,IT,3,3,3,0,2,0,7
I861853513,2024,Sapienza University of Rome,education,IT,4,3,2,1,3,0,6
I861853513,2025,Sapienza University of Rome,education,IT,10,8,3,2,6,2,12
I862669128,2020,Xiaomi,company,CN,1,1,0,1,1,1,3
I862669128,2021,Xiaomi,company,CN,1,1,0,1,1,1,2
I862669128,2022,Xiaomi,company,CN,1,1,0,1,1,0,2
I862669128,2023,Xiaomi,company,CN,2,2,1,2,2,0,4
I862669128,2024,Xiaomi,company,CN,2,2,2,2,2,0,23
I862669128,2025,Xiaomi,company,CN,12,10,1,10,10,1,10
I863896202,2024,Delhi Technological University,education,IN,1,1,1,0,0,0,3
I863896202,2025,Delhi Technological University,education,IN,1,1,1,1,1,0,4
I86501945,2025,University of Delaware,education,US,1,1,1,0,0,0,1
I86519309,2020,The University of Texas at Austin,education,US,6,4,2,2,2,0,4
I86519309,2021,The University of Texas at Austin,education,US,7,5,1,1,1,0,8
I86519309,2022,The University of Texas at Austin,education,US,20,12,1,5,7,0,21
I86519309,2023,The University of Texas at Austin,education,US,10,5,0,2,2,0,5
I86519309,2024,The University of Texas at Austin,education,US,18,13,6,7,10,0,26
I86519309,2025,The University of Texas at Austin,education,US,22,22,9,7,8,0,41
I865915315,2020,Vrije Universiteit Amsterdam,education,NL,1,1,0,0,0,0,1
I865915315,2021,Vrije Universiteit Amsterdam,education,NL,1,0,0,0,0,0,0
I865915315,2023,Vrije Universiteit Amsterdam,education,NL,1,1,0,0,0,0,2
I865915315,2024,Vrije Universiteit Amsterdam,education,NL,2,2,1,1,1,0,4
I865915315,2025,Vrije Universiteit Amsterdam,education,NL,1,1,1,0,1,0,3
I86767153,2021,Universit茅 Jean Monnet,education,FR,1,1,0,0,1,0,1
I8679417,2024,Hong Kong Metropolitan University,education,HK,1,1,1,0,0,0,2
I8679417,2025,Hong Kong Metropolitan University,education,HK,1,1,0,0,0,0,1
I8696757,2025,Singapore University of Social Sciences,education,SG,2,2,2,1,1,0,7
I86987016,2024,KTH Royal Institute of Technology,education,SE,2,2,2,0,1,0,5
I87111246,2022,Catholic University of Korea,education,KR,1,1,0,0,0,0,1
I87111246,2025,Catholic University of Korea,education,KR,2,1,1,0,0,0,1
I87216513,2023,Michigan State University,education,US,2,1,0,1,1,0,3
I87216513,2025,Michigan State University,education,US,6,5,1,2,2,0,16
I87354575,2025,National Chengchi University,education,TW,1,1,1,0,1,0,2
I87445476,2021,Xi'an Jiaotong University,education,CN,4,3,2,3,3,0,5
I87445476,2022,Xi'an Jiaotong University,education,CN,8,8,6,7,7,0,17
I87445476,2023,Xi'an Jiaotong University,education,CN,11,10,10,3,4,0,14
I87445476,2024,Xi'an Jiaotong University,education,CN,8,5,4,2,3,0,16
I87445476,2025,Xi'an Jiaotong University,education,CN,17,16,13,4,10,2,24
I874792244,2023,European University Institute,education,IT,1,1,1,0,0,0,4
I876193797,2023,Vellore Institute of Technology University,education,IN,1,1,0,1,1,0,3
I877176835,2025,University of Guilan,education,IR,2,2,2,0,0,0,13
I88060688,2021,Universidad Polit茅cnica de Madrid,education,ES,1,1,1,1,1,0,3
I88060688,2022,Universidad Polit茅cnica de Madrid,education,ES,1,1,1,1,1,0,4
I88060688,2023,Universidad Polit茅cnica de Madrid,education,ES,1,1,1,0,1,0,5
I88060688,2025,Universidad Polit茅cnica de Madrid,education,ES,2,2,2,1,2,0,16
I881427289,2022,University of Gothenburg,education,SE,1,1,1,0,0,0,3
I881427289,2024,University of Gothenburg,education,SE,1,1,1,0,0,0,1
I881427289,2025,University of Gothenburg,education,SE,2,2,2,0,2,0,15
I881766915,2020,Nanjing University,education,CN,1,1,0,1,1,0,1
I881766915,2021,Nanjing University,education,CN,5,3,2,2,2,0,4
I881766915,2022,Nanjing University,education,CN,7,4,2,3,3,0,6
I881766915,2023,Nanjing University,education,CN,10,5,2,2,3,0,8
I881766915,2024,Nanjing University,education,CN,19,12,5,6,9,1,14
I881766915,2025,Nanjing University,education,CN,32,30,13,18,25,4,67
I884002606,2025,Paul Ehrlich Institut,facility,DE,1,1,0,0,1,0,1
I887064364,2020,University of Amsterdam,education,NL,5,4,3,0,1,0,7
I887064364,2021,University of Amsterdam,education,NL,5,4,3,1,2,1,5
I887064364,2022,University of Amsterdam,education,NL,5,4,4,2,2,1,25
I887064364,2023,University of Amsterdam,education,NL,9,6,5,3,4,0,8
I887064364,2024,University of Amsterdam,education,NL,15,14,11,2,5,1,53
I887064364,2025,University of Amsterdam,education,NL,9,6,5,1,3,0,18
I88773910,2021,Intuit (United States),company,US,1,1,0,1,1,0,1
I88773910,2024,Intuit,company,US,3,2,1,2,2,0,3
I88773910,2025,Intuit,company,US,1,1,0,1,1,0,4
I887968799,2021,RWTH Aachen University,education,DE,1,1,1,0,0,0,1
I887968799,2022,RWTH Aachen University,education,DE,1,0,0,0,0,0,0
I887968799,2023,RWTH Aachen University,education,DE,1,1,1,0,1,0,4
I889458895,2020,University of Hong Kong,education,HK,1,1,1,1,1,0,1
I889458895,2021,University of Hong Kong,education,HK,3,3,3,3,3,0,9
I889458895,2022,University of Hong Kong,education,HK,8,8,8,8,8,0,22
I889458895,2023,University of Hong Kong,education,HK,10,9,9,5,7,0,18
I889458895,2024,University of Hong Kong,education,HK,11,11,11,4,7,0,15
I889458895,2025,University of Hong Kong,education,HK,34,32,31,13,22,2,47
I889804353,2020,Robert Bosch,company,DE,2,2,1,2,2,0,3
I889804353,2021,Robert Bosch,company,DE,3,3,2,3,3,0,5
I889804353,2022,Robert Bosch,company,DE,3,3,3,3,3,0,6
I889804353,2023,Robert Bosch,company,DE,2,2,2,2,2,0,5
I889804353,2024,Robert Bosch,company,DE,2,2,0,2,2,0,3
I889804353,2025,Robert Bosch,company,DE,4,4,3,4,4,0,11
I890469752,2022,Ministry of Industry and Information Technology,government,CN,1,1,0,0,1,1,2
I891191580,2022,Aalborg University,education,DK,1,1,1,0,0,0,2
I891191580,2025,Aalborg University,education,DK,2,2,2,1,1,0,45
I8961855,2022,Universidad Nacional Aut贸noma de M茅xico,education,MX,1,1,1,1,1,0,13
I8961855,2025,Universidad Nacional Aut贸noma de M茅xico,education,MX,1,1,1,1,1,0,12
I89652312,2025,Northwest A&F University,education,CN,1,1,0,0,0,0,1
I899635006,2022,Universit茅 Grenoble Alpes,education,FR,2,2,2,2,2,0,4
I899635006,2023,Universit茅 Grenoble Alpes,education,FR,1,1,1,0,1,1,5
I899635006,2025,Universit茅 Grenoble Alpes,education,FR,1,1,1,1,1,0,4
I90023481,2020,National Institute of Information and Communications Technology,facility,JP,1,1,1,0,1,0,1
I90023481,2021,National Institute of Information and Communications Technology,facility,JP,3,3,1,0,3,0,3
I90023481,2022,National Institute of Information and Communications Technology,facility,JP,1,1,1,1,1,0,4
I90023481,2023,National Institute of Information and Communications Technology,facility,JP,3,3,2,0,3,0,7
I90023481,2024,National Institute of Information and Communications Technology,facility,JP,3,2,2,0,2,1,9
I90023481,2025,National Institute of Information and Communications Technology,facility,JP,3,3,1,1,3,0,6
I900890020,2025,University of Palermo,education,IT,1,1,1,1,1,0,3
I90183372,2023,Universit茅 de Lorraine,education,FR,2,2,0,0,1,0,3
I90183372,2025,Universit茅 de Lorraine,education,FR,3,2,1,0,2,0,3
I90267481,2024,Ume? University,education,SE,1,1,1,0,0,0,2
I904495901,2024,Ruhr University Bochum,education,DE,1,1,1,1,1,0,4
I904495901,2025,Ruhr University Bochum,education,DE,3,3,0,1,2,0,3
I905225518,2025,Shanghai University of International Business and Economics,education,CN,1,1,0,0,0,0,2
I90527594,2024,Universit茅 de Nouakchott,education,MR,1,1,1,1,1,0,12
I90610280,2020,South China University of Technology,education,CN,2,1,1,0,0,0,3
I90610280,2022,South China University of Technology,education,CN,2,1,0,1,1,0,2
I90610280,2023,South China University of Technology,education,CN,3,1,1,0,0,0,2
I90610280,2024,South China University of Technology,education,CN,3,2,1,1,1,0,4
I90610280,2025,South China University of Technology,education,CN,16,16,7,8,14,0,22
I90678064,2025,University of Colombo,education,LK,1,1,1,0,0,0,2
I90840245,2021,Rollins College,education,US,1,1,0,0,0,0,2
I91044093,2021,Zayed University,education,AE,1,1,1,0,0,0,2
I91045830,2020,Texas A&M University,education,US,2,2,1,1,1,0,4
I91045830,2022,Texas A&M University,education,US,2,2,2,1,1,0,5
I91045830,2023,Texas A&M University,education,US,7,5,3,2,3,0,14
I91045830,2024,Texas A&M University,education,US,5,5,3,2,2,0,28
I91045830,2025,Texas A&M University,education,US,8,7,2,3,4,0,26
I91136226,2020,University of Sheffield,education,GB,2,2,2,0,1,0,4
I91136226,2021,University of Sheffield,education,GB,6,5,3,1,3,0,8
I91136226,2022,University of Sheffield,education,GB,8,6,3,1,2,0,8
I91136226,2023,University of Sheffield,education,GB,7,4,2,0,1,0,5
I91136226,2024,University of Sheffield,education,GB,4,0,0,0,0,0,0
I91136226,2025,University of Sheffield,education,GB,13,10,6,3,5,0,19
I91203450,2020,University of Haifa,education,IL,1,1,1,1,1,0,3
I91538806,2025,King Mongkut's Institute of Technology Ladkrabang,education,TH,1,1,1,0,0,0,1
I91712215,2020,Saarland University,education,DE,5,4,4,4,4,0,6
I91712215,2021,Saarland University,education,DE,1,1,0,1,1,0,1
I91712215,2022,Saarland University,education,DE,3,2,2,2,2,1,44
I91712215,2023,Saarland University,education,DE,5,5,4,2,3,0,30
I91712215,2024,Saarland University,education,DE,7,7,6,1,2,0,10
I91712215,2025,Saarland University,education,DE,9,8,7,0,5,0,31
I91807558,2021,National Cheng Kung University,education,TW,1,1,1,0,0,0,1
I91807558,2023,National Cheng Kung University,education,TW,2,0,0,0,0,0,0
I91807558,2025,National Cheng Kung University,education,TW,1,1,1,1,1,0,3
I91935597,2024,University of South China,education,CN,1,1,1,0,0,0,2
I919958821,2023,Bayero University Kano,education,NG,1,1,1,1,1,0,23
I92039509,2025,Guangzhou Medical University,education,CN,1,1,1,0,1,0,4
I9224756,2020,Northeastern University,education,CN,4,3,2,1,2,0,5
I9224756,2021,Northeastern University,education,CN,9,8,5,5,6,0,14
I9224756,2022,Northeastern University,education,CN,5,5,5,1,2,0,12
I9224756,2023,Northeastern University,education,CN,15,13,11,8,9,0,26
I9224756,2024,Northeastern University,education,CN,28,22,18,8,14,0,49
I9224756,2025,Northeastern University,education,CN,31,26,20,10,12,1,58
I92403157,2024,University of Science and Technology Beijing,education,CN,2,2,1,0,2,2,7
I92403157,2025,University of Science and Technology Beijing,education,CN,3,3,1,1,2,0,5
I92446798,2024,Colorado State University,education,US,1,0,0,0,0,0,0
I92446798,2025,Colorado State University,education,US,1,0,0,0,0,0,0
I926574661,2021,Leipzig University,education,DE,1,1,0,1,1,0,1
I926574661,2022,Leipzig University,education,DE,1,1,0,0,0,0,1
I926574661,2023,Leipzig University,education,DE,2,2,0,1,1,0,4
I926574661,2024,Leipzig University,education,DE,1,1,0,0,0,0,2
I92715842,2025,University of West Bohemia,education,CZ,1,0,0,0,0,0,0
I9300472,2025,Bournemouth University,education,GB,1,0,0,0,0,0,0
I9360294,2021,University of Bologna,education,IT,1,1,0,0,0,0,1
I9360294,2022,University of Bologna,education,IT,4,2,2,1,1,0,3
I9360294,2023,University of Bologna,education,IT,1,1,1,1,1,0,2
I9360294,2024,University of Bologna,education,IT,3,3,3,0,0,0,3
I9360294,2025,University of Bologna,education,IT,4,1,1,0,1,0,5
I93860229,2021,Politecnico di Milano,education,IT,1,1,0,0,0,0,1
I93860229,2025,Politecnico di Milano,education,IT,1,1,0,0,1,0,1
I94234084,2021,Indian Institute of Technology Kanpur,education,IN,4,4,3,1,1,0,7
I94234084,2022,Indian Institute of Technology Kanpur,education,IN,1,0,0,0,0,0,0
I94234084,2024,Indian Institute of Technology Kanpur,education,IN,2,2,1,1,1,0,2
I94234084,2025,Indian Institute of Technology Kanpur,education,IN,2,2,1,1,1,0,3
I94518387,2023,Hanoi University of Science and Technology,education,VN,1,1,1,0,0,0,1
I94518387,2024,Hanoi University of Science and Technology,education,VN,2,2,2,1,1,0,5
I94518387,2025,Hanoi University of Science and Technology,education,VN,1,1,1,1,1,0,3
I94624287,2023,University of Twente,education,NL,1,1,1,0,1,0,5
I94626330,2025,University of Bamberg,education,DE,2,2,2,0,0,0,13
I94658018,2025,University of Memphis,education,US,2,1,1,1,1,1,12
I94800806,2024,Birzeit University,education,PS,1,1,1,1,1,0,12
I94800806,2025,Birzeit University,education,PS,1,1,1,0,0,0,1
I951315,2022,Graduate Institute of International and Development Studies,education,CH,1,1,1,0,0,0,1
I951315,2025,Graduate Institute of International and Development Studies,education,CH,1,1,1,1,1,0,2
I95457486,2020,"University of California, Berkeley",education,US,4,1,0,1,1,0,1
I95457486,2021,"University of California, Berkeley",education,US,8,6,2,4,4,0,5
I95457486,2022,"University of California, Berkeley",education,US,8,5,2,3,3,1,26
I95457486,2023,"University of California, Berkeley",education,US,10,8,3,4,6,0,15
I95457486,2024,"University of California, Berkeley",education,US,21,17,6,5,10,0,34
I95457486,2025,"University of California, Berkeley",education,US,14,13,6,5,6,0,63
I95549939,2020,BNP Paribas,company,FR,1,1,0,1,1,0,2
I95549939,2021,BNP Paribas,company,FR,1,1,0,1,1,0,2
I95674353,2025,UCLouvain,education,BE,2,2,2,0,1,0,16
I9617848,2024,Universitat Polit猫cnica de Catalunya,education,ES,1,0,0,0,0,0,0
I96673099,2025,Technical University of Denmark,education,DK,1,1,1,0,0,0,1
I96733725,2025,Shanghai Maritime University,education,CN,1,1,1,0,0,0,2
I96852419,2024,Capital Normal University,education,CN,1,1,0,1,1,0,2
I96908189,2023,Xinjiang University,education,CN,3,3,0,2,3,0,7
I96908189,2024,Xinjiang University,education,CN,1,1,0,1,1,0,2
I97002122,2021,University of the Philippines Open University,education,PH,1,1,1,0,0,0,1
I97018004,2020,Stanford University,education,US,8,5,2,4,4,0,7
I97018004,2021,Stanford University,education,US,11,10,0,3,6,0,13
I97018004,2022,Stanford University,education,US,16,13,6,6,6,1,38
I97018004,2023,Stanford University,education,US,23,17,7,5,10,0,34
I97018004,2024,Stanford University,education,US,22,15,8,6,8,0,40
I97018004,2025,Stanford University,education,US,39,31,23,11,16,0,59
I97188460,2023,Nantes Universit茅,education,FR,1,1,0,0,1,0,2
I97188460,2025,Nantes Universit茅,education,FR,1,1,0,0,1,0,1
I9736820,2025,茅cole de Technologie Sup茅rieure,education,CA,1,1,1,1,1,0,6
I97565354,2025,University of Lausanne,education,CH,1,1,1,0,1,0,7
I98259816,2025,"Birkbeck, University of London",education,GB,1,1,1,0,0,0,1
I98285908,2020,Osaka University,education,JP,1,1,1,0,1,1,2
I98285908,2022,Osaka University,education,JP,2,2,0,1,1,0,3
I98285908,2023,Osaka University,education,JP,1,1,0,0,0,0,1
I98285908,2024,Osaka University,education,JP,2,2,1,2,2,0,5
I98285908,2025,The University of Osaka,education,JP,1,1,0,0,1,0,2
I98301712,2020,Baidu,company,CN,6,4,1,4,4,0,4
I98301712,2021,Baidu,company,CN,12,6,3,6,6,1,8
I98301712,2022,Baidu,company,CN,12,10,5,9,9,2,19
I98301712,2023,Baidu,company,CN,14,12,3,11,11,2,18
I98301712,2024,Baidu,company,CN,14,13,4,13,13,5,17
I98301712,2025,Baidu,company,CN,20,19,5,19,19,5,23
I98358874,2023,Delft University of Technology,education,NL,2,2,1,0,1,0,6
I98358874,2024,Delft University of Technology,education,NL,3,3,2,0,1,0,5
I98358874,2025,Delft University of Technology,education,NL,1,1,1,0,1,0,1
I9842412,2024,Nanjing University of Aeronautics and Astronautics,education,CN,2,1,1,0,0,0,3
I9842412,2025,Nanjing University of Aeronautics and Astronautics,education,CN,3,3,2,1,2,1,4
I98461037,2025,Tecnol贸gico de Monterrey,education,MX,1,1,1,0,0,0,1
I98540497,2025,Barnard College,education,US,1,1,0,0,0,0,1
I98635879,2025,American University of Beirut,education,LB,1,1,1,0,1,0,1
I98677209,2020,University of Edinburgh,education,GB,8,6,5,2,2,0,10
I98677209,2021,University of Edinburgh,education,GB,16,9,9,2,5,1,13
I98677209,2022,University of Edinburgh,education,GB,17,12,12,5,7,0,32
I98677209,2023,University of Edinburgh,education,GB,12,10,10,4,7,1,19
I98677209,2024,University of Edinburgh,education,GB,24,21,17,5,7,0,35
I98677209,2025,University of Edinburgh,education,GB,27,24,20,9,11,1,93
I98885092,2024,Nara Women's University,education,JP,1,1,1,0,0,0,3
I99043593,2022,Macquarie University,education,AU,1,1,1,1,1,0,1
I99043593,2024,Macquarie University,education,AU,3,3,1,1,1,0,5
I99043593,2025,Macquarie University,education,AU,9,8,6,2,2,0,15
I99065089,2020,Tsinghua University,education,CN,15,13,6,11,11,0,14
I99065089,2021,Tsinghua University,education,CN,33,32,19,23,25,3,41
I99065089,2022,Tsinghua University,education,CN,42,40,13,25,32,0,51
I99065089,2023,Tsinghua University,education,CN,55,52,21,27,32,0,55
I99065089,2024,Tsinghua University,education,CN,68,64,26,33,45,5,102
I99065089,2025,Tsinghua University,education,CN,120,109,51,45,73,7,127
I9927081,2023,Aalto University,education,FI,1,0,0,0,0,0,0
I9927081,2024,Aalto University,education,FI,1,0,0,0,0,0,0
I99464096,2022,KU Leuven,education,BE,1,1,1,1,1,0,4
I99464096,2023,KU Leuven,education,BE,4,4,4,0,0,0,7
I99464096,2024,KU Leuven,education,BE,2,2,2,1,1,1,36
I99464096,2025,KU Leuven,education,BE,2,2,2,1,1,0,44
I99542240,2025,Polish Academy of Sciences,government,PL,2,2,1,0,2,2,5
I99613584,2025,National Taipei University,education,TW,1,1,1,0,1,1,4
I99729588,2025,Indian Institute of Technology Bhubaneswar,education,IN,1,1,1,1,1,0,2
