paper_id,year,openalex_work_id,first_author_openalex_id,last_author_openalex_id,author_count_openalex,institution_count_openalex,author_id_coverage,institution_id_coverage,author_history_coverage,institution_history_coverage,author_prior_citations_3y_max_log1p,author_prior_works_3y_mean_log1p,institution_prior_citations_3y_max_log1p,has_code_url,has_model_url,has_data_url,has_public_artifact,history_window_years
2020.acl-main.119,2020,W3035586188,A5061528283,A5018582154,2,1,1,1,1,1,7.8236459308349522,3.6243409329763652,13.814376915634556,0,1,0,1,3
2020.acl-main.121,2020,W3035691816,A5015809194,A5015785439,4,1,1,1,1,1,7.633369649679584,4.0817657800152407,14.948593836147561,0,0,0,0,3
2020.acl-main.125,2020,W3034682120,A5101666810,A5107808331,6,1,1,1,1,1,9.5463124835557114,3.5409593240373143,8.5316876375666908,0,0,0,0,3
2020.acl-main.129,2020,W3017861469,A5091470172,A5030503109,3,2,1,1,1,1,7.9827577020111127,3.2708355637989119,14.097719681113714,0,0,0,0,3
2020.acl-main.133,2020,W3033475175,A5042169309,A5027450194,3,1,1,1,1,1,9.6621800305942465,4.2389257910332079,12.405378318864289,0,0,0,0,3
2020.acl-main.144,2020,W4245202262,A5011367648,A5033330160,3,6,1,1,1,1,6.6618547405453112,2.4849066497880004,15.499697437071209,0,0,0,0,3
2020.acl-main.145,2020,W3034407863,A5067585932,A5031455263,4,3,1,1,1,1,7.0475172213572961,2.6390573296152584,14.193353667016128,0,0,0,0,3
2020.acl-main.149,2020,W3034508791,A5025094225,A5066940046,5,1,1,1,1,1,7.5475016828149668,3.478158422798284,7.8789129122971326,1,0,0,1,3
2020.acl-main.15,2020,W3034363136,A5088179161,A5115592065,6,2,1,1,1,1,8.7806337994949839,3.8140425970679424,14.304538325287568,0,1,0,1,3
2020.acl-main.156,2020,W3034617741,,,0,1,0,1,0,1,,,11.894173014298756,0,0,0,0,3
2020.acl-main.167,2020,W3027327463,A5048083543,A5043396055,7,2,1,1,1,1,7.2048925102046733,2.4608090982089399,12.25678952382188,0,0,0,0,3
2020.acl-main.171,2020,W3034579764,A5101805947,A5073224570,2,1,1,1,1,1,5.4424177105217932,2.0149030205422647,12.917057288419755,0,1,0,1,3
2020.acl-main.200,2020,W3034394361,A5049450075,A5102002827,3,1,1,1,1,1,7.2730925959995218,2.9267394020670401,12.130405766604758,0,1,0,1,3
2020.acl-main.202,2020,W3022128899,A5103853262,A5021000040,2,2,1,1,1,1,6.8145428972599582,3.5409593240373143,12.172112471446578,0,0,0,0,3
2020.acl-main.204,2020,W3035038672,A5110367147,A5082997975,5,2,1,1,1,1,8.5049181605406243,3.6686767467964168,13.305259768949126,1,1,0,1,3
2020.acl-main.207,2020,W3016913119,A5064858748,A5085011940,5,1,1,1,1,1,8.2313760455739686,2.9014215940827497,10.172063255248172,0,1,0,1,3
2020.acl-main.21,2020,W3034239264,A5067695432,A5029568096,2,1,1,1,1,1,7.7566233345388582,3.6763006719070761,14.460542546509824,0,1,0,1,3
2020.acl-main.215,2020,W3021378543,A5040069285,A5090835657,9,0,1,0,1,0,5.8971538676367405,1.6529230243738391,,0,0,0,0,3
2020.acl-main.220,2020,W3022592851,A5109576489,A5080591144,6,3,1,1,1,1,8.8674274385249827,3.3081069585961438,14.03220858142171,0,0,0,0,3
2020.acl-main.222,2020,W2985799198,A5048651878,A5076635608,6,1,1,1,1,1,8.8518065585524504,3.2958368660043291,12.613865043397428,0,0,0,0,3
2020.acl-main.227,2020,W3034629641,A5101424484,A5016448581,8,5,1,1,1,1,8.8237951487205297,4.1990798824860089,14.070616234815851,0,0,0,0,3
2020.acl-main.23,2020,W3035475181,A5006827289,A5100734069,5,5,1,1,1,1,7.7007477945117984,2.8678989020441064,14.661908299079933,0,0,0,0,3
2020.acl-main.235,2020,W3035100081,A5079869432,A5001469325,6,3,1,1,1,1,8.5095641642517457,3.7054087560651463,14.024839120244756,0,1,0,1,3
2020.acl-main.238,2020,W3034225346,A5002316432,A5002316432,1,1,1,1,1,1,6.0258659738253142,2.5649493574615367,9.7991820357268136,0,0,0,0,3
2020.acl-main.24,2020,W3034878914,A5103152813,A5086603207,2,1,0.66666666666666663,1,1,1,7.8367647832640666,3.044522437723423,9.9380821973006288,0,1,0,1,3
2020.acl-main.241,2020,W3034758281,A5033437280,A5107808331,5,0,1,0,1,0,9.5463124835557114,3.6584202466292282,,0,0,0,0,3
2020.acl-main.246,2020,W3021041462,A5101066425,A5082997975,6,2,1,1,1,1,8.5049181605406243,3.5788785588996079,13.305259768949126,1,0,0,1,3
2020.acl-main.247,2020,W2972738865,A5079135719,A5112335036,8,1,1,1,1,1,6.0591231955817966,2.7080502011022101,12.418025817448733,0,1,0,1,3
2020.acl-main.253,2020,W2967600676,A5016113002,A5083212922,4,1,1,1,1,1,10.042684117724416,3.4420193761824107,12.613865043397428,0,0,0,0,3
2020.acl-main.254,2020,W3035348852,A5091077640,A5006404928,6,1,1,1,1,1,6.8772960714974287,3.2451931331855741,12.961891762491804,0,0,0,0,3
2020.acl-main.277,2020,W3034216012,A5001672124,A5024102664,4,1,1,1,1,1,7.6255950721324526,3.4258899942525267,11.534980455751059,0,1,0,1,3
2020.acl-main.299,2020,W3034212072,A5101866601,A5057508424,3,1,1,1,1,1,7.3211885567394779,3.6549779024382549,12.898837252918335,0,1,0,1,3
2020.acl-main.301,2020,W3035400757,A5112427900,A5100418684,4,4,1,1,1,1,8.1025864253907898,3.886705197443856,14.077938666547531,0,0,0,0,3
2020.acl-main.302,2020,W3035058125,A5100433630,A5100402911,3,1,1,1,1,1,7.0707241072602764,3.2834143460057721,13.482287038542117,1,0,0,1,3
2020.acl-main.306,2020,W3035448883,A5084990301,A5035534911,4,2,1,1,1,1,7.9113240189633531,2.9831534913471307,12.914349788766916,0,0,0,0,3
2020.acl-main.319,2020,W3034397670,A5108286207,A5100427076,5,2,1,1,1,1,7.9233482119301542,3.8286413964890951,13.818099204525764,0,0,0,0,3
2020.acl-main.322,2020,W3035629723,A5107028150,A5101857422,8,3,1,1,1,1,8.4233219758061662,3.0019628233046269,12.819841064622178,0,0,0,0,3
2020.acl-main.323,2020,W3034687015,A5049783368,A5056590711,4,4,1,1,1,1,7.3297496890415124,3.4657359027997265,13.70379209555227,0,0,0,0,3
2020.acl-main.324,2020,W3034906024,A5023868584,A5101661008,6,0,1,0,1,0,7.2786289423206822,3.9153507955208209,,0,0,0,0,3
2020.acl-main.340,2020,W3034990686,A5101447904,A5040759280,2,1,1,1,1,1,6.7464121285733754,3.044522437723423,13.817679204749046,0,0,0,0,3
2020.acl-main.344,2020,W3034571331,A5101863385,A5013188461,5,2,1,1,1,1,9.1102990177959562,3.9160150266976834,13.296815719652889,0,0,0,0,3
2020.acl-main.350,2020,W3034586846,A5088179161,A5101884287,7,2,1,1,1,1,9.5127386282636444,4.1061790198691037,14.304538325287568,0,1,0,1,3
2020.acl-main.36,2020,W3035289598,A5055122985,A5048237545,3,0,1,0,1,0,8.7412962822251465,4.2046926193909657,,0,1,0,1,3
2020.acl-main.368,2020,W2980697054,A5076269589,A5071144367,2,3,1,1,1,1,7.6275443904885032,4.1820501426412067,13.893857675090135,0,1,0,1,3
2020.acl-main.37,2020,W3035548285,A5049783368,A5100458628,5,4,1,1,1,1,7.3297496890415124,3.4210000089583352,13.70379209555227,0,0,0,0,3
2020.acl-main.370,2020,W3035431747,A5042960981,A5055685073,5,1,1,1,1,1,7.4330753488985799,3.9160150266976834,12.459966521950244,0,1,0,1,3
2020.acl-main.38,2020,W3035747971,A5049783368,A5100458628,5,4,1,1,1,1,7.3297496890415124,3.4210000089583352,13.70379209555227,0,0,0,0,3
2020.acl-main.388,2020,W3035596036,A5061989255,A5060042752,4,2,1,1,1,1,8.9591830742067735,3.7898553714539385,14.217284863432017,0,0,0,0,3
2020.acl-main.397,2020,W3035169973,A5071444362,A5100703185,4,3,1,1,1,1,7.9515593311552522,3.2484346271097451,13.817679204749046,0,0,0,0,3
2020.acl-main.40,2020,W3034742481,A5101086828,A5085736941,6,5,1,1,1,1,7.9515593311552522,3.1849742731925192,15.630503527014731,0,0,0,0,3
2020.acl-main.410,2020,W3035129496,A5086600391,A5101488340,3,1,1,1,1,1,7.1846291527173145,2.5649493574615367,14.02867649805321,0,0,0,0,3
2020.acl-main.43,2020,W3017116062,A5109946254,A5061044883,6,4,1,1,1,1,9.326967183907902,4.0915629192602241,14.713774987941722,0,0,0,0,3
2020.acl-main.443,2020,W3022192152,A5049579964,A5039096905,4,1,1,1,1,1,7.503840746698951,2.8478121434773689,14.02867649805321,1,0,0,1,3
2020.acl-main.451,2020,W3034961030,A5100622261,A5100627504,4,2,1,1,1,1,8.8237951487205297,3.6888794541139358,13.88800329776085,0,0,0,0,3
2020.acl-main.460,2020,W3034991617,,,1,2,0.25,1,0,1,,,14.52280864055286,0,0,0,0,3
2020.acl-main.467,2020,W3034255912,A5017627015,A5112713734,9,3,1,1,1,1,8.8041750187536252,3.0122615755052013,13.95116581858359,0,0,0,0,3
2020.acl-main.469,2020,W3034837210,A5004824034,A5087096372,5,3,1,1,1,1,9.313348122050412,3.8877303128591016,14.460542546509824,0,1,0,1,3
2020.acl-main.471,2020,W3021922361,A5063343642,A5021057186,3,2,1,1,1,1,7.2189097076190603,3.3557350075853982,13.88800329776085,0,0,0,0,3
2020.acl-main.496,2020,W3030885703,A5005590626,A5030752617,3,1,1,1,1,1,7.7371800778346298,3.0285220963769821,14.512335467381185,0,0,0,0,3
2020.acl-main.504,2020,W3022719076,A5060844217,A5056376686,2,2,1,1,1,1,6.6808546787902152,3.6243409329763652,10.436642021785184,0,1,0,1,3
2020.acl-main.510,2020,W3034978379,A5068755696,A5100435461,2,0,1,0,1,0,6.5352412710136587,2.0794415416798362,,0,1,0,1,3
2020.acl-main.522,2020,W3035000929,A5055939662,A5037685378,7,0,1,0,1,0,7.774015077250727,3.044522437723423,,1,0,0,1,3
2020.acl-main.523,2020,W3034843119,A5022583259,A5086674741,4,1,1,1,1,1,8.3820605174247405,2.8763855159214247,8.7942186836794889,0,0,0,0,3
2020.acl-main.528,2020,W3035642486,A5088256860,A5088834359,5,1,1,1,1,1,8.7436911105430202,3.5145260669691587,13.914782878113618,0,0,0,0,3
2020.acl-main.536,2020,W3035547806,A5068394403,A5091317839,5,2,1,1,1,1,10.144510313937577,3.2809112157876537,14.749790509197988,0,1,0,1,3
2020.acl-main.539,2020,W3035620114,A5019101763,A5017205177,10,3,1,1,1,1,9.1102990177959562,3.475067230228611,14.214771795132586,0,0,0,0,3
2020.acl-main.552,2020,W3035050380,A5088945316,A5088834359,6,1,1,1,1,1,9.0536865619308085,4.2579739860039032,13.914782878113618,1,0,0,1,3
2020.acl-main.553,2020,W3034353423,A5101408453,A5088834359,5,1,1,1,1,1,8.7436911105430202,3.784189633918261,13.914782878113618,0,0,0,0,3
2020.acl-main.555,2020,W3035620455,A5100318438,A5100663187,6,2,1,1,1,1,8.1783581656058359,3.6971782569286313,12.459966521950244,0,0,0,0,3
2020.acl-main.586,2020,W3021802247,A5020005244,A5102886212,5,4,1,1,1,1,8.9382691470385485,3.737669618283368,14.416028062956311,1,0,0,1,3
2020.acl-main.593,2020,W3016791490,A5007903277,A5088517824,5,1,1,1,1,1,9.326967183907902,3.8543938925915096,10.172063255248172,0,1,0,1,3
2020.acl-main.595,2020,W3035594424,A5100660086,A5022672030,7,2,1,1,1,1,9.2010977906092499,2.7362210780689065,14.6860090474076,0,0,0,0,3
2020.acl-main.599,2020,W3034364750,A5101622992,A5007985173,8,2,1,1,1,1,9.1102990177959562,3.4812400893356918,13.811854884123598,0,0,0,0,3
2020.acl-main.604,2020,W3034987253,A5062188134,A5042018181,8,3,1,1,1,1,7.8601850574721652,3.0325462466767075,12.172112471446578,0,0,0,0,3
2020.acl-main.616,2020,W3035731883,A5072082849,A5010013507,3,2,1,1,1,1,4.1271343850450917,1.7346010553881064,15.630503527014731,0,0,0,0,3
2020.acl-main.617,2020,W3023009950,A5055452554,A5103852640,6,3,1,1,1,1,7.89989532313973,3.1640675883732059,15.00045496520046,0,0,0,0,3
2020.acl-main.624,2020,W3034653145,A5070380110,A5027450194,3,1,1,1,1,1,9.6621800305942465,4.2858827741209797,12.405378318864289,0,0,0,0,3
2020.acl-main.625,2020,W3034665873,A5035055509,A5081398601,5,0,1,0,1,0,9.7061335729082128,3.4468078929142081,,0,1,0,1,3
2020.acl-main.638,2020,W3035337525,A5102952032,A5101840854,5,2,1,1,1,1,7.3310603052186316,2.8449093838194077,14.214771795132586,0,0,0,0,3
2020.acl-main.640,2020,W3035702572,A5027178632,A5029568096,3,1,1,1,1,1,7.7566233345388582,3.4446824936018943,14.460542546509824,0,0,0,0,3
2020.acl-main.648,2020,W3034258576,A5111353285,A5018976680,2,2,1,1,1,1,7.5137092478397047,3.6888794541139358,14.227067738326603,0,0,0,0,3
2020.acl-main.665,2020,W3023352130,A5040570970,A5066497689,4,1,1,1,1,1,5.1474944768134527,2.2772672850097559,11.567707167779876,0,0,0,0,3
2020.acl-main.670,2020,W3021348542,A5101511746,A5090038537,4,3,1,1,1,1,8.2313760455739686,3.0796137575346929,14.713774987941722,1,0,0,1,3
2020.acl-main.686,2020,W3035251378,A5119012009,A5070926896,7,2,1,1,1,1,9.3119036873856231,3.3623575483458921,14.512335467381185,1,0,0,1,3
2020.acl-main.687,2020,W3034955736,A5057842780,A5082767919,3,1,1,1,1,1,8.1958853913147962,2.6149597780361979,13.103412946885303,0,0,0,0,3
2020.acl-main.704,2020,W3016254928,A5069698101,A5109937799,3,1,1,1,1,1,8.2155474119470693,3.1640675883732059,13.616931562261003,0,0,0,0,3
2020.acl-main.705,2020,W3035317912,A5037467245,A5100627504,5,2,1,1,1,1,8.8237951487205297,3.3393219779440679,13.617366889101389,0,1,0,1,3
2020.acl-main.718,2020,W2983386625,A5036823356,A5075825791,5,1,1,1,1,1,7.8284363591575854,3.310543013394025,14.749790509197988,0,0,0,0,3
2020.acl-main.720,2020,W3021456553,A5001258753,A5024437840,3,1,1,1,1,1,8.2766491254218604,3.3900240810640301,14.749790509197988,0,0,0,0,3
2020.acl-main.731,2020,W3035313462,A5063149046,A5107836252,4,2,1,1,1,1,8.5525603352535295,3.8659790669267391,14.241387911435329,0,0,0,0,3
2020.acl-main.740,2020,W3017961061,A5075783850,A5088517824,7,1,1,1,1,1,9.326967183907902,3.5008272226109969,10.172063255248172,0,1,0,1,3
2020.acl-main.745,2020,W3035231859,A5078519761,A5101404695,4,2,1,1,1,1,8.9540277592704598,4.4308167988433134,13.617366889101389,0,0,0,0,3
2020.acl-main.747,2020,W2983040767,A5068394403,A5091317839,10,3,1,1,1,1,10.144510313937577,3.1267605359603952,14.749790509197988,0,1,0,1,3
2020.acl-main.753,2020,W3035511085,A5046881440,A5008056956,4,2,1,1,1,1,8.1845137530337215,3.1135153092103742,14.749790509197988,0,0,0,0,3
2020.acl-main.771,2020,W3027825046,A5104274124,A5033696194,2,1,1,1,1,1,7.9287663216266946,3.6375861597263857,12.418025817448733,0,0,0,0,3
2020.acl-main.78,2020,W3034208549,A5100403505,A5005421447,3,2,1,1,1,1,10.442113151159798,4.5468346089751277,13.375126311649309,0,0,0,0,3
2020.acl-main.9,2020,W3035451444,A5003409838,A5100386394,5,1,1,1,1,1,8.1783581656058359,3.5779478934066544,10.812330619275128,0,1,0,1,3
2020.emnlp-main.1,2020,W3102577836,A5021733732,A5073692224,5,2,1,1,1,1,8.6256887875695369,3.5145260669691587,13.617366889101389,0,0,0,0,3
2020.emnlp-main.10,2020,W3091892441,A5015256182,A5081635691,2,3,1,1,1,1,8.5301094166827838,4.0163830207523885,13.617366889101389,0,0,0,0,3
2020.emnlp-main.103,2020,W3098648677,A5090130877,A5062546146,2,2,1,1,1,1,8.3284510668193601,3.5553480614894131,14.563995468146317,0,1,0,1,3
2020.emnlp-main.105,2020,W3099338292,A5056096860,A5101509445,4,2,1,1,1,1,8.6242522637096446,3.0563568953704259,12.156241439664829,0,0,0,0,3
2020.emnlp-main.108,2020,W3104152666,A5084990301,A5101640515,5,3,1,1,1,1,7.9113240189633531,2.7212954278522306,12.914349788766916,0,0,0,0,3
2020.emnlp-main.11,2020,W3022845607,A5017986865,A5083735830,2,1,1,1,1,1,6.0591231955817966,3.1135153092103742,13.51513357841994,0,0,0,0,3
2020.emnlp-main.110,2020,W3101900272,A5048901866,A5044130443,3,2,1,1,1,1,6.6012301187288767,3.0122615755052013,13.391069031155592,0,0,0,0,3
2020.emnlp-main.111,2020,W3102372184,A5108815041,A5101881099,5,3,1,1,1,1,7.1693500166705997,2.653241964607215,13.811854884123598,0,0,0,0,3
2020.emnlp-main.113,2020,W3102632267,A5044671587,A5068060952,3,1,1,1,1,1,6.8772960714974287,2.5649493574615367,13.810834642892672,0,0,0,0,3
2020.emnlp-main.114,2020,W3098630015,A5100611571,A5047856952,5,3,1,1,1,1,7.0387835413885416,2.7212954278522306,14.6860090474076,0,0,0,0,3
2020.emnlp-main.117,2020,W3103694015,A5003608048,A5038969629,6,1,1,1,1,1,9.6106589259314674,2.9356283494842854,15.00045496520046,0,0,0,0,3
2020.emnlp-main.120,2020,W3096299031,A5052875434,A5046006076,4,2,1,1,1,1,9.2779990204499967,3.3672958299864741,15.00045496520046,0,1,0,1,3
2020.emnlp-main.121,2020,W3092367931,A5059930218,A5078390032,2,1,1,1,1,1,6.6871086078665147,2.917770732084279,13.892964070409093,0,0,0,0,3
2020.emnlp-main.124,2020,W3100652389,A5100456377,A5086674741,5,3,1,1,1,1,8.3820605174247405,3.3603753871419002,11.720882279356012,0,0,0,0,3
2020.emnlp-main.125,2020,W3100038956,A5112403434,A5112241147,2,2,1,1,1,1,5.1059454739005803,2.8033603809065348,14.07609708935412,0,0,0,0,3
2020.emnlp-main.129,2020,W3106098584,A5100775958,A5100770462,10,3,1,1,1,1,9.5643016372172323,3.5862928653388351,14.6860090474076,1,0,0,1,3
2020.emnlp-main.130,2020,W3098984027,A5019206012,A5032588064,3,2,1,1,1,1,7.3211885567394779,2.6149597780361979,13.118132439596508,0,0,0,0,3
2020.emnlp-main.132,2020,W3102348525,A5100713692,A5023775139,6,3,1,1,1,1,8.3298992929957247,3.6888794541139358,14.36335562771789,0,0,0,0,3
2020.emnlp-main.136,2020,W3098913828,A5012370787,A5019539533,5,2,1,1,1,1,8.8620586773954724,4.2341065045972597,13.917560700377752,0,0,0,0,3
2020.emnlp-main.140,2020,W3101427524,A5030640229,A5089539629,3,1,1,1,1,1,7.3796321526095516,3.6549779024382549,13.617366889101389,0,0,0,0,3
2020.emnlp-main.143,2020,W3089817689,A5015826285,A5081398601,5,1,1,1,1,1,9.7061335729082128,3.9963641538618968,13.617366889101389,0,0,0,0,3
2020.emnlp-main.144,2020,W3104210310,A5018985705,A5057853630,5,3,1,1,1,1,8.6581717846758099,3.520460802488973,15.630503527014731,0,0,0,0,3
2020.emnlp-main.145,2020,W3102037269,A5101936199,A5074834854,4,4,1,1,1,1,8.527539483470381,3.5624655292582776,11.252521278294576,0,0,0,0,3
2020.emnlp-main.147,2020,W3102521862,A5110259784,A5070030398,3,1,1,1,1,1,8.2753763748364069,3.9053340172773492,14.477354360394724,0,0,0,0,3
2020.emnlp-main.148,2020,W3087176213,A5004256678,A5034228010,8,2,1,1,1,1,8.9382691470385485,3.5115454388310208,14.416028062956311,0,0,0,0,3
2020.emnlp-main.15,2020,W3092154909,A5087863947,A5061951606,3,2,1,1,1,1,7.5475016828149668,3.5457786104732629,14.193353667016128,0,0,0,0,3
2020.emnlp-main.150,2020,W3101471490,A5100723363,A5035840666,5,3,1,1,1,1,6.7129562006770698,2.3978952727983707,14.36335562771789,0,1,0,1,3
2020.emnlp-main.152,2020,W3099757670,A5101655561,A5112746575,4,4,1,1,1,1,4.990432586778736,1.9810014688665836,14.713774987941722,0,1,0,1,3
2020.emnlp-main.154,2020,W3089430725,A5013626682,A5112713734,4,4,1,1,1,1,8.8041750187536252,3.1354942159291497,13.95116581858359,0,0,0,0,3
2020.emnlp-main.155,2020,W3103419924,A5066282713,A5087096372,2,0,1,0,1,0,8.928375259853631,3.9982007016691994,,0,0,0,0,3
2020.emnlp-main.158,2020,W3100749323,A5101110247,A5009408707,5,1,1,1,1,1,8.8620586773954724,3.698829784967105,13.900988927164356,0,0,0,0,3
2020.emnlp-main.16,2020,W3093002075,A5089452138,A5112713734,5,2,1,1,1,1,8.8041750187536252,2.9444389791664403,13.95116581858359,0,0,0,0,3
2020.emnlp-main.160,2020,W3097213971,A5033032726,A5086934220,3,2,1,1,1,1,7.1412451223504911,2.8716796248840124,14.563995468146317,0,0,0,0,3
2020.emnlp-main.161,2020,W3105232955,A5100657555,A5100442542,6,1,1,1,1,1,8.8237951487205297,3.1710851610318525,12.172112471446578,0,1,0,1,3
2020.emnlp-main.162,2020,W3101065397,A5074267258,A5001987532,2,2,1,1,1,1,8.9895690048070289,4.0073331852324712,14.184544019853476,0,1,0,1,3
2020.emnlp-main.164,2020,W3100132436,A5101447904,A5040759280,2,1,1,1,1,1,6.7464121285733754,3.044522437723423,13.817679204749046,0,0,0,0,3
2020.emnlp-main.165,2020,W3102031770,A5031774490,A5101790663,6,5,1,1,1,1,7.4888529557334591,2.9789251552376097,15.630503527014731,0,0,0,0,3
2020.emnlp-main.166,2020,W3104609290,A5062286364,A5107808331,6,1,1,1,1,1,9.5463124835557114,3.7612001156935615,8.5316876375666908,1,0,0,1,3
2020.emnlp-main.169,2020,W3101299315,A5100456303,A5086674741,7,5,1,1,1,1,9.0006065075718915,4.1982754850703321,14.097719681113714,0,0,0,0,3
2020.emnlp-main.17,2020,W3106483960,A5101402110,A5102745649,9,4,1,1,1,1,8.2962971126425078,3.2451931331855741,14.070616234815851,0,0,0,0,3
2020.emnlp-main.171,2020,W3091822641,A5049088608,A5051693368,3,1,1,1,1,1,7.4742048064961244,3.4760986898352728,13.961522493595345,0,0,0,0,3
2020.emnlp-main.174,2020,W3020268419,A5101793596,A5071144367,5,3,1,1,1,1,8.4713586550724376,3.9889840465642745,13.893857675090135,0,1,0,1,3
2020.emnlp-main.175,2020,W3101683892,A5089015542,A5015785439,4,4,1,1,1,1,7.633369649679584,3.9019726695746448,14.948593836147561,0,1,0,1,3
2020.emnlp-main.176,2020,W3105848458,A5023250445,A5110579339,6,2,1,1,1,1,8.6285556592696988,4.0163830207523885,13.814376915634556,0,0,0,0,3
2020.emnlp-main.179,2020,W3103564003,A5100414942,A5100636286,7,3,1,1,1,1,9.6375017381661081,3.6598919172406839,13.14206207773166,0,0,0,0,3
2020.emnlp-main.18,2020,W3104108820,A5029654514,A5024200617,6,2,1,1,1,1,5.9506425525877269,1.6739764335716716,12.853482123416248,0,0,0,0,3
2020.emnlp-main.180,2020,W3021534198,A5063061204,A5047337772,4,1,1,1,1,1,6.3595738686723777,2.9041650800285006,13.842769630474711,0,0,0,0,3
2020.emnlp-main.181,2020,W3098383912,A5058353652,A5088834359,7,2,1,1,1,1,8.7436911105430202,3.377099830083095,13.914782878113618,0,0,0,0,3
2020.emnlp-main.184,2020,W3084513203,A5103277328,A5053217291,6,3,1,1,1,1,8.3696208269491024,3.4657359027997265,14.543604427187256,0,0,1,1,3
2020.emnlp-main.187,2020,W3022495033,A5010343739,A5038456766,3,1,1,1,1,1,7.7935868033715838,3.2958368660043291,14.097719681113714,0,0,0,0,3
2020.emnlp-main.188,2020,W3104602136,A5115595118,A5111426224,4,2,1,1,1,1,7.6338535596817678,2.7568403652716422,13.814376915634556,0,0,0,0,3
2020.emnlp-main.189,2020,W3103227045,A5027647673,A5054771988,4,1,1,1,1,1,7.8343923029104348,3.0910424533583161,10.259587331098963,0,0,0,0,3
2020.emnlp-main.19,2020,W3105238007,A5072605113,A5051702877,10,1,1,1,1,1,7.8632667240095726,2.1517622032594619,13.616931562261003,0,0,0,0,3
2020.emnlp-main.190,2020,W3015721781,A5102917920,A5079840947,2,0,1,0,1,0,5.5947113796018391,2.3513752571634776,,1,0,0,1,3
2020.emnlp-main.191,2020,W3102009955,A5045927598,A5069596903,8,3,1,1,1,1,9.3232225290328561,4.3124755717127661,14.077938666547531,1,0,0,1,3
2020.emnlp-main.193,2020,W3100262863,A5019101763,A5017205177,8,3,1,1,1,1,9.1102990177959562,3.5904393813006839,14.214771795132586,0,1,0,1,3
2020.emnlp-main.194,2020,W3090808901,A5014688346,A5027450194,3,1,1,1,1,1,9.6621800305942465,4.3174881135363101,12.405378318864289,0,1,0,1,3
2020.emnlp-main.195,2020,W3101221466,A5021979625,A5026648049,3,1,1,1,1,1,7.3304052118444023,2.6625878270254528,13.687203210509171,0,0,1,1,3
2020.emnlp-main.197,2020,W3099150152,A5015055550,A5049998472,3,1,1,1,1,1,4.9126548857360524,1.3862943611198906,10.14960516741016,0,1,0,1,3
2020.emnlp-main.198,2020,W3099132737,A5100679181,A5054771988,4,1,1,1,1,1,6.3026189757449051,2.4203681286504293,13.073889263285816,0,0,0,0,3
2020.emnlp-main.2,2020,W3103518070,A5021733732,A5060225743,4,2,1,1,1,1,8.6256887875695369,3.7727609380946383,13.617366889101389,0,0,0,0,3
2020.emnlp-main.203,2020,W3091260814,A5061045500,A5101957153,2,2,1,1,1,1,6.0844994130751724,3.0204248861443626,13.893857675090135,0,0,0,0,3
2020.emnlp-main.21,2020,W3012209028,A5063343642,A5015133105,2,1,1,1,1,1,6.7923444274708089,3.2580965380214821,13.88800329776085,0,0,0,0,3
2020.emnlp-main.213,2020,W3087597081,A5039347839,A5103284923,4,2,1,1,1,1,6.6133842183795597,1.9810014688665836,13.617366889101389,0,0,0,0,3
2020.emnlp-main.214,2020,W3087621941,A5017553029,A5101957153,3,1,1,1,1,1,5.5451774444795623,2.456735772821304,13.893857675090135,0,1,0,1,3
2020.emnlp-main.215,2020,W3022891705,A5056169983,A5005443526,3,2,1,1,1,1,7.9377317752601089,3.729701448634192,14.077938666547531,0,0,0,0,3
2020.emnlp-main.216,2020,W3102315351,A5101086828,A5085736941,6,4,1,1,1,1,6.0185932144962342,2.498699971920336,15.630503527014731,0,0,0,0,3
2020.emnlp-main.217,2020,W3090831323,A5008689842,A5027962273,4,3,1,1,1,1,6.0567840132286248,1.9810014688665836,14.266708462840942,1,1,0,1,3
2020.emnlp-main.22,2020,W3101022597,A5041327449,A5019539533,3,1,1,1,1,1,8.7379338581141361,4.503506532211591,13.917560700377752,0,0,0,0,3
2020.emnlp-main.226,2020,W3100714086,A5077532535,A5066242985,7,1,1,1,1,1,9.1182250830683778,3.4878118544989265,13.14206207773166,0,1,0,1,3
2020.emnlp-main.227,2020,W3100063812,A5037327117,A5100331488,5,2,1,1,1,1,7.977968093128549,3.5610460826040518,13.52366248644303,0,0,0,0,3
2020.emnlp-main.228,2020,W3104669693,A5101469812,A5017835517,2,1,1,1,1,1,5.2626901889048856,1.7047480922384253,13.914782878113618,0,0,0,0,3
2020.emnlp-main.230,2020,W3103779719,A5040570970,A5066497689,3,1,1,1,1,1,5.1474944768134527,2.5389738710582761,11.567707167779876,0,0,0,0,3
2020.emnlp-main.233,2020,W3099543642,A5058729228,A5076610826,3,1,1,1,1,1,7.4054956631994724,3.5263605246161616,13.240379274835194,0,1,0,1,3
2020.emnlp-main.235,2020,W3102232851,A5050680329,A5014481171,4,2,1,1,1,1,8.6383483129727043,3.9269116179218968,14.241387911435329,0,0,0,0,3
2020.emnlp-main.238,2020,W3100445290,A5100440533,A5070956153,4,2,1,1,1,1,7.1340937211928663,3.0204248861443626,14.6860090474076,0,0,0,0,3
2020.emnlp-main.24,2020,W3092462689,A5030347098,A5078354590,3,1,1,1,1,1,7.6984827878809456,3.951243718581428,14.543604427187256,0,0,0,0,3
2020.emnlp-main.243,2020,W3099140977,A5032683572,A5102377737,3,1,1,1,1,1,0.69314718055994529,0.2876820724517809,12.763597677930081,0,0,0,0,3
2020.emnlp-main.244,2020,W4288479587,A5101462518,A5049427071,4,0,1,0,1,0,8.9201217518724043,3.5189804173185388,,0,0,0,0,3
2020.emnlp-main.246,2020,W3087411783,A5034621580,A5101488340,3,2,1,1,1,1,7.3740018593501606,3.4863551900024623,14.193353667016128,0,0,0,0,3
2020.emnlp-main.248,2020,W3017541546,A5062198659,A5045872048,5,3,1,1,1,1,7.8367647832640666,2.954910279033736,13.616931562261003,0,0,0,0,3
2020.emnlp-main.250,2020,W3104763958,A5100373451,A5101434435,4,2,1,1,1,1,7.2406496942554659,3.3141860046725258,12.898837252918335,0,1,0,1,3
2020.emnlp-main.251,2020,W3101663736,A5015911579,A5101614562,2,0,1,0,1,0,3.970291913552122,1.6094379124341005,,0,0,0,0,3
2020.emnlp-main.253,2020,W3091857764,A5088741264,A5073413742,4,2,1,1,1,1,6.5736801669606457,2.8033603809065348,14.938693500566588,0,0,0,0,3
2020.emnlp-main.255,2020,W3103855731,A5088814740,A5086877012,4,2,1,1,1,1,7.9054416490602861,3.6506582412937383,13.814993424273691,0,1,0,1,3
2020.emnlp-main.256,2020,W3101479482,A5001646936,A5018976680,3,1,1,1,1,1,7.5137092478397047,3.4965075614664798,14.227067738326603,0,1,0,1,3
2020.emnlp-main.26,2020,W3093414548,A5056001856,A5032801642,2,1,1,1,1,1,5.6698809229805196,2.9957322735539909,12.359694614185738,0,1,0,1,3
2020.emnlp-main.263,2020,W3101155149,A5001646936,A5018976680,4,1,1,1,1,1,7.5137092478397047,3.7612001156935615,14.227067738326603,0,0,0,0,3
2020.emnlp-main.264,2020,W3104085139,A5044442880,A5006519552,2,0,1,0,1,0,4.290459441148391,1.6094379124341005,,0,0,0,0,3
2020.emnlp-main.265,2020,W3099884329,A5031164256,A5102088984,4,1,1,1,1,1,7.6246189861593985,3.277144732992177,14.214771795132586,0,0,0,0,3
2020.emnlp-main.267,2020,W3102260352,A5035630005,A5050229964,5,2,1,1,1,1,7.3343293503005356,2.954910279033736,14.090395343326083,0,0,0,0,3
2020.emnlp-main.269,2020,W3099143471,A5046101879,A5074834854,6,2,1,1,1,1,9.3232225290328561,4.3965046538545351,13.814376915634556,1,1,0,1,3
2020.emnlp-main.271,2020,W3105521436,A5036105537,A5071663279,4,3,1,1,1,1,8.8246778911641979,3.4094961844768505,13.694126797471917,1,0,0,1,3
2020.emnlp-main.273,2020,W3100128199,A5021691940,A5065856469,4,1,1,1,1,1,7.6718267978787811,3.7316994512968646,13.14206207773166,0,0,0,0,3
2020.emnlp-main.277,2020,W3099890447,A5018408488,A5044042138,6,4,1,1,1,1,8.3603054358790931,2.6026896854443842,10.845894273763054,0,0,0,0,3
2020.emnlp-main.278,2020,W3099605929,A5114444424,A5108756348,4,0,1,0,1,0,6.0520891689244172,2.4423470353692043,,0,0,0,0,3
2020.emnlp-main.279,2020,W3103733040,A5043561754,A5101796417,3,2,1,1,1,1,7.9124231214737053,3.5457786104732629,11.583560986568456,0,0,0,0,3
2020.emnlp-main.28,2020,W3098258760,A5075372122,A5057693146,5,1,1,1,1,1,8.2406488633749131,3.7565381025877511,12.172112471446578,0,1,0,1,3
2020.emnlp-main.280,2020,W3105732730,A5051938345,A5050189497,3,1,1,1,1,1,6.061456918928017,2.456735772821304,13.814993424273691,0,0,0,0,3
2020.emnlp-main.282,2020,W3101033306,A5101496006,A5100404176,5,4,1,1,1,1,9.381263883817768,4.2682978693455391,14.178571865600976,0,0,0,0,3
2020.emnlp-main.285,2020,W3101094968,A5037300995,A5026648049,3,1,1,1,1,1,7.3304052118444023,2.7080502011022101,13.687203210509171,0,0,0,0,3
2020.emnlp-main.291,2020,W3102187622,A5115603674,A5012794465,6,0,1,0,1,0,7.4604903058253376,3.5065578973199818,,0,0,0,0,3
2020.emnlp-main.295,2020,W3100053428,A5091549942,A5102024497,6,4,1,1,1,1,6.481577129276431,2.862200880929469,15.630503527014731,0,0,0,0,3
2020.emnlp-main.296,2020,W3105310509,A5023350949,A5041024491,2,1,1,1,1,1,8.917578753781104,3.9415818076696905,14.097719681113714,0,0,0,0,3
2020.emnlp-main.297,2020,W3098493824,A5077926417,A5100701572,5,3,1,1,1,1,9.1102990177959562,4.0741418549045809,11.720882279356012,0,0,0,0,3
2020.emnlp-main.298,2020,W3104390324,A5100740618,A5100770464,8,3,1,1,1,1,9.5643016372172323,4.018632740486404,14.6860090474076,1,1,0,1,3
2020.emnlp-main.3,2020,W3093101669,A5037214580,A5017159143,6,1,1,1,1,1,6.5806391372849493,2.3353749158170367,11.236302019875181,0,0,0,0,3
2020.emnlp-main.30,2020,W3104417388,A5034826937,A5024040521,7,2,1,1,1,1,8.8237951487205297,3.3167800398495721,12.172112471446578,0,1,0,1,3
2020.emnlp-main.300,2020,W3100557836,A5014699953,A5023086553,8,3,1,1,1,1,9.5643016372172323,3.951243718581428,14.6860090474076,0,1,0,1,3
2020.emnlp-main.301,2020,W3087998754,A5064059414,A5113667126,4,2,1,1,1,1,6.0935697700451357,2.8763855159214247,14.314439293563089,0,0,0,0,3
2020.emnlp-main.305,2020,W3101611558,A5107246163,A5101457009,4,2,1,1,1,1,6.6631326959908028,2.6741486494265287,12.374806472482176,0,0,0,0,3
2020.emnlp-main.306,2020,W3092383198,A5027939157,A5067246136,3,2,0.59999999999999998,1,1,1,0,0,12.374806472482176,0,0,0,0,3
2020.emnlp-main.308,2020,W3103939752,A5077260647,A5041905573,4,1,1,1,1,1,5.4847969334906548,2.5055259369907361,13.814993424273691,0,0,0,0,3
2020.emnlp-main.309,2020,W3102315106,A5091494473,A5100412937,5,2,1,1,1,1,9.7680686654283928,4.3228072750139104,14.214771795132586,0,0,0,0,3
2020.emnlp-main.31,2020,W3102095584,A5047922271,A5002419188,4,1,1,1,1,1,5.5254529391317844,2.2512917986064958,15.00045496520046,0,0,0,0,3
2020.emnlp-main.313,2020,W3102901618,A5070869439,A5100716372,7,2,1,1,1,1,8.6061194006106394,3.6109179126442239,14.460542546509824,0,0,0,0,3
2020.emnlp-main.314,2020,W3105188155,A5087749825,A5024546524,4,1,1,1,1,1,3.7612001156935615,2.0794415416798362,11.471499121201084,0,0,0,0,3
2020.emnlp-main.315,2020,W3106353077,A5038217558,A5071030042,5,4,1,1,1,1,5.8021183753770629,2.4849066497880004,12.312862139711692,0,0,0,0,3
2020.emnlp-main.316,2020,W3091841779,A5014923355,A5071144367,3,3,1,1,1,1,7.6275443904885032,3.7765850345330416,14.835998409012932,0,1,0,1,3
2020.emnlp-main.318,2020,W3103968805,A5031577422,A5048033573,4,0,1,0,1,0,5.5294290875114234,2.5455312716044349,,0,0,0,0,3
2020.emnlp-main.32,2020,W3100693043,A5010168197,A5110285832,3,2,1,1,1,1,7.7397944584087011,3.2451931331855741,14.460542546509824,0,0,0,0,3
2020.emnlp-main.323,2020,W3086282523,A5014080917,A5088112892,3,1,1,1,1,1,5.2729995585637468,2.7080502011022101,12.428035500096222,0,0,0,0,3
2020.emnlp-main.325,2020,W3101878262,A5102900190,A5112608251,5,3,1,1,1,1,9.4017868365471404,3.6109179126442239,13.616931562261003,0,1,0,1,3
2020.emnlp-main.327,2020,W3092995464,A5046953322,A5087366916,8,4,1,1,1,1,8.5807312122202255,3.2580965380214821,15.00045496520046,0,1,0,1,3
2020.emnlp-main.333,2020,W3098614164,A5110005418,A5081393566,3,0,1,0,1,0,7.5443321080536876,3.1780538303479458,,0,1,0,1,3
2020.emnlp-main.334,2020,W3092332562,A5056753433,A5082450455,4,1,1,1,1,1,8.1022836244800729,3.4578927253387008,14.661908299079933,0,1,0,1,3
2020.emnlp-main.335,2020,W3101850370,A5056219662,A5053850863,4,1,1,1,1,1,8.1777966832777782,3.2288261557213689,10.90777084654696,0,0,0,0,3
2020.emnlp-main.336,2020,W3104257895,A5044588650,A5089413311,2,1,1,1,1,1,6.2897155709089976,2.1400661634962708,13.810834642892672,1,0,0,1,3
2020.emnlp-main.337,2020,W3092038637,A5052381890,A5086717154,3,2,1,1,1,1,9.173365135851288,4.0775374439057197,14.097719681113714,0,0,0,0,3
2020.emnlp-main.339,2020,W3092396020,A5081801388,A5022489655,6,1,1,1,1,1,7.8709295967551425,2.3978952727983707,13.616931562261003,0,0,0,0,3
2020.emnlp-main.34,2020,W3104608349,A5006149602,A5013412274,4,0,1,0,1,0,6.6957989170584913,3.0204248861443626,,0,0,0,0,3
2020.emnlp-main.341,2020,W3093310757,A5014199889,A5036610566,3,2,1,1,1,1,8.2252353241016678,3.2958368660043291,12.750516780919789,0,0,0,0,3
2020.emnlp-main.342,2020,W3105949871,A5060885692,A5009879041,3,1,1,1,1,1,7.7292956743104817,2.7515353130419489,13.617366889101389,0,0,0,0,3
2020.emnlp-main.343,2020,W3104768213,A5080909766,A5071848619,2,2,1,1,1,1,5.8318824772835169,2.9704144655697009,11.962075665020798,0,1,0,1,3
2020.emnlp-main.344,2020,W3101033885,A5048446895,A5038206174,3,1,1,1,1,1,8.8168532406274256,3.5553480614894131,14.563995468146317,1,1,0,1,3
2020.emnlp-main.347,2020,W3104104399,A5101511644,A5085302513,2,1,1,1,1,1,6.9147308927185627,2.19722457733622,13.452738492872914,0,0,0,0,3
2020.emnlp-main.348,2020,W3101597781,A5101708734,A5051693368,3,2,1,1,1,1,7.4742048064961244,3.2958368660043291,11.201155596989356,0,1,0,1,3
2020.emnlp-main.35,2020,W3103817618,A5068379071,A5010394308,7,0,1,0,1,0,7.5501353424884288,3.235873401236772,,0,0,0,0,3
2020.emnlp-main.351,2020,W3102401511,A5030858516,A5030248499,4,4,1,1,1,1,8.0455882808035284,2.9704144655697009,14.416028062956311,0,1,0,1,3
2020.emnlp-main.352,2020,W2997416967,A5112244864,A5044205212,4,3,1,1,1,1,6.9726062513017535,3.4735180432417816,13.88800329776085,0,0,0,0,3
2020.emnlp-main.353,2020,W3104952102,A5057254650,A5103024385,5,1,1,1,1,1,6.0935697700451357,2.9014215940827497,13.961522493595345,0,0,0,0,3
2020.emnlp-main.358,2020,W4236950558,A5012225484,A5071144367,2,1,1,1,1,1,7.6275443904885032,4.1743872698956368,13.893857675090135,0,0,0,0,3
2020.emnlp-main.359,2020,W3105005398,A5100687845,A5062910836,3,1,1,1,1,1,8.4871462700639402,3.7054087560651463,13.617366889101389,0,0,0,0,3
2020.emnlp-main.362,2020,W3100069613,A5015766325,A5024437840,2,1,1,1,1,1,8.2766491254218604,3.7727609380946383,14.749790509197988,0,0,0,0,3
2020.emnlp-main.365,2020,W3017604292,A5110592354,A5027450194,2,1,1,1,1,1,9.6621800305942465,4.6587109529161213,12.405378318864289,0,1,0,1,3
2020.emnlp-main.366,2020,W3089846531,,,1,2,0.25,1,0,1,,,14.52280864055286,0,0,0,0,3
2020.emnlp-main.370,2020,W3085708296,A5005422681,A5027400178,7,3,1,1,1,1,5.8377304471659404,1.2729656758128876,14.381705796622915,0,0,0,0,3
2020.emnlp-main.371,2020,W3103699753,A5044408832,A5002288369,3,1,1,1,1,1,6.7250336421668431,3.3202283191284883,13.842769630474711,0,1,0,1,3
2020.emnlp-main.372,2020,W3105892552,A5101789180,A5048489384,5,2,1,1,1,1,6.9147308927185627,2.8213788864092133,13.914782878113618,0,0,0,0,3
2020.emnlp-main.374,2020,W3084847422,,,0,0,0,0,0,0,,,,0,0,0,0,3
2020.emnlp-main.377,2020,W3099577714,A5057254650,A5103024385,4,2,1,1,1,1,6.0935697700451357,3.0910424533583161,13.961522493595345,0,0,0,0,3
2020.emnlp-main.378,2020,W3098708719,A5059255077,A5114910293,7,1,1,1,1,1,9.1378772002424675,3.8034828368529401,11.883357346817755,0,1,0,1,3
2020.emnlp-main.38,2020,W3086441688,A5084271903,A5107835063,4,2,1,1,1,1,7.9905768817439231,3.34109345759245,13.103412946885303,0,0,0,0,3
2020.emnlp-main.384,2020,W3101673779,A5001619062,A5016448581,6,3,1,1,1,1,9.0060185749025603,4.0718717063700423,14.266708462840942,0,0,0,0,3
2020.emnlp-main.389,2020,W3104633006,A5004414481,A5004921249,3,1,1,1,1,1,7.7689560445383323,3.044522437723423,14.52280864055286,0,0,0,0,3
2020.emnlp-main.39,2020,W3098170909,A5100687845,A5109861718,4,1,1,1,1,1,9.1479329118475636,4.2591525365233469,13.617366889101389,0,0,0,0,3
2020.emnlp-main.390,2020,W3101226838,A5061434234,A5061951606,3,3,1,1,1,1,7.5475016828149668,3.4339872044851463,14.749790509197988,0,0,0,0,3
2020.emnlp-main.392,2020,W3098284381,A5002731966,A5107835063,6,1,1,1,1,1,8.1958853913147962,3.1135153092103742,13.103412946885303,0,0,0,0,3
2020.emnlp-main.395,2020,W3091782154,A5032689067,A5051184573,4,2,1,1,1,1,7.9039656340321658,3.6506582412937383,14.512335467381185,0,0,0,0,3
2020.emnlp-main.396,2020,W3092361453,A5083872171,A5003870894,3,1,1,1,1,1,6.8001700683021999,3.4231762883809305,12.25678952382188,0,0,0,0,3
2020.emnlp-main.398,2020,W3092292868,A5002245931,A5051184573,4,2,1,1,1,1,7.9039656340321658,3.6506582412937383,14.512335467381185,0,0,0,0,3
2020.emnlp-main.399,2020,W3106229813,A5044455276,A5100338946,5,4,1,1,1,1,9.5250051157578497,3.93963817246112,13.651704918657428,0,0,0,0,3
2020.emnlp-main.40,2020,W3091798082,A5073224570,A5034797164,4,1,1,1,1,1,6.4118182677098972,2.19722457733622,9.8483447530389192,0,0,0,0,3
2020.emnlp-main.400,2020,W3016309009,A5024882131,A5011150187,5,3,1,1,1,1,8.058643712215618,2.451005098112319,13.95116581858359,0,0,0,0,3
2020.emnlp-main.402,2020,W3092116587,A5060809089,A5091549352,4,2,1,1,1,1,6.799055862058796,2.8332133440562162,14.835998409012932,0,0,0,0,3
2020.emnlp-main.403,2020,W3092435621,A5074462421,A5056256317,2,3,1,1,1,1,7.4460014983241196,3.6109179126442239,14.809630472549108,0,1,0,1,3
2020.emnlp-main.404,2020,W3093281776,A5025885625,A5012055259,4,0,1,0,1,0,8.5484980412446507,4.5299077014875442,,0,0,0,0,3
2020.emnlp-main.406,2020,W3100703009,A5048557582,A5061241015,2,1,1,1,1,1,5.4205349992722862,2.0149030205422647,13.617366889101389,0,1,0,1,3
2020.emnlp-main.407,2020,W3091077982,A5003775059,A5088517824,3,0,1,0,1,0,9.326967183907902,4.2995504128496433,,0,0,0,0,3
2020.emnlp-main.409,2020,W3100532709,A5066791810,A5032046813,2,1,1,1,1,1,9.3232225290328561,4.2121275978784842,8.9015027574516097,0,1,0,1,3
2020.emnlp-main.41,2020,W3103942011,A5100520423,A5101076405,3,1,1,1,1,1,6.4101748819661672,3.2451931331855741,10.468119310860644,0,0,0,0,3
2020.emnlp-main.410,2020,W3098101716,A5101883722,A5070002963,3,1,1,1,1,1,7.1428274011616208,2.5902671654458267,13.892964070409093,0,0,0,0,3
2020.emnlp-main.411,2020,W3106241909,A5100461783,A5032046813,8,3,1,1,1,1,9.9930539958951705,4.5525602357157942,14.12274375549997,0,1,0,1,3
2020.emnlp-main.412,2020,W3100186284,A5048500970,A5032046813,6,1,1,1,1,1,9.4023647042315233,3.8140425970679424,8.9015027574516097,0,0,0,0,3
2020.emnlp-main.413,2020,W3104713013,A5065674779,A5045050802,5,1,1,1,1,1,10.144510313937577,3.4210000089583352,12.613865043397428,0,0,0,0,3
2020.emnlp-main.414,2020,W3095779848,A5086411093,A5045050802,4,1,1,1,1,1,6.7044143549641069,2.4638532405901681,12.613865043397428,0,0,0,0,3
2020.emnlp-main.415,2020,W3099557900,A5062587302,A5041024491,3,2,1,1,1,1,8.917578753781104,4.1163234689408759,14.097719681113714,0,0,0,0,3
2020.emnlp-main.419,2020,W3103317667,A5006374446,A5109565051,2,1,1,1,1,1,6.3207682942505823,2.862200880929469,14.381705796622915,0,0,0,0,3
2020.emnlp-main.421,2020,W3092352559,A5062395513,A5075825791,3,2,1,1,1,1,7.8284363591575854,3.7992275112828016,14.749790509197988,0,0,0,0,3
2020.emnlp-main.423,2020,W3092640704,A5048083543,A5082874907,3,2,1,1,1,1,7.2406496942554659,2.9618307218783091,13.57326828155659,0,0,0,0,3
2020.emnlp-main.424,2020,W3099955547,A5065106608,A5001438384,5,1,1,1,1,1,7.2406496942554659,3.1527360223636558,11.228145842997618,0,1,0,1,3
2020.emnlp-main.425,2020,W3084867291,A5100701437,A5033639139,4,6,1,1,1,1,7.8747391251718106,3.5189804173185388,15.00045496520046,0,0,0,0,3
2020.emnlp-main.426,2020,W3092724964,A5076297634,A5041254552,2,2,1,1,1,1,6.4769723628896827,1.8718021769015916,14.184544019853476,0,0,0,0,3
2020.emnlp-main.43,2020,W3103915675,A5101759071,A5001987532,3,2,1,1,1,1,8.9895690048070289,3.6971782569286313,14.184544019853476,0,0,0,0,3
2020.emnlp-main.434,2020,W3104655669,A5060930564,A5088135366,4,1,1,1,1,1,7.9416512529305558,3.6763006719070761,11.183754509010489,0,0,0,0,3
2020.emnlp-main.438,2020,W3103858937,A5076120409,A5012055259,6,2,1,1,1,1,8.5217826437500452,3.5788785588996079,14.25942364484596,1,0,0,1,3
2020.emnlp-main.439,2020,W3103420681,A5034084374,A5107249743,8,1,1,1,1,1,8.2308435641982349,3.1675825304806504,9.6054857476774913,0,0,0,0,3
2020.emnlp-main.441,2020,W3090255084,A5011911779,A5003176131,2,1,1,1,1,1,5.7960577507653719,3.277144732992177,12.443710642994835,0,1,0,1,3
2020.emnlp-main.444,2020,W3099303748,A5103026537,A5115602362,3,2,1,1,1,1,6.4248690239053881,2.0794415416798362,13.914782878113618,0,0,0,0,3
2020.emnlp-main.445,2020,W3105229878,A5059476710,A5004921249,2,1,1,1,1,1,7.7689560445383323,3.157000421150113,14.52280864055286,0,0,0,0,3
2020.emnlp-main.448,2020,W3100715140,A5019030424,A5091175785,5,3,1,1,1,1,8.6683680192133554,3.3877743613300142,13.95116581858359,0,1,0,1,3
2020.emnlp-main.45,2020,W3102780080,A5065854593,A5046126345,2,1,1,1,1,1,7.1380730340443472,2.2512917986064958,14.661908299079933,0,0,0,0,3
2020.emnlp-main.450,2020,W3092653948,A5043765038,A5111560316,3,2,1,1,1,1,4.4308167988433134,1.5404450409471488,14.749790509197988,0,0,0,0,3
2020.emnlp-main.453,2020,W3098387335,A5061819259,A5082984558,3,1,1,1,1,1,8.1730113117249719,3.1060803307228562,14.077938666547531,0,1,0,1,3
2020.emnlp-main.455,2020,W3101509145,A5103099741,A5066305082,4,2,1,1,1,1,7.9377317752601089,4.1351665567423561,14.266708462840942,0,0,0,0,3
2020.emnlp-main.46,2020,W3104666486,A5072522626,A5016448581,4,0,1,0,1,0,8.7181729300287252,3.844814255734696,,0,0,0,0,3
2020.emnlp-main.462,2020,W3099845049,A5101822188,A5004542284,4,2,1,1,1,1,8.6955067268126527,3.2958368660043291,14.03220858142171,0,0,0,0,3
2020.emnlp-main.463,2020,W3103334733,A5100657035,A5019539533,5,3,1,1,1,1,9.1378772002424675,4.5538768916005408,13.917560700377752,0,0,0,0,3
2020.emnlp-main.466,2020,W3100292568,A5039158419,A5067919401,4,3,1,1,1,1,10.144510313937577,3.737669618283368,14.713774987941722,0,0,0,0,3
2020.emnlp-main.468,2020,W3007306981,A5041667198,A5066242985,5,2,1,1,1,1,9.1182250830683778,2.451005098112319,12.79262521591748,0,1,1,1,3
2020.emnlp-main.470,2020,W3095035006,A5061000186,A5024937008,2,2,1,1,1,1,7.9076515947110888,3.4965075614664798,11.739893692875343,0,0,0,0,3
2020.emnlp-main.471,2020,W3100222708,A5019859444,A5106821597,3,0,1,0,1,0,7.486613313139955,2.9957322735539909,,0,1,0,1,3
2020.emnlp-main.474,2020,W3098593077,A5071032466,A5085736941,4,1,1,1,1,1,7.1846291527173145,2.8332133440562162,10.845894273763054,0,0,0,0,3
2020.emnlp-main.475,2020,W3103169714,A5038315768,A5068811427,3,2,1,1,1,1,8.9540277592704598,4.4188406077965983,13.617366889101389,0,0,0,0,3
2020.emnlp-main.476,2020,W3106106701,A5050189497,A5078404869,4,3,1,1,1,1,4.6249728132842707,0.91629073187415522,13.814993424273691,0,0,0,0,3
2020.emnlp-main.479,2020,W3104163040,A5043295774,A5068811427,5,4,1,1,1,1,8.9540277592704598,3.9278963545844361,13.617366889101389,0,0,0,0,3
2020.emnlp-main.481,2020,W3092081753,A5020738651,A5002419188,5,1,1,1,1,1,5.5254529391317844,2.19722457733622,15.00045496520046,0,0,0,0,3
2020.emnlp-main.482,2020,W3099859218,A5090710984,A5081307846,5,3,1,1,1,1,7.8284363591575854,3.713572066704308,14.749790509197988,0,0,0,0,3
2020.emnlp-main.484,2020,W3102483398,A5100678419,A5100701572,24,0,1,0,1,0,9.1102990177959562,2.7080502011022101,,0,0,0,0,3
2020.emnlp-main.486,2020,W3101188882,A5071054399,A5049800310,4,2,1,1,1,1,8.0980347561760713,3.4499875458315872,13.917560700377752,0,0,0,0,3
2020.emnlp-main.488,2020,W3104182623,A5015941893,A5100382077,8,3,1,1,1,1,8.3820605174247405,3.7698832382670231,14.077938666547531,0,0,0,0,3
2020.emnlp-main.491,2020,W3098929340,A5102917205,A5084321238,5,2,1,1,1,1,9.326967183907902,3.7704594411063592,10.172063255248172,0,0,0,0,3
2020.emnlp-main.492,2020,W3088352442,A5076242590,A5103875788,5,2,1,1,1,1,8.6955067268126527,2.451005098112319,14.03220858142171,0,1,0,1,3
2020.emnlp-main.497,2020,W3095594087,A5062855474,A5081525024,3,1,1,1,1,1,8.1047034683711079,3.93834031374552,14.241387911435329,0,1,0,1,3
2020.emnlp-main.499,2020,W3105183573,A5024311511,A5074342179,6,1,1,1,1,1,6.5395859556176692,1.8971199848858813,14.304538325287568,0,1,0,1,3
2020.emnlp-main.501,2020,W3106290277,A5028709336,A5059955534,4,1,1,1,1,1,9.4023647042315233,4.1351665567423561,8.9015027574516097,0,0,0,0,3
2020.emnlp-main.506,2020,W3102645206,A5101856888,A5050801868,4,2,1,1,1,1,6.804614520062624,3.0204248861443626,14.03220858142171,0,0,0,0,3
2020.emnlp-main.507,2020,W3093202124,A5063343642,A5015133105,3,1,1,1,1,1,6.8101424501151362,3.1498829533812494,13.88800329776085,0,0,0,0,3
2020.emnlp-main.510,2020,W3102049052,A5101403295,A5085608858,4,3,1,1,1,1,9.5564800139995327,4.4716387933635691,14.713774987941722,0,0,0,0,3
2020.emnlp-main.511,2020,W3098817461,A5081852317,A5036747535,3,2,1,1,1,1,7.6093665379542115,3.3440389678222067,14.304538325287568,0,0,0,0,3
2020.emnlp-main.513,2020,W3100099003,A5073571802,A5074059447,3,0,1,0,1,0,6.9810057407217299,3.3081069585961438,,0,1,0,1,3
2020.emnlp-main.514,2020,W3100180738,A5101370344,A5015829772,6,4,1,1,1,1,7.9515593311552522,3.1710851610318525,15.630503527014731,0,0,0,0,3
2020.emnlp-main.515,2020,W3098038527,A5100320723,A5089404640,5,2,0.83333333333333337,1,1,1,10.201886988329104,4.423648309364701,14.6860090474076,1,0,0,1,3
2020.emnlp-main.517,2020,W3105990494,A5101937260,A5041152581,4,0,1,0,1,0,6.5057840601282289,2.110213200346589,,0,0,0,0,3
2020.emnlp-main.519,2020,W3104748221,A5082046914,A5067919401,5,3,1,1,1,1,10.144510313937577,3.6000482404073204,14.938693500566588,1,0,0,1,3
2020.emnlp-main.522,2020,W3092594007,A5015729879,A5066873932,5,3,1,1,1,1,7.9189924881652454,2.6672282065819548,14.713774987941722,0,0,0,0,3
2020.emnlp-main.523,2020,W3104415840,A5083459020,A5072032804,5,4,1,1,1,1,7.2196420401307346,3.8670256394974101,14.713774987941722,1,1,0,1,3
2020.emnlp-main.524,2020,W3103252405,A5021070482,A5030248499,3,3,1,1,1,1,8.0455882808035284,3.4122472178487402,14.416028062956311,0,0,0,0,3
2020.emnlp-main.525,2020,W3093524609,A5081939790,A5082767919,6,2,1,1,1,1,8.1958853913147962,2.8033603809065348,14.416028062956311,0,1,0,1,3
2020.emnlp-main.526,2020,W3093370043,A5022028227,A5057693146,4,2,1,1,1,1,7.9905768817439231,3.1675825304806504,12.172112471446578,0,1,0,1,3
2020.emnlp-main.528,2020,W3091824185,,,0,0,0,0,0,0,,,,0,1,0,1,3
2020.emnlp-main.531,2020,W3100719877,A5083996480,A5100382077,5,2,1,1,1,1,8.2975435293562843,3.5779478934066544,14.077938666547531,0,0,0,0,3
2020.emnlp-main.535,2020,W3104464572,A5064445567,A5101853761,8,4,1,1,1,1,7.6553906448261522,2.9378382951350885,14.6860090474076,0,0,0,0,3
2020.emnlp-main.538,2020,W3105602332,A5100702888,A5008208316,5,4,1,1,1,1,8.0238799927348783,3.3250360206965914,13.814376915634556,0,0,0,0,3
2020.emnlp-main.541,2020,W3097986917,A5087823830,A5009408707,4,4,1,1,1,1,8.8620586773954724,3.7612001156935615,13.900988927164356,0,1,0,1,3
2020.emnlp-main.542,2020,W3103902341,A5043402333,A5035399743,4,1,1,1,1,1,9.0845503659178846,3.9560398908449206,12.61350914250708,0,0,0,0,3
2020.emnlp-main.544,2020,W3103866689,A5076609933,A5003018795,5,1,1,1,1,1,7.844240718141811,2.2192034840549946,13.708451934670766,0,0,0,0,3
2020.emnlp-main.548,2020,W3103686501,A5012719646,A5060116992,5,3,1,1,1,1,8.8378263640077037,3.8501476017100575,13.346768532561631,0,0,0,0,3
2020.emnlp-main.55,2020,W3092957620,A5078893115,A5082767919,3,2,1,1,1,1,8.1958853913147962,3.0910424533583161,13.617366889101389,0,0,0,0,3
2020.emnlp-main.550,2020,W3015883388,A5032508066,A5066873932,8,4,1,1,1,1,9.9413612049642097,2.8033603809065348,14.713774987941722,0,1,0,1,3
2020.emnlp-main.555,2020,W3102094970,A5100344817,A5076610826,2,1,1,1,1,1,9.4919792208806779,4.6001576441645469,13.240379274835194,0,0,0,0,3
2020.emnlp-main.558,2020,W3103962261,A5077994189,A5067919401,4,2,1,1,1,1,10.144510313937577,3.6888794541139358,14.713774987941722,0,0,0,0,3
2020.emnlp-main.559,2020,W3102841213,A5101616607,A5075435632,5,2,1,1,1,1,7.9189924881652454,3.1090609588609941,14.02867649805321,1,0,0,1,3
2020.emnlp-main.56,2020,W3099641295,A5053559333,A5004882141,9,3,1,1,1,1,8.6740259854430253,3.729701448634192,14.304538325287568,0,0,0,0,3
2020.emnlp-main.566,2020,W3100554158,A5012938939,A5046448314,5,2,1,1,1,1,9.5643016372172323,4.1743872698956368,14.6860090474076,1,1,0,1,3
2020.emnlp-main.567,2020,W3105111366,A5091491018,A5044042138,5,1,1,1,1,1,8.3603054358790931,3.2657594107670511,14.6860090474076,0,1,0,1,3
2020.emnlp-main.569,2020,W3103553006,A5005775912,A5101718341,5,3,1,1,1,1,8.3820605174247405,3.7281001672672178,13.814376915634556,0,0,0,0,3
2020.emnlp-main.57,2020,W3098295156,A5112731457,A5100364489,2,2,1,1,1,1,5.8348107370626048,2.6741486494265287,14.661908299079933,0,0,0,0,3
2020.emnlp-main.570,2020,W3100230687,A5012357380,A5026882357,6,2,1,1,1,1,8.1783581656058359,2.6508917872622613,12.459966521950244,0,0,0,0,3
2020.emnlp-main.573,2020,W3086027778,A5053917107,A5001624616,2,2,1,1,1,1,4.3820266346738812,1.2527629684953681,10.885210156391135,0,0,0,0,3
2020.emnlp-main.575,2020,W3092856385,A5073257797,A5020700841,3,4,1,1,1,1,6.6187389835172192,3.4122472178487402,12.25678952382188,0,0,0,0,3
2020.emnlp-main.576,2020,W3091917188,A5067127146,A5029531416,3,2,1,1,1,1,6.1527326947041043,2.3353749158170367,11.883357346817755,0,0,0,0,3
2020.emnlp-main.577,2020,W3023914348,A5112189992,A5071144367,4,3,1,1,1,1,7.6275443904885032,3.9269116179218968,13.893857675090135,0,0,0,0,3
2020.emnlp-main.580,2020,W3105753178,A5083185771,A5101404695,8,4,1,1,1,1,8.9201217518724043,3.1079442641609192,14.938693500566588,0,0,0,0,3
2020.emnlp-main.581,2020,W3105306115,A5052393347,A5100701572,5,2,1,1,1,1,9.1102990177959562,4.0395363257271057,12.898837252918335,0,0,0,0,3
2020.emnlp-main.582,2020,W3102663935,A5046085212,A5100320723,7,4,1,1,1,1,9.5643016372172323,3.9005286260024108,14.6860090474076,1,1,0,1,3
2020.emnlp-main.584,2020,W3092786187,A5053806445,A5091017313,4,5,1,1,1,1,7.4205789054107996,3.2288261557213689,14.626958862172062,0,1,0,1,3
2020.emnlp-main.585,2020,W3104336196,A5079283776,A5026648049,3,1,1,1,1,1,7.3304052118444023,2.4849066497880004,13.687203210509171,0,1,0,1,3
2020.emnlp-main.596,2020,W3087784492,A5102805449,A5067133778,5,4,1,1,1,1,7.7389237574394567,3.8329797980876932,13.307319793239779,0,1,0,1,3
2020.emnlp-main.597,2020,W3099056802,A5054501132,A5068833320,4,0,1,0,1,0,4.7706846244656651,2.224623551524334,,0,0,0,0,3
2020.emnlp-main.602,2020,W3102914525,A5006663881,A5102992157,4,2,1,1,1,1,9.1406686987268646,3.5189804173185388,14.713774987941722,0,0,0,0,3
2020.emnlp-main.604,2020,W3099462192,A5010937599,A5020347604,2,1,1,1,1,1,7.0422861719397432,3.4499875458315872,11.153675780659029,0,1,0,1,3
2020.emnlp-main.605,2020,W3089083665,A5030878165,A5089539629,3,1,1,1,1,1,7.2276624987286544,3.4339872044851463,13.617366889101389,0,1,0,1,3
2020.emnlp-main.606,2020,W3092747808,A5032785756,A5007855897,7,4,1,1,1,1,8.2962971126425078,3.172083663361442,11.669193900768487,0,1,0,1,3
2020.emnlp-main.607,2020,W3090019957,A5079179621,A5069270736,6,5,1,1,1,1,6.8079349436999257,2.6390573296152584,13.603931133643382,0,0,0,0,3
2020.emnlp-main.609,2020,W3023035014,A5037862554,A5082305994,7,2,1,1,1,1,8.3296580675693956,3.1103356562929947,14.713774987941722,1,0,0,1,3
2020.emnlp-main.61,2020,W3101767943,A5065602294,A5002278578,5,2,1,1,1,1,7.6511201757027001,3.2347491740244907,13.51513357841994,0,0,0,0,3
2020.emnlp-main.610,2020,W3106341067,A5112027715,A5088262368,3,1,1,1,1,1,6.3952615981154493,2.367123614131617,14.563995468146317,0,0,0,0,3
2020.emnlp-main.614,2020,W3103427938,A5091670413,A5081022650,3,1,1,1,1,1,9.0753221602980965,3.8430301339411943,9.7991820357268136,0,0,0,0,3
2020.emnlp-main.616,2020,W3096237101,A5060107290,A5005771535,3,3,1,1,1,1,9.173365135851288,3.970291913552122,14.097719681113714,0,1,0,1,3
2020.emnlp-main.619,2020,W3105623222,A5112446481,A5079357056,4,4,1,1,1,1,7.935945103353701,3.4011973816621555,12.374806472482176,0,0,0,0,3
2020.emnlp-main.62,2020,W3093232105,A5043614405,A5076876084,2,2,1,1,1,1,6.0378709199221374,3.1986731175506811,14.563995468146317,0,0,0,0,3
2020.emnlp-main.620,2020,W3103670089,A5022970868,A5032121234,2,1,1,1,1,1,6.5525078870345901,2.6390573296152584,13.563002560520149,0,0,0,0,3
2020.emnlp-main.621,2020,W3092546490,A5076188177,A5103224637,2,1,1,1,1,1,5.8944028342648505,2.862200880929469,11.245346628222164,1,0,0,1,3
2020.emnlp-main.622,2020,W3102825016,A5091822496,A5062910836,2,1,1,1,1,1,6.93537044601511,3.1354942159291497,13.617366889101389,0,0,0,0,3
2020.emnlp-main.623,2020,W3093903394,A5081190995,A5078354590,2,1,1,1,1,1,6.7031881132408628,3.277144732992177,14.543604427187256,0,0,0,0,3
2020.emnlp-main.624,2020,W3099954076,A5051951021,A5112248869,6,1,1,1,1,1,9.0820523516746512,4.0661736852554045,11.236302019875181,0,0,0,0,3
2020.emnlp-main.625,2020,W3100103823,A5075564427,A5001987532,3,2,1,1,1,1,8.9895690048070289,3.8213686371600151,14.184544019853476,0,0,0,0,3
2020.emnlp-main.626,2020,W3092423535,A5025458684,A5089539629,4,1,1,1,1,1,7.2276624987286544,3.3672958299864741,13.617366889101389,0,0,0,0,3
2020.emnlp-main.63,2020,W3104788521,A5035343276,A5002278578,4,1,1,1,1,1,7.6511201757027001,3.323235840192444,13.51513357841994,0,0,0,0,3
2020.emnlp-main.630,2020,W3096813544,A5043555135,A5110778504,3,1,1,1,1,1,4.7535901911063645,1.2992829841302609,13.616931562261003,0,1,0,1,3
2020.emnlp-main.631,2020,W3104671987,A5070498298,A5066940046,2,1,1,1,1,1,5.9661467391236922,3.0910424533583161,12.64125835508742,0,1,0,1,3
2020.emnlp-main.632,2020,W3092281475,A5003334803,A5076094010,3,1,1,1,1,1,7.3752557780097536,2.456735772821304,13.339345586573002,0,1,0,1,3
2020.emnlp-main.633,2020,W3101248447,A5102941860,A5100701572,5,3,1,1,1,1,9.1102990177959562,3.6938669956249761,14.482164368042143,0,0,0,0,3
2020.emnlp-main.638,2020,W3105522431,A5107931474,A5017159143,10,0,1,0,1,0,6.5806391372849493,2.6390573296152584,,0,0,0,0,3
2020.emnlp-main.639,2020,W3086646230,A5091326079,A5018976680,2,1,1,1,1,1,7.5137092478397047,3.737669618283368,14.227067738326603,0,0,0,0,3
2020.emnlp-main.644,2020,W3105825505,A5047477291,A5081354508,2,1,1,1,1,1,5.3565862746720123,2.5649493574615367,12.763992710826001,0,0,0,0,3
2020.emnlp-main.646,2020,W3104639696,A5041785056,A5050801868,3,0,1,0,1,0,6.804614520062624,3.0285220963769821,,0,0,0,0,3
2020.emnlp-main.65,2020,W3106007100,A5100330185,A5100664729,3,1,1,1,1,1,7.9487384548136104,3.3081069585961438,13.814993424273691,0,0,0,0,3
2020.emnlp-main.653,2020,W3099802876,A5069912951,A5021827617,4,1,1,1,1,1,8.8381165976478204,3.2088254890146994,14.482164368042143,0,0,0,0,3
2020.emnlp-main.655,2020,W3021837303,,,0,0,0,0,0,0,,,,0,0,0,0,3
2020.emnlp-main.66,2020,W3100110884,A5066791810,A5032046813,4,1,1,1,1,1,9.4023647042315233,4.3438054218536841,8.9015027574516097,0,1,0,1,3
2020.emnlp-main.661,2020,W3094492284,A5057314288,A5001987532,3,3,1,1,1,1,8.9895690048070289,3.6463198396951406,14.184544019853476,0,0,0,0,3
2020.emnlp-main.662,2020,W3093949908,A5002620823,A5042601761,4,2,1,1,1,1,6.1841488909374833,2.6912430827858289,15.00045496520046,0,0,0,0,3
2020.emnlp-main.664,2020,W3103090210,A5007465673,A5112713734,4,0,1,0,1,0,8.8041750187536252,3.6109179126442239,,0,1,0,1,3
2020.emnlp-main.672,2020,W3100600904,A5088136153,A5007593199,2,1,0.66666666666666663,1,1,1,4.6634390941120669,1.5040773967762742,13.044652615297654,0,0,1,1,3
2020.emnlp-main.673,2020,W3101891351,A5075543864,A5100405086,4,0,1,0,1,0,9.0120113770364121,3.4339872044851463,,0,1,0,1,3
2020.emnlp-main.676,2020,W3099645789,A5112446481,A5079357056,4,5,1,1,1,1,7.935945103353701,3.4094961844768505,12.374806472482176,0,0,0,0,3
2020.emnlp-main.677,2020,W3021912557,A5070550428,A5031887375,4,2,0.80000000000000004,1,1,1,4.9052747784384296,1.6582280766035324,14.835998409012932,0,0,0,0,3
2020.emnlp-main.68,2020,W3103621832,A5006360972,A5101815181,4,0,1,0,1,0,7.1974353540965907,3.7256934272366529,,0,0,0,0,3
2020.emnlp-main.684,2020,W3103371880,A5053456946,A5030156276,5,4,1,1,1,1,8.1037967129817936,3.8543938925915096,14.482164368042143,0,0,0,0,3
2020.emnlp-main.686,2020,W3098264558,A5101528687,A5101829031,2,1,1,1,1,1,6.5323342922223491,3.1135153092103742,13.866950541592432,0,0,0,0,3
2020.emnlp-main.687,2020,W3103318178,A5048320654,A5047817959,2,2,1,1,1,1,6.7923444274708089,2.8332133440562162,13.536329581914048,0,0,0,0,3
2020.emnlp-main.688,2020,W3098682001,A5087270153,A5009408707,6,3,1,1,1,1,8.8620586773954724,3.277144732992177,13.917560700377752,0,0,0,0,3
2020.emnlp-main.689,2020,W3101246020,A5084743219,A5060769750,3,2,1,1,1,1,4.6821312271242199,1.4663370687934272,12.917057288419755,1,1,0,1,3
2020.emnlp-main.691,2020,W3105241646,A5089455757,A5100460272,3,1,1,1,1,1,8.467582690862903,3.7992275112828016,13.810834642892672,1,0,0,1,3
2020.emnlp-main.692,2020,W3023487857,A5008270789,A5080857815,7,6,1,1,1,1,8.9201217518724043,3.1660776393012298,14.938693500566588,0,0,0,0,3
2020.emnlp-main.694,2020,W3097074708,A5006329390,A5064335115,5,1,1,1,1,1,7.6143121464519998,3.044522437723423,9.8483447530389192,0,1,0,1,3
2020.emnlp-main.695,2020,W3101263512,A5018805044,A5075825791,3,2,1,1,1,1,7.8284363591575854,3.8712010109078911,14.749790509197988,0,0,0,0,3
2020.emnlp-main.696,2020,W3090348815,A5056753433,A5057970781,3,1,1,1,1,1,8.1022836244800729,3.5648268054439574,14.661908299079933,0,1,0,1,3
2020.emnlp-main.697,2020,W3106255016,A5103103242,A5100702488,4,0,1,0,1,0,8.0777575637369203,3.7196511127806899,,0,0,0,0,3
2020.emnlp-main.698,2020,W3099872554,A5101959000,A5057693146,6,2,1,1,1,1,8.8237951487205297,4.1536611393785199,12.172112471446578,0,1,0,1,3
2020.emnlp-main.700,2020,W3106339673,A5029539504,A5101718341,8,1,1,1,1,1,8.3392619829235759,3.7465585657006142,9.8536143020404001,0,1,0,1,3
2020.emnlp-main.704,2020,W3099204253,A5000577985,A5025205227,4,4,1,1,1,1,6.313548046277095,2.4203681286504293,13.800872948966511,1,1,0,1,3
2020.emnlp-main.706,2020,W3106534186,A5102751070,A5001987532,4,1,1,1,1,1,8.9895690048070289,3.6441435602725449,14.184544019853476,0,1,0,1,3
2020.emnlp-main.707,2020,W3104152799,A5101760065,A5018421415,5,3,1,1,1,1,8.7422549018863513,3.1179499062782403,14.713774987941722,0,1,0,1,3
2020.emnlp-main.708,2020,W3099807503,A5023400154,A5100702485,6,2,1,1,1,1,8.735846677457582,3.417726683613366,13.616931562261003,0,1,0,1,3
2020.emnlp-main.710,2020,W3105055324,A5102952667,A5107844594,6,1,1,1,1,1,8.8237951487205297,3.157000421150113,12.172112471446578,0,0,0,0,3
2020.emnlp-main.711,2020,W3017192286,A5059265033,A5033257344,2,3,0.5,1,1,1,7.7226775164680035,2.8332133440562162,12.374806472482176,0,1,0,1,3
2020.emnlp-main.712,2020,W3087107227,A5025500234,A5077726785,4,3,1,1,1,1,7.7306140660637395,3.323235840192444,13.044652615297654,0,0,0,0,3
2020.emnlp-main.713,2020,W3007129127,A5091112967,A5016956470,5,7,1,1,1,1,8.7937637591133004,3.3393219779440679,14.938693500566588,0,0,0,0,3
2020.emnlp-main.715,2020,W3104080943,A5070890959,A5089085275,2,1,1,1,1,1,7.2189097076190603,3.0910424533583161,13.377826963789186,0,0,0,0,3
2020.emnlp-main.717,2020,W3091998006,A5008920438,A5109565051,2,1,1,1,1,1,6.6858609470683596,2.7080502011022101,14.381705796622915,0,0,0,0,3
2020.emnlp-main.72,2020,W3102816807,A5107028150,A5100370145,8,1,1,1,1,1,8.4233219758061662,2.8183982582710758,12.819841064622178,1,0,0,1,3
2020.emnlp-main.722,2020,W3105082862,A5100611243,A5051745436,6,5,1,1,1,1,8.9911888419315105,3.5742165457937962,13.36609826451023,0,1,0,1,3
2020.emnlp-main.724,2020,W3106109117,A5100770786,A5019539533,7,3,1,1,1,1,8.7379338581141361,4.176582660459073,13.917560700377752,0,1,0,1,3
2020.emnlp-main.728,2020,W3091798252,A5007389688,A5085284883,5,2,1,1,1,1,6.4583382833447898,1.824549292051046,15.00045496520046,0,0,0,0,3
2020.emnlp-main.729,2020,W3102998438,A5100440548,A5088834359,7,2,1,1,1,1,8.7436911105430202,3.415382016654112,13.914782878113618,0,0,0,0,3
2020.emnlp-main.73,2020,W3101095987,A5100657717,A5030087918,3,2,1,1,1,1,6.9856418176392081,2.6149597780361979,13.95116581858359,0,1,0,1,3
2020.emnlp-main.730,2020,W3101296100,A5088136153,A5007593199,2,1,0.66666666666666663,1,1,1,4.6634390941120669,1.5040773967762742,13.044652615297654,0,0,0,0,3
2020.emnlp-main.731,2020,W3104739822,A5071542832,A5081824828,2,2,1,1,1,1,7.7997533182872472,3.5115454388310208,14.749790509197988,0,0,0,0,3
2020.emnlp-main.732,2020,W3099843385,A5104152402,A5101756071,6,1,1,1,1,1,5.5872486584002496,1.6094379124341005,12.266146527481952,0,0,0,0,3
2020.emnlp-main.734,2020,W3098467034,A5066141653,A5001987532,3,1,1,1,1,1,8.9895690048070289,3.8712010109078911,14.184544019853476,0,0,0,0,3
2020.emnlp-main.735,2020,W3105763789,A5025657112,A5016448581,13,3,1,1,1,1,8.7181729300287252,4.0003156125738242,14.070616234815851,0,0,0,0,3
2020.emnlp-main.737,2020,W3100737666,A5041986925,A5075631319,4,2,1,1,1,1,7.4097419540809231,2.917770732084279,14.381705796622915,0,0,0,0,3
2020.emnlp-main.738,2020,W3101670860,A5110723076,A5100320723,5,3,1,1,1,1,9.5643016372172323,4.0707346965829672,13.814376915634556,1,0,0,1,3
2020.emnlp-main.739,2020,W3092070261,A5069912951,A5021827617,4,2,1,1,1,1,8.8381165976478204,3.5481795720108011,14.482164368042143,0,0,0,0,3
2020.emnlp-main.740,2020,W3098807778,A5100444201,A5079750750,4,2,1,1,1,1,6.4583382833447898,3.0910424533583161,14.6860090474076,0,0,0,0,3
2020.emnlp-main.744,2020,W3099658661,A5024250477,A5056256317,2,3,1,1,1,1,7.4460014983241196,3.6763006719070761,14.809630472549108,0,0,0,0,3
2020.emnlp-main.746,2020,W3088647504,A5076880940,A5102992157,7,3,1,1,1,1,9.326967183907902,3.9648864949852141,14.713774987941722,0,0,0,0,3
2020.emnlp-main.747,2020,W3103035585,A5086610894,A5079270249,3,2,1,1,1,1,7.3251489579555749,3.0122615755052013,13.57326828155659,0,0,0,0,3
2020.emnlp-main.748,2020,W3098136301,A5049628803,A5112048474,4,3,1,1,1,1,7.4899708988348008,3.4011973816621555,13.346595935535309,0,1,0,1,3
2020.emnlp-main.749,2020,W3102489149,A5063215270,A5100627504,6,3,1,1,1,1,8.8237951487205297,3.6847040827034561,14.03220858142171,0,0,0,0,3
2020.emnlp-main.75,2020,W3105038888,A5100723435,A5109522253,3,2,1,1,1,1,8.278682162970906,3.4339872044851463,13.917560700377752,0,0,0,0,3
2020.emnlp-main.750,2020,W2981456979,A5070892989,A5059955534,4,1,1,1,1,1,9.4023647042315233,4.0561233494019033,8.9015027574516097,1,0,0,1,3
2020.emnlp-main.752,2020,W3100932507,A5100775673,A5100716372,6,1,1,1,1,1,8.6061194006106394,3.717628867399922,14.460542546509824,0,0,0,0,3
2020.emnlp-main.77,2020,W3101668578,A5055639782,A5024102664,3,1,1,1,1,1,7.1420365747068031,2.9087208965643612,11.534980455751059,0,0,0,0,3
2020.emnlp-main.78,2020,W3105648266,A5009822141,A5110579339,4,2,1,1,1,1,8.7111138840535443,3.9464244321454784,13.873032017006448,0,0,0,0,3
2020.emnlp-main.79,2020,W3099665409,A5109393622,A5060225743,3,1,1,1,1,1,8.6256887875695369,3.9053340172773492,13.617366889101389,0,1,0,1,3
2020.emnlp-main.8,2020,W3023783150,A5105836462,A5108266978,2,1,1,1,1,1,7.0983756385907864,3.277144732992177,14.749790509197988,0,1,0,1,3
2020.emnlp-main.80,2020,W3101155369,A5100377278,A5019715118,7,2,1,1,1,1,7.3588308983423536,3.1039458581942241,12.562662585856202,0,0,0,0,3
2020.emnlp-main.81,2020,W3103878009,A5100415705,A5055225377,4,1,1,1,1,1,6.6398758338265358,3.2580965380214821,9.8536143020404001,0,0,0,0,3
2020.emnlp-main.84,2020,W3103621845,A5114099779,A5076917278,5,0,1,0,1,0,9.2407725790963848,3.0252910757955358,,0,0,0,0,3
2020.emnlp-main.87,2020,W3102402592,A5088753951,A5034451965,5,0,1,0,1,0,6.8844866520427823,2.0281482472922852,,0,1,0,1,3
2020.emnlp-main.88,2020,W3099246072,A5032597148,A5023802054,6,3,1,1,1,1,8.6242522637096446,3.8250116284385158,13.900988927164356,0,0,0,0,3
2020.emnlp-main.9,2020,W3092597885,A5057314288,A5001987532,4,4,1,1,1,1,8.9895690048070289,3.5115454388310208,14.184544019853476,0,0,0,0,3
2020.emnlp-main.90,2020,W3101845158,A5005775912,A5101718341,7,3,1,1,1,1,8.3820605174247405,3.4477173972970481,12.486186148482002,0,0,0,0,3
2020.emnlp-main.92,2020,W3101734317,A5101905617,A5100333729,3,2,1,1,1,1,7.9515593311552522,3.6463198396951406,10.534280491349095,0,1,0,1,3
2020.emnlp-main.93,2020,W3095570946,A5007169600,A5107337645,3,1,1,1,1,1,7.7097568644541647,3.6375861597263857,13.617366889101389,0,0,0,0,3
2020.emnlp-main.94,2020,W3092201676,A5084653029,A5082874907,2,6,1,1,1,1,7.2406496942554659,3.4812400893356918,13.95116581858359,0,0,0,0,3
2020.emnlp-main.96,2020,W3089262807,A5023518080,A5088517824,3,3,1,1,1,1,9.326967183907902,4.0887735171726449,14.713774987941722,0,1,0,1,3
2020.emnlp-main.97,2020,W3089233166,A5086226474,A5070063054,3,4,1,1,1,1,8.6683680192133554,4.0312864262549644,14.809630472549108,0,0,0,0,3
2020.emnlp-main.98,2020,W3104604581,A5013420855,A5005002693,5,2,1,1,1,1,8.8671455895941431,4.0638853547373923,12.305854630077004,0,0,1,1,3
2020.emnlp-main.99,2020,W3097986428,A5045853966,A5009408707,6,4,1,1,1,1,8.8620586773954724,3.4605139588185749,14.460542546509824,0,0,0,0,3
2021.acl-long.1,2021,W3164189931,A5040831016,A5027450194,6,5,1,1,1,1,9.5965547004922094,3.8029519103737841,13.188971006460966,0,0,0,0,3
2021.acl-long.11,2021,W3177219653,A5035214368,A5100770462,5,4,1,1,1,1,8.3039999709551964,3.7750571503549888,15.686497633530244,0,0,0,0,3
2021.acl-long.111,2021,W3173180518,A5103968040,A5087096372,4,2,1,1,1,1,9.0336031934761287,3.9655637723561759,14.406502081815304,0,0,0,0,3
2021.acl-long.112,2021,W3170237181,A5052720993,A5041024491,2,2,1,1,1,1,8.7456028524029463,3.9219733362813134,14.943011845317574,0,0,0,0,3
2021.acl-long.114,2021,W3160563524,A5035431854,A5102992157,6,1,1,1,1,1,9.4223016338878232,3.641962534326185,10.267644436822616,0,0,0,0,3
2021.acl-long.118,2021,W3174114019,A5108758733,A5035142405,2,2,1,1,1,1,7.6304612617836272,3.157000421150113,14.704432148538643,1,0,0,1,3
2021.acl-long.120,2021,W3177156688,A5030953897,A5022489655,3,2,1,1,1,1,6.9650803456014074,3.120895416507997,14.693232588079514,0,0,0,0,3
2021.acl-long.121,2021,W3174142642,A5100778373,A5025299678,3,2,1,1,1,1,7.6468313914304824,3.2580965380214821,12.8078087847558,0,0,0,0,3
2021.acl-long.123,2021,W3175552668,A5024669409,A5040062188,4,1,1,1,1,1,7.0255383146385206,2.3025850929940459,14.394431370420552,0,0,0,0,3
2021.acl-long.124,2021,W3174681468,A5012790041,A5017601806,2,2,1,1,1,1,7.333676395657684,3.737669618283368,13.180615304252049,0,0,0,0,3
2021.acl-long.126,2021,W3173880430,A5034286014,A5014375244,9,4,1,1,1,1,7.9641557188409369,3.4303965363544178,13.823494600503349,0,0,0,0,3
2021.acl-long.13,2021,W3177075735,A5039215196,A5070594684,4,0,1,0,1,0,6.4707995037826018,3.0563568953704259,,0,0,0,0,3
2021.acl-long.130,2021,W3169947649,A5052171928,A5015518638,7,4,1,1,1,1,8.5610186709562672,3.0910424533583161,14.930877696916149,0,0,0,0,3
2021.acl-long.14,2021,W3176908654,A5044420239,A5007985173,5,2,1,1,1,1,8.8070229559254773,4.165113633110308,13.897395567556998,0,0,0,0,3
2021.acl-long.140,2021,W3175234986,A5030361161,A5101595500,5,2,1,1,1,1,6.8035052576083377,2.6672282065819548,13.721725015309833,0,0,0,0,3
2021.acl-long.143,2021,W3169878837,A5015729879,A5070829652,3,1,1,1,1,1,7.0518556229558937,2.6855773452501515,14.427646144965641,0,1,0,1,3
2021.acl-long.147,2021,W3174153016,,,0,3,0,1,0,1,,,13.057549618392288,0,0,0,0,3
2021.acl-long.15,2021,W3173794693,A5029082837,A5057382261,6,1,1,1,1,1,8.2163583323861555,3.4231762883809305,13.897395567556998,0,1,0,1,3
2021.acl-long.154,2021,W3176913488,A5046196738,A5005443526,3,1,1,1,1,1,8.2179782031507322,3.970291913552122,14.070503102563356,0,1,0,1,3
2021.acl-long.155,2021,W3175665465,A5100959930,A5100440407,8,2,1,1,1,1,8.6939995675220825,3.924445525426703,14.494097247192832,0,1,0,1,3
2021.acl-long.156,2021,W3175431949,A5100754482,A5083420537,4,4,1,1,1,1,9.4569660474375965,4.0027773686966102,15.047169246667011,1,0,0,1,3
2021.acl-long.157,2021,W3176417455,A5042318272,A5114535237,6,5,1,1,1,1,9.4497508957542635,3.8572147689331513,15.047169246667011,0,0,0,0,3
2021.acl-long.158,2021,W3173348221,A5027675359,A5102992157,7,0,1,0,1,0,9.4223016338878232,3.4965075614664798,,0,0,0,0,3
2021.acl-long.160,2021,W3168355451,A5001707231,A5015133105,4,3,1,1,1,1,7.6957579905547613,3.5765502691400166,13.906320627443677,0,0,0,0,3
2021.acl-long.162,2021,W3173580669,A5100754384,A5100370145,7,2,1,1,1,1,7.5559050936113463,2.8903717578961645,13.865024269833736,0,0,0,0,3
2021.acl-long.163,2021,W3174726724,A5101615874,A5112457697,9,5,1,1,1,1,8.3426016806841936,2.8653704556907478,14.015515668337439,0,0,0,0,3
2021.acl-long.164,2021,W3174702641,A5100849475,A5055783764,4,2,1,1,1,1,4.3694478524670215,1.9095425048844383,10.992705855562368,1,0,0,1,3
2021.acl-long.165,2021,W3168245858,A5048584098,A5043262011,3,1,1,1,1,1,6.5250296578434623,3.0910424533583161,14.352385726929567,0,0,0,0,3
2021.acl-long.166,2021,W3176056996,A5054072672,A5088517824,6,3,1,1,1,1,9.4834162920385996,3.7573166156671647,14.754080064635756,0,0,0,0,3
2021.acl-long.167,2021,W3177445126,A5076244567,A5101768349,5,1,1,1,1,1,6.2785214241658442,3.1945831322991558,12.98886169862406,1,0,0,1,3
2021.acl-long.172,2021,W3176693010,A5076892099,A5101718341,9,4,1,1,1,1,8.2970451490818267,3.2495127943300908,14.360824561188837,0,1,0,1,3
2021.acl-long.173,2021,W3174925536,A5101671512,A5100742563,3,1,1,1,1,1,6.5424719605068047,3.0602707946915619,11.792759320578208,0,0,0,0,3
2021.acl-long.177,2021,W3175210284,A5102924560,A5100693435,4,1,1,1,1,1,6.9957661563048505,3.2288261557213689,9.6822796266896738,0,0,0,0,3
2021.acl-long.180,2021,W3176134318,A5032965724,A5101554099,8,4,1,1,1,1,7.9021175462764477,3.4657359027997265,13.874906189587429,0,0,0,0,3
2021.acl-long.181,2021,W3176108833,A5100391517,A5022672030,4,2,1,1,1,1,9.2176138559426803,4.0517849478033048,14.751717636158553,0,0,0,0,3
2021.acl-long.186,2021,W3117309749,A5042601761,A5016956470,4,2,1,1,1,1,8.4805292070446452,3.4420193761824107,14.930877696916149,0,1,0,1,3
2021.acl-long.188,2021,W3176038554,A5055394194,A5100459168,5,2,1,1,1,1,9.7253771165136378,4.3412046401536264,14.043369374919845,0,0,0,0,3
2021.acl-long.190,2021,W3175976195,A5058974318,A5044205212,4,2,1,1,1,1,7.2868764117506997,3.7256934272366529,10.307618437631156,0,0,0,0,3
2021.acl-long.191,2021,W3164239084,A5048623569,A5075015202,3,1,1,1,1,1,5.7930136083841441,2.0794415416798362,10.237993571703798,0,0,0,0,3
2021.acl-long.196,2021,W3173586048,A5086038509,A5100343699,7,3,1,1,1,1,7.1647203787718574,2.8982769374032777,11.792759320578208,0,0,0,0,3
2021.acl-long.197,2021,W3176047188,A5101523174,A5102802605,3,2,1,1,1,1,5.7071102647488754,2.9957322735539909,13.823078846084186,0,0,0,0,3
2021.acl-long.199,2021,W3175836671,A5100638103,A5100351304,3,1,1,1,1,1,7.2312870043276156,3.5263605246161616,12.56619862778016,0,0,0,0,3
2021.acl-long.20,2021,W3174091926,A5100360616,A5090455375,7,1,1,1,1,1,6.4723462945009009,2.5866893440979428,14.043369374919845,1,0,0,1,3
2021.acl-long.202,2021,W3177224328,A5102865418,A5100386394,8,1,1,1,1,1,8.6128669414845191,3.3843902633457743,11.171251723949551,1,0,0,1,3
2021.acl-long.203,2021,W3175825020,A5101428911,A5009985839,3,1,1,1,1,1,7.1585139973293206,3.4863551900024623,12.020977245186824,1,0,0,1,3
2021.acl-long.204,2021,W3176382501,A5101755392,A5100370155,8,3,1,1,1,1,8.0599083345782763,3.3277302297802827,13.865024269833736,0,0,0,0,3
2021.acl-long.205,2021,W3177196190,A5100393241,A5060694956,3,2,1,1,1,1,6.5806391372849493,3.2054528045360602,14.423595370073826,0,1,0,1,3
2021.acl-long.206,2021,W3177049011,A5100352782,A5102274699,7,3,1,1,1,1,7.4809921628695246,3.4701902531491067,12.454357489250716,0,0,0,0,3
2021.acl-long.209,2021,W3174040594,A5006832086,A5102274699,3,2,1,1,1,1,6.2402758451707694,3.3202283191284883,12.454357489250716,0,0,0,0,3
2021.acl-long.210,2021,W3166385544,A5029094267,A5016184654,6,4,1,1,1,1,7.790696031174738,2.9873640238834742,14.237643319108434,0,0,0,0,3
2021.acl-long.215,2021,W3176831585,A5046687207,A5072052633,9,5,1,1,1,1,7.8567067930958396,3.1640675883732059,14.751717636158553,0,0,0,0,3
2021.acl-long.217,2021,W3174945605,A5103090910,A5109568761,9,4,1,1,1,1,7.4217757936446471,3.2666072276893905,15.686497633530244,0,0,0,0,3
2021.acl-long.218,2021,W3174839159,A5031774490,A5110722665,5,1,1,1,1,1,7.8493238180405607,3.3945083935113587,15.047169246667011,1,0,0,1,3
2021.acl-long.224,2021,W3167968824,A5066183817,A5025827839,7,2,1,1,1,1,7.2626286009742413,3.1957534074473464,12.578942245268404,0,0,0,0,3
2021.acl-long.225,2021,W3162228117,A5044358886,A5047912015,6,3,0.8571428571428571,1,1,1,7.930565854233965,3.0040310763686859,13.090961457664784,0,0,0,0,3
2021.acl-long.226,2021,W3175710106,A5017982536,A5028836340,5,2,1,1,1,1,9.1488904096599608,3.8372994592322094,13.687077006382356,0,0,0,0,3
2021.acl-long.23,2021,W3175283066,A5049783368,A5100437809,5,5,1,1,1,1,7.5196924041165394,3.858622228701031,13.854184968075064,0,0,0,0,3
2021.acl-long.230,2021,W3176850943,A5052158421,A5010394308,6,2,1,1,1,1,7.7583334674909104,3.8177123259569048,13.906320627443677,0,0,0,0,3
2021.acl-long.231,2021,W3176017841,A5100339289,A5100339289,1,1,1,1,1,1,6.0958245624322247,3.5553480614894131,13.000512077571992,0,0,0,0,3
2021.acl-long.232,2021,W3175889193,A5085331333,A5101898313,2,2,1,1,1,1,6.5694814204142959,2.8332133440562162,12.382799413976043,0,0,0,0,3
2021.acl-long.236,2021,W3173256823,A5028279831,A5108705811,6,2,1,1,1,1,7.8489337263640708,3.5695326964813701,10.484753000447981,0,0,0,0,3
2021.acl-long.238,2021,W3175591618,A5060729227,A5109547753,6,2,1,1,1,1,5.0039463059454592,2.2857779746776643,12.387026600916824,0,0,0,0,3
2021.acl-long.240,2021,W3176390686,A5101511712,A5114910293,6,2,1,1,1,1,9.5117034314838271,4.0488821881453436,12.164286644838576,0,0,0,0,3
2021.acl-long.243,2021,W3120253119,A5007759955,A5027450194,5,2,1,1,1,1,9.5965547004922094,4.4589876758100102,14.203344479491497,0,0,0,0,3
2021.acl-long.247,2021,W3173167392,A5020238852,A5024746221,3,1,1,1,1,1,7.1000271666292596,2.9087208965643612,10.639981537599439,0,0,0,0,3
2021.acl-long.252,2021,W3173277859,A5100358738,A5056376686,3,2,1,1,1,1,6.444131256700441,2.9444389791664403,13.691292235193741,0,0,0,0,3
2021.acl-long.253,2021,W3173947338,A5045927598,A5107249743,9,1,0.90000000000000002,1,1,1,7.708859601047175,3.3162041688287629,13.865024269833736,1,0,0,1,3
2021.acl-long.255,2021,W3175855363,A5090588589,A5024040521,2,1,1,1,1,1,8.0212561801439968,3.417726683613366,11.335985401928683,0,0,0,0,3
2021.acl-long.256,2021,W3169467202,A5108631674,A5067943980,2,1,1,1,1,1,6.9650803456014074,3.3141860046725258,14.693232588079514,0,0,0,0,3
2021.acl-long.259,2021,W3176574162,A5058966093,A5100378800,6,3,1,1,1,1,8.0808564196409858,3.1498829533812494,13.219992684135567,1,0,0,1,3
2021.acl-long.260,2021,W3173169192,A5102894085,A5100770464,9,2,1,1,1,1,9.9620394394857446,4.3609732254760489,14.751717636158553,0,0,0,0,3
2021.acl-long.261,2021,W3173276074,A5070326893,A5015709853,4,1,1,1,1,1,7.267525427828172,3.8286413964890951,13.260942011250364,0,0,0,0,3
2021.acl-long.262,2021,W3168975240,A5037214580,A5017159143,5,0,1,0,1,0,6.6770834612471361,2.7972813348301528,,0,0,0,0,3
2021.acl-long.263,2021,W3168715221,A5053327738,A5080146945,5,2,1,1,1,1,5.9964520886190211,3.1945831322991558,13.630316479427281,0,0,0,0,3
2021.acl-long.264,2021,W3175327901,A5101622992,A5014662947,9,2,0.90000000000000002,1,1,1,9.2470579549113463,3.6635616461296463,13.897395567556998,0,0,0,0,3
2021.acl-long.267,2021,W3173691187,A5010399428,A5085736941,5,3,1,1,1,1,8.343315881404946,3.8712010109078911,11.224109416477244,0,0,0,0,3
2021.acl-long.268,2021,W3173844397,A5045356877,A5024102664,5,2,1,1,1,1,8.8872383542931406,3.93963817246112,14.572432217856171,0,0,0,0,3
2021.acl-long.27,2021,W3174493546,A5101447904,A5040759280,2,1,1,1,1,1,7.4798641311650256,3.1986731175506811,14.140168277215864,0,0,0,0,3
2021.acl-long.270,2021,W3177295196,A5101696778,A5016651990,7,2,1,1,1,1,6.2480428745084291,2.3445492920930779,12.56619862778016,0,0,0,0,3
2021.acl-long.271,2021,W3176956817,A5027658278,A5100770464,5,4,1,1,1,1,8.3039999709551964,4.0000338827508592,15.686497633530244,0,0,0,0,3
2021.acl-long.272,2021,W3173941845,A5101638214,A5044042138,4,3,1,1,1,1,8.6255093348996965,4.1470951276076295,14.751717636158553,0,0,0,0,3
2021.acl-long.273,2021,W3175204457,A5001643829,A5050605025,6,2,1,1,1,1,8.3673001018416198,3.713572066704308,13.684287356558498,1,1,0,1,3
2021.acl-long.274,2021,W3174691968,A5023594937,A5021459300,4,2,1,1,1,1,8.421122722665503,3.844814255734696,14.572432217856171,0,0,0,0,3
2021.acl-long.275,2021,W3177271541,A5101650034,A5102396915,4,3,1,1,1,1,7.4036702900123732,3.5624655292582776,10.992705855562368,0,0,0,0,3
2021.acl-long.276,2021,W3174388632,A5004591174,A5011277985,7,4,1,1,1,1,7.8493238180405607,3.3270894095084333,15.047169246667011,0,0,0,0,3
2021.acl-long.278,2021,W3175398775,A5101848528,A5100727084,3,2,1,1,1,1,8.065265208897733,3.9053340172773492,13.858466593797717,0,0,0,0,3
2021.acl-long.279,2021,W3159613532,A5014923355,A5071144367,3,2,1,1,1,1,7.5714736488512706,4.0604430105464191,14.89913542759076,0,0,0,0,3
2021.acl-long.281,2021,W3173751370,A5035151979,A5035151979,1,2,1,1,1,1,5.0814043649844631,3.218875824868201,12.473129727637955,0,0,0,0,3
2021.acl-long.282,2021,W3173799737,A5053456946,A5040404999,4,3,1,1,1,1,8.233503140233994,4.2835865618606288,13.88121683451002,0,0,0,0,3
2021.acl-long.283,2021,W3175622777,A5076286335,A5101815945,3,2,1,1,1,1,7.6103576183128379,3.4011973816621555,14.930877696916149,0,0,0,0,3
2021.acl-long.284,2021,W3165960851,A5032039796,A5004921249,11,0,1,0,1,0,7.6619975589018932,2.6455298441208761,,0,0,0,0,3
2021.acl-long.285,2021,W3177271673,A5005572782,A5060116992,6,2,1,1,1,1,8.6299860188913602,3.8177123259569048,14.138414010734609,0,0,0,0,3
2021.acl-long.287,2021,W3173658292,A5102709667,A5100436183,3,1,1,1,1,1,5.4293456289544411,2.159484249353373,10.391545958948146,0,0,0,0,3
2021.acl-long.296,2021,W3173596483,A5039440984,A5100405086,3,2,1,1,1,1,8.2524460902469521,3.8213686371600151,13.887011348657875,1,0,0,1,3
2021.acl-long.299,2021,W3106926072,A5014668625,A5081562101,4,3,1,1,1,1,6.0378709199221374,2.6741486494265287,11.899465960214703,0,1,0,1,3
2021.acl-long.30,2021,W3173311282,A5077977978,A5008102972,2,1,1,1,1,1,4.2484952420493594,1.791759469228055,12.68962162095927,0,0,0,0,3
2021.acl-long.300,2021,W3175246415,A5085299468,A5109565051,7,3,1,1,1,1,6.3561076606958924,3.0239031505206877,14.352385726929567,0,0,0,0,3
2021.acl-long.303,2021,W3177148769,A5101744555,A5039621382,3,1,1,1,1,1,5.7930136083841441,2.5902671654458267,13.887011348657875,0,0,0,0,3
2021.acl-long.305,2021,W3175019732,A5071953338,A5012794465,3,1,1,1,1,1,7.5032896306750816,3.7216692769369271,13.555537033399348,0,0,0,0,3
2021.acl-long.308,2021,W3176209443,A5019525050,A5101718341,8,1,1,1,1,1,7.8504931808711396,3.4136199016607125,10.292857153479408,0,0,0,0,3
2021.acl-long.31,2021,W3176332746,A5091549942,A5102024497,7,4,1,1,1,1,7.0596176282913827,2.8743714165497241,15.686497633530244,0,0,0,0,3
2021.acl-long.311,2021,W3176639175,A5040208577,A5077746237,4,1,1,1,1,1,7.8371596500016754,3.218875824868201,13.252791459738701,0,0,0,0,3
2021.acl-long.313,2021,W3165034393,A5032005532,A5076043215,7,3,1,1,1,1,6.3835066348840055,2.2587824703356527,11.899465960214703,0,0,0,0,3
2021.acl-long.316,2021,W3176182290,A5012370787,A5051745436,7,4,1,1,1,1,9.5117034314838271,4.3530390978006288,13.88121683451002,0,0,0,0,3
2021.acl-long.317,2021,W3175344799,A5013535642,A5100442321,5,3,1,1,1,1,7.3251489579555749,3.1000922888782338,15.686497633530244,0,0,0,0,3
2021.acl-long.318,2021,W3174515829,A5046228314,A5058504936,2,4,0.5,1,1,1,7.8879593365999447,3.2386784521643803,14.751717636158553,0,0,0,0,3
2021.acl-long.322,2021,W3173399040,A5086233510,A5081398601,9,5,0.90000000000000002,1,1,1,9.5927415404857967,4.0293120919512457,14.352385726929567,0,0,0,0,3
2021.acl-long.326,2021,W3173644040,A5086576990,A5040062188,4,1,1,1,1,1,7.0255383146385206,2.5839975524322312,14.394431370420552,0,0,0,0,3
2021.acl-long.328,2021,W3176711365,A5033437280,A5048470138,5,0,1,0,1,0,7.7761154770987417,3.3322045101752038,,0,0,0,0,3
2021.acl-long.330,2021,W3174685870,A5079812247,A5030248499,4,2,1,1,1,1,9.0336031934761287,4.219507705176107,14.406502081815304,0,0,0,0,3
2021.acl-long.331,2021,W3114268635,A5100784818,A5016956470,6,3,1,1,1,1,9.2012996273240315,4.0073331852324712,14.475165585791974,0,0,0,0,3
2021.acl-long.332,2021,W3174278275,A5042321763,A5058519912,3,2,1,1,1,1,5.780743515792329,1.8971199848858813,14.943011845317574,0,0,0,0,3
2021.acl-long.338,2021,W3176265725,A5044588650,A5089413311,4,2,1,1,1,1,8.2361556616831244,3.5263605246161616,13.721725015309833,1,0,0,1,3
2021.acl-long.340,2021,W3175844213,A5103968040,A5087096372,6,3,1,1,1,1,9.0336031934761287,3.4914442595099331,14.406502081815304,0,0,0,0,3
2021.acl-long.342,2021,W3175591469,A5101905617,A5100333758,4,2,1,1,1,1,8.5625488931370342,3.5409593240373143,11.224109416477244,0,0,0,0,3
2021.acl-long.344,2021,W3174505712,A5024080570,A5030367905,4,2,1,1,1,1,7.5272559193737836,3.6441435602725449,11.827247034090879,0,0,0,0,3
2021.acl-long.345,2021,W3176693244,A5087171054,A5005779128,5,2,1,1,1,1,9.0774944586427537,3.5438536820636788,13.71156570644761,0,0,0,0,3
2021.acl-long.346,2021,W3177468934,A5100707159,A5081307846,6,5,1,1,1,1,8.2915465098839096,3.2054528045360602,13.858466593797717,0,0,0,0,3
2021.acl-long.349,2021,W3089025530,A5007411979,A5107835063,6,2,1,1,1,1,8.1656479252975043,3.1780538303479458,13.180615304252049,0,0,0,0,3
2021.acl-long.351,2021,W3168767730,A5012722031,A5082874907,2,2,1,1,1,1,6.5337888379333444,3.4011973816621555,13.600223562927845,0,1,0,1,3
2021.acl-long.352,2021,W3173277985,A5100403775,A5063460883,5,2,1,1,1,1,8.8479347533284649,3.6635616461296463,14.518005412568725,0,0,0,0,3
2021.acl-long.354,2021,W3173799534,A5102844797,A5100360407,5,1,1,1,1,1,8.0189546831557177,3.210843653170937,14.043369374919845,0,0,0,0,3
2021.acl-long.355,2021,W3174098303,A5022885986,A5001987532,4,2,1,1,1,1,9.1697266890908864,3.7612001156935615,14.180363371785775,0,0,0,0,3
2021.acl-long.356,2021,W3176342638,A5063166850,A5079642914,6,3,1,1,1,1,7.8567067930958396,3.4011973816621555,14.751717636158553,0,0,0,0,3
2021.acl-long.36,2021,W3117979279,A5016443023,A5066030227,2,1,1,1,1,1,4.6347289882296359,2.19722457733622,13.252791459738701,0,0,0,0,3
2021.acl-long.361,2021,W3176251244,A5103326017,A5034536222,5,3,1,1,1,1,7.4217757936446471,3.5667118201397288,15.686497633530244,0,0,0,0,3
2021.acl-long.363,2021,W3173975877,A5043295774,A5101406351,4,2,1,1,1,1,6.8679744089702925,2.7725887222397811,13.503501639354758,0,0,0,0,3
2021.acl-long.365,2021,W3187578449,A5100674838,A5029998682,7,4,1,1,1,1,9.4186545090443907,3.7938827631239209,15.686497633530244,0,0,0,0,3
2021.acl-long.367,2021,W3176920001,A5100777701,A5086674741,3,2,1,1,1,1,8.2970451490818267,3.713572066704308,11.792245170087131,0,0,0,0,3
2021.acl-long.372,2021,W3176971429,A5100325881,A5101801149,4,2,1,1,1,1,7.0724219005373712,3.4965075614664798,14.140168277215864,0,0,0,0,3
2021.acl-long.377,2021,W3175052694,A5030183493,A5046448314,5,4,1,1,1,1,9.9620394394857446,4.4953553199808844,14.751717636158553,1,0,0,1,3
2021.acl-long.379,2021,W3174906586,A5037356783,A5085818578,7,3,1,1,1,1,7.6113477174036213,3.2635760037861075,12.449908624229456,0,0,0,0,3
2021.acl-long.381,2021,W3119555019,A5061387148,A5000874697,3,2,1,1,1,1,6.6567265241783913,3.0285220963769821,13.858466593797717,0,1,0,1,3
2021.acl-long.382,2021,W3174896143,A5071734030,A5070829652,2,1,1,1,1,1,7.0518556229558937,2.7725887222397811,14.427646144965641,0,0,0,0,3
2021.acl-long.384,2021,W3170702395,A5012122990,A5029448258,4,1,1,1,1,1,8.3642750849915242,3.755369195382769,13.503501639354758,0,0,0,0,3
2021.acl-long.386,2021,W3177153025,A5112659743,A5032877157,3,1,1,1,1,1,7.5207764150627971,3.2708355637989119,13.271126427124347,0,0,0,0,3
2021.acl-long.387,2021,W3173460036,A5080003280,A5001030192,4,3,1,1,1,1,8.2464337861603649,3.218875824868201,13.887011348657875,0,0,0,0,3
2021.acl-long.389,2021,W3177155667,A5101689159,A5043150565,3,1,1,1,1,1,6.7776465936351169,2.8332133440562162,13.503501639354758,0,0,0,0,3
2021.acl-long.391,2021,W3174231090,A5101700398,A5103822192,3,1,1,1,1,1,6.1903154058531484,3.2580965380214821,13.673806430768598,0,0,0,0,3
2021.acl-long.392,2021,W3173588320,A5109377270,A5101796417,6,3,1,1,1,1,8.7122664321353547,3.1849742731925192,15.686497633530244,0,0,0,0,3
2021.acl-long.396,2021,W3174693043,A5024772368,A5060116992,5,4,1,1,1,1,9.2667207054122898,3.9963641538618968,13.499795199079784,0,0,0,0,3
2021.acl-long.398,2021,W3176909894,A5072906957,A5036050911,2,2,1,1,1,1,7.9895604493338652,4.3502779363593014,14.494097247192832,0,0,0,0,3
2021.acl-long.4,2021,W3120042896,A5050023117,A5049920688,5,5,0.83333333333333337,1,1,1,7.0112139873503674,2.7343675094195841,14.89913542759076,0,0,0,0,3
2021.acl-long.402,2021,W3173188814,A5100456377,A5032690182,5,3,1,1,1,1,8.6126851728754588,4.399375273008495,14.360824561188837,1,0,0,1,3
2021.acl-long.409,2021,W3172897928,A5077690631,A5016184654,5,1,1,1,1,1,7.6177595766085053,3.4531571205928664,13.965525841672884,0,0,0,0,3
2021.acl-long.411,2021,W3114436296,A5051950818,A5112758056,4,3,0.80000000000000004,1,1,1,8.4022311729465553,3.9796816539019608,14.754080064635756,0,0,0,0,3
2021.acl-long.413,2021,W3173902720,A5055657033,A5056777342,3,2,1,1,1,1,5.3752784076841653,2.159484249353373,13.575691235639452,0,1,0,1,3
2021.acl-long.416,2021,W3019416653,A5000852572,A5102886212,3,7,1,1,1,1,5.7714411231300158,2.3353749158170367,14.693232588079514,0,1,0,1,3
2021.acl-long.419,2021,W3175930218,A5101750900,A5100403562,6,5,1,1,1,1,6.3062752869480159,2.6968769005040847,11.314694014352236,0,0,0,0,3
2021.acl-long.42,2021,W3176824248,A5066544410,A5101488344,7,1,1,1,1,1,8.0824022539262437,3.0099169085459474,10.292857153479408,0,0,0,0,3
2021.acl-long.420,2021,W3173854146,A5043757700,A5042018181,10,4,1,1,1,1,8.9870718128488214,3.691376334312523,14.394431370420552,0,0,0,0,3
2021.acl-long.422,2021,W3176001432,A5100428431,A5005535444,5,2,1,1,1,1,7.7279755421055585,3.202746442938317,14.360824561188837,0,0,0,0,3
2021.acl-long.425,2021,W3174322057,A5060945576,A5085713075,5,4,1,1,1,1,8.1713168747197304,3.1441522786722644,15.686497633530244,0,0,0,0,3
2021.acl-long.429,2021,W3171919807,A5016936747,A5071048141,2,2,1,1,1,1,5.4026773818722793,2.9444389791664403,12.619618350829736,0,0,0,0,3
2021.acl-long.43,2021,W3176013197,A5101030723,A5082599714,8,2,1,1,1,1,8.4926955598158376,3.801091444720865,14.572432217856171,0,0,0,0,3
2021.acl-long.432,2021,W3168677757,A5100327428,A5005535444,5,1,1,1,1,1,7.0192966537150445,2.8449093838194077,13.854184968075064,0,0,0,0,3
2021.acl-long.434,2021,W3157208817,A5070831085,A5070302452,4,2,1,1,1,1,7.4054956631994724,3.3499040872746049,13.090961457664784,0,1,0,1,3
2021.acl-long.435,2021,W3173864402,A5031164256,A5060116992,8,1,1,1,1,1,8.6299860188913602,3.0081547935525483,14.394431370420552,0,0,0,0,3
2021.acl-long.437,2021,W3175460367,A5100641761,A5100342160,5,2,1,1,1,1,7.0405363902159559,3.4965075614664798,13.49000476943757,0,0,0,0,3
2021.acl-long.441,2021,W3176264844,A5100374101,A5032690182,7,2,1,1,1,1,8.8556634307001243,4.3288518721866254,14.360824561188837,0,0,0,0,3
2021.acl-long.442,2021,W3176015924,A5037501616,A5042018181,8,2,1,1,1,1,9.4497508957542635,4.3356554174917594,13.556159349680554,0,0,0,0,3
2021.acl-long.443,2021,W3176585753,A5025128323,A5103119755,2,1,1,1,1,1,7.4012312644130152,3.6635616461296463,11.792759320578208,0,0,0,0,3
2021.acl-long.444,2021,W3173680274,A5078517381,A5024102664,5,2,1,1,1,1,7.5164333029156323,3.6838669122903922,12.551780672066686,0,0,0,0,3
2021.acl-long.445,2021,W3174636484,A5078961860,A5034476404,4,4,1,1,1,1,8.5085559980205741,4.26619481914876,15.686497633530244,0,0,0,0,3
2021.acl-long.446,2021,W3175045510,A5103874857,A5100355692,4,3,1,1,1,1,10.090547863677257,5.4205349992722862,14.751717636158553,0,0,0,0,3
2021.acl-long.447,2021,W3173185981,A5101793596,A5071144367,7,4,1,1,1,1,8.046869510959576,4.2278759548466232,14.693232588079514,0,0,0,0,3
2021.acl-long.449,2021,W3173662321,A5100459582,A5102274699,4,6,1,1,1,1,7.0094089327086371,3.2484346271097451,15.047169246667011,0,0,0,0,3
2021.acl-long.450,2021,W3175168675,A5112427900,A5100418684,4,4,1,1,1,1,8.3421252633335907,4.1510399058986458,14.070503102563356,0,0,0,0,3
2021.acl-long.451,2021,W3175225269,A5055394194,A5044665993,6,2,1,1,1,1,9.0260568918686879,3.5742165457937962,14.043369374919845,0,0,0,0,3
2021.acl-long.456,2021,W3174781928,A5091494473,A5100412937,5,3,1,1,1,1,9.596078849900314,4.4543472962535073,14.406502081815304,0,0,0,0,3
2021.acl-long.462,2021,W3174851730,A5102000914,A5025565222,4,2,1,1,1,1,9.2470579549113463,3.8286413964890951,14.572432217856171,1,0,0,1,3
2021.acl-long.464,2021,W3173175058,A5100744865,A5101623806,6,2,0.8571428571428571,1,1,1,7.8038433035387724,2.9356283494842854,14.043369374919845,0,0,0,0,3
2021.acl-long.466,2021,W3174887376,A5108049590,A5089289613,4,3,1,1,1,1,5.3423342519648109,1.6582280766035324,15.686497633530244,0,0,0,0,3
2021.acl-long.467,2021,W3175955332,A5102866593,A5073535763,5,3,1,1,1,1,7.8111633850252788,3.5085558999826545,14.360824561188837,0,1,0,1,3
2021.acl-long.47,2021,W3167473228,A5055885317,A5084321238,4,3,1,1,1,1,10.047631185616188,3.4735180432417816,13.596626671382763,1,0,0,1,3
2021.acl-long.470,2021,W3173001334,A5024447363,A5050766679,2,1,1,1,1,1,7.1204443723924884,3.3843902633457743,14.693232588079514,0,1,0,1,3
2021.acl-long.471,2021,W3176030234,A5030318123,A5013188461,6,3,1,1,1,1,8.0755826366717205,3.2644863361202532,13.425337921674403,0,0,0,0,3
2021.acl-long.472,2021,W3176659426,A5015819673,A5100386394,8,3,1,1,1,1,8.6128669414845191,3.8340614639584341,14.572432217856171,0,0,0,0,3
2021.acl-long.473,2021,W3176077300,A5110999110,A5100716372,7,5,1,1,1,1,8.5842909349487311,4.1294358820333708,14.572432217856171,0,0,0,0,3
2021.acl-long.474,2021,W3164275410,A5107879471,A5022489655,5,2,1,1,1,1,7.5169772246043207,2.9755295662364718,14.203344479491497,0,0,0,0,3
2021.acl-long.475,2021,W3173874403,A5023350949,A5041024491,2,1,1,1,1,1,8.7456028524029463,3.970291913552122,14.132523979607649,0,0,0,0,3
2021.acl-long.476,2021,W3175291199,A5100604923,A5083583236,3,2,0.75,1,1,1,5.5568280616995374,2.5123056239761148,13.823078846084186,0,0,0,0,3
2021.acl-long.477,2021,W3177308635,A5072808499,A5066134551,5,1,1,1,1,1,9.2470579549113463,3.8022081394209399,7.9069154886785871,0,0,0,0,3
2021.acl-long.478,2021,W3173361789,A5055148762,A5076917278,4,0,1,0,1,0,9.3404032562743513,3.4965075614664798,,0,0,0,0,3
2021.acl-long.48,2021,W3174258185,A5070697478,A5024040521,5,3,1,1,1,1,8.1539251320078616,3.2503744919275719,14.070503102563356,0,0,0,0,3
2021.acl-long.480,2021,W3176395632,A5102869280,A5063695659,5,6,1,1,1,1,7.6957579905547613,3.8836235309064482,14.039926099955229,0,0,0,0,3
2021.acl-long.482,2021,W3175827219,A5100676456,A5102898115,5,2,1,1,1,1,8.3889051711147058,3.751854253275325,13.721725015309833,0,1,0,1,3
2021.acl-long.485,2021,W3173333551,A5049796187,A5062064974,4,2,1,1,1,1,6.8987145343299883,2.6912430827858289,13.425337921674403,0,0,0,0,3
2021.acl-long.486,2021,W3177474367,A5100666272,A5051649145,10,3,1,1,1,1,8.3813734682737024,3.0726933146901194,14.423595370073826,0,0,0,0,3
2021.acl-long.487,2021,W3176522605,A5055939662,A5003324011,7,2,1,1,1,1,7.8567067930958396,3.4293682586288519,14.751717636158553,0,0,0,0,3
2021.acl-long.488,2021,W3165523615,A5036250098,A5103867920,4,2,1,1,1,1,7.2513449833722143,3.5904393813006839,13.88121683451002,0,0,0,0,3
2021.acl-long.489,2021,W3176396223,A5100321164,A5017464054,6,3,1,1,1,1,7.0343879299155034,3.0285220963769821,13.88121683451002,0,0,0,0,3
2021.acl-long.491,2021,W3176032431,A5100438237,A5100770462,9,3,1,1,1,1,9.9620394394857446,4.1862820575477864,14.751717636158553,1,0,0,1,3
2021.acl-long.493,2021,W3173325518,A5100734069,A5101718341,7,1,1,1,1,1,8.4372838081879351,3.5221499920798176,10.292857153479408,0,0,0,0,3
2021.acl-long.495,2021,W3173706378,A5048141765,A5010426520,8,2,1,1,1,1,6.0730445341004051,2.917770732084279,13.425337921674403,0,0,0,0,3
2021.acl-long.496,2021,W3174859448,A5005775912,A5101718341,4,2,1,1,1,1,8.2970451490818267,3.784189633918261,11.792245170087131,0,0,0,0,3
2021.acl-long.497,2021,W3174902437,A5020779586,A5026719663,6,3,1,1,1,1,7.3981740929704651,2.8716796248840124,13.897395567556998,0,0,0,0,3
2021.acl-long.498,2021,W3175541789,A5050818189,A5019933387,4,3,1,1,1,1,8.1630863755832159,3.044522437723423,14.475165585791974,0,0,0,0,3
2021.acl-long.5,2021,W3174342531,A5076603720,A5049227591,5,1,1,1,1,1,6.6970342476664841,2.1041341542702074,13.874906189587429,0,0,0,0,3
2021.acl-long.501,2021,W3173476932,A5112731457,A5100364489,3,2,1,1,1,1,6.1003189520200642,2.456735772821304,14.639514494996252,0,0,0,0,3
2021.acl-long.502,2021,W3177334331,A5101506940,A5100364381,2,1,1,1,1,1,7.4888529557334591,4.2484952420493594,14.639514494996252,0,0,0,0,3
2021.acl-long.503,2021,W3169230890,A5066540477,A5053217291,4,2,1,1,1,1,7.4673710669175586,3.617651944825568,14.609770143724472,0,0,1,1,3
2021.acl-long.504,2021,W3176120057,A5100704639,A5024102664,4,1,1,1,1,1,7.7672639967573076,3.9219733362813134,11.792759320578208,0,0,0,0,3
2021.acl-long.51,2021,W3175971736,A5086952347,A5072703507,2,1,1,1,1,1,7.4627891574124483,3.417726683613366,13.021594526124669,0,0,0,0,3
2021.acl-long.510,2021,W3176647794,A5100334649,A5051745436,8,3,1,1,1,1,8.2361556616831244,2.9109910450989003,13.721725015309833,0,0,0,0,3
2021.acl-long.518,2021,W3175627818,A5002413587,A5051064208,4,1,1,1,1,1,9.8628217958101114,3.7784916128036232,13.783688566641246,0,0,0,0,3
2021.acl-long.519,2021,W3119437245,A5000168915,A5066242985,7,4,1,1,1,1,9.1619901110351361,3.337293579682675,14.015515668337439,0,0,0,0,3
2021.acl-long.522,2021,W3176618728,A5060080064,A5102992157,7,2,1,1,1,1,9.4834162920385996,4.0278994628139477,14.704432148538643,0,0,0,0,3
2021.acl-long.523,2021,W3174057701,A5004225142,A5085011940,4,3,1,1,1,1,7.9697035832786556,3.218875824868201,14.704432148538643,0,0,0,0,3
2021.acl-long.524,2021,W3166593603,A5018285202,A5027450194,5,4,1,1,1,1,9.5965547004922094,4.3148178849804317,14.406502081815304,0,0,0,0,3
2021.acl-long.531,2021,W3173464868,A5058348064,A5070905937,3,2,1,1,1,1,7.4564545551762089,3.3081069585961438,13.994679650961668,0,1,0,1,3
2021.acl-long.532,2021,W3018880344,A5086032910,A5001294898,3,1,1,1,1,1,7.2327331361776146,3.3787245258100969,13.887011348657875,0,1,0,1,3
2021.acl-long.534,2021,W3173795766,A5101488072,A5042324027,6,2,1,1,1,1,9.0346766028462966,4.2365190510026434,14.751717636158553,1,0,0,1,3
2021.acl-long.537,2021,W3174564679,A5101759071,A5001987532,4,3,1,1,1,1,9.5117034314838271,4.4801736958134057,11.860485998576864,0,0,0,0,3
2021.acl-long.538,2021,W3175689281,A5101669635,A5087631670,3,2,1,1,1,1,8.3111525480016901,4.3438054218536841,13.49000476943757,0,0,0,0,3
2021.acl-long.542,2021,W3094217771,A5014923355,A5071144367,3,2,1,1,1,1,7.5714736488512706,4.0604430105464191,14.89913542759076,0,0,0,0,3
2021.acl-long.546,2021,W3175646721,A5017878056,A5067133778,4,3,1,1,1,1,7.6078780732785072,4.0604430105464191,13.169414888134312,0,0,0,0,3
2021.acl-long.549,2021,W3176495666,A5090149660,A5014855689,6,1,1,1,1,1,9.4223016338878232,3.5881378843124043,14.704432148538643,1,0,0,1,3
2021.acl-long.552,2021,W3169594013,A5009772358,A5037647150,2,1,1,1,1,1,3.784189633918261,2.4423470353692043,12.876759470159936,0,0,0,0,3
2021.acl-long.554,2021,W3176930520,A5113922561,A5033257344,3,2,1,1,1,1,7.9348715659451772,3.6109179126442239,13.906320627443677,0,0,0,0,3
2021.acl-long.557,2021,W3175383945,A5112027715,A5076876084,2,1,1,1,1,1,6.444131256700441,3.2958368660043291,14.540387483534188,0,0,0,0,3
2021.acl-long.56,2021,W3173710861,A5032223753,A5025205227,3,2,1,1,1,1,6.3818160174060985,3.120895416507997,14.494097247192832,0,0,0,0,3
2021.acl-long.560,2021,W3173900104,A5101834699,A5070742827,3,1,1,1,1,1,6.9603477291013078,2.8134107167600364,14.006160669196456,0,0,0,0,3
2021.acl-long.561,2021,W3174928059,A5056180150,A5000874697,2,1,1,1,1,1,6.6567265241783913,3.218875824868201,13.858466593797717,0,0,0,0,3
2021.acl-long.562,2021,W3167515372,A5059930218,A5078390032,2,1,1,1,1,1,6.6463905148477291,3.1780538303479458,13.823494600503349,0,0,0,0,3
2021.acl-long.567,2021,W3176913643,A5061528283,A5042025393,5,2,1,1,1,1,8.8070229559254773,4.2484952420493594,13.865024269833736,0,0,0,0,3
2021.acl-long.569,2021,W3119636502,A5109576489,A5062696000,4,3,1,1,1,1,8.8446246833853017,3.7727609380946383,14.015515668337439,1,1,0,1,3
2021.acl-long.571,2021,W3175212568,A5101419466,A5100440432,5,2,1,1,1,1,8.0545226095372939,3.4339872044851463,14.001007069251871,1,0,0,1,3
2021.acl-long.59,2021,W3176638037,A5083338507,A5100355025,3,1,1,1,1,1,9.0066317333005799,4.5538768916005408,13.503501639354758,0,0,0,0,3
2021.acl-long.6,2021,W3175637107,A5063593572,A5101884287,8,5,1,1,1,1,9.0252148878494936,4.0004916534157546,14.751717636158553,0,0,0,0,3
2021.acl-long.61,2021,W3177470889,A5090165292,A5012962057,5,4,1,1,1,1,6.131226489483141,2.2192034840549946,14.751717636158553,0,0,0,0,3
2021.acl-long.63,2021,W3176900753,A5100410460,A5101820083,6,3,1,1,1,1,7.5016344578834131,3.0040310763686859,15.686497633530244,0,0,0,0,3
2021.acl-long.64,2021,W3175096440,A5087929857,A5005255629,8,1,1,1,1,1,6.7889717429921701,2.8478121434773689,10.529532929555335,0,0,0,0,3
2021.acl-long.71,2021,W3176614973,A5102805562,A5084019485,3,2,1,1,1,1,3.9889840465642745,1.6739764335716716,13.459334061208674,0,0,0,0,3
2021.acl-long.72,2021,W3173783447,A5071356121,A5010789029,4,5,1,1,1,1,10.132334806767016,3.801091444720865,14.798076177618547,0,0,0,0,3
2021.acl-long.74,2021,W3086307406,A5071893787,A5045872048,2,2,1,1,1,1,7.9006366130180048,3.7495040759303713,13.52721096155048,0,0,0,0,3
2021.acl-long.75,2021,W3093630174,A5038781104,A5053947885,4,1,1,1,1,1,10.572546937566983,3.6951100038645719,13.573672090615171,0,0,0,0,3
2021.acl-long.77,2021,W3167269072,A5034624275,A5063283689,5,4,1,1,1,1,6.313548046277095,2.4336133554004498,12.85766058070055,0,0,0,0,3
2021.acl-long.79,2021,W3164647775,A5102228622,A5075564798,3,1,1,1,1,1,6.0661080901037474,3.1354942159291497,14.132523979607649,0,0,0,0,3
2021.acl-long.82,2021,W3171902218,A5028618909,A5089539629,5,4,1,1,1,1,7.6797136399663719,3.3463891451671604,13.996536275521107,0,0,0,0,3
2021.acl-long.83,2021,W3174691662,A5027600524,A5069306884,5,2,1,1,1,1,6.5308776277258849,2.6390573296152584,14.394431370420552,0,0,0,0,3
2021.acl-long.84,2021,W3173618889,A5110367147,A5082997975,4,2,1,1,1,1,8.680331928793418,4.1510399058986458,13.333377665715943,1,0,0,1,3
2021.acl-long.86,2021,W3161757350,A5103935867,A5028862918,3,4,1,1,1,1,5.6869753563398202,2.8134107167600364,14.283017949198715,0,0,0,0,3
2021.acl-long.97,2021,W3174524944,A5055471930,A5021000040,6,3,1,1,1,1,8.5381715978014299,4.0488821881453436,13.823494600503349,1,0,0,1,3
2021.emnlp-main.1,2021,W3200388885,A5038936304,A5086877012,3,1,1,1,1,1,8.3228800217699046,3.8849943330402268,13.823078846084186,0,1,0,1,3
2021.emnlp-main.10,2021,W3200823184,A5025002883,A5079270249,2,1,1,1,1,1,7.8590269797515377,3.4812400893356918,14.01341999009988,0,0,0,0,3
2021.emnlp-main.101,2021,W3213082281,A5069010932,A5008354502,7,2,1,1,1,1,8.1496017357361552,3.1416861861770702,13.180615304252049,0,0,0,0,3
2021.emnlp-main.102,2021,W3119860807,A5002713693,A5032121234,2,1,1,1,1,1,6.4754327167040904,3.0910424533583161,13.533316067819772,0,0,0,0,3
2021.emnlp-main.105,2021,W3214377500,A5022232232,A5049804700,3,0,1,0,1,0,7.1731917424865994,2.6855773452501515,,0,0,0,0,3
2021.emnlp-main.106,2021,W3207482032,A5055489351,A5087088138,3,1,1,1,1,1,8.5610186709562672,3.2580965380214821,14.930877696916149,0,0,0,0,3
2021.emnlp-main.108,2021,W3199501816,A5034624275,A5033006575,6,4,1,1,1,1,9.0391961157723539,3.5312505099103531,14.704432148538643,0,0,0,0,3
2021.emnlp-main.109,2021,W3213730158,A5026154387,A5073413742,4,2,1,1,1,1,8.046869510959576,4.1705337005796483,14.693232588079514,0,0,0,0,3
2021.emnlp-main.110,2021,W3201662444,A5091793300,A5011336242,4,1,1,1,1,1,8.5169931714135707,4.0690267542378109,9.9422754797433885,0,0,0,0,3
2021.emnlp-main.112,2021,W3213432108,A5026996221,A5026648049,3,1,1,1,1,1,7.1623974973557178,2.7515353130419489,13.726051825004255,1,0,0,1,3
2021.emnlp-main.113,2021,W3213868621,A5025969090,A5100439255,4,1,1,1,1,1,5.2040066870767951,2.7568403652716422,13.444891705158769,0,1,0,1,3
2021.emnlp-main.115,2021,W3156498837,A5041579054,A5045872048,2,2,1,1,1,1,7.9006366130180048,3.5553480614894131,13.52721096155048,0,0,0,0,3
2021.emnlp-main.116,2021,W3198192082,A5058718034,A5051184573,2,1,1,1,1,1,7.6764736463891561,3.8918202981106265,12.68962162095927,0,1,0,1,3
2021.emnlp-main.117,2021,W3198690080,A5000171711,A5082184364,2,2,1,1,1,1,6.3080984415095305,3.3322045101752038,13.301075093221886,0,1,0,1,3
2021.emnlp-main.124,2021,W3200079248,A5087104756,A5027174211,3,2,1,1,1,1,7.1685798972640349,3.1640675883732059,14.50980607892892,0,0,0,0,3
2021.emnlp-main.127,2021,W3198959024,,,0,1,0,1,0,1,,,12.578942245268404,0,0,0,0,3
2021.emnlp-main.13,2021,W3205231586,A5100346522,A5036357902,6,3,1,1,1,1,9.9579283882143752,4.7916497529307094,14.407918749364519,0,0,0,0,3
2021.emnlp-main.131,2021,W3197744542,A5046196738,A5070002963,3,1,1,1,1,1,6.3681871863504922,2.3353749158170367,14.070503102563356,0,0,0,0,3
2021.emnlp-main.133,2021,W3200987621,A5109946254,A5088517824,5,8,1,1,1,1,9.4834162920385996,4.2398868675127588,14.704432148538643,0,0,0,0,3
2021.emnlp-main.134,2021,W4205276509,A5103028641,A5023802054,4,2,1,1,1,1,8.3148321792845561,3.9464244321454784,11.241156110978496,0,0,0,0,3
2021.emnlp-main.137,2021,W3198527962,A5053733996,A5088517824,3,2,1,1,1,1,9.4834162920385996,4.2341065045972597,14.704432148538643,0,1,0,1,3
2021.emnlp-main.138,2021,W3200655919,A5002674952,A5054771988,3,1,1,1,1,1,6.4922398350204711,2.6390573296152584,13.090961457664784,0,0,0,0,3
2021.emnlp-main.139,2021,W3197381498,A5009127587,A5044042138,3,2,1,1,1,1,8.6255093348996965,3.8286413964890951,14.751717636158553,0,0,0,0,3
2021.emnlp-main.140,2021,W3199691415,A5083545545,A5087215613,4,3,1,1,1,1,8.3652068344183554,3.5263605246161616,14.704432148538643,0,0,0,0,3
2021.emnlp-main.142,2021,W3197770791,A5012014905,A5109041721,6,3,1,1,1,1,7.153833801578843,2.8033603809065348,14.751717636158553,0,1,0,1,3
2021.emnlp-main.143,2021,W3201234832,A5012907875,A5047766916,7,1,1,1,1,1,6.9255951971104679,3.2690256085536724,11.07736190903803,0,0,0,0,3
2021.emnlp-main.144,2021,W3199079601,A5100461783,A5036357902,9,2,1,1,1,1,9.9579283882143752,4.3263377288132929,13.429517140045704,0,0,0,0,3
2021.emnlp-main.145,2021,W3199250649,A5074174494,A5109397252,6,3,1,1,1,1,7.3670770598810122,2.9704144655697009,14.185561937150078,0,0,0,0,3
2021.emnlp-main.148,2021,W3196679537,A5079135719,A5087419620,4,1,1,1,1,1,5.3423342519648109,2.9444389791664403,10.737960669186508,0,0,0,0,3
2021.emnlp-main.149,2021,W3201132578,A5067578148,A5075825791,13,2,1,1,1,1,8.3079525452710197,3.3485536481767331,14.754080064635756,0,0,0,0,3
2021.emnlp-main.151,2021,W3199396412,A5100603057,A5100327828,3,1,1,1,1,1,6.2402758451707694,3.0285220963769821,12.934384246677736,0,0,0,0,3
2021.emnlp-main.162,2021,W3199207650,A5110195053,A5087096372,5,1,1,1,1,1,9.0336031934761287,3.8501476017100575,14.406502081815304,1,0,0,1,3
2021.emnlp-main.163,2021,W3201144093,A5102739620,A5004921249,3,3,1,1,1,1,7.6619975589018932,3.0285220963769821,14.540387483534188,0,0,0,0,3
2021.emnlp-main.164,2021,W3213050770,A5020005244,A5089152779,6,5,1,1,1,1,8.8919241401545399,4.0103589061490084,14.751717636158553,0,0,0,0,3
2021.emnlp-main.168,2021,W3153046263,A5049618494,A5103875788,4,3,1,1,1,1,8.1382726385301858,3.6375861597263857,13.899379168298893,1,0,0,1,3
2021.emnlp-main.169,2021,W3197754599,A5013258788,A5100360407,4,1,1,1,1,1,7.542213463193403,2.8183982582710758,14.043369374919845,0,1,0,1,3
2021.emnlp-main.170,2021,W3201162576,A5100330223,A5100664729,3,1,1,1,1,1,7.6657534318616989,3.5457786104732629,13.823078846084186,0,0,0,0,3
2021.emnlp-main.175,2021,W3212092284,A5103185340,A5041563693,6,2,1,1,1,1,8.7166995729642931,4.1108738641733114,14.572432217856171,0,0,0,0,3
2021.emnlp-main.176,2021,W3214501429,A5101501129,A5110722665,9,5,1,1,1,1,7.8284363591575854,2.6855773452501515,15.686497633530244,0,0,0,0,3
2021.emnlp-main.178,2021,W3200506654,A5024250097,A5100770464,3,1,1,1,1,1,8.3039999709551964,3.8066624897703201,11.792759320578208,0,0,0,0,3
2021.emnlp-main.180,2021,W3199951264,A5058873797,A5100348874,3,1,1,1,1,1,5.8636311755980968,2.7725887222397811,7.7349961940227807,0,1,0,1,3
2021.emnlp-main.182,2021,W3201069208,A5029082837,A5019108029,6,1,1,1,1,1,8.2163583323861555,3.1498829533812494,13.897395567556998,1,0,0,1,3
2021.emnlp-main.185,2021,W3202125623,A5014579261,A5101718341,6,1,1,1,1,1,8.119100837637486,4.1718198743903914,10.292857153479408,0,0,0,0,3
2021.emnlp-main.189,2021,W3211727363,A5024439005,A5024169758,4,1,1,1,1,1,6.5496507422338102,3.1354942159291497,13.858466593797717,0,1,0,1,3
2021.emnlp-main.191,2021,W3201139004,A5112054566,A5101857422,8,2,1,1,1,1,7.5559050936113463,3.0265039322207445,12.948395630176632,0,0,0,0,3
2021.emnlp-main.197,2021,W3212781411,A5080281882,A5012794465,3,1,1,1,1,1,7.5032896306750816,3.8286413964890951,13.555537033399348,0,0,0,0,3
2021.emnlp-main.198,2021,W3214623240,A5101540851,A5101616866,6,5,1,1,1,1,7.3479438231486869,3.2255203675868693,15.686497633530244,0,0,0,0,3
2021.emnlp-main.20,2021,W3211920512,A5063658122,A5054952724,3,2,1,1,1,1,7.5104305563780063,3.2708355637989119,14.132523979607649,0,1,0,1,3
2021.emnlp-main.202,2021,W3199051863,A5090505907,A5027803148,3,1,1,1,1,1,5.8777357817796387,2.5389738710582761,14.572432217856171,0,0,0,0,3
2021.emnlp-main.204,2021,W3201147818,A5011412438,A5045807606,3,3,1,1,1,1,8.3375879421165102,4.1692458703952182,12.56619862778016,0,0,0,0,3
2021.emnlp-main.205,2021,W3200989820,A5024311511,A5074342179,7,2,1,1,1,1,7.4809921628695246,3.1660776393012298,11.136980323398056,0,0,0,0,3
2021.emnlp-main.206,2021,W3214600742,A5021251779,A5036865453,4,1,1,1,1,1,9.0651989863065126,3.4965075614664798,12.56619862778016,0,1,0,1,3
2021.emnlp-main.212,2021,W3197439319,A5080602004,A5102904576,3,1,1,1,1,1,6.5903010481966859,2.456735772821304,7.1436176027041212,0,0,0,0,3
2021.emnlp-main.215,2021,W3207408393,A5063533156,A5051505010,3,1,1,1,1,1,6.8710912946105456,2.9789251552376097,12.551780672066686,0,0,0,0,3
2021.emnlp-main.217,2021,W3212837704,A5060037914,A5044722101,3,1,1,1,1,1,4.5108595065168497,1.9459101490553128,9.4390683015842924,0,0,0,0,3
2021.emnlp-main.219,2021,W3213048714,A5075199030,A5021246376,2,1,1,1,1,1,6.5638555265321283,3.6635616461296463,13.386885312425621,0,0,0,0,3
2021.emnlp-main.221,2021,W3213415226,A5100373451,A5101472135,5,1,1,1,1,1,7.1380730340443472,3.0726933146901194,13.000512077571992,0,0,0,0,3
2021.emnlp-main.222,2021,W3202082017,A5100388690,A5017862559,5,2,1,1,1,1,7.6525456926939208,3.414442608412176,14.043369374919845,0,0,0,0,3
2021.emnlp-main.224,2021,W3206455169,A5074848230,A5025631695,8,3,1,1,1,1,8.6128669414845191,3.784189633918261,12.020977245186824,1,0,0,1,3
2021.emnlp-main.225,2021,W3198691721,A5012958162,A5076031002,2,1,1,1,1,1,6.7286286130847017,3.417726683613366,14.263014200308088,0,0,0,0,3
2021.emnlp-main.226,2021,W3198296722,A5102006979,A5057508424,4,2,1,1,1,1,6.6066501861982152,3.2865344733420154,13.000512077571992,0,0,0,0,3
2021.emnlp-main.227,2021,W3211670924,A5021623012,A5082997975,5,0,1,0,1,0,8.680331928793418,3.7424202210419661,,0,0,0,0,3
2021.emnlp-main.228,2021,W3211394135,A5101414673,A5100381754,3,4,1,1,1,1,7.5272559193737836,3.1640675883732059,14.704432148538643,0,0,0,0,3
2021.emnlp-main.23,2021,W3212454968,A5003742879,A5026719663,5,4,1,1,1,1,7.3981740929704651,3.1179499062782403,15.686497633530244,0,0,0,0,3
2021.emnlp-main.230,2021,W3152698349,A5109576489,A5016956470,6,2,1,1,1,1,8.8446246833853017,3.8952158871117648,14.015515668337439,0,1,0,1,3
2021.emnlp-main.231,2021,W3196627444,A5100784815,A5033006662,5,2,1,1,1,1,9.2012996273240315,4.282206299391671,14.475165585791974,0,0,0,0,3
2021.emnlp-main.233,2021,W3214021678,A5028094325,A5081525024,5,4,1,1,1,1,7.4552984856832909,3.6000482404073204,14.310604281769566,1,0,0,1,3
2021.emnlp-main.242,2021,W3214254540,A5100339289,A5023775139,4,3,1,1,1,1,6.9186952190204716,3.6109179126442239,13.000512077571992,0,0,0,0,3
2021.emnlp-main.244,2021,W3200574640,A5039281294,A5017455302,4,4,1,1,1,1,9.0445218872812418,3.5481795720108011,14.518005412568725,0,1,0,1,3
2021.emnlp-main.246,2021,W3198082767,A5001013367,A5014777126,5,1,0.7142857142857143,1,1,1,8.9328726219313737,4.1682144107885559,14.572432217856171,0,0,0,0,3
2021.emnlp-main.247,2021,W3209002790,A5051741610,A5021332177,4,3,1,1,1,1,8.917042560738766,3.6763006719070761,14.751717636158553,0,0,0,0,3
2021.emnlp-main.249,2021,W3197120431,A5053723731,A5010341007,4,2,1,1,1,1,5.4847969334906548,2.2772672850097559,13.57601021065218,0,1,0,1,3
2021.emnlp-main.25,2021,W3197685490,A5022489629,A5046126345,2,1,1,1,1,1,7.1747243098363764,2.8903717578961645,14.639514494996252,0,0,0,0,3
2021.emnlp-main.250,2021,W3205580107,A5020518694,A5101851065,4,2,1,1,1,1,7.9690117811064782,4.0253516907351496,14.394431370420552,1,0,0,1,3
2021.emnlp-main.255,2021,W3207066760,A5100415059,A5085519273,6,2,1,1,1,1,7.6496926237115144,2.6270811385685429,13.43989886888804,0,0,0,0,3
2021.emnlp-main.256,2021,W3211481627,A5101609885,A5114763084,3,2,0.75,1,1,1,6.2363695902037044,2.8134107167600364,10.361987770523434,0,0,0,0,3
2021.emnlp-main.257,2021,W3199404008,A5101622992,A5014662947,7,2,0.875,1,1,1,9.2470579549113463,3.8002930414848399,13.897395567556998,1,1,0,1,3
2021.emnlp-main.258,2021,W3213072305,A5112495273,A5100399466,5,4,1,1,1,1,7.4564545551762089,2.8678989020441064,14.423595370073826,0,0,0,0,3
2021.emnlp-main.259,2021,W3198457396,A5051398849,A5060116992,7,3,1,1,1,1,8.6299860188913602,3.8098320645315988,14.751717636158553,0,0,0,0,3
2021.emnlp-main.260,2021,W3212892036,A5008063608,A5000798681,4,2,1,1,1,1,7.9841219587029268,4.1351665567423561,13.499795199079784,0,0,0,0,3
2021.emnlp-main.262,2021,W3211978535,A5077286641,A5100671757,4,1,1,1,1,1,9.9530393313653764,4.4858234283555252,13.555537033399348,0,0,0,0,3
2021.emnlp-main.264,2021,W3214236736,A5041500742,A5024102664,5,2,1,1,1,1,8.8872383542931406,3.9852734671677386,12.551780672066686,0,0,0,0,3
2021.emnlp-main.265,2021,W3214532454,A5083583196,A5017671620,3,2,1,1,1,1,8.3421252633335907,3.6463198396951406,13.897395567556998,0,1,0,1,3
2021.emnlp-main.266,2021,W3200520312,A5066002127,A5101815181,4,1,1,1,1,1,7.4175804024145444,4.1067670822206574,9.4477812279912161,0,0,0,0,3
2021.emnlp-main.268,2021,W3198270094,A5062855474,A5081525024,4,2,1,1,1,1,7.6319165130712516,3.8501476017100575,14.310604281769566,0,0,0,0,3
2021.emnlp-main.269,2021,W3211705639,A5078876809,A5100428094,4,2,1,1,1,1,5.9242557974145322,2.374905754573672,13.03548435529177,0,0,0,0,3
2021.emnlp-main.270,2021,W3207611961,A5100339948,A5024674243,5,2,1,1,1,1,6.7286286130847017,3.2580965380214821,14.263014200308088,0,0,0,0,3
2021.emnlp-main.271,2021,W3156133475,A5014643514,A5087565126,5,3,1,1,1,1,6.6066501861982152,2.9652730660692823,13.090961457664784,0,0,0,0,3
2021.emnlp-main.272,2021,W3211457251,A5055989750,A5023506057,4,1,1,1,1,1,6.5510803350434044,3.0325462466767075,14.394431370420552,0,0,0,0,3
2021.emnlp-main.273,2021,W3214356539,A5012668540,A5091618278,5,3,1,1,1,1,5.3278761687895813,1.8870696490323799,14.138414010734609,0,0,0,0,3
2021.emnlp-main.274,2021,W3199004261,A5081516369,A5064288668,35,10,0.94594594594594605,1,1,1,8.1044013079216128,2.3952944910983134,13.823078846084186,0,0,0,0,3
2021.emnlp-main.279,2021,W3205537548,A5106364330,A5001914535,4,1,1,1,1,1,4.7184988712950942,2.3025850929940459,13.090961457664784,0,1,0,1,3
2021.emnlp-main.280,2021,W3201464248,A5101438489,A5085787425,9,5,1,1,1,1,6.5736801669606457,3.0338840395183677,14.494097247192832,0,0,0,0,3
2021.emnlp-main.282,2021,W3212088361,A5045259909,A5053058502,5,3,1,1,1,1,8.2586814962642361,3.7796338173824009,14.407918749364519,0,0,0,0,3
2021.emnlp-main.287,2021,W3212050905,A5065735338,A5044665993,3,1,1,1,1,1,9.0260568918686879,3.7992275112828016,14.043369374919845,0,0,0,0,3
2021.emnlp-main.295,2021,W3212944133,A5013838295,A5110722665,8,3,1,1,1,1,7.8284363591575854,3.188416617383492,15.047169246667011,0,1,0,1,3
2021.emnlp-main.296,2021,W3212129137,A5030878947,A5016651990,8,2,1,1,1,1,8.7122664321353547,3.0385522707369192,15.047169246667011,0,1,0,1,3
2021.emnlp-main.297,2021,W3200181722,A5002413587,A5051064208,3,2,1,1,1,1,9.8628217958101114,3.2834143460057721,13.783688566641246,0,1,0,1,3
2021.emnlp-main.298,2021,W3213546938,A5003912896,A5017671620,5,1,1,1,1,1,8.3421252633335907,3.6054978451748849,13.897395567556998,0,0,0,0,3
2021.emnlp-main.299,2021,W3198087180,A5070962435,A5033318800,5,3,1,1,1,1,7.9895604493338652,4.3541414311843463,14.494097247192832,0,0,0,0,3
2021.emnlp-main.3,2021,W3118106810,A5109461795,A5100386394,7,1,1,1,1,1,8.6128669414845191,3.7342624599617538,11.171251723949551,0,0,0,0,3
2021.emnlp-main.300,2021,W3198243861,A5100626004,A5100702488,11,5,1,1,1,1,8.2927988582003742,2.8954095519261216,14.930877696916149,1,0,0,1,3
2021.emnlp-main.301,2021,W3121076170,A5050838145,A5060181397,6,1,1,1,1,1,5.2149357576089859,2.2512917986064958,14.704432148538643,0,0,0,0,3
2021.emnlp-main.305,2021,W3094124961,A5066908916,A5101488340,5,5,1,1,1,1,7.200424892944957,3.1945831322991558,14.639514494996252,1,0,0,1,3
2021.emnlp-main.307,2021,W3211543788,A5020979477,A5016892586,4,2,1,1,1,1,7.7111012518401578,3.218875824868201,14.394431370420552,0,0,0,0,3
2021.emnlp-main.308,2021,W3214608276,A5000571928,A5101815181,5,3,1,1,1,1,7.4175804024145444,3.6109179126442239,13.213331416472631,0,0,0,0,3
2021.emnlp-main.309,2021,W3198052459,A5115602506,A5050004923,3,0,1,0,1,0,9.1728461675486024,3.9951379121386528,,0,0,0,0,3
2021.emnlp-main.310,2021,W3200524025,A5115076694,A5081525024,3,1,1,1,1,1,7.4552984856832909,3.6463198396951406,14.310604281769566,0,0,0,0,3
2021.emnlp-main.314,2021,W3204174483,A5011000189,A5004953265,3,1,1,1,1,1,7.0192966537150445,3.2708355637989119,13.854184968075064,0,0,0,0,3
2021.emnlp-main.315,2021,W3199907955,A5063459528,A5025631695,6,2,1,1,1,1,8.7122664321353547,3.8066624897703201,12.020977245186824,1,1,0,1,3
2021.emnlp-main.318,2021,W3211443367,A5041312205,A5102898208,4,2,1,1,1,1,7.9895604493338652,3.9269116179218968,14.494097247192832,0,0,0,0,3
2021.emnlp-main.319,2021,W3212690054,A5020779586,A5026719663,6,4,1,1,1,1,7.3981740929704651,3.2054528045360602,15.686497633530244,0,0,0,0,3
2021.emnlp-main.32,2021,W3212893438,A5076269589,A5071144367,2,1,1,1,1,1,7.5714736488512706,4.4367515343631281,13.944707319635263,0,1,0,1,3
2021.emnlp-main.321,2021,W3211978380,A5101414673,A5100381754,4,2,1,1,1,1,7.5272559193737836,3.4011973816621555,14.704432148538643,0,0,0,0,3
2021.emnlp-main.323,2021,W3198549210,A5100455135,A5014957271,6,0,1,0,1,0,7.2211050981824956,3.4393491476265319,,1,1,0,1,3
2021.emnlp-main.326,2021,W3211495814,A5081246075,A5065856469,4,1,1,1,1,1,8.1814406957193739,3.8918202981106265,13.219992684135567,0,1,0,1,3
2021.emnlp-main.328,2021,W3203338521,A5070568249,A5044978994,5,3,1,1,1,1,8.8982289856012269,3.1090609588609941,12.783929618255035,0,0,0,0,3
2021.emnlp-main.331,2021,W3211389291,A5100719922,A5100751510,5,0,1,0,1,0,8.5432507257355272,3.9852734671677386,,0,0,0,0,3
2021.emnlp-main.332,2021,W3196992070,A5028655969,A5100706029,7,2,1,1,1,1,8.6224537020737309,3.7308436532129678,12.879098748093895,1,0,0,1,3
2021.emnlp-main.333,2021,W3209219303,A5071368425,A5100386394,6,1,1,1,1,1,8.6128669414845191,3.6847040827034561,11.171251723949551,0,0,0,0,3
2021.emnlp-main.336,2021,W3211383439,A5100327744,A5107808331,7,2,1,1,1,1,9.4540705568987793,3.5835189384561099,14.475165585791974,0,0,0,0,3
2021.emnlp-main.337,2021,W3214646912,A5075168326,A5100440407,4,2,1,1,1,1,8.421122722665503,3.6763006719070761,13.318490858990931,0,0,0,0,3
2021.emnlp-main.339,2021,W3212114255,A5101794864,A5100344628,7,2,1,1,1,1,7.4809921628695246,3.3672958299864741,13.000512077571992,0,0,0,0,3
2021.emnlp-main.34,2021,W3212314299,A5081617623,A5076610826,5,1,1,1,1,1,7.1770187659099003,2.954910279033736,13.224092909010835,0,0,1,1,3
2021.emnlp-main.340,2021,W3201266133,A5043763521,A5086603207,5,3,0.83333333333333337,1,1,1,8.5073448553614224,3.380994674344636,13.057549618392288,0,1,0,1,3
2021.emnlp-main.341,2021,W3156128319,A5011813023,A5042324027,5,3,1,1,1,1,9.0346766028462966,3.9815490680767569,14.751717636158553,0,0,0,0,3
2021.emnlp-main.342,2021,W3199995361,A5058098723,A5060561123,8,1,1,1,1,1,6.7056390948600031,3.188416617383492,12.278058367302794,0,1,0,1,3
2021.emnlp-main.347,2021,W3205226109,A5020700222,A5044042138,2,1,1,1,1,1,8.6255093348996965,4.0775374439057197,14.751717636158553,0,1,0,1,3
2021.emnlp-main.352,2021,W3200914550,A5073227709,A5061235567,3,3,1,1,1,1,6.4393503711000983,3.1498829533812494,14.06715526503047,0,0,0,0,3
2021.emnlp-main.355,2021,W3211527163,A5102729293,A5100781300,4,2,1,1,1,1,6.7068623366027467,2.9311937524164202,13.854184968075064,0,0,0,0,3
2021.emnlp-main.357,2021,W3200577134,A5072149704,A5042262991,4,2,1,1,1,1,5.8406416573733981,2.6567569067146595,12.387026600916824,0,0,0,0,3
2021.emnlp-main.358,2021,W3201639908,A5100679181,A5054771988,6,2,1,1,1,1,6.4922398350204711,2.2686835413183641,13.823078846084186,0,0,0,0,3
2021.emnlp-main.359,2021,W3200253633,A5073103551,A5009199818,2,2,1,1,1,1,6.8405465292886873,2.9444389791664403,14.360824561188837,0,0,0,0,3
2021.emnlp-main.36,2021,W3196292458,A5032074755,A5100677785,2,1,1,1,1,1,4.7535901911063645,2.3978952727983707,12.994789063245282,1,0,0,1,3
2021.emnlp-main.360,2021,W3214184275,A5091719014,A5012794465,7,2,1,1,1,1,7.5032896306750816,3.7274131181161794,13.555537033399348,0,0,0,0,3
2021.emnlp-main.365,2021,W3198548340,A5115599158,A5015785439,7,3,1,1,1,1,7.8240460108562919,3.7030640891058928,15.047169246667011,0,0,0,0,3
2021.emnlp-main.366,2021,W3214607109,A5101868311,A5046448314,7,3,1,1,1,1,9.9620394394857446,4.3548756456079305,14.751717636158553,0,0,0,0,3
2021.emnlp-main.37,2021,W3201396246,A5101834699,A5070742827,2,1,1,1,1,1,6.9603477291013078,3.1986731175506811,14.006160669196456,0,0,0,0,3
2021.emnlp-main.371,2021,W3196893172,A5071473750,A5100323752,3,2,1,1,1,1,8.3106609059072252,3.737669618283368,14.407918749364519,1,1,0,1,3
2021.emnlp-main.376,2021,W3200912706,A5016443023,A5066030227,2,1,1,1,1,1,4.6347289882296359,2.19722457733622,13.252791459738701,0,0,0,0,3
2021.emnlp-main.380,2021,W3213467007,A5060930564,A5088135366,4,5,1,1,1,1,7.7848892956550984,3.6309854756950335,13.965525841672884,0,0,0,0,3
2021.emnlp-main.381,2021,W3200435926,A5074637993,A5100856844,2,2,1,1,1,1,4.3174881135363101,1.8718021769015916,13.021594526124669,0,0,0,0,3
2021.emnlp-main.382,2021,W3153553531,A5008920438,A5101731788,3,4,1,1,1,1,6.6970342476664841,2.7725887222397811,15.686497633530244,0,0,0,0,3
2021.emnlp-main.384,2021,W3199396623,A5006254365,A5082136238,6,1,1,1,1,1,7.0749631979660439,2.100060828882572,12.85766058070055,0,1,0,1,3
2021.emnlp-main.385,2021,W3211152275,A5101799362,A5047912015,4,1,1,1,1,1,7.930565854233965,3.1780538303479458,13.090961457664784,0,0,0,0,3
2021.emnlp-main.387,2021,W3201370574,A5007389688,A5105672745,8,2,1,1,1,1,8.9870718128488214,3.2484346271097451,11.843322139829546,0,0,0,0,3
2021.emnlp-main.389,2021,W3194594797,A5100384100,A5014662947,5,2,1,1,1,1,9.2470579549113463,3.6428355156125294,14.518005412568725,0,0,0,0,3
2021.emnlp-main.390,2021,W3213996188,A5028097261,A5086618145,6,3,1,1,1,1,4.5538768916005408,1.5040773967762742,13.223776713187227,0,0,0,0,3
2021.emnlp-main.391,2021,W3196411789,A5049794092,A5008685312,2,0,0.66666666666666663,0,1,0,5.780743515792329,3.6109179126442239,,0,0,0,0,3
2021.emnlp-main.393,2021,W3201504704,A5083392159,A5088832285,3,1,1,1,1,1,6.2766434893416445,3.044522437723423,10.639981537599439,0,1,0,1,3
2021.emnlp-main.395,2021,W3198951624,A5022749617,A5107835063,9,1,1,1,1,1,8.1656479252975043,2.9147632110203241,13.180615304252049,0,0,0,0,3
2021.emnlp-main.397,2021,W3194113117,A5083242933,A5061883150,4,2,1,1,1,1,7.9631120589792896,3.3928291319916388,14.704432148538643,0,1,0,1,3
2021.emnlp-main.4,2021,W3213993043,A5100326852,A5048237545,5,1,1,1,1,1,8.9839415279413011,3.9740583963475991,14.138414010734609,0,0,0,0,3
2021.emnlp-main.406,2021,W3154922002,A5058037733,A5010124873,4,1,1,1,1,1,9.4122194279856686,4.1067670822206574,14.427646144965641,0,0,0,0,3
2021.emnlp-main.410,2021,W3138643305,A5056269049,A5101715504,6,1,1,1,1,1,8.9572529442889017,3.9889840465642745,13.858466593797717,0,0,0,0,3
2021.emnlp-main.412,2021,W3206772907,A5028597555,A5074821819,5,3,1,1,1,1,7.6434829070772006,3.7658404952500648,14.930877696916149,0,0,0,0,3
2021.emnlp-main.413,2021,W3197808661,A5012370787,A5009408707,5,4,1,1,1,1,8.9572529442889017,4.3592696475512653,14.751717636158553,1,1,0,1,3
2021.emnlp-main.42,2021,W3201341200,A5059909698,A5054771988,2,3,1,1,1,1,6.4922398350204711,2.7408400239252009,13.090961457664784,0,1,0,1,3
2021.emnlp-main.420,2021,W3211466672,A5102793227,A5030248499,3,2,1,1,1,1,8.0573774885579912,3.8066624897703201,14.406502081815304,0,0,0,0,3
2021.emnlp-main.422,2021,W3214637114,A5052644952,A5009361768,8,2,1,1,1,1,8.7960363152008139,3.9145198856267331,13.286456467261306,0,0,0,0,3
2021.emnlp-main.424,2021,W3213675203,A5100328989,A5019539533,6,2,1,1,1,1,8.7960363152008139,3.8465952001056909,13.88121683451002,0,0,0,0,3
2021.emnlp-main.425,2021,W3152723424,A5018805044,A5075825791,2,1,1,1,1,1,7.7617449846589128,4.0517849478033048,14.754080064635756,0,0,0,0,3
2021.emnlp-main.426,2021,W3199177860,A5017859556,A5030248499,3,3,1,1,1,1,8.0573774885579912,3.4760986898352728,14.406502081815304,0,0,0,0,3
2021.emnlp-main.427,2021,W3213451312,A5070047759,A5026113034,3,3,1,1,1,1,7.3639135014058192,3.9252682321781664,12.297890370170125,1,0,0,1,3
2021.emnlp-main.428,2021,W3213816780,A5102017383,A5066184920,3,2,1,1,1,1,8.0699681490598412,3.6971782569286313,13.88121683451002,0,0,0,0,3
2021.emnlp-main.43,2021,W3201217479,A5017183605,A5041254552,6,2,1,1,1,1,6.4907235345025072,3.0757749812275281,14.180363371785775,0,1,0,1,3
2021.emnlp-main.430,2021,W3213849509,A5100431149,A5056639842,2,1,1,1,1,1,8.0281290594317589,4.6634390941120669,14.06715526503047,0,1,0,1,3
2021.emnlp-main.433,2021,W3213377778,A5109210230,A5055809060,3,2,1,1,1,1,7.1300985101255776,1.5404450409471488,13.823494600503349,0,0,0,0,3
2021.emnlp-main.436,2021,W3199301749,A5025334096,A5030248499,3,3,1,1,1,1,8.9572529442889017,4.4773368144782069,14.406502081815304,0,0,0,0,3
2021.emnlp-main.44,2021,W3207568790,A5030339047,A5001961716,5,2,1,1,1,1,9.1870717450368282,3.673765816303888,14.930877696916149,0,0,0,0,3
2021.emnlp-main.441,2021,W3196916059,A5041327449,A5019539533,4,1,1,1,1,1,8.7960363152008139,4.3502779363593014,13.88121683451002,0,0,0,0,3
2021.emnlp-main.446,2021,W3117576675,A5065717258,A5024311574,4,3,1,1,1,1,10.274188668207952,3.5409593240373143,14.540387483534188,0,0,0,0,3
2021.emnlp-main.449,2021,W3201083093,A5033032726,A5086934220,2,1,1,1,1,1,6.0258659738253142,2.862200880929469,14.540387483534188,0,1,0,1,3
2021.emnlp-main.450,2021,W3211640232,A5050745062,A5008920438,2,1,1,1,1,1,6.6970342476664841,1.6094379124341005,14.352385726929567,0,0,0,0,3
2021.emnlp-main.451,2021,W3200033622,A5101489497,A5101829031,2,1,1,1,1,1,6.3080984415095305,3.5409593240373143,13.91441789659185,0,0,0,0,3
2021.emnlp-main.455,2021,W3203209038,A5043402333,A5035399743,5,3,1,1,1,1,9.0641578617980993,2.6246685921631592,14.751717636158553,0,0,0,0,3
2021.emnlp-main.456,2021,W3199350934,A5019130511,A5015996266,3,1,1,1,1,1,7.301147805856032,3.713572066704308,14.639514494996252,0,1,0,1,3
2021.emnlp-main.459,2021,W3199116325,A5100350423,A5039096905,2,1,1,1,1,1,6.8617113404807304,2.7080502011022101,13.721725015309833,0,1,0,1,3
2021.emnlp-main.460,2021,W3214367962,A5075564427,A5001987532,3,4,1,1,1,1,9.8914655773088018,4.0604430105464191,14.754080064635756,0,0,0,0,3
2021.emnlp-main.469,2021,W3209773571,A5084271903,A5107835063,5,3,1,1,1,1,7.6957579905547613,3.5145260669691587,13.573672090615171,0,0,0,0,3
2021.emnlp-main.47,2021,W3211951295,A5061547469,A5075033889,3,1,1,1,1,1,7.2513449833722143,3.619886582626985,13.88121683451002,0,0,0,0,3
2021.emnlp-main.471,2021,W3200065025,A5086552360,A5039468724,3,4,1,1,1,1,8.2927988582003742,3.4657359027997265,13.906320627443677,0,0,0,0,3
2021.emnlp-main.472,2021,W3213760680,A5044671587,A5089413311,4,3,1,1,1,1,7.0766538154439509,3.146305132033365,14.132523979607649,0,0,0,0,3
2021.emnlp-main.477,2021,W3200875022,A5101883722,A5078390032,2,2,1,1,1,1,6.6463905148477291,3.7256934272366529,13.823494600503349,0,0,0,0,3
2021.emnlp-main.479,2021,W3213871637,A5078446912,A5078446912,1,2,1,1,1,1,7.8469809821387884,3.044522437723423,13.573672090615171,0,0,0,0,3
2021.emnlp-main.480,2021,W3204155637,A5044455276,A5100338946,7,2,1,1,1,1,9.2758471741783044,3.7578723256008879,13.490058772482524,0,0,0,0,3
2021.emnlp-main.484,2021,W3198965934,A5101521658,A5072713767,3,2,1,1,1,1,7.7488913372555315,4.0133754996884337,13.180615304252049,0,0,0,0,3
2021.emnlp-main.485,2021,W3210225068,A5101767645,A5101971620,2,1,1,1,1,1,6.6052979209482015,2.3513752571634776,12.76318530324748,0,0,0,0,3
2021.emnlp-main.489,2021,W3093793648,A5102806371,A5072875068,8,0,1,0,1,0,7.6260827580723802,3.4850788656428571,,0,0,0,0,3
2021.emnlp-main.49,2021,W3197009789,A5035663552,A5104087148,3,2,1,1,1,1,6.9884131819995918,2.3353749158170367,10.541756071586084,0,0,0,0,3
2021.emnlp-main.490,2021,W3211595065,A5028046901,A5101815181,5,2,1,1,1,1,7.4175804024145444,3.7565381025877511,13.213331416472631,0,0,0,0,3
2021.emnlp-main.493,2021,W3199908710,A5027489318,A5011618765,6,1,1,1,1,1,6.3438804341263308,2.498699971920336,13.858466593797717,0,0,0,0,3
2021.emnlp-main.495,2021,W3204669968,A5102164378,A5051064208,3,0,1,0,1,0,9.8628217958101114,3.0122615755052013,,0,0,0,0,3
2021.emnlp-main.496,2021,W3201233724,A5078568755,A5051064208,4,1,1,1,1,1,9.8628217958101114,3.1023420086122493,13.783688566641246,0,0,0,0,3
2021.emnlp-main.497,2021,W3213159541,A5087977697,A5029074038,3,2,1,1,1,1,8.7021778656296753,3.4339872044851463,14.333075620608405,0,0,0,0,3
2021.emnlp-main.498,2021,W3202390784,A5102993141,A5102334232,4,0,1,0,1,0,6.0330862217988015,2.7080502011022101,,0,0,0,0,3
2021.emnlp-main.5,2021,W3212104907,A5074137196,A5025118710,4,3,1,1,1,1,7.7341213033283047,3.2386784521643803,14.039926099955229,1,0,0,1,3
2021.emnlp-main.503,2021,W3211792766,A5101677227,A5060225743,3,1,1,1,1,1,8.8643227225114387,3.9639827443588569,13.503501639354758,0,0,0,0,3
2021.emnlp-main.504,2021,W3201027158,A5021070482,A5043262011,3,2,1,1,1,1,6.5250296578434623,3.0910424533583161,14.352385726929567,0,0,0,0,3
2021.emnlp-main.505,2021,W3213214466,A5101705761,A5001987532,2,2,1,1,1,1,9.1697266890908864,4.3241326562549789,14.180363371785775,0,0,0,0,3
2021.emnlp-main.506,2021,W3197107230,A5050663933,A5015133105,4,2,1,1,1,1,7.2269360184932889,3.188416617383492,13.906320627443677,0,0,0,0,3
2021.emnlp-main.507,2021,W3208413651,A5059576483,A5043396055,6,1,1,1,1,1,6.9087547793152204,3.2516656476911918,12.942681533500656,0,1,0,1,3
2021.emnlp-main.508,2021,W3210779628,A5085667632,A5060225743,6,1,1,1,1,1,8.8643227225114387,3.951243718581428,10.267644436822616,0,0,0,0,3
2021.emnlp-main.509,2021,W3196692796,A5042669482,A5004273534,6,2,1,1,1,1,5.8111409929767008,1.4271163556401456,13.180615304252049,0,1,0,1,3
2021.emnlp-main.51,2021,W3197470290,A5054791689,A5010341007,4,2,1,1,1,1,7.6157910720358331,2.724579503053421,13.57601021065218,0,0,0,0,3
2021.emnlp-main.510,2021,W3198504762,A5007056150,A5044944954,3,5,1,1,1,1,8.2095804834755768,4.0488821881453436,14.50980607892892,0,0,0,0,3
2021.emnlp-main.511,2021,W3213520368,A5100425080,A5089085275,3,1,1,1,1,1,6.5596152374932419,2.8526314299133171,13.429517140045704,0,0,0,0,3
2021.emnlp-main.512,2021,W3199231060,A5089572620,A5101520942,4,1,1,1,1,1,7.9247959139564355,3.0796137575346929,13.994679650961668,1,0,0,1,3
2021.emnlp-main.513,2021,W3213106580,A5038315768,A5030248499,2,1,1,1,1,1,8.0573774885579912,4.0604430105464191,14.406502081815304,0,1,0,1,3
2021.emnlp-main.515,2021,W3212458191,A5100737439,A5059213806,7,2,1,1,1,1,7.9519113818541882,3.2851984677992734,14.639514494996252,0,0,0,0,3
2021.emnlp-main.516,2021,W3200172683,A5020005244,A5102886212,5,7,1,1,1,1,8.8919241401545399,3.903990833730882,14.751717636158553,0,0,0,0,3
2021.emnlp-main.517,2021,W3196798856,A5103056355,A5083735830,4,1,1,1,1,1,6.6174029779744776,3.1986731175506811,13.490058772482524,1,0,0,1,3
2021.emnlp-main.518,2021,W3211887611,A5041514597,A5001987532,3,2,1,1,1,1,9.1697266890908864,3.8985999850960056,14.180363371785775,0,0,0,0,3
2021.emnlp-main.519,2021,W3213047794,A5052644952,A5109565051,7,2,1,1,1,1,8.482601746646619,3.9995104595512618,14.352385726929567,0,0,0,0,3
2021.emnlp-main.52,2021,W3212699349,A5029033876,A5061951606,4,2,1,1,1,1,7.668093709082406,3.4735180432417816,14.754080064635756,0,0,0,0,3
2021.emnlp-main.520,2021,W3199088047,A5036306083,A5100394562,10,2,1,1,1,1,7.7756957499152453,3.7256934272366529,12.755106932037611,0,0,0,0,3
2021.emnlp-main.521,2021,W4249242043,A5055809060,A5002659016,3,1,1,1,1,1,7.1300985101255776,3.0757749812275281,10.878462200746061,0,0,0,0,3
2021.emnlp-main.524,2021,W3197372849,A5014343147,A5091549352,2,2,1,1,1,1,7.1981835771019433,3.6763006719070761,14.89913542759076,0,0,0,0,3
2021.emnlp-main.525,2021,W3199321711,A5051693368,A5051693368,1,3,0.5,1,1,1,7.5267175613527062,4.3174881135363101,13.444891705158769,0,0,0,0,3
2021.emnlp-main.526,2021,W3120832022,A5103935867,A5028862918,4,2,1,1,1,1,5.6869753563398202,2.6567569067146595,14.283017949198715,0,0,0,0,3
2021.emnlp-main.527,2021,W3199643156,A5054386084,A5101595500,8,3,1,1,1,1,9.5117034314838271,3.6408702349275761,13.721725015309833,0,0,0,0,3
2021.emnlp-main.529,2021,W3211912523,A5089419558,A5113667126,7,7,1,1,1,1,8.5850387383113045,3.1780538303479458,15.491665928427835,0,0,0,0,3
2021.emnlp-main.53,2021,W3213802206,A5008979133,A5025147385,11,0,0.91666666666666663,0,1,0,5.5490760848952201,2.1129642337184795,,0,0,0,0,3
2021.emnlp-main.531,2021,W3201081655,A5101759071,A5001987532,2,2,1,1,1,1,9.1697266890908864,4.3567088266895917,14.180363371785775,0,0,0,0,3
2021.emnlp-main.532,2021,W3199926081,A5101506940,A5100364489,2,1,1,1,1,1,6.1003189520200642,2.2512917986064958,14.639514494996252,0,0,0,0,3
2021.emnlp-main.533,2021,W3205417735,A5063061204,A5074485795,4,4,1,1,1,1,6.5666724298032406,3.5115454388310208,13.846635124048849,0,0,0,0,3
2021.emnlp-main.534,2021,W3201295503,A5073352990,A5005840801,3,1,1,1,1,1,7.7617449846589128,3.7054087560651463,14.754080064635756,0,1,0,1,3
2021.emnlp-main.536,2021,W3213005305,A5035200265,A5053217291,3,3,1,1,1,1,7.4673710669175586,3.7612001156935615,14.609770143724472,0,1,0,1,3
2021.emnlp-main.538,2021,W3197944452,A5023997325,A5101829031,6,1,1,1,1,1,7.8446326444646806,3.5835189384561099,13.91441789659185,0,0,0,0,3
2021.emnlp-main.54,2021,W3120860016,A5060107290,A5102992157,5,3,1,1,1,1,9.4223016338878232,3.7977338590260175,14.704432148538643,0,0,0,0,3
2021.emnlp-main.540,2021,W3197980859,A5043177488,A5043177488,1,3,1,1,1,1,7.0925737159746784,3.4339872044851463,12.164286644838576,0,0,0,0,3
2021.emnlp-main.541,2021,W3201225328,A5002347902,A5055592425,5,1,1,1,1,1,5.8377304471659404,1.2809338454620642,13.573672090615171,0,1,0,1,3
2021.emnlp-main.543,2021,W3205612999,A5048025332,A5001987532,2,1,1,1,1,1,9.1697266890908864,4.2766661190160553,14.180363371785775,0,0,0,0,3
2021.emnlp-main.544,2021,W3203711169,A5101230845,A5036069974,8,1,1,1,1,1,10.294515612846524,3.713572066704308,13.503501639354758,1,0,0,1,3
2021.emnlp-main.546,2021,W3198664752,A5100455066,A5100391896,4,1,1,1,1,1,8.5381715978014299,4.3567088266895917,14.406502081815304,0,0,0,0,3
2021.emnlp-main.547,2021,W3199832406,A5104305105,A5090620447,2,1,1,1,1,1,5.5683445037610966,2.862200880929469,13.475566300849682,0,0,0,0,3
2021.emnlp-main.548,2021,W3199652049,A5005531495,A5100755351,3,1,1,1,1,1,7.1292975489293733,3.3672958299864741,13.994679650961668,0,0,0,0,3
2021.emnlp-main.55,2021,W3214702976,A5015256182,A5017455302,2,2,1,1,1,1,7.3727463664043276,3.5553480614894131,14.518005412568725,0,1,0,1,3
2021.emnlp-main.550,2021,W3212152676,A5013224749,A5007723627,4,3,1,1,1,1,8.9600825281704015,3.970291913552122,13.429517140045704,0,0,0,0,3
2021.emnlp-main.555,2021,W3154863804,A5076269589,A5071144367,2,1,1,1,1,1,7.5714736488512706,4.4367515343631281,13.944707319635263,0,1,0,1,3
2021.emnlp-main.556,2021,W3196347832,A5112189992,A5071144367,2,1,1,1,1,1,7.5714736488512706,4.4188406077965983,13.944707319635263,0,1,0,1,3
2021.emnlp-main.557,2021,W3213147052,A5008902336,A5008608420,3,1,1,1,1,1,6.0282785202306979,3.0122615755052013,13.858466593797717,0,0,0,0,3
2021.emnlp-main.559,2021,W3198651167,A5079179621,A5069270736,3,3,1,1,1,1,6.6280413761795334,3.044522437723423,14.203344479491497,0,0,0,0,3
2021.emnlp-main.562,2021,W3094018637,A5082418467,A5082391569,6,2,1,1,1,1,7.8220440081856193,2.9618307218783091,14.347084244314564,0,0,0,0,3
2021.emnlp-main.566,2021,W3152709531,A5065734653,A5102886212,4,2,1,1,1,1,6.4297194780391376,2.3978952727983707,11.860485998576864,0,0,0,0,3
2021.emnlp-main.568,2021,W4206155854,A5083742715,A5073503574,5,1,1,1,1,1,6.8308742346461804,3.1863526331626408,13.628874908841466,0,0,0,0,3
2021.emnlp-main.570,2021,W3146437020,A5019864606,A5062910836,7,3,1,1,1,1,9.0066317333005799,4.0967226846270686,14.704432148538643,0,0,0,0,3
2021.emnlp-main.572,2021,W3152515526,A5022956157,A5009408707,3,2,1,1,1,1,8.9572529442889017,4.214593690373678,13.858466593797717,0,0,0,0,3
2021.emnlp-main.577,2021,W3198891452,A5021070482,A5043262011,3,1,1,1,1,1,6.5250296578434623,3.0910424533583161,14.352385726929567,0,0,0,0,3
2021.emnlp-main.578,2021,W3199890931,A5100638293,A5109522253,6,2,1,1,1,1,8.7094650790633601,3.157000421150113,12.868183132304662,0,1,0,1,3
2021.emnlp-main.581,2021,W3199464215,A5031466943,A5000232528,2,3,1,1,1,1,7.3085427975391903,3.417726683613366,15.686497633530244,0,0,0,0,3
2021.emnlp-main.583,2021,W3201654914,A5064222284,A5056376686,2,1,1,1,1,1,6.444131256700441,3.3672958299864741,9.9162556918138058,0,0,0,0,3
2021.emnlp-main.589,2021,W3132419770,A5030361161,A5100323842,5,3,1,1,1,1,7.2320103316647586,3.3877743613300142,13.721725015309833,0,1,0,1,3
2021.emnlp-main.59,2021,W3200434714,A5082194230,A5018138946,2,2,1,1,1,1,7.6029004622047553,4.1820501426412067,14.203344479491497,0,0,0,0,3
2021.emnlp-main.590,2021,W4205340316,A5061096363,A5100637055,10,3,1,1,1,1,8.1814406957193739,3.597312260588446,14.352385726929567,0,0,0,0,3
2021.emnlp-main.592,2021,W3202282051,A5015256182,A5017455302,4,2,1,1,1,1,8.8643227225114387,3.9070104636046019,14.518005412568725,0,0,0,0,3
2021.emnlp-main.594,2021,W4206445734,A5068459156,A5001778694,5,2,1,1,1,1,8.715880102296456,2.9014215940827497,11.119215987872918,1,0,0,1,3
2021.emnlp-main.596,2021,W3196358722,A5111404777,A5081688167,3,1,0.75,1,1,1,5.9914645471079817,1.9924301646902061,13.691292235193741,0,0,0,0,3
2021.emnlp-main.597,2021,W3213896436,A5025334096,A5030248499,7,5,1,1,1,1,8.3148321792845561,3.723970773925207,14.406502081815304,0,0,0,0,3
2021.emnlp-main.598,2021,W3087922520,A5070613964,A5009408707,7,2,1,1,1,1,8.9572529442889017,3.8098320645315988,13.858466593797717,0,0,0,0,3
2021.emnlp-main.6,2021,W3196896228,A5078517381,A5024102664,7,3,1,1,1,1,7.6953031349635665,3.6959969218827999,13.386885312425621,0,0,0,0,3
2021.emnlp-main.602,2021,W3130868440,A5030752617,A5030752617,1,0,1,0,1,0,6.93537044601511,3.784189633918261,,0,1,0,1,3
2021.emnlp-main.604,2021,W3197071999,A5075219217,A5086717154,3,2,1,1,1,1,9.0835292051097962,3.7612001156935615,14.132523979607649,1,1,0,1,3
2021.emnlp-main.605,2021,W3196673752,A5080982824,A5080982824,1,0,1,0,1,0,0,0,,0,0,0,0,3
2021.emnlp-main.606,2021,W3212066318,A5083601595,A5030060072,10,4,1,1,1,1,7.2682230211595646,3.1822118404966093,14.06715526503047,0,0,0,0,3
2021.emnlp-main.608,2021,W3156012351,A5103861525,A5075825791,10,0,1,0,1,0,7.7617449846589128,3.414442608412176,,0,0,0,0,3
2021.emnlp-main.609,2021,W3154186000,A5057314288,A5001987532,4,2,1,1,1,1,9.1697266890908864,3.801091444720865,14.180363371785775,0,1,0,1,3
2021.emnlp-main.611,2021,W3198957252,A5005898634,A5025255782,3,1,1,1,1,1,9.6475625116975383,4.5468346089751277,14.930877696916149,0,1,0,1,3
2021.emnlp-main.614,2021,W3197196325,A5087779117,A5010341007,2,1,1,1,1,1,5.4847969334906548,2.7080502011022101,13.57601021065218,0,0,0,0,3
2021.emnlp-main.615,2021,W3213186159,A5064974921,A5050425933,6,1,1,1,1,1,7.3969486026210136,4.1484117834923762,11.398748419907829,0,0,0,0,3
2021.emnlp-main.617,2021,W3204697369,A5031164256,A5060116992,9,2,1,1,1,1,8.6299860188913602,2.7932080094425169,14.394431370420552,1,0,0,1,3
2021.emnlp-main.62,2021,W3200409031,A5027122116,A5082767919,4,2,1,1,1,1,8.1656479252975043,2.8903717578961645,13.180615304252049,0,1,0,1,3
2021.emnlp-main.620,2021,W3153659051,A5051401703,A5070594684,3,1,1,1,1,1,6.4707995037826018,3.218875824868201,14.693232588079514,0,0,0,0,3
2021.emnlp-main.622,2021,W3213552768,A5021691940,A5065856469,11,7,1,1,1,1,8.1814406957193739,3.7398317812878639,14.930877696916149,0,0,0,0,3
2021.emnlp-main.623,2021,W3196636639,A5023425411,A5051889115,8,1,1,1,1,1,6.9546388648809874,2.9109910450989003,13.068538460109409,0,0,0,0,3
2021.emnlp-main.626,2021,W3094491777,A5014688346,A5027450194,7,4,1,1,1,1,9.5965547004922094,3.7170503310806327,14.693232588079514,0,0,0,0,3
2021.emnlp-main.63,2021,W3207962676,A5014179328,A5082874907,4,2,1,1,1,1,6.5337888379333444,2.862200880929469,13.600223562927845,0,0,0,0,3
2021.emnlp-main.630,2021,W3208527886,A5111089828,A5029568096,3,1,1,1,1,1,7.8168199657645516,3.5065578973199818,14.572432217856171,0,0,0,0,3
2021.emnlp-main.636,2021,W3201459547,A5085079234,A5015709853,3,2,1,1,1,1,7.1785454837636999,3.3672958299864741,13.260942011250364,0,0,0,0,3
2021.emnlp-main.637,2021,W3204802073,A5100362824,A5034536222,4,3,1,1,1,1,7.4217757936446471,3.7898553714539385,15.686497633530244,0,0,0,0,3
2021.emnlp-main.639,2021,W3212526230,A5027802291,A5074808403,3,3,0.75,1,1,1,7.2848209125686036,3.8358616444625819,13.944707319635263,0,0,0,0,3
2021.emnlp-main.64,2021,W3139002032,A5108690891,A5062910836,4,2,1,1,1,1,8.8643227225114387,3.8918202981106265,14.704432148538643,0,0,0,0,3
2021.emnlp-main.640,2021,W3212208733,A5044147794,A5044651577,5,3,1,1,1,1,9.3228651628180277,3.9435216724875168,14.138414010734609,1,0,0,1,3
2021.emnlp-main.641,2021,W3198193105,A5048141765,A5010426520,5,3,1,1,1,1,6.0730445341004051,2.954910279033736,14.751717636158553,0,0,0,0,3
2021.emnlp-main.648,2021,W3212341243,A5016095315,A5020871962,4,3,1,1,1,1,7.3369369137076177,3.713572066704308,13.057549618392288,0,0,0,0,3
2021.emnlp-main.65,2021,W3197746952,A5022699484,A5054936589,2,0,1,0,1,0,5.3033049080590757,2.7080502011022101,,0,0,0,0,3
2021.emnlp-main.652,2021,W3211971692,A5013040086,A5103024385,3,3,1,1,1,1,6.3279367837291947,3.2708355637989119,14.132523979607649,0,0,0,0,3
2021.emnlp-main.655,2021,W3196669501,A5103535545,A5033526822,5,4,1,1,1,1,7.5994013334158153,3.0819099697950434,14.407918749364519,0,0,0,0,3
2021.emnlp-main.656,2021,W3211546827,A5103969906,A5064876801,4,3,1,1,1,1,5.9584246930297819,2.9831534913471307,10.459582865149605,0,0,0,0,3
2021.emnlp-main.657,2021,W3202689069,A5100765883,A5013720432,2,1,1,1,1,1,5.7745515455444085,3.2386784521643803,14.360824561188837,0,1,0,1,3
2021.emnlp-main.658,2021,W3211666987,A5027802291,A5074808403,5,4,1,1,1,1,7.2848209125686036,3.3534067178258069,13.944707319635263,0,0,0,0,3
2021.emnlp-main.66,2021,W3214699082,A5041046265,A5002580950,7,1,1,1,1,1,5.8888779583328805,2.423537703411708,13.429517140045704,0,0,0,0,3
2021.emnlp-main.660,2021,W3209879220,A5052583514,A5008875255,4,2,1,1,1,1,6.8134445995108956,3.784189633918261,12.442353523036504,0,0,0,0,3
2021.emnlp-main.670,2021,W3212978464,A5060107290,A5005771535,2,1,1,1,1,1,8.2887858104269281,3.7612001156935615,14.132523979607649,0,1,0,1,3
2021.emnlp-main.671,2021,W3200410857,A5065705987,A5030615769,2,3,1,1,1,1,6.0063531596017325,3.4812400893356918,15.491665928427835,0,0,0,0,3
2021.emnlp-main.672,2021,W3198839914,A5101793596,A5071144367,2,1,1,1,1,1,7.5714736488512706,4.4308167988433134,13.944707319635263,0,0,0,0,3
2021.emnlp-main.674,2021,W3201215554,A5082937939,A5020441209,5,2,1,1,1,1,5.0875963352323836,2.174751721484161,12.857884679096315,0,0,0,0,3
2021.emnlp-main.675,2021,W3199212312,A5017064237,A5065100828,5,2,1,1,1,1,8.2065836143207527,4.1682144107885559,12.278058367302794,0,1,0,1,3
2021.emnlp-main.678,2021,W3197642906,A5079136086,A5067943980,3,2,1,1,1,1,6.9650803456014074,2.9444389791664403,14.693232588079514,0,0,0,0,3
2021.emnlp-main.679,2021,W3212552334,A5114377922,A5100427076,6,1,1,1,1,1,7.5213179801992398,3.6888794541139358,13.8367405973954,0,0,0,0,3
2021.emnlp-main.68,2021,W3214569061,A5101066425,A5082997975,11,2,1,1,1,1,8.680331928793418,3.0401840361248249,14.751717636158553,0,0,0,0,3
2021.emnlp-main.680,2021,W3212092655,A5120542164,A5082296086,5,1,1,1,1,1,5.955837369464831,2.19722457733622,11.398748419907829,0,1,0,1,3
2021.emnlp-main.685,2021,W3198685994,A5100372089,A5074834854,4,2,1,1,1,1,9.2257214740144846,4.5352840585239251,14.070503102563356,1,0,0,1,3
2021.emnlp-main.686,2021,W3154463678,A5086075606,A5043140431,4,2,1,1,1,1,8.8535225606895391,4.2449174207014746,13.628874908841466,0,0,0,0,3
2021.emnlp-main.687,2021,W3212044575,A5028562219,A5066818063,4,1,1,1,1,1,5.9584246930297819,2.4423470353692043,14.693232588079514,0,0,0,0,3
2021.emnlp-main.690,2021,W3197365868,A5120392370,A5045081171,9,2,1,1,1,1,8.5527533668147875,3.3081069585961438,14.609770143724472,0,0,0,0,3
2021.emnlp-main.694,2021,W3199020415,A5102917920,A5079840947,3,1,1,1,1,1,6.6883547139467616,2.2686835413183641,7.3349818788718144,0,0,0,0,3
2021.emnlp-main.699,2021,W3153266325,A5084836777,A5065856469,12,4,1,1,1,1,8.3603054358790931,3.5239065356545947,13.219992684135567,0,0,0,0,3
2021.emnlp-main.7,2021,W3196326437,A5013258788,A5100360194,5,1,1,1,1,1,7.9013773537926157,3.9815490680767569,14.043369374919845,0,0,0,0,3
2021.emnlp-main.700,2021,W3153722882,A5101400717,A5072052633,7,4,1,1,1,1,9.9620394394857446,4.1611127386869411,14.751717636158553,0,0,0,0,3
2021.emnlp-main.707,2021,W3134503905,A5101898735,A5100386394,8,2,1,1,1,1,8.6128669414845191,3.7043836406499016,13.555537033399348,0,0,0,0,3
2021.emnlp-main.708,2021,W3200115033,A5000050905,A5059004658,2,2,1,1,1,1,3.6109179126442239,2.0794415416798362,12.09076279901868,1,0,0,1,3
2021.emnlp-main.710,2021,W3156096827,A5076120409,A5018976680,4,3,1,1,1,1,8.5169931714135707,4.1510399058986458,14.203344479491497,0,0,0,0,3
2021.emnlp-main.711,2021,W3196579898,A5101030723,A5100620306,5,2,1,1,1,1,9.5728979790730708,4.7022968967188143,14.572432217856171,0,0,0,0,3
2021.emnlp-main.712,2021,W3205668414,A5060273715,A5052196540,3,1,1,1,1,1,7.2506355118986798,3.7992275112828016,13.454860581183128,1,1,0,1,3
2021.emnlp-main.716,2021,W3212833915,A5083954626,A5036503167,5,1,1,1,1,1,7.2779385729456614,3.5610460826040518,12.501614994906159,0,0,0,0,3
2021.emnlp-main.717,2021,W3212472206,A5047490968,A5071397402,3,3,1,1,1,1,4.9272536851572051,2.367123614131617,12.990715923338328,0,1,0,1,3
2021.emnlp-main.721,2021,W3201132216,A5078223247,A5017159143,6,0,1,0,1,0,6.8772960714974287,3.044522437723423,,1,0,0,1,3
2021.emnlp-main.723,2021,W3198512197,A5100750908,A5033376109,3,1,1,1,1,1,9.3314954935326497,3.93834031374552,11.792245170087131,0,0,0,0,3
2021.emnlp-main.724,2021,W3212760150,A5090522275,A5065775779,4,1,1,1,1,1,4.6347289882296359,1.9095425048844383,13.03548435529177,0,1,0,1,3
2021.emnlp-main.725,2021,W3214076661,A5022376480,A5103033009,2,1,1,1,1,1,5.1474944768134527,2.6741486494265287,14.180363371785775,0,0,0,0,3
2021.emnlp-main.728,2021,W3213180311,A5078126526,A5044841280,3,1,1,1,1,1,7.0884087786753947,3.5648268054439574,12.409776463694158,0,0,1,1,3
2021.emnlp-main.729,2021,W3211924196,A5031799406,A5100404176,4,3,1,1,1,1,8.9682688107764541,4.6001576441645469,13.865024269833736,0,0,0,0,3
2021.emnlp-main.730,2021,W3211752708,A5031799406,A5100404176,2,1,1,1,1,1,8.9682688107764541,5.2094861528414214,13.684287356558498,0,1,0,1,3
2021.emnlp-main.731,2021,W3207431201,A5101659200,A5103213198,5,1,1,1,1,1,7.0255383146385206,3.2503744919275719,12.430199713033735,0,0,0,0,3
2021.emnlp-main.732,2021,W3200924860,A5078220957,A5100693197,4,2,1,1,1,1,8.8262942312413184,3.9415818076696905,14.407918749364519,0,0,0,0,3
2021.emnlp-main.733,2021,W3200255008,A5078220957,A5100693197,3,1,1,1,1,1,8.8262942312413184,4.0193815237486454,14.407918749364519,0,0,0,0,3
2021.emnlp-main.734,2021,W3155750585,A5003334803,A5076094010,2,1,1,1,1,1,7.4211775285953934,2.9444389791664403,13.350029486519515,0,1,0,1,3
2021.emnlp-main.736,2021,W3200001502,A5018156263,A5020020314,2,1,1,1,1,1,5.1761497325738288,3.044522437723423,12.578942245268404,0,0,0,0,3
2021.emnlp-main.737,2021,W3214343901,A5018178902,A5100749735,6,2,1,1,1,1,8.2179782031507322,3.5835189384561099,14.070503102563356,0,1,0,1,3
2021.emnlp-main.738,2021,W3200681734,A5088592279,A5078102229,3,1,1,1,1,1,7.8648040033284596,3.9186675481468152,13.52721096155048,0,1,0,1,3
2021.emnlp-main.739,2021,W3197792581,A5024447363,A5050766679,2,1,1,1,1,1,7.1204443723924884,3.3843902633457743,14.693232588079514,0,0,0,0,3
2021.emnlp-main.740,2021,W3093808828,A5046383980,A5057695979,3,2,1,1,1,1,6.8276292345028518,3.3557350075853982,12.126428608376983,0,1,0,1,3
2021.emnlp-main.742,2021,W3212792865,A5005336295,A5041024491,2,1,1,1,1,1,8.7456028524029463,3.9219733362813134,14.132523979607649,0,1,1,1,3
2021.emnlp-main.743,2021,W3198269165,A5052381890,A5086717154,3,2,1,1,1,1,9.0835292051097962,4.1324963281864768,14.132523979607649,0,0,0,0,3
2021.emnlp-main.745,2021,W3200813295,A5026305513,A5066497689,2,1,1,1,1,1,4.290459441148391,2.7080502011022101,11.590321596625932,0,0,0,0,3
2021.emnlp-main.75,2021,W3211633257,A5060885692,A5009879041,2,1,1,1,1,1,7.3721180283377867,3.1135153092103742,13.503501639354758,0,0,0,0,3
2021.emnlp-main.751,2021,W3201427974,A5005379598,A5046895021,5,2,1,1,1,1,7.020190708311925,2.5176964726109912,13.228543357209675,0,0,0,0,3
2021.emnlp-main.752,2021,W3109409894,A5030183493,A5063212818,6,5,1,1,1,1,9.9620394394857446,3.8985999850960056,14.751717636158553,1,0,0,1,3
2021.emnlp-main.755,2021,W3152740956,A5106307747,A5107835063,9,2,1,1,1,1,7.7761154770987417,3.1257854018021889,13.929641599868544,0,0,0,0,3
2021.emnlp-main.756,2021,W3213325056,A5100767050,A5019928111,4,4,1,1,1,1,7.7142311448490846,3.8763958277849948,13.6883621790661,1,1,0,1,3
2021.emnlp-main.760,2021,W3211489592,A5031774490,A5101671512,6,2,1,1,1,1,7.8493238180405607,3.3262343431887,15.047169246667011,0,0,0,0,3
2021.emnlp-main.761,2021,W3197984001,A5087916717,A5100727084,3,1,1,1,1,1,8.065265208897733,3.1060803307228562,13.8367405973954,0,0,0,0,3
2021.emnlp-main.764,2021,W3213739863,A5100604886,A5102012403,6,3,1,1,1,1,7.5016344578834131,3.0040310763686859,15.686497633530244,0,1,0,1,3
2021.emnlp-main.765,2021,W3199907694,A5100358009,A5100559702,4,1,1,1,1,1,7.5131635452340753,3.6243409329763652,14.043369374919845,0,0,0,0,3
2021.emnlp-main.768,2021,W3214447639,A5100373451,A5100343699,6,3,1,1,1,1,7.1380730340443472,3.1986731175506811,11.213170811284176,0,1,0,1,3
2021.emnlp-main.770,2021,W3214495016,A5072958179,A5074799043,5,2,1,1,1,1,9.2176138559426803,4.1009891049407692,14.751717636158553,0,0,0,0,3
2021.emnlp-main.771,2021,W3201947062,A5101946453,A5036786337,7,2,1,1,1,1,9.4497508957542635,4.2257904483556024,13.556159349680554,0,0,0,0,3
2021.emnlp-main.772,2021,W3212100893,A5070514010,A5100435494,3,2,1,1,1,1,8.3889051711147058,4.1896547420264252,11.171251723949551,0,0,0,0,3
2021.emnlp-main.773,2021,W3211772574,A5067002890,A5002795838,5,4,1,1,1,1,7.7253300379171348,3.5438536820636788,14.572432217856171,0,0,0,0,3
2021.emnlp-main.775,2021,W3197394194,A5058891617,A5010165733,3,2,1,1,1,1,6.5944134597497781,2.9444389791664403,14.203344479491497,0,0,0,0,3
2021.emnlp-main.777,2021,W3209562714,A5101434323,A5029998682,6,3,1,1,1,1,8.1820001362934054,3.7954891891721942,15.686497633530244,0,0,0,0,3
2021.emnlp-main.779,2021,W3200285169,A5072325974,A5010465328,3,2,1,1,1,1,6.1025585946135692,2.0794415416798362,14.798076177618547,1,1,0,1,3
2021.emnlp-main.78,2021,W3206770993,A5071449123,A5022042633,7,2,1,1,1,1,5.3278761687895813,2.2129729343043585,13.090961457664784,0,0,0,0,3
2021.emnlp-main.780,2021,W3202538305,A5066721195,A5091879812,2,2,1,1,1,1,6.0473721790462776,6.3403593037277517,13.636471208828782,1,0,0,1,3
2021.emnlp-main.783,2021,W3200244020,A5022970868,A5032121234,3,1,1,1,1,1,6.4754327167040904,2.6855773452501515,13.533316067819772,0,0,0,0,3
2021.emnlp-main.786,2021,W3207512843,A5078451082,A5100323037,6,3,1,1,1,1,8.064321960910803,3.2834143460057721,13.673806430768598,0,0,0,0,3
2021.emnlp-main.787,2021,W3199860868,A5101896335,A5054771988,4,1,1,1,1,1,7.2363393427543441,3.9464244321454784,13.090961457664784,0,0,0,0,3
2021.emnlp-main.79,2021,W3212963155,A5021979625,A5066756066,6,3,1,1,1,1,7.1623974973557178,3.068052935133617,14.203344479491497,1,0,0,1,3
2021.emnlp-main.791,2021,W3213666649,A5090184412,A5013167864,6,1,1,1,1,1,4.7184988712950942,1.2527629684953681,4.8751973232011512,0,0,0,0,3
2021.emnlp-main.795,2021,W3213250243,A5056630216,A5083712311,5,2,1,1,1,1,7.8536048130978369,3.7424202210419661,12.74007754224357,0,0,0,0,3
2021.emnlp-main.796,2021,W3213774132,A5070790691,A5004953265,5,3,1,1,1,1,7.9686657004662349,3.5945687746426951,13.854184968075064,0,0,0,0,3
2021.emnlp-main.8,2021,W3204515301,A5003055263,A5014190404,2,1,1,1,1,1,6.4457198193855785,3.7013019741124928,10.530575055586564,0,0,0,0,3
2021.emnlp-main.800,2021,W3128424785,A5024983536,A5037310413,4,5,1,1,1,1,9.5965547004922094,4.6728288344619058,14.693232588079514,0,1,0,1,3
2021.emnlp-main.804,2021,W3093530468,A5079108871,A5088517824,3,3,1,1,1,1,9.4834162920385996,4.1484117834923762,14.704432148538643,0,0,0,0,3
2021.emnlp-main.808,2021,W3118560954,A5041591669,A5032046813,5,4,1,1,1,1,9.1697266890908864,4.28771595520264,14.180363371785775,0,0,0,0,3
2021.emnlp-main.809,2021,W3201138096,A5068089852,A5108373424,4,3,1,1,1,1,6.1136821798322316,2.19722457733622,14.333075620608405,0,1,0,1,3
2021.emnlp-main.810,2021,W3199289866,A5100770786,A5019539533,7,1,1,1,1,1,8.7960363152008139,4.2982567516084229,13.88121683451002,0,1,0,1,3
2021.emnlp-main.811,2021,W3202859264,A5101686334,A5087419620,5,2,1,1,1,1,5.3659760150218512,2.7212954278522306,11.314694014352236,0,0,0,0,3
2021.emnlp-main.812,2021,W3082429057,A5052978505,A5085302513,6,3,1,1,1,1,9.5117034314838271,3.8985999850960056,13.459334061208674,0,0,0,0,3
2021.emnlp-main.816,2021,W3202927293,A5064059414,A5015746458,3,5,0.75,1,1,1,4.4659081186545837,2.427748235948052,15.491665928427835,0,0,0,0,3
2021.emnlp-main.817,2021,W3198402388,A5028524484,A5071189599,3,5,0.75,1,1,1,6.3080984415095305,3.6635616461296463,15.491665928427835,0,0,0,0,3
2021.emnlp-main.818,2021,W3202415077,A5026154387,A5010165733,6,1,1,1,1,1,6.5944134597497781,3.2255203675868693,7.8312202146042926,0,0,0,0,3
2021.emnlp-main.819,2021,W3211511509,A5081462507,A5023802054,4,2,1,1,1,1,8.3148321792845561,4.359908829420263,13.219992684135567,0,1,0,1,3
2021.emnlp-main.82,2021,W3132454892,A5100349352,A5089920000,3,1,1,1,1,1,8.0599083345782763,3.4122472178487402,14.001007069251871,0,0,0,0,3
2021.emnlp-main.821,2021,W3209039755,,,0,4,0,1,0,1,,,12.479878892446306,0,0,1,1,3
2021.emnlp-main.822,2021,W3204854750,A5044586461,A5067301751,5,2,1,1,1,1,6.3952615981154493,3.3534067178258069,11.610233647437228,0,0,0,0,3
2021.emnlp-main.825,2021,W3153243053,A5019810499,A5030874155,2,1,1,1,1,1,5.9242557974145322,4.4188406077965983,11.669963401229683,0,0,0,0,3
2021.emnlp-main.828,2021,W3197762246,A5115604287,A5115604287,1,1,1,1,1,1,4.4773368144782069,2.8903717578961645,14.572432217856171,0,0,0,0,3
2021.emnlp-main.83,2021,W3198859314,A5006329390,A5064335115,4,0,1,0,1,0,6.9460139910992273,3.3672958299864741,,1,0,0,1,3
2021.emnlp-main.830,2021,W3139537596,A5002654756,A5088517824,9,1,1,1,1,1,9.4834162920385996,3.9448128282511368,12.164286644838576,0,0,0,0,3
2021.emnlp-main.831,2021,W3155183406,A5081126295,A5024311574,3,3,1,1,1,1,10.274188668207952,3.0602707946915619,13.52721096155048,0,1,0,1,3
2021.emnlp-main.833,2021,W3199243620,A5065822589,A5103085805,3,0,1,0,1,0,6.9985096422506015,3.5361166995615263,,0,1,0,1,3
2021.emnlp-main.834,2021,W3202780679,A5002216196,A5091397822,3,2,1,1,1,1,4.9199809258281251,1.3862943611198906,14.001007069251871,0,0,0,0,3
2021.emnlp-main.837,2021,W3037545792,A5067773841,A5078102229,2,1,1,1,1,1,7.8648040033284596,4.3174881135363101,13.52721096155048,0,0,0,0,3
2021.emnlp-main.838,2021,W3212856952,A5009367143,A5057957982,3,1,1,1,1,1,6.1333980429966486,1.9459101490553128,12.101833722873918,0,0,0,0,3
2021.emnlp-main.839,2021,W3206351511,A5100730856,A5101752081,7,3,1,1,1,1,7.5016344578834131,2.807680042051051,15.686497633530244,0,0,0,0,3
2021.emnlp-main.841,2021,W3201400630,A5017183605,A5041254552,3,4,1,1,1,1,6.4907235345025072,2.3978952727983707,14.180363371785775,0,0,0,0,3
2021.emnlp-main.842,2021,W3211159667,A5103072904,A5103451559,3,2,1,1,1,1,7.5164333029156323,3.4231762883809305,14.132523979607649,1,0,0,1,3
2021.emnlp-main.843,2021,W3197392012,A5037979712,A5045872048,3,2,1,1,1,1,7.9006366130180048,3.3672958299864741,13.52721096155048,0,0,0,0,3
2021.emnlp-main.845,2021,W3196421581,A5091326079,A5018976680,2,1,1,1,1,1,7.1716568227685142,3.737669618283368,14.203344479491497,0,0,0,0,3
2021.emnlp-main.846,2021,W3201254286,A5102969690,A5082767919,3,1,1,1,1,1,8.1656479252975043,2.9444389791664403,13.180615304252049,0,0,0,0,3
2021.emnlp-main.86,2021,W3211877116,A5005572782,A5016892586,6,4,1,1,1,1,8.3809151731236096,4.1324963281864768,14.138414010734609,0,0,0,0,3
2021.emnlp-main.87,2021,W3202597539,A5001787620,A5038456766,3,1,1,1,1,1,6.0799331950955899,3.1780538303479458,14.132523979607649,0,0,0,0,3
2021.emnlp-main.9,2021,W3214464111,A5100378893,A5048086055,3,2,1,1,1,1,7.6553906448261522,4.0604430105464191,13.556159349680554,0,0,0,0,3
2021.emnlp-main.90,2021,W3201242969,A5046230981,A5032801642,3,1,1,1,1,1,5.6167710976665717,2.5389738710582761,12.449908624229456,0,0,0,0,3
2021.emnlp-main.92,2021,W3198490223,A5025171334,A5047151336,5,1,1,1,1,1,7.5913570466985512,3.1354942159291497,12.779577250059717,0,0,0,0,3
2021.emnlp-main.93,2021,W3213937552,A5041680406,A5055236937,4,2,1,1,1,1,6.8211074722564646,3.1023420086122493,13.271126427124347,0,1,0,1,3
2021.emnlp-main.94,2021,W3201244947,A5100329692,A5019426968,6,3,1,1,1,1,9.9501802805281105,4.2972854062187906,14.751717636158553,0,0,0,0,3
2021.emnlp-main.95,2021,W3212766995,A5066720399,A5100440407,8,2,1,1,1,1,8.9472858693491322,4.1647253589839002,14.494097247192832,1,0,0,1,3
2021.emnlp-main.96,2021,W3212887696,A5081071882,A5048864545,3,1,1,1,1,1,6.3526293963195668,2.9087208965643612,13.596626671382763,0,0,0,0,3
2021.emnlp-main.99,2021,W3200218906,A5073571802,A5090592819,4,2,1,1,1,1,9.0066317333005799,4.5849674786705723,14.094421778703808,0,0,0,0,3
2021.naacl-main.1,2021,W3166974735,A5000564610,A5004750246,4,2,1,1,1,1,8.4062616307089559,3.755369195382769,14.180428633746612,0,0,0,0,3
2021.naacl-main.100,2021,W3166035055,A5088004913,A5066873932,4,1,1,1,1,1,7.9648508874473132,3.2484346271097451,14.704432148538643,0,0,0,0,3
2021.naacl-main.103,2021,W3093923671,,,0,0,0,0,0,0,,,,0,0,0,0,3
2021.naacl-main.104,2021,W3168251909,A5029412655,A5060691179,6,1,1,1,1,1,6.0137151560428022,2.7300291078209851,13.180615304252049,0,0,0,0,3
2021.naacl-main.108,2021,W3170488153,A5040331608,A5087096372,3,1,1,1,1,1,9.0336031934761287,3.7216692769369271,14.406502081815304,0,0,0,0,3
2021.naacl-main.111,2021,W3169613483,A5112469098,A5037305197,5,5,1,1,1,1,7.8991534833430972,3.2580965380214821,14.639514494996252,0,0,0,0,3
2021.naacl-main.112,2021,W3170490008,A5068003633,A5101603360,5,2,1,1,1,1,6.9373140812236818,2.6100697927420065,14.639514494996252,0,0,0,0,3
2021.naacl-main.116,2021,W3171038510,A5025128323,A5103119755,3,1,1,1,1,1,7.4012312644130152,3.5553480614894131,11.792759320578208,0,0,0,0,3
2021.naacl-main.121,2021,W3167986947,A5110803611,A5100664729,4,1,1,1,1,1,7.6657534318616989,3.4499875458315872,13.823078846084186,0,0,0,0,3
2021.naacl-main.125,2021,W3168185198,A5101983042,A5078530959,2,1,1,1,1,1,7.4030610910900911,3.5263605246161616,14.460537824686842,0,0,0,0,3
2021.naacl-main.128,2021,W3164949516,A5112427900,A5100418684,4,3,1,1,1,1,8.3421252633335907,4.1510399058986458,14.070503102563356,0,0,0,0,3
2021.naacl-main.129,2021,W3159682551,A5015470472,A5067235438,4,1,1,1,1,1,7.108244139731541,3.6109179126442239,13.906320627443677,1,0,0,1,3
2021.naacl-main.130,2021,W3155017643,A5025458684,A5089539629,3,1,1,1,1,1,7.6797136399663719,3.4863551900024623,13.503501639354758,0,0,0,0,3
2021.naacl-main.136,2021,W3171291687,A5108692923,A5100386394,7,1,1,1,1,1,8.6128669414845191,3.7578723256008879,11.171251723949551,1,1,0,1,3
2021.naacl-main.137,2021,W3170962005,A5100986085,A5037132097,5,2,1,1,1,1,8.5842909349487311,3.9889840465642745,14.572432217856171,1,1,0,1,3
2021.naacl-main.138,2021,W3155600250,A5008161413,A5050801868,4,4,1,1,1,1,8.2761402195584601,3.5189804173185388,14.798076177618547,0,0,0,0,3
2021.naacl-main.141,2021,W3157532814,A5034672439,A5065423554,7,3,1,1,1,1,8.2524460902469521,3.1354942159291497,13.887011348657875,0,0,0,0,3
2021.naacl-main.154,2021,W3097224945,A5112009475,A5050325468,3,2,1,1,1,1,6.3699009828282271,2.5123056239761148,14.930877696916149,1,1,0,1,3
2021.naacl-main.161,2021,W3171397222,A5060320196,A5036737229,4,6,1,1,1,1,7.9200831990532343,3.2580965380214821,14.310604281769566,0,1,0,1,3
2021.naacl-main.168,2021,W3138392969,A5015473787,A5029531416,3,2,1,1,1,1,5.7493929859082531,2.6855773452501515,11.843322139829546,0,0,0,0,3
2021.naacl-main.175,2021,W3170520002,A5034063623,A5103085805,3,1,1,1,1,1,6.9985096422506015,3.4657359027997265,14.460537824686842,0,0,0,0,3
2021.naacl-main.178,2021,W3167565780,A5022489629,A5046126345,2,1,1,1,1,1,7.1747243098363764,2.8903717578961645,14.639514494996252,0,0,0,0,3
2021.naacl-main.181,2021,W3158913126,A5068228021,A5108104297,5,3,1,1,1,1,7.668093709082406,3.5322256440685602,14.693232588079514,0,0,0,0,3
2021.naacl-main.185,2021,W3085177480,A5076269589,A5071144367,2,2,1,1,1,1,7.5714736488512706,4.4367515343631281,13.944707319635263,0,1,0,1,3
2021.naacl-main.191,2021,W3168584517,A5032463780,A5084505122,3,1,1,1,1,1,7.301147805856032,3.737669618283368,11.377174467988334,0,1,0,1,3
2021.naacl-main.193,2021,W3167366812,A5022885986,A5001987532,3,1,1,1,1,1,9.1697266890908864,4.0887735171726449,14.180363371785775,0,1,0,1,3
2021.naacl-main.195,2021,W3171927989,A5063149046,A5107836252,6,3,1,1,1,1,9.0066317333005799,4.3588432992182247,14.89913542759076,1,0,0,1,3
2021.naacl-main.196,2021,W3142774842,A5003277454,A5080385311,3,3,1,1,1,1,7.6708948313621166,3.1640675883732059,13.858466593797717,0,1,0,1,3
2021.naacl-main.197,2021,W3162711154,A5039811894,A5088832285,9,5,1,1,1,1,6.3851943989977258,3.0497994948242666,13.846635124048849,0,0,0,0,3
2021.naacl-main.205,2021,W3153986565,A5047594082,A5107835063,5,2,1,1,1,1,7.6957579905547613,3.1000922888782338,13.180615304252049,0,0,0,0,3
2021.naacl-main.211,2021,W3170092793,A5103968040,A5087096372,4,2,1,1,1,1,9.0336031934761287,3.9843436670077721,14.406502081815304,0,0,0,0,3
2021.naacl-main.212,2021,W3168428105,A5103489156,A5044205212,5,2,1,1,1,1,7.2868764117506997,3.2657594107670511,10.307618437631156,0,1,0,1,3
2021.naacl-main.220,2021,W3170014162,A5042749062,A5032046813,4,3,1,1,1,1,9.0382463353376643,4.1510399058986458,14.132523979607649,0,0,0,0,3
2021.naacl-main.226,2021,W3168046227,A5024996988,A5054846379,4,2,1,1,1,1,5.6629604801359461,2.374905754573672,12.133399796939983,0,0,0,0,3
2021.naacl-main.227,2021,W3093191103,A5101927521,A5053327738,2,2,1,1,1,1,6.4345465187874531,3.4499875458315872,13.630316479427281,1,0,0,1,3
2021.naacl-main.230,2021,W3169971770,A5032728613,A5109565051,3,1,1,1,1,1,6.5250296578434623,3.3672958299864741,14.352385726929567,0,0,0,0,3
2021.naacl-main.254,2021,W3152175901,A5070984529,A5051992568,6,5,1,1,1,1,7.399398083331354,3.2516656476911918,13.858466593797717,1,0,0,1,3
2021.naacl-main.256,2021,W3172413486,A5059930218,A5038106045,4,1,1,1,1,1,8.8462091273609964,3.5336865647082343,13.823494600503349,0,0,0,0,3
2021.naacl-main.264,2021,W3093755178,A5045402928,A5014866912,2,2,1,1,1,1,8.046869510959576,4.3820266346738812,14.693232588079514,0,0,0,0,3
2021.naacl-main.268,2021,W3167049841,A5023924528,A5008748003,3,2,1,1,1,1,8.6271232507884328,3.218875824868201,13.155974153475547,0,0,0,0,3
2021.naacl-main.270,2021,W3158303960,A5034223343,A5082767919,4,3,1,1,1,1,8.1656479252975043,2.6741486494265287,13.180615304252049,0,0,0,0,3
2021.naacl-main.271,2021,W3159084885,A5100777701,A5086674741,4,2,1,1,1,1,8.3375879421165102,3.9655637723561759,11.792245170087131,0,0,0,0,3
2021.naacl-main.276,2021,W3158172841,,,0,0,0,0,0,0,,,,0,0,0,0,3
2021.naacl-main.285,2021,W3168851777,A5068755696,A5100435494,3,2,1,1,1,1,8.3889051711147058,4.1845914400698794,10.766989134947066,0,0,0,0,3
2021.naacl-main.30,2021,W3167860749,A5082423019,A5026648049,3,1,1,1,1,1,7.1623974973557178,2.8903717578961645,13.726051825004255,1,0,0,1,3
2021.naacl-main.303,2021,W3168747821,A5047867068,A5073812421,3,1,1,1,1,1,7.329093736246592,3.5263605246161616,12.430199713033735,0,0,0,0,3
2021.naacl-main.305,2021,W3169618399,A5100393899,A5010841999,5,0,1,0,1,0,9.1806025537122284,4.3770140928503372,,1,0,0,1,3
2021.naacl-main.306,2021,W3170967211,A5101511644,A5085302513,7,1,1,1,1,1,6.3885614055456301,2.8743714165497241,13.459334061208674,0,0,0,0,3
2021.naacl-main.31,2021,W3170956458,A5056508457,A5026648049,3,1,1,1,1,1,7.1623974973557178,2.8332133440562162,13.726051825004255,1,0,0,1,3
2021.naacl-main.312,2021,W3169145812,A5100343820,A5100701574,6,3,1,1,1,1,8.0768260312988076,3.8029519103737841,14.494097247192832,0,0,0,0,3
2021.naacl-main.313,2021,W3168577192,A5017289292,A5100365484,6,3,1,1,1,1,8.4461267429823774,3.8465952001056909,13.865024269833736,0,1,0,1,3
2021.naacl-main.314,2021,W3167942460,A5018412136,A5068447696,4,3,1,1,1,1,7.7719102564357634,3.4420193761824107,14.015515668337439,0,0,0,0,3
2021.naacl-main.319,2021,W3094525345,A5037374629,A5100720085,4,2,1,1,1,1,7.2619270927027513,3.4011973816621555,14.406502081815304,0,0,0,0,3
2021.naacl-main.323,2021,W3094245163,A5065744065,A5109398524,5,3,1,1,1,1,8.5610186709562672,3.2347491740244907,14.930877696916149,0,0,0,0,3
2021.naacl-main.33,2021,W3169423864,A5042749062,A5086717154,3,2,1,1,1,1,9.0835292051097962,4.2532458448079566,14.132523979607649,0,0,0,0,3
2021.naacl-main.336,2021,W3168921656,A5021070482,A5030248499,4,3,1,1,1,1,8.0573774885579912,3.784189633918261,14.751717636158553,0,1,0,1,3
2021.naacl-main.34,2021,W3023621444,A5102938398,A5027450194,3,1,1,1,1,1,9.5965547004922094,4.3903254374885767,12.360821717713581,0,1,0,1,3
2021.naacl-main.340,2021,W3153255730,A5069912951,A5021827617,4,2,1,1,1,1,8.8479347533284649,3.6441435602725449,14.518005412568725,0,0,0,0,3
2021.naacl-main.343,2021,W3172492789,A5051696916,A5030248499,6,3,1,1,1,1,8.0573774885579912,3.4709307196768302,14.406502081815304,0,0,0,0,3
2021.naacl-main.346,2021,W3171899052,A5049904411,A5102992157,4,3,1,1,1,1,9.4223016338878232,4.0647440924458103,14.930877696916149,0,0,0,0,3
2021.naacl-main.357,2021,W3163360376,A5055755559,A5046253607,5,1,1,1,1,1,7.7702232041587855,2.3978952727983707,12.98886169862406,0,0,0,0,3
2021.naacl-main.365,2021,W3161820423,A5029074038,A5035088083,6,2,1,1,1,1,9.4834162920385996,4.0831712616239759,14.704432148538643,0,0,0,0,3
2021.naacl-main.367,2021,W3169300860,A5045589259,A5023268703,6,0,1,0,1,0,6.2045577625686903,2.8233610476132047,,0,0,0,0,3
2021.naacl-main.368,2021,W3166933661,A5100767050,A5019928111,4,3,1,1,1,1,7.7142311448490846,3.8763958277849948,13.823494600503349,1,0,0,1,3
2021.naacl-main.37,2021,W3170806096,A5026461299,A5052900932,24,5,1,1,1,1,9.1039793559847713,3.3440389678222067,14.333075620608405,1,0,0,1,3
2021.naacl-main.373,2021,W3156898512,A5101975391,A5004921249,3,1,1,1,1,1,8.3490111981760027,4.0371861483821521,14.475165585791974,0,1,0,1,3
2021.naacl-main.374,2021,W3092463363,A5060135294,A5056541993,2,1,1,1,1,1,5.3278761687895813,3.0910424533583161,11.681105838209152,0,0,0,0,3
2021.naacl-main.38,2021,W3093721400,A5079873734,A5010519567,4,6,1,1,1,1,7.8220440081856193,3.657130755799356,14.347084244314564,0,1,0,1,3
2021.naacl-main.380,2021,W3168690788,A5075564427,A5079131136,5,3,1,1,1,1,9.1697266890908864,3.520460802488973,14.180363371785775,0,0,0,0,3
2021.naacl-main.381,2021,W3168784392,A5101705761,A5114910293,10,4,1,1,1,1,9.5117034314838271,3.7819143200811256,14.754080064635756,1,0,0,1,3
2021.naacl-main.390,2021,W3166002735,A5073987239,A5112862689,2,1,1,1,1,1,6.6795991858443831,2.19722457733622,13.994679650961668,0,0,0,0,3
2021.naacl-main.393,2021,W3134521268,A5078893115,A5082767919,3,2,1,1,1,1,8.1656479252975043,3.120895416507997,13.573672090615171,0,0,0,0,3
2021.naacl-main.394,2021,W3135119853,A5021070482,A5043262011,3,2,1,1,1,1,6.5250296578434623,3.3557350075853982,14.352385726929567,0,0,0,0,3
2021.naacl-main.407,2021,W3172041450,A5027122116,A5082767919,2,1,1,1,1,1,8.1656479252975043,3.3141860046725258,13.180615304252049,0,1,0,1,3
2021.naacl-main.413,2021,W3166065309,A5102897482,A5016448581,6,1,1,1,1,1,8.8833629169167594,4.3820266346738812,14.06715526503047,0,0,0,0,3
2021.naacl-main.415,2021,W3160438570,A5114114071,A5111560316,5,1,1,1,1,1,5.0814043649844631,1.33500106673234,14.754080064635756,0,0,0,0,3
2021.naacl-main.418,2021,W3170560353,A5044442880,A5059650977,6,1,1,1,1,1,7.1475592711894542,2.498699971920336,12.278058367302794,0,0,0,0,3
2021.naacl-main.420,2021,W3172424021,A5004824034,A5087096372,6,2,1,1,1,1,9.0336031934761287,3.5457786104732629,14.406502081815304,0,0,0,0,3
2021.naacl-main.432,2021,W3152763202,A5101839369,A5054253075,7,3,1,1,1,1,8.1814406957193739,3.6031659358399062,14.427646144965641,0,0,0,0,3
2021.naacl-main.443,2021,W3167397433,A5101805947,A5113515054,4,1,1,1,1,1,6.0684255882441107,2.862200880929469,15.401757015506769,0,0,0,0,3
2021.naacl-main.445,2021,W3171789337,A5101905948,A5100456786,6,1,1,1,1,1,8.0166478770578031,3.4446824936018943,13.783688566641246,0,0,0,0,3
2021.naacl-main.454,2021,W3172871932,A5101789719,A5101623806,7,2,1,1,1,1,6.692083742506628,3.1039458581942241,14.06715526503047,0,0,0,0,3
2021.naacl-main.461,2021,W3167690611,A5032748315,A5102962259,2,1,1,1,1,1,5.5254529391317844,2.3513752571634776,14.094421778703808,0,1,0,1,3
2021.naacl-main.463,2021,W3171750540,A5046085212,A5046448314,4,4,1,1,1,1,9.7689270591404327,4.0561233494019033,14.751717636158553,1,0,0,1,3
2021.naacl-main.467,2021,W3171446474,A5045946026,A5047878798,5,4,1,1,1,1,8.9431143080917845,4.1987045775463434,14.402717610479138,1,0,0,1,3
2021.naacl-main.471,2021,W3169565655,A5081246075,A5065856469,3,1,1,1,1,1,8.1814406957193739,4.1324963281864768,13.219992684135567,0,0,0,0,3
2021.naacl-main.59,2021,W3167277949,A5101834699,A5100350205,6,3,1,1,1,1,7.4253578870271513,3.120895416507997,14.540387483534188,0,0,0,0,3
2021.naacl-main.60,2021,W3166704354,A5079812247,A5030248499,4,2,1,1,1,1,9.0336031934761287,4.219507705176107,14.406502081815304,0,0,0,0,3
2021.naacl-main.62,2021,W3158235155,A5101752372,A5100388333,2,2,1,1,1,1,7.9080194446324708,4.3372907408324899,13.665884626008433,0,0,0,0,3
2021.naacl-main.67,2021,W3170057763,A5085667632,A5041434096,2,1,1,1,1,1,7.9076515947110888,3.2958368660043291,13.503501639354758,0,1,0,1,3
2021.naacl-main.68,2021,W3167617922,A5010401425,A5107835063,6,2,1,1,1,1,7.9420068084898556,3.4011973816621555,13.180615304252049,0,0,0,0,3
2021.naacl-main.80,2021,W3167070827,A5066705856,A5002419188,7,3,1,1,1,1,7.5224002313871248,2.9061201148643039,14.930877696916149,0,0,0,0,3
2021.naacl-main.89,2021,W3088631993,A5085413851,A5109937799,4,1,1,1,1,1,8.4089396059759842,3.3050535211092531,13.573672090615171,0,0,0,0,3
2021.naacl-main.95,2021,W3137707873,A5017986865,A5083735830,3,1,1,1,1,1,6.6174029779744776,3.4760986898352728,13.490058772482524,0,0,0,0,3
2021.naacl-main.96,2021,W3154697502,A5079135719,A5080254953,10,3,1,1,1,1,6.6644090203504076,2.917770732084279,11.783006035870187,0,0,0,0,3
2022.acl-long.1,2022,W4221138792,A5004874606,A5091017313,2,0,0.66666666666666663,0,1,0,6.39024066706535,3.4812400893356918,,1,0,0,1,3
2022.acl-long.100,2022,W3198675293,A5074277807,A5109565051,5,4,1,1,1,1,7.8359745817215662,3.6635616461296463,14.791096463624436,0,0,0,0,3
2022.acl-long.101,2022,W4285175869,A5003564979,A5002316432,4,1,1,1,1,1,5.5053315359323625,2.4203681286504293,10.971417241071656,0,0,0,0,3
2022.acl-long.104,2022,W4285253457,A5089614604,A5053217291,3,2,1,1,1,1,7.0308574761161209,3.7216692769369271,14.551018708214457,0,0,0,0,3
2022.acl-long.105,2022,W4223622550,A5052049405,A5058915697,11,0,1,0,1,0,8.9478060930570535,3.8026139012443201,,0,0,0,0,3
2022.acl-long.106,2022,W4221154342,A5061166481,A5082874907,3,2,1,1,1,1,7.1057861294812712,3.7534179752515073,13.451451273914728,0,0,0,0,3
2022.acl-long.107,2022,W4226126941,A5003465314,A5051064208,3,1,1,1,1,1,10.083681848313908,3.4760986898352728,13.636046514587294,0,0,0,0,3
2022.acl-long.110,2022,W4285226694,A5100746635,A5048087523,5,1,1,1,1,1,7.8046592970561024,3.218875824868201,12.858874280550021,0,0,0,0,3
2022.acl-long.112,2022,W4285299836,A5038357504,A5100421963,9,5,1,1,1,1,7.534762657037537,3.7081372707183511,14.261479529994521,1,0,0,1,3
2022.acl-long.113,2022,W4285151662,A5038055180,A5114910293,5,3,1,1,1,1,9.7189034380879136,4.3359826961724748,13.15594901251696,0,0,0,0,3
2022.acl-long.116,2022,W4285261698,A5051933558,A5100355268,3,1,1,1,1,1,7.0431599159883405,3.4760986898352728,11.442020051454454,1,1,0,1,3
2022.acl-long.117,2022,W3205718179,A5053544878,A5082431329,3,2,1,1,1,1,7.8091353981205378,2.6625878270254528,14.59970566600443,0,0,0,0,3
2022.acl-long.118,2022,W3207546842,A5082094976,A5081787254,10,5,1,1,1,1,7.915348169263078,3.903990833730882,14.261479529994521,0,0,0,0,3
2022.acl-long.12,2022,W4285242045,A5100665987,A5014662947,7,6,1,1,1,1,9.2311229111587121,4.3855917008383782,14.044520866156439,0,0,0,0,3
2022.acl-long.122,2022,W4285290591,A5056753433,A5082450455,5,1,1,1,1,1,8.0003494953246843,3.8543938925915096,14.531424595598128,0,0,0,0,3
2022.acl-long.123,2022,W3213226873,A5085263462,A5068811427,4,3,1,1,1,1,8.9853200606491122,4.3630986247883632,13.881289871500478,0,0,0,0,3
2022.acl-long.127,2022,W4226416873,A5000054128,A5025827839,5,2,1,1,1,1,7.3498737047383367,3.648057459593681,12.563142011674239,0,0,0,0,3
2022.acl-long.128,2022,W4285307817,A5103100933,A5058504936,2,1,1,1,1,1,6.3403593037277517,3.1135153092103742,14.707782330292885,0,0,0,0,3
2022.acl-long.130,2022,W4226103163,A5101595086,A5100406711,6,3,1,1,1,1,8.3392619829235759,4.0718717063700423,14.549840467971809,0,1,0,1,3
2022.acl-long.133,2022,W4221148482,A5002982984,A5087920747,8,3,1,1,1,1,8.6371072880815749,4.0582855124063979,14.488052909550296,0,0,0,0,3
2022.acl-long.138,2022,W4285182954,A5072803974,A5100427076,7,2,1,1,1,1,7.4483338608974758,3.906292330719161,13.798573939737718,0,0,0,0,3
2022.acl-long.142,2022,W4285195848,A5067167426,A5025118710,6,4,1,1,1,1,7.8659554139335022,3.3843902633457743,13.928252464007135,0,0,0,0,3
2022.acl-long.143,2022,W4221157982,A5056500539,A5075806509,2,3,1,1,1,1,6.6707663208458738,3.8501476017100575,15.643658206866634,0,0,0,0,3
2022.acl-long.146,2022,W3203047689,A5089949383,A5100333729,3,3,1,1,1,1,8.4169307694778439,4.2437219632967018,14.488052909550296,0,0,0,0,3
2022.acl-long.148,2022,W4221141894,A5102206923,A5100770464,7,3,1,1,1,1,8.0937677579310794,3.7906621484238792,13.413210435999266,0,0,0,0,3
2022.acl-long.15,2022,W4285247398,A5079648393,A5010901862,4,0,1,0,1,0,5.2574953720277815,1.5581446180465499,,0,1,0,1,3
2022.acl-long.150,2022,W3206600927,A5044477157,A5050036814,4,2,1,1,1,1,6.9631899858702377,3.5835189384561099,12.284920793847853,0,0,0,0,3
2022.acl-long.152,2022,W4224286930,A5100351135,A5035534911,3,1,1,1,1,1,7.3165481771829759,3.4339872044851463,12.983744781159809,1,1,0,1,3
2022.acl-long.153,2022,W4285203730,A5035583416,A5109964078,3,4,1,1,1,1,6.5889264775335192,3.3440389678222067,13.15594901251696,0,0,0,0,3
2022.acl-long.154,2022,W4224878982,A5101546570,A5055232825,4,0,1,0,1,0,6.8416154764775916,3.707455839686872,,1,0,0,1,3
2022.acl-long.16,2022,W3205816523,A5073345631,A5030060072,11,3,1,1,1,1,7.3677085723743714,3.3158375327109986,13.793266994004638,0,0,0,0,3
2022.acl-long.160,2022,W4285106586,A5100540112,A5100382077,7,2,1,1,1,1,9.5095556802416361,4.6674740693242462,14.002494561972473,0,1,0,1,3
2022.acl-long.163,2022,W4221158684,A5090365490,A5042819803,3,3,0.5,1,1,1,8.942983665985647,3.6635616461296463,13.197422611250859,0,1,0,1,3
2022.acl-long.166,2022,W4281262985,A5031104941,A5074541536,3,3,1,1,1,1,3.9889840465642745,1.6094379124341005,13.136282061541534,0,1,0,1,3
2022.acl-long.168,2022,W4226095990,A5100441124,A5101077254,4,3,1,1,1,1,7.6930257484178881,3.1780538303479458,14.549840467971809,0,0,0,0,3
2022.acl-long.169,2022,W4225470987,A5090423122,A5100770464,7,2,1,1,1,1,8.7003477345140841,3.7274131181161794,12.551748824200402,0,0,0,0,3
2022.acl-long.17,2022,W4285105102,A5017685924,A5081354508,3,1,1,1,1,1,4.3307333402863311,1.9924301646902061,12.659257503849265,0,0,0,0,3
2022.acl-long.170,2022,W4285275989,A5115591364,A5100650977,6,3,0.8571428571428571,1,1,1,8.8375360461075676,2.5649493574615367,13.881584774318094,0,0,0,0,3
2022.acl-long.171,2022,W3206080127,A5006832086,A5102274699,2,1,1,1,1,1,6.7117403950561796,3.8712010109078911,12.480867027308292,1,0,0,1,3
2022.acl-long.175,2022,W4285254998,A5024830668,A5001778694,7,3,1,1,1,1,8.6039211949260608,3.6488012305465261,14.59970566600443,0,0,0,0,3
2022.acl-long.177,2022,W4285286514,A5026996221,A5026648049,3,1,1,1,1,1,8.2035777369379517,3.3202283191284883,13.691040841201414,1,0,0,1,3
2022.acl-long.179,2022,W4285169917,A5027939157,A5042262991,5,2,1,1,1,1,5.9763509092979339,2.91235066461494,12.436696152098207,0,0,0,0,3
2022.acl-long.181,2022,W4221138451,A5035492444,A5069596903,7,3,1,1,1,1,8.550627967502475,4.2845712985231685,13.84574388994103,0,0,0,0,3
2022.acl-long.182,2022,W4281657898,A5115599158,A5015785439,6,3,1,1,1,1,7.8458075026378049,3.6635616461296463,15.024798312883611,0,0,0,0,3
2022.acl-long.186,2022,W4221155337,A5078517381,A5100770462,5,2,1,1,1,1,7.6236419465115715,3.8794998137225858,12.551748824200402,0,0,0,0,3
2022.acl-long.187,2022,W4285276273,A5103969906,A5071189599,4,8,1,1,1,1,6.1506027684462792,3.4499875458315872,15.387759036799194,0,0,0,0,3
2022.acl-long.188,2022,W4285235105,A5053347296,A5087096372,4,1,1,1,1,1,8.9639281937226194,4.5669489731678938,14.287414255935596,0,0,0,0,3
2022.acl-long.190,2022,W4225468040,A5101462518,A5029074038,4,2,1,1,1,1,8.1250390973677451,3.7436043538031831,14.924172182485384,0,0,0,0,3
2022.acl-long.193,2022,W4223490341,A5080130776,A5100440407,5,2,1,1,1,1,8.922791623969637,4.1774594689326072,14.549840467971809,0,1,0,1,3
2022.acl-long.194,2022,W4285306754,A5102989996,A5100355277,4,2,1,1,1,1,9.6902943320750872,4.6890516699687934,14.707782330292885,1,0,0,1,3
2022.acl-long.195,2022,W4285212850,A5101182523,A5035088083,6,1,1,1,1,1,8.1250390973677451,3.3615321252697239,11.1900858800403,1,0,0,1,3
2022.acl-long.20,2022,W4285171841,A5080973846,A5100329828,6,3,1,1,1,1,8.922791623969637,4.4387219783504266,12.456321506295607,0,0,0,0,3
2022.acl-long.200,2022,W4224627792,A5100327428,A5100402911,6,2,1,1,1,1,7.9885429827376946,3.9982007016691994,13.883845613137508,0,0,0,0,3
2022.acl-long.201,2022,W4285172793,A5069166661,A5041227178,3,2,1,1,1,1,5.9506425525877269,2.120263536200091,12.290340261848741,0,0,0,0,3
2022.acl-long.202,2022,W4221153246,A5101549453,A5026638047,3,1,1,1,1,1,6.4035741979348151,3.2054528045360602,14.531424595598128,0,0,0,0,3
2022.acl-long.203,2022,W3188983256,A5060885692,A5009879041,2,1,1,1,1,1,7.5010821242598711,3.3843902633457743,13.15594901251696,0,1,0,1,3
2022.acl-long.204,2022,W3205638321,A5044736875,A5060116992,9,1,0.90000000000000002,1,1,1,8.9385316486806925,3.5585176362506927,11.764197670137529,0,0,0,0,3
2022.acl-long.205,2022,W4221142755,A5065094272,A5085955762,4,1,1,1,1,1,8.4836364078873938,4.2766661190160553,13.505326538328196,0,0,0,0,3
2022.acl-long.206,2022,W4221144125,A5056683457,A5066326238,4,4,0.66666666666666663,1,1,1,7.5776338326027277,3.9464244321454784,13.883845613137508,0,1,0,1,3
2022.acl-long.207,2022,W4225934689,A5100386682,A5068811427,4,2,1,1,1,1,8.9853200606491122,4.5485998344996972,14.261479529994521,0,0,0,0,3
2022.acl-long.208,2022,W4285224189,A5081756234,A5046520540,2,1,1,1,1,1,6.3207682942505823,3.277144732992177,13.562304627635015,0,0,0,0,3
2022.acl-long.209,2022,W4285296426,A5071190415,A5082450455,8,0,1,0,1,0,8.1137260859707467,3.8501476017100575,,0,0,0,0,3
2022.acl-long.21,2022,W4281719801,A5100326579,A5050605025,5,3,1,1,1,1,7.5459181512093227,3.1527360223636558,14.424356141308309,1,0,0,1,3
2022.acl-long.210,2022,W4226111042,A5056001196,A5056256317,2,2,0.66666666666666663,1,1,1,7.589841512182657,4.0253516907351496,13.223312175732548,0,0,0,0,3
2022.acl-long.215,2022,W3171345413,A5001277622,A5112758056,6,1,1,1,1,1,8.3523185482260036,3.9350882783591423,14.27563050413583,0,0,0,0,3
2022.acl-long.222,2022,W3205301323,A5015792268,A5102992157,7,4,1,1,1,1,9.6019093748922355,3.8161412337248639,14.59970566600443,0,0,0,0,3
2022.acl-long.225,2022,W3207553988,A5100656309,A5082305994,8,2,1,1,1,1,9.6019093748922355,4.1067670822206574,14.59970566600443,0,0,0,0,3
2022.acl-long.236,2022,W4206850841,A5101856888,A5050801868,3,2,1,1,1,1,7.0527210492323231,3.5742165457937962,13.938555282182351,0,0,0,0,3
2022.acl-long.238,2022,W4285143763,A5103880622,A5010790447,3,1,1,1,1,1,5.8749307308520304,3.2451931331855741,11.398109273874846,0,1,0,1,3
2022.acl-long.242,2022,W4285307137,A5100301527,A5028532226,5,1,1,1,1,1,6.9246123960485599,3.5553480614894131,8.3904955383702795,0,0,0,0,3
2022.acl-long.244,2022,W3196731672,A5063722751,A5082305994,4,3,1,1,1,1,8.3086919168388977,4.2341065045972597,14.59970566600443,0,0,0,0,3
2022.acl-long.246,2022,W4285283606,A5063722751,A5114053294,7,3,1,1,1,1,6.8145428972599582,3.575550768806933,13.390847339802557,0,0,0,0,3
2022.acl-long.247,2022,W4285288507,A5073331047,A5016675333,4,1,1,1,1,1,5.0498560072495371,2.6741486494265287,13.15594901251696,0,1,0,1,3
2022.acl-long.248,2022,W4285208604,A5100608849,A5031439294,5,2,1,1,1,1,8.4945385008514318,4.3489867805956814,14.004325155934891,0,0,0,0,3
2022.acl-long.25,2022,W4226396354,A5066859683,A5100716372,6,2,1,1,1,1,8.6928257600593959,3.9153507955208209,12.095827999680839,0,0,0,0,3
2022.acl-long.250,2022,W4221166745,A5066021823,A5040821714,6,6,1,1,1,1,7.8766384609754629,3.1849742731925192,15.387759036799194,0,0,0,0,3
2022.acl-long.251,2022,W3191727383,A5038686010,A5059421851,4,1,1,1,1,1,6.815639990074331,3.157000421150113,13.325630698713749,0,0,0,0,3
2022.acl-long.254,2022,W4285107336,A5055885317,A5067220251,7,2,1,1,1,1,10.170992427549091,3.4746248502169728,14.59970566600443,1,0,0,1,3
2022.acl-long.255,2022,W4221144388,A5036004533,A5089413311,3,1,1,1,1,1,7.8058820402286209,3.5648268054439574,13.61563177108196,1,0,0,1,3
2022.acl-long.26,2022,W4285294723,A5018336656,A5100670350,7,3,1,1,1,1,8.2915465098839096,3.4965075614664798,14.707782330292885,0,1,0,1,3
2022.acl-long.263,2022,W3207604732,A5101920554,A5032046813,4,2,1,1,1,1,9.0381275493305164,4.3694478524670215,13.15594901251696,0,0,0,0,3
2022.acl-long.27,2022,W4221159972,A5030183493,A5046448314,4,2,0.66666666666666663,1,1,1,9.5902825228532596,4.4514360860460496,14.707782330292885,1,0,0,1,3
2022.acl-long.271,2022,W4285174063,A5032644567,A5004829991,2,1,1,1,1,1,7.1388669999455239,3.277144732992177,13.174458550201434,0,0,0,0,3
2022.acl-long.276,2022,W3199123028,A5100670911,A5090095198,2,2,1,1,1,1,5.730099782973574,3.6243409329763652,14.073519196604565,0,1,0,1,3
2022.acl-long.277,2022,W4285292339,A5077955718,A5005443526,7,2,1,1,1,1,8.5322788288342775,3.077970371790963,14.002494561972473,0,0,0,0,3
2022.acl-long.279,2022,W4285135404,A5077989893,A5005533034,2,3,1,1,1,1,5.0689042022202324,3.6888794541139358,12.707947328885965,0,0,0,0,3
2022.acl-long.28,2022,W4285123808,A5065953933,A5020404763,7,1,1,1,1,1,6.6631326959908028,2.6079667425452278,14.424356141308309,0,0,0,0,3
2022.acl-long.280,2022,W3185554154,A5003046428,A5003904755,4,0,1,0,1,0,4.1108738641733114,2.1690537003695232,,0,1,0,1,3
2022.acl-long.285,2022,W3154267298,A5062078136,A5041024491,2,1,1,1,1,1,8.2728260036504011,3.9608131695975781,14.031734221989311,0,0,0,0,3
2022.acl-long.286,2022,W3192500523,A5074102828,A5018069499,3,3,1,1,1,1,6.7153833863346808,3.3440389678222067,14.031734221989311,0,0,0,0,3
2022.acl-long.290,2022,W4285249364,A5101599249,A5038612499,3,2,1,1,1,1,8.869679374733515,4.4886363697321396,13.743447263262951,0,0,0,0,3
2022.acl-long.291,2022,W4221146921,A5103023174,A5113141320,5,1,1,1,1,1,7.4506607962115394,3.0633909220278057,14.176570175158329,0,0,0,0,3
2022.acl-long.292,2022,W4221159394,A5100374831,A5060116992,7,2,1,1,1,1,8.9385316486806925,3.9177210265427842,13.098525499424234,0,0,0,0,3
2022.acl-long.295,2022,W4226142803,A5103325702,A5050004923,4,1,1,1,1,1,4.7449321283632502,1.9810014688665836,11.764197670137529,1,0,0,1,3
2022.acl-long.299,2022,W4221151632,A5002228588,A5014866912,5,2,1,1,1,1,7.97522083865341,4.1956970564823886,14.609731278217648,0,0,0,0,3
2022.acl-long.3,2022,W4285202171,A5061863017,A5086877012,6,2,1,1,1,1,8.6573028994008823,3.277144732992177,13.795945402469432,0,0,0,0,3
2022.acl-long.300,2022,W4280501235,A5102206923,A5100770464,5,2,1,1,1,1,8.0937677579310794,3.9889840465642745,12.551748824200402,0,0,0,0,3
2022.acl-long.303,2022,W4285137661,A5017613411,A5010395244,7,5,1,1,1,1,6.8844866520427823,3.3964241029094979,14.085029168953223,0,0,0,0,3
2022.acl-long.304,2022,W4281666739,A5100775678,A5100716372,11,3,1,1,1,1,8.4848765899396952,3.5156077328399,14.549840467971809,0,0,0,0,3
2022.acl-long.305,2022,W4285287883,A5077260647,A5041905573,4,1,1,1,1,1,5.5568280616995374,2.0149030205422647,13.795945402469432,0,0,0,0,3
2022.acl-long.308,2022,W4221153521,A5003231318,A5024900991,5,2,0.83333333333333337,1,1,1,7.7226775164680035,3.3393219779440679,14.53418951111645,0,0,0,0,3
2022.acl-long.309,2022,W4221163578,A5052746002,A5014190404,3,0,1,0,1,0,8.5322788288342775,4.2243976904702976,,1,0,0,1,3
2022.acl-long.31,2022,W4285304933,A5018043043,A5017455302,3,2,1,1,1,1,7.2834482287566313,3.784189633918261,14.424356141308309,0,1,0,1,3
2022.acl-long.310,2022,W4285242218,A5102433365,A5030248499,6,3,1,1,1,1,8.044947049617722,3.3900240810640301,14.287414255935596,0,0,0,0,3
2022.acl-long.312,2022,W4285245660,A5102778523,A5040820339,3,2,1,1,1,1,6.0567840132286248,3.4863551900024623,13.403985626155952,0,1,0,1,3
2022.acl-long.319,2022,W3201659492,A5080253330,A5100388333,7,1,1,1,1,1,8.9881963209950566,3.951243718581428,13.84574388994103,0,1,0,1,3
2022.acl-long.321,2022,W4221161867,A5100346418,A5066940046,3,1,1,1,1,1,6.1377270540862341,3.3322045101752038,12.53294538260686,0,0,0,0,3
2022.acl-long.322,2022,W4226300771,A5052594325,A5042018181,2,2,0.66666666666666663,1,1,1,9.1806025537122284,4.8941014778403042,13.505326538328196,0,0,0,0,3
2022.acl-long.323,2022,W4285250447,A5065480463,A5100378800,4,1,1,1,1,1,8.0765153275523289,4.1858596710578739,11.875608325182951,0,1,0,1,3
2022.acl-long.326,2022,W4226207390,A5059930218,A5078390032,2,1,1,1,1,1,6.2728770065461674,3.4339872044851463,13.660287303134044,0,0,0,0,3
2022.acl-long.329,2022,W3205810519,A5073342482,A5073413742,6,3,1,1,1,1,7.1459844677143884,3.4965075614664798,14.609731278217648,1,0,0,1,3
2022.acl-long.330,2022,W4221149023,A5073787453,A5011555779,2,1,0.40000000000000002,1,1,1,7.00033446027523,3.4499875458315872,10.641010405815626,0,0,0,0,3
2022.acl-long.331,2022,W4226087293,A5006519974,A5072120057,8,2,1,1,1,1,9.8870024162762657,4.0474276424343492,14.044520866156439,0,0,0,0,3
2022.acl-long.332,2022,W4221167472,A5068668117,A5047878798,5,4,1,1,1,1,8.7073175602732125,3.824284091120139,14.428655738355454,0,0,0,0,3
2022.acl-long.333,2022,W4225107720,A5100344360,A5042018181,12,4,1,1,1,1,9.1806025537122284,3.7803945629497098,14.083735308495111,0,1,0,1,3
2022.acl-long.334,2022,W3202799963,A5100344360,A5042018181,12,3,1,1,1,1,9.1806025537122284,3.920321808242841,14.083735308495111,0,0,0,0,3
2022.acl-long.337,2022,W4285305471,A5046085212,A5063212818,4,4,1,1,1,1,8.2500977525728452,3.2580965380214821,14.707782330292885,1,0,0,1,3
2022.acl-long.339,2022,W4285210829,A5043609524,A5063052820,5,1,1,1,1,1,6.1246833908942051,2.7080502011022101,13.813706932409149,0,0,0,0,3
2022.acl-long.340,2022,W3207796810,A5102073967,A5089195158,9,5,1,1,1,1,8.4377169899144402,3.978642692769542,13.751826072034794,0,0,0,0,3
2022.acl-long.344,2022,W4285292976,A5086877005,A5033376109,5,2,1,1,1,1,8.2453844681207471,4.1009891049407692,14.531424595598128,0,1,0,1,3
2022.acl-long.347,2022,W4285195959,A5062041652,A5112114826,7,3,1,1,1,1,9.9064830615159263,4.5186781546346477,14.707782330292885,0,0,0,0,3
2022.acl-long.348,2022,W4221146870,A5102012494,A5026376235,6,4,1,1,1,1,8.0583273065809582,3.7803945629497098,14.044520866156439,0,0,0,0,3
2022.acl-long.349,2022,W4221150574,A5005572782,A5060116992,7,2,1,1,1,1,8.9385316486806925,4.0125145439744685,14.157071254955715,0,0,0,0,3
2022.acl-long.351,2022,W4285295524,A5009967588,A5080014791,3,1,1,1,1,1,6.9508147684425836,2.8903717578961645,13.475902008250827,0,1,0,1,3
2022.acl-long.352,2022,W4285141652,A5102710198,A5044665993,3,2,1,1,1,1,9.2238487220009766,3.7765850345330416,14.083735308495111,0,1,0,1,3
2022.acl-long.353,2022,W4282813538,A5079787092,A5102199508,5,1,1,1,1,1,7.2916562091744606,3.2809112157876537,13.013095236915486,1,0,0,1,3
2022.acl-long.354,2022,W3179219974,A5074024580,A5082305994,5,2,1,1,1,1,10.170992427549091,4.3201512309557941,14.59970566600443,0,0,0,0,3
2022.acl-long.355,2022,W4221162173,A5055694167,A5047026141,3,1,1,1,1,1,8.2366853227124572,3.7689221617874726,14.441325986613901,0,0,0,0,3
2022.acl-long.356,2022,W3186804217,A5042066408,A5076635608,3,1,1,1,1,1,8.3603054358790931,4.0253516907351496,11.139845259006064,0,0,0,0,3
2022.acl-long.357,2022,W4285192809,A5020117260,A5037747070,6,5,1,1,1,1,9.1388443702711122,4.2579739860039032,14.321668304121276,0,0,0,0,3
2022.acl-long.358,2022,W4280636077,A5075936732,A5039052372,4,4,1,1,1,1,8.0965129175015935,3.8554526539397518,13.549963032292638,0,1,0,1,3
2022.acl-long.360,2022,W4285171765,A5100305759,A5064858748,4,3,1,1,1,1,8.6963430570445563,3.6041382256588457,14.59970566600443,0,0,0,0,3
2022.acl-long.364,2022,W4285241179,A5039605990,A5035214872,2,2,1,1,1,1,4.0073331852324712,1.3862943611198906,10.685217791014589,1,1,0,1,3
2022.acl-long.367,2022,W4221152625,A5087847514,A5024826347,2,2,1,1,1,1,5.0106352940962564,0.69314718055994529,13.117463392060136,0,1,0,1,3
2022.acl-long.368,2022,W4221157176,A5054327489,A5089085275,2,1,1,1,1,1,7.1155821261844538,3.4011973816621555,13.327852807728853,0,1,0,1,3
2022.acl-long.370,2022,W3163458033,A5066791810,A5032046813,5,2,1,1,1,1,9.0381275493305164,4.6170987568533652,13.178015657594203,0,0,0,0,3
2022.acl-long.375,2022,W4285272557,A5112974337,A5051693368,3,2,1,1,1,1,7.2011708832816783,3.4446824936018943,11.192472236187903,0,1,0,1,3
2022.acl-long.378,2022,W4285211372,A5015964929,A5077738658,3,1,1,1,1,1,6.1333980429966486,2.6390573296152584,11.305925895479325,0,0,0,0,3
2022.acl-long.382,2022,W4285200900,A5103791527,A5072082849,4,2,1,1,1,1,8.6998480260003124,3.1023420086122493,12.63366447551887,0,0,1,1,3
2022.acl-long.383,2022,W4223458030,A5100411477,A5111113722,9,1,1,1,1,1,7.6367521124357793,3.2750460963352555,14.083735308495111,0,0,0,0,3
2022.acl-long.384,2022,W4285223786,A5070856451,A5067943980,2,0,1,0,1,0,6.9498564550007726,3.3672958299864741,,0,0,0,0,3
2022.acl-long.386,2022,W4285232587,A5100611326,A5088834359,9,1,0.90000000000000002,1,1,1,9.0464086802938208,3.7816611875649024,14.083735308495111,0,0,0,0,3
2022.acl-long.389,2022,W3171364227,A5060872184,A5100770464,8,4,1,1,1,1,9.9064830615159263,4.5352840585239251,14.707782330292885,0,0,0,0,3
2022.acl-long.390,2022,W4221155857,A5078940234,A5000232528,2,3,1,1,1,1,7.3447190541496727,3.6888794541139358,15.643658206866634,0,0,0,0,3
2022.acl-long.393,2022,W3205644108,A5077069016,A5014662947,14,5,1,1,1,1,9.2311229111587121,4.3988486338319239,13.759743058706936,0,0,0,0,3
2022.acl-long.395,2022,W4221166835,A5103090910,A5100677198,8,5,1,1,1,1,8.7981527181071915,3.912023005428146,15.643658206866634,0,0,0,0,3
2022.acl-long.397,2022,W4226135474,A5103326017,A5034536222,5,4,1,1,1,1,7.4645098346365266,3.5835189384561099,15.643658206866634,0,0,0,0,3
2022.acl-long.398,2022,W4221142828,A5007288942,A5101652785,5,4,1,1,1,1,7.4645098346365266,3.1863526331626408,15.643658206866634,0,1,0,1,3
2022.acl-long.4,2022,W4285232264,A5049561362,A5063283689,6,1,1,1,1,1,6.3491389913797978,2.2155737160044162,12.114066999734147,0,0,0,0,3
2022.acl-long.400,2022,W4285218396,A5034486773,A5102447937,3,2,1,1,1,1,5.2040066870767951,2.2335922215070942,12.659400503765296,0,0,0,0,3
2022.acl-long.405,2022,W4285132990,A5047854433,A5057508424,8,1,1,1,1,1,7.4888529557334591,2.7880929087757464,13.013095236915486,0,0,0,0,3
2022.acl-long.406,2022,W4226139377,A5100604107,A5101077254,3,1,1,1,1,1,4.3040650932041702,2.159484249353373,14.549840467971809,0,0,0,0,3
2022.acl-long.409,2022,W4221155604,A5065768434,A5104035860,5,2,1,1,1,1,5.6629604801359461,2.6246685921631592,11.080849405435773,0,0,0,0,3
2022.acl-long.410,2022,W4226325987,A5060938232,A5045807606,3,2,1,1,1,1,8.1892445257359014,3.4965075614664798,13.813706932409149,0,0,0,0,3
2022.acl-long.412,2022,W4221165884,A5079179203,A5045521125,4,2,1,1,1,1,6.3851943989977258,2.6912430827858289,13.759152882271476,0,0,0,0,3
2022.acl-long.414,2022,W4221155629,A5049123048,A5042018181,4,2,0.80000000000000004,1,1,1,9.1806025537122284,4.4455881161636261,13.505326538328196,0,0,0,0,3
2022.acl-long.416,2022,W3182778088,A5052315546,A5045872048,3,1,1,1,1,1,7.8469809821387884,3.4657359027997265,13.415863989276309,0,1,0,1,3
2022.acl-long.42,2022,W4225117647,A5100562854,A5014662947,6,5,1,1,1,1,9.2311229111587121,4.0042982815373174,15.643658206866634,0,0,0,0,3
2022.acl-long.420,2022,W3206324399,A5100757073,A5014662947,4,2,1,1,1,1,9.2311229111587121,3.951243718581428,14.53418951111645,0,0,0,0,3
2022.acl-long.424,2022,W3205067433,A5086583247,A5086000078,4,4,1,1,1,1,9.1096356678545511,4.1026433650367959,14.707782330292885,0,1,0,1,3
2022.acl-long.427,2022,W3175898847,A5077329331,A5014662947,10,3,0.90909090909090917,1,1,1,9.2311229111587121,4.0163830207523885,13.549963032292638,0,1,0,1,3
2022.acl-long.43,2022,W4285176401,A5100431149,A5056639842,7,2,1,1,1,1,7.9370174895154539,4.0823683711753853,13.933343370159562,0,0,0,0,3
2022.acl-long.435,2022,W3154311556,A5012722031,A5082874907,17,7,1,1,1,1,8.9853200606491122,3.432087868681494,13.15594901251696,0,0,0,0,3
2022.acl-long.436,2022,W4285177871,A5064527453,A5074368173,6,1,1,1,1,1,7.5443321080536876,2.9087208965643612,14.240479555940578,0,0,0,0,3
2022.acl-long.437,2022,W4285309568,A5059855396,A5039617569,2,1,1,1,1,1,7.0732697174597101,3.5695326964813701,11.285447533788464,0,0,0,0,3
2022.acl-long.439,2022,W3200787399,A5067607594,A5100421963,4,1,1,1,1,1,6.90975328164481,3.1354942159291497,13.793266994004638,0,0,0,0,3
2022.acl-long.441,2022,W4285306620,A5010483978,A5029671916,7,4,1,1,1,1,7.1260872732991247,3.1957534074473464,13.917175051740422,0,0,0,0,3
2022.acl-long.442,2022,W4226206763,A5059330983,A5022151811,2,3,0.40000000000000002,1,1,1,5.6312117818213654,2.2512917986064958,14.353725836956039,1,1,0,1,3
2022.acl-long.444,2022,W4285138628,A5102325476,A5019539533,5,6,1,1,1,1,8.6161331392711418,4.1463043011528118,14.424356141308309,0,0,0,0,3
2022.acl-long.446,2022,W4285135530,A5054581139,A5024437840,3,3,1,1,1,1,8.1749845329430872,4.0073331852324712,14.703094360649979,0,0,0,0,3
2022.acl-long.45,2022,W4285194330,A5002225429,A5107931474,6,2,1,1,1,1,6.9679092018018842,2.9087208965643612,12.114066999734147,1,0,0,1,3
2022.acl-long.450,2022,W4285110265,A5012125124,A5031455263,3,3,1,1,1,1,6.6359465556866466,4.0887735171726449,14.075306912787569,0,0,0,0,3
2022.acl-long.451,2022,W4285304834,A5113047111,A5090095198,3,2,1,1,1,1,5.730099782973574,3.3081069585961438,14.073519196604565,0,0,0,0,3
2022.acl-long.453,2022,W4221155449,A5003730904,A5075585231,5,1,1,1,1,1,7.5657932824285146,2.2617630984737902,12.50110885986895,0,0,0,0,3
2022.acl-long.459,2022,W4285116762,A5039440984,A5100405086,3,2,1,1,1,1,8.2308435641982349,4.0488821881453436,13.793266994004638,0,0,0,0,3
2022.acl-long.460,2022,W4285228700,A5109556837,A5036738038,3,1,1,1,1,1,6.1882641230825897,3.3202283191284883,12.254453202012304,0,1,0,1,3
2022.acl-long.466,2022,W4221159406,A5101655811,A5102006926,7,4,1,1,1,1,8.2819770588677581,3.4200658659665382,14.549840467971809,1,0,0,1,3
2022.acl-long.468,2022,W3195296860,A5052188338,A5010354377,2,1,1,1,1,1,5.602118820879701,3.1780538303479458,13.296103216366909,0,0,0,0,3
2022.acl-long.472,2022,W4285189120,A5078880407,A5032104368,2,1,1,1,1,1,7.9002660367677011,3.6506582412937383,12.332925536526098,0,0,0,0,3
2022.acl-long.474,2022,W4285263646,A5103202493,A5101906756,3,2,1,1,1,1,6.2166061010848646,2.7725887222397811,14.53418951111645,0,0,0,0,3
2022.acl-long.477,2022,W4285112556,A5003491628,A5010341007,2,1,1,1,1,1,6.2065759267249279,3.5115454388310208,13.418369211037028,0,0,0,0,3
2022.acl-long.478,2022,W4285306574,A5070234227,A5070442264,8,3,1,1,1,1,6.5581978028122689,2.7163490039169051,14.15224775947919,0,0,0,0,3
2022.acl-long.48,2022,W4285120549,A5100381159,A5004305684,3,2,1,1,1,1,6.1420374055873559,2.8903717578961645,13.798573939737718,0,0,0,0,3
2022.acl-long.480,2022,W4285131748,A5005069060,A5059860471,3,2,1,1,1,1,5.6454468976432377,1.791759469228055,12.409499085891577,0,0,0,0,3
2022.acl-long.484,2022,W4285119699,A5014322854,A5083712311,4,3,1,1,1,1,7.2647301779298674,4.3174881135363101,12.705683619528568,0,0,0,0,3
2022.acl-long.485,2022,W4285202066,A5074508950,A5021827617,3,2,1,1,1,1,9.2556005033810465,3.93834031374552,14.791096463624436,0,0,0,0,3
2022.acl-long.486,2022,W4221163209,A5078940234,A5101693712,5,4,1,1,1,1,8.922791623969637,4.2341065045972597,15.643658206866634,0,0,0,0,3
2022.acl-long.487,2022,W4221152019,A5104668677,A5062666378,3,2,1,1,1,1,6.3368257311464413,2.9789251552376097,14.707782330292885,0,0,0,0,3
2022.acl-long.489,2022,W4224299101,A5020456783,A5014662947,7,2,1,1,1,1,9.2311229111587121,3.7744016275520975,14.549840467971809,0,0,0,0,3
2022.acl-long.49,2022,W4285139078,A5112004562,A5112004562,1,1,1,1,1,1,1.791759469228055,1.6094379124341005,12.290340261848741,0,1,0,1,3
2022.acl-long.493,2022,W4223609000,A5100746635,A5100333391,12,2,0.92307692307692324,1,1,1,8.5872787989829256,3.1918471524802814,13.178015657594203,0,0,0,0,3
2022.acl-long.494,2022,W4226059544,A5054877470,A5089586983,2,1,0.40000000000000002,1,1,1,7.1252830915107124,3.9982007016691994,13.798573939737718,0,0,0,0,3
2022.acl-long.495,2022,W4224049561,A5100334649,A5101595501,5,2,1,1,1,1,8.6784613390123599,3.8110970868381857,13.61563177108196,0,0,0,0,3
2022.acl-long.496,2022,W4226366719,A5006626017,A5066940046,4,1,1,1,1,1,6.1377270540862341,3.3843902633457743,12.53294538260686,0,0,0,0,3
2022.acl-long.497,2022,W3215867835,A5025128323,A5087920747,3,1,1,1,1,1,7.4483338608974758,4.2389257910332079,11.875608325182951,0,0,0,0,3
2022.acl-long.499,2022,W4221166942,A5060364305,A5017205177,6,2,1,1,1,1,9.3469669695080082,4.1743872698956368,14.428655738355454,0,0,0,0,3
2022.acl-long.5,2022,W4285199586,A5052873276,A5089404640,6,3,1,1,1,1,9.8866465353401018,4.4620693423474185,14.326056142522946,0,0,0,0,3
2022.acl-long.50,2022,W4285229778,A5041011296,A5100440407,3,1,0.75,1,1,1,8.922791623969637,4.4543472962535073,13.172221542486271,1,1,0,1,3
2022.acl-long.504,2022,W4226089239,A5044999802,A5064113904,2,1,1,1,1,1,4.962844630259907,3.1135153092103742,14.02141028545064,0,1,0,1,3
2022.acl-long.505,2022,W3204971501,A5044999802,A5064113904,3,2,1,1,1,1,7.3310603052186316,3.5553480614894131,14.02141028545064,0,1,0,1,3
2022.acl-long.507,2022,W4285182272,A5028411499,A5055415493,5,0,1,0,1,0,6.0354814325247563,2.3025850929940459,,0,0,0,0,3
2022.acl-long.511,2022,W4226065433,A5017841805,A5089085275,2,1,1,1,1,1,7.1155821261844538,3.4339872044851463,13.327852807728853,0,0,0,0,3
2022.acl-long.515,2022,W3204042549,A5079854850,A5088517824,8,4,1,1,1,1,8.84980082722101,3.8286413964890951,14.59970566600443,0,0,0,0,3
2022.acl-long.519,2022,W4285216319,A5090710984,A5081307846,5,2,1,1,1,1,7.6568100914803781,3.6532522764707851,14.703094360649979,0,0,0,0,3
2022.acl-long.520,2022,W4221140274,A5068966445,A5078390032,2,1,1,1,1,1,7.4645098346365266,3.3141860046725258,13.660287303134044,0,1,0,1,3
2022.acl-long.522,2022,W4285298091,A5102485287,A5101906756,4,1,1,1,1,1,6.2166061010848646,2.5649493574615367,14.53418951111645,0,0,0,0,3
2022.acl-long.525,2022,W4285305556,A5060878546,A5100737217,2,1,1,1,1,1,6.2166061010848646,2.8903717578961645,14.428655738355454,0,0,0,0,3
2022.acl-long.526,2022,W4285206744,A5032780546,A5017159143,7,0,1,0,1,0,6.9679092018018842,3.2015843277581402,,0,0,0,0,3
2022.acl-long.528,2022,W4285115391,A5103953550,A5075806509,4,4,1,1,1,1,9.6027877830030448,4.6249728132842707,15.643658206866634,0,0,0,0,3
2022.acl-long.532,2022,W4285307126,A5083392159,A5088832285,3,1,1,1,1,1,6.9392539460415081,3.0285220963769821,10.536486560259796,0,0,0,0,3
2022.acl-long.534,2022,W4226020328,A5038186072,A5101873754,3,2,1,1,1,1,8.5377798250246251,3.6971782569286313,13.765175751448847,1,1,0,1,3
2022.acl-long.535,2022,W4226161978,A5102450070,A5029568096,2,1,1,1,1,1,7.754481547470383,3.8177123259569048,14.549840467971809,0,1,0,1,3
2022.acl-long.537,2022,W4285228157,A5010937599,A5020347604,2,1,1,1,1,1,6.2841341610708019,3.4011973816621555,11.007236625309391,0,1,0,1,3
2022.acl-long.538,2022,W4223913581,A5016978672,A5004398345,4,2,1,1,1,1,6.3733197895770122,2.5839975524322312,14.075306912787569,0,0,0,0,3
2022.acl-long.545,2022,W4281806233,A5001799661,A5024821632,3,1,1,1,1,1,7.2916562091744606,3.3322045101752038,13.78487710849619,0,1,0,1,3
2022.acl-long.546,2022,W4224083781,A5101086828,A5069394608,6,4,1,1,1,1,7.5678626054638816,3.4863551900024623,15.643658206866634,0,0,0,0,3
2022.acl-long.549,2022,W4221153221,A5065126806,A5079260216,5,1,1,1,1,1,8.6152269316876033,4.0073331852324712,14.488052909550296,1,0,0,1,3
2022.acl-long.55,2022,W4285290744,A5089455757,A5100460272,5,1,1,1,1,1,7.9807078208696689,3.6888794541139358,13.61563177108196,0,0,0,0,3
2022.acl-long.550,2022,W4224243241,A5066499031,A5074103823,5,4,1,1,1,1,10.10368995654877,4.8659948042699899,14.330310672965672,0,1,0,1,3
2022.acl-long.551,2022,W4221153690,A5005898634,A5025255782,3,1,1,1,1,1,9.5424459457298862,4.5643481914678361,14.791096463624436,0,1,0,1,3
2022.acl-long.552,2022,W4221151629,A5029041038,A5100757495,4,2,1,1,1,1,7.6073814256397911,3.8122026701459353,11.121348469022232,0,0,0,0,3
2022.acl-long.554,2022,W4285298148,A5080115221,A5107835063,2,1,1,1,1,1,7.6572827929781901,3.9219733362813134,13.117463392060136,0,1,0,1,3
2022.acl-long.558,2022,W4225116116,A5100377278,A5025832925,7,1,1,1,1,1,7.5522372875608017,3.784189633918261,12.762104877334243,1,0,0,1,3
2022.acl-long.56,2022,W4285208374,A5102100621,A5004305684,3,2,1,1,1,1,7.0621916322865559,3.4965075614664798,8.4654787557295581,0,0,0,0,3
2022.acl-long.560,2022,W4221146793,A5020137323,A5070440165,4,1,1,1,1,1,6.313548046277095,2.6567569067146595,11.875608325182951,0,1,0,1,3
2022.acl-long.562,2022,W4285247267,A5021313143,A5040337525,5,2,1,1,1,1,6.6280413761795334,2.8678989020441064,14.488052909550296,0,0,0,0,3
2022.acl-long.564,2022,W4226332109,A5075486968,A5101884287,5,2,1,1,1,1,9.0819386571716585,4.8843159274175862,14.488052909550296,0,1,0,1,3
2022.acl-long.566,2022,W4285143611,A5054388208,A5004770347,12,1,1,1,1,1,6.6871086078665147,3.0040310763686859,11.822048527750573,0,0,0,0,3
2022.acl-long.569,2022,W4285287005,A5029563909,A5088517824,3,0,1,0,1,0,8.84980082722101,4.0193815237486454,,0,0,0,0,3
2022.acl-long.57,2022,W4221145220,A5051696916,A5030248499,4,2,1,1,1,1,8.044947049617722,3.7196511127806899,14.287414255935596,0,0,0,0,3
2022.acl-long.572,2022,W4285121299,A5101425152,A5068978543,3,1,1,1,1,1,6.932447891572509,2.9087208965643612,13.592749433515587,0,0,0,0,3
2022.acl-long.574,2022,W4285223185,A5013038150,A5077976343,4,6,1,1,1,1,7.1300985101255776,3.4965075614664798,14.040287175100326,0,0,0,0,3
2022.acl-long.576,2022,W3198571508,A5012938939,A5058504936,4,3,1,1,1,1,9.9064830615159263,4.6151205168412597,14.707782330292885,0,0,0,0,3
2022.acl-long.58,2022,W4221150602,A5014352202,A5101603360,2,1,1,1,1,1,6.9791452750688103,3.0204248861443626,14.531424595598128,0,0,0,0,3
2022.acl-long.580,2022,W4226312351,A5054413049,A5040508737,14,4,0.82352941176470584,1,1,1,8.9453326165632738,3.8771357464277054,14.703094360649979,0,1,0,1,3
2022.acl-long.581,2022,W3152884768,A5020456783,A5014662947,6,2,1,1,1,1,9.2311229111587121,3.9796816539019608,14.549840467971809,0,0,0,0,3
2022.acl-long.582,2022,W3153116717,A5074592418,A5016184654,7,4,1,1,1,1,6.5680779114119758,2.8662742063171041,14.175112514020498,0,0,0,0,3
2022.acl-long.584,2022,W4285293601,A5028493599,A5001237595,3,0,1,0,1,0,4.6051701859880918,2.2335922215070942,,0,0,0,0,3
2022.acl-long.587,2022,W4285178525,A5006834679,A5021005752,5,1,1,1,1,1,5.0369526024136295,2.379546134130174,12.2581953458655,0,0,0,0,3
2022.acl-long.588,2022,W4285234636,A5017368627,A5083355429,2,1,1,1,1,1,3.7612001156935615,1.6094379124341005,11.727609333862649,0,0,0,0,3
2022.acl-long.590,2022,W3128729103,A5089966738,A5021496039,3,2,1,1,1,1,4.8202815656050371,2.367123614131617,12.637098282163612,0,0,0,0,3
2022.acl-long.592,2022,W3194325860,A5101850838,A5050303775,5,3,1,1,1,1,8.9826866651840866,4.0638853547373923,14.707782330292885,0,1,0,1,3
2022.acl-long.594,2022,W4221153734,A5101409785,A5083849173,4,2,1,1,1,1,7.8781553365033243,3.8286413964890951,14.53418951111645,1,1,0,1,3
2022.acl-long.602,2022,W4221159599,A5100620045,A5048818669,4,2,1,1,1,1,6.0473721790462776,2.5257286443082561,13.282004670475065,0,1,0,1,3
2022.acl-long.63,2022,W4285295138,A5112895996,A5100419998,4,1,1,1,1,1,8.3682290382762794,3.9170105469391849,14.53418951111645,0,0,0,0,3
2022.acl-long.65,2022,W4285297805,A5100567767,A5100620306,7,2,1,1,1,1,9.5549933406875898,3.8771357464277054,12.358102506581741,0,1,0,1,3
2022.acl-long.66,2022,W4285105893,A5113750837,A5110285832,13,3,1,1,1,1,7.933438387627489,3.5172695529149096,14.549840467971809,0,0,0,0,3
2022.acl-long.67,2022,W4225794827,A5004615610,A5102759885,8,2,1,1,1,1,8.1730113117249719,3.2288261557213689,11.359774285476052,0,0,0,0,3
2022.acl-long.69,2022,W4281254837,A5048500970,A5032046813,5,1,1,1,1,1,9.0381275493305164,4.2136079830489184,9.6381538837481084,0,1,0,1,3
2022.acl-long.72,2022,W4285192297,A5100428827,A5016943900,3,2,1,1,1,1,10.234157272787346,4.6974454620972619,13.178015657594203,0,1,0,1,3
2022.acl-long.75,2022,W3175870271,A5091264285,A5013135203,2,1,1,1,1,1,6.7031881132408628,3.4812400893356918,13.579905939033557,0,0,0,0,3
2022.acl-long.76,2022,W4285270385,A5100551495,A5100457332,4,2,1,1,1,1,7.5668284792083309,3.8177123259569048,14.53418951111645,0,0,0,0,3
2022.acl-long.77,2022,W4221148719,A5102487773,A5009408707,3,3,1,1,1,1,8.4377169899144402,4.3263377288132929,13.751826072034794,0,1,0,1,3
2022.acl-long.78,2022,W3194951844,A5058829926,A5100331488,9,4,1,1,1,1,8.2625589730106572,3.5710964184575529,14.53418951111645,0,0,0,0,3
2022.acl-long.82,2022,W4285121883,A5058829926,A5100331488,7,3,1,1,1,1,8.2625589730106572,3.337293579682675,14.53418951111645,0,0,0,0,3
2022.acl-long.83,2022,W4285261162,A5070444025,A5070444025,1,0,1,0,1,0,7.5796788230904557,3.8066624897703201,,0,0,0,0,3
2022.acl-long.85,2022,W4285217916,A5057314288,A5001987532,3,2,1,1,1,1,9.0512274003191102,4.3174881135363101,14.073519196604565,0,0,0,0,3
2022.acl-long.86,2022,W4221166993,A5017183605,A5041254552,2,2,0.66666666666666663,1,1,1,5.6903594543240601,2.8332133440562162,14.073519196604565,0,0,0,0,3
2022.acl-long.87,2022,W3181113307,A5075214687,A5051935412,4,1,1,1,1,1,7.4259536570775406,4.0561233494019033,13.282004670475065,0,0,0,0,3
2022.acl-long.90,2022,W4285254025,A5070446496,A5054845773,3,1,1,1,1,1,5.9454206086065753,2.5123056239761148,13.017345025424056,0,0,0,0,3
2022.acl-long.91,2022,W4285123797,A5072529547,A5100457332,3,3,1,1,1,1,7.5668284792083309,3.7054087560651463,14.53418951111645,0,1,0,1,3
2022.acl-long.93,2022,W4283123655,A5046383980,A5057695979,4,4,1,1,1,1,6.9057532763114642,3.3586377672433594,12.021121634750116,0,0,0,0,3
2022.acl-long.97,2022,W4285249824,A5078550327,A5032121234,3,1,1,1,1,1,6.818924065275521,3.2451931331855741,13.415232971369814,0,0,0,0,3
2022.acl-long.98,2022,W4285265643,A5043954721,A5113746899,6,3,1,1,1,1,7.160069207596127,3.4863551900024623,13.808452709846694,0,0,0,0,3
2022.emnlp-main.101,2022,W4385572790,A5067089014,A5051184573,2,4,1,1,1,1,7.6197242137826704,3.5553480614894131,14.073519196604565,0,0,0,0,3
2022.emnlp-main.102,2022,W4311844886,A5009189077,A5071144367,5,4,1,1,1,1,7.8570938649024926,3.7887247890836528,15.387759036799194,0,0,0,0,3
2022.emnlp-main.103,2022,W4385572740,A5100655132,A5077539496,6,3,1,1,1,1,7.4944302150315654,3.5263605246161616,13.178015657594203,0,0,0,0,3
2022.emnlp-main.105,2022,W4385572880,A5012938939,A5044042138,4,2,1,1,1,1,8.6247912020142561,4.1782260462028029,14.707782330292885,1,0,0,1,3
2022.emnlp-main.106,2022,W4385572833,A5047132269,A5100620308,4,4,1,1,1,1,8.3619419061449456,3.970291913552122,15.643658206866634,0,0,0,0,3
2022.emnlp-main.107,2022,W4385572708,A5058973687,A5090294171,7,0,1,0,1,0,8.129174996911793,3.3524072174927237,,0,0,0,0,3
2022.emnlp-main.108,2022,W4385573012,A5101577318,A5014662947,7,3,1,1,1,1,9.2311229111587121,4.1853163404278284,14.157071254955715,0,1,0,1,3
2022.emnlp-main.11,2022,W4385573223,A5114138481,A5082450455,4,1,1,1,1,1,8.0003494953246843,4.1627817237753293,14.531424595598128,0,0,0,0,3
2022.emnlp-main.110,2022,W4385573977,A5074399519,A5074399519,1,0,1,0,1,0,4.5951198501345898,2.5649493574615367,,0,0,0,0,3
2022.emnlp-main.112,2022,W4385572828,A5101952163,A5100442307,6,4,1,1,1,1,7.5948843872165197,3.5553480614894131,15.643658206866634,0,1,0,1,3
2022.emnlp-main.113,2022,W4385572772,A5100959340,A5100758089,6,2,1,1,1,1,7.267525427828172,3.3900240810640301,14.488052909550296,1,0,0,1,3
2022.emnlp-main.114,2022,W4385567239,A5100420428,A5042739835,5,2,1,1,1,1,6.6106960447177592,3.520460802488973,12.53294538260686,0,0,0,0,3
2022.emnlp-main.115,2022,W4385573045,A5074009646,A5046006076,8,1,1,1,1,1,8.9578967349504204,3.6375861597263857,14.791096463624436,0,1,0,1,3
2022.emnlp-main.116,2022,W4385573055,A5100777469,A5089413311,4,4,1,1,1,1,7.8058820402286209,3.9367156180185177,14.791096463624436,1,0,0,1,3
2022.emnlp-main.117,2022,W4385572848,A5038330470,A5018976680,4,2,1,1,1,1,7.5016344578834131,3.6441435602725449,14.531424595598128,0,0,0,0,3
2022.emnlp-main.119,2022,W4385573004,A5018043043,A5017455302,5,2,1,1,1,1,7.2834482287566313,3.5835189384561099,14.424356141308309,0,1,0,1,3
2022.emnlp-main.12,2022,W4385573163,A5102786375,A5021751767,2,2,1,1,1,1,7.237778191923443,3.8501476017100575,13.475902008250827,0,0,0,0,3
2022.emnlp-main.120,2022,W4385567188,A5100751115,A5047351656,3,1,1,1,1,1,6.6644090203504076,3.3672958299864741,12.61969109132804,0,0,1,1,3
2022.emnlp-main.122,2022,W4385573101,A5030529140,A5089586983,4,1,1,1,1,1,7.1252830915107124,3.323235840192444,13.798573939737718,0,0,0,0,3
2022.emnlp-main.123,2022,W4385572698,A5101702141,A5100716372,4,3,1,1,1,1,7.8434564043761155,3.5115454388310208,14.549840467971809,0,0,0,0,3
2022.emnlp-main.125,2022,W4385572808,A5062396463,A5089539629,4,1,1,1,1,1,7.5490827108122858,3.4499875458315872,13.15594901251696,0,0,0,0,3
2022.emnlp-main.129,2022,W4385573025,A5055466746,A5060225743,4,3,1,1,1,1,8.937743936942443,3.9982007016691994,14.59970566600443,0,1,0,1,3
2022.emnlp-main.130,2022,W4385573087,A5088961661,A5013431623,5,1,1,1,1,1,7.0317412587631285,3.6054978451748849,12.716693248280793,0,0,0,0,3
2022.emnlp-main.131,2022,W4385572754,A5033128202,A5019539533,9,4,1,1,1,1,10.122060675335575,4.9581717245605148,14.287414255935596,1,0,0,1,3
2022.emnlp-main.134,2022,W4385572727,A5071250061,A5049837138,3,1,1,1,1,1,6.4952655559370083,3.6018680771243066,11.035325053102616,0,0,0,0,3
2022.emnlp-main.137,2022,W4385572738,A5057314288,A5001987532,4,4,1,1,1,1,9.0512274003191102,4.1705337005796483,14.073519196604565,0,0,0,0,3
2022.emnlp-main.14,2022,W4385572952,A5070907404,A5068811427,2,3,1,1,1,1,8.9853200606491122,4.8202815656050371,14.321668304121276,0,1,0,1,3
2022.emnlp-main.140,2022,W4385567387,A5103827291,A5107835063,5,2,1,1,1,1,7.6572827929781901,3.6532522764707851,13.325630698713749,0,0,0,0,3
2022.emnlp-main.141,2022,W4385573257,A5009980324,A5087088138,3,2,1,1,1,1,8.5566061937730726,3.3081069585961438,14.815221794021051,0,0,0,0,3
2022.emnlp-main.143,2022,W4385573684,A5016426491,A5039468724,5,1,1,1,1,1,7.0192966537150445,2.8903717578961645,13.813706932409149,1,0,0,1,3
2022.emnlp-main.144,2022,W4385572942,A5032948428,A5062910836,3,2,1,1,1,1,7.9554250889126719,3.8358616444625819,14.59970566600443,0,1,0,1,3
2022.emnlp-main.145,2022,W4385573500,A5100403505,A5100331488,7,6,1,1,1,1,8.2625589730106572,3.6817109646353239,14.53418951111645,0,0,0,0,3
2022.emnlp-main.146,2022,W4385574183,A5012381398,A5035142405,3,1,1,1,1,1,7.9229859587111955,3.1354942159291497,13.813706932409149,0,1,0,1,3
2022.emnlp-main.148,2022,W4385572697,A5022309484,A5089413311,10,2,1,1,1,1,8.8215848774309649,3.277144732992177,13.61563177108196,0,0,0,0,3
2022.emnlp-main.149,2022,W4385573021,A5043295774,A5068811427,7,2,1,1,1,1,8.9853200606491122,3.8800899583251369,13.15594901251696,0,1,0,1,3
2022.emnlp-main.15,2022,W4385572722,A5078893115,A5082767919,4,2,1,1,1,1,6.8543545022550214,3.188416617383492,13.325630698713749,0,1,0,1,3
2022.emnlp-main.151,2022,W4385572930,A5003586715,A5076917278,4,3,1,1,1,1,9.3118133409068164,3.4735180432417816,13.007138816059552,1,0,0,1,3
2022.emnlp-main.153,2022,W4385572805,A5070510731,A5050801868,4,1,1,1,1,1,7.6468313914304824,3.6309854756950335,13.938555282182351,0,0,0,0,3
2022.emnlp-main.157,2022,W4385572851,A5092596407,A5001956210,8,1,1,1,1,1,6.3885614055456301,2.474435349920705,12.558056101629653,0,0,0,0,3
2022.emnlp-main.158,2022,W4385574299,A5005967800,A5084091166,5,2,1,1,1,1,5.5606816310155276,2.8213788864092133,13.325630698713749,0,1,0,1,3
2022.emnlp-main.159,2022,W4385573328,A5080674921,A5073309846,5,3,1,1,1,1,6.8875525716646173,3.0633909220278057,14.075306912787569,0,0,0,0,3
2022.emnlp-main.16,2022,W4385573310,A5100747794,A5055469774,7,2,1,1,1,1,9.4086993064677618,4.6235712713589834,12.711503744978858,0,0,0,0,3
2022.emnlp-main.161,2022,W4385573000,A5100396885,A5100396885,1,0,1,0,1,0,7.6444407615565657,4.4543472962535073,,0,1,0,1,3
2022.emnlp-main.162,2022,W4385567238,A5100333729,A5100402911,6,2,1,1,1,1,8.4169307694778439,4.1743872698956368,13.527549780011055,1,0,0,1,3
2022.emnlp-main.166,2022,W4385574141,A5047553416,A5018582154,6,3,1,1,1,1,9.5549933406875898,3.8918202981106265,14.326056142522946,0,0,0,0,3
2022.emnlp-main.167,2022,W4385573091,A5002307731,A5001624616,3,1,1,1,1,1,6.0137151560428022,2.427748235948052,9.2374690393644361,0,0,0,0,3
2022.emnlp-main.169,2022,W4385572969,A5101677227,A5060225743,3,1,1,1,1,1,8.937743936942443,4.1431347263915326,13.15594901251696,0,0,0,0,3
2022.emnlp-main.170,2022,W4385572767,A5102862917,A5075825791,3,1,1,1,1,1,7.6568100914803781,3.957633516680199,14.703094360649979,0,1,0,1,3
2022.emnlp-main.171,2022,W4385574310,A5101210379,A5115430452,5,0,1,0,1,0,6.7334018918373593,3.2809112157876537,,0,1,0,1,3
2022.emnlp-main.172,2022,W4385572815,A5010490370,A5008056593,5,3,1,1,1,1,9.4666091737222207,3.459466289786131,14.353725836956039,0,0,0,0,3
2022.emnlp-main.175,2022,W4385574135,A5051169643,A5045872048,3,2,1,1,1,1,7.8469809821387884,3.4965075614664798,13.62662591113429,0,0,0,0,3
2022.emnlp-main.178,2022,W4385572786,A5108815041,A5101895423,3,2,1,1,1,1,7.1467721794526371,3.8430301339411943,13.883845613137508,0,0,0,0,3
2022.emnlp-main.179,2022,W4385572929,A5039645491,A5069730908,4,0,1,0,1,0,7.3827464497389119,1.3862943611198906,,0,1,0,1,3
2022.emnlp-main.18,2022,W4385572696,A5100618393,A5100644428,6,1,1,1,1,1,9.579210649614792,4.377851263263401,10.64232485901319,0,0,0,0,3
2022.emnlp-main.181,2022,W4385573031,A5101331804,A5085818578,4,4,1,1,1,1,7.99699040583765,3.9796816539019608,13.743447263262951,0,0,0,0,3
2022.emnlp-main.184,2022,W4385572835,A5073687083,A5100574391,7,2,1,1,1,1,7.8659554139335022,3.424727879072349,13.505326538328196,0,0,0,0,3
2022.emnlp-main.185,2022,W4385573654,A5100733697,A5084279065,2,2,1,1,1,1,8.5765935346976843,4.4601444139378339,13.759152882271476,1,0,0,1,3
2022.emnlp-main.187,2022,W4385573657,A5100711201,A5042018181,10,2,1,1,1,1,9.2238487220009766,4.1588830833596724,14.083735308495111,1,0,0,1,3
2022.emnlp-main.188,2022,W4385572972,A5037739393,A5100608341,4,2,1,1,1,1,5.2729995585637468,2.4203681286504293,13.505326538328196,0,1,0,1,3
2022.emnlp-main.189,2022,W4385573154,A5031787810,A5100430611,3,2,1,1,1,1,8.0614868668713271,3.4011973816621555,14.53418951111645,0,0,0,0,3
2022.emnlp-main.191,2022,W4385572893,A5049134021,A5072537055,6,1,1,1,1,1,5.5134287461649834,2.367123614131617,14.549840467971809,1,0,0,1,3
2022.emnlp-main.194,2022,W4385572978,A5003770159,A5078141810,5,2,1,1,1,1,9.1265238858830724,3.903990833730882,14.157071254955715,0,0,0,0,3
2022.emnlp-main.195,2022,W4385573049,A5070207133,A5051649145,8,7,1,1,1,1,8.7881359398637198,4.3438054218536841,14.428655738355454,0,0,0,0,3
2022.emnlp-main.197,2022,W4385572736,A5107829323,A5044651577,7,3,1,1,1,1,8.9189179799086791,4.0430512678345503,14.707782330292885,0,0,0,0,3
2022.emnlp-main.198,2022,W4226209916,A5052875434,A5038965115,6,0,1,0,1,0,8.9578967349504204,3.0602707946915619,,0,0,0,0,3
2022.emnlp-main.199,2022,W4385572797,A5067972035,A5090455375,7,1,1,1,1,1,7.4193805829186923,3.424727879072349,14.083735308495111,1,1,0,1,3
2022.emnlp-main.2,2022,W4385574047,A5016924921,A5044042138,9,4,1,1,1,1,8.6247912020142561,3.4517496608249867,14.707782330292885,0,0,0,0,3
2022.emnlp-main.200,2022,W4385572878,A5101862227,A5014238603,2,2,1,1,1,1,7.0361484937505363,3.4657359027997265,13.883845613137508,0,0,0,0,3
2022.emnlp-main.201,2022,W4385573249,A5103202493,A5101906756,3,2,1,1,1,1,6.2166061010848646,2.8903717578961645,14.53418951111645,0,0,0,0,3
2022.emnlp-main.202,2022,W4385573177,A5027223167,A5100683469,6,2,1,1,1,1,8.3772412309887923,4.3545697884408421,12.779873068457553,0,0,0,0,3
2022.emnlp-main.203,2022,W4385573019,A5085999236,A5060116992,5,2,1,1,1,1,8.9385316486806925,4.0465538983857519,13.505326538328196,0,0,0,0,3
2022.emnlp-main.204,2022,W4385573168,A5100446064,A5102006926,6,3,1,1,1,1,9.0613762188362248,4.5432947822700038,12.380462831997848,1,0,0,1,3
2022.emnlp-main.205,2022,W4385572802,A5059337634,A5015070080,13,2,0.9285714285714286,1,1,1,6.6147256002037604,2.7482566215802504,13.261603444495831,0,0,0,0,3
2022.emnlp-main.207,2022,W4385573097,A5100337987,A5088526794,7,2,1,1,1,1,9.0865895645400077,4.0253516907351496,13.013095236915486,0,0,0,0,3
2022.emnlp-main.209,2022,W4385573062,A5010270301,A5056953478,3,1,1,1,1,1,8.1699026473591445,4.0661736852554045,14.428655738355454,0,1,0,1,3
2022.emnlp-main.21,2022,W4385573113,A5104104333,A5048237545,7,4,1,1,1,1,8.8931608287353789,4.1038233061766443,14.157071254955715,0,0,0,0,3
2022.emnlp-main.210,2022,W4385573046,A5103968620,A5049100391,4,2,1,1,1,1,7.4821189235521155,2.9575110607337933,14.549840467971809,1,0,0,1,3
2022.emnlp-main.211,2022,W4385573058,A5082388465,A5024900991,9,4,1,1,1,1,8.6222736678667449,3.2834143460057721,15.643658206866634,0,0,0,0,3
2022.emnlp-main.212,2022,W4385572874,A5062756668,A5100351304,5,2,1,1,1,1,6.8865316425305103,2.9652730660692823,12.875121786706062,0,1,0,1,3
2022.emnlp-main.213,2022,W4385573218,A5112562098,A5073166534,4,1,1,1,1,1,7.1252830915107124,3.0910424533583161,14.428655738355454,0,0,0,0,3
2022.emnlp-main.216,2022,W4385572886,A5100353780,A5091221734,7,2,1,1,1,1,8.1101268019410995,3.8501476017100575,13.544781304325152,0,0,0,0,3
2022.emnlp-main.217,2022,W4385572739,A5100374101,A5050532724,5,1,1,1,1,1,7.638679823876112,3.1612467120315646,13.549963032292638,0,1,0,1,3
2022.emnlp-main.219,2022,W4385573132,A5101861496,A5017671620,3,1,1,1,1,1,8.3126260256749624,3.6971782569286313,13.883845613137508,0,0,0,0,3
2022.emnlp-main.22,2022,W4385573042,A5101748270,A5024040521,4,1,1,1,1,1,7.9116905207083388,3.4735180432417816,11.285447533788464,0,1,0,1,3
2022.emnlp-main.220,2022,W4385573114,A5100374101,A5032690182,5,3,1,1,1,1,8.6939995675220825,4.2959239356204701,14.326056142522946,0,0,0,0,3
2022.emnlp-main.222,2022,W4385573003,A5006031253,A5085608858,9,3,1,1,1,1,8.6862606325317753,3.6635616461296463,13.15594901251696,0,0,0,0,3
2022.emnlp-main.223,2022,W4385573040,A5101776258,A5050532724,2,2,1,1,1,1,7.638679823876112,3.4657359027997265,13.549963032292638,0,1,0,1,3
2022.emnlp-main.227,2022,W4385572779,A5100337987,A5088526794,7,3,1,1,1,1,8.6438258423496031,4.0579769180512262,13.013095236915486,0,0,0,0,3
2022.emnlp-main.228,2022,W4385572796,A5072860546,A5058212934,3,1,1,1,1,1,6.9196838498474111,2.2335922215070942,14.321668304121276,0,0,0,0,3
2022.emnlp-main.229,2022,W4385572752,A5103130791,A5015133105,4,1,1,1,1,1,7.0698741284585722,3.4339872044851463,13.813706932409149,0,0,0,0,3
2022.emnlp-main.230,2022,W4385573129,A5006993317,A5000874697,3,1,1,1,1,1,8.4377169899144402,4.5181588089984617,13.751826072034794,0,0,0,0,3
2022.emnlp-main.231,2022,W4385572707,A5076446804,A5023818002,5,3,1,1,1,1,10.170992427549091,3.7037680666076871,14.59970566600443,0,0,0,0,3
2022.emnlp-main.233,2022,W4385573174,A5088311840,A5067919401,2,1,1,1,1,1,10.170992427549091,4.1666652238017274,14.59970566600443,0,1,0,1,3
2022.emnlp-main.234,2022,W4385572950,A5088311840,A5067919401,3,1,1,1,1,1,10.170992427549091,3.912023005428146,14.59970566600443,0,1,0,1,3
2022.emnlp-main.236,2022,W4385572849,A5101773557,A5100425973,4,1,1,1,1,1,5.5872486584002496,1.5040773967762742,13.765175751448847,0,0,0,0,3
2022.emnlp-main.24,2022,W4385573144,A5101959000,A5037942269,2,1,1,1,1,1,8.1701856528796419,4.6491870714048655,13.84574388994103,0,0,0,0,3
2022.emnlp-main.240,2022,W4385573155,A5100400133,A5100355692,6,5,1,1,1,1,10.122060675335575,5.3581573669040541,14.707782330292885,0,0,0,0,3
2022.emnlp-main.241,2022,W4385573001,A5100434296,A5036786337,5,1,1,1,1,1,7.8659554139335022,3.858622228701031,13.505326538328196,0,1,0,1,3
2022.emnlp-main.244,2022,W4385573406,A5067175482,A5100620306,6,2,1,1,1,1,9.5549933406875898,4.4387219783504266,12.551748824200402,0,0,0,0,3
2022.emnlp-main.245,2022,W4385572757,A5058308999,A5088834359,4,1,1,1,1,1,9.2238487220009766,4.1820501426412067,14.083735308495111,0,0,0,0,3
2022.emnlp-main.247,2022,W4385573159,A5055236060,A5113515054,3,0,1,0,1,0,5.9738096118692612,3.1060803307228562,,0,0,0,0,3
2022.emnlp-main.249,2022,W4385573057,A5000168915,A5067919401,6,4,0.8571428571428571,1,1,1,10.170992427549091,4.0163830207523885,14.59970566600443,0,0,0,0,3
2022.emnlp-main.250,2022,W4385574394,A5065087895,A5100767232,3,1,1,1,1,1,7.0621916322865559,3.2054528045360602,13.793266994004638,0,0,0,0,3
2022.emnlp-main.253,2022,W4385894658,A5007593199,A5007593199,1,1,0.5,1,1,1,3.6888794541139358,1.791759469228055,12.897295475715049,0,0,0,0,3
2022.emnlp-main.254,2022,W4385572838,A5007900487,A5063813962,4,2,1,1,1,1,7.580189417944541,4.1108738641733114,13.117463392060136,0,0,0,0,3
2022.emnlp-main.257,2022,W4385572933,A5100403332,A5111863979,4,2,1,1,1,1,7.5153445711804361,3.3843902633457743,14.549840467971809,0,0,0,0,3
2022.emnlp-main.258,2022,W4385572973,A5108048911,A5050532724,3,1,1,1,1,1,7.638679823876112,3.3202283191284883,13.549963032292638,0,0,0,0,3
2022.emnlp-main.259,2022,W4385573069,A5058308999,A5044665993,6,2,1,1,1,1,9.2238487220009766,3.881563797943437,14.083735308495111,0,0,0,0,3
2022.emnlp-main.26,2022,W4385572894,A5061547469,A5075033889,6,2,1,1,1,1,7.5806997522245627,3.2708355637989119,13.849428776167734,0,0,0,0,3
2022.emnlp-main.261,2022,W4385573203,A5043086504,A5041689299,3,2,1,1,1,1,8.5229764361719642,4.1743872698956368,14.791096463624436,0,1,0,1,3
2022.emnlp-main.262,2022,W4385573196,A5102892146,A5046006076,3,1,1,1,1,1,8.9578967349504204,3.4122472178487402,14.791096463624436,0,0,0,0,3
2022.emnlp-main.264,2022,W4385574098,A5101086106,A5075825791,5,2,1,1,1,1,7.6568100914803781,3.0819099697950434,14.703094360649979,0,0,0,0,3
2022.emnlp-main.265,2022,W4385573176,A5100384100,A5038267072,8,2,1,1,1,1,7.0647590277918022,3.5800406740797852,14.424356141308309,0,0,0,0,3
2022.emnlp-main.266,2022,W4385572837,A5100665863,A5040404999,5,3,1,1,1,1,8.0462291010753777,4.2513483110317658,13.759152882271476,0,0,0,0,3
2022.emnlp-main.267,2022,W4385573018,A5100330223,A5015128745,8,5,1,1,1,1,9.6019093748922355,4.1047073492576471,14.703094360649979,0,0,0,0,3
2022.emnlp-main.270,2022,W4385573094,A5110999110,A5000755750,6,4,1,1,1,1,8.8165567686418562,4.5556297404279551,12.625023083140333,0,0,0,0,3
2022.emnlp-main.271,2022,W4385573658,A5085499471,A5069455483,5,3,1,1,1,1,7.3808790355641163,3.7932394694381792,14.353725836956039,0,0,0,0,3
2022.emnlp-main.272,2022,W4385573089,A5075136607,A5100418684,4,3,1,1,1,1,8.6204715408697385,4.0208774103402281,14.002494561972473,0,0,0,0,3
2022.emnlp-main.273,2022,W4385572899,A5102543286,A5047856952,8,2,1,1,1,1,8.4244197912638832,3.5373295559867355,14.549840467971809,0,1,0,1,3
2022.emnlp-main.275,2022,W4385572918,A5050969774,A5088834359,4,1,1,1,1,1,9.0464086802938208,4.3107991253855138,14.083735308495111,0,0,0,0,3
2022.emnlp-main.276,2022,W4385573117,A5100423435,A5100375792,4,2,1,1,1,1,8.4658998970286863,4.7578912730057557,14.707782330292885,0,0,0,0,3
2022.emnlp-main.278,2022,W4385573095,A5100455676,A5100442128,6,4,1,1,1,1,9.5549933406875898,3.9153507955208209,13.505326538328196,0,0,0,0,3
2022.emnlp-main.279,2022,W4221165032,A5074310887,A5083822059,8,0,1,0,1,0,7.1701195434496281,3.1935580168839111,,1,1,0,1,3
2022.emnlp-main.28,2022,W4385567249,A5025313092,A5055023881,3,0,1,0,1,0,6.804614520062624,3.6287755300442308,,0,0,0,0,3
2022.emnlp-main.280,2022,W4385572799,A5058873046,A5073287748,5,2,1,1,1,1,7.6957579905547613,2.5802168295923251,13.007138816059552,0,0,0,0,3
2022.emnlp-main.282,2022,W4385573124,A5103325836,A5100768896,3,1,1,1,1,1,8.7996616968151304,4.2292638801214713,14.707782330292885,0,0,0,0,3
2022.emnlp-main.283,2022,W4385573109,A5052841487,A5088832285,4,3,1,1,1,1,6.9392539460415081,2.8763855159214247,13.877490496218435,0,0,0,0,3
2022.emnlp-main.284,2022,W4385572987,A5112974337,A5051693368,3,2,1,1,1,1,7.2011708832816783,3.4446824936018943,11.192472236187903,0,0,0,0,3
2022.emnlp-main.285,2022,W4385572958,A5030211209,A5052875434,3,1,1,1,1,1,4.8675344504555822,2.3978952727983707,11.859135845861076,0,1,0,1,3
2022.emnlp-main.286,2022,W4385573405,A5001383866,A5115694806,7,2,1,1,1,1,8.0050333446371109,3.3916279306460049,13.928252464007135,0,1,0,1,3
2022.emnlp-main.287,2022,W4385573133,A5100328389,A5046305086,6,4,1,1,1,1,9.6983067015960902,3.9858928539946015,14.157071254955715,0,0,0,0,3
2022.emnlp-main.289,2022,W4385567203,A5100752256,A5101810352,3,2,0.75,1,1,1,5.6383546693337454,2.367123614131617,15.643658206866634,0,0,0,0,3
2022.emnlp-main.29,2022,W4385572990,A5020127239,A5015133105,3,1,1,1,1,1,7.0698741284585722,3.9252682321781664,13.813706932409149,0,0,0,0,3
2022.emnlp-main.290,2022,W4385573123,A5088355901,A5008944385,4,2,1,1,1,1,6.1136821798322316,3.157000421150113,9.2918281888224499,0,1,0,1,3
2022.emnlp-main.291,2022,W4385573220,A5051330364,A5042251906,4,2,1,1,1,1,8.5293193712140773,3.7256934272366529,13.84574388994103,0,0,0,0,3
2022.emnlp-main.292,2022,W4385573143,A5089212858,A5042260065,4,1,1,1,1,1,5.0434251169192468,2.2512917986064958,12.727200023541412,0,0,0,0,3
2022.emnlp-main.293,2022,W4385572862,A5102164378,A5051064208,3,1,1,1,1,1,10.083681848313908,3.5457786104732629,13.636046514587294,0,0,0,0,3
2022.emnlp-main.294,2022,W4385572733,A5055111969,A5100670646,7,3,1,1,1,1,7.5668284792083309,3.2015843277581402,14.53418951111645,0,0,0,0,3
2022.emnlp-main.295,2022,W4385572944,A5058762520,A5016448581,8,5,1,1,1,1,8.5987731784086598,4.3804629126976993,14.488052909550296,0,0,0,0,3
2022.emnlp-main.297,2022,W4385572885,A5101717726,A5112501010,5,1,1,1,1,1,7.381501894506707,3.6888794541139358,13.304181474150209,0,0,0,0,3
2022.emnlp-main.298,2022,W4385572824,A5088658365,A5008875255,44,22,0.97777777777777763,1,1,1,8.9853200606491122,2.9808493428622804,14.924172182485384,0,0,0,0,3
2022.emnlp-main.30,2022,W4385573732,A5020127239,A5070892989,4,4,1,1,1,1,6.8638033914529544,3.218875824868201,13.813706932409149,0,0,0,0,3
2022.emnlp-main.300,2022,W4385573120,A5036524439,A5090038537,7,3,1,1,1,1,8.784468454090355,3.3473946756691797,13.62662591113429,0,0,0,0,3
2022.emnlp-main.301,2022,W4225689465,A5086090438,A5083735830,3,0,0.75,0,1,0,6.8145428972599582,3.5927355935610339,,0,0,0,0,3
2022.emnlp-main.304,2022,W4385573149,A5100886438,A5030248499,8,4,1,1,1,1,10.122060675335575,4.9362708788073935,14.287414255935596,0,0,0,0,3
2022.emnlp-main.305,2022,W4385573092,A5102231254,A5082767919,4,2,1,1,1,1,6.8543545022550214,3.1135153092103742,13.117463392060136,0,0,0,0,3
2022.emnlp-main.306,2022,W4385572898,A5100886438,A5030248499,8,4,1,1,1,1,10.122060675335575,4.9371681422143832,14.287414255935596,0,0,0,0,3
2022.emnlp-main.307,2022,W4385573027,A5101242450,A5103178893,2,2,1,1,1,1,7.3588308983423536,3.157000421150113,13.759152882271476,0,0,0,0,3
2022.emnlp-main.31,2022,W4385572773,A5002351083,A5102289165,5,3,1,1,1,1,7.5213179801992398,2.9338568698359042,15.024798312883611,0,0,0,0,3
2022.emnlp-main.310,2022,W4385573525,A5045946026,A5034476404,6,4,1,1,1,1,8.7073175602732125,4.5798523780038014,14.707782330292885,0,1,0,1,3
2022.emnlp-main.311,2022,W4385573081,A5010274969,A5010558184,2,1,1,1,1,1,6.8480052745763631,3.4812400893356918,12.095827999680839,0,0,0,0,3
2022.emnlp-main.315,2022,W4385572913,A5100545206,A5100422486,10,2,1,1,1,1,8.8982289856012269,3.493472657771326,11.198776206303275,0,0,0,0,3
2022.emnlp-main.316,2022,W4385573085,A5053559333,A5041727387,8,2,1,1,1,1,8.7584123894576766,3.801091444720865,14.488052909550296,0,0,0,0,3
2022.emnlp-main.319,2022,W4385573204,A5077532535,A5066242985,9,1,1,1,1,1,7.9113240189633531,3.2054528045360602,13.178015657594203,0,0,0,0,3
2022.emnlp-main.32,2022,W4385573032,A5100339948,A5100461928,6,2,1,1,1,1,6.739336627357174,3.1849742731925192,14.157000897107856,0,0,0,0,3
2022.emnlp-main.323,2022,W4385573108,A5027979115,A5002316432,4,2,0.80000000000000004,1,1,1,7.4656553101340561,2.8033603809065348,14.075306912787569,0,1,0,1,3
2022.emnlp-main.324,2022,W4385572923,A5085667632,A5088410008,5,3,1,1,1,1,8.5179928715868023,3.6054978451748849,13.459616737440626,0,0,0,0,3
2022.emnlp-main.326,2022,W4385572909,A5002654756,A5088517824,8,3,1,1,1,1,9.6019093748922355,4.2818609358931594,14.59970566600443,0,0,0,0,3
2022.emnlp-main.327,2022,W4385573211,A5100742019,A5100350708,7,3,1,1,1,1,9.1735726477839687,4.1271343850450917,14.428655738355454,0,0,0,0,3
2022.emnlp-main.328,2022,W4385572821,A5101043112,A5112503665,4,3,0.80000000000000004,1,1,1,7.1762545320171442,3.0325462466767075,14.353725836956039,0,1,0,1,3
2022.emnlp-main.33,2022,W4385573116,A5101920554,A5082603621,6,2,1,1,1,1,7.4085305668946262,3.3843902633457743,13.15594901251696,0,1,0,1,3
2022.emnlp-main.330,2022,W4385572728,A5100415705,A5100337731,7,1,1,1,1,1,8.0130121103689156,3.7578723256008879,10.64232485901319,0,0,0,0,3
2022.emnlp-main.331,2022,W4385573115,A5030726587,A5008721449,6,3,1,1,1,1,8.7606098475700023,4.1769480907573104,12.095827999680839,0,0,0,0,3
2022.emnlp-main.332,2022,W4385572842,A5101852911,A5042018181,9,3,1,1,1,1,9.1806025537122284,3.6664065982618776,14.354399886287537,1,0,0,1,3
2022.emnlp-main.334,2022,W4385572991,A5074508950,A5021827617,3,2,1,1,1,1,9.2556005033810465,3.93834031374552,14.424356141308309,0,0,0,0,3
2022.emnlp-main.335,2022,W4385573083,A5100740618,A5100320723,7,3,0.875,1,1,1,9.9064830615159263,4.5139943053222211,14.707782330292885,1,1,0,1,3
2022.emnlp-main.337,2022,W4385572866,A5049844853,A5088112892,2,1,1,1,1,1,6.9574973708769514,2.7080502011022101,12.358102506581741,0,0,0,0,3
2022.emnlp-main.34,2022,W4385573212,A5076724147,A5100402911,6,2,1,1,1,1,7.6624678152002366,3.4231762883809305,13.883845613137508,0,1,0,1,3
2022.emnlp-main.340,2022,W4385572845,A5101621485,A5091771176,35,17,1,1,1,1,6.0063531596017325,2.1779932154083319,14.791096463624436,0,0,0,0,3
2022.emnlp-main.341,2022,W4385572692,A5012139138,A5100371229,6,2,1,1,1,1,4.7874917427820458,2.0583881324820035,14.59970566600443,0,0,0,0,3
2022.emnlp-main.342,2022,W4385572907,A5100376483,A5039602194,4,1,1,1,1,1,6.5453496603344199,2.8763855159214247,12.074801553643075,0,1,0,1,3
2022.emnlp-main.343,2022,W4385573259,A5020779586,A5026719663,5,5,1,1,1,1,7.81237820598861,3.4210000089583352,13.883845613137508,0,0,0,0,3
2022.emnlp-main.344,2022,W4385572996,A5100462918,A5076900864,5,2,1,1,1,1,5.6869753563398202,2.5014359517392109,13.795945402469432,1,0,0,1,3
2022.emnlp-main.346,2022,W4385573010,A5101462518,A5101404695,6,3,1,1,1,1,8.3589006124216443,3.6506582412937383,14.924172182485384,0,0,0,0,3
2022.emnlp-main.349,2022,W4385573134,A5052758574,A5077539496,5,2,1,1,1,1,7.4944302150315654,3.5945687746426951,13.178015657594203,0,0,0,0,3
2022.emnlp-main.35,2022,W4385572770,A5044147794,A5000839824,4,2,1,1,1,1,7.4247617618232091,3.597312260588446,12.558056101629653,1,1,0,1,3
2022.emnlp-main.350,2022,W4385572825,A5039847345,A5025118710,9,3,1,1,1,1,8.3518467388282449,3.5065578973199818,14.326056142522946,0,0,0,0,3
2022.emnlp-main.352,2022,W4385572868,A5101870428,A5110766737,3,0,1,0,1,0,4.4426512564903167,2.0794415416798362,,0,1,0,1,3
2022.emnlp-main.355,2022,W4385572998,A5067879712,A5030503109,2,1,1,1,1,1,6.804614520062624,3.597312260588446,14.031734221989311,0,0,0,0,3
2022.emnlp-main.357,2022,W4385573258,A5067879712,A5100386394,8,2,1,1,1,1,8.715880102296456,3.5869851464325961,14.031734221989311,1,0,0,1,3
2022.emnlp-main.360,2022,W4385572860,A5100701816,A5101614266,9,5,1,1,1,1,6.9631899858702377,2.9901612285045358,14.240479555940578,0,0,0,0,3
2022.emnlp-main.361,2022,W4385573165,A5064312570,A5065100828,2,1,1,1,1,1,8.0287811624871477,4.7791234931115296,12.254453202012304,0,0,0,0,3
2022.emnlp-main.362,2022,W4385573030,A5100564453,A5101230934,5,2,1,1,1,1,4.3820266346738812,1.3862943611198906,12.762104877334243,0,0,0,0,3
2022.emnlp-main.365,2022,W4385573043,A5110498606,A5000334344,4,3,1,1,1,1,6.8416154764775916,3.7316994512968646,13.181946515888759,0,0,0,0,3
2022.emnlp-main.366,2022,W4385574346,A5062093284,A5047912015,9,3,1,1,1,1,7.6309465808904591,3.1354942159291497,13.007138816059552,0,0,0,0,3
2022.emnlp-main.367,2022,W4385572795,A5100742769,A5066326238,7,4,1,1,1,1,9.5549933406875898,4.2726899706364154,13.436362108822625,1,0,0,1,3
2022.emnlp-main.368,2022,W4385573063,A5076423724,A5100453144,4,3,0.80000000000000004,1,1,1,8.8913740094846361,5.0039463059454592,14.707782330292885,0,1,0,1,3
2022.emnlp-main.370,2022,W4385573251,A5102905932,A5004882141,4,5,1,1,1,1,8.7584123894576766,4.223177434065069,14.488052909550296,0,0,0,0,3
2022.emnlp-main.372,2022,W4385572856,A5028655969,A5100762412,7,3,0.875,1,1,1,8.5383674266476444,4.3603651378927024,14.428655738355454,0,0,0,0,3
2022.emnlp-main.373,2022,W4385573202,A5100346418,A5100331488,5,2,1,1,1,1,8.2625589730106572,3.8501476017100575,12.53294538260686,0,1,0,1,3
2022.emnlp-main.376,2022,W4385567273,A5040915747,A5015709853,8,5,1,1,1,1,7.824845691026856,3.8149612925850152,14.175112514020498,0,0,0,0,3
2022.emnlp-main.377,2022,W4385573068,A5100632744,A5100343712,2,2,1,1,1,1,8.058960017769417,4.2484952420493594,14.488052909550296,1,1,0,1,3
2022.emnlp-main.378,2022,W4385573997,A5080589950,A5081307846,3,1,1,1,1,1,7.1057861294812712,3.619886582626985,13.660287303134044,0,0,0,0,3
2022.emnlp-main.38,2022,W4385572747,A5009236614,A5047026141,7,4,1,1,1,1,8.5229764361719642,2.9216243014002692,14.441325986613901,0,0,0,0,3
2022.emnlp-main.382,2022,W4385573102,A5034055494,A5051064208,3,1,1,1,1,1,10.083681848313908,3.4552646029324312,13.636046514587294,0,1,0,1,3
2022.emnlp-main.386,2022,W4385573292,A5079620773,A5085652160,4,3,1,1,1,1,7.1196356380176358,3.2676659890376327,12.021121634750116,0,0,0,0,3
2022.emnlp-main.388,2022,W4385572883,A5051741610,A5114910293,7,2,1,1,1,1,9.7189034380879136,4.0405418562291242,13.415232971369814,0,0,0,0,3
2022.emnlp-main.390,2022,W4385573338,A5030361899,A5078595445,4,1,1,1,1,1,5.2574953720277815,1.8718021769015916,13.55883607594112,0,1,0,1,3
2022.emnlp-main.391,2022,W4367841185,A5059582849,A5015857371,4,1,1,1,1,1,7.8879593365999447,3.277144732992177,11.536964205296131,0,0,0,0,3
2022.emnlp-main.393,2022,W4385573971,A5104152402,A5101756071,2,3,1,1,1,1,5.7004435733906869,2.8033603809065348,13.592749433515587,0,0,0,0,3
2022.emnlp-main.394,2022,W4385572812,A5058761162,A5071200777,8,1,1,1,1,1,10.082386592528753,4.1490694619113473,14.707782330292885,0,0,0,0,3
2022.emnlp-main.395,2022,W4385567255,A5019517211,A5021827617,3,1,1,1,1,1,9.2556005033810465,3.7216692769369271,14.424356141308309,0,1,0,1,3
2022.emnlp-main.396,2022,W3111372071,A5015879697,A5032046813,5,2,1,1,1,1,9.0381275493305164,4.2456340097683274,13.15594901251696,0,0,0,0,3
2022.emnlp-main.397,2022,W4385573205,A5021242117,A5027450194,3,3,1,1,1,1,9.5047994287069884,4.4107760479598674,12.2581953458655,0,1,0,1,3
2022.emnlp-main.403,2022,W4385573127,A5103240632,A5075033889,11,5,1,1,1,1,8.937743936942443,3.970291913552122,13.451451273914728,0,0,0,0,3
2022.emnlp-main.404,2022,W4385572801,A5030659562,A5112315093,4,1,1,1,1,1,7.6241305856612893,3.9269116179218968,14.703094360649979,1,0,0,1,3
2022.emnlp-main.405,2022,W4385573320,A5072633418,A5061951606,4,4,1,1,1,1,8.1582299169594936,4.2835865618606288,14.609731278217648,0,0,0,0,3
2022.emnlp-main.408,2022,W4385573994,A5100386682,A5081787254,7,2,1,1,1,1,7.534762657037537,3.4921691598678821,14.261479529994521,0,0,0,0,3
2022.emnlp-main.409,2022,W4385572741,A5100455805,A5034476404,9,2,1,1,1,1,8.5682664616002384,3.9765615265657175,13.751826072034794,0,0,0,0,3
2022.emnlp-main.41,2022,W4385573248,A5022074748,A5029531416,3,3,1,1,1,1,5.9215784196438159,2.5902671654458267,13.938555282182351,0,0,0,0,3
2022.emnlp-main.411,2022,W4385573264,A5030953897,A5067943980,2,1,1,1,1,1,6.9498564550007726,3.5263605246161616,14.609731278217648,0,0,0,0,3
2022.emnlp-main.415,2022,W4385573158,A5045330788,A5024437840,6,1,1,1,1,1,8.1749845329430872,3.5788785588996079,14.703094360649979,0,1,0,1,3
2022.emnlp-main.416,2022,W4385572889,A5112403434,A5006117547,3,3,1,1,1,1,5.7714411231300158,3.2451931331855741,13.190386445450573,0,0,0,0,3
2022.emnlp-main.417,2022,W4385574021,A5014903441,A5076917278,5,1,1,1,1,1,9.3118133409068164,3.7037680666076871,10.675029930523449,0,1,0,1,3
2022.emnlp-main.418,2022,W4385572901,A5017598734,A5087565126,8,2,1,1,1,1,6.8405465292886873,2.4849066497880004,13.007138816059552,0,1,0,1,3
2022.emnlp-main.419,2022,W4385567257,A5103054563,A5006511969,3,1,0.75,1,1,1,6.7381524945959574,3.4760986898352728,14.420328038382912,0,0,0,0,3
2022.emnlp-main.42,2022,W4385573917,A5060273715,A5086289154,3,1,1,1,1,1,7.1090621356871724,3.4657359027997265,13.344163626892492,1,1,0,1,3
2022.emnlp-main.420,2022,W4385572992,A5058808692,A5110285832,7,2,1,1,1,1,7.4133673356952396,3.6031659358399062,14.549840467971809,0,0,0,0,3
2022.emnlp-main.421,2022,W4385573185,A5100626004,A5100702488,6,1,1,1,1,1,8.5564139045695189,3.4231762883809305,13.172221542486271,1,1,0,1,3
2022.emnlp-main.422,2022,W4385573247,A5049796187,A5062064974,7,2,1,1,1,1,7.2470805845857562,3.0099169085459474,13.429786310538889,0,0,0,0,3
2022.emnlp-main.423,2022,W4385574342,A5101606655,A5071684622,2,1,1,1,1,1,5.3565862746720123,2.2512917986064958,13.181946515888759,0,0,0,0,3
2022.emnlp-main.424,2022,W4385572922,A5077286641,A5012727269,6,2,1,1,1,1,7.4764723811639051,2.8134107167600364,13.527549780011055,0,0,0,0,3
2022.emnlp-main.426,2022,W4385573138,A5005636620,A5030503109,3,1,1,1,1,1,6.804614520062624,3.3081069585961438,14.031734221989311,0,0,0,0,3
2022.emnlp-main.427,2022,W4385567246,A5100672423,A5015602781,4,1,1,1,1,1,6.4831073514571989,3.2288261557213689,9.1281537009882356,0,0,0,0,3
2022.emnlp-main.428,2022,W4385573949,A5084648899,A5100657514,6,2,1,1,1,1,7.1724245771248452,3.1282214566000697,13.527549780011055,1,1,0,1,3
2022.emnlp-main.43,2022,W4385572921,A5101798380,A5100670646,4,2,1,1,1,1,5.780743515792329,2.862200880929469,12.457302070198375,0,0,0,0,3
2022.emnlp-main.431,2022,W4385572816,A5100763686,A5020858666,7,2,0.875,1,1,1,8.3126260256749624,3.0647251450409425,13.883845613137508,0,1,0,1,3
2022.emnlp-main.436,2022,W4385894696,A5075006383,A5100409431,6,4,1,1,1,1,6.879355804460439,3.4552646029324312,14.157071254955715,0,0,0,0,3
2022.emnlp-main.438,2022,W4385574384,A5037500486,A5039205261,3,1,1,1,1,1,7.8686368941841671,2.6149597780361979,11.1900858800403,0,0,0,0,3
2022.emnlp-main.439,2022,W4385573418,A5025500234,A5077726785,4,2,1,1,1,1,7.0308574761161209,3.844814255734696,12.897295475715049,0,0,0,0,3
2022.emnlp-main.441,2022,W4385573928,A5061473466,A5100650977,7,4,0.875,1,1,1,8.0057006786625422,3.3011139231051727,15.024798312883611,0,1,0,1,3
2022.emnlp-main.442,2022,W4385573958,A5044238657,A5100351304,5,0,1,0,1,0,8.421562960400987,3.427514689979529,,0,0,0,0,3
2022.emnlp-main.444,2022,W4385573646,A5101910721,A5070368916,3,3,1,1,1,1,4.5747109785033828,2.0794415416798362,13.917175051740422,0,0,0,0,3
2022.emnlp-main.445,2022,W4385573301,A5100562674,A5024848448,6,4,1,1,1,1,9.9064830615159263,4.3307333402863311,14.707782330292885,1,0,0,1,3
2022.emnlp-main.446,2022,W4385573776,A5108758733,A5082305994,4,2,1,1,1,1,8.3520826713526368,3.7727609380946383,14.59970566600443,0,0,0,0,3
2022.emnlp-main.448,2022,W4385573733,A5100665863,A5040404999,5,3,1,1,1,1,8.0462291010753777,4.2484952420493594,13.759152882271476,0,0,0,0,3
2022.emnlp-main.450,2022,W4385573869,A5100362682,A5089720016,5,1,1,1,1,1,6.8276292345028518,2.4849066497880004,12.92248947552895,0,0,0,0,3
2022.emnlp-main.451,2022,W4385573419,A5102894085,A5100620306,9,5,1,1,1,1,9.9064830615159263,4.6184154127381118,14.707782330292885,1,0,0,1,3
2022.emnlp-main.453,2022,W4385573757,A5061755311,A5102279651,5,3,1,1,1,1,8.1232613191217453,3.310543013394025,14.083735308495111,0,0,0,0,3
2022.emnlp-main.456,2022,W4385573777,A5104152378,A5102783137,3,1,1,1,1,1,7.3670770598810122,3.8140425970679424,11.766179122840509,0,0,0,0,3
2022.emnlp-main.458,2022,W4385573302,A5039174804,A5017671620,4,1,1,1,1,1,8.3126260256749624,3.4812400893356918,13.883845613137508,0,1,0,1,3
2022.emnlp-main.459,2022,W4385574300,A5044665183,A5102274699,5,1,1,1,1,1,7.6643466320986171,3.8628327612373754,11.219654470214223,0,0,0,0,3
2022.emnlp-main.46,2022,W4385573188,A5063200221,A5100460272,8,3,1,1,1,1,7.9807078208696689,3.7166162090855361,13.61563177108196,0,0,0,0,3
2022.emnlp-main.460,2022,W4385573874,A5021070482,A5100775952,3,2,1,1,1,1,7.161622002939187,3.4863551900024623,14.240479555940578,0,0,0,0,3
2022.emnlp-main.461,2022,W4385573933,A5101783096,A5019539533,3,1,1,1,1,1,8.6161331392711418,4.4268406504636744,13.759152882271476,0,0,0,0,3
2022.emnlp-main.462,2022,W4385573439,A5100409390,A5101718341,6,3,1,1,1,1,8.5322788288342775,4.4867619549377897,14.002494561972473,0,1,0,1,3
2022.emnlp-main.463,2022,W4385574095,A5018221757,A5100402911,4,2,1,1,1,1,7.7566233345388582,4.1588830833596724,13.883845613137508,1,0,0,1,3
2022.emnlp-main.464,2022,W4385573588,A5026461299,A5081787254,7,1,1,1,1,1,7.534762657037537,2.6492097010792768,14.261479529994521,0,0,0,0,3
2022.emnlp-main.465,2022,W4385574272,A5052683772,A5054771988,2,1,1,1,1,1,6.261491684321042,3.0204248861443626,13.007138816059552,0,0,0,0,3
2022.emnlp-main.466,2022,W4385573832,A5100424530,A5060116992,5,4,1,1,1,1,8.9385316486806925,4.1620032106959153,13.332144447094434,0,1,0,1,3
2022.emnlp-main.468,2022,W4385573707,A5018985705,A5057853630,8,3,1,1,1,1,7.3152183897529746,2.8550323914508562,15.643658206866634,0,0,0,0,3
2022.emnlp-main.469,2022,W4385573361,A5100735951,A5089404640,5,4,1,1,1,1,9.5549933406875898,4.1174098351530963,14.326056142522946,0,0,0,0,3
2022.emnlp-main.47,2022,W4385573845,A5100432277,A5101972030,5,3,1,1,1,1,8.6392338173252625,4.0775374439057197,13.685118233306589,0,0,0,0,3
2022.emnlp-main.471,2022,W4385573984,A5001609288,A5005328001,2,1,1,1,1,1,6.3784261836515865,3.5835189384561099,11.727609333862649,0,0,0,0,3
2022.emnlp-main.473,2022,W4385573415,A5100742403,A5066621365,7,4,1,1,1,1,8.2753763748364069,3.4746248502169728,14.044520866156439,1,0,0,1,3
2022.emnlp-main.474,2022,W4385573342,A5100602962,A5023595778,9,2,1,1,1,1,8.478452363099807,3.4726563456443005,14.707782330292885,1,1,0,1,3
2022.emnlp-main.475,2022,W4385573942,A5049787091,A5058403802,7,4,1,1,1,1,6.4068799860693142,2.1316272948504063,13.881584774318094,0,0,0,0,3
2022.emnlp-main.476,2022,W4385573747,A5100322208,A5027450194,4,3,1,1,1,1,9.5047994287069884,3.9889840465642745,12.764416195943106,0,0,0,0,3
2022.emnlp-main.477,2022,W4385573940,A5100669938,A5081885053,7,2,1,1,1,1,7.7993433982159202,3.2131451501592161,14.157071254955715,1,0,0,1,3
2022.emnlp-main.480,2022,W4385574195,A5050855705,A5034265751,7,2,1,1,1,1,8.2940496401020276,3.3219480100080148,13.190386445450573,0,0,0,0,3
2022.emnlp-main.483,2022,W4385573762,A5008056255,A5100459130,6,3,1,1,1,1,9.2238487220009766,4.1718198743903914,14.083735308495111,0,0,0,0,3
2022.emnlp-main.484,2022,W3200795054,A5058098723,A5077627355,4,0,1,0,1,0,6.5930445341424369,2.8763855159214247,,0,0,0,0,3
2022.emnlp-main.485,2022,W4385573900,A5031930609,A5079046603,3,1,1,1,1,1,7.0758088639783869,3.8501476017100575,13.647657426875798,0,1,0,1,3
2022.emnlp-main.487,2022,W4385573865,A5101820978,A5100419444,5,3,1,1,1,1,8.1335874176609657,3.1441522786722644,15.643658206866634,0,0,0,0,3
2022.emnlp-main.488,2022,W4385574358,A5100734065,A5101718341,15,1,1,1,1,1,9.579210649614792,3.8931799176266662,10.64232485901319,1,0,0,1,3
2022.emnlp-main.489,2022,W4385573899,A5100337434,A5072316347,8,1,1,1,1,1,7.8414929244600131,3.2386784521643803,11.198776206303275,0,0,0,0,3
2022.emnlp-main.490,2022,W4385573441,A5014579261,A5100620486,5,1,1,1,1,1,9.579210649614792,4.6931810633108046,10.64232485901319,1,1,0,1,3
2022.emnlp-main.494,2022,W4385574400,A5018559514,A5016651990,7,2,1,1,1,1,6.8966943316227125,3.0308235933652612,12.558056101629653,0,0,0,0,3
2022.emnlp-main.495,2022,W4385574396,A5035562693,A5042127858,7,2,1,1,1,1,6.2344107257183712,3.424727879072349,14.02141028545064,0,0,0,0,3
2022.emnlp-main.497,2022,W4385573493,A5100441094,A5037132097,5,5,1,1,1,1,8.2424931531876258,3.8286413964890951,14.549840467971809,1,1,0,1,3
2022.emnlp-main.498,2022,W4385573718,A5100659571,A5101595608,6,1,1,1,1,1,4.6051701859880918,2.3025850929940459,13.310002437849576,0,0,0,0,3
2022.emnlp-main.5,2022,W4385572864,A5100729534,A5040759280,2,1,1,1,1,1,7.4854916080307543,3.1986731175506811,14.176570175158329,1,0,0,1,3
2022.emnlp-main.50,2022,W4385572769,A5100405119,A5068709817,6,2,1,1,1,1,10.122060675335575,5.2408647917999511,13.759152882271476,0,0,0,0,3
2022.emnlp-main.500,2022,W4385573764,A5021933082,A5056753433,4,3,1,1,1,1,5.2678581590633282,2.1690537003695232,12.296753946768945,0,0,0,0,3
2022.emnlp-main.502,2022,W4385574386,A5101508992,A5101595608,5,2,1,1,1,1,6.6214056517641344,2.7725887222397811,13.310002437849576,0,1,0,1,3
2022.emnlp-main.505,2022,W4385573729,A5001133136,A5061850214,4,1,1,1,1,1,7.8516611778892651,3.3843902633457743,11.219654470214223,0,0,0,0,3
2022.emnlp-main.506,2022,W4385573632,A5032542423,A5012055259,5,1,1,1,1,1,8.7606098475700023,3.9889840465642745,9.9944245475282294,0,0,0,0,3
2022.emnlp-main.508,2022,W4385574242,A5102195851,A5100564229,6,2,1,1,1,1,7.7025561132685825,3.2451931331855741,13.883845613137508,0,0,0,0,3
2022.emnlp-main.509,2022,W4385573679,A5074030398,A5023341622,4,2,1,1,1,1,10.083681848313908,3.4011973816621555,14.004325155934891,0,1,0,1,3
2022.emnlp-main.511,2022,W4385573775,A5047512371,A5037204307,4,1,1,1,1,1,5.6058020662959978,2.917770732084279,11.819932109291427,0,0,0,0,3
2022.emnlp-main.513,2022,W4385573622,A5041639724,A5001443156,5,0,1,0,1,0,8.5179928715868023,3.1179499062782403,,0,1,0,1,3
2022.emnlp-main.514,2022,W4385573363,A5023011245,A5100670350,5,2,1,1,1,1,7.3145528323240798,3.5553480614894131,14.707782330292885,0,0,0,0,3
2022.emnlp-main.515,2022,W4385574226,A5100447763,A5100418163,5,1,0.83333333333333337,1,1,1,5.2678581590633282,2.3223877202902252,13.883845613137508,0,0,0,0,3
2022.emnlp-main.518,2022,W4385574213,A5053889399,A5100402911,4,2,1,1,1,1,7.6624678152002366,3.6763006719070761,13.883845613137508,0,0,0,0,3
2022.emnlp-main.519,2022,W4385573683,A5039484875,A5061021795,3,2,1,1,1,1,5.3565862746720123,2.8332133440562162,14.15224775947919,1,0,0,1,3
2022.emnlp-main.52,2022,W4385567259,A5102756403,A5057508424,4,2,1,1,1,1,6.9612960459101672,3.2580965380214821,13.013095236915486,0,0,0,0,3
2022.emnlp-main.520,2022,W4385574073,A5048562175,A5005328001,2,1,1,1,1,1,6.0520891689244172,3.1135153092103742,11.727609333862649,0,0,0,0,3
2022.emnlp-main.521,2022,W4385573851,A5100639354,A5004793184,5,2,1,1,1,1,7.2232956795623142,3.2809112157876537,13.573517974537438,0,0,0,0,3
2022.emnlp-main.525,2022,W4385573455,A5080505339,A5046521217,5,2,1,1,1,1,7.7911095106100277,3.7704594411063592,12.436696152098207,0,0,0,0,3
2022.emnlp-main.526,2022,W4385574138,A5062115445,A5100620306,7,4,1,1,1,1,9.5549933406875898,4.2444052567978341,14.083735308495111,1,1,0,1,3
2022.emnlp-main.527,2022,W4385573640,A5083392159,A5088832285,3,3,1,1,1,1,6.9392539460415081,3.4657359027997265,13.877490496218435,0,0,0,0,3
2022.emnlp-main.529,2022,W4385567139,A5053544713,A5100572591,4,2,1,1,1,1,6.5903010481966859,2.3025850929940459,13.639837252491382,0,0,0,0,3
2022.emnlp-main.53,2022,W4385574114,A5103068530,A5042018181,10,5,1,1,1,1,9.1806025537122284,3.7999735016195233,14.157071254955715,0,0,0,0,3
2022.emnlp-main.530,2022,W4385573866,A5015103457,A5050928023,5,2,1,1,1,1,6.1696107324914564,3.3603753871419002,13.795945402469432,0,0,0,0,3
2022.emnlp-main.534,2022,W4385573848,A5061615741,A5100644428,6,1,1,1,1,1,8.8702415672992707,3.633190548253348,13.883845613137508,0,0,0,0,3
2022.emnlp-main.536,2022,W4385573721,A5085083080,A5010341007,2,1,1,1,1,1,6.2065759267249279,3.3322045101752038,13.418369211037028,0,1,0,1,3
2022.emnlp-main.537,2022,W4385574178,A5100377443,A5065437706,6,2,1,1,1,1,8.0050333446371109,2.9957322735539909,13.928252464007135,0,0,0,0,3
2022.emnlp-main.538,2022,W4385573331,A5048141765,A5052465353,5,2,1,1,1,1,5.8607862234658654,2.6390573296152584,14.707782330292885,0,1,0,1,3
2022.emnlp-main.541,2022,W4385574341,A5063061204,A5037310413,5,2,1,1,1,1,8.3101690219819115,3.5890591188317256,13.797833230617346,0,0,0,0,3
2022.emnlp-main.542,2022,W4385574071,A5023143758,A5100331488,5,3,1,1,1,1,8.2824830037305617,3.9665111907122159,13.928252464007135,0,1,0,1,3
2022.emnlp-main.546,2022,W4385573941,A5081298299,A5038612405,5,1,1,1,1,1,6.5806391372849493,2.8213788864092133,12.463281335139044,0,0,0,0,3
2022.emnlp-main.548,2022,W4307318375,A5065705987,A5030615769,3,5,1,1,1,1,5.6131281063880714,3.2054528045360602,15.387759036799194,0,1,0,1,3
2022.emnlp-main.550,2022,W4385574347,A5102023923,A5100671757,4,1,1,1,1,1,9.6027877830030448,4.4630304188269685,11.766179122840509,0,1,0,1,3
2022.emnlp-main.551,2022,W4385573705,A5101825497,A5008715111,2,1,1,1,1,1,6.4361503683694279,3.3672958299864741,13.813706932409149,0,0,0,0,3
2022.emnlp-main.555,2022,W4385573529,A5005664302,A5090151187,7,4,1,1,1,1,7.1252830915107124,2.7454377331738304,13.883845613137508,0,0,0,0,3
2022.emnlp-main.556,2022,W4385574364,A5015829772,A5100427076,6,2,1,1,1,1,7.4547199493640006,3.948033442951179,13.798573939737718,0,0,0,0,3
2022.emnlp-main.557,2022,W4385573927,A5066346880,A5100331488,8,4,1,1,1,1,8.9076123413191297,3.7898553714539385,14.707782330292885,0,0,0,0,3
2022.emnlp-main.560,2022,W4385573809,A5047213662,A5043262011,4,2,1,1,1,1,6.4068799860693142,3.4657359027997265,14.240479555940578,0,0,0,0,3
2022.emnlp-main.564,2022,W4385573514,A5077384760,A5015133105,4,1,1,1,1,1,7.0698741284585722,3.323235840192444,13.813706932409149,0,0,0,0,3
2022.emnlp-main.565,2022,W4385573943,A5100420406,A5030248499,5,2,1,1,1,1,8.044947049617722,3.7750571503549888,14.287414255935596,0,0,0,0,3
2022.emnlp-main.569,2022,W4385574291,A5036875405,A5088834359,5,1,1,1,1,1,9.0464086802938208,4.3280982926483258,14.083735308495111,0,0,0,0,3
2022.emnlp-main.570,2022,W4385573947,A5018043043,A5084892128,5,4,1,1,1,1,7.6643466320986171,3.4965075614664798,14.424356141308309,0,0,0,0,3
2022.emnlp-main.571,2022,W4385573385,A5003287416,A5040820339,6,3,1,1,1,1,6.1180971980413483,3.2958368660043291,10.450220714640537,0,0,0,0,3
2022.emnlp-main.572,2022,W4385573672,A5100424243,A5088834359,10,1,1,1,1,1,9.0464086802938208,3.310543013394025,14.083735308495111,0,0,0,0,3
2022.emnlp-main.574,2022,W4385573489,A5012434461,A5100402911,5,2,1,1,1,1,7.6624678152002366,3.7037680666076871,13.883845613137508,1,0,0,1,3
2022.emnlp-main.576,2022,W4385574218,A5100329692,A5019426968,3,4,1,1,1,1,9.5975057229129117,3.9827920763163531,14.707782330292885,0,1,0,1,3
2022.emnlp-main.577,2022,W4385573720,A5114723610,A5100382077,6,2,1,1,1,1,9.5095556802416361,4.7944121856266193,14.002494561972473,0,0,0,0,3
2022.emnlp-main.579,2022,W4385573630,A5104152397,A5100364094,3,1,1,1,1,1,7.4265490723973047,3.5835189384561099,13.881584774318094,0,0,0,0,3
2022.emnlp-main.58,2022,W4385573242,A5021770277,A5033006575,3,2,1,1,1,1,7.1831117017432806,3.7054087560651463,12.114066999734147,0,0,0,0,3
2022.emnlp-main.581,2022,W4385573512,A5052746002,A5014190404,3,2,1,1,1,1,8.5322788288342775,4.2243976904702976,14.002494561972473,1,0,0,1,3
2022.emnlp-main.583,2022,W4385573589,A5023694591,A5024599321,4,3,0.80000000000000004,1,1,1,6.6359465556866466,3.2484346271097451,13.418369211037028,1,0,0,1,3
2022.emnlp-main.584,2022,W4385573540,A5104023493,A5100701893,5,5,1,1,1,1,6.5610306658965731,2.451005098112319,15.643658206866634,0,0,0,0,3
2022.emnlp-main.586,2022,W4385573873,A5030987813,A5004793184,4,3,1,1,1,1,7.2232956795623142,3.4578927253387008,13.573517974537438,0,0,0,0,3
2022.emnlp-main.59,2022,W4385573160,A5100744890,A5048237545,9,1,1,1,1,1,8.8931608287353789,3.6664065982618776,14.157071254955715,0,0,0,0,3
2022.emnlp-main.590,2022,W4385567159,A5039605990,A5035214872,6,4,1,1,1,1,5.0369526024136295,1.2527629684953681,12.2581953458655,0,0,0,0,3
2022.emnlp-main.591,2022,W4385573461,A5004372721,A5051693368,4,3,1,1,1,1,7.2011708832816783,3.2386784521643803,11.192472236187903,0,0,0,0,3
2022.emnlp-main.592,2022,W4385567096,A5025274226,A5102861481,5,2,1,1,1,1,8.1110278381936798,3.5610460826040518,13.751826072034794,0,0,0,0,3
2022.emnlp-main.593,2022,W4385573309,A5019973471,A5004751764,5,0,1,0,1,0,8.3589006124216443,3.2503744919275719,,0,0,0,0,3
2022.emnlp-main.594,2022,W4385573749,A5014896266,A5056541993,5,3,1,1,1,1,6.2557500417533669,3.1090609588609941,13.813706932409149,0,0,0,0,3
2022.emnlp-main.6,2022,W4385573125,A5016884001,A5084897975,2,2,1,1,1,1,7.9276850456157781,3.9219733362813134,13.795945402469432,0,0,0,0,3
2022.emnlp-main.60,2022,W4385573153,A5100775956,A5100755298,12,7,1,1,1,1,9.9064830615159263,4.5081084731449605,14.707782330292885,1,0,0,1,3
2022.emnlp-main.602,2022,W4385573766,A5008197599,A5084091166,3,0,1,0,1,0,4.8751973232011512,2.2335922215070942,,0,0,0,0,3
2022.emnlp-main.604,2022,W4310424472,A5101807691,A5056748708,6,4,1,1,1,1,8.7311749009380613,4.0223710625970117,15.387759036799194,0,0,0,0,3
2022.emnlp-main.605,2022,W4385567171,A5100346550,A5040821130,6,2,1,1,1,1,9.0381275493305164,4.1614838650597292,14.261479529994521,0,0,0,0,3
2022.emnlp-main.607,2022,W4385573283,A5102541943,A5061951606,2,0,1,0,1,0,7.6338535596817678,4.1743872698956368,,0,0,0,0,3
2022.emnlp-main.608,2022,W4385567126,A5100776743,A5014662947,6,3,1,1,1,1,9.2311229111587121,3.8746672188843769,13.883845613137508,0,0,0,0,3
2022.emnlp-main.61,2022,W4385572703,A5014836899,A5087775309,4,2,1,1,1,1,4.4659081186545837,2.0476928433652555,14.791096463624436,0,1,0,1,3
2022.emnlp-main.610,2022,W4385573399,A5017841805,A5089085275,2,1,1,1,1,1,7.1155821261844538,3.4339872044851463,13.327852807728853,0,0,0,0,3
2022.emnlp-main.613,2022,W4385573521,A5088867603,A5041254552,3,4,1,1,1,1,5.6903594543240601,2.7725887222397811,14.59970566600443,0,0,0,0,3
2022.emnlp-main.615,2022,W4385573499,A5047416722,A5081787254,5,3,1,1,1,1,7.915348169263078,3.8110970868381857,14.488052909550296,1,0,0,1,3
2022.emnlp-main.616,2022,W4385565879,A5062266757,A5100767220,21,0,1,0,1,0,10.170992427549091,3.3236647486270696,,0,0,0,0,3
2022.emnlp-main.617,2022,W4385573956,A5055560341,A5068811427,2,1,1,1,1,1,8.9853200606491122,4.7833163713715656,13.15594901251696,0,0,0,0,3
2022.emnlp-main.620,2022,W4385573611,A5076079903,A5081354508,4,2,1,1,1,1,5.0689042022202324,2.0794415416798362,14.244173829195944,0,0,0,0,3
2022.emnlp-main.623,2022,W4385573663,A5112974344,A5032046813,5,1,1,1,1,1,9.0381275493305164,4.0842942263685993,9.6381538837481084,0,0,0,0,3
2022.emnlp-main.625,2022,W4385574250,A5007334392,A5062696000,5,0,1,0,1,0,7.2772477266314839,2.9652730660692823,,0,1,0,1,3
2022.emnlp-main.627,2022,W4385574064,A5041046265,A5002580950,6,2,1,1,1,1,8.0677761957788903,2.8332133440562162,13.327852807728853,0,0,0,0,3
2022.emnlp-main.628,2022,W4385574146,A5100785424,A5110722665,5,3,1,1,1,1,7.7151236036321054,3.698829784967105,15.024798312883611,0,1,0,1,3
2022.emnlp-main.629,2022,W4385574238,A5046855462,A5089085275,2,1,1,1,1,1,7.1155821261844538,3.4965075614664798,13.327852807728853,0,0,0,0,3
2022.emnlp-main.63,2022,W4385572749,A5073571802,A5067919401,4,2,1,1,1,1,10.170992427549091,3.9415818076696905,14.59970566600443,0,0,0,0,3
2022.emnlp-main.631,2022,W4385574123,A5113067629,A5070905937,3,1,1,1,1,1,7.806289289267033,4.0604430105464191,13.61563177108196,0,0,0,0,3
2022.emnlp-main.636,2022,W4385573731,A5020005244,A5068709817,7,5,1,1,1,1,9.0512274003191102,3.914876074410552,14.073519196604565,0,0,0,0,3
2022.emnlp-main.637,2022,W4385574333,A5068508539,A5020881468,6,3,1,1,1,1,6.7833252006039597,3.068052935133617,14.391253880970732,0,0,0,0,3
2022.emnlp-main.639,2022,W4385573643,A5100336360,A5037340457,9,2,1,1,1,1,8.0436633523939438,3.5804277458864369,13.759152882271476,0,0,0,0,3
2022.emnlp-main.641,2022,W4385567241,A5089216253,A5101602843,3,2,1,1,1,1,7.806289289267033,4.0193815237486454,13.851299427534579,0,0,0,0,3
2022.emnlp-main.642,2022,W4385573523,A5103424803,A5021057186,4,2,1,1,1,1,7.1155821261844538,3.4339872044851463,13.813706932409149,0,0,0,0,3
2022.emnlp-main.643,2022,W4385573861,A5101447384,A5000755750,3,2,1,1,1,1,8.7536872270985846,4.1692458703952182,13.178015657594203,0,0,0,0,3
2022.emnlp-main.645,2022,W4385573945,A5046012186,A5056376686,5,3,1,1,1,1,6.481577129276431,3.0633909220278057,12.563142011674239,0,0,0,0,3
2022.emnlp-main.646,2022,W4385573981,A5014742037,A5062696000,6,3,1,1,1,1,8.2990371816130661,3.2580965380214821,11.767482408390174,0,1,0,1,3
2022.emnlp-main.647,2022,W4385567120,A5101199919,A5058954591,4,2,1,1,1,1,7.6568100914803781,3.7784916128036232,14.703094360649979,0,1,0,1,3
2022.emnlp-main.65,2022,W4385572700,A5031466943,A5075806509,2,3,1,1,1,1,6.6707663208458738,3.7954891891721942,15.643658206866634,0,0,0,0,3
2022.emnlp-main.650,2022,W4385573687,A5060639952,A5025213473,8,3,1,1,1,1,8.9318162373091674,3.934273614362966,14.287414255935596,0,1,0,1,3
2022.emnlp-main.651,2022,W4318046968,A5067470399,A5012083595,4,6,1,1,1,1,6.517671272912275,2.9831534913471307,14.239150171311287,0,0,0,0,3
2022.emnlp-main.653,2022,W4385574106,A5102487773,A5009408707,3,2,1,1,1,1,8.4377169899144402,4.2858827741209797,13.751826072034794,0,0,0,0,3
2022.emnlp-main.654,2022,W4385573746,A5059607973,A5001987532,2,1,1,1,1,1,9.0512274003191102,4.9236239171066263,14.073519196604565,0,0,0,0,3
2022.emnlp-main.656,2022,W4385574255,A5003361309,A5036026526,5,3,1,1,1,1,7.6338535596817678,3.572345637857985,14.703094360649979,0,0,0,0,3
2022.emnlp-main.657,2022,W4385573960,A5047839036,A5051064208,4,1,1,1,1,1,10.083681848313908,3.2580965380214821,13.636046514587294,0,0,0,0,3
2022.emnlp-main.658,2022,W4385574359,A5039359682,A5077726785,6,3,1,1,1,1,7.0475172213572961,3.5065578973199818,12.847642280780788,0,0,0,0,3
2022.emnlp-main.659,2022,W4385567431,A5003558088,A5083964854,4,1,1,1,1,1,6.0112671744041615,2.2772672850097559,14.531424595598128,0,0,0,0,3
2022.emnlp-main.66,2022,W4385573126,A5113281905,A5100702012,6,3,1,1,1,1,6.2952660014396464,3.2644863361202532,13.55883607594112,0,1,0,1,3
2022.emnlp-main.661,2022,W4385573858,A5031489667,A5103947107,6,1,1,1,1,1,10.555890860524221,3.597312260588446,13.325630698713749,0,1,0,1,3
2022.emnlp-main.662,2022,W4385573838,A5035663552,A5104087148,3,3,1,1,1,1,6.7855876450079293,2.7725887222397811,12.933959359894017,0,0,0,0,3
2022.emnlp-main.663,2022,W4385573955,A5041610421,A5050801868,4,1,1,1,1,1,7.0527210492323231,3.4812400893356918,13.938555282182351,0,0,0,0,3
2022.emnlp-main.664,2022,W4385574200,A5100643551,A5009650223,3,2,1,1,1,1,4.6728288344619058,1.7346010553881064,13.178015657594203,0,0,0,0,3
2022.emnlp-main.665,2022,W4385574148,A5100643560,A5009650223,5,3,1,1,1,1,4.6728288344619058,1.9169226121820611,13.178015657594203,0,1,0,1,3
2022.emnlp-main.666,2022,W4385574060,A5008353163,A5100775952,3,1,1,1,1,1,7.161622002939187,3.2708355637989119,13.849428776167734,0,0,0,0,3
2022.emnlp-main.667,2022,W4385573912,A5012491878,A5062910836,4,4,1,1,1,1,8.3086919168388977,4.1858596710578739,14.59970566600443,0,1,0,1,3
2022.emnlp-main.67,2022,W4385572988,A5101671589,A5017671620,6,0,1,0,1,0,8.3126260256749624,3.120895416507997,,0,0,0,0,3
2022.emnlp-main.670,2022,W4385573602,A5018555559,A5102031937,4,1,1,1,1,1,6.8145428972599582,3.4812400893356918,13.390847339802557,0,0,0,0,3
2022.emnlp-main.673,2022,W4385573356,A5038131159,A5060116992,7,3,1,1,1,1,8.9385316486806925,4.0847751112059498,13.933343370159562,0,0,0,0,3
2022.emnlp-main.674,2022,W4385573388,A5103097172,A5100354997,3,1,1,1,1,1,7.4006205773711349,3.2958368660043291,8.8146275553106967,0,0,0,0,3
2022.emnlp-main.675,2022,W4385573397,A5013597720,A5100898350,4,2,1,1,1,1,6.1268691841141854,2.374905754573672,11.766179122840509,0,0,0,0,3
2022.emnlp-main.676,2022,W4385574151,A5030706143,A5100364407,3,2,1,1,1,1,5.0434251169192468,0.98082925301172619,14.531424595598128,0,1,0,1,3
2022.emnlp-main.678,2022,W4385573568,A5042157425,A5040821714,5,3,1,1,1,1,7.8766384609754629,3.2733640101522705,13.287250500516688,0,0,0,0,3
2022.emnlp-main.680,2022,W4385573577,A5100447438,A5058738808,5,2,1,1,1,1,6.6267177492490248,3.210843653170937,13.007138816059552,0,1,0,1,3
2022.emnlp-main.682,2022,W4385573451,A5112249705,A5108307922,4,3,1,1,1,1,6.0112671744041615,2.5649493574615367,14.531424595598128,0,0,0,0,3
2022.emnlp-main.683,2022,W4385573340,A5101702141,A5100716372,6,5,1,1,1,1,8.2424931531876258,4.1484117834923762,14.549840467971809,0,0,0,0,3
2022.emnlp-main.687,2022,W4385573773,A5100702201,A5046871248,6,3,1,1,1,1,7.3944931072190379,3.1780538303479458,14.707782330292885,0,0,0,0,3
2022.emnlp-main.689,2022,W4385574287,A5016848207,A5075806509,3,3,1,1,1,1,6.6707663208458738,3.7054087560651463,15.643658206866634,0,0,0,0,3
2022.emnlp-main.69,2022,W4385573112,A5100342251,A5070094187,3,1,1,1,1,1,6.4118182677098972,2.5649493574615367,10.719582187930939,0,0,0,0,3
2022.emnlp-main.691,2022,W4385573938,A5086877005,A5033376109,4,2,1,1,1,1,8.2453844681207471,4.1972019476618083,14.531424595598128,1,0,0,1,3
2022.emnlp-main.692,2022,W4385574069,A5100729435,A5100462824,3,1,1,1,1,1,7.4927603009223791,3.5165082281731497,13.882052695521216,0,0,0,0,3
2022.emnlp-main.693,2022,W4385573474,A5013224749,A5100339921,6,2,1,1,1,1,8.9881963209950566,3.6847040827034561,14.549840467971809,0,1,0,1,3
2022.emnlp-main.694,2022,W4385574022,A5009823475,A5049259877,6,3,1,1,1,1,7.4042791180372678,3.5742165457937962,14.244173829195944,0,0,0,0,3
2022.emnlp-main.696,2022,W4385573653,A5041492481,A5032538899,4,2,1,1,1,1,9.326967183907902,4.7621739347977563,13.849428776167734,0,0,0,0,3
2022.emnlp-main.697,2022,W4385574040,A5073236373,A5073236373,1,0,1,0,1,0,6.2747620212419388,2.3978952727983707,,0,1,0,1,3
2022.emnlp-main.698,2022,W4385574147,A5046604059,A5063241234,5,1,1,1,1,1,7.776954403322442,3.8155121050473024,13.15594901251696,0,1,0,1,3
2022.emnlp-main.699,2022,W4385573460,A5004198901,A5101718341,5,3,1,1,1,1,8.2358907259284955,3.9199911750773229,14.326056142522946,0,0,0,0,3
2022.emnlp-main.7,2022,W4385574274,A5100524243,A5051064208,3,0,1,0,1,0,10.083681848313908,3.2834143460057721,,0,0,0,0,3
2022.emnlp-main.70,2022,W4385572919,A5092596412,A5071030042,4,1,1,1,1,1,5.3230099791384085,1.9459101490553128,9.9667909362053688,0,0,0,0,3
2022.emnlp-main.700,2022,W4385574024,A5101491001,A5100696607,7,1,1,1,1,1,8.2794434877126655,3.2851984677992734,13.685118233306589,0,0,0,0,3
2022.emnlp-main.702,2022,W4385573859,A5085406287,A5001914535,4,2,1,1,1,1,4.9199809258281251,2.6567569067146595,13.61563177108196,0,0,0,0,3
2022.emnlp-main.703,2022,W4385574180,A5028858668,A5004305684,2,1,1,1,1,1,6.1420374055873559,2.5257286443082561,12.063529338744631,0,1,0,1,3
2022.emnlp-main.705,2022,W4385574283,A5090365490,A5042819803,3,3,1,1,1,1,8.942983665985647,3.7216692769369271,13.197422611250859,0,1,0,1,3
2022.emnlp-main.706,2022,W4226290027,A5008486397,A5081525024,5,0,0.83333333333333337,0,1,0,6.7334018918373593,3.5145260669691587,,0,0,0,0,3
2022.emnlp-main.707,2022,W4385573823,A5103253154,A5076043215,7,1,1,1,1,1,5.9188938542731462,2.5084371471981943,11.844241574442073,0,0,0,0,3
2022.emnlp-main.708,2022,W4385573332,A5101432509,A5100670397,7,4,1,1,1,1,7.1412451223504911,3.4746248502169728,14.488052909550296,0,1,0,1,3
2022.emnlp-main.709,2022,W4385573389,A5032540107,A5109119600,2,2,1,1,1,1,3.8501476017100575,1.6094379124341005,11.859135845861076,0,1,0,1,3
2022.emnlp-main.71,2022,W4385572705,A5084606047,A5039500313,3,1,1,1,1,1,7.3708601665367164,4.2341065045972597,14.424356141308309,0,0,0,0,3
2022.emnlp-main.711,2022,W4385573501,A5027939157,A5042262991,3,2,1,1,1,1,6.953684210870537,3.2451931331855741,12.847642280780788,1,0,0,1,3
2022.emnlp-main.712,2022,W4385573487,A5062574320,A5101815181,4,3,1,1,1,1,7.3498737047383367,3.8122026701459353,14.02141028545064,0,1,0,1,3
2022.emnlp-main.715,2022,W4385573579,A5025918230,A5100406711,7,6,1,1,1,1,8.5682664616002384,4.4153923285176822,13.84574388994103,0,0,0,0,3
2022.emnlp-main.716,2022,W4385573463,A5008545107,A5100404886,7,2,1,1,1,1,9.390409393716844,4.2924144759841942,14.791096463624436,0,0,0,0,3
2022.emnlp-main.717,2022,W4385574065,A5100452682,A5033376109,4,2,1,1,1,1,8.2453844681207471,4.1190371748124726,14.326056142522946,0,1,0,1,3
2022.emnlp-main.718,2022,W4385573305,A5025584048,A5103182620,9,2,1,1,1,1,6.5467854107605241,2.5389738710582761,14.321668304121276,0,0,0,0,3
2022.emnlp-main.719,2022,W4385573706,A5100701157,A5101443742,7,1,1,1,1,1,8.2847565931904352,3.8531825054052127,13.429786310538889,1,0,0,1,3
2022.emnlp-main.720,2022,W4385567224,A5031577422,A5100325590,4,6,1,1,1,1,6.3681871863504922,2.5257286443082561,14.707782330292885,0,0,0,0,3
2022.emnlp-main.723,2022,W4385574307,A5052099130,A5100457332,3,2,1,1,1,1,7.007600613951853,3.6720723357975551,14.53418951111645,0,0,0,0,3
2022.emnlp-main.724,2022,W4385573391,A5003440849,A5065368839,4,2,1,1,1,1,6.2461067654815627,3.0325462466767075,13.505326538328196,0,0,0,0,3
2022.emnlp-main.727,2022,W4385567068,A5008481063,A5014921416,4,2,1,1,1,1,7.1475592711894542,3.2386784521643803,11.561258381760869,0,0,0,0,3
2022.emnlp-main.728,2022,W4385573548,A5100708691,A5025118710,5,2,1,1,1,1,8.139440521874608,4.00369019395397,14.53418951111645,0,0,0,0,3
2022.emnlp-main.73,2022,W4385572905,A5009715645,A5017159143,6,0,1,0,1,0,6.7226297948554485,2.7408400239252009,,0,0,0,0,3
2022.emnlp-main.730,2022,W4385574155,A5101285252,A5055232825,4,1,1,1,1,1,9.3469669695080082,4.0561233494019033,13.881584774318094,1,0,0,1,3
2022.emnlp-main.732,2022,W4385573792,A5073774339,A5067794325,3,1,1,1,1,1,7.0387835413885416,2.8526314299133171,12.254453202012304,0,1,0,1,3
2022.emnlp-main.733,2022,W4385573871,A5012684915,A5047912015,4,2,1,1,1,1,7.6309465808904591,3.4499875458315872,13.007138816059552,0,1,0,1,3
2022.emnlp-main.734,2022,W4385574068,A5000467097,A5089032031,2,1,1,1,1,1,5.6454468976432377,2.8033603809065348,14.031734221989311,1,0,0,1,3
2022.emnlp-main.735,2022,W4385573724,A5074057264,A5021332177,4,3,1,1,1,1,8.6112298333426196,4.0474276424343492,14.707782330292885,0,0,0,0,3
2022.emnlp-main.736,2022,W4385567090,A5011479082,A5079336821,3,2,1,1,1,1,7.97522083865341,4.352426164897591,14.609731278217648,0,1,0,1,3
2022.emnlp-main.737,2022,W4385573829,A5087634233,A5103182620,5,2,1,1,1,1,9.1806025537122284,3.6938669956249761,13.795945402469432,0,0,0,0,3
2022.emnlp-main.738,2022,W4385573272,A5104210033,A5081525024,7,3,1,1,1,1,7.2527624180531873,3.6995367485879238,14.488052909550296,1,0,0,1,3
2022.emnlp-main.739,2022,W4385573681,A5072149704,A5042262991,4,2,1,1,1,1,5.9454206086065753,2.9704144655697009,12.436696152098207,0,0,0,0,3
2022.emnlp-main.74,2022,W4385573327,A5101831874,A5003638231,3,2,0.75,1,1,1,5.1704839950381514,1.7346010553881064,13.775409137101786,0,0,0,0,3
2022.emnlp-main.740,2022,W4385573306,A5011479082,A5079336821,3,2,1,1,1,1,7.97522083865341,4.352426164897591,14.609731278217648,0,0,0,0,3
2022.emnlp-main.741,2022,W4385574170,A5100826716,A5014662947,3,0,1,0,1,0,9.2311229111587121,4.0073331852324712,,0,0,0,0,3
2022.emnlp-main.742,2022,W4385573407,A5103056709,A5088963844,4,4,1,1,1,1,9.5902825228532596,4.0561233494019033,14.707782330292885,0,0,0,0,3
2022.emnlp-main.743,2022,W4385574026,A5027833138,A5108104297,2,2,1,1,1,1,5.4116460518550404,2.6026896854443842,14.609731278217648,0,0,0,0,3
2022.emnlp-main.744,2022,W4385574051,A5012495524,A5054771988,7,1,1,1,1,1,6.261491684321042,2.5199979695992702,0,0,0,0,0,3
2022.emnlp-main.745,2022,W4385573347,A5100362638,A5100723568,5,5,1,1,1,1,9.5902825228532596,4.0910056609565864,14.707782330292885,0,0,0,0,3
2022.emnlp-main.746,2022,W4385574039,A5077107837,A5071144367,4,2,1,1,1,1,7.8570938649024926,3.8554526539397518,14.815221794021051,0,0,0,0,3
2022.emnlp-main.748,2022,W4385573863,A5101659200,A5103213198,11,2,1,1,1,1,7.0335064842876971,3.2856844945403112,12.399676154426873,0,0,0,0,3
2022.emnlp-main.749,2022,W4385573967,A5022924513,A5100333729,5,5,1,1,1,1,8.4169307694778439,4.133565275375382,13.84574388994103,0,0,0,0,3
2022.emnlp-main.75,2022,W4385573254,A5103982993,A5112713734,5,1,1,1,1,1,8.2220164372021962,3.380994674344636,13.849428776167734,0,0,0,0,3
2022.emnlp-main.750,2022,W4385573508,A5012370787,A5019539533,3,1,1,1,1,1,8.6161331392711418,4.4268406504636744,13.759152882271476,0,0,0,0,3
2022.emnlp-main.752,2022,W4377193634,A5058287440,A5058717031,2,3,1,1,1,1,5.8051349689164882,3.277144732992177,10.737852137511432,0,0,0,0,3
2022.emnlp-main.753,2022,W4385573386,A5007708364,A5023802054,3,2,1,1,1,1,8.2922981070632211,4.1431347263915326,13.325630698713749,0,0,0,0,3
2022.emnlp-main.754,2022,W4385573728,A5059243935,A5074142241,2,1,1,1,1,1,5.8522024797744745,2.8903717578961645,14.004325155934891,0,0,0,0,3
2022.emnlp-main.756,2022,W4385573392,A5004217423,A5083735830,2,1,1,1,1,1,6.8145428972599582,4.219507705176107,13.390847339802557,0,0,0,0,3
2022.emnlp-main.757,2022,W4385574027,A5077805166,A5012794465,3,1,1,1,1,1,7.5049420683961712,3.8286413964890951,13.527549780011055,0,0,0,0,3
2022.emnlp-main.762,2022,W4385573801,A5084810886,A5109489190,5,3,1,1,1,1,7.3556411029742534,3.2958368660043291,14.176570175158329,0,0,0,0,3
2022.emnlp-main.763,2022,W4385567175,A5100337338,A5046448314,7,2,1,1,1,1,9.9064830615159263,4.6991808204503309,14.707782330292885,1,1,0,1,3
2022.emnlp-main.765,2022,W4385573694,A5100775958,A5003324011,6,2,1,1,1,1,9.9064830615159263,4.475441079313307,14.707782330292885,1,0,0,1,3
2022.emnlp-main.766,2022,W4385573660,A5022916584,A5070840566,6,3,1,1,1,1,6.508769136971682,2.6149597780361979,13.84574388994103,0,1,0,1,3
2022.emnlp-main.768,2022,W4385573566,A5037328707,A5033570514,3,2,1,1,1,1,4.2341065045972597,1.9924301646902061,14.040287175100326,0,0,0,0,3
2022.emnlp-main.769,2022,W4385574033,A5000406733,A5005191803,10,1,1,1,1,1,7.6638772587034705,3.2148678034706619,10.242492293944023,0,0,0,0,3
2022.emnlp-main.770,2022,W4385573698,A5102739318,A5046448314,5,4,1,1,1,1,9.9064830615159263,4.7414478042806394,14.707782330292885,1,0,0,1,3
2022.emnlp-main.772,2022,W4385574177,A5051401703,A5070594684,2,1,1,1,1,1,6.5567783561580422,3.277144732992177,14.609731278217648,0,0,0,0,3
2022.emnlp-main.773,2022,W4385574032,A5070962435,A5100701572,3,2,1,1,1,1,9.3469669695080082,4.4107760479598674,14.53418951111645,1,1,0,1,3
2022.emnlp-main.775,2022,W4221161476,A5072779594,A5029637639,2,0,0.5,0,1,0,6.4134589571673573,2.7080502011022101,,0,0,0,0,3
2022.emnlp-main.776,2022,W4385574185,A5090820669,A5008742893,3,3,1,1,1,1,5.872117789475416,2.2335922215070942,13.344163626892492,0,0,0,0,3
2022.emnlp-main.777,2022,W4385573926,A5072133587,A5071030042,7,2,1,1,1,1,6.1717005974109149,2.3307559699607419,12.482389123615668,0,0,0,0,3
2022.emnlp-main.778,2022,W4385573268,A5100740290,A5004305684,2,1,1,1,1,1,6.1420374055873559,2.6026896854443842,12.063529338744631,0,0,0,0,3
2022.emnlp-main.779,2022,W4385573723,A5058574573,A5078530959,3,2,1,1,1,1,7.1959372264755688,4.1271343850450917,14.354399886287537,0,0,0,0,3
2022.emnlp-main.78,2022,W4385572711,A5100369313,A5088339142,6,2,1,1,1,1,8.5682664616002384,4.1536611393785199,11.875608325182951,0,1,0,1,3
2022.emnlp-main.782,2022,W4385573417,A5063590919,A5085370631,4,1,1,1,1,1,8.1582299169594936,3.6635616461296463,10.729919220241946,0,0,0,0,3
2022.emnlp-main.783,2022,W4385573544,A5088156219,A5075509168,4,1,1,1,1,1,6.2633982625916236,3.0325462466767075,12.689137479660737,0,0,0,0,3
2022.emnlp-main.784,2022,W4385573742,A5017867536,A5077407955,3,2,1,1,1,1,6.1923624894748723,3.2451931331855741,12.476942938637762,0,0,0,0,3
2022.emnlp-main.786,2022,W4385573447,A5067208954,A5053823442,4,2,1,1,1,1,6.2595814640649232,3.2288261557213689,13.418369211037028,0,0,0,0,3
2022.emnlp-main.79,2022,W4385573209,A5064437096,A5101768349,7,4,1,1,1,1,6.4361503683694279,3.0239031505206877,13.813706932409149,0,0,0,0,3
2022.emnlp-main.791,2022,W4385567505,A5050624423,A5029262106,5,2,1,1,1,1,5.3565862746720123,2.7212954278522306,14.15224775947919,0,0,0,0,3
2022.emnlp-main.793,2022,W4385573444,A5024250477,A5056256317,3,3,1,1,1,1,7.589841512182657,3.5927355935610339,14.754569319900073,0,1,0,1,3
2022.emnlp-main.794,2022,W4385574340,A5075255305,A5031035935,3,1,1,1,1,1,6.1882641230825897,2.7515353130419489,12.254453202012304,0,0,0,0,3
2022.emnlp-main.795,2022,W4385573669,A5030810711,A5082447472,4,2,1,1,1,1,7.1944368511003347,3.3050535211092531,13.660287303134044,0,0,0,0,3
2022.emnlp-main.8,2022,W4385567296,A5042006948,A5034476404,5,2,1,1,1,1,8.5682664616002384,4.3385970767465452,13.862501008381916,0,0,0,0,3
2022.emnlp-main.800,2022,W4385573888,A5102937776,A5028145173,5,3,1,1,1,1,5.5093883366279774,2.0014800002101243,13.795945402469432,0,1,0,1,3
2022.emnlp-main.801,2022,W4385573325,A5102844797,A5014554970,8,2,1,1,1,1,7.773173680482536,3.8094364166530448,14.044520866156439,0,1,0,1,3
2022.emnlp-main.802,2022,W4385567522,A5051325625,A5104366289,5,3,1,1,1,1,7.5016344578834131,4.0430512678345503,14.085029168953223,0,0,0,0,3
2022.emnlp-main.803,2022,W4385573710,A5101557771,A5041254552,6,6,1,1,1,1,9.0381275493305164,3.9219733362813134,14.073519196604565,0,0,0,0,3
2022.emnlp-main.805,2022,W4306176992,A5051373234,A5017601806,6,5,1,1,1,1,7.1444071803211386,2.9704144655697009,13.117463392060136,0,1,0,1,3
2022.emnlp-main.806,2022,W3213754525,A5112244864,A5021057186,6,3,1,1,1,1,7.0698741284585722,3.4709307196768302,14.424356141308309,0,0,0,0,3
2022.emnlp-main.807,2022,W4385573880,A5101935376,A5058755530,3,1,1,1,1,1,4.3040650932041702,2.0368819272610401,12.294792978089705,0,0,0,0,3
2022.emnlp-main.811,2022,W4385573930,A5077955718,A5005443526,6,0,1,0,1,0,8.5322788288342775,3.1282214566000697,,0,0,0,0,3
2022.emnlp-main.815,2022,W4385573857,A5088888805,A5062546146,3,2,1,1,1,1,9.4068935110168592,3.6549779024382549,14.441325986613901,0,1,0,1,3
2022.emnlp-main.816,2022,W4385573541,A5100690938,A5100775952,4,3,1,1,1,1,7.8359745817215662,3.0563568953704259,14.791096463624436,0,0,0,0,3
2022.emnlp-main.817,2022,W4385567108,A5101457009,A5042262991,5,2,1,1,1,1,5.9763509092979339,2.9231615807191562,12.436696152098207,0,0,0,0,3
2022.emnlp-main.819,2022,W4385573884,A5087294057,A5053442069,6,6,1,1,1,1,3.951243718581428,1.4271163556401456,14.791096463624436,0,0,0,0,3
2022.emnlp-main.820,2022,W4385573708,A5060107290,A5070002963,5,2,1,1,1,1,7.6792514259530584,3.5322256440685602,14.031734221989311,0,1,0,1,3
2022.emnlp-main.821,2022,W4385573584,A5100780040,A5074103823,7,5,1,1,1,1,10.10368995654877,4.5029792450915442,14.59970566600443,0,0,0,0,3
2022.emnlp-main.823,2022,W4385573804,A5088774511,A5024311574,11,2,1,1,1,1,9.9918188913260924,3.1155334733666118,13.415863989276309,0,0,0,0,3
2022.emnlp-main.824,2022,W4385573365,A5039166924,A5013911439,8,2,1,1,1,1,9.2099402919548439,3.7954891891721942,14.59970566600443,0,0,0,0,3
2022.emnlp-main.827,2022,W4385573647,A5101123756,A5100620306,4,1,1,1,1,1,9.5549933406875898,4.4773368144782069,11.875608325182951,0,1,0,1,3
2022.emnlp-main.828,2022,W4385574208,A5101959287,A5100386940,5,2,1,1,1,1,6.815639990074331,2.9957322735539909,13.009306655112033,0,0,0,0,3
2022.emnlp-main.83,2022,W4385573572,A5100444201,A5026638047,9,1,1,1,1,1,6.5366915975913047,2.2686835413183641,14.531424595598128,1,0,0,1,3
2022.emnlp-main.85,2022,W4385572858,A5103204509,A5115694806,6,4,1,1,1,1,7.9986713610157762,4.0312864262549644,13.928252464007135,0,0,0,0,3
2022.emnlp-main.86,2022,W4385573730,A5100362650,A5024873601,4,2,1,1,1,1,5.0875963352323836,2.374905754573672,13.795945402469432,0,1,0,1,3
2022.emnlp-main.87,2022,W4385572887,A5083492856,A5100736935,4,1,1,1,1,1,8.1710341892054803,4.0118683403978634,13.505326538328196,0,0,0,0,3
2022.emnlp-main.88,2022,W4385572726,A5112428050,A5087096372,4,1,1,1,1,1,8.9318162373091674,3.7898553714539385,14.287414255935596,1,1,0,1,3
2022.emnlp-main.9,2022,W4385573436,A5046456944,A5043344696,3,1,1,1,1,1,7.0449051171293711,3.1354942159291497,14.424356141308309,0,1,0,1,3
2022.emnlp-main.91,2022,W4385572781,A5101494441,A5044205212,6,2,1,1,1,1,7.0664669701369576,3.3381392456950185,10.233869854519936,0,0,0,0,3
2022.emnlp-main.94,2022,W4385572737,A5075369405,A5100395146,4,2,1,1,1,1,6.6995003401616779,2.5055259369907361,14.549840467971809,0,1,0,1,3
2022.emnlp-main.95,2022,W4385573358,A5100397967,A5005972047,5,3,1,1,1,1,7.9807078208696689,3.8918202981106265,14.707782330292885,1,0,0,1,3
2022.emnlp-main.96,2022,W4385572735,A5023528036,A5075033889,6,3,1,1,1,1,8.8776609335936669,4.5729912876238563,13.759152882271476,1,1,0,1,3
2022.emnlp-main.98,2022,W4385572841,A5018559514,A5016651990,7,2,1,1,1,1,6.8966943316227125,3.1898882879949486,12.558056101629653,0,1,0,1,3
2022.emnlp-main.99,2022,W4385572891,A5060320196,A5036737229,4,4,1,1,1,1,8.1872992701551475,3.6441435602725449,14.924172182485384,0,0,0,0,3
2022.naacl-main.101,2022,W4287887646,A5056096860,A5075825791,5,1,1,1,1,1,7.6568100914803781,3.2503744919275719,14.703094360649979,0,0,0,0,3
2022.naacl-main.104,2022,W4229039469,A5025334096,A5030248499,4,3,1,1,1,1,8.044947049617722,3.9170105469391849,14.287414255935596,0,0,0,0,3
2022.naacl-main.108,2022,W4287891157,A5045540621,A5045425016,6,4,1,1,1,1,7.638679823876112,3.2321210516182211,14.085029168953223,0,0,0,0,3
2022.naacl-main.109,2022,W4281639669,A5102968371,A5054559907,3,1,1,1,1,1,5.6698809229805196,2.456735772821304,14.083735308495111,0,0,0,0,3
2022.naacl-main.110,2022,W4287888342,A5008384649,A5037747070,4,1,1,1,1,1,9.1388443702711122,3.8712010109078911,14.321668304121276,0,0,0,0,3
2022.naacl-main.112,2022,W4229452225,A5101808083,A5015709853,4,2,0.80000000000000004,1,1,1,7.2991214627107999,3.5040547671018638,13.165158464097352,0,0,0,0,3
2022.naacl-main.116,2022,W4224296706,A5054386084,A5051745436,6,3,1,1,1,1,8.6784613390123599,3.7495040759303713,13.61563177108196,1,0,0,1,3
2022.naacl-main.12,2022,W4229017979,A5101495322,A5089413311,3,2,1,1,1,1,7.8058820402286209,3.3202283191284883,14.083735308495111,0,0,0,0,3
2022.naacl-main.120,2022,W4229017640,A5069080179,A5040050806,3,1,1,1,1,1,7.1260872732991247,3.2054528045360602,12.812730131182544,0,0,0,0,3
2022.naacl-main.125,2022,W4287890936,A5052095375,A5100885674,6,3,1,1,1,1,7.1777824161951971,2.9356283494842854,14.707782330292885,1,0,0,1,3
2022.naacl-main.126,2022,W4287887858,A5053856461,A5101884287,7,2,1,1,1,1,9.0819386571716585,4.4136637196170643,14.488052909550296,0,1,0,1,3
2022.naacl-main.129,2022,W4287854594,A5087600210,A5038456766,3,2,1,1,1,1,7.0457765768795113,3.2321210516182211,14.031734221989311,0,1,0,1,3
2022.naacl-main.130,2022,W4287888325,A5012487256,A5081393566,4,3,1,1,1,1,7.97522083865341,4.359908829420263,14.609731278217648,0,0,0,0,3
2022.naacl-main.133,2022,W4281678128,A5073832223,A5015709853,3,3,1,1,1,1,7.2991214627107999,3.6971782569286313,13.332144447094434,0,1,0,1,3
2022.naacl-main.138,2022,W4287019595,A5071777193,A5030248499,7,3,1,1,1,1,8.9318162373091674,4.4526847854798941,14.287414255935596,0,0,0,0,3
2022.naacl-main.139,2022,W4224903552,A5100740158,A5060116992,5,3,1,1,1,1,8.9385316486806925,4.3744983682530902,14.549840467971809,0,0,0,0,3
2022.naacl-main.144,2022,W4200633770,A5110635444,A5067997502,8,0,1,0,1,0,9.9918188913260924,3.1675825304806504,,0,0,0,0,3
2022.naacl-main.145,2022,W4287889441,A5069429326,A5068223640,5,1,1,1,1,1,6.1246833908942051,2.6946271807700688,13.181946515888759,0,0,0,0,3
2022.naacl-main.148,2022,W4287887307,A5101939058,A5054771988,3,1,1,1,1,1,6.261491684321042,2.8134107167600364,13.007138816059552,0,0,0,0,3
2022.naacl-main.149,2022,W3206168671,A5067017155,A5078530959,4,1,1,1,1,1,6.5525078870345901,3.323235840192444,14.354399886287537,0,0,0,0,3
2022.naacl-main.15,2022,W4226085996,A5100345753,A5114910293,7,2,1,1,1,1,9.7189034380879136,4.0073331852324712,14.240479555940578,0,0,0,0,3
2022.naacl-main.151,2022,W4281257301,A5102969690,A5082767919,5,2,1,1,1,1,7.0192966537150445,3.1527360223636558,13.813706932409149,0,0,0,0,3
2022.naacl-main.159,2022,W4224992846,A5100394046,A5089012283,4,2,1,1,1,1,8.8401458779499382,4.785406236291025,13.197713863032662,0,0,0,0,3
2022.naacl-main.163,2022,W4281629850,A5100724937,A5076900864,6,4,1,1,1,1,5.7170277014062219,2.5123056239761148,14.031734221989311,0,0,0,0,3
2022.naacl-main.168,2022,W4200635123,A5100397196,A5027450194,4,4,1,1,1,1,9.5047994287069884,4.1271343850450917,13.282004670475065,1,0,0,1,3
2022.naacl-main.172,2022,W4287887943,A5103177065,A5009480537,6,2,1,1,1,1,7.643003635560718,2.498699971920336,13.15594901251696,0,0,0,0,3
2022.naacl-main.176,2022,W4287887972,A5020987552,A5020987552,1,2,1,1,1,1,3.9318256327243257,3.1780538303479458,11.949126675557476,1,0,0,1,3
2022.naacl-main.179,2022,W4287854950,A5047867068,A5039468724,2,1,1,1,1,1,6.6644090203504076,2.862200880929469,13.813706932409149,0,1,0,1,3
2022.naacl-main.18,2022,W4287271794,A5024338348,A5112758056,5,0,1,0,1,0,8.3523185482260036,3.7704594411063592,,0,0,0,0,3
2022.naacl-main.180,2022,W3212988352,A5023648764,A5038581447,5,2,1,1,1,1,6.7381524945959574,3.3741687092742358,14.261479529994521,0,0,0,0,3
2022.naacl-main.186,2022,W4287891031,A5076656061,A5081001199,4,0,0.80000000000000004,0,1,0,5.1416635565026603,2.0476928433652555,,0,0,0,0,3
2022.naacl-main.188,2022,W4287891037,A5017373229,A5051184573,3,2,1,1,1,1,7.6197242137826704,3.2451931331855741,14.031734221989311,0,0,0,0,3
2022.naacl-main.190,2022,W4229031767,A5040331608,A5102861481,4,1,1,1,1,1,8.1110278381936798,3.1023420086122493,13.751826072034794,0,0,0,0,3
2022.naacl-main.191,2022,W4287891464,A5077371707,A5045872048,3,1,1,1,1,1,7.8469809821387884,3.5165082281731497,13.415863989276309,0,1,0,1,3
2022.naacl-main.192,2022,W4229440380,A5034130220,A5077738658,4,1,1,1,1,1,6.1333980429966486,2.4203681286504293,11.305925895479325,0,0,0,0,3
2022.naacl-main.193,2022,W4226443693,A5058640064,A5047817959,5,1,1,1,1,1,9.9918188913260924,3.6000482404073204,13.415863989276309,0,0,0,0,3
2022.naacl-main.194,2022,W4287887100,A5079135719,A5087419620,6,2,1,1,1,1,5.6383546693337454,2.9356283494842854,13.117463392060136,0,0,0,0,3
2022.naacl-main.197,2022,W4229026816,A5101442094,A5066940046,4,4,1,1,1,1,6.7707894239089796,3.7013019741124928,13.566682464760447,0,0,0,0,3
2022.naacl-main.200,2022,W4287887065,A5001039604,A5059403175,4,1,1,1,1,1,7.3957216086020452,2.6390573296152584,11.121348469022232,0,0,0,0,3
2022.naacl-main.204,2022,W4287887196,A5056269049,A5101715504,4,1,1,1,1,1,7.6280311269303347,3.9415818076696905,13.751826072034794,0,0,0,0,3
2022.naacl-main.207,2022,W4287888352,A5077903013,A5064858748,4,2,1,1,1,1,8.2174385377301871,3.886705197443856,12.114066999734147,0,0,0,0,3
2022.naacl-main.218,2022,W4287888689,A5072982797,A5020347604,2,1,1,1,1,1,6.2841341610708019,3.1986731175506811,11.007236625309391,0,0,0,0,3
2022.naacl-main.219,2022,W4281396746,A5101781905,A5058061726,3,2,1,1,1,1,8.2319082435641775,3.6805112044434201,13.501844472757094,0,0,0,0,3
2022.naacl-main.223,2022,W4229014795,A5088658365,A5084616817,45,15,1,1,1,1,8.4303272583945752,2.5068855565067758,14.02141028545064,0,0,0,0,3
2022.naacl-main.227,2022,W4224921333,A5100647402,A5108856873,7,2,0.875,1,1,1,8.1730113117249719,3.6853016327660528,13.527549780011055,1,0,0,1,3
2022.naacl-main.228,2022,W4287888306,A5101839369,A5065856469,5,1,1,1,1,1,8.2615264483964683,3.9778107459661491,13.178015657594203,0,0,0,0,3
2022.naacl-main.229,2022,W4223480327,A5069228360,A5010175697,4,1,1,1,1,1,5.8636311755980968,2.3025850929940459,8.3356713147928474,0,0,0,0,3
2022.naacl-main.23,2022,W4287854589,A5080820095,A5066393679,4,2,1,1,1,1,6.3935907539506314,2.0476928433652555,11.562829294498412,0,0,0,0,3
2022.naacl-main.234,2022,W4224032280,A5021574351,A5102148920,2,1,1,1,1,1,4.2626798770413163,1.9459101490553128,8.298290634359283,0,1,0,1,3
2022.naacl-main.235,2022,W4287854368,A5029606497,A5101454729,5,3,0.83333333333333337,1,1,1,5.575949103146316,2.4336133554004498,12.090532717226392,0,0,0,0,3
2022.naacl-main.238,2022,W4287887524,A5083459020,A5072032804,4,2,1,1,1,1,7.3310603052186316,3.6888794541139358,11.228584471559367,1,0,0,1,3
2022.naacl-main.25,2022,W4287854584,A5037219190,A5036610566,2,1,1,1,1,1,6.577861357721047,2.9957322735539909,12.727200023541412,0,0,0,0,3
2022.naacl-main.251,2022,W4287887517,A5000852169,A5035399743,2,2,1,1,1,1,6.2005091740426899,3.4011973816621555,12.57434458362957,0,0,0,0,3
2022.naacl-main.255,2022,W4287890953,A5024983536,A5023341622,7,2,1,1,1,1,8.5177930114882052,3.415382016654112,13.849428776167734,0,0,0,0,3
2022.naacl-main.257,2022,W4229005744,A5100363220,A5025631695,4,4,0.80000000000000004,1,1,1,8.6928257600593959,4.0386556563615121,13.261603444495831,1,0,0,1,3
2022.naacl-main.263,2022,W4287890645,A5103024668,A5016943900,5,3,1,1,1,1,10.234157272787346,4.2931954209672663,13.178015657594203,0,0,0,0,3
2022.naacl-main.266,2022,W4287891033,A5043628255,A5102992157,11,3,1,1,1,1,9.6019093748922355,4.1965181869514083,14.59970566600443,0,0,0,0,3
2022.naacl-main.271,2022,W4224938976,A5101134209,A5082767919,3,1,1,1,1,1,6.8543545022550214,3.0602707946915619,13.117463392060136,0,1,0,1,3
2022.naacl-main.272,2022,W3217305727,A5026521456,A5005554337,5,2,1,1,1,1,8.8026728403128178,3.6270040503958487,14.791096463624436,0,0,0,0,3
2022.naacl-main.275,2022,W4287887244,A5018864006,A5016956470,6,1,1,1,1,1,8.3589006124216443,3.8501476017100575,11.767482408390174,0,0,0,0,3
2022.naacl-main.279,2022,W4287854814,A5100738604,A5090151187,5,2,1,1,1,1,7.7025561132685825,2.9957322735539909,13.883845613137508,0,0,0,0,3
2022.naacl-main.283,2022,W4287887324,A5101663966,A5100711806,7,2,1,1,1,1,7.6534949096612532,3.4106761256166997,12.558056101629653,0,0,0,0,3
2022.naacl-main.284,2022,W4287889465,A5063202990,A5044556342,5,2,1,1,1,1,7.6357868613955846,3.5610460826040518,14.02141028545064,1,0,0,1,3
2022.naacl-main.289,2022,W4281636848,A5048967413,A5100386394,4,1,1,1,1,1,8.7981527181071915,4.2938782478971769,11.198776206303275,0,0,0,0,3
2022.naacl-main.291,2022,W4287887158,A5055939662,A5003324011,9,2,1,1,1,1,8.129174996911793,3.1640675883732059,14.707782330292885,1,0,0,1,3
2022.naacl-main.295,2022,W4287888657,A5084956488,A5013675579,4,3,1,1,1,1,6.9373140812236818,3.6309854756950335,13.579905939033557,0,0,0,0,3
2022.naacl-main.3,2022,W4287890648,A5052409554,A5100761049,5,1,1,1,1,1,5.8406416573733981,2.7212954278522306,11.859135845861076,0,0,0,0,3
2022.naacl-main.30,2022,W4287887143,A5027558716,A5006755109,4,1,1,1,1,1,6.4232469635335194,2.5055259369907361,11.883212344728779,0,0,0,0,3
2022.naacl-main.310,2022,W4287854578,A5100357369,A5040098950,3,1,1,1,1,1,5.7235851019523807,2.19722457733622,10.055478759522249,0,0,0,0,3
2022.naacl-main.314,2022,W4229456195,A5054327489,A5089085275,2,1,1,1,1,1,7.1155821261844538,3.4011973816621555,13.327852807728853,0,1,0,1,3
2022.naacl-main.316,2022,W4224910062,A5025556447,A5101853761,7,2,1,1,1,1,6.6567265241783913,3.3722098447889031,12.551748824200402,0,0,0,0,3
2022.naacl-main.317,2022,W4224245429,A5078860840,A5030578127,6,5,1,1,1,1,7.8139956750027908,3.2896448957564082,13.636046514587294,0,0,0,0,3
2022.naacl-main.319,2022,W3162090017,A5002725719,A5038686010,4,1,1,1,1,1,6.815639990074331,3.0204248861443626,13.325630698713749,0,0,0,0,3
2022.naacl-main.322,2022,W4281817909,A5038315768,A5030248499,2,1,1,1,1,1,8.044947049617722,4.3757570216602861,14.287414255935596,0,1,0,1,3
2022.naacl-main.323,2022,W4200634276,A5003617960,A5053947885,7,1,1,1,1,1,10.50221415747658,3.6995367485879238,13.325630698713749,0,0,0,0,3
2022.naacl-main.328,2022,W4229058120,A5114986005,A5070511738,4,2,1,1,1,1,7.6453976994286332,2.9444389791664403,14.441325986613901,0,0,0,0,3
2022.naacl-main.331,2022,W3214405796,A5078949160,A5025028660,3,3,1,1,1,1,8.2174385377301871,3.2834143460057721,14.59970566600443,0,1,0,1,3
2022.naacl-main.333,2022,W4226109839,A5101102488,A5102992157,6,4,1,1,1,1,9.6019093748922355,3.9252682321781664,14.59970566600443,0,0,0,0,3
2022.naacl-main.335,2022,W4287889560,A5062232064,A5039485542,3,2,1,1,1,1,5.6559918108198524,2.6855773452501515,13.941085380872339,0,0,0,0,3
2022.naacl-main.344,2022,W4287854402,A5100622261,A5015133105,3,2,1,1,1,1,7.0698741284585722,3.6463198396951406,13.813706932409149,0,0,0,0,3
2022.naacl-main.346,2022,W4226040247,A5015729879,A5070829652,6,1,1,1,1,1,10.170992427549091,3.7455747977904816,10.460442661144333,0,0,0,0,3
2022.naacl-main.350,2022,W4287889150,A5049725398,A5082447472,2,1,1,1,1,1,5.3565862746720123,2.4849066497880004,13.660287303134044,0,0,0,0,3
2022.naacl-main.352,2022,W4282001726,A5018005817,A5102334232,6,4,1,1,1,1,7.3895639536776354,3.6847040827034561,13.117463392060136,0,0,0,0,3
2022.naacl-main.361,2022,W4280613849,A5013154144,A5082136238,3,2,1,1,1,1,6.953684210870537,2.7725887222397811,13.174458550201434,0,0,0,0,3
2022.naacl-main.364,2022,W4287888457,A5100702158,A5032767467,3,2,1,1,1,1,6.7615727688040552,3.5835189384561099,14.354399886287537,1,0,0,1,3
2022.naacl-main.366,2022,W4225106321,A5025357679,A5088832285,4,2,1,1,1,1,6.9392539460415081,2.8478121434773689,13.877490496218435,0,0,0,0,3
2022.naacl-main.367,2022,W4281750641,A5100390896,A5114246785,4,1,1,1,1,1,5.6903594543240601,2.6210388241125804,11.875608325182951,1,0,0,1,3
2022.naacl-main.380,2022,W4225156065,A5045624301,A5064288668,11,1,1,1,1,1,8.0640073470966609,2.469639177657212,10.450220714640537,0,1,0,1,3
2022.naacl-main.384,2022,W4287887710,A5101603422,A5102220317,5,2,1,1,1,1,7.4927603009223791,3.5322256440685602,14.549840467971809,0,0,0,0,3
2022.naacl-main.387,2022,W4287854593,A5049618494,A5102886212,5,3,1,1,1,1,8.1550748878114394,3.7471483622379118,13.938555282182351,0,0,0,0,3
2022.naacl-main.399,2022,W4226055008,A5056336934,A5063459703,5,0,1,0,1,0,8.9639281937226194,4.1588830833596724,,1,0,0,1,3
2022.naacl-main.408,2022,W4229080094,A5006531000,A5035399743,3,2,1,1,1,1,8.0228968696014569,4.4188406077965983,12.57434458362957,0,0,0,0,3
2022.naacl-main.411,2022,W4287889977,A5100425725,A5037837260,3,1,1,1,1,1,5.9375362050824263,3.0122615755052013,11.1900858800403,0,0,0,0,3
2022.naacl-main.413,2022,W4287888447,A5090745602,A5079881269,3,5,1,1,1,1,6.1092475827643655,5.1279243806193557,13.34914031995096,0,0,0,0,3
2022.naacl-main.42,2022,W3211841362,A5052649262,A5100775952,2,1,1,1,1,1,7.161622002939187,3.3141860046725258,13.849428776167734,0,0,0,0,3
2022.naacl-main.44,2022,W4283769414,A5069565463,A5109522253,4,1,1,1,1,1,5.8861040314501558,2.5257286443082561,11.764197670137529,0,0,0,0,3
2022.naacl-main.441,2022,W4287887088,A5075161104,A5090743286,3,1,1,1,1,1,6.4599044543775346,2.8716796248840124,12.332925536526098,0,0,0,0,3
2022.naacl-main.55,2022,W4281786578,A5101957752,A5107249743,7,0,1,0,1,0,7.7604670292134204,2.8982769374032777,,0,0,0,0,3
2022.naacl-main.58,2022,W3191290329,A5073571802,A5023341622,2,1,1,1,1,1,6.9275579062783166,3.1986731175506811,14.02141028545064,0,0,0,0,3
2022.naacl-main.6,2022,W4287890952,A5000637932,A5019933387,2,2,1,1,1,1,6.5410299991899032,2.9444389791664403,14.321668304121276,0,0,0,0,3
2022.naacl-main.61,2022,W4223587130,A5037170710,A5023644827,4,0,1,0,1,0,6.6253923680079563,2.6567569067146595,,1,1,0,1,3
2022.naacl-main.66,2022,W4285044887,A5041514597,A5001987532,3,2,1,1,1,1,9.0512274003191102,4.2243976904702976,14.073519196604565,0,0,0,0,3
2022.naacl-main.67,2022,W4287854434,A5070941491,A5026751085,3,2,1,1,1,1,5.6419070709381138,3.4446824936018943,13.768209284846259,0,0,0,0,3
2022.naacl-main.68,2022,W4285045050,A5043295774,A5051745436,5,2,1,1,1,1,8.6784613390123599,3.4719664525503622,13.15594901251696,0,0,0,0,3
2022.naacl-main.80,2022,W4287889178,A5002731966,A5003156858,7,2,1,1,1,1,7.8046592970561024,3.6817109646353239,15.338534878336093,0,0,0,0,3
2022.naacl-main.84,2022,W4284700434,A5017343435,A5002316432,3,0,1,0,1,0,7.6338535596817678,4.0073331852324712,,0,1,0,1,3
2022.naacl-main.9,2022,W3209888207,A5018973674,A5012055259,4,2,1,1,1,1,8.7606098475700023,4.2591525365233469,12.16455249068604,0,0,0,0,3
2022.naacl-main.93,2022,W4287855067,A5083392159,A5088832285,3,2,1,1,1,1,6.9392539460415081,3.0285220963769821,13.877490496218435,0,1,0,1,3
2022.naacl-main.94,2022,W4287889583,A5010343739,A5013472329,6,2,1,1,1,1,7.3178761986264957,3.4760986898352728,13.849428776167734,0,0,0,0,3
2022.naacl-main.97,2022,W3193717459,A5051050719,A5029882049,5,3,1,1,1,1,7.0246490304536362,3.1696855806774291,14.815221794021051,0,0,0,0,3
2023.acl-long.1,2023,W4385565522,A5075873897,A5057282504,7,3,0.875,1,1,1,8.2046718289508114,3.856208226321749,12.179133010274224,0,0,0,0,3
2023.acl-long.10,2023,W4385571506,A5044944765,A5033318800,6,3,1,1,1,1,6.4738906963522744,3.6888794541139358,13.883879234682198,0,0,0,0,3
2023.acl-long.102,2023,W4385570834,A5047504721,A5091112967,5,1,1,1,1,1,7.1869010204116313,2.0541237336955462,13.688462105597472,0,0,0,0,3
2023.acl-long.103,2023,W4385570858,A5000215482,A5020347604,2,1,1,1,1,1,6.9255951971104679,3.1135153092103742,10.847529628941109,0,0,0,0,3
2023.acl-long.11,2023,W4385572026,A5100437329,A5029568096,2,1,1,1,1,1,7.4169796213811541,3.8394523125933104,14.462738399589806,0,1,0,1,3
2023.acl-long.110,2023,W4385572458,A5077903013,A5064858748,5,3,1,1,1,1,7.9094894926737593,3.7750571503549888,14.141567312709212,0,0,0,0,3
2023.acl-long.112,2023,W4385570561,A5101511644,A5076880940,6,3,1,1,1,1,9.3003638746237716,4.5199753399248594,14.415806981857871,0,0,0,0,3
2023.acl-long.115,2023,W4385572115,A5039333739,A5013793053,4,2,1,1,1,1,7.0791843946096682,3.1986731175506811,12.136867251461901,1,0,0,1,3
2023.acl-long.117,2023,W4385572007,A5021840542,A5084897975,4,1,1,1,1,1,7.360103972989152,3.5553480614894131,13.643741922706475,0,0,0,0,3
2023.acl-long.118,2023,W4385570458,A5039166924,A5062910836,5,2,1,1,1,1,7.4673710669175586,3.7471483622379118,14.415806981857871,0,0,0,0,3
2023.acl-long.119,2023,W4385570302,A5101424236,A5033785339,4,2,1,1,1,1,6.4035741979348151,3.1023420086122493,14.462738399589806,1,0,0,1,3
2023.acl-long.12,2023,W4385570611,A5088919925,A5035151979,3,2,1,1,1,1,4.8441870864585912,2.3025850929940459,12.400137479343716,0,0,0,0,3
2023.acl-long.120,2023,W4385571950,A5101759071,A5001987532,3,2,1,1,1,1,8.7285879956958983,4.7391181584978304,13.869897412356966,0,0,0,0,3
2023.acl-long.122,2023,W4385572489,A5040208577,A5077746237,2,1,1,1,1,1,7.0656133635977172,3.8394523125933104,13.008641334742464,0,0,0,0,3
2023.acl-long.123,2023,W4385572266,A5100778529,A5044042138,8,4,0.88888888888888884,1,1,1,9.2887817982827432,4.6527691647873706,14.61584393660922,0,0,0,0,3
2023.acl-long.124,2023,W4385570713,A5101127206,A5110285832,7,2,1,1,1,1,7.1428274011616208,3.4746248502169728,14.462738399589806,1,0,0,1,3
2023.acl-long.125,2023,W4385571915,A5115602506,A5014662947,8,1,1,1,1,1,9.4916018766250403,4.5887867067375669,8.7168633865448051,1,0,0,1,3
2023.acl-long.127,2023,W4385571324,A5076408662,A5080592530,2,1,1,1,1,1,6.131226489483141,3.737669618283368,9.05998249038762,0,0,0,0,3
2023.acl-long.128,2023,W4385571701,A5101643423,A5100740041,6,2,1,1,1,1,8.7293971226920615,3.713572066704308,14.051739323227141,0,1,0,1,3
2023.acl-long.129,2023,W4385572580,A5009648800,A5082305994,5,2,1,1,1,1,9.2015014233089776,4.2959239356204701,14.415806981857871,0,0,0,0,3
2023.acl-long.13,2023,W4385571101,A5102023923,A5100402925,4,0,1,0,1,0,7.3434262291473669,3.6699514442284169,,0,1,0,1,3
2023.acl-long.132,2023,W4385571385,A5045694085,A5034488796,2,1,1,1,1,1,4.6821312271242199,2.6390573296152584,12.208609425182145,0,0,0,0,3
2023.acl-long.134,2023,W4385571616,A5033963258,A5100658705,5,1,1,1,1,1,6.8638033914529544,3.1354942159291497,14.225970504405945,0,0,0,0,3
2023.acl-long.136,2023,W4385570798,A5011262731,A5100320723,4,3,1,1,1,1,9.7000240719887447,4.5591262474866845,14.61584393660922,1,0,0,1,3
2023.acl-long.139,2023,W4385572265,A5111019887,A5035983004,4,2,1,1,1,1,6.3279367837291947,2.6741486494265287,15.535312945342914,1,0,0,1,3
2023.acl-long.140,2023,W4385572504,A5058640064,A5047817959,6,2,1,1,1,1,7.8022093162471178,3.4812400893356918,13.27607796215595,0,0,0,0,3
2023.acl-long.141,2023,W4385571896,A5100397967,A5100460272,6,0,1,0,1,0,7.7989333100412166,4.0887735171726449,,0,1,0,1,3
2023.acl-long.143,2023,W4385570171,A5015510710,A5090604535,6,5,1,1,1,1,7.4073177104694174,3.5312505099103531,14.226574629250695,1,0,0,1,3
2023.acl-long.146,2023,W4385570514,A5089517967,A5089404640,4,1,1,1,1,1,9.0288184953527928,4.3694478524670215,14.225970504405945,0,0,0,0,3
2023.acl-long.148,2023,W4385570296,A5100423656,A5000839824,4,2,1,1,1,1,7.167809184316444,4.0386556563615121,12.455585451864451,1,1,0,1,3
2023.acl-long.15,2023,W4385570267,A5064195769,A5078855310,3,2,1,1,1,1,6.5012896705403893,3.5457786104732629,10.93287479991082,0,0,0,0,3
2023.acl-long.154,2023,W4385571790,A5104441926,A5113551755,8,1,1,1,1,1,7.3821243657375124,3.2037621870581527,14.528904874854756,0,0,0,0,3
2023.acl-long.155,2023,W4385570698,A5100356534,A5101698803,5,2,1,1,1,1,7.360103972989152,3.3603753871419002,12.779602609351574,0,0,0,0,3
2023.acl-long.156,2023,W4385570749,A5001241589,A5069365665,4,1,1,1,1,1,8.2369500480614555,4.6657948078045264,13.851094859688263,0,1,0,1,3
2023.acl-long.157,2023,W4385572167,A5101494777,A5085254654,3,0,1,0,1,0,7.6492163198206331,3.9252682321781664,,0,0,0,0,3
2023.acl-long.159,2023,W4385570964,A5016545538,A5077832834,5,3,1,1,1,1,5.8971538676367405,2.8094026953624978,13.643741922706475,1,0,0,1,3
2023.acl-long.16,2023,W4385571988,A5031164256,A5100690517,6,0,1,0,1,0,5.4930614433405482,2.2857779746776643,,0,0,0,0,3
2023.acl-long.160,2023,W4385570927,A5043118539,A5024656386,6,3,1,1,1,1,6.3733197895770122,2.7829515092753279,13.369001555717956,1,0,0,1,3
2023.acl-long.162,2023,W4385571135,A5102023923,A5100402911,5,1,1,1,1,1,7.6458758251848131,3.7977338590260175,11.474912022772012,1,1,0,1,3
2023.acl-long.165,2023,W4385572291,A5102206923,A5100620306,6,2,1,1,1,1,9.6872575474909883,4.8662515766426937,12.457274845291472,0,0,0,0,3
2023.acl-long.168,2023,W4385570697,A5108049590,A5100644428,9,4,1,1,1,1,8.4167096528379144,3.3825052486500029,15.535312945342914,0,0,0,0,3
2023.acl-long.17,2023,W4385565231,A5101219998,A5067997634,6,3,1,1,1,1,7.4199799236618347,3.5312505099103531,15.535312945342914,0,0,0,0,3
2023.acl-long.170,2023,W4385570421,A5102433365,A5030248499,5,3,1,1,1,1,8.0433421704416084,3.6938669956249761,14.47161193853173,0,0,0,0,3
2023.acl-long.172,2023,W4385572081,A5100651697,A5066791810,6,1,1,1,1,1,8.9385316486806925,4.3673359192638781,9.6591842033862925,0,1,0,1,3
2023.acl-long.177,2023,W4385572146,A5100652901,A5101616607,6,2,1,1,1,1,7.4330753488985799,3.5409593240373143,13.89930744066524,0,0,0,0,3
2023.acl-long.178,2023,W4385571948,A5019498452,A5102462376,4,2,1,1,1,1,7.1808311990445564,3.4499875458315872,12.074949778648907,1,0,0,1,3
2023.acl-long.179,2023,W4385572165,A5051277050,A5070920982,5,1,1,1,1,1,6.9255951971104679,3.0252910757955358,14.07966629371149,0,0,0,0,3
2023.acl-long.18,2023,W4385571035,A5015819673,A5000515409,6,2,1,1,1,1,7.307202314764738,3.8746672188843769,14.462738399589806,0,1,0,1,3
2023.acl-long.180,2023,W4385571887,A5111176662,A5047912015,4,2,1,1,1,1,7.1553963018967339,3.5835189384561099,12.853435016315627,0,0,1,1,3
2023.acl-long.181,2023,W4385571412,A5100934690,A5035142405,4,2,1,1,1,1,6.9226438914758877,3.5189804173185388,13.604859894543113,0,0,0,0,3
2023.acl-long.182,2023,W4385571734,A5109367486,A5047856952,5,2,1,1,1,1,9.6364574198152084,4.5042442673981311,14.61584393660922,0,1,0,1,3
2023.acl-long.183,2023,W4385572455,A5018005817,A5101230928,8,4,1,1,1,1,6.692083742506628,2.6119063405493081,13.73996771071563,0,0,0,0,3
2023.acl-long.184,2023,W4385570106,A5100736935,A5100462079,2,1,1,1,1,1,7.8720739798668733,4.4067192472642533,14.592020467285041,0,0,0,0,3
2023.acl-long.185,2023,W4385572010,A5081912327,A5071144367,5,3,1,1,1,1,8.0245348716056952,4.0638853547373923,13.760662531945291,0,1,0,1,3
2023.acl-long.189,2023,W4385570513,A5035828612,A5100664729,4,2,1,1,1,1,7.2093402566029097,3.188416617383492,13.643741922706475,0,0,0,0,3
2023.acl-long.19,2023,W4385570647,A5051758843,A5030845033,7,2,1,1,1,1,9.9035875475364605,4.4239908337729137,14.61584393660922,0,0,0,0,3
2023.acl-long.190,2023,W4385572460,A5101814677,A5084821923,4,3,1,1,1,1,8.0433421704416084,4.1230939755080867,14.088138127913318,0,0,0,0,3
2023.acl-long.191,2023,W4385572261,A5102983694,A5100360338,10,2,1,1,1,1,9.4916018766250403,4.0018637094279352,14.462738399589806,1,0,0,1,3
2023.acl-long.193,2023,W4385570778,A5079283543,A5051227924,7,3,1,1,1,1,8.3497208374724892,3.8531825054052127,14.226574629250695,0,0,0,0,3
2023.acl-long.195,2023,W4385570568,A5100778529,A5100644426,9,5,1,1,1,1,9.4304392931041683,4.2484952420493594,14.462738399589806,0,0,0,0,3
2023.acl-long.197,2023,W4385572475,A5100740158,A5060116992,8,4,1,1,1,1,8.9518286768241815,4.1990798824860089,14.462738399589806,0,0,0,0,3
2023.acl-long.198,2023,W4385571917,A5065062387,A5020441209,3,2,1,1,1,1,4.7004803657924166,2.7932080094425169,13.845085864923984,0,1,0,1,3
2023.acl-long.2,2023,W4385565446,A5100708736,A5030954400,6,2,1,1,1,1,6.4183649359362116,3.2321210516182211,13.437524420844396,1,0,0,1,3
2023.acl-long.200,2023,W4385571233,A5100318682,A5103551927,5,1,1,1,1,1,7.8678714903963218,3.3250360206965914,11.474912022772012,0,1,0,1,3
2023.acl-long.203,2023,W4385571958,A5067393636,A5030248499,5,3,1,1,1,1,8.4104984527452746,4.2931954209672663,14.112947892739644,1,0,0,1,3
2023.acl-long.207,2023,W4385570221,A5027164976,A5100397456,3,1,1,1,1,1,6.3225652399272843,3.7455747977904816,12.074949778648907,0,0,0,0,3
2023.acl-long.208,2023,W4385570833,A5103026537,A5103256609,2,2,1,1,1,1,5.7620513827801769,2.9957322735539909,14.343549577504779,0,1,0,1,3
2023.acl-long.209,2023,W4385570131,A5102710198,A5044665993,3,1,1,1,1,1,8.8891704553634128,3.93834031374552,14.051739323227141,0,0,0,0,3
2023.acl-long.210,2023,W4385570627,A5070094187,A5075001284,3,1,1,1,1,1,6.9411900550683754,4.0831712616239759,10.762636341022931,0,0,0,0,3
2023.acl-long.211,2023,W4385571797,A5039174804,A5017671620,5,2,1,1,1,1,8.3155664835642771,3.4531571205928664,13.851094859688263,0,0,0,0,3
2023.acl-long.212,2023,W4385572285,A5090248956,A5025631695,5,2,1,1,1,1,9.0027010071979383,4.2513483110317658,12.074949778648907,1,0,0,1,3
2023.acl-long.213,2023,W4385570579,A5071542832,A5018467280,2,0,1,0,1,0,6.8875525716646173,2.5649493574615367,,0,1,0,1,3
2023.acl-long.215,2023,W4385571159,A5004615610,A5008666077,6,2,1,1,1,1,8.9623917017430017,4.1562755199525911,14.466038817999024,0,0,0,0,3
2023.acl-long.216,2023,W4385570757,A5056798278,A5100440407,3,1,1,1,1,1,8.853093836138493,4.591747165655951,12.898517079221371,1,0,0,1,3
2023.acl-long.217,2023,W4385572072,A5053878764,A5000874697,3,2,1,1,1,1,8.3133619511344001,4.5643481914678361,13.60796595792648,0,0,0,0,3
2023.acl-long.218,2023,W4385571420,A5064233172,A5065063835,5,3,1,1,1,1,8.1797604936999004,4.4818719696435982,14.61584393660922,0,0,0,0,3
2023.acl-long.22,2023,W4385565393,A5103770532,A5102801444,7,2,1,1,1,1,8.2150064327615748,3.797093038754169,14.343549577504779,0,0,0,0,3
2023.acl-long.220,2023,W4385570260,A5003055263,A5014190404,4,2,1,1,1,1,6.517671272912275,3.617651944825568,10.464559422726214,0,0,0,0,3
2023.acl-long.221,2023,W4385570920,A5044941285,A5042018181,5,3,1,1,1,1,9.2604629813793942,4.4379342666121779,14.462738399589806,0,0,0,0,3
2023.acl-long.224,2023,W4385571710,A5079711114,A5100386394,6,1,1,1,1,1,8.7251824949587693,4.3923894217094279,10.999128765259284,0,0,0,0,3
2023.acl-long.226,2023,W4385571083,A5055394194,A5044665993,6,1,1,1,1,1,8.8891704553634128,4.0517849478033048,14.051739323227141,0,0,0,0,3
2023.acl-long.227,2023,W4385570906,A5067485511,A5065952016,8,3,1,1,1,1,7.7911095106100277,3.4460113974519482,13.60796595792648,0,0,0,0,3
2023.acl-long.233,2023,W4385570815,A5076808820,A5109059955,3,1,1,1,1,1,6.6808546787902152,2.159484249353373,13.845085864923984,0,1,0,1,3
2023.acl-long.235,2023,W4385572438,A5086558285,A5066184920,16,3,1,1,1,1,6.7345916599729483,2.6300886596324982,11.474912022772012,0,0,0,0,3
2023.acl-long.237,2023,W4385570944,A5075199715,A5026648049,4,2,1,1,1,1,8.2212100939250696,4.0474276424343492,13.575472596388259,1,0,0,1,3
2023.acl-long.238,2023,W4385571065,A5092029610,A5014375244,5,3,1,1,1,1,7.2548848100773382,4.1682144107885559,12.590249423231658,0,0,0,0,3
2023.acl-long.239,2023,W4385571978,A5062457999,A5102802605,3,1,1,1,1,1,5.8861040314501558,2.6855773452501515,13.643741922706475,0,1,0,1,3
2023.acl-long.24,2023,W4385572346,A5101573674,A5100296486,5,5,1,1,1,1,5.8464387750577247,2.5802168295923251,14.47161193853173,0,0,0,0,3
2023.acl-long.240,2023,W4385570584,A5034928588,A5020953714,3,1,1,1,1,1,7.5750716995075607,3.5457786104732629,14.61584393660922,0,1,0,1,3
2023.acl-long.241,2023,W4385570866,A5051696916,A5030248499,5,3,1,1,1,1,8.0433421704416084,4.0289167568996458,14.462738399589806,0,0,0,0,3
2023.acl-long.242,2023,W4385572526,A5091920998,A5068508539,7,1,1,1,1,1,7.3065313989395051,2.8662742063171041,11.019104440020062,0,0,0,0,3
2023.acl-long.243,2023,W4385572156,A5102376547,A5092005388,6,2,1,1,1,1,5.3375380797013179,2.0583881324820035,14.225970504405945,0,1,0,1,3
2023.acl-long.245,2023,W4385570246,A5019712204,A5020953714,8,2,1,1,1,1,8.6294498737619048,4.0430512678345503,14.61584393660922,0,0,0,0,3
2023.acl-long.247,2023,W4385571137,A5010643418,A5011169770,3,1,1,1,1,1,6.444131256700441,3.1498829533812494,13.883879234682198,0,0,0,0,3
2023.acl-long.248,2023,W4385569744,A5083285849,A5044665993,6,1,1,1,1,1,8.8891704553634128,4.0193815237486454,14.051739323227141,0,1,0,1,3
2023.acl-long.249,2023,W4385569937,A5100374101,A5050532724,7,1,1,1,1,1,7.3238305662023171,3.4059479844207532,12.179133010274224,0,0,0,0,3
2023.acl-long.250,2023,W4385569959,A5101429684,A5101584498,4,4,1,1,1,1,7.9024874371628551,3.8286413964890951,15.535312945342914,0,0,0,0,3
2023.acl-long.251,2023,W4385569716,A5078940234,A5075806509,2,3,1,1,1,1,7.1436176027041212,4.4773368144782069,15.535312945342914,0,0,0,0,3
2023.acl-long.252,2023,W4385569845,A5110747841,A5014190404,3,2,1,1,1,1,7.1139561095660344,3.9053340172773492,14.225970504405945,0,0,0,0,3
2023.acl-long.253,2023,W4385569730,A5101867082,A5090217029,5,2,1,1,1,1,6.2285110035911844,3.5496173867804286,13.245919936375492,1,0,0,1,3
2023.acl-long.255,2023,W4385569801,A5112045419,A5082644230,4,2,1,1,1,1,9.1816322078394403,3.8501476017100575,14.35551646574088,0,0,0,0,3
2023.acl-long.256,2023,W4385570045,A5100711201,A5044665993,9,2,1,1,1,1,8.8891704553634128,3.8849943330402268,14.051739323227141,0,0,0,0,3
2023.acl-long.257,2023,W4385569871,A5104436927,A5100717660,5,1,0.83333333333333337,1,1,1,6.8710912946105456,2.954910279033736,12.074949778648907,1,0,0,1,3
2023.acl-long.258,2023,W4385569596,A5058774052,A5028920958,6,1,1,1,1,1,6.4738906963522744,2.6026896854443842,11.505064649558379,0,1,0,1,3
2023.acl-long.259,2023,W4385569957,A5100440548,A5088834359,6,2,0.8571428571428571,1,1,1,8.5930425036996745,3.8952158871117648,14.051739323227141,0,0,0,0,3
2023.acl-long.26,2023,W4385571495,A5056556759,A5100462079,2,0,1,0,1,0,6.5708829623395841,3.8394523125933104,,0,0,0,0,3
2023.acl-long.260,2023,W4385569588,A5044508367,A5101880377,4,1,1,1,1,1,6.8035052576083377,3.3928291319916388,13.550651383796254,0,1,0,1,3
2023.acl-long.261,2023,W4385572034,A5101991159,A5010341007,2,1,1,1,1,1,6.5903010481966859,3.7013019741124928,13.245919936375492,0,0,0,0,3
2023.acl-long.262,2023,W4385569890,A5103936332,A5100775952,5,3,1,1,1,1,6.8101424501151362,3.317815772723105,13.688462105597472,0,0,0,0,3
2023.acl-long.263,2023,W4385572409,A5103969628,A5092596361,5,5,1,1,1,1,4.6634390941120669,2.2617630984737902,12.890559937258381,0,0,0,0,3
2023.acl-long.264,2023,W4385569892,A5100409390,A5086674741,7,3,1,1,1,1,8.5295169411050686,4.1499144133769112,13.854114734944336,0,0,0,0,3
2023.acl-long.267,2023,W4385569785,A5012938939,A5044042138,4,2,1,1,1,1,9.4916018766250403,4.5643481914678361,14.61584393660922,1,1,0,1,3
2023.acl-long.269,2023,W4385570941,A5058109700,A5070905937,3,1,1,1,1,1,7.179307969504034,3.6720723357975551,13.362332580196512,0,1,0,1,3
2023.acl-long.27,2023,W4385565260,A5003653417,A5100423435,4,1,1,1,1,1,7.5989004568714096,4.2801323269925415,14.225970504405945,1,0,0,1,3
2023.acl-long.270,2023,W4385570040,A5087377548,A5101639173,3,1,1,1,1,1,7.6629378504615353,3.3081069585961438,13.701465776321481,0,1,0,1,3
2023.acl-long.271,2023,W4385569941,A5018043043,A5108296289,5,1,1,1,1,1,8.9190518039302908,3.6216707044204863,14.224327376144808,0,0,0,0,3
2023.acl-long.272,2023,W4385569713,A5068039769,A5075955258,10,4,1,1,1,1,7.8355792466699654,3.3428618046491918,15.535312945342914,0,0,0,0,3
2023.acl-long.273,2023,W4385570999,A5110722665,A5101074936,7,2,1,1,1,1,7.9193561906606167,3.909161773147114,14.051739323227141,0,0,0,0,3
2023.acl-long.274,2023,W4385569686,A5048033573,A5018977183,6,3,1,1,1,1,7.2710085382809924,3.1986731175506811,14.61584393660922,0,0,0,0,3
2023.acl-long.275,2023,W4385570864,A5100445668,A5068709817,6,1,1,1,1,1,9.9037375212913368,5.3156660048826501,13.084732120396104,0,0,0,0,3
2023.acl-long.277,2023,W4385569919,A5090867431,A5027450194,3,2,1,1,1,1,7.5191499576698231,4.2292638801214713,12.057108492390215,0,0,0,0,3
2023.acl-long.278,2023,W4385571165,A5014223736,A5100442309,7,4,1,1,1,1,8.2041249325740413,3.6031659358399062,15.535312945342914,0,0,0,0,3
2023.acl-long.280,2023,W4385569751,A5058966093,A5100378800,5,3,1,1,1,1,7.7828072628396949,3.7281001672672178,14.48897836363215,0,1,0,1,3
2023.acl-long.281,2023,W4385570585,A5000944002,A5023919188,7,3,1,1,1,1,8.7901168928924722,3.9810158769150976,15.535312945342914,0,1,0,1,3
2023.acl-long.282,2023,W4385569796,A5051378764,A5100771854,4,2,0.80000000000000004,1,1,1,8.5295169411050686,3.9367156180185177,13.854114734944336,1,0,0,1,3
2023.acl-long.283,2023,W4385572303,A5100527540,A5100702488,5,1,1,1,1,1,8.853093836138493,4.4496852831476961,12.898517079221371,0,0,0,0,3
2023.acl-long.285,2023,W4385569712,A5104174699,A5005328001,2,1,1,1,1,1,6.280395838960195,3.4499875458315872,11.634434882367426,0,1,0,1,3
2023.acl-long.288,2023,W4385569836,A5100655130,A5077539496,9,4,1,1,1,1,7.4662275562154807,3.3937624031746374,13.084732120396104,0,0,0,0,3
2023.acl-long.289,2023,W4385570868,A5107808358,A5046521217,5,4,1,1,1,1,7.4977617006225676,3.8958936234982624,12.55262603895849,0,0,0,0,3
2023.acl-long.29,2023,W4385572645,A5100324371,A5001987532,3,1,1,1,1,1,8.7285879956958983,4.6151205168412597,13.869897412356966,1,1,0,1,3
2023.acl-long.295,2023,W4377211416,A5081921172,A5046431394,5,0,1,0,1,0,8.509967146324497,3.9778107459661491,,0,0,0,0,3
2023.acl-long.296,2023,W4385569866,A5092596120,A5026113034,3,2,1,1,1,1,7.3277805384216306,4.4148164574968725,11.926067695086308,0,1,0,1,3
2023.acl-long.298,2023,W4385569818,A5031199767,A5081398601,5,1,1,1,1,1,8.0163178985034147,4.1075897889721213,12.929212999998049,0,0,0,0,3
2023.acl-long.299,2023,W4385569812,A5102021157,A5100781300,7,3,1,1,1,1,8.1493128436353448,3.692444520278432,13.805359206907898,0,0,0,0,3
2023.acl-long.3,2023,W4385570703,A5015520404,A5074210163,4,0,1,0,1,0,6.9574973708769514,3.713572066704308,,0,0,0,0,3
2023.acl-long.300,2023,W4385569933,A5001707231,A5035142405,5,1,1,1,1,1,7.9105906122564766,3.6888794541139358,13.604859894543113,0,0,0,0,3
2023.acl-long.302,2023,W4385569878,A5021574351,A5039359682,5,2,1,1,1,1,8.2860174684047632,3.7184382563554808,13.29221585061566,1,0,0,1,3
2023.acl-long.303,2023,W4385569896,A5061025828,A5103178893,7,4,1,1,1,1,8.7285879956958983,4.3040650932041702,14.112947892739644,0,0,0,0,3
2023.acl-long.305,2023,W4385569790,A5100682703,A5100460452,3,1,1,1,1,1,6.2747620212419388,3.2321210516182211,13.643741922706475,0,0,0,0,3
2023.acl-long.308,2023,W4385569758,A5042448855,A5031136900,5,2,1,1,1,1,5.6167710976665717,2.7725887222397811,12.215210765441199,0,0,0,0,3
2023.acl-long.31,2023,W4385571695,A5036217307,A5026638047,3,1,1,1,1,1,5.9295891433898946,2.7725887222397811,14.343549577504779,0,1,0,1,3
2023.acl-long.310,2023,W4385569875,A5101066425,A5077656815,9,3,1,1,1,1,8.3774712482411005,3.6346578999472978,14.79170697092596,1,0,0,1,3
2023.acl-long.311,2023,W4385569922,A5017859556,A5075033889,3,1,1,1,1,1,7.7911095106100277,3.8985999850960056,13.550651383796254,0,0,0,0,3
2023.acl-long.314,2023,W4385572341,A5011479082,A5079336821,3,2,1,1,1,1,7.6511201757027001,4.2341065045972597,14.47161193853173,0,1,0,1,3
2023.acl-long.315,2023,W4385569837,A5100374229,A5101869403,5,3,1,1,1,1,6.5264948595707901,2.5952547069568657,14.48897836363215,0,1,0,1,3
2023.acl-long.317,2023,W4385571251,A5067127146,A5036811894,4,3,1,1,1,1,6.0935697700451357,2.8763855159214247,14.66326074460796,0,0,0,0,3
2023.acl-long.318,2023,W4385569749,A5100699246,A5066369545,6,3,1,1,1,1,7.4977617006225676,3.713572066704308,12.357449481808036,0,0,0,0,3
2023.acl-long.319,2023,W4385569885,A5035865886,A5036738038,7,2,1,1,1,1,6.253828811575473,3.4834354798991281,12.118371940099186,0,0,0,0,3
2023.acl-long.32,2023,W4385565015,A5067263653,A5002316432,5,1,1,1,1,1,6.5694814204142959,2.9444389791664403,13.900687753871743,0,0,0,0,3
2023.acl-long.322,2023,W4385569841,A5066244086,A5034488796,4,1,1,1,1,1,4.6821312271242199,2.1690537003695232,12.208609425182145,0,0,0,0,3
2023.acl-long.324,2023,W4385571211,A5053159289,A5074103823,6,3,1,1,1,1,10.004915345166239,4.8903491282217537,14.163465896396607,1,0,0,1,3
2023.acl-long.325,2023,W4385569848,A5061078522,A5100330171,5,1,1,1,1,1,7.7248884393230739,3.7184382563554808,12.933587435810542,0,0,0,0,3
2023.acl-long.327,2023,W4385569915,A5101725945,A5011504177,6,1,1,1,1,1,8.5930425036996745,4.5521209648982754,14.051739323227141,1,0,0,1,3
2023.acl-long.328,2023,W4385570770,A5088256860,A5051403564,9,2,1,1,1,1,7.3733743099100488,3.2623609368079398,14.051739323227141,0,0,0,0,3
2023.acl-long.329,2023,W4385569940,A5055815455,A5089404640,5,3,1,1,1,1,9.0288184953527928,4.6482296754485386,14.225970504405945,0,0,0,0,3
2023.acl-long.330,2023,W4385569952,A5100738604,A5090151187,6,2,1,1,1,1,7.4685132714963371,3.2321210516182211,13.851094859688263,0,0,0,0,3
2023.acl-long.334,2023,W4385570027,A5047416722,A5081787254,8,3,1,1,1,1,7.8524390853575099,2.924504764265623,14.466038817999024,0,0,0,0,3
2023.acl-long.336,2023,W4385569809,A5074848230,A5100386394,6,3,1,1,1,1,9.0027010071979383,4.6571299249188023,12.074949778648907,0,0,0,0,3
2023.acl-long.337,2023,W4385571752,A5058042352,A5063882039,4,3,1,1,1,1,4.5643481914678361,2.0794415416798362,11.67742243685163,0,0,0,0,3
2023.acl-long.34,2023,W4385570982,A5007982079,A5057541630,3,2,1,1,1,1,6.7214257007906433,3.2054528045360602,14.343549577504779,0,1,0,1,3
2023.acl-long.340,2023,W4385569846,A5038358235,A5035052603,3,2,1,1,1,1,6.8627579130514009,3.3672958299864741,13.007392384247751,0,0,0,0,3
2023.acl-long.342,2023,W4385570177,A5043954721,A5004209770,2,1,1,1,1,1,7.0405363902159559,3.417726683613366,13.639428296224333,0,0,0,0,3
2023.acl-long.345,2023,W4385572593,A5102433365,A5091107431,8,2,1,1,1,1,8.4924905787758664,3.614290597122864,14.112947892739644,0,0,0,0,3
2023.acl-long.346,2023,W4385572198,A5074400514,A5046521217,4,1,1,1,1,1,7.4977617006225676,3.8501476017100575,12.357449481808036,0,0,0,0,3
2023.acl-long.347,2023,W4385571738,A5102487773,A5009408707,8,4,1,1,1,1,8.3133619511344001,3.9415818076696905,13.60796595792648,0,0,0,0,3
2023.acl-long.348,2023,W4385570342,A5014397427,A5031439294,4,2,1,1,1,1,8.1864644294220899,4.2626798770413163,13.845085864923984,0,0,0,0,3
2023.acl-long.351,2023,W4385570343,A5100647639,A5100644428,5,2,1,1,1,1,9.6364574198152084,4.3567088266895917,14.61584393660922,0,0,0,0,3
2023.acl-long.353,2023,W4385571769,A5004341503,A5014613113,4,2,1,1,1,1,6.9295167707636498,3.1780538303479458,13.89930744066524,0,1,0,1,3
2023.acl-long.355,2023,W4385571047,A5041973252,A5107249743,11,0,0.91666666666666663,0,1,0,7.6596429545646822,3.6133719016057912,,0,0,0,0,3
2023.acl-long.356,2023,W4385572210,A5111019885,A5101898313,3,1,1,1,1,1,6.2025355171879228,2.9267394020670401,12.36208017177916,1,0,0,1,3
2023.acl-long.357,2023,W4385571379,A5025780527,A5113184341,4,1,1,1,1,1,5.9454206086065753,2.6026896854443842,13.805359206907898,0,1,0,1,3
2023.acl-long.360,2023,W4385570435,A5010414688,A5016651990,7,2,1,1,1,1,7.167809184316444,3.247046701834897,12.455585451864451,0,0,0,0,3
2023.acl-long.362,2023,W4385570695,A5103244807,A5088410008,8,1,1,1,1,1,8.2860174684047632,2.9378382951350885,13.29221585061566,0,0,0,0,3
2023.acl-long.363,2023,W4385571016,A5009897266,A5079260216,6,1,1,1,1,1,8.160803920954665,3.4760986898352728,14.466038817999024,0,1,0,1,3
2023.acl-long.364,2023,W4385572203,A5022663899,A5026719663,10,6,1,1,1,1,8.0535691691345406,3.8351419610921882,13.851094859688263,0,0,0,0,3
2023.acl-long.365,2023,W4385571551,A5101749108,A5029998682,4,2,1,1,1,1,7.9690117811064782,4.2046926193909657,14.922642121009206,0,0,0,0,3
2023.acl-long.366,2023,W4385571319,A5101599249,A5100408983,5,2,1,1,1,1,9.4916018766250403,4.5971380142908274,13.622270409704102,0,0,0,0,3
2023.acl-long.367,2023,W4385572404,A5088311840,A5067919401,3,1,1,1,1,1,9.2015014233089776,4.1163234689408759,14.415806981857871,0,1,0,1,3
2023.acl-long.368,2023,W4385570142,A5017623662,A5029248881,3,1,1,1,1,1,5.5333894887275203,2.3978952727983707,13.362332580196512,0,0,0,0,3
2023.acl-long.369,2023,W4385570635,A5071321132,A5101074936,9,2,1,1,1,1,9.0548554691357879,3.970291913552122,14.051739323227141,0,0,0,0,3
2023.acl-long.371,2023,W4385572461,A5104112547,A5054771988,7,4,0.875,1,1,1,6.4982821494764336,3.1478400517514489,14.258103806706844,0,0,0,0,3
2023.acl-long.372,2023,W4385572492,A5059261491,A5079270249,3,1,1,1,1,1,7.6549170478483202,3.0122615755052013,13.761402780316043,0,0,0,0,3
2023.acl-long.373,2023,W4385569973,A5000750466,A5000512250,11,0,1,0,1,0,6.1717005974109149,3.0137507790566693,,0,0,0,0,3
2023.acl-long.374,2023,W4385570504,A5100614421,A5102542018,4,3,1,1,1,1,8.1991893590780673,3.4965075614664798,15.535312945342914,0,0,0,0,3
2023.acl-long.376,2023,W4385570368,A5081759312,A5100404176,5,3,1,1,1,1,8.7872203286292976,4.7841528415165318,14.099765012840782,1,0,0,1,3
2023.acl-long.377,2023,W4385571460,A5100553902,A5032767467,3,0,1,0,1,0,7.818430272070656,3.9765615265657175,,0,0,0,0,3
2023.acl-long.378,2023,W4385571374,A5110999110,A5000755750,7,4,1,1,1,1,8.857941984804711,4.6674740693242462,13.331109379633414,0,0,0,0,3
2023.acl-long.379,2023,W4385571129,A5101778063,A5063813962,5,2,1,1,1,1,7.3105501585344221,3.4904285153900978,12.939728171427612,0,0,0,0,3
2023.acl-long.38,2023,W4385570948,A5071734030,A5070829652,2,1,1,1,1,1,6.9697906699015899,3.7013019741124928,14.029360658632266,0,0,0,0,3
2023.acl-long.380,2023,W4385571532,A5100676458,A5108856873,8,4,1,1,1,1,8.2217477283466227,3.9936029924205689,14.61584393660922,1,0,0,1,3
2023.acl-long.382,2023,W4385569971,A5023620699,A5074097123,6,4,1,1,1,1,7.7240046566760654,3.4760986898352728,13.008641334742464,0,0,0,0,3
2023.acl-long.383,2023,W4385570236,A5102100621,A5004305684,3,2,1,1,1,1,7.4899708988348008,3.619886582626985,8.3042474650784737,0,1,0,1,3
2023.acl-long.384,2023,W4385570675,A5002684022,A5060798255,4,2,1,1,1,1,7.1701195434496281,3.0563568953704259,14.225970504405945,0,0,0,0,3
2023.acl-long.387,2023,W4385571564,A5110948473,A5019539533,7,1,1,1,1,1,8.5032970862241264,4.3288518721866254,13.550651383796254,0,1,0,1,3
2023.acl-long.388,2023,W4385570847,A5112495273,A5100620306,8,3,1,1,1,1,9.6872575474909883,4.5836911543109684,11.809237690292887,0,0,0,0,3
2023.acl-long.389,2023,W4385572015,A5073456741,A5074007015,2,1,1,1,1,1,3.737669618283368,2.0794415416798362,11.139816214568071,0,0,0,0,3
2023.acl-long.391,2023,W4385570942,A5056146203,A5073065834,7,4,1,1,1,1,7.3330230143864812,3.479039868426089,14.462738399589806,0,0,0,0,3
2023.acl-long.392,2023,W4385570206,A5039677232,A5009408707,9,3,1,1,1,1,9.3003638746237716,4.1271343850450917,14.415806981857871,0,0,0,0,3
2023.acl-long.393,2023,W4385570225,A5092362750,A5077407955,4,1,1,1,1,1,4.8675344504555822,2.5257286443082561,6.6846117276679271,0,0,0,0,3
2023.acl-long.394,2023,W4385572048,A5014903441,A5076917278,4,1,1,1,1,1,7.7865518064287116,3.7612001156935615,10.575972736647978,0,0,0,0,3
2023.acl-long.395,2023,W4385571706,A5100333361,A5032690182,7,3,1,1,1,1,8.7508413753755327,4.3117574388273257,14.225970504405945,0,1,0,1,3
2023.acl-long.397,2023,W4385571757,A5111090196,A5085263462,4,2,1,1,1,1,7.3802557884264601,3.2386784521643803,13.699629337709988,0,0,0,0,3
2023.acl-long.399,2023,W4385571453,A5103136388,A5100355692,6,3,1,1,1,1,9.9037375212913368,5.4079188764631176,13.854114734944336,0,0,0,0,3
2023.acl-long.40,2023,W4385893928,A5100615025,A5074103823,5,4,1,1,1,1,10.004915345166239,5.0212454732082712,14.163465896396607,0,0,0,0,3
2023.acl-long.401,2023,W4385570745,A5042704861,A5077783676,3,0,1,0,1,0,6.7080840838530698,2.8526314299133171,,0,0,0,0,3
2023.acl-long.402,2023,W4385571983,A5032959694,A5075083768,6,2,1,1,1,1,3.3322045101752038,2.3978952727983707,13.928740131216983,0,0,0,0,3
2023.acl-long.403,2023,W4385571597,A5024011052,A5090151187,5,1,1,1,1,1,6.6502790485874224,2.8678989020441064,14.61584393660922,0,1,0,1,3
2023.acl-long.404,2023,W4385571183,A5069608825,A5025979359,4,1,1,1,1,1,7.1220598816291423,3.2958368660043291,10.670999815051379,0,0,0,0,3
2023.acl-long.405,2023,W4385571466,A5013569210,A5088646345,8,3,1,1,1,1,7.360103972989152,4.0582855124063979,14.462738399589806,1,0,0,1,3
2023.acl-long.406,2023,W4385572488,A5073084143,A5053947568,2,1,1,1,1,1,6.8211074722564646,3.4011973816621555,11.619337427663831,0,1,0,1,3
2023.acl-long.407,2023,W4385570126,A5102818141,A5100716372,4,2,1,1,1,1,7.1522688560325394,3.6826098411003407,14.462738399589806,0,0,0,0,3
2023.acl-long.408,2023,W4385570482,A5083907422,A5009070585,3,2,1,1,1,1,5.768320995793772,2.7515353130419489,11.290544123100585,0,0,0,0,3
2023.acl-long.41,2023,W4385571053,A5043614405,A5102992157,8,4,1,1,1,1,9.3003638746237716,3.8204558119026562,14.415806981857871,0,0,0,0,3
2023.acl-long.410,2023,W4385572331,A5104160509,A5082574744,6,1,1,1,1,1,7.4899708988348008,3.0285220963769821,14.416508457810629,0,1,0,1,3
2023.acl-long.412,2023,W4385570399,A5113207856,A5073309846,5,2,1,1,1,1,7.5352967024440876,3.3945083935113587,13.900687753871743,0,0,0,0,3
2023.acl-long.414,2023,W4385570986,A5108855136,A5089539629,4,1,1,1,1,1,7.4377951216719325,3.4339872044851463,12.929212999998049,0,0,0,0,3
2023.acl-long.415,2023,W4385570822,A5074968341,A5041950077,6,1,1,1,1,1,7.0518556229558937,3.1135153092103742,12.853435016315627,0,0,0,0,3
2023.acl-long.416,2023,W4385572061,A5102840416,A5061241015,7,2,1,1,1,1,5.1179938124167554,2.1145328614911061,12.929212999998049,0,0,0,0,3
2023.acl-long.417,2023,W4385571647,A5011724473,A5060918062,7,2,1,1,1,1,7.2384968408943653,3.2580965380214821,13.362332580196512,0,0,0,0,3
2023.acl-long.418,2023,W4385571686,A5108712436,A5005328001,3,1,1,1,1,1,6.3716118472318568,3.5165082281731497,11.634434882367426,0,0,0,0,3
2023.acl-long.42,2023,W4385572536,A5033914946,A5075698724,5,3,1,1,1,1,8.5211852126857757,5.0343518207135718,14.582709923407574,0,0,0,0,3
2023.acl-long.421,2023,W4385570923,A5020545071,A5101054000,5,2,1,1,1,1,7.1989312406881734,2.7343675094195841,13.583192549728858,0,0,0,0,3
2023.acl-long.423,2023,W4385570262,A5101548852,A5044651577,10,4,1,1,1,1,8.8264410417825783,4.2341065045972597,14.074777723676515,1,0,0,1,3
2023.acl-long.424,2023,W4385571514,A5100662254,A5100384130,7,3,1,1,1,1,8.1864644294220899,4.0480512782512559,13.845085864923984,0,0,0,0,3
2023.acl-long.425,2023,W4385570156,A5058272366,A5027450194,3,4,1,1,1,1,7.5191499576698231,4.2484952420493594,13.436023090103204,0,0,0,0,3
2023.acl-long.426,2023,W4385570430,A5004268068,A5079336821,3,2,1,1,1,1,7.2896105214511673,3.8358616444625819,12.65122950967965,0,0,0,0,3
2023.acl-long.428,2023,W4385571731,A5047340661,A5087253349,5,2,1,1,1,1,6.4183649359362116,2.7850112422383382,11.466651133438241,0,0,0,0,3
2023.acl-long.43,2023,W4385571620,A5101140082,A5083777443,3,1,1,1,1,1,5.9375362050824263,3.2708355637989119,13.550651383796254,1,0,0,1,3
2023.acl-long.431,2023,W4385572308,A5100431792,A5020347604,3,2,1,1,1,1,9.2887817982827432,4.8928522584398726,14.005327288964812,0,0,0,0,3
2023.acl-long.433,2023,W4385572533,A5035367145,A5015061573,3,1,1,1,1,1,7.2834482287566313,3.8286413964890951,13.35408126381866,0,1,0,1,3
2023.acl-long.434,2023,W4385570640,A5100360104,A5100433766,5,1,1,1,1,1,8.2177084068453059,3.93963817246112,10.559296247440706,0,0,0,0,3
2023.acl-long.436,2023,W4385570154,A5100735883,A5075806509,3,3,1,1,1,1,7.1436176027041212,4.3820266346738812,15.535312945342914,0,0,0,0,3
2023.acl-long.438,2023,W4385571111,A5101448071,A5100644428,9,5,1,1,1,1,9.6364574198152084,4.0998847425977161,15.535312945342914,0,0,0,0,3
2023.acl-long.439,2023,W4385572233,A5083486137,A5023341829,6,2,1,1,1,1,7.9237103339692379,3.8394523125933104,14.074777723676515,0,0,0,0,3
2023.acl-long.44,2023,W4385570741,A5002621773,A5089413311,6,3,1,1,1,1,8.2746119462095518,3.6506582412937383,14.582709923407574,0,0,0,0,3
2023.acl-long.440,2023,W4385572128,A5048013870,A5100391517,5,1,1,1,1,1,7.3375877435385961,3.8501476017100575,13.550651383796254,0,0,0,0,3
2023.acl-long.443,2023,W4385571568,A5001270218,A5100355692,4,4,1,1,1,1,9.9037375212913368,5.7960577507653719,14.61584393660922,0,0,0,0,3
2023.acl-long.445,2023,W4385571423,A5101556026,A5042018181,9,6,1,1,1,1,9.2604629813793942,3.8963451927089161,14.35551646574088,1,0,0,1,3
2023.acl-long.446,2023,W4385570582,A5109445159,A5021640058,3,1,1,1,1,1,6.926577033222725,3.6018680771243066,12.898517079221371,0,0,0,0,3
2023.acl-long.447,2023,W4385565390,A5048297682,A5101715504,6,3,1,1,1,1,8.4104984527452746,4.1324963281864768,14.112947892739644,0,0,0,0,3
2023.acl-long.448,2023,W4385570560,A5090423122,A5101698034,7,1,1,1,1,1,7.0942348459247553,3.787431127842432,12.457274845291472,0,0,0,0,3
2023.acl-long.449,2023,W4385564926,A5100746738,A5046352976,7,2,1,1,1,1,6.0867747269123065,3.1103356562929947,12.118371940099186,0,0,0,0,3
2023.acl-long.45,2023,W4385572345,A5069561378,A5049100391,5,1,1,1,1,1,7.4633630455200208,3.4965075614664798,14.462738399589806,0,0,0,0,3
2023.acl-long.450,2023,W4385564941,A5101634507,A5100364628,10,3,1,1,1,1,6.674561391814426,3.1398326175277478,13.379025260308117,0,0,0,0,3
2023.acl-long.451,2023,W4385570515,A5101917828,A5074587026,5,3,1,1,1,1,7.0422861719397432,3.5380565643793527,13.622270409704102,0,0,0,0,3
2023.acl-long.452,2023,W4385571098,A5058943445,A5041906762,2,2,1,1,1,1,6.8254600362553068,3.417726683613366,13.60796595792648,0,1,0,1,3
2023.acl-long.453,2023,W4385570552,A5018955823,A5066553616,7,3,1,1,1,1,8.4420385178154778,3.9783456483592188,10.878084927671337,0,0,0,0,3
2023.acl-long.455,2023,W4385572315,A5085563247,A5023341829,6,0,1,0,1,0,9.5591645793702007,3.9019726695746448,,0,1,0,1,3
2023.acl-long.456,2023,W4385565413,A5043602228,A5100622629,6,2,1,1,1,1,9.1079753652981541,4.7184988712950942,13.604859894543113,1,0,0,1,3
2023.acl-long.457,2023,W4385571352,A5036665467,A5044042138,5,2,1,1,1,1,8.8545222037574316,4.7397010789456973,14.61584393660922,0,0,0,0,3
2023.acl-long.458,2023,W4385572424,A5051309127,A5041089475,3,1,1,1,1,1,6.2225762680713688,3.6971782569286313,10.559529780142832,0,0,0,0,3
2023.acl-long.46,2023,W4385572602,A5039944738,A5040286212,5,3,1,1,1,1,9.1361554737868058,3.478158422798284,13.869897412356966,0,0,0,0,3
2023.acl-long.461,2023,W4385572338,A5002152251,A5064741779,5,6,1,1,1,1,6.3099182782265162,2.8094026953624978,15.217751346278851,0,0,0,0,3
2023.acl-long.462,2023,W4385570874,A5056605838,A5029568096,3,1,1,1,1,1,7.6304612617836272,3.9252682321781664,14.462738399589806,0,0,0,0,3
2023.acl-long.464,2023,W4385565298,A5100435615,A5100355884,4,4,1,1,1,1,9.3246507181535936,4.42484663185681,14.61584393660922,0,0,0,0,3
2023.acl-long.465,2023,W4385570615,A5008771080,A5100331488,10,2,1,1,1,1,8.067149039910106,3.3877743613300142,14.61584393660922,1,0,0,1,3
2023.acl-long.466,2023,W4385571707,A5112913577,A5063869451,2,1,1,1,1,1,4.6347289882296359,2.6026896854443842,12.612750351477656,0,0,0,0,3
2023.acl-long.467,2023,W4385570556,A5046012186,A5056376686,4,3,1,1,1,1,6.1463292576688975,3.3141860046725258,12.330195541732737,0,1,0,1,3
2023.acl-long.468,2023,W4385570392,A5100320478,A5000874697,5,2,1,1,1,1,9.2191018776447553,4.6968373745139154,13.60796595792648,0,0,0,0,3
2023.acl-long.470,2023,W4385572369,A5003490179,A5074288533,7,0,1,0,1,0,6.1717005974109149,3.2073814454424658,,0,0,0,0,3
2023.acl-long.471,2023,W4385570191,A5104211351,A5100706529,5,1,1,1,1,1,7.5999019592084984,3.1354942159291497,14.35551646574088,0,0,0,0,3
2023.acl-long.472,2023,W4385571704,A5071542832,A5020894677,4,3,1,1,1,1,7.6473088323562379,3.1780538303479458,13.688462105597472,0,0,0,0,3
2023.acl-long.473,2023,W4385570501,A5052720993,A5041024491,3,1,1,1,1,1,6.9255951971104679,3.864232341591797,13.89930744066524,0,0,0,0,3
2023.acl-long.475,2023,W4385572025,A5113128933,A5102203661,2,1,1,1,1,1,1.3862943611198906,0.40546510810816438,13.379446026356028,0,0,0,0,3
2023.acl-long.476,2023,W4385571533,A5102132139,A5015785439,5,3,1,1,1,1,7.9865049385539955,3.9852734671677386,14.922642121009206,0,0,0,0,3
2023.acl-long.478,2023,W4385565470,A5101358053,A5083735830,5,2,1,1,1,1,7.7664168980196546,4.1526134703460764,13.214273237213019,0,0,0,0,3
2023.acl-long.479,2023,W4385570538,A5011787904,A5079260216,11,1,1,1,1,1,8.160803920954665,3.5579420966664603,14.466038817999024,0,0,0,0,3
2023.acl-long.48,2023,W4385571078,A5080115221,A5008354502,4,2,1,1,1,1,5.780743515792329,2.4638532405901681,12.939728171427612,0,0,0,0,3
2023.acl-long.481,2023,W4385570400,A5074617304,A5010354377,4,2,1,1,1,1,5.2522734280466299,2.862200880929469,13.158070231873197,0,0,0,0,3
2023.acl-long.483,2023,W4385571067,A5078193661,A5101409984,6,3,1,1,1,1,8.4104984527452746,4.1081378843544369,14.112947892739644,1,0,0,1,3
2023.acl-long.484,2023,W4385571926,A5047553416,A5086674741,5,2,1,1,1,1,8.1149229742045925,3.9550824948885932,13.741768211269109,0,1,0,1,3
2023.acl-long.485,2023,W4385570100,A5092596152,A5055252239,3,3,1,1,1,0.66666666666666663,5.3706380281276624,2.159484249353373,11.195677256916682,0,0,0,0,3
2023.acl-long.486,2023,W4385570716,A5025156794,A5069396524,4,5,1,1,1,1,6.0258659738253142,2.7080502011022101,14.17372192100647,0,0,0,0,3
2023.acl-long.487,2023,W4385570510,A5076120409,A5081787254,10,3,1,1,1,1,8.4008840690158539,3.8133070324889888,14.141567312709212,0,0,0,0,3
2023.acl-long.488,2023,W4385570307,A5102294011,A5044651577,5,2,1,1,1,1,8.8264410417825783,3.713572066704308,14.083932590892504,0,1,0,1,3
2023.acl-long.490,2023,W4385571404,A5017373229,A5051184573,2,1,1,1,1,1,7.5626812467218842,3.4657359027997265,12.420373212656528,0,0,0,0,3
2023.acl-long.492,2023,W4385571767,A5102979706,A5018729840,3,1,1,1,1,1,4.0430512678345503,2.8716796248840124,12.078875435263171,0,1,0,1,3
2023.acl-long.493,2023,W4385571099,A5001786495,A5076635608,6,1,1,1,1,1,7.920446505142607,3.3262343431887,13.470415451024165,0,0,0,0,3
2023.acl-long.495,2023,W4385570049,A5021680636,A5002003308,6,4,1,1,1,1,6.8855096700348177,3.0985896589936988,13.16906183166356,0,0,0,0,3
2023.acl-long.496,2023,W4385571440,A5020263683,A5001291873,10,3,1,1,1,1,8.7552647633146847,4.1635596312435741,13.013913650599015,0,0,0,0,3
2023.acl-long.497,2023,W4385570638,A5057287572,A5043479061,4,1,1,1,1,1,6.6871086078665147,3.044522437723423,14.088138127913318,0,0,1,1,3
2023.acl-long.498,2023,W4385571994,A5046456944,A5023802054,7,1,1,1,1,1,8.106816038947052,3.5179216559702966,14.224327376144808,0,0,0,0,3
2023.acl-long.50,2023,W4385570258,A5066387545,A5109964078,3,5,1,1,1,1,6.5395859556176692,3.4231762883809305,12.929212999998049,0,0,0,0,3
2023.acl-long.500,2023,W4385571410,A5101416221,A5101938303,4,1,1,1,1,1,6.9800759405617629,3.3050535211092531,13.88454956172045,0,0,0,0,3
2023.acl-long.501,2023,W4385571493,A5068372754,A5101265241,16,1,1,1,1,1,8.6832159752406888,3.8163377552937381,13.077587744211248,0,0,0,0,3
2023.acl-long.502,2023,W4385571740,A5101759071,A5021167152,7,3,1,1,1,1,8.7285879956958983,4.2025581468623336,14.528904874854756,0,1,0,1,3
2023.acl-long.504,2023,W4385569956,A5070933659,A5074210163,7,0,1,0,1,0,7.301147805856032,3.1292636661785136,,0,0,0,0,3
2023.acl-long.506,2023,W4385571718,A5017046391,A5025255782,4,1,1,1,1,1,9.2565557957731457,4.2731878546397306,14.582709923407574,0,1,0,1,3
2023.acl-long.507,2023,W4385570581,A5075490667,A5000874697,4,2,1,1,1,1,6.4457198193855785,3.3586377672433594,13.60796595792648,0,1,0,1,3
2023.acl-long.509,2023,W4385571795,A5101773557,A5100757326,9,1,1,1,1,1,6.4134589571673573,2.6230569882688171,13.660953962431048,0,0,0,0,3
2023.acl-long.510,2023,W4385570133,A5002228588,A5081393566,5,2,1,1,1,1,7.6511201757027001,3.7565381025877511,14.47161193853173,0,1,0,1,3
2023.acl-long.512,2023,W4385570065,A5084629623,A5047026141,4,1,1,1,1,1,7.3434262291473669,2.9957322735539909,14.258103806706844,0,0,0,0,3
2023.acl-long.514,2023,W4385570304,A5067972035,A5007682958,7,1,1,1,1,1,6.9177056098353047,3.5263605246161616,14.051739323227141,0,0,0,0,3
2023.acl-long.515,2023,W4385570780,A5101856638,A5009732907,7,2,1,1,1,1,7.9352295398169073,3.4431615807611875,14.074777723676515,0,0,0,0,3
2023.acl-long.516,2023,W4385571421,A5100568265,A5047709762,5,1,1,1,1,1,6.9716686047257896,3.5553480614894131,12.898517079221371,0,0,0,0,3
2023.acl-long.517,2023,W4385572283,A5077575645,A5015133105,4,2,1,1,1,1,7.191429330036379,3.8286413964890951,13.604859894543113,0,1,0,1,3
2023.acl-long.518,2023,W4385572372,A5016502904,A5079260216,8,1,1,1,1,1,8.2563477729180157,3.995904489408848,14.466038817999024,0,0,0,0,3
2023.acl-long.519,2023,W4385565474,A5100777438,A5100333729,11,3,1,1,1,1,8.2581633615376191,3.756962821218047,14.466038817999024,0,0,0,0,3
2023.acl-long.520,2023,W4385572344,A5004495956,A5073503574,3,3,1,1,1,1,6.7141705299094721,4.0371861483821521,13.439413942727841,0,1,0,1,3
2023.acl-long.522,2023,W4385565450,A5009644404,A5036786337,10,3,1,1,1,1,9.4916018766250403,4.2150861799182291,14.008854478039964,0,0,0,0,3
2023.acl-long.525,2023,W4385571267,A5100358009,A5088834359,9,2,1,1,1,1,8.5930425036996745,4.2453155891319794,14.051739323227141,0,0,0,0,3
2023.acl-long.526,2023,W4385565354,A5030566556,A5025631695,6,3,1,1,1,1,9.0027010071979383,4.2743486208756929,13.13676911471193,1,0,0,1,3
2023.acl-long.527,2023,W4385571530,A5081246075,A5029052900,9,2,1,1,1,1,8.8372456438984699,3.619886582626985,14.008854478039964,0,0,0,0,3
2023.acl-long.53,2023,W4385571433,A5108296434,A5102944075,5,2,1,1,1,1,6.9186952190204716,3.4339872044851463,13.550651383796254,0,0,0,0,3
2023.acl-long.531,2023,W4385565276,A5070890959,A5089085275,4,2,1,1,1,1,6.8855096700348177,3.6309854756950335,13.604859894543113,1,0,0,1,3
2023.acl-long.532,2023,W4385571940,A5101745046,A5100631152,5,2,1,1,1,1,7.5953872788539716,3.992680908445601,12.457274845291472,0,0,0,0,3
2023.acl-long.533,2023,W4385564947,A5100776877,A5036050911,4,3,1,1,1,1,7.5832475243033617,3.7436043538031831,14.48897836363215,1,0,0,1,3
2023.acl-long.534,2023,W4385571439,A5100642607,A5100642607,1,1,0.25,1,1,1,7.3382381500655889,4.8751973232011512,12.721306538583828,0,0,0,0,3
2023.acl-long.535,2023,W4385571309,A5044250030,A5102992157,10,5,1,1,1,1,9.3003638746237716,4.0876555740713041,14.415806981857871,0,0,0,0,3
2023.acl-long.536,2023,W4385570633,A5113257052,A5037132097,6,3,1,1,1,1,7.360103972989152,3.9318256327243257,14.462738399589806,1,0,0,1,3
2023.acl-long.537,2023,W4385571238,A5113763478,A5110081955,3,1,1,1,1,1,8.0182961385155203,3.044522437723423,14.225970504405945,0,0,0,0,3
2023.acl-long.538,2023,W4385570018,A5018559514,A5001956210,8,2,1,1,1,1,6.2461067654815627,2.8332133440562162,12.455585451864451,0,0,0,0,3
2023.acl-long.539,2023,W4385571454,A5091491018,A5044042138,7,2,1,1,1,1,8.4167096528379144,4.2706959520295511,14.61584393660922,0,0,0,0,3
2023.acl-long.54,2023,W4385565373,A5083350804,A5089269353,5,2,1,1,1,1,5.3565862746720123,2.6100697927420065,11.318478693977967,0,0,0,0,3
2023.acl-long.540,2023,W4385564894,A5013856385,A5100372676,7,2,1,1,1,1,9.4040963063958003,4.1699819764277208,13.664837656980817,0,0,0,0,3
2023.acl-long.541,2023,W4385572057,A5092061478,A5035142405,3,1,1,1,1,1,6.9226438914758877,3.0602707946915619,13.604859894543113,0,0,0,0,3
2023.acl-long.542,2023,W4385571924,A5100330624,A5100360407,10,4,1,1,1,1,8.4171518372360108,3.7932394694381792,15.535312945342914,0,0,0,0,3
2023.acl-long.544,2023,W4385572047,A5101585517,A5100752356,5,1,1,1,1,1,9.5202486031861273,4.01096295328305,13.854114734944336,0,0,0,0,3
2023.acl-long.546,2023,W4385570777,A5025230160,A5082305994,6,3,1,1,1,1,8.5705443669132322,4.0430512678345503,14.528904874854756,0,0,0,0,3
2023.acl-long.55,2023,W4385572556,A5004217423,A5083735830,2,1,1,1,1,1,7.6596429545646822,4.5379614362946414,13.214273237213019,0,0,0,0,3
2023.acl-long.551,2023,W4385571658,A5051401703,A5075455584,5,3,1,1,1,1,5.9080829381689313,2.6810215287142909,14.47161193853173,1,1,0,1,3
2023.acl-long.553,2023,W4385571842,A5101204757,A5036544715,4,2,1,1,1,1,7.3708601665367164,3.277144732992177,14.922642121009206,0,1,0,1,3
2023.acl-long.555,2023,W4385572158,A5100622412,A5033639139,8,4,1,1,1,1,8.058643712215618,3.2724165917962305,14.582709923407574,0,0,0,0,3
2023.acl-long.556,2023,W4385565002,A5033894687,A5026525778,5,5,1,1,1,1,6.2934192788464811,2.5649493574615367,13.078465824867104,0,0,0,0,3
2023.acl-long.558,2023,W4385570744,A5013449404,A5070302452,4,1,1,1,1,1,7.4815557019095165,4.3757570216602861,9.5951945261802223,0,0,0,0,3
2023.acl-long.56,2023,W4385570705,A5028217553,A5102462376,7,2,1,1,1,1,8.995040974685022,3.2245738459828384,12.929212999998049,0,0,0,0,3
2023.acl-long.561,2023,W4385570723,A5079263849,A5039096905,4,1,1,1,1,1,7.179307969504034,3.417726683613366,13.362332580196512,1,0,0,1,3
2023.acl-long.563,2023,W4385572196,A5100352782,A5015709853,3,3,1,1,1,1,7.8800482009715767,4.503506532211591,14.037877808034631,0,0,0,0,3
2023.acl-long.564,2023,W4385565392,A5100389535,A5115430452,5,1,1,1,1,1,6.508769136971682,3.1527360223636558,10.44482298250669,0,1,0,1,3
2023.acl-long.565,2023,W4385570403,A5070751621,A5070302452,3,0,1,0,1,0,7.4815557019095165,3.8849943330402268,,0,1,0,1,3
2023.acl-long.567,2023,W4385570422,A5102763494,A5002316432,2,1,1,1,1,1,6.2245584292753602,3.6506582412937383,13.900687753871743,0,0,0,0,3
2023.acl-long.569,2023,W4385571845,A5038276570,A5075825791,4,1,1,1,1,1,6.9450510637258338,3.8177123259569048,14.528904874854756,0,0,0,0,3
2023.acl-long.57,2023,W4385571012,A5057608223,A5003324011,8,2,1,1,1,1,8.1423542768498347,3.7013019741124928,14.61584393660922,1,0,0,1,3
2023.acl-long.570,2023,W4385570747,A5075132532,A5100777692,4,3,1,1,1,1,5.9215784196438159,2.5839975524322312,12.933587435810542,0,0,0,0,3
2023.acl-long.571,2023,W4385571409,A5000331140,A5058037733,6,2,1,1,1,1,8.3010252538384535,3.1640675883732059,13.077587744211248,0,0,0,0,3
2023.acl-long.572,2023,W4385565237,A5100578821,A5100427076,6,1,1,1,1,1,8.1715994803454635,4.1457767358543709,13.664837656980817,0,1,0,1,3
2023.acl-long.573,2023,W4385571873,A5104344594,A5068811427,5,3,1,1,1,1,9.2846126163507705,4.1987045775463434,14.48897836363215,0,0,0,0,3
2023.acl-long.575,2023,W4385571401,A5060189598,A5013911439,8,3,1,1,1,1,8.3442673562626446,4.0604430105464191,14.415806981857871,0,0,0,0,3
2023.acl-long.576,2023,W4385570648,A5013206744,A5042262991,6,2,1,1,1,1,6.5294188382622256,3.1498829533812494,12.357449481808036,0,0,0,0,3
2023.acl-long.577,2023,W4385572095,A5100402759,A5103239171,7,2,1,1,1,1,7.2765564027187102,2.9885637840753785,14.466038817999024,0,0,0,0,3
2023.acl-long.578,2023,W4385571148,A5109628219,A5058291454,4,1,1,1,1,1,5.9661467391236922,2.2772672850097559,14.35551646574088,0,1,0,1,3
2023.acl-long.579,2023,W4385572498,A5053183023,A5074103823,7,4,1,1,1,1,10.004915345166239,4.9914039321683683,14.163465896396607,0,0,0,0,3
2023.acl-long.580,2023,W4385570995,A5009715645,A5032780546,7,0,1,0,1,0,6.6267177492490248,2.9216243014002692,,0,0,0,0,3
2023.acl-long.582,2023,W4385572376,A5021186822,A5052909911,7,3,1,1,1,1,7.0967213784947605,3.18398856586776,12.129256393911538,0,0,0,0,3
2023.acl-long.583,2023,W4385565410,A5103098617,A5082305994,4,2,1,1,1,1,9.2015014233089776,4.4218481288605531,14.415806981857871,0,0,0,0,3
2023.acl-long.584,2023,W4385571925,A5005833441,A5044614361,8,5,1,1,1,1,8.3007769608514543,3.2386784521643803,14.366453415965321,0,0,0,0,3
2023.acl-long.585,2023,W4385570190,A5074603286,A5071445044,5,1,1,1,1,1,7.4133673356952396,3.3603753871419002,14.466038817999024,0,0,0,0,3
2023.acl-long.587,2023,W4385571525,A5034426796,A5047270546,10,2,1,1,1,1,7.9627639301681148,3.4045251717548299,14.07966629371149,0,1,0,1,3
2023.acl-long.591,2023,W4385893847,A5059447603,A5001082656,4,2,1,1,1,1,7.8747391251718106,4.1588830833596724,14.225970504405945,0,0,0,0,3
2023.acl-long.592,2023,W4385572268,A5030193330,A5101880377,3,2,1,1,1,1,6.7080840838530698,2.8332133440562162,13.550651383796254,0,1,0,1,3
2023.acl-long.593,2023,W4385571946,A5112917047,A5012597518,5,1,1,1,1,1,7.1785454837636999,3.3877743613300142,14.008854478039964,0,0,0,0,3
2023.acl-long.594,2023,W4385572608,A5101584823,A5101853761,11,5,1,1,1,1,9.7000240719887447,4.3040650932041702,14.61584393660922,1,0,0,1,3
2023.acl-long.595,2023,W4385570115,A5102710198,A5044665993,4,1,1,1,1,1,8.8891704553634128,3.7727609380946383,14.051739323227141,0,0,0,0,3
2023.acl-long.596,2023,W4385570155,A5050818189,A5066791810,6,1,1,1,1,1,8.9385316486806925,4.3567088266895917,9.6591842033862925,0,0,0,0,3
2023.acl-long.599,2023,W4385570844,A5010399428,A5100333729,3,4,1,1,1,1,8.2581633615376191,4.2341065045972597,14.466038817999024,0,0,0,0,3
2023.acl-long.6,2023,W4385571340,A5016442962,A5052875434,2,1,1,1,1,1,5.0625950330269669,2.5649493574615367,9.9160582097099805,0,1,0,1,3
2023.acl-long.60,2023,W4385572055,A5100623508,A5030468199,9,0,1,0,1,0,7.5973963202127948,3.5328752056373549,,0,0,0,0,3
2023.acl-long.600,2023,W4385572215,A5112570819,A5036050911,4,2,1,1,1,1,7.5832475243033617,3.7256934272366529,14.48897836363215,0,1,0,1,3
2023.acl-long.601,2023,W4385571155,A5019703861,A5100402911,6,2,1,1,1,1,8.1772348855101935,3.8712010109078911,13.851094859688263,0,0,0,0,3
2023.acl-long.603,2023,W4385572130,A5101230922,A5109309570,6,6,0.8571428571428571,1,1,1,8.5295169411050686,3.8066624897703201,13.854114734944336,0,0,0,0,3
2023.acl-long.604,2023,W4385571389,A5045639716,A5100321247,4,2,1,1,1,1,7.837554360881084,3.3322045101752038,14.462738399589806,0,0,0,0,3
2023.acl-long.605,2023,W4385570255,A5102203086,A5024821632,4,7,1,1,1,1,7.3594676382556212,3.2386784521643803,14.008854478039964,0,0,0,0,3
2023.acl-long.606,2023,W4385570970,A5063106324,A5018288181,5,3,1,1,1,1,7.3907985217356762,3.7658404952500648,15.535312945342914,0,0,0,0,3
2023.acl-long.607,2023,W4385570583,A5103092206,A5030906930,3,1,1,1,1,1,6.4035741979348151,2.6855773452501515,14.462738399589806,0,0,0,0,3
2023.acl-long.608,2023,W4385571680,A5020779586,A5018149714,7,6,1,1,1,1,7.9294865233142895,3.5305534028761976,13.854114734944336,0,0,0,0,3
2023.acl-long.609,2023,W4385571737,A5020860954,A5008875255,44,19,1,1,1,1,6.9948499858330706,2.6897010624340134,14.79170697092596,0,0,0,0,3
2023.acl-long.61,2023,W4385570522,A5009189077,A5071144367,11,7,1,1,1,1,8.0245348716056952,3.4571766494040568,15.217751346278851,1,0,0,1,3
2023.acl-long.611,2023,W4385570223,A5100423435,A5079260216,7,1,1,1,1,1,8.160803920954665,4.2278759548466232,14.466038817999024,0,1,0,1,3
2023.acl-long.612,2023,W4385571224,A5115589630,A5101230912,11,1,1,1,1,1,6.8658910748834394,2.658350532549937,12.933587435810542,0,0,0,0,3
2023.acl-long.614,2023,W4385571214,A5013535642,A5100442321,5,4,1,1,1,1,7.6357868613955846,3.7281001672672178,15.535312945342914,0,0,0,0,3
2023.acl-long.615,2023,W4385570528,A5071777193,A5030248499,5,5,1,1,1,1,8.0433421704416084,3.8458832029236012,14.61584393660922,0,0,0,0,3
2023.acl-long.616,2023,W4385571425,A5046126345,A5090471617,5,3,1,1,1,1,7.7002952034201169,2.7343675094195841,14.343549577504779,0,0,0,0,3
2023.acl-long.617,2023,W4385570996,A5034757629,A5038002204,5,2,1,1,1,1,6.7742238863576141,3.6938669956249761,13.007392384247751,0,1,0,1,3
2023.acl-long.618,2023,W4385570730,A5079221356,A5100331488,7,3,1,1,1,1,8.5077487325882384,4.4493514490601358,13.88454956172045,0,0,0,0,3
2023.acl-long.62,2023,W4385570094,A5104245194,A5100425973,6,1,1,1,1,1,6.3613024775729956,2.19722457733622,13.660953962431048,0,0,0,0,3
2023.acl-long.621,2023,W4385571209,A5077525450,A5064113904,3,2,1,1,1,1,6.0088131854425946,3.1640675883732059,13.883879234682198,0,0,0,0,3
2023.acl-long.623,2023,W4385570269,A5019605874,A5023931221,5,1,1,1,1,1,7.6255950721324526,3.858622228701031,13.36134248188498,1,0,0,1,3
2023.acl-long.624,2023,W4385570693,A5070613964,A5029637639,8,3,1,1,1,1,9.3003638746237716,4.4528927505425138,14.415806981857871,0,0,0,0,3
2023.acl-long.625,2023,W4385571266,A5058308999,A5088834359,5,1,1,1,1,1,8.8891704553634128,4.1431347263915326,14.051739323227141,0,0,0,0,3
2023.acl-long.627,2023,W4385564879,A5108481711,A5100574374,4,2,0.80000000000000004,1,1,1,7.6916568228105469,3.912023005428146,14.35551646574088,1,0,0,1,3
2023.acl-long.628,2023,W4385571676,A5101655811,A5100618738,4,3,1,1,1,1,7.9294865233142895,3.3928291319916388,13.90599273807554,0,1,0,1,3
2023.acl-long.63,2023,W4385570773,A5001130005,A5108647194,2,1,1,1,1,1,6.2126060957515188,2.8903717578961645,8.7815554585464017,0,1,0,1,3
2023.acl-long.630,2023,W4385571779,A5034624275,A5044250030,7,3,1,1,1,1,9.3003638746237716,4.1939744031709418,14.415806981857871,0,0,0,0,3
2023.acl-long.634,2023,W4385572448,A5021479277,A5085608858,4,1,1,1,1,1,8.7318205829621078,3.0204248861443626,11.462442368599396,0,0,0,0,3
2023.acl-long.636,2023,W4385570415,A5100609334,A5101590175,6,4,1,1,1,1,9.5353182291716596,4.2268337452681797,14.225970504405945,0,0,0,0,3
2023.acl-long.637,2023,W4385571246,A5100324482,A5014937762,3,1,1,1,1,1,7.0766538154439509,3.4760986898352728,12.296406829211357,1,0,0,1,3
2023.acl-long.639,2023,W4385571338,A5029648742,A5100392089,14,2,1,1,1,1,8.9419379142563589,4.2696974496999616,14.112947892739644,0,0,0,0,3
2023.acl-long.640,2023,W4385570898,A5078813301,A5082774439,4,1,1,1,1,1,6.9343972099285578,2.8183982582710758,13.529545676961634,0,0,0,0,3
2023.acl-long.641,2023,W4385570412,A5113079567,A5042819803,3,1,1,1,1,1,7.0647590277918022,3.713572066704308,13.007392384247751,0,0,0,0,3
2023.acl-long.642,2023,W4385570574,A5111090196,A5085263462,2,1,0.66666666666666663,1,1,1,7.3802557884264601,3.5695326964813701,13.699629337709988,0,0,0,0,3
2023.acl-long.643,2023,W4385893848,A5074277807,A5015518638,3,2,1,1,1,1,8.9190518039302908,3.5742165457937962,14.582709923407574,0,1,0,1,3
2023.acl-long.644,2023,W4385571441,A5054240155,A5000947076,3,2,1,1,1,1,7.0361484937505363,3.8985999850960056,13.29221585061566,0,0,0,0,3
2023.acl-long.645,2023,W4385565471,A5045582046,A5058837356,4,2,1,1,1,1,6.8554087986099281,4.0073331852324712,14.582709923407574,0,0,0,0,3
2023.acl-long.646,2023,W4385571804,A5059027413,A5085451600,6,3,0.8571428571428571,1,1,1,7.9215356321335486,3.0602707946915619,13.643741922706475,1,0,0,1,3
2023.acl-long.647,2023,W4385571393,A5091822496,A5062910836,3,1,1,1,1,1,7.4673710669175586,4.0012541391560887,12.929212999998049,0,1,0,1,3
2023.acl-long.649,2023,W4385571863,A5074544822,A5070872826,5,2,1,1,1,1,7.4696541729321284,3.9318256327243257,13.854114734944336,0,0,0,0,3
2023.acl-long.65,2023,W4385571156,A5114488826,A5101607895,3,1,1,1,1,1,5.2149357576089859,2.120263536200091,13.664837656980817,0,0,0,0,3
2023.acl-long.651,2023,W4385572560,A5005572782,A5076447478,5,1,1,1,1,1,7.3783837129967136,3.8066624897703201,14.074777723676515,0,1,0,1,3
2023.acl-long.652,2023,W4385565160,A5054388208,A5071397402,7,2,1,1,1,1,6.8254600362553068,3.3916279306460049,12.10778704354431,0,0,0,0,3
2023.acl-long.653,2023,W4385570226,A5110944281,A5020441209,15,11,1,1,1,1,8.0946836486988154,3.4760986898352728,14.79170697092596,1,0,0,1,3
2023.acl-long.654,2023,W4385571833,A5062937087,A5013135203,7,2,1,1,1,1,7.0457765768795113,2.9667447366807385,13.415984777081359,0,0,0,0,3
2023.acl-long.656,2023,W4385564993,A5039166924,A5062910836,4,3,1,1,1,1,7.4673710669175586,3.5624655292582776,14.415806981857871,0,1,0,1,3
2023.acl-long.657,2023,W4385571942,A5070590353,A5082677600,3,1,1,1,1,1,4.1271343850450917,1.4663370687934272,13.00644959360762,0,0,0,0,3
2023.acl-long.658,2023,W4385570881,A5085634481,A5041906762,3,2,1,1,1,1,8.3133619511344001,4.4923746918427465,13.60796595792648,0,0,0,0,3
2023.acl-long.66,2023,W4385572453,A5083650707,A5036738038,4,2,1,1,1,1,5.5568280616995374,2.8183982582710758,12.118371940099186,0,1,0,1,3
2023.acl-long.661,2023,W4385564943,A5003754421,A5100641120,4,1,1,1,1,1,4.7791234931115296,2.4423470353692043,12.853435016315627,0,0,0,0,3
2023.acl-long.662,2023,W4385572628,A5025357679,A5088832285,3,2,1,1,1,1,7.1196356380176358,3.7917368395536442,13.760662531945291,0,0,0,0,3
2023.acl-long.663,2023,W4385570980,A5100622897,A5065674779,8,1,1,1,1,1,8.3774712482411005,3.9070104636046019,8.546169299652755,1,0,0,1,3
2023.acl-long.665,2023,W4385565131,A5019939300,A5040285223,7,1,1,1,1,1,4.9126548857360524,1.4213856809311609,12.744893714208891,0,0,0,0,3
2023.acl-long.666,2023,W4385571999,A5064247626,A5101906756,4,1,1,1,1,1,6.1025585946135692,3.0910424533583161,14.48897836363215,0,0,0,0,3
2023.acl-long.67,2023,W4385570746,A5101680356,A5073287748,3,2,1,1,1,1,7.2806971953847412,4.1743872698956368,13.550651383796254,1,0,0,1,3
2023.acl-long.670,2023,W4385570856,A5047834423,A5088834359,4,1,1,1,1,1,8.5930425036996745,4.1271343850450917,14.051739323227141,0,0,0,0,3
2023.acl-long.671,2023,W4385565099,A5101839677,A5023802054,5,1,1,1,1,1,8.106816038947052,4.0707346965829672,11.019104440020062,0,0,0,0,3
2023.acl-long.672,2023,W4385570992,A5006441262,A5015061573,2,1,1,1,1,1,6.7068623366027467,3.7256934272366529,13.35408126381866,0,0,0,0,3
2023.acl-long.676,2023,W4385572133,A5048847368,A5083712311,6,3,1,1,1,1,7.3901814282264287,4.2461114506940829,12.590249423231658,0,0,0,0,3
2023.acl-long.677,2023,W4385570119,A5018893229,A5005421447,5,2,1,1,1,1,9.8147109821452823,4.6895113344218426,14.466038817999024,0,0,0,0,3
2023.acl-long.678,2023,W4385565204,A5100707907,A5101488340,5,2,1,1,1,1,6.4520489544372257,3.2347491740244907,13.701465776321481,0,0,0,0,3
2023.acl-long.679,2023,W4385571869,A5100632530,A5100716372,5,2,1,1,1,1,7.1522688560325394,3.2347491740244907,14.462738399589806,0,0,0,0,3
2023.acl-long.680,2023,W4385571665,A5050969774,A5102004349,8,2,1,1,1,1,8.2643633297316672,3.8421368779639802,14.051739323227141,0,0,0,0,3
2023.acl-long.681,2023,W4385571446,A5044491951,A5100678940,4,1,1,1,1,1,6.2897155709089976,2.8183982582710758,12.853435016315627,0,0,0,0,3
2023.acl-long.682,2023,W4385570763,A5012122990,A5029448258,4,1,1,1,1,1,7.4483338608974758,4.1972019476618083,12.929212999998049,0,0,0,0,3
2023.acl-long.683,2023,W4385571587,A5100297643,A5101829031,5,4,1,1,1,1,7.6534949096612532,3.8753590210565543,14.224327376144808,0,0,0,0,3
2023.acl-long.684,2023,W4385570360,A5103008895,A5014951848,8,5,1,1,1,1,8.7251824949587693,3.6276687230690401,14.61584393660922,0,0,0,0,3
2023.acl-long.685,2023,W4385571489,A5044012386,A5085370631,3,1,1,1,1,1,8.0410910037086332,3.9951379121386528,10.670999815051379,0,0,0,0,3
2023.acl-long.686,2023,W4385571193,A5100539655,A5086674741,4,3,1,1,1,1,8.1149229742045925,4.0474276424343492,13.854114734944336,1,1,0,1,3
2023.acl-long.687,2023,W4385571645,A5041701394,A5067919401,7,4,0.875,1,1,1,9.2565557957731457,4.1085291972140574,14.582709923407574,0,0,0,0,3
2023.acl-long.688,2023,W4385570642,A5101800671,A5112136402,4,1,1,1,1,1,5.7714411231300158,2.5257286443082561,13.077587744211248,0,0,0,0,3
2023.acl-long.689,2023,W4385571586,A5046548985,A5087051832,7,4,1,1,1,1,7.215975002651466,3.0845277723371223,13.575472596388259,0,0,0,0,3
2023.acl-long.69,2023,W4385571262,A5065026133,A5022601535,4,0,1,0,1,0,7.2145044141511434,3.6763006719070761,,0,0,0,0,3
2023.acl-long.692,2023,W4385571018,A5100622261,A5040821130,4,1,1,1,1,1,8.9385316486806925,4.6443908991413725,9.6591842033862925,0,0,0,0,3
2023.acl-long.693,2023,W4385570009,A5078774993,A5101614265,6,4,0.8571428571428571,1,1,1,7.0967213784947605,3.3202283191284883,13.727458275784391,1,0,0,1,3
2023.acl-long.695,2023,W4385571513,A5052049405,A5058915697,8,1,1,1,1,1,7.9050728494986657,3.6538997352179097,12.929212999998049,0,0,0,0,3
2023.acl-long.696,2023,W4385570461,A5082553860,A5061025205,7,1,1,1,1,1,7.2041492920359396,3.0513021247088017,13.664837656980817,0,0,0,0,3
2023.acl-long.698,2023,W4385571079,A5004615610,A5008666077,8,2,1,1,1,1,7.9229859587111955,3.5589131276539097,11.505064649558379,0,0,0,0,3
2023.acl-long.699,2023,W4385571864,A5006038779,A5091450706,2,1,1,1,1,1,3.970291913552122,2.3025850929940459,12.337898835122028,0,1,0,1,3
2023.acl-long.70,2023,W4385572527,A5102818141,A5100716372,6,3,1,1,1,1,7.1522688560325394,3.3956263366127,14.462738399589806,0,0,0,0,3
2023.acl-long.700,2023,W4385571839,A5114072225,A5074144827,3,2,1,1,1,1,6.3171646867472839,1.4663370687934272,12.55244924306535,0,0,0,0,3
2023.acl-long.701,2023,W4385572665,A5101862227,A5014238603,3,2,1,1,1,1,7.1188262490620779,3.0757749812275281,13.851094859688263,1,0,0,1,3
2023.acl-long.702,2023,W4385571764,A5102803513,A5081537657,6,1,1,1,1,1,6.9177056098353047,3.2644863361202532,14.051739323227141,1,0,0,1,3
2023.acl-long.703,2023,W4385572257,A5091880855,A5086877012,6,4,1,1,1,1,8.5694060628631714,3.7495040759303713,13.643741922706475,0,0,0,0,3
2023.acl-long.704,2023,W4385572481,A5101671589,A5017671620,7,2,1,1,1,1,8.3155664835642771,3.3623575483458921,13.851094859688263,0,0,0,0,3
2023.acl-long.705,2023,W4385571579,A5100751726,A5100456543,5,3,1,1,1,1,8.1991893590780673,3.970291913552122,15.535312945342914,0,0,0,0,3
2023.acl-long.706,2023,W4385571318,A5100603995,A5047878798,13,5,1,1,1,1,8.5980355792603387,4.0335596711529789,14.462738399589806,0,0,0,0,3
2023.acl-long.707,2023,W4385570896,A5092050126,A5109565051,3,1,1,1,1,1,8.0313853306255343,3.3081069585961438,14.07966629371149,0,0,0,0,3
2023.acl-long.708,2023,W4385571358,A5091822496,A5026227210,6,1,1,1,1,1,7.5973963202127948,3.5835189384561099,14.415806981857871,0,0,0,0,3
2023.acl-long.709,2023,W4385570888,A5102245113,A5044042138,3,1,1,1,1,1,8.4124991203015718,4.1692458703952182,11.331655355212051,1,1,0,1,3
2023.acl-long.71,2023,W4385893887,A5086407377,A5100752356,5,2,1,1,1,1,9.5202486031861273,4.0430512678345503,13.88454956172045,0,0,0,0,3
2023.acl-long.710,2023,W4385572393,A5100411506,A5079046603,4,1,1,1,1,1,7.3517998690577766,3.9608131695975781,13.501003901886088,0,0,0,0,3
2023.acl-long.713,2023,W4385570998,A5018367168,A5066791810,4,2,1,1,1,1,7.1838707150624526,3.0563568953704259,14.415806981857871,0,0,0,0,3
2023.acl-long.715,2023,W4385571168,A5100672694,A5100379373,7,1,1,1,1,1,7.3421317305847218,3.4011973816621555,8.995040974685022,0,0,0,0,3
2023.acl-long.717,2023,W4385570168,A5065688288,A5100443469,3,1,1,1,1,1,8.019941687677365,3.8781214537524646,13.699629337709988,0,1,0,1,3
2023.acl-long.718,2023,W4385570038,A5100777438,A5100333729,7,0,1,0,1,0,8.3516107506265591,4.1225154391887973,,0,0,0,0,3
2023.acl-long.719,2023,W4385572023,A5100551503,A5100384130,6,1,1,1,1,1,7.3932630947638378,3.5361166995615263,13.72814275382567,0,0,0,0,3
2023.acl-long.720,2023,W4385571963,A5101421201,A5100459130,6,3,1,1,1,1,8.8891704553634128,4.3481250829981999,14.051739323227141,0,0,0,0,3
2023.acl-long.721,2023,W4385572090,A5076244567,A5082305994,3,1,1,1,1,1,8.5705443669132322,4.0943445622221004,14.415806981857871,0,1,0,1,3
2023.acl-long.722,2023,W4385572358,A5109608230,A5005421447,6,2,1,1,1,1,9.8147109821452823,4.5343900039270446,14.466038817999024,0,0,0,0,3
2023.acl-long.723,2023,W4385570311,A5071777193,A5030248499,7,4,1,1,1,1,8.4104984527452746,4.0847751112059498,14.61584393660922,0,0,0,0,3
2023.acl-long.724,2023,W4385571231,A5084566053,A5114910293,7,4,0.875,1,1,1,9.3945767609749087,3.9942611036651181,14.088138127913318,1,0,0,1,3
2023.acl-long.725,2023,W4385570794,A5055987663,A5009408707,3,3,1,1,1,1,8.3133619511344001,4.4886363697321396,13.60796595792648,0,0,0,0,3
2023.acl-long.727,2023,W4385571062,A5000944002,A5023919188,6,3,1,1,1,1,8.7901168928924722,4.0859763125515842,15.535312945342914,0,0,0,0,3
2023.acl-long.728,2023,W4385572320,A5100665991,A5100668416,8,8,0.88888888888888884,1,1,1,8.2705250950550706,4.1108738641733114,14.008854478039964,0,0,0,0,3
2023.acl-long.731,2023,W4385571435,A5100371177,A5066848156,3,2,1,1,1,1,4.1108738641733114,2.427748235948052,11.924829796707296,0,0,0,0,3
2023.acl-long.732,2023,W4385570630,A5101635864,A5108048308,2,1,1,1,1,1,0,0.91629073187415522,13.379025260308117,1,0,0,1,3
2023.acl-long.733,2023,W4385570346,A5100601726,A5100778791,6,2,1,1,1,1,7.4662275562154807,3.4231762883809305,14.008854478039964,1,0,0,1,3
2023.acl-long.737,2023,W4385570443,A5100333712,A5087682739,2,1,1,1,1,1,5.476463551931511,3.3322045101752038,13.327468408470112,0,0,0,0,3
2023.acl-long.738,2023,W4385571230,A5016046839,A5100355692,4,4,1,1,1,1,9.9037375212913368,5.6276211136906369,14.61584393660922,0,0,0,0,3
2023.acl-long.739,2023,W4385571508,A5080937886,A5019494985,5,3,1,1,1,1,8.2071291680713259,3.8066624897703201,13.60796595792648,0,0,0,0,3
2023.acl-long.74,2023,W4385571534,A5086600391,A5090308773,9,4,1,1,1,1,6.3716118472318568,2.9207692350805359,14.582709923407574,0,0,0,0,3
2023.acl-long.740,2023,W4385571042,A5100702888,A5088492734,6,4,1,1,1,1,8.999742789830492,4.219507705176107,13.997242774464681,0,0,0,0,3
2023.acl-long.741,2023,W4385570408,A5066758808,A5007985173,6,1,1,1,1,1,8.3155664835642771,3.2958368660043291,13.851094859688263,0,1,0,1,3
2023.acl-long.743,2023,W4385571162,A5102833089,A5062807811,4,3,1,1,1,1,9.2869309741378956,4.4158240142571721,13.388837645761276,0,1,0,1,3
2023.acl-long.744,2023,W4385571120,A5100385729,A5100370155,12,1,1,1,1,1,7.798112628829788,3.550574782736756,12.974670467887972,0,1,0,1,3
2023.acl-long.745,2023,W4385570121,A5070385491,A5025827839,3,1,1,1,1,1,6.9763480704477487,4.0430512678345503,12.330195541732737,0,0,0,0,3
2023.acl-long.747,2023,W4385570939,A5020192829,A5089085275,3,1,1,1,1,1,6.8855096700348177,3.4657359027997265,13.16906183166356,0,0,0,0,3
2023.acl-long.748,2023,W4385571998,A5080943673,A5100650977,12,1,0.92307692307692324,1,1,1,6.620073206530356,2.7300291078209851,10.38917996666312,0,0,0,0,3
2023.acl-long.749,2023,W4385571861,A5112924202,A5100644428,6,5,1,1,1,1,9.6364574198152084,4.3063148129381856,15.535312945342914,0,0,0,0,3
2023.acl-long.751,2023,W4385571234,A5101939423,A5055232825,4,1,1,1,1,1,6.7707894239089796,3.277144732992177,13.805359206907898,0,0,0,0,3
2023.acl-long.753,2023,W4385571746,A5051335503,A5042262991,6,1,1,1,1,1,7.3581937527330323,3.2834143460057721,12.357449481808036,0,0,0,0,3
2023.acl-long.755,2023,W4385571339,A5044680720,A5055007304,3,1,1,1,1,1,7.5999019592084984,3.4446824936018943,14.35551646574088,0,0,0,0,3
2023.acl-long.756,2023,W4385570109,A5054133264,A5041274293,4,2,1,1,1,1,5.9635793436184459,2.8763855159214247,13.470415451024165,0,0,0,0,3
2023.acl-long.758,2023,W4385571841,A5041333761,A5076635608,6,2,1,1,1,1,7.920446505142607,3.2321210516182211,13.727458275784391,0,0,0,0,3
2023.acl-long.76,2023,W4385564972,A5100345753,A5114910293,6,2,1,1,1,1,9.3945767609749087,4.591747165655951,14.07966629371149,0,0,0,0,3
2023.acl-long.760,2023,W4385571960,A5015920766,A5100716372,4,5,1,1,1,1,7.1522688560325394,3.755369195382769,14.008854478039964,0,0,0,0,3
2023.acl-long.761,2023,W4385571666,A5044296549,A5112502341,3,1,1,1,1,1,4.4886363697321396,2.9618307218783091,10.757541113134543,0,0,0,0,3
2023.acl-long.763,2023,W4385571694,A5072753988,A5070477596,6,2,1,1,1,1,8.4924905787758664,3.4812400893356918,13.362332580196512,0,0,0,0,3
2023.acl-long.764,2023,W4385571223,A5010233747,A5034536222,10,4,1,1,1,1,8.6926579607469794,3.7541989202345789,15.535312945342914,0,0,0,0,3
2023.acl-long.766,2023,W4385570983,A5014045777,A5102274699,5,4,1,1,1,1,6.9469759921354184,3.3877743613300142,12.457274845291472,0,1,0,1,3
2023.acl-long.769,2023,W4385571283,A5035082722,A5100333738,3,2,1,1,1,1,8.233768709217097,4.4659081186545837,11.809237690292887,0,0,0,0,3
2023.acl-long.77,2023,W4385571847,A5100740128,A5100418692,4,2,1,1,1,1,8.4984180360899035,4.6844433668825989,13.854114734944336,0,0,0,0,3
2023.acl-long.771,2023,W4385570895,A5083183850,A5100716372,9,3,1,1,1,1,7.360103972989152,3.873513150666271,14.462738399589806,0,0,0,0,3
2023.acl-long.772,2023,W4385571899,A5034530447,A5112758056,4,2,1,1,1,1,7.9820748750812021,3.8501476017100575,14.462738399589806,0,0,0,0,3
2023.acl-long.775,2023,W4385572370,A5021862101,A5100716372,7,4,1,1,1,1,7.360103972989152,3.8889005880072922,14.462738399589806,0,0,0,0,3
2023.acl-long.779,2023,W4385571364,A5006995666,A5020858666,5,1,1,1,1,1,7.4169796213811541,3.380994674344636,14.462738399589806,0,0,0,0,3
2023.acl-long.78,2023,W4385571445,A5073884595,A5045872048,3,1,1,1,1,1,7.8022093162471178,3.4552646029324312,13.27607796215595,0,0,0,0,3
2023.acl-long.781,2023,W4385572429,A5045191533,A5013135203,7,2,1,1,1,1,7.4529823294654598,3.3722098447889031,13.415984777081359,0,0,0,0,3
2023.acl-long.783,2023,W4385570446,A5100331867,A5088410008,4,3,1,1,1,1,8.2860174684047632,3.1354942159291497,13.900687753871743,0,0,0,0,3
2023.acl-long.785,2023,W4385570731,A5100373816,A5100697664,4,1,1,1,1,1,7.472500744737558,3.6109179126442239,12.010301041011816,0,0,0,0,3
2023.acl-long.786,2023,W4385570712,A5100348668,A5005912060,4,1,1,1,1,1,6.7776465936351169,3.2484346271097451,13.877315659211201,0,0,0,0,3
2023.acl-long.788,2023,W4385571205,A5032649444,A5100333729,7,2,1,1,1,1,8.2581633615376191,3.9374122394329656,11.809237690292887,0,0,0,0,3
2023.acl-long.789,2023,W4385571890,A5073706887,A5039587200,7,6,1,1,1,1,6.9893352659745602,3.1660776393012298,13.900687753871743,0,0,0,0,3
2023.acl-long.790,2023,W4385570825,A5027607132,A5058291454,4,1,1,1,1,1,5.9661467391236922,2.3025850929940459,14.35551646574088,0,0,0,0,3
2023.acl-long.791,2023,W4385572578,A5072335131,A5042262991,4,1,1,1,1,1,6.5294188382622256,3.3928291319916388,12.357449481808036,0,1,0,1,3
2023.acl-long.793,2023,W4385571618,A5010414688,A5016651990,7,2,1,1,1,1,7.167809184316444,3.7274131181161794,12.455585451864451,0,0,0,0,3
2023.acl-long.795,2023,W4385571782,A5004994190,A5077362985,7,2,1,1,1,1,7.0967213784947605,3.218875824868201,12.129256393911538,0,0,0,0,3
2023.acl-long.796,2023,W4385571929,A5100567405,A5008875255,5,3,1,1,1,1,6.8977049431286357,4.0673158898341812,13.003428929126777,0,0,0,0,3
2023.acl-long.798,2023,W4385570686,A5013258788,A5058353652,7,2,1,1,1,1,8.9623917017430017,4.3382240120154885,14.051739323227141,0,0,0,0,3
2023.acl-long.799,2023,W4385571091,A5007865421,A5027450194,4,5,1,1,1,1,7.5191499576698231,4.2121275978784842,12.057108492390215,0,0,0,0,3
2023.acl-long.8,2023,W4385570125,A5033408639,A5004194238,6,2,1,1,1,1,8.3116439485029794,4.0546793058296693,13.460663941615572,0,0,0,0,3
2023.acl-long.800,2023,W4385570084,A5052528824,A5017348970,5,3,1,1,1,1,5.3181199938442161,2.2192034840549946,13.013913650599015,0,0,0,0,3
2023.acl-long.802,2023,W4385569999,A5062756668,A5100351304,4,5,1,1,1,1,6.9874902470009914,3.1354942159291497,12.796442083312185,0,0,0,0,3
2023.acl-long.806,2023,W4385570984,A5014555745,A5076269589,4,0,1,0,1,0,8.1297644457941711,3.5115454388310208,,0,1,0,1,3
2023.acl-long.81,2023,W4385571507,A5084990301,A5035534911,3,1,1,1,1,1,7.333676395657684,3.0285220963769821,12.939785787836779,1,0,0,1,3
2023.acl-long.810,2023,W4385571131,A5015151950,A5086717154,3,3,1,1,1,1,6.9314718055994531,3.4760986898352728,13.89930744066524,0,0,0,0,3
2023.acl-long.811,2023,W4385571800,A5100319784,A5042018181,9,4,1,1,1,1,9.2604629813793942,3.7791263319617134,13.851094859688263,1,0,0,1,3
2023.acl-long.812,2023,W4385570922,A5072407590,A5100752356,5,1,1,1,1,1,9.5202486031861273,3.8501476017100575,13.854114734944336,0,0,0,0,3
2023.acl-long.815,2023,W4385572054,A5017859556,A5075033889,5,3,1,1,1,1,9.3003638746237716,4.8105570157130417,14.415806981857871,0,0,0,0,3
2023.acl-long.816,2023,W4385570645,A5100538103,A5014662947,8,1,0.88888888888888884,1,1,1,9.4916018766250403,4.0364505838031981,14.61584393660922,0,0,0,0,3
2023.acl-long.818,2023,W4385570145,A5021368331,A5091906883,4,2,1,1,1,1,7.7173512721853292,3.4965075614664798,12.420373212656528,0,0,0,0,3
2023.acl-long.819,2023,W4385572450,A5074446389,A5101435571,6,2,1,1,1,1,9.6364574198152084,4.295015257684252,14.462738399589806,0,0,0,0,3
2023.acl-long.82,2023,W4385570268,A5002970439,A5089413311,4,3,1,1,1,1,8.5032970862241264,4.4543472962535073,14.582709923407574,1,0,0,1,3
2023.acl-long.820,2023,W4385572294,A5051640038,A5015183444,6,4,1,1,1,1,7.2682230211595646,3.3557350075853982,14.225970504405945,0,1,0,1,3
2023.acl-long.821,2023,W4385571263,A5033744502,A5062817658,5,2,1,1,1,1,7.9189924881652454,3.3032169733019514,11.375271299671432,0,1,0,1,3
2023.acl-long.823,2023,W4385570685,A5089517967,A5089404640,5,3,1,1,1,1,9.0288184953527928,4.3719762988203801,14.225970504405945,0,0,0,0,3
2023.acl-long.825,2023,W4385571328,A5112838866,A5104152391,4,0,1,0,1,0,5.8200829303523616,1.7047480922384253,,0,1,0,1,3
2023.acl-long.826,2023,W4385572449,A5101583277,A5100770464,8,5,1,1,1,1,7.7536235465597461,3.6109179126442239,15.535312945342914,0,0,0,0,3
2023.acl-long.827,2023,W4385571046,A5055365449,A5100446328,4,2,1,1,1,1,8.4124991203015718,4.0690267542378109,14.61584393660922,0,0,0,0,3
2023.acl-long.829,2023,W4385571562,A5044655830,A5007903277,4,2,1,1,1,1,8.0258433441509034,3.4657359027997265,12.762606546469611,0,0,0,0,3
2023.acl-long.833,2023,W4385572164,A5058236062,A5025631695,5,3,1,1,1,1,9.0027010071979383,4.7095302013123339,13.851094859688263,1,1,0,1,3
2023.acl-long.834,2023,W4385572543,A5062396463,A5089539629,3,2,1,1,1,1,7.4377951216719325,3.7765850345330416,12.929212999998049,0,0,0,0,3
2023.acl-long.836,2023,W4385570057,A5100403109,A5079260216,7,1,1,1,1,1,8.160803920954665,4.0505419395637077,14.466038817999024,0,0,0,0,3
2023.acl-long.837,2023,W4385570586,A5039920828,A5001987532,6,3,1,1,1,1,8.7285879956958983,4.4148164574968725,13.869897412356966,0,0,0,0,3
2023.acl-long.838,2023,W4385571976,A5069660958,A5054918343,2,1,1,1,1,1,5.2626901889048856,2.8332133440562162,13.245919936375492,0,1,0,1,3
2023.acl-long.840,2023,W4385570319,A5102542015,A5046448314,6,2,1,1,1,1,9.7000240719887447,4.8256435087464222,14.61584393660922,1,0,0,1,3
2023.acl-long.841,2023,W4385570381,A5019489443,A5050801868,6,3,1,1,1,1,6.7129562006770698,2.8810693652338517,13.727458275784391,0,0,0,0,3
2023.acl-long.842,2023,W4385572663,A5109582142,A5051693368,3,3,0.75,1,1,1,6.7190131543852596,3.4552646029324312,14.029360658632266,0,0,0,0,3
2023.acl-long.843,2023,W4385572559,A5062115445,A5100620306,7,4,1,1,1,1,9.6872575474909883,4.7235879408025658,14.051739323227141,0,0,0,0,3
2023.acl-long.844,2023,W4385570935,A5100386682,A5021000040,6,2,1,1,1,1,7.8524390853575099,3.7727609380946383,14.141567312709212,0,0,0,0,3
2023.acl-long.846,2023,W4385571809,A5092029597,A5023977688,2,1,1,1,1,1,6.3801225368997647,3.0204248861443626,14.005327288964812,0,1,0,1,3
2023.acl-long.848,2023,W4385571549,A5074544822,A5070872826,6,3,1,1,1,1,7.4696541729321284,3.7803945629497098,14.074777723676515,0,1,0,1,3
2023.acl-long.849,2023,W4385571367,A5103874857,A5100355692,6,4,1,1,1,1,9.9037375212913368,5.4510384535657002,14.61584393660922,0,0,0,0,3
2023.acl-long.852,2023,W4385570671,A5031577422,A5100355692,5,6,1,1,1,1,9.9037375212913368,5.5230596392259432,14.61584393660922,0,1,0,1,3
2023.acl-long.853,2023,W4385570201,A5070041829,A5048781165,5,4,1,1,1,1,6.0935697700451357,2.7212954278522306,12.400137479343716,0,0,0,0,3
2023.acl-long.854,2023,W4385569962,A5015729879,A5048087523,4,0,1,0,1,0,6.8341087388138382,2.8903717578961645,,0,1,0,1,3
2023.acl-long.856,2023,W4385570056,A5076387701,A5053028004,7,2,0.875,1,1,1,9.4916018766250403,4.1363087613211329,8.9286403712019489,0,0,0,0,3
2023.acl-long.857,2023,W4385570512,A5100320874,A5017626590,4,2,1,1,1,1,7.9024874371628551,4.3372907408324899,13.529545676961634,0,0,0,0,3
2023.acl-long.858,2023,W4385571282,A5026260510,A5101902183,5,1,1,1,1,1,6.2461067654815627,2.6390573296152584,14.48897836363215,0,0,0,0,3
2023.acl-long.86,2023,W4385570817,A5069199913,A5008245599,5,1,1,1,1,1,6.818924065275521,2.8678989020441064,7.3877092390810404,0,1,0,1,3
2023.acl-long.860,2023,W4385570092,A5100398890,A5005535444,7,5,1,1,1,1,9.7000240719887447,4.4560070476718723,14.61584393660922,0,0,0,0,3
2023.acl-long.861,2023,W4385570058,A5109059341,A5069365665,4,1,1,1,1,1,8.1095256597528724,3.7669972333778889,12.939785787836779,1,0,0,1,3
2023.acl-long.862,2023,W4385572097,A5100392382,A5076174513,3,1,1,1,1,1,5.9080829381689313,3.3081069585961438,11.223548623875692,1,0,0,1,3
2023.acl-long.863,2023,W4385571100,A5101549454,A5026638047,3,1,1,1,1,1,5.9295891433898946,2.427748235948052,14.343549577504779,0,1,0,1,3
2023.acl-long.867,2023,W4385570691,A5100929110,A5101594068,5,2,1,1,1,1,7.3562798765507482,3.414442608412176,10.910167284137964,1,0,1,1,3
2023.acl-long.868,2023,W4385571451,A5059086543,A5036790226,3,1,1,1,1,1,6.6306833856423717,4.2046926193909657,10.493493974176561,0,1,0,1,3
2023.acl-long.869,2023,W4385571291,A5068022531,A5100440407,5,0,1,0,1,0,8.853093836138493,4.2598590006996737,,0,1,0,1,3
2023.acl-long.872,2023,W4385570550,A5040282669,A5058915697,10,1,1,1,1,1,8.7552647633146847,4.3188205587700894,12.929212999998049,0,0,0,0,3
2023.acl-long.873,2023,W4385572094,A5079268196,A5002191410,3,2,1,1,1,1,6.8276292345028518,3.3672958299864741,14.61584393660922,0,0,0,0,3
2023.acl-long.874,2023,W4385572205,A5100431792,A5020347604,2,1,1,1,1,1,9.2887817982827432,5.2806624313093158,10.847529628941109,0,0,0,0,3
2023.acl-long.875,2023,W4385571865,A5014699953,A5046448314,10,5,1,1,1,1,9.7000240719887447,4.3013587316064266,14.61584393660922,1,0,0,1,3
2023.acl-long.876,2023,W4385571122,A5055250460,A5091549352,2,2,1,1,1,1,7.5511868672961491,4.2121275978784842,14.66326074460796,0,1,0,1,3
2023.acl-long.877,2023,W4385570601,A5100330304,A5087865794,5,4,1,1,1,1,7.5781454724194663,3.5945687746426951,15.16644480422217,1,0,0,1,3
2023.acl-long.879,2023,W4385570306,A5027647673,A5054771988,9,1,1,1,1,1,8.2890370982784827,3.499868909169185,9.5951945261802223,0,0,0,0,3
2023.acl-long.88,2023,W4385572300,A5051373234,A5003746498,5,5,1,1,1,1,6.678342114654332,3.1780538303479458,12.939728171427612,0,0,0,0,3
2023.acl-long.880,2023,W4385571524,A5023166191,A5014375244,2,3,1,1,1,1,7.233455418621439,3.9019726695746448,12.276498489821009,0,0,0,0,3
2023.acl-long.881,2023,W4385571096,A5036734649,A5039096905,4,1,1,1,1,1,7.3938782901077555,4.0604430105464191,13.362332580196512,0,0,0,0,3
2023.acl-long.882,2023,W4385571485,A5034142069,A5101688218,2,2,1,1,1,1,5.7137328055093688,2.5257286443082561,13.369001555717956,0,0,0,0,3
2023.acl-long.884,2023,W4385571004,A5078940234,A5075806509,2,3,1,1,1,1,7.1436176027041212,4.4773368144782069,15.535312945342914,0,0,0,0,3
2023.acl-long.885,2023,W4385571898,A5112974318,A5100364381,5,2,1,1,1,1,7.796469243086058,4.0324691585040133,14.343549577504779,0,1,0,1,3
2023.acl-long.886,2023,W4385571696,A5081437408,A5030248499,4,1,1,1,1,1,8.7329495242964299,4.943426544402806,14.112947892739644,0,1,0,1,3
2023.acl-long.888,2023,W4385571663,A5036943629,A5100427076,5,4,1,1,1,1,7.0449051171293711,4.1399550734741526,14.008854478039964,0,0,0,0,3
2023.acl-long.889,2023,W4385570775,A5100427492,A5033376109,6,3,1,1,1,1,8.1040990561435819,3.7534179752515073,12.939785787836779,0,0,0,0,3
2023.acl-long.89,2023,W4385570929,A5038055180,A5114910293,6,3,1,1,1,1,9.3945767609749087,4.1946925360563823,13.550651383796254,0,0,0,0,3
2023.acl-long.890,2023,W4385571588,A5092230746,A5056142478,3,1,1,1,1,1,7.5054922747374242,3.8286413964890951,13.362332580196512,1,0,0,1,3
2023.acl-long.892,2023,W4385893857,A5076867415,A5102011179,2,2,1,1,1,1,4.1108738641733114,2.3025850929940459,14.008854478039964,0,0,0,0,3
2023.acl-long.896,2023,W4385572244,A5018424518,A5043461360,7,4,1,1,1,1,6.7056390948600031,3.2851984677992734,12.136143621703612,0,0,0,0,3
2023.acl-long.898,2023,W4385572136,A5102402775,A5023931221,6,1,1,1,1,1,7.6255950721324526,3.7879703567581671,13.36134248188498,0,0,0,0,3
2023.acl-long.899,2023,W4385572318,A5059582849,A5015857371,10,0,1,0,1,0,7.9050728494986657,3.7013019741124928,,0,0,0,0,3
2023.acl-long.901,2023,W4385572050,A5047381062,A5032141720,3,2,1,1,1,1,7.2232956795623142,3.6287755300442308,12.683408701708901,0,0,0,0,3
2023.acl-long.905,2023,W4385570956,A5072753988,A5070905937,4,1,1,1,1,1,7.179307969504034,3.3758795736778651,13.362332580196512,0,0,0,0,3
2023.acl-long.908,2023,W4385570835,A5022241212,A5004268590,3,1,1,1,1,1,4.0604430105464191,2.2686835413183641,12.910720934064646,1,0,0,1,3
2023.acl-long.91,2023,W4385572071,A5077195403,A5004921249,3,1,1,1,1,1,7.0992017435530919,3.1354942159291497,14.088138127913318,0,0,0,0,3
2023.acl-long.92,2023,W4385570687,A5091320085,A5100440903,6,1,1,1,1,1,7.7084106672573673,3.8029519103737841,12.296406829211357,0,0,0,0,3
2023.acl-long.93,2023,W4385570580,A5100338326,A5080674921,2,1,1,1,1,1,6.4536249988926917,3.5835189384561099,13.928740131216983,0,0,0,0,3
2023.acl-long.95,2023,W4385571398,A5100350965,A5088843448,3,4,1,1,1,1,6.9450510637258338,3.7689221617874726,13.50069021807816,0,0,0,0,3
2023.acl-long.96,2023,W4385569827,A5036665467,A5044042138,4,2,1,1,1,1,8.4124991203015718,4.0474276424343492,14.61584393660922,0,0,0,0,3
2023.acl-long.97,2023,W4385571997,A5102542041,A5112985399,6,1,1,1,1,1,7.9631120589792896,3.8712010109078911,10.999128765259284,0,0,0,0,3
2023.emnlp-main.1002,2023,W4389520059,A5100692769,A5036567696,3,1,1,1,1,1,6.0282785202306979,3.1780538303479458,12.208609425182145,0,0,0,0,3
2023.emnlp-main.1003,2023,W4389520155,A5013122602,A5071842569,2,1,1,1,1,1,6.6398758338265358,3.1986731175506811,13.501003901886088,0,0,0,0,3
2023.emnlp-main.1004,2023,W4389520086,A5102207892,A5100437449,5,3,0.83333333333333337,1,1,1,6.508769136971682,2.5649493574615367,14.163465896396607,1,0,0,1,3
2023.emnlp-main.1005,2023,W4389519406,A5100409027,A5064997871,6,2,1,1,1,1,6.879355804460439,3.142714463902637,13.88454956172045,0,0,0,0,3
2023.emnlp-main.1010,2023,W4389524164,A5069610865,A5090641899,3,1,1,1,1,1,6.7381524945959574,3.1780538303479458,13.460663941615572,0,0,0,0,3
2023.emnlp-main.1011,2023,W4389519951,A5036267079,A5027450194,5,2,1,1,1,1,7.5191499576698231,3.8022081394209399,13.245919936375492,0,0,0,0,3
2023.emnlp-main.1012,2023,W4389520171,A5060170090,A5011827545,4,1,1,1,1,1,5.0751738152338266,2.8903717578961645,10.282779786340267,0,0,0,0,3
2023.emnlp-main.1014,2023,W4389519184,A5060412540,A5077698683,4,1,1,1,1,1,4.6151205168412597,2.110213200346589,13.525126170880364,0,0,0,0,3
2023.emnlp-main.1018,2023,W4389520127,A5100386682,A5081787254,8,3,1,1,1,1,8.9385316486806925,4.332376726030061,14.48897836363215,1,0,0,1,3
2023.emnlp-main.1019,2023,W4389523809,A5101707021,A5020400986,10,7,1,1,1,1,8.4298908630134406,2.19722457733622,14.582709923407574,0,0,0,0,3
2023.emnlp-main.1020,2023,W4389520151,A5024513910,A5031220156,4,0,1,0,1,0,8.2890370982784827,4.2084170184819483,,0,0,0,0,3
2023.emnlp-main.1021,2023,W4389520018,A5113226487,A5018925795,7,1,1,1,1,1,7.8332039486410574,3.0513021247088017,11.807742026322609,0,0,0,0,3
2023.emnlp-main.1025,2023,W4389524306,A5037867922,A5108652283,4,0,1,0,1,0,7.796469243086058,3.5040547671018638,,0,0,0,0,3
2023.emnlp-main.1027,2023,W4389519957,A5042084033,A5030414237,10,0,1,0,1,0,5.9661467391236922,2.3702437414678603,,0,0,0,0,3
2023.emnlp-main.1028,2023,W4389523776,A5075390894,A5104098658,6,1,1,1,1,1,8.0388347577877486,5.5928509139489204,12.612750351477656,0,0,0,0,3
2023.emnlp-main.1029,2023,W4389520123,A5102018887,A5103209777,4,2,1,1,1,1,7.255591274253665,3.6635616461296463,13.761248651077317,0,1,0,1,3
2023.emnlp-main.1030,2023,W4389519990,A5100737335,A5085608858,10,6,1,1,1,1,9.3713531678238837,4.4140096805269327,14.008854478039964,0,0,0,0,3
2023.emnlp-main.1031,2023,W4389519359,A5101714573,A5100348868,3,2,1,1,1,1,5.8111409929767008,2.8903717578961645,10.401015148158129,0,0,0,0,3
2023.emnlp-main.1032,2023,W4389519310,A5065378213,A5103933556,3,0,1,0,1,0,8.2563477729180157,3.3440389678222067,,0,1,0,1,3
2023.emnlp-main.1033,2023,W4389519477,A5101417243,A5021246376,7,2,1,1,1,1,6.7214257007906433,3.2302395835185158,13.379446026356028,0,0,0,0,3
2023.emnlp-main.1034,2023,W4389524149,A5083177507,A5051649145,8,2,1,1,1,1,9.0031931937465721,4.4455881161636261,14.61584393660922,1,0,0,1,3
2023.emnlp-main.1035,2023,W4389520182,A5073512569,A5065100828,5,2,1,1,1,1,7.9024874371628551,4.1835756959500436,12.118371940099186,0,1,0,1,3
2023.emnlp-main.1038,2023,W4389520068,A5071404767,A5085370631,3,2,1,1,1,1,8.0410910037086332,4.5397423806656363,12.770326233653693,0,0,0,0,3
2023.emnlp-main.1039,2023,W4389519288,A5008333363,A5011504177,9,2,1,1,1,1,8.5930425036996745,3.8548645915881976,14.051739323227141,1,0,0,1,3
2023.emnlp-main.1043,2023,W4389520118,A5100333729,A5087920747,5,2,1,1,1,1,8.2581633615376191,4.1682144107885559,13.437524420844396,0,0,0,0,3
2023.emnlp-main.1044,2023,W4389520008,A5102010586,A5012055259,4,1,1,1,1,1,9.9897111192847436,4.4097633896454811,10.344512836042844,0,0,0,0,3
2023.emnlp-main.1046,2023,W4389520012,A5100359267,A5077832834,6,2,1,1,1,1,7.4730690880321973,3.068052935133617,13.643741922706475,0,0,0,0,3
2023.emnlp-main.108,2023,W4389519422,A5101942107,A5031146709,5,1,1,1,1,1,7.3401868353201154,3.824284091120139,12.074949778648907,1,0,0,1,3
2023.emnlp-main.110,2023,W4389519260,A5051613770,A5027701354,2,1,1,1,1,1,5.6454468976432377,2.3978952727983707,14.07966629371149,0,0,0,0,3
2023.emnlp-main.111,2023,W4389524221,A5050943163,A5102869952,6,3,1,1,1,1,8.5032970862241264,4.045970977937885,13.550651383796254,1,1,0,1,3
2023.emnlp-main.112,2023,W4389524493,A5081617623,A5030248499,5,1,1,1,1,1,8.4104984527452746,4.499809670330265,14.112947892739644,0,0,0,0,3
2023.emnlp-main.117,2023,W4389519553,A5081841143,A5037674585,3,3,1,1,1,1,6.5308776277258849,3.2834143460057721,13.731192641260664,0,0,0,0,3
2023.emnlp-main.118,2023,W4389519355,A5100365523,A5018288181,5,5,1,1,1,1,7.6004023345003997,3.7328963395307104,15.535312945342914,0,0,0,0,3
2023.emnlp-main.12,2023,W4389524452,A5089182977,A5040877128,5,3,1,1,1,1,9.6029903830375041,3.912023005428146,13.13676911471193,0,1,0,1,3
2023.emnlp-main.120,2023,W4389524052,A5100356534,A5100360338,11,3,1,1,1,1,9.4916018766250403,3.6866041402768008,14.462738399589806,1,0,0,1,3
2023.emnlp-main.121,2023,W4389524496,A5083576885,A5033006575,6,2,1,1,1,1,6.2186001196917289,2.7829515092753279,12.038635760335504,0,0,0,0,3
2023.emnlp-main.123,2023,W4389519533,A5037313123,A5053890837,4,1,1,1,1,1,4.7361984483944957,2.110213200346589,11.2498059153467,1,1,0,1,3
2023.emnlp-main.128,2023,W4389524532,A5013979714,A5112683506,2,2,1,1,1,1,4.0073331852324712,2.3513752571634776,12.268037545243375,0,1,0,1,3
2023.emnlp-main.129,2023,W4389524385,A5093458307,A5100673428,3,2,1,1,1,1,6.3099182782265162,3.1498829533812494,14.35551646574088,0,0,0,0,3
2023.emnlp-main.133,2023,W4389523841,A5001908782,A5035621906,4,3,1,1,1,1,7.4977617006225676,3.9796816539019608,12.357449481808036,0,0,0,0,3
2023.emnlp-main.134,2023,W4389519588,A5015473787,A5010465328,4,4,1,1,1,1,7.3581937527330323,3.34109345759245,14.66326074460796,0,0,0,0,3
2023.emnlp-main.135,2023,W4389519494,A5052906524,A5069105490,6,1,1,1,1,1,8.2746119462095518,3.8358616444625819,14.582709923407574,0,0,0,0,3
2023.emnlp-main.138,2023,W4389524440,A5041937933,A5100378842,5,1,0.83333333333333337,1,1,1,6.1441856341256456,2.87919845729804,13.805359206907898,0,0,0,0,3
2023.emnlp-main.139,2023,W4389523757,A5091852012,A5060116992,6,2,1,1,1,1,8.9518286768241815,4.1692458703952182,12.465532696850277,0,1,0,1,3
2023.emnlp-main.140,2023,W4389519569,A5100331094,A5113017615,8,5,1,1,1,1,8.3868566896882335,4.1088225814027535,14.343549577504779,0,0,0,0,3
2023.emnlp-main.141,2023,W4389523654,A5025289290,A5101440710,4,0,1,0,1,0,5.8971538676367405,2.0149030205422647,,0,0,0,0,3
2023.emnlp-main.143,2023,W4389519191,A5007288942,A5101652785,5,3,1,1,1,1,7.4927603009223791,3.0540011816779669,15.535312945342914,0,1,0,1,3
2023.emnlp-main.144,2023,W4389519609,A5036828580,A5102886212,2,4,1,1,1,1,7.3581937527330323,3.5115454388310208,14.582709923407574,0,0,0,0,3
2023.emnlp-main.145,2023,W4389524366,A5045216367,A5026310569,7,1,1,1,1,1,8.6108656672788726,3.9889840465642745,11.505064649558379,0,0,0,0,3
2023.emnlp-main.147,2023,W4389524503,A5058032023,A5032571629,5,2,1,1,1,1,7.5054922747374242,4.3307333402863311,13.362332580196512,0,0,0,0,3
2023.emnlp-main.161,2023,W4389519401,A5014335271,A5051203366,2,3,1,1,1,1,7.6033993397406698,2.8332133440562162,12.929212999998049,0,1,0,1,3
2023.emnlp-main.164,2023,W4389523716,A5111073900,A5066925770,21,2,1,1,1,1,9.8240654855586378,2.9368917735310576,12.64302673072828,0,0,0,0,3
2023.emnlp-main.168,2023,W4389519342,A5101778008,A5051227924,6,1,1,1,1,1,8.3497208374724892,3.733693469903729,13.851094859688263,0,0,0,0,3
2023.emnlp-main.170,2023,W4389519411,A5100402721,A5019539533,6,3,1,1,1,1,8.5032970862241264,3.951243718581428,13.550651383796254,0,0,0,0,3
2023.emnlp-main.171,2023,W4389524508,A5100401925,A5001030192,8,2,1,1,1,1,8.1332938612226329,3.3455084758015667,13.605937016178764,0,1,0,1,3
2023.emnlp-main.172,2023,W4389524128,A5062872821,A5004829991,2,1,1,1,1,1,7.035268599281097,3.417726683613366,13.008641334742464,0,1,0,1,3
2023.emnlp-main.174,2023,W4389524330,A5103102266,A5055232825,7,2,1,1,1,1,6.7707894239089796,3.3722098447889031,14.61584393660922,0,1,0,1,3
2023.emnlp-main.175,2023,W4389519510,A5037079840,A5081225515,5,5,1,1,1,1,6.9087547793152204,2.8903717578961645,13.90599273807554,0,0,0,0,3
2023.emnlp-main.177,2023,W4389519549,A5055701636,A5023341829,5,3,1,1,1,1,7.9237103339692379,2.9444389791664403,14.074777723676515,0,0,0,0,3
2023.emnlp-main.178,2023,W4389519520,A5035598236,A5101484487,8,2,1,1,1,1,8.3868566896882335,3.9912961863226539,13.437524420844396,1,0,0,1,3
2023.emnlp-main.179,2023,W4389524486,A5059607973,A5001987532,3,2,1,1,1,1,8.7285879956958983,4.7391181584978304,13.869897412356966,0,1,0,1,3
2023.emnlp-main.181,2023,W4389523848,A5040353694,A5103677687,10,1,1,1,1,1,6.2633982625916236,2.9231615807191562,12.357449481808036,0,0,0,0,3
2023.emnlp-main.182,2023,W4389524018,A5071809848,A5007620149,7,4,1,1,1,1,8.4031282351282641,3.84405002184194,14.628676051862769,0,1,0,1,3
2023.emnlp-main.183,2023,W4389519291,A5031792794,A5107808331,8,2,1,1,1,1,9.7000240719887447,4.6051701859880918,14.61584393660922,0,1,0,1,3
2023.emnlp-main.185,2023,W4389519346,A5058034925,A5110081955,4,1,1,1,1,1,6.522092798170152,2.724579503053421,14.225970504405945,0,0,0,0,3
2023.emnlp-main.186,2023,W4389519404,A5052174054,A5043450042,6,1,1,1,1,1,7.0518556229558937,2.8526314299133171,10.897794324394924,0,0,0,0,3
2023.emnlp-main.187,2023,W4389518608,A5100330243,A5100644428,9,4,1,1,1,1,9.6364574198152084,4.0943445622221004,14.462738399589806,0,0,0,0,3
2023.emnlp-main.189,2023,W4389524481,A5100756716,A5100391896,4,1,1,1,1,1,8.7329495242964299,4.7229532216444747,13.084732120396104,0,1,0,1,3
2023.emnlp-main.191,2023,W4389523982,A5029671160,A5076556541,3,1,1,1,1,1,7.3218497137883558,3.5553480614894131,14.226574629250695,0,0,0,0,3
2023.emnlp-main.197,2023,W4389524049,A5100660213,A5041272419,3,2,1,1,1,1,4.0253516907351496,2.2686835413183641,12.778178676038651,0,0,0,0,3
2023.emnlp-main.198,2023,W4389524436,A5102822963,A5023621106,3,1,1,1,1,1,7.8328075165248636,2.9789251552376097,14.582709923407574,0,1,0,1,3
2023.emnlp-main.199,2023,W4389524563,A5028207824,A5052993469,7,3,1,1,1,1,8.8369551573314293,3.951243718581428,14.225970504405945,1,1,0,1,3
2023.emnlp-main.200,2023,W4389519242,A5100416311,A5021246376,3,1,0.59999999999999998,1,1,1,6.3919171133926023,3.5553480614894131,13.379446026356028,1,0,0,1,3
2023.emnlp-main.207,2023,W4389524129,A5056468259,A5026310569,2,2,1,1,1,1,7.0030654587864616,3.2958368660043291,14.466038817999024,0,0,0,0,3
2023.emnlp-main.208,2023,W4389523827,A5072520198,A5027450194,6,4,1,1,1,1,8.1619457994686897,4.074708587705242,12.65122950967965,0,0,0,0,3
2023.emnlp-main.21,2023,W4389519398,A5101759357,A5110722665,8,5,1,1,1,1,7.5027382107548508,3.3928291319916388,15.535312945342914,0,0,0,0,3
2023.emnlp-main.211,2023,W4389519540,A5041311485,A5070905937,4,1,1,1,1,1,7.179307969504034,3.3758795736778651,13.362332580196512,0,0,0,0,3
2023.emnlp-main.214,2023,W4389523710,A5100959340,A5028836340,7,2,1,1,1,1,7.134890851565884,3.5094109663023878,14.466038817999024,0,1,0,1,3
2023.emnlp-main.217,2023,W4389524418,A5100730410,A5065493202,6,2,1,1,1,1,8.2827358802017539,3.3322045101752038,13.741768211269109,0,1,0,1,3
2023.emnlp-main.218,2023,W4389518743,A5078586143,A5093081501,6,2,1,1,1,1,5.1474944768134527,1.5040773967762742,13.299565183948054,0,1,0,1,3
2023.emnlp-main.219,2023,W4389524401,A5089811959,A5056096860,5,2,1,1,1,1,6.9450510637258338,3.3463891451671604,14.528904874854756,0,0,0,0,3
2023.emnlp-main.22,2023,W4389524380,A5064142832,A5015785439,3,5,1,1,1,1,7.1522688560325394,3.93834031374552,15.535312945342914,0,1,0,1,3
2023.emnlp-main.221,2023,W4389518679,A5091017885,A5000874697,4,2,1,1,1,1,8.0715308935566608,6.0827895238013436,14.112947892739644,1,0,0,1,3
2023.emnlp-main.222,2023,W4389518774,A5052007145,A5065100828,3,2,1,1,1,1,7.9024874371628551,4.4228486291941369,12.118371940099186,0,1,0,1,3
2023.emnlp-main.223,2023,W4389523676,A5069976800,A5044651577,5,1,1,1,1,1,8.8264410417825783,4.2312037449392976,9.9359063387916287,0,0,0,0,3
2023.emnlp-main.225,2023,W4389524112,A5093458288,A5046521217,5,2,1,1,1,1,7.4977617006225676,3.8372994592322094,12.357449481808036,0,1,0,1,3
2023.emnlp-main.227,2023,W4389523700,A5054612798,A5043344696,4,2,1,1,1,1,5.9914645471079817,2.6912430827858289,14.224327376144808,0,0,0,0,3
2023.emnlp-main.230,2023,W4389524209,A5060413371,A5007334392,10,0,1,0,1,0,7.5272559193737836,2.4595888418037104,,0,0,0,0,3
2023.emnlp-main.231,2023,W4389518815,A5049970310,A5004045909,2,1,1,1,1,1,5.1761497325738288,3.277144732992177,12.786084722045054,0,0,0,0,3
2023.emnlp-main.232,2023,W4389524473,A5088200308,A5051064208,4,0,1,0,1,0,8.8180382503942987,3.4258899942525267,,0,1,0,1,3
2023.emnlp-main.233,2023,W4389524371,A5101780760,A5102945075,5,1,1,1,1,1,5.2781146592305168,2.3025850929940459,13.077587744211248,0,0,0,0,3
2023.emnlp-main.235,2023,W4389518820,A5088295621,A5039984997,8,1,1,1,1,1,8.4924905787758664,3.6243409329763652,13.60796595792648,0,0,0,0,3
2023.emnlp-main.236,2023,W4389523817,A5079560239,A5012055259,3,2,1,1,1,1,8.4008840690158539,4.3085594827920088,11.169505146233591,0,0,0,0,3
2023.emnlp-main.243,2023,W4389524015,A5109379051,A5022688200,4,2,1,1,1,1,6.5467854107605241,3.3050535211092531,13.481020555418336,0,0,0,0,3
2023.emnlp-main.244,2023,W4389518741,A5037802948,A5100401045,7,4,1,1,1,1,8.5539107743514009,4.0990951649806986,13.877315659211201,0,0,0,0,3
2023.emnlp-main.245,2023,W4389518761,A5100579319,A5087096372,7,1,1,1,1,1,8.5032970862241264,4.1831400610052318,14.462738399589806,1,0,0,1,3
2023.emnlp-main.247,2023,W4389523906,A5046855147,A5058838634,4,2,1,1,1,1,7.1244782624934242,3.0204248861443626,14.074777723676515,0,1,0,1,3
2023.emnlp-main.249,2023,W4389523686,A5019424852,A5041062417,4,3,1,1,1,1,7.6948480723846098,4.3470469157778551,13.883879234682198,0,0,0,0,3
2023.emnlp-main.25,2023,W4389523981,A5024544230,A5023341829,5,2,1,1,1,1,7.9237103339692379,3.698829784967105,14.415806981857871,0,0,0,0,3
2023.emnlp-main.250,2023,W4389523770,A5100762645,A5051340429,5,1,1,1,1,1,7.9251575122247031,3.5553480614894131,13.741768211269109,0,0,0,0,3
2023.emnlp-main.251,2023,W4389523681,A5093458253,A5100664729,5,3,1,1,1,1,7.1561766374806153,2.7725887222397811,13.643741922706475,0,0,0,0,3
2023.emnlp-main.252,2023,W4389524340,A5100660086,A5046448314,7,2,1,1,1,1,9.7000240719887447,4.5951198501345898,14.61584393660922,0,0,0,0,3
2023.emnlp-main.254,2023,W4389518696,A5068681171,A5046895021,2,1,1,1,1,1,3.7612001156935615,2.9957322735539909,13.003428929126777,0,0,1,1,3
2023.emnlp-main.255,2023,W4389518764,A5065738809,A5042819803,7,2,1,1,1,1,7.8461988154974254,3.6488012305465261,13.007392384247751,0,0,0,0,3
2023.emnlp-main.259,2023,W4389523987,A5015431603,A5100745576,5,2,1,1,1,1,8.5841038966988634,4.1557531903507439,14.48897836363215,0,0,0,0,3
2023.emnlp-main.261,2023,W4389524050,A5008798023,A5100330207,5,3,1,1,1,1,5.2094861528414214,2.2407096892759584,13.180468121110668,1,1,0,1,3
2023.emnlp-main.262,2023,W4389518807,A5003198152,A5065291780,2,2,1,1,1,1,5.9401712527204316,3.1354942159291497,11.720069707195529,0,1,0,1,3
2023.emnlp-main.264,2023,W4389518677,A5010768491,A5018288181,6,3,1,1,1,1,7.3907985217356762,3.2386784521643803,15.535312945342914,0,0,0,0,3
2023.emnlp-main.265,2023,W4389523936,A5052115677,A5059820577,3,2,1,1,1,1,4.8675344504555822,2.19722457733622,13.128945666529653,0,0,1,1,3
2023.emnlp-main.267,2023,W4389524310,A5104211461,A5077832834,3,1,1,1,1,1,5.8971538676367405,2.9444389791664403,13.643741922706475,0,0,0,0,3
2023.emnlp-main.268,2023,W4389524066,A5109609226,A5005431772,4,1,1,1,1,1,8.9471557711247893,4.1510399058986458,14.582709923407574,0,1,0,1,3
2023.emnlp-main.269,2023,W4389524389,A5009277283,A5100408983,5,1,1,1,1,1,7.2730925959995218,3.958906591326997,13.622270409704102,0,0,0,0,3
2023.emnlp-main.27,2023,W4389519538,A5101779347,A5035142405,4,2,1,1,1,1,7.3434262291473669,3.2958368660043291,14.258103806706844,0,1,0,1,3
2023.emnlp-main.270,2023,W4389518814,A5061079282,A5057693146,8,2,1,1,1,1,9.3945767609749087,3.924445525426703,14.258103806706844,0,0,0,0,3
2023.emnlp-main.271,2023,W4389518762,A5055236060,A5055236060,1,0,1,0,1,0,5.0304379213924353,2.7725887222397811,,0,0,0,0,3
2023.emnlp-main.275,2023,W4389524084,A5056787223,A5085370631,5,1,1,1,1,1,8.2839993042485265,4.1494638614431798,10.670999815051379,0,0,0,0,3
2023.emnlp-main.279,2023,W4389518822,A5069271622,A5014190404,5,4,1,1,1,1,7.0967213784947605,3.6270040503958487,12.129256393911538,0,0,0,0,3
2023.emnlp-main.28,2023,W4389519572,A5100345062,A5102274699,3,1,1,1,1,1,7.7651449029361315,3.8286413964890951,12.445227331783368,1,0,0,1,3
2023.emnlp-main.281,2023,W4389518705,A5088256860,A5088834359,5,1,1,1,1,1,8.5930425036996745,4.3592696475512653,14.051739323227141,0,0,0,0,3
2023.emnlp-main.284,2023,W4389524335,A5052701223,A5067070198,6,2,1,1,1,1,5.8260001073804499,2.19722457733622,14.07966629371149,0,0,0,0,3
2023.emnlp-main.285,2023,W4389523887,A5032803732,A5013188461,5,5,1,1,1,1,7.2834482287566313,3.8877303128591016,14.099765012840782,0,0,0,0,3
2023.emnlp-main.286,2023,W4389524089,A5100774636,A5100364381,6,2,1,1,1,1,7.796469243086058,3.9285523073793569,14.343549577504779,0,0,0,0,3
2023.emnlp-main.288,2023,W4389518672,A5091963084,A5101880377,3,1,1,1,1,1,6.8035052576083377,3.6018680771243066,13.550651383796254,0,0,0,0,3
2023.emnlp-main.289,2023,W4389518776,A5047488128,A5089413311,5,1,1,1,1,1,8.2746119462095518,3.572345637857985,13.362332580196512,0,1,0,1,3
2023.emnlp-main.29,2023,W4389524358,A5100457807,A5026310569,6,3,1,1,1,1,7.0030654587864616,3.1849742731925192,12.279443917815744,0,0,0,0,3
2023.emnlp-main.295,2023,W4389523814,A5024442999,A5033580486,9,1,1,1,1,1,6.9127428204931762,3.0338840395183677,13.180468121110668,1,0,0,1,3
2023.emnlp-main.296,2023,W4389518797,A5101582577,A5021459300,7,3,1,1,1,1,7.364547014255642,3.4477173972970481,14.462738399589806,1,0,0,1,3
2023.emnlp-main.297,2023,W4389518749,A5100390245,A5100702485,5,4,1,1,1,1,7.475905969367397,3.9665111907122159,14.258103806706844,0,0,0,0,3
2023.emnlp-main.30,2023,W4389519295,A5101572701,A5023802054,4,2,1,1,1,1,8.106816038947052,4.2413267525707461,14.251537201654784,0,1,0,1,3
2023.emnlp-main.300,2023,W4389518720,A5100395392,A5015128745,5,2,1,1,1,1,7.503840746698951,3.3945083935113587,14.415806981857871,0,0,0,0,3
2023.emnlp-main.301,2023,W4389523650,A5014130591,A5087096372,3,2,1,1,1,1,8.4104984527452746,4.3085594827920088,14.112947892739644,0,1,0,1,3
2023.emnlp-main.302,2023,W4389523893,A5067025425,A5081307846,10,5,1,1,1,1,6.7381524945959574,2.0918640616783928,13.697258412292991,0,0,0,0,3
2023.emnlp-main.303,2023,W4389523917,A5101623196,A5055232825,6,1,1,1,1,1,7.0255383146385206,3.4965075614664798,13.805359206907898,1,1,0,1,3
2023.emnlp-main.304,2023,W4389523996,A5102433365,A5030248499,3,1,1,1,1,1,8.0433421704416084,3.9889840465642745,14.112947892739644,0,0,0,0,3
2023.emnlp-main.307,2023,W4389523967,A5009562561,A5067851924,2,1,1,1,1,1,5.3518581334760666,2.8903717578961645,12.453998561504481,0,0,0,0,3
2023.emnlp-main.31,2023,W4389524437,A5101277569,A5044635661,2,1,1,1,1,1,5.8749307308520304,3.1780538303479458,13.191861454586723,0,0,0,0,3
2023.emnlp-main.310,2023,W4389524333,A5047726169,A5047019446,3,0,1,0,1,0,5.768320995793772,2.7932080094425169,,0,0,0,0,3
2023.emnlp-main.313,2023,W4389518758,A5035758082,A5090215557,7,0,1,0,1,0,8.7438505620302429,4.2626798770413163,,0,0,0,0,3
2023.emnlp-main.315,2023,W4389518695,A5102573603,A5046262541,4,1,1,1,1,1,6.1355648910817386,3.1354942159291497,11.481930031267709,0,1,0,1,3
2023.emnlp-main.316,2023,W4389523858,A5035068478,A5030845033,7,1,1,1,1,1,8.1803208747736846,3.9484926852095374,14.61584393660922,0,0,0,0,3
2023.emnlp-main.317,2023,W4389518802,A5100607161,A5102861481,4,4,1,1,1,1,7.708859601047175,3.881563797943437,13.759976706161479,1,0,0,1,3
2023.emnlp-main.318,2023,W4389523698,A5054657555,A5086717154,7,3,1,1,1,1,6.837332814685591,3.3473946756691797,13.928740131216983,0,1,0,1,3
2023.emnlp-main.329,2023,W4389523876,A5114033608,A5030248499,3,1,1,1,1,1,8.0433421704416084,4.0193815237486454,14.112947892739644,0,1,0,1,3
2023.emnlp-main.330,2023,W4389518686,A5102378134,A5046006076,8,2,1,1,1,1,8.9471557711247893,3.7698832382670231,15.16644480422217,0,0,0,0,3
2023.emnlp-main.333,2023,W4389524208,A5026215663,A5036948222,3,1,1,1,1,1,5.8260001073804499,2.6855773452501515,13.109047108130849,0,0,0,0,3
2023.emnlp-main.336,2023,W4389524461,A5010727771,A5100363211,4,1,1,1,1,1,5.7651911027848444,3.157000421150113,13.604859894543113,0,0,0,0,3
2023.emnlp-main.337,2023,W4389524318,A5062611878,A5086173474,5,1,1,1,1,1,5.9914645471079817,1.791759469228055,11.122280001460345,0,0,0,0,3
2023.emnlp-main.338,2023,W4389524502,A5100672985,A5000339878,5,3,1,1,1,1,7.3277805384216306,3.380994674344636,14.141567312709212,0,0,0,0,3
2023.emnlp-main.341,2023,W4389518691,A5018882725,A5100396375,6,1,1,1,1,1,7.0859014643656106,3.2451931331855741,10.559296247440706,0,1,0,1,3
2023.emnlp-main.342,2023,W4389523711,A5087248105,A5076900864,9,2,1,1,1,1,6.2557500417533669,2.6149597780361979,13.525126170880364,0,0,0,0,3
2023.emnlp-main.346,2023,W4389523836,A5030858516,A5109031255,3,0,1,0,1,0,6.3062752869480159,2.7515353130419489,,0,0,0,0,3
2023.emnlp-main.347,2023,W4389523812,A5100582114,A5102000077,5,2,1,1,1,1,6.9295167707636498,2.7080502011022101,13.805359206907898,0,0,0,0,3
2023.emnlp-main.351,2023,W4389523943,A5007456984,A5074834854,10,11,1,1,1,1,9.5428045871998552,3.9550824948885932,15.217751346278851,1,0,0,1,3
2023.emnlp-main.353,2023,W4389524268,A5047922271,A5002419188,7,1,1,1,1,1,6.804614520062624,2.6184380424125231,14.582709923407574,0,0,0,0,3
2023.emnlp-main.354,2023,W4389524151,A5032931351,A5041779935,3,2,1,1,1,1,5.602118820879701,2.456735772821304,11.878956503832988,0,0,0,0,3
2023.emnlp-main.355,2023,W4389523831,A5028713413,A5008245599,4,2,1,1,1,1,6.818924065275521,3.068052935133617,10.38917996666312,0,1,0,1,3
2023.emnlp-main.357,2023,W4389518728,A5028999775,A5103969906,3,2,1,1,1,1,6.0867747269123065,3.5165082281731497,7.3889460976184367,0,0,0,0,3
2023.emnlp-main.359,2023,W4389524150,A5100428431,A5100393899,9,1,1,1,1,1,8.5346401050199585,3.5988331734291528,10.559296247440706,0,1,0,1,3
2023.emnlp-main.362,2023,W4389523983,A5112425608,A5091674853,4,2,1,1,1,1,7.3683396863113808,3.3758795736778651,12.853435016315627,0,1,0,1,3
2023.emnlp-main.366,2023,W4389518798,A5100324967,A5056605838,4,4,1,1,1,1,7.6304612617836272,3.4889029620812608,14.61584393660922,0,0,0,0,3
2023.emnlp-main.367,2023,W4389518746,A5014883878,A5033580486,6,1,1,1,1,1,6.9127428204931762,3.6763006719070761,13.180468121110668,0,0,0,0,3
2023.emnlp-main.368,2023,W4389524315,A5013979714,A5025758944,3,2,1,1,1,1,4.4886363697321396,2.7932080094425169,12.268037545243375,0,0,0,0,3
2023.emnlp-main.369,2023,W4389518803,A5072788083,A5081393566,3,1,1,1,1,1,7.6511201757027001,4.2243976904702976,14.47161193853173,0,1,0,1,3
2023.emnlp-main.370,2023,W4389523980,A5066983614,A5077976343,6,3,1,1,1,1,8.3920833803733927,3.417726683613366,13.877315659211201,0,0,0,0,3
2023.emnlp-main.374,2023,W4389518757,A5041020656,A5068709817,5,2,1,1,1,1,6.831953565565855,3.4078419243808238,13.550651383796254,0,1,0,1,3
2023.emnlp-main.375,2023,W4389518766,A5005709630,A5101985030,8,3,1,1,1,1,7.0184017990692009,3.2386784521643803,14.466038817999024,0,0,0,0,3
2023.emnlp-main.377,2023,W4389518792,A5033408639,A5004194238,6,4,1,1,1,1,8.3116439485029794,4.0488821881453436,13.460663941615572,0,0,0,0,3
2023.emnlp-main.380,2023,W4389523764,A5101240362,A5100696504,4,2,1,1,1,1,5.4638318050256105,2.224623551524334,11.634434882367426,0,0,0,0,3
2023.emnlp-main.381,2023,W4389524076,A5100425314,A5033269870,6,2,1,1,1,1,7.2813856635702816,3.8501476017100575,13.379446026356028,0,0,0,0,3
2023.emnlp-main.383,2023,W4389518713,A5020887623,A5108541589,5,3,1,1,1,1,7.7985230536252059,3.2657594107670511,14.029360658632266,0,0,0,0,3
2023.emnlp-main.385,2023,W4389524372,A5102941860,A5021827617,4,3,1,1,1,1,9.2871162107782315,4.6298627985784631,14.35551646574088,0,1,0,1,3
2023.emnlp-main.386,2023,W4389523984,A5101964024,A5022582114,5,1,1,1,1,1,4.8040210447332568,1.9459101490553128,11.681148097384682,0,0,0,0,3
2023.emnlp-main.387,2023,W4389518731,A5101347824,A5101594410,3,2,1,1,1,1,5.1059454739005803,1.7346010553881064,13.805359206907898,0,0,0,0,3
2023.emnlp-main.395,2023,W4389518708,A5057950507,A5043159673,8,6,1,1,1,1,5.0814043649844631,2.9894626605403962,13.727458275784391,0,0,0,0,3
2023.emnlp-main.4,2023,W4389523861,A5090247435,A5075033889,7,0,1,0,1,0,7.7911095106100277,3.9262076404201034,,0,1,0,1,3
2023.emnlp-main.40,2023,W4389524595,A5102760748,A5024599321,4,3,1,1,1,1,6.7214257007906433,3.5624655292582776,13.877315659211201,0,0,0,0,3
2023.emnlp-main.400,2023,W4389518767,A5103065535,A5025151670,5,2,1,1,1,1,8.8606410417738761,3.1441522786722644,13.613477601712754,0,1,0,1,3
2023.emnlp-main.402,2023,W4389518781,A5021739456,A5082984558,3,2,1,1,1,1,7.0103118673072293,3.4552646029324312,13.854114734944336,0,1,0,1,3
2023.emnlp-main.403,2023,W4389518693,A5008756360,A5066361433,5,4,1,1,1,1,5.6454468976432377,2.5494451709255714,14.415806981857871,0,1,0,1,3
2023.emnlp-main.404,2023,W4389520668,A5017071421,A5008923192,5,2,1,1,1,1,7.1507014575925263,3.6428355156125294,13.13676911471193,0,0,0,0,3
2023.emnlp-main.405,2023,W4389518791,A5008355389,A5055007304,6,1,1,1,1,1,7.5999019592084984,3.2580965380214821,14.35551646574088,0,0,0,0,3
2023.emnlp-main.408,2023,W4389520712,A5011243851,A5100414023,5,3,1,1,1,1,7.0715733642115319,2.9755295662364718,14.462738399589806,0,0,0,0,3
2023.emnlp-main.409,2023,W4389518712,A5076564883,A5102220317,3,1,1,1,1,1,6.9246123960485599,3.4552646029324312,14.462738399589806,1,0,0,1,3
2023.emnlp-main.410,2023,W4389520702,A5100599890,A5087096372,3,1,1,1,1,1,8.4104984527452746,4.6216994879393019,14.112947892739644,0,1,0,1,3
2023.emnlp-main.413,2023,W4389520683,A5100419238,A5102023120,2,1,1,1,1,1,6.5889264775335192,3.4499875458315872,11.681148097384682,0,0,0,0,3
2023.emnlp-main.415,2023,W4389520696,A5075793514,A5004921249,3,3,1,1,1,1,7.0992017435530919,3.2708355637989119,14.088138127913318,0,0,0,0,3
2023.emnlp-main.416,2023,W4389520686,A5092401247,A5051777602,5,2,1,1,1,1,6.481577129276431,2.6390573296152584,10.08088031609333,1,0,0,1,3
2023.emnlp-main.417,2023,W4389520695,A5100741607,A5005443526,4,1,1,1,1,1,9.5428045871998552,4.5406316648505198,9.6591842033862925,0,0,0,0,3
2023.emnlp-main.418,2023,W4389518753,A5104263425,A5006779728,6,3,1,1,1,1,7.6246189861593985,3.8066624897703201,12.609418843666671,0,1,0,1,3
2023.emnlp-main.420,2023,W4389518710,A5100678171,A5100449169,7,3,1,1,1,1,8.8122480181974314,3.7612001156935615,15.535312945342914,0,0,0,0,3
2023.emnlp-main.422,2023,W4389518823,A5031022355,A5014866912,8,2,1,1,1,1,7.6511201757027001,3.5835189384561099,14.47161193853173,0,0,0,0,3
2023.emnlp-main.424,2023,W4389520688,A5102930940,A5102992157,17,2,1,1,1,1,9.3003638746237716,3.824797701814532,14.415806981857871,0,0,0,0,3
2023.emnlp-main.425,2023,W4389520694,A5113067504,A5077832834,3,2,1,1,1,1,5.8971538676367405,3.0122615755052013,13.643741922706475,0,0,0,0,3
2023.emnlp-main.429,2023,W4389518670,A5064578824,A5017308450,7,3,1,1,1,1,6.7153833863346808,3.218875824868201,14.008854478039964,0,0,0,0,3
2023.emnlp-main.43,2023,W4389524255,A5103537133,A5025827839,4,0,1,0,1,0,6.9763480704477487,3.218875824868201,,0,1,0,1,3
2023.emnlp-main.430,2023,W4389520679,A5101486818,A5005443526,4,2,1,1,1,1,9.5428045871998552,4.3788967416649536,13.854114734944336,0,1,0,1,3
2023.emnlp-main.431,2023,W4389518723,A5004111591,A5042262991,4,1,1,1,1,1,6.5294188382622256,2.9311937524164202,12.357449481808036,0,1,0,1,3
2023.emnlp-main.432,2023,W4389520732,A5100337748,A5079750750,6,2,1,1,1,1,7.5776338326027277,3.709498741316672,10.240745194931176,0,0,0,0,3
2023.emnlp-main.433,2023,W4389520674,A5067607594,A5100422092,5,2,1,1,1,1,7.9294865233142895,4.0638853547373923,13.605937016178764,1,0,0,1,3
2023.emnlp-main.435,2023,W4389519056,A5067263653,A5002316432,3,2,1,1,1,1,7.5626812467218842,3.737669618283368,13.900687753871743,0,1,0,1,3
2023.emnlp-main.436,2023,W4389519120,A5076577141,A5031035935,4,2,1,1,1,1,5.6094717951849598,2.5055259369907361,13.470415451024165,0,0,0,0,3
2023.emnlp-main.437,2023,W4389519038,A5036488225,A5101990229,4,2,1,1,1,1,8.2581633615376191,4.1627817237753293,13.437524420844396,0,1,0,1,3
2023.emnlp-main.438,2023,W4389520678,A5085145477,A5049194403,4,2,1,1,1,1,5.6698809229805196,3.3758795736778651,12.19097931208252,0,0,0,0,3
2023.emnlp-main.44,2023,W4389519448,A5047340661,A5111961649,3,3,1,1,1,1,6.1758672701057611,3.0757749812275281,11.474912022772012,0,0,0,0,3
2023.emnlp-main.440,2023,W4389520727,A5101447384,A5000755750,4,2,1,1,1,1,8.6260475963283199,4.0817657800152407,13.084732120396104,0,0,0,0,3
2023.emnlp-main.441,2023,W4389520673,A5009070227,A5100668121,5,2,1,1,1,1,8.1859074814823245,3.4843122883726618,14.61584393660922,1,0,0,1,3
2023.emnlp-main.443,2023,W4389520706,A5022916584,A5009650223,9,2,1,1,1,1,8.4167096528379144,3.5098856874126563,13.084732120396104,0,1,0,1,3
2023.emnlp-main.444,2023,W4389519062,A5036738038,A5011291658,3,2,0.75,1,1,1,6.62273632394984,3.8430301339411943,12.155226619524258,0,0,0,0,3
2023.emnlp-main.447,2023,W4377865016,A5051972245,A5040564747,3,0,1,0,1,0,6.1984787164923079,3.5165082281731497,,0,1,0,1,3
2023.emnlp-main.45,2023,W4389518617,A5100455048,A5113275593,3,1,1,1,1,1,5.7104270173748697,2.8526314299133171,13.529545676961634,0,0,0,0,3
2023.emnlp-main.450,2023,W4389520701,A5048810138,A5042239927,4,2,1,1,1,1,5.2933048247244923,2.8183982582710758,13.379647065263921,0,0,0,0,3
2023.emnlp-main.451,2023,W4389520687,A5109737659,A5089085275,2,1,1,1,1,1,6.8855096700348177,3.5695326964813701,13.16906183166356,1,0,0,1,3
2023.emnlp-main.452,2023,W4389520690,A5093022042,A5017455302,6,3,1,1,1,1,7.3369369137076177,3.3900240810640301,14.224327376144808,0,1,0,1,3
2023.emnlp-main.456,2023,W4389520685,A5100691427,A5026638047,7,2,1,1,1,1,7.796469243086058,3.235873401236772,14.343549577504779,0,0,0,0,3
2023.emnlp-main.457,2023,W4389520713,A5056017172,A5017387514,4,1,1,1,1,1,6.3044488024219811,3.3499040872746049,12.967446070460248,0,0,0,0,3
2023.emnlp-main.459,2023,W4389520677,A5100721398,A5048910943,4,1,1,1,1,1,3.0910424533583161,2.1690537003695232,13.562813316895451,0,1,0,1,3
2023.emnlp-main.46,2023,W4389524109,A5102568508,A5101881857,2,1,1,1,1,1,6.2557500417533669,2.917770732084279,13.525126170880364,0,1,0,1,3
2023.emnlp-main.465,2023,W4389519089,A5100324056,A5101985030,4,3,1,1,1,1,6.7810576259361799,3.7495040759303713,12.974670467887972,0,0,0,0,3
2023.emnlp-main.468,2023,W4389519108,A5104331002,A5042262991,3,4,1,1,1,1,6.5294188382622256,3.2321210516182211,14.088138127913318,0,0,0,0,3
2023.emnlp-main.470,2023,W4389519041,A5062976255,A5015133105,4,2,1,1,1,1,7.0210839642891401,3.4339872044851463,13.604859894543113,0,0,0,0,3
2023.emnlp-main.471,2023,W4389520709,A5003550254,A5113325775,4,4,1,1,1,1,5.5683445037610966,2.110213200346589,12.807543037518217,0,0,0,0,3
2023.emnlp-main.473,2023,W4389520666,A5057738797,A5061748233,7,1,1,1,1,1,5.575949103146316,2.3307559699607419,11.301945140781823,0,0,0,0,3
2023.emnlp-main.476,2023,W4389519052,A5005572782,A5092005328,7,2,1,1,1,1,7.3783837129967136,3.6525118099430616,14.462738399589806,0,0,0,0,3
2023.emnlp-main.477,2023,W4389519106,A5100399752,A5065423554,3,1,1,1,1,1,5.2364419628299492,3.120895416507997,13.191861454586723,1,1,0,1,3
2023.emnlp-main.479,2023,W4389520684,A5048179343,A5100308511,4,4,1,1,1,1,6.7298240704894754,3.0796137575346929,14.922642121009206,1,1,0,1,3
2023.emnlp-main.480,2023,W4389520704,A5038321620,A5038521974,4,2,1,1,1,1,7.4633630455200208,3.8066624897703201,15.535312945342914,0,0,0,0,3
2023.emnlp-main.481,2023,W4389520681,A5101606116,A5102743927,2,2,1,1,1,1,7.2577076771600426,3.737669618283368,13.883879234682198,0,1,0,1,3
2023.emnlp-main.482,2023,W4389519070,A5041191241,A5066242985,12,2,1,1,1,1,9.2719997523629107,4.2292638801214713,13.699629337709988,1,1,0,1,3
2023.emnlp-main.484,2023,W4389519071,A5100418969,A5113916695,4,2,1,1,1,1,8.1406070428584503,4.3438054218536841,14.466038817999024,0,0,0,0,3
2023.emnlp-main.485,2023,W4389520665,A5070849355,A5041906762,3,2,1,1,1,1,6.8254600362553068,3.044522437723423,13.60796595792648,0,0,0,0,3
2023.emnlp-main.49,2023,W4389523777,A5100425893,A5102306822,6,4,1,1,1,1,6.4473058625412127,2.8903717578961645,13.854114734944336,0,0,0,0,3
2023.emnlp-main.490,2023,W4389520672,A5067456520,A5101616228,7,4,1,1,1,1,7.8735977896855402,2.8332133440562162,11.681148097384682,0,0,0,0,3
2023.emnlp-main.492,2023,W4389520693,A5086095378,A5101440710,4,0,1,0,1,0,5.8971538676367405,1.5581446180465499,,0,0,0,0,3
2023.emnlp-main.496,2023,W4389519026,A5005023045,A5006531172,2,2,1,1,1,1,6.6502790485874224,2.8903717578961645,14.083932590892504,0,0,0,0,3
2023.emnlp-main.498,2023,W4389520740,A5003440849,A5024599321,5,4,1,1,1,1,6.2971093199339352,3.4843122883726618,13.877315659211201,0,0,0,0,3
2023.emnlp-main.499,2023,W4389519057,A5005124441,A5100400329,6,3,1,1,1,1,7.8709295967551425,3.881563797943437,13.88454956172045,0,0,0,0,3
2023.emnlp-main.50,2023,W4389519292,A5012799142,A5010504829,9,0,1,0,1,0,6.8134445995108956,2.6149597780361979,,0,0,0,0,3
2023.emnlp-main.501,2023,W4389519068,A5102879169,A5101902183,7,2,1,1,1,1,7.9146177090406793,2.7080502011022101,14.462738399589806,0,1,0,1,3
2023.emnlp-main.503,2023,W4389519090,A5045030613,A5100295907,3,2,1,1,1,1,3.8712010109078911,2.367123614131617,14.61584393660922,0,0,0,0,3
2023.emnlp-main.505,2023,W4389520775,A5019864606,A5079131136,3,1,1,1,1,1,4.7361984483944957,2.367123614131617,12.929212999998049,0,0,0,0,3
2023.emnlp-main.507,2023,W4389520747,A5017338168,A5085608858,7,2,1,1,1,1,8.6114118666552191,3.713572066704308,14.224327376144808,0,0,0,0,3
2023.emnlp-main.509,2023,W4389519054,A5083907422,A5057183219,7,6,1,1,1,1,7.8789129122971326,3.4385849137337758,15.535312945342914,0,0,0,0,3
2023.emnlp-main.514,2023,W4389520797,A5108481711,A5101671513,6,2,1,1,1,1,7.5999019592084984,2.5257286443082561,14.35551646574088,1,0,0,1,3
2023.emnlp-main.515,2023,W4389520750,A5055111969,A5077726785,4,2,1,1,1,1,7.8256447322199891,4.1934354648663312,12.301364643351024,0,0,0,0,3
2023.emnlp-main.518,2023,W4389519047,A5074102828,A5018069499,3,2,1,1,1,1,7.0758088639783869,3.713572066704308,13.89930744066524,0,0,0,0,3
2023.emnlp-main.52,2023,W4389523743,A5100379419,A5061951606,4,0,1,0,1,0,7.2841348061952047,4.219507705176107,,0,0,0,0,3
2023.emnlp-main.521,2023,W4389520739,A5030953897,A5067943980,3,1,1,1,1,1,7.0039741367226798,3.0122615755052013,8.7335940618630552,0,0,0,0,3
2023.emnlp-main.524,2023,W4389520759,A5074617304,A5010354377,4,0,1,0,1,0,5.2522734280466299,2.724579503053421,,0,0,0,0,3
2023.emnlp-main.527,2023,W4389519036,A5055458201,A5091549352,2,2,1,1,1,1,7.5511868672961491,4.290459441148391,14.66326074460796,0,0,0,0,3
2023.emnlp-main.528,2023,W4389520760,A5033408639,A5004194238,7,2,1,1,1,1,8.3116439485029794,3.8976342679760463,13.460663941615572,0,1,0,1,3
2023.emnlp-main.530,2023,W4389520781,A5050530749,A5004714414,8,3,1,1,1,1,8.0946836486988154,2.431417964837014,13.701465776321481,0,0,0,0,3
2023.emnlp-main.531,2023,W4389520812,A5058754291,A5073264941,5,1,1,1,1,1,6.2065759267249279,2.4680995314716192,12.632431288945909,0,0,0,0,3
2023.emnlp-main.532,2023,W4389520741,A5051009519,A5101564683,6,2,1,1,1,1,6.6253923680079563,3.6930374642625998,12.457274845291472,0,0,0,0,3
2023.emnlp-main.535,2023,W4389519027,A5072207917,A5041024491,2,1,1,1,1,1,6.7044143549641069,4.0517849478033048,13.89930744066524,0,0,0,0,3
2023.emnlp-main.537,2023,W4389519091,A5100875324,A5100613014,3,1,1,1,1,1,6.156978985585555,2.2335922215070942,14.366453415965321,0,0,0,0,3
2023.emnlp-main.540,2023,W4389520787,A5069088584,A5040580626,8,3,1,1,1,1,8.3140973354058065,4.3274384443894789,14.224327376144808,0,1,0,1,3
2023.emnlp-main.545,2023,W4389520745,A5109628227,A5077832834,6,2,1,1,1,1,6.9127428204931762,3.1986731175506811,13.643741922706475,0,0,0,0,3
2023.emnlp-main.547,2023,W4389520778,A5100439571,A5041906762,3,1,1,1,1,1,6.8254600362553068,3.737669618283368,13.60796595792648,0,0,0,0,3
2023.emnlp-main.548,2023,W4389520763,A5101960922,A5100574425,10,2,1,1,1,1,6.9735430195201404,2.862200880929469,13.437524420844396,1,0,0,1,3
2023.emnlp-main.55,2023,W4389524088,A5056922715,A5100679181,9,3,1,1,1,1,6.8956826977478682,3.3479528671433432,13.60796595792648,0,0,0,0,3
2023.emnlp-main.553,2023,W4389519049,A5091755280,A5102274699,2,1,1,1,1,1,6.8710912946105456,3.8918202981106265,12.445227331783368,0,0,0,0,3
2023.emnlp-main.554,2023,W4389520755,A5101191761,A5010740940,2,3,1,1,1,1,3.6635616461296463,1.3862943611198906,14.462738399589806,0,0,0,0,3
2023.emnlp-main.559,2023,W4389520751,A5093123135,A5103969906,4,1,1,1,1,1,6.3080984415095305,2.9575110607337933,7.3889460976184367,0,0,0,0,3
2023.emnlp-main.56,2023,W4389519547,A5040353694,A5100402100,7,0,1,0,1,0,8.6310574475652846,3.1229940531649181,,0,0,0,0,3
2023.emnlp-main.560,2023,W4389520805,A5052409554,A5025827839,4,1,1,1,1,1,6.9763480704477487,3.2484346271097451,7.1861443045223252,0,0,0,0,3
2023.emnlp-main.561,2023,W4389519102,A5100329775,A5102994315,6,2,1,1,1,1,8.1715994803454635,3.6720723357975551,14.61584393660922,0,0,0,0,3
2023.emnlp-main.563,2023,W4389520752,A5072526859,A5010341007,3,1,1,1,1,1,6.5903010481966859,3.3787245258100969,13.245919936375492,0,1,0,1,3
2023.emnlp-main.564,2023,W4389519067,A5108884664,A5101898313,5,1,1,1,1,1,6.2025355171879228,2.5014359517392109,12.36208017177916,0,1,0,1,3
2023.emnlp-main.565,2023,W4389520768,A5089829380,A5020128898,6,0,1,0,1,0,6.8741984954532942,2.7080502011022101,,0,0,0,0,3
2023.emnlp-main.566,2023,W4389520766,A5044345184,A5004751764,7,1,1,1,1,1,6.7580945044277305,2.4967411074350032,4.4067192472642533,0,0,0,0,3
2023.emnlp-main.567,2023,W4389520746,A5055007304,A5101979289,11,4,1,1,1,1,8.3497208374724892,3.8635964115226722,14.074777723676515,0,0,0,0,3
2023.emnlp-main.570,2023,W4389519064,A5108383963,A5100406711,4,1,1,1,1,1,7.8054746252708567,3.844814255734696,13.741768211269109,0,0,0,0,3
2023.emnlp-main.578,2023,W4389519107,A5041546547,A5085665917,11,6,1,1,1,1,7.1507014575925263,3.0047821090739091,14.466038817999024,0,0,0,0,3
2023.emnlp-main.58,2023,W4389524547,A5102019907,A5048486573,9,5,1,1,1,1,8.7901168928924722,4.3145207523085087,15.535312945342914,0,0,0,0,3
2023.emnlp-main.587,2023,W4389519121,A5101262140,A5087920747,6,2,1,1,1,1,7.5999019592084984,3.4657359027997265,14.35551646574088,1,1,0,1,3
2023.emnlp-main.59,2023,W4389519364,A5039166924,A5062910836,4,3,1,1,1,1,7.4673710669175586,3.5336865647082343,14.415806981857871,0,0,0,0,3
2023.emnlp-main.595,2023,W4389524328,A5002228588,A5014866912,3,2,1,1,1,1,7.6511201757027001,4.219507705176107,14.47161193853173,0,0,0,0,3
2023.emnlp-main.597,2023,W4389519033,A5101999478,A5004875850,6,2,1,1,1,1,7.8339963417094598,3.4965075614664798,14.61584393660922,0,0,0,0,3
2023.emnlp-main.60,2023,W4389523874,A5060320196,A5078530959,5,2,1,1,1,1,6.481577129276431,3.673765816303888,14.79170697092596,0,0,0,0,3
2023.emnlp-main.600,2023,W4389520387,A5050818189,A5066791810,7,1,1,1,1,1,8.9385316486806925,4.3117574388273257,9.6591842033862925,0,0,0,0,3
2023.emnlp-main.601,2023,W4389520369,A5101787663,A5101595608,5,1,1,1,1,1,6.2461067654815627,2.4336133554004498,13.180468121110668,0,0,0,0,3
2023.emnlp-main.602,2023,W4389520341,A5100705490,A5078390032,5,2,1,1,1,1,6.9057532763114642,2.954910279033736,13.460663941615572,0,0,0,0,3
2023.emnlp-main.605,2023,W4389519073,A5100599890,A5109059955,2,1,1,1,1,1,6.6808546787902152,4.0073331852324712,13.845085864923984,0,0,0,0,3
2023.emnlp-main.610,2023,W4389520403,A5024670621,A5066406697,4,5,1,1,1,1,7.2661287795564506,3.4578927253387008,13.369001555717956,0,0,0,0,3
2023.emnlp-main.611,2023,W4389520350,A5015325814,A5107931474,6,0,1,0,1,0,6.6267177492490248,2.8033603809065348,,0,0,0,0,3
2023.emnlp-main.612,2023,W4389523740,A5101153906,A5044042138,5,2,1,1,1,1,9.6872575474909883,4.924350925499243,14.61584393660922,0,0,0,0,3
2023.emnlp-main.616,2023,W4389520338,A5079722422,A5030414237,11,3,1,1,1,1,7.7587605441576626,3.0531431807673299,13.605937016178764,0,0,0,0,3
2023.emnlp-main.617,2023,W4389519100,A5100439703,A5048483915,5,2,1,1,1,1,5.9738096118692612,3.3463891451671604,14.66326074460796,0,0,0,0,3
2023.emnlp-main.618,2023,W4389520395,A5027982192,A5035252549,7,5,1,1,1,1,7.790696031174738,3.4878118544989265,13.824618950328263,1,0,0,1,3
2023.emnlp-main.619,2023,W4389523685,A5101442095,A5066940046,2,1,1,1,1,1,6.0661080901037474,3.7495040759303713,12.353431743257577,0,1,0,1,3
2023.emnlp-main.62,2023,W4389519163,A5048080768,A5090215557,2,2,1,1,1,1,7.1428274011616208,3.8066624897703201,14.029360658632266,0,0,0,0,3
2023.emnlp-main.622,2023,W4389519119,A5039920828,A5001987532,4,2,1,1,1,1,8.7285879956958983,4.6126422008267927,13.869897412356966,0,0,0,0,3
2023.emnlp-main.627,2023,W4389520400,A5051572260,A5100402911,7,3,1,1,1,1,10.004915345166239,4.8575951085530242,14.163465896396607,1,0,0,1,3
2023.emnlp-main.628,2023,W4389520317,A5081588948,A5010165733,4,1,1,1,1,1,6.2709884318582994,3.0325462466767075,13.928740131216983,0,1,0,1,3
2023.emnlp-main.631,2023,W4389519079,A5010121592,A5065856469,7,1,1,1,1,1,8.8372456438984699,3.5094109663023878,13.084732120396104,0,0,0,0,3
2023.emnlp-main.632,2023,W4389520370,A5007559881,A5089259739,8,1,1,1,1,1,8.2098524813012723,3.8789831513499458,14.225970504405945,0,0,0,0,3
2023.emnlp-main.633,2023,W4389520332,A5004590573,A5089586983,5,3,1,1,1,1,6.6240652277998935,2.4849066497880004,13.664837656980817,0,0,0,0,3
2023.emnlp-main.638,2023,W4389524254,A5103140635,A5047285420,3,1,1,1,1,1,8.7430530502246757,4.0253516907351496,14.088138127913318,0,0,0,0,3
2023.emnlp-main.649,2023,W4389520396,A5048901866,A5044130443,6,5,1,1,1,1,8.069342366811636,4.1896547420264252,13.928740131216983,0,1,0,1,3
2023.emnlp-main.651,2023,W4389519110,A5103068530,A5042018181,8,4,1,1,1,1,9.2604629813793942,4.1627817237753293,14.008854478039964,0,0,0,0,3
2023.emnlp-main.652,2023,W4389520394,A5008792199,A5101843145,3,2,1,1,1,1,5.6347896031692493,2.2686835413183641,13.428850520934963,0,0,0,0,3
2023.emnlp-main.653,2023,W4389520331,A5101665632,A5023341829,4,2,1,1,1,1,7.9237103339692379,3.7196511127806899,14.074777723676515,0,0,0,0,3
2023.emnlp-main.659,2023,W4389520334,A5101408453,A5100440407,2,2,1,1,1,1,8.853093836138493,4.990432586778736,12.929212999998049,0,1,0,1,3
2023.emnlp-main.663,2023,W4389520404,A5100349352,A5100370155,7,1,1,1,1,1,10.273152756513104,5.3962215815294083,12.974670467887972,0,0,0,0,3
2023.emnlp-main.666,2023,W4389519112,A5049505543,A5035983004,3,2,1,1,1,1,6.1923624894748723,2.8134107167600364,15.535312945342914,0,0,0,0,3
2023.emnlp-main.668,2023,W4389519083,A5004287797,A5071854504,6,2,1,1,1,1,8.2692445211830563,3.4122472178487402,14.462738399589806,0,0,0,0,3
2023.emnlp-main.670,2023,W4389520316,A5100606858,A5073535763,4,1,1,1,1,1,8.4431159880199225,3.9982007016691994,14.099765012840782,0,0,0,0,3
2023.emnlp-main.672,2023,W4389524561,A5101684999,A5085284883,7,3,1,1,1,1,7.4127640174265617,3.0713696877596117,13.591099954278128,0,0,0,0,3
2023.emnlp-main.675,2023,W4389519082,A5057874208,A5057874208,1,1,1,1,1,1,4.4543472962535073,2.9444389791664403,14.592020467285041,0,0,0,0,3
2023.emnlp-main.679,2023,W4389520363,A5100723363,A5101906756,4,2,1,1,1,1,6.1025585946135692,2.917770732084279,14.48897836363215,0,1,0,1,3
2023.emnlp-main.68,2023,W4389519352,A5100372089,A5074834854,6,0,1,0,1,0,9.5428045871998552,4.2579739860039032,,0,1,0,1,3
2023.emnlp-main.682,2023,W4389519039,A5031240854,A5056977175,4,2,1,1,1,1,7.1929342212157996,3.5115454388310208,13.89930744066524,0,0,0,0,3
2023.emnlp-main.684,2023,W4389519105,A5016499881,A5049137879,4,4,1,1,1,1,6.0330862217988015,3.044522437723423,15.217751346278851,0,0,0,0,3
2023.emnlp-main.686,2023,W4389519095,A5090138031,A5081354508,2,1,1,1,1,1,4.4067192472642533,2.0149030205422647,12.468017591326646,0,0,0,0,3
2023.emnlp-main.687,2023,W4389520347,A5013475060,A5056086147,4,2,1,1,1,1,5.9889614168898637,3.0563568953704259,12.910720934064646,0,0,0,0,3
2023.emnlp-main.688,2023,W4389520407,A5101910721,A5070368916,4,2,1,1,1,1,6.4118182677098972,2.8478121434773689,13.761402780316043,0,0,0,0,3
2023.emnlp-main.689,2023,W4389524373,A5057942941,A5032801642,6,2,1,1,1,1,6.3421214187211516,2.6855773452501515,12.380084774452987,0,0,0,0,3
2023.emnlp-main.691,2023,W4389520344,A5092029579,A5102590182,3,1,1,1,1,1,2.7725887222397811,0.51082562376599072,14.088138127913318,0,0,0,0,3
2023.emnlp-main.692,2023,W4389519080,A5087316752,A5104360871,3,2,1,1,1,1,6.8803840821860049,3.3322045101752038,13.401938678602177,0,0,0,0,3
2023.emnlp-main.693,2023,W4389520322,A5065747091,A5042601761,9,1,1,1,1,1,8.3532614997338737,3.3596034843633182,14.582709923407574,0,0,0,0,3
2023.emnlp-main.694,2023,W4389520372,A5081490882,A5069939742,2,1,1,1,1,1,6.230481447578482,2.6026896854443842,14.582709923407574,1,1,0,1,3
2023.emnlp-main.695,2023,W4389519099,A5033032726,A5086934220,3,2,1,1,1,1,8.0519780789022999,2.5123056239761148,14.258103806706844,0,1,0,1,3
2023.emnlp-main.696,2023,W4389520354,A5010955293,A5074103823,7,3,1,1,1,1,10.004915345166239,5.0219990527465708,14.163465896396607,0,1,0,1,3
2023.emnlp-main.697,2023,W4389524012,A5043402333,A5035399743,10,2,1,1,1,1,8.2746119462095518,3.3499040872746049,14.582709923407574,0,0,0,0,3
2023.emnlp-main.699,2023,W4389519042,A5101505324,A5046126345,5,3,1,1,1,1,7.7002952034201169,3.7232808808312687,14.47161193853173,1,0,0,1,3
2023.emnlp-main.7,2023,W4389519615,A5002283273,A5018976680,4,0,1,0,1,0,7.352441100243583,3.5765502691400166,,0,1,0,1,3
2023.emnlp-main.70,2023,W4389524207,A5104325369,A5100716372,8,5,1,1,1,1,7.6619975589018932,3.3542804618744042,14.366453415965321,1,0,0,1,3
2023.emnlp-main.702,2023,W4389520306,A5026219235,A5102869952,5,1,1,1,1,1,7.5207764150627971,3.648057459593681,11.474912022772012,0,0,0,0,3
2023.emnlp-main.703,2023,W4389520383,A5101747406,A5072659160,4,2,1,1,1,1,6.2166061010848646,2.5257286443082561,12.330195541732737,0,0,0,0,3
2023.emnlp-main.704,2023,W4389519415,A5100611739,A5061235567,3,2,1,1,1,1,6.2324480165505225,3.1780538303479458,13.761248651077317,0,0,0,0,3
2023.emnlp-main.705,2023,W4389520330,A5076814388,A5066183817,6,2,1,1,1,1,6.5806391372849493,3.2958368660043291,12.330195541732737,0,1,0,1,3
2023.emnlp-main.706,2023,W4389523788,A5015091549,A5100360245,11,4,0.91666666666666663,1,1,1,7.4662275562154807,3.3704257229954018,14.008854478039964,0,0,0,0,3
2023.emnlp-main.707,2023,W4389523966,A5076372633,A5040050806,4,1,1,1,1,1,7.1300985101255776,3.218875824868201,12.697164839605776,0,0,0,0,3
2023.emnlp-main.708,2023,W4389520367,A5100656309,A5030468199,5,2,1,1,1,1,9.3003638746237716,4.5282891416521336,14.415806981857871,0,0,0,0,3
2023.emnlp-main.711,2023,W4389520390,A5046927687,A5100447321,13,5,0.9285714285714286,1,1,1,8.5980355792603387,3.8728022922748648,14.462738399589806,0,0,0,0,3
2023.emnlp-main.713,2023,W4389520320,A5083350804,A5035198055,6,3,1,1,1,1,7.5948843872165197,3.5695326964813701,12.136867251461901,1,0,0,1,3
2023.emnlp-main.714,2023,W4389520389,A5002630102,A5079131136,3,2,1,1,1,1,8.7285879956958983,4.5217885770490405,13.869897412356966,0,0,0,0,3
2023.emnlp-main.715,2023,W4389519429,A5032699557,A5029609876,3,1,1,1,1,1,6.7080840838530698,2.5123056239761148,13.120812174911592,0,1,0,1,3
2023.emnlp-main.716,2023,W4389520391,A5101442631,A5055735931,6,3,1,1,1,1,6.1158921254830343,2.9267394020670401,11.878956503832988,0,1,0,1,3
2023.emnlp-main.717,2023,W4389520384,A5028983480,A5026771837,7,2,1,1,1,1,9.9037375212913368,5.1977074536488086,14.225970504405945,0,0,0,0,3
2023.emnlp-main.719,2023,W4389520364,A5102433365,A5030248499,8,0,1,0,1,0,8.0433421704416084,3.417726683613366,,0,0,0,0,3
2023.emnlp-main.72,2023,W4389524485,A5100370452,A5100408983,5,1,1,1,1,1,7.2730925959995218,4.0289167568996458,13.622270409704102,0,0,0,0,3
2023.emnlp-main.722,2023,W4389520353,A5058532854,A5075796989,5,5,1,1,1,1,6.7753660909363917,3.4210000089583352,15.217751346278851,1,0,0,1,3
2023.emnlp-main.723,2023,W4389520402,A5100387509,A5029568096,2,1,1,1,1,1,8.3598373806400303,5.1387352967235724,14.462738399589806,0,0,0,0,3
2023.emnlp-main.727,2023,W4389519349,A5100506810,A5054440544,2,2,1,1,1,1,2.0794415416798362,0.91629073187415522,13.375009807066274,0,0,0,0,3
2023.emnlp-main.728,2023,W4389520368,A5110349146,A5018582154,4,2,1,1,1,1,8.1149229742045925,4.577284982498556,13.741768211269109,0,0,0,0,3
2023.emnlp-main.73,2023,W4389519206,A5077595559,A5044665993,6,1,1,1,1,1,8.8891704553634128,3.7992275112828016,14.051739323227141,0,0,0,0,3
2023.emnlp-main.732,2023,W4389519339,A5100609970,A5101607895,3,1,1,1,1,1,6.4313310819334788,2.8903717578961645,13.664837656980817,0,0,0,0,3
2023.emnlp-main.734,2023,W4389520378,A5101755466,A5080290764,7,4,1,1,1,1,7.7169061352983883,3.2414756567854419,14.61584393660922,0,0,0,0,3
2023.emnlp-main.735,2023,W4389520321,A5082063964,A5048067770,10,3,1,1,1,1,7.2093402566029097,2.5572273113676265,12.853435016315627,1,0,0,1,3
2023.emnlp-main.736,2023,W4389519183,A5100702201,A5046871248,6,3,1,1,1,1,7.7786301473258099,3.6109179126442239,14.61584393660922,0,1,0,1,3
2023.emnlp-main.738,2023,W4389519496,A5039946407,A5089413311,2,2,1,1,1,1,8.2746119462095518,4.1666652238017274,14.582709923407574,0,0,0,0,3
2023.emnlp-main.739,2023,W4389520337,A5053234204,A5087459652,3,0,1,0,1,0,6.4068799860693142,2.8716796248840124,,0,0,0,0,3
2023.emnlp-main.74,2023,W4389524399,A5047416722,A5064858748,12,5,1,1,1,1,7.8524390853575099,2.9998902837026544,14.466038817999024,1,0,0,1,3
2023.emnlp-main.742,2023,W4389523976,A5032449871,A5006737958,4,2,1,1,1,1,4.0430512678345503,2.0476928433652555,12.078875435263171,0,0,0,0,3
2023.emnlp-main.744,2023,W4389520358,A5101459729,A5007142536,3,2,1,1,1,1,7.5626812467218842,3.2708355637989119,13.845085864923984,0,1,0,1,3
2023.emnlp-main.745,2023,W4389519376,A5100691702,A5100350205,5,1,1,1,1,1,6.9304947659516261,3.5610460826040518,12.575551271383931,0,1,0,1,3
2023.emnlp-main.749,2023,W4389523782,A5101265197,A5100722239,6,2,0.8571428571428571,1,1,1,7.4454175567016874,3.1710851610318525,13.09758696130254,0,1,0,1,3
2023.emnlp-main.750,2023,W4389523728,A5100742403,A5066621365,2,1,1,1,1,1,7.3777589082278716,3.9219733362813134,10.180096038519288,1,0,0,1,3
2023.emnlp-main.752,2023,W4389520324,A5032057521,A5025085845,3,1,1,1,1,1,5.7714411231300158,2.8716796248840124,13.550651383796254,0,0,0,0,3
2023.emnlp-main.757,2023,W4389519269,A5100694827,A5101713885,5,5,1,1,1,1,8.6114118666552191,3.9160150266976834,14.466038817999024,0,0,0,0,3
2023.emnlp-main.758,2023,W4389523985,A5049999785,A5100360458,10,1,1,1,1,1,9.4916018766250403,3.6349511120883808,8.7168633865448051,1,0,0,1,3
2023.emnlp-main.759,2023,W4389524404,A5100321702,A5016175345,4,1,1,1,1,1,8.0443054069906381,4.3882571844245177,14.07966629371149,0,0,0,0,3
2023.emnlp-main.76,2023,W4389524187,A5065652268,A5078812348,4,3,1,1,1,1,7.9189924881652454,3.6041382256588457,13.89930744066524,0,0,0,0,3
2023.emnlp-main.761,2023,W4389520310,A5045442167,A5042262991,4,2,1,1,1,1,7.3901814282264287,3.5624655292582776,12.929212999998049,0,0,0,0,3
2023.emnlp-main.764,2023,W4389519461,A5112598869,A5102865824,9,2,1,1,1,1,7.0449051171293711,3.4339872044851463,13.664837656980817,1,0,0,1,3
2023.emnlp-main.767,2023,W4389524474,A5113573208,A5067943980,2,2,1,1,1,1,7.0039741367226798,3.218875824868201,14.47161193853173,0,0,0,0,3
2023.emnlp-main.768,2023,W4389520393,A5016388137,A5025631695,3,1,1,1,1,1,9.0027010071979383,4.7095302013123339,12.074949778648907,0,1,0,1,3
2023.emnlp-main.769,2023,W4389520392,A5084090218,A5044042138,4,3,1,1,1,1,9.6872575474909883,5.0514572886165112,14.61584393660922,0,1,0,1,3
2023.emnlp-main.77,2023,W4389519523,A5103056761,A5087096372,7,3,1,1,1,1,9.2948653270458728,4.0278994628139477,13.013913650599015,0,0,0,0,3
2023.emnlp-main.775,2023,W4389524047,A5057502366,A5056540913,4,5,1,1,1,1,6.0822189103764464,3.0081547935525483,13.084732120396104,0,0,0,0,3
2023.emnlp-main.776,2023,W4389524530,A5040635806,A5014682058,2,2,1,1,1,1,5.0498560072495371,2.7725887222397811,11.879011980796191,0,0,0,0,3
2023.emnlp-main.780,2023,W4389520361,A5086509214,A5019539533,5,1,1,1,1,1,8.5032970862241264,3.9963641538618968,13.550651383796254,0,0,0,0,3
2023.emnlp-main.781,2023,W4389520339,A5108378458,A5102023020,4,3,1,1,1,1,5.4595855141441589,1.6094379124341005,15.535312945342914,0,0,0,0,3
2023.emnlp-main.782,2023,W4389519446,A5014381991,A5087565126,7,4,1,1,1,1,5.9914645471079817,2.6288008294480694,14.415806981857871,0,0,0,0,3
2023.emnlp-main.785,2023,W4389524183,A5079784951,A5110081955,2,1,1,1,1,1,6.522092798170152,2.9444389791664403,14.225970504405945,0,0,0,0,3
2023.emnlp-main.786,2023,W4389524421,A5100742028,A5100382077,4,1,1,1,1,1,9.3505370024694656,4.3141492122707961,13.854114734944336,0,0,0,0,3
2023.emnlp-main.789,2023,W4389524369,A5100398899,A5101484487,4,1,1,1,1,1,6.1882641230825897,3.1675825304806504,13.851094859688263,0,0,0,0,3
2023.emnlp-main.79,2023,W4389523755,A5100410902,A5068433690,4,3,1,1,1,1,7.6953031349635665,3.2958368660043291,13.688462105597472,0,1,0,1,3
2023.emnlp-main.790,2023,W4389524027,A5103140610,A5078390032,2,1,1,1,1,1,5.5645204073226937,3.3322045101752038,13.460663941615572,0,1,0,1,3
2023.emnlp-main.792,2023,W4389519570,A5112921366,A5024109615,3,2,1,1,1,1,5.0998664278241987,2.427748235948052,11.617978933493909,0,0,0,0,3
2023.emnlp-main.794,2023,W4389524288,A5072191452,A5101906756,3,2,1,1,1,1,8.938662873666118,3.4863551900024623,14.48897836363215,1,0,0,1,3
2023.emnlp-main.796,2023,W4389519336,A5011919726,A5021209421,2,1,1,1,1,1,6.1758672701057611,2.7080502011022101,12.391514329660373,0,0,0,0,3
2023.emnlp-main.800,2023,W4389519383,A5003964217,A5066422711,5,3,1,1,1,1,9.2479251323034539,4.1896547420264252,13.89930744066524,0,0,0,0,3
2023.emnlp-main.801,2023,W4389524430,A5015482823,A5101616607,7,1,1,1,1,1,5.8833223884882786,2.6492097010792768,11.247539640183604,0,0,0,0,3
2023.emnlp-main.802,2023,W4389523881,A5066435471,A5080213609,2,0,1,0,1,0,4.3438054218536841,2.4423470353692043,,0,0,0,0,3
2023.emnlp-main.804,2023,W4389524223,A5101901285,A5035983004,2,2,1,1,1,1,6.1923624894748723,3.044522437723423,15.535312945342914,0,0,0,0,3
2023.emnlp-main.805,2023,W4389519202,A5054327489,A5089085275,2,1,1,1,1,1,6.8855096700348177,3.6375861597263857,13.16906183166356,0,0,0,0,3
2023.emnlp-main.807,2023,W4389523913,A5093006051,A5085359792,3,1,1,1,1,1,4.9698132995760007,2.427748235948052,11.887106283038626,0,1,0,1,3
2023.emnlp-main.809,2023,W4389519464,A5058966093,A5100378800,8,5,1,1,1,1,7.7828072628396949,3.4850788656428571,14.225970504405945,0,0,0,0,3
2023.emnlp-main.810,2023,W4389523998,A5074021977,A5113017615,6,1,1,1,1,1,6.4101748819661672,3.2255203675868693,12.929212999998049,0,0,0,0,3
2023.emnlp-main.811,2023,W4389524311,A5102935016,A5058755530,3,1,1,1,1,1,3.7612001156935615,2.0794415416798362,12.151658697490452,0,0,0,0,3
2023.emnlp-main.812,2023,W4389523637,A5110917955,A5035185924,8,2,1,1,1,1,7.2813856635702816,3.5189804173185388,13.741768211269109,0,0,0,0,3
2023.emnlp-main.813,2023,W4389524246,A5112447939,A5054253075,8,0,1,0,1,0,9.2015014233089776,3.8501476017100575,,0,1,0,1,3
2023.emnlp-main.814,2023,W4389519488,A5111128653,A5044665993,4,3,1,1,1,1,8.8891704553634128,3.9219733362813134,14.051739323227141,0,0,0,0,3
2023.emnlp-main.816,2023,W4389524558,A5100326162,A5015709853,3,3,1,1,1,1,7.8800482009715767,4.3481250829981999,14.037877808034631,0,0,0,0,3
2023.emnlp-main.817,2023,W4389519180,A5018465248,A5101906756,3,2,1,1,1,1,7.5032896306750816,4.219507705176107,14.48897836363215,0,0,0,0,3
2023.emnlp-main.820,2023,W4389523882,A5040806743,A5082384108,6,3,1,1,1,1,7.67693714581808,3.5312505099103531,11.122280001460345,1,0,0,1,3
2023.emnlp-main.821,2023,W4389524467,A5036664039,A5035746903,7,4,1,1,1,1,6.1003189520200642,2.6692103677859462,13.613477601712754,0,0,0,0,3
2023.emnlp-main.825,2023,W4389519226,A5070156365,A5032760128,5,1,1,1,1,1,6.6694980898578793,3.2958368660043291,8.7168633865448051,0,1,0,1,3
2023.emnlp-main.826,2023,W4389519255,A5100306735,A5015709853,6,4,1,1,1,1,7.383989457978509,3.3615321252697239,14.037877808034631,0,0,0,0,3
2023.emnlp-main.829,2023,W4389524262,A5059253578,A5085818578,2,2,1,1,1,1,8.2324401584703359,4.0604430105464191,12.380084774452987,0,1,0,1,3
2023.emnlp-main.83,2023,W4389523905,A5101480198,A5109634317,8,2,1,1,1,1,8.3774712482411005,3.7524409356036807,13.120812174911592,0,1,0,1,3
2023.emnlp-main.831,2023,W4389519258,A5027673336,A5025118710,8,4,1,1,1,1,8.5197898172635043,4.4970280273683887,13.88454956172045,0,0,0,0,3
2023.emnlp-main.832,2023,W4389524578,A5113047111,A5090095198,3,2,1,1,1,1,6.5861716548546747,2.7515353130419489,13.869897412356966,0,0,0,0,3
2023.emnlp-main.833,2023,W4389523915,A5101668648,A5000534132,4,1,1,1,1,1,8.2217477283466227,4.1782260462028029,13.460663941615572,0,0,0,0,3
2023.emnlp-main.835,2023,W4389519353,A5072479104,A5005771535,2,1,1,1,1,1,7.2262090101006713,3.8177123259569048,13.613477601712754,0,0,0,0,3
2023.emnlp-main.836,2023,W4389524582,A5041441234,A5109059955,2,1,1,1,1,1,6.6808546787902152,2.19722457733622,13.845085864923984,0,0,0,0,3
2023.emnlp-main.837,2023,W4389524411,A5093047909,A5081225515,4,6,1,1,1,1,6.9087547793152204,2.374905754573672,13.90599273807554,0,0,0,0,3
2023.emnlp-main.838,2023,W4389523826,A5104211446,A5041514597,3,0,1,0,1,0,4.9272536851572051,1.791759469228055,,0,0,0,0,3
2023.emnlp-main.839,2023,W4389524425,A5084942331,A5051002856,4,1,1,1,1,1,3.1780538303479458,1.7491998548092591,12.353431743257577,0,0,0,0,3
2023.emnlp-main.84,2023,W4389524162,A5101153906,A5044042138,7,1,1,1,1,1,8.4124991203015718,3.8471034593288302,14.61584393660922,0,0,0,0,3
2023.emnlp-main.845,2023,W4389523730,A5100684029,A5061734661,3,2,1,1,1,1,6.8532990931860782,3.7054087560651463,12.00784119491218,1,0,0,1,3
2023.emnlp-main.846,2023,W4389524198,A5100393899,A5058353652,8,1,1,1,1,1,8.5346401050199585,3.8554526539397518,14.051739323227141,0,0,0,0,3
2023.emnlp-main.849,2023,W4389519591,A5034055494,A5051064208,4,2,1,1,1,1,8.8180382503942987,3.4420193761824107,14.61584393660922,0,0,0,0,3
2023.emnlp-main.85,2023,W4389523957,A5084658659,A5089413311,6,2,1,1,1,1,8.3698526035175291,3.7455747977904816,14.582709923407574,0,0,0,0,3
2023.emnlp-main.852,2023,W4389519536,A5085563975,A5073535763,11,1,1,1,1,1,8.4431159880199225,3.7462903613272753,14.099765012840782,0,0,0,0,3
2023.emnlp-main.858,2023,W4389519604,A5100326579,A5039500313,3,1,1,1,1,1,6.7627295069318789,3.7765850345330416,14.224327376144808,0,0,0,0,3
2023.emnlp-main.86,2023,W4389519619,A5073544000,A5017619842,5,2,1,1,1,1,6.2285110035911844,3.202746442938317,13.877315659211201,1,0,0,1,3
2023.emnlp-main.860,2023,W4389519590,A5031577422,A5100355692,5,4,1,1,1,1,9.9037375212913368,5.5976809437736552,14.61584393660922,0,1,0,1,3
2023.emnlp-main.861,2023,W4389519190,A5044012386,A5085370631,4,1,1,1,1,1,8.0410910037086332,3.713572066704308,10.670999815051379,0,0,0,0,3
2023.emnlp-main.865,2023,W4389523638,A5046336588,A5015550942,3,3,1,1,1,1,6.0473721790462776,3.3202283191284883,13.191861454586723,0,0,0,0,3
2023.emnlp-main.867,2023,W4389519596,A5021934612,A5020880385,4,1,1,1,1,1,7.4662275562154807,3.5904393813006839,13.084732120396104,0,0,0,0,3
2023.emnlp-main.870,2023,W4389519483,A5066997569,A5047817959,7,4,1,1,1,1,9.6052836526247631,3.9648864949852141,14.088138127913318,0,0,0,0,3
2023.emnlp-main.871,2023,W4389523687,A5115592005,A5100389286,6,1,1,1,1,1,8.75384509275524,4.3285379497228957,14.466038817999024,1,1,0,1,3
2023.emnlp-main.873,2023,W4389524536,A5087588829,A5066183817,5,2,1,1,1,1,6.5806391372849493,3.0819099697950434,12.330195541732737,0,0,0,0,3
2023.emnlp-main.876,2023,W4389519620,A5028182071,A5100378750,11,3,1,1,1,1,7.0103118673072293,2.6710089294218609,14.48897836363215,0,0,0,0,3
2023.emnlp-main.877,2023,W4389519519,A5019973471,A5049837138,6,2,1,1,1,1,7.589841512182657,3.7650685924714828,13.760662531945291,0,0,0,0,3
2023.emnlp-main.879,2023,W4389523756,A5100612833,A5035142405,2,1,1,1,1,1,7.9105906122564766,3.8394523125933104,13.604859894543113,0,1,0,1,3
2023.emnlp-main.880,2023,W4389523802,A5084606047,A5039500313,3,2,1,1,1,1,7.486613313139955,4.4697322150929883,14.224327376144808,0,0,1,1,3
2023.emnlp-main.882,2023,W4389524466,A5015986042,A5048489384,2,1,1,1,1,1,8.0086981829885282,3.3322045101752038,13.369001555717956,0,0,0,0,3
2023.emnlp-main.884,2023,W4389523703,A5012649556,A5101595608,5,1,1,1,1,1,4.6634390941120669,2.5802168295923251,13.180468121110668,1,0,0,1,3
2023.emnlp-main.888,2023,W4389523965,A5064857650,A5005535444,4,1,1,1,1,1,6.9697906699015899,3.0325462466767075,10.559296247440706,0,0,0,0,3
2023.emnlp-main.889,2023,W4389524021,A5101447384,A5114053294,6,0,1,0,1,0,8.6260475963283199,4.0342406381523954,,0,0,0,0,3
2023.emnlp-main.892,2023,W4389524384,A5112636409,A5011609272,4,1,1,1,1,1,4.3820266346738812,1.9459101490553128,9.9160582097099805,0,1,0,1,3
2023.emnlp-main.893,2023,W4389519296,A5045152490,A5011455956,7,2,1,1,1,1,6.5998704992128365,2.8498803965414279,13.362332580196512,1,0,0,1,3
2023.emnlp-main.9,2023,W4389524045,A5004499394,A5038103607,2,2,1,1,1,1,5.7268477475871968,2.7080502011022101,10.075337809462788,0,0,0,0,3
2023.emnlp-main.90,2023,W4389532453,A5040286212,A5087402916,5,1,1,1,1,1,6.6267177492490248,3.210843653170937,7.4054956631994724,0,1,0,1,3
2023.emnlp-main.900,2023,W4389524247,A5042405172,A5034476404,6,3,1,1,1,1,8.1797604936999004,4.4107760479598674,13.60796595792648,0,0,0,0,3
2023.emnlp-main.902,2023,W4389519621,A5100766214,A5011504177,9,1,1,1,1,1,8.5930425036996745,4.1145102318166948,14.051739323227141,1,0,0,1,3
2023.emnlp-main.903,2023,W4389519499,A5101393043,A5073413742,4,2,1,1,1,1,7.2682230211595646,3.6763006719070761,14.47161193853173,0,0,0,0,3
2023.emnlp-main.905,2023,W4389523749,A5093458256,A5112403434,3,2,1,1,1,1,5.6276211136906369,3.2708355637989119,13.038100945872319,0,0,0,0,3
2023.emnlp-main.906,2023,W4389523846,A5054102478,A5005443526,5,2,1,1,1,1,8.5295169411050686,3.4657359027997265,13.854114734944336,0,0,0,0,3
2023.emnlp-main.907,2023,W4389524291,A5019534658,A5074103823,6,3,1,1,1,1,10.004915345166239,4.8520302639196169,14.922642121009206,1,0,0,1,3
2023.emnlp-main.908,2023,W4389524388,A5057319756,A5040639891,6,3,1,1,1,1,8.5982200300586111,4.0103589061490084,13.327468408470112,0,0,0,0,3
2023.emnlp-main.909,2023,W4389523670,A5030810711,A5082447472,4,2,1,1,1,1,7.0630481633881725,3.3586377672433594,13.460663941615572,0,0,0,0,3
2023.emnlp-main.911,2023,W4389519375,A5101446238,A5062687402,8,2,1,1,1,1,8.4512670413000706,4.0452418492143689,14.466038817999024,0,0,0,0,3
2023.emnlp-main.915,2023,W4389523970,A5110775241,A5100757553,4,1,1,1,1,1,7.2855065485227852,3.2484346271097451,12.566564794662192,0,0,0,0,3
2023.emnlp-main.917,2023,W4389524441,A5101785616,A5100318597,5,3,1,1,1,1,8.8677092080393862,4.1620032106959153,14.61584393660922,1,0,0,1,3
2023.emnlp-main.918,2023,W4389523847,A5101195763,A5026719663,5,4,1,1,1,1,8.3155664835642771,4.1835756959500436,14.008854478039964,1,0,0,1,3
2023.emnlp-main.919,2023,W4389519546,A5082235742,A5024224610,4,2,1,1,1,1,7.0509894470680452,3.5695326964813701,13.420301179614841,1,0,0,1,3
2023.emnlp-main.922,2023,W4389524178,A5108039951,A5102865824,9,4,1,1,1,1,7.0449051171293711,3.7892274279482181,14.48897836363215,0,0,0,0,3
2023.emnlp-main.923,2023,W4389523765,A5100662254,A5100384130,8,3,1,1,1,1,7.3932630947638378,3.5263605246161616,13.72814275382567,0,1,0,1,3
2023.emnlp-main.924,2023,W4389523774,A5083931738,A5102220317,3,1,1,1,1,1,8.367764677924308,3.5927355935610339,14.462738399589806,0,0,0,0,3
2023.emnlp-main.925,2023,W4389523839,A5100350503,A5076904467,7,2,1,1,1,1,7.8071032901259798,3.8800899583251369,13.362332580196512,0,0,0,0,3
2023.emnlp-main.927,2023,W4389523867,A5021045029,A5065423554,5,1,1,1,1,1,5.8749307308520304,3.202746442938317,13.191861454586723,0,0,0,0,3
2023.emnlp-main.93,2023,W4389524239,A5022442928,A5088026371,5,3,1,1,1,1,6.2186001196917289,3.2657594107670511,13.077587744211248,0,0,0,0,3
2023.emnlp-main.930,2023,W4389519220,A5100376632,A5100425999,5,2,1,1,1,1,7.6534949096612532,3.1945831322991558,14.415806981857871,0,1,0,1,3
2023.emnlp-main.932,2023,W4389524238,A5100418548,A5112656212,11,0,1,0,1,0,9.8613626262354561,4.6382532209521656,,0,0,0,0,3
2023.emnlp-main.934,2023,W4389523789,A5100434803,A5100350205,4,1,1,1,1,1,6.3315018498936908,2.6026896854443842,12.575551271383931,0,0,0,0,3
2023.emnlp-main.935,2023,W4389524541,A5093458313,A5046358579,2,2,1,1,1,1,7.0012456220694759,3.5695326964813701,13.344319023438358,0,1,0,1,3
2023.emnlp-main.939,2023,W4389524381,A5101511088,A5013600290,6,0,1,0,1,0,5.0562458053483077,2.8332133440562162,,0,1,0,1,3
2023.emnlp-main.944,2023,W4389524211,A5100629084,A5082450455,6,2,1,1,1,1,8.4124991203015718,3.9796816539019608,14.61584393660922,0,0,0,0,3
2023.emnlp-main.95,2023,W4389519405,A5052873276,A5089404640,6,4,1,1,1,1,9.0288184953527928,4.0718717063700423,14.225970504405945,0,0,0,0,3
2023.emnlp-main.951,2023,W4389524078,A5075136607,A5091962997,4,3,1,1,1,1,7.9294865233142895,3.1354942159291497,13.854114734944336,0,0,0,0,3
2023.emnlp-main.953,2023,W4389523751,A5114076222,A5093458257,5,4,1,1,1,1,6.0185932144962342,2.7472709142554912,13.760662531945291,0,1,0,1,3
2023.emnlp-main.954,2023,W4389519251,A5045276742,A5102065469,3,1,1,1,1,1,6.4052284580308418,3.4657359027997265,13.437524420844396,0,0,0,0,3
2023.emnlp-main.955,2023,W4389519516,A5011313843,A5004793184,6,2,1,1,1,1,7.9355873855891996,3.4657359027997265,13.455131619843648,0,0,0,0,3
2023.emnlp-main.957,2023,W4389524390,A5101534884,A5100364512,6,4,1,1,1,1,8.5544889761599343,4.1640779002367756,14.343549577504779,1,0,0,1,3
2023.emnlp-main.958,2023,W4389524314,A5039534961,A5058353424,4,1,1,1,1,1,7.3038432252777046,3.5409593240373143,14.462738399589806,0,0,0,0,3
2023.emnlp-main.96,2023,W4389524085,A5057031908,A5101446790,4,0,1,0,1,0,6.5834092221587648,3.6041382256588457,,0,1,0,1,3
2023.emnlp-main.960,2023,W4389524564,A5114175276,A5025151670,6,2,1,1,1,1,8.8606410417738761,2.7829515092753279,13.613477601712754,1,1,0,1,3
2023.emnlp-main.961,2023,W4389523691,A5114094789,A5044635661,4,3,1,1,1,1,5.8749307308520304,2.7568403652716422,13.643741922706475,0,0,0,0,3
2023.emnlp-main.964,2023,W4389519303,A5032296510,A5092005366,5,3,1,1,1,1,6.261491684321042,2.6246685921631592,14.48897836363215,0,0,0,0,3
2023.emnlp-main.966,2023,W4389523890,A5100320726,A5089404640,7,3,0.875,1,1,1,9.0288184953527928,3.822410846738459,14.225970504405945,0,0,0,0,3
2023.emnlp-main.969,2023,W4389524321,A5041581408,A5089931216,9,3,1,1,1,1,7.4570320891223805,3.7216692769369271,13.739040876091408,0,0,0,0,3
2023.emnlp-main.97,2023,W4389519463,A5101855228,A5005840801,7,1,1,1,1,1,7.1356873470281439,3.6635616461296463,14.528904874854756,0,1,0,1,3
2023.emnlp-main.970,2023,W4389524394,A5101478527,A5100350205,2,1,1,1,1,1,6.3315018498936908,3.5115454388310208,12.575551271383931,0,0,0,0,3
2023.emnlp-main.973,2023,W4389519195,A5100649230,A5102757632,4,3,1,1,1,1,6.6770834612471361,3.3050535211092531,14.48897836363215,0,0,0,0,3
2023.emnlp-main.976,2023,W4389524010,A5087345316,A5101595608,5,1,1,1,1,1,6.2106000770246528,2.653241964607215,13.180468121110668,0,0,0,0,3
2023.emnlp-main.977,2023,W4389524518,A5111084099,A5045214135,3,2,1,1,1,1,7.9024874371628551,4.4960990909337291,12.118371940099186,0,0,0,0,3
2023.emnlp-main.979,2023,W4389524240,A5007354446,A5062064974,7,1,1,1,1,1,6.9574973708769514,2.6692103677859462,13.357987126066073,1,0,0,1,3
2023.emnlp-main.98,2023,W4389519486,A5040910395,A5051203366,5,2,1,1,1,1,7.6033993397406698,2.9652730660692823,12.929212999998049,0,0,0,0,3
2023.emnlp-main.982,2023,W4389519279,A5102859190,A5074250521,4,1,1,1,1,1,8.2217477283466227,4.43970574626056,13.529545676961634,0,0,0,0,3
2023.emnlp-main.984,2023,W4389523733,A5101610716,A5035399743,2,1,1,1,1,1,6.6770834612471361,3.8712010109078911,12.445754679081324,0,0,0,0,3
2023.emnlp-main.985,2023,W4389519952,A5115580462,A5019603699,4,1,1,1,1,1,7.415175109613295,3.755369195382769,10.932856938462075,0,0,0,0,3
2023.emnlp-main.986,2023,W4389520159,A5062113707,A5007426895,3,3,1,1,1,1,6.8895913083544658,3.8572147689331513,13.420301179614841,0,1,0,1,3
2023.emnlp-main.987,2023,W4389520046,A5061977643,A5085370631,3,1,1,1,1,1,8.0410910037086332,4.0488821881453436,10.670999815051379,0,1,0,1,3
2023.emnlp-main.988,2023,W4389519326,A5011901122,A5065100828,5,2,1,1,1,1,7.9024874371628551,4.0073331852324712,12.590024664335708,0,0,0,0,3
2023.emnlp-main.992,2023,W4389523679,A5044217078,A5039587200,4,4,1,1,1,1,6.9893352659745602,3.7784916128036232,13.318385649302996,0,0,0,0,3
2023.emnlp-main.994,2023,W4389519997,A5062113707,A5007426895,3,2,1,1,1,1,6.2897155709089976,3.4446824936018943,13.420301179614841,0,0,0,0,3
2023.emnlp-main.995,2023,W4389520204,A5100453959,A5013911439,7,4,1,1,1,1,7.8709295967551425,3.6375861597263857,14.415806981857871,0,0,0,0,3
2023.emnlp-main.999,2023,W4389519473,A5069608825,A5026826493,4,2,1,1,1,1,7.6246189861593985,3.6375861597263857,10.670999815051379,0,0,0,0,3
2024.acl-long.1,2024,W4402667118,A5076465867,A5039360973,8,0,1,0,1,0,8.6938319650746934,4.34866373100476,,0,0,0,0,3
2024.acl-long.10,2024,W4402667069,A5062924323,A5100755298,3,1,1,1,1,1,7.2420823592569619,4.33510971488613,11.618284980627555,0,0,0,0,3
2024.acl-long.100,2024,W4402671870,A5109303607,A5036786337,9,0,1,0,1,0,7.8212420835235577,3.9555081173678848,,0,0,0,0,3
2024.acl-long.101,2024,W4402671936,A5059040478,A5100747643,2,0,1,0,1,0,8.6604273595021457,4.6395716127054234,,0,0,0,0,3
2024.acl-long.103,2024,W4402671968,A5021052785,A5039560181,8,0,1,0,1,0,7.8216431262399819,3.0265039322207445,,0,0,0,0,3
2024.acl-long.104,2024,W4402671964,A5024604043,A5073309846,6,0,1,0,1,0,7.715569534520208,3.8430301339411943,,0,0,0,0,3
2024.acl-long.105,2024,W4402671969,A5066649415,A5073309846,5,0,1,0,1,0,7.715569534520208,3.7932394694381792,,0,0,0,0,3
2024.acl-long.107,2024,W4402684163,A5107607762,A5019458385,8,0,1,0,1,0,7.8224447294893187,3.951243718581428,,0,0,0,0,3
2024.acl-long.113,2024,W4402671961,A5101190625,A5019106673,4,0,1,0,1,0,5.9964520886190211,3.1135153092103742,,0,0,0,0,3
2024.acl-long.118,2024,W4402671904,A5006061735,A5086470621,4,0,1,0,1,0,6.4457198193855785,3.4258899942525267,,0,0,0,0,3
2024.acl-long.12,2024,W4402667025,A5008320336,A5110928734,10,1,1,1,1,1,7.5158890852151252,3.4563166808832348,10.422281345951296,0,1,0,1,3
2024.acl-long.122,2024,W4402684165,A5005368623,A5038612499,6,1,1,1,1,1,8.63550941823428,4.219507705176107,13.702898255993444,1,0,0,1,3
2024.acl-long.125,2024,W4402671832,A5104112547,A5024873601,6,0,1,0,1,0,5.3752784076841653,2.4709204078132605,,0,0,0,0,3
2024.acl-long.127,2024,W4402671839,A5093836168,A5068246994,5,0,1,0,1,0,6.80128303447162,2.91235066461494,,1,0,0,1,3
2024.acl-long.128,2024,W4402671935,A5100601726,A5020880385,11,0,0.91666666666666663,0,1,0,7.3472997007431644,3.5236831468454448,,1,0,0,1,3
2024.acl-long.129,2024,W4402671894,A5102685535,A5100384130,7,0,1,0,1,0,7.4407337073892608,3.0975149678639333,,1,0,0,1,3
2024.acl-long.130,2024,W4402671874,A5025327860,A5034853815,3,0,1,0,1,0,8.5486918584756086,4.7273878187123408,,0,0,0,0,3
2024.acl-long.131,2024,W4402671856,A5083955516,A5044665993,9,0,1,0,1,0,8.4149389573774815,3.8872748357389519,,0,1,0,1,3
2024.acl-long.134,2024,W4402671928,A5100739688,A5071595184,5,0,1,0,1,0,5.857933154483459,2.9652730660692823,,0,0,0,0,3
2024.acl-long.135,2024,W4402671938,A5101595086,A5107954098,4,0,1,0,1,0,8.1573704411867745,3.9936029924205689,,0,1,0,1,3
2024.acl-long.136,2024,W4402671848,A5101584624,A5088559117,4,2,1,1,1,1,7.2633296174768356,3.657130755799356,13.424279661083933,0,0,0,0,3
2024.acl-long.139,2024,W4402671948,A5017841805,A5089085275,2,1,1,1,1,1,6.8772960714974287,3.9318256327243257,12.744517327372151,0,0,0,0,3
2024.acl-long.140,2024,W4402671843,A5009277751,A5005843046,5,0,1,0,1,0,7.5336937098486327,4.219507705176107,,0,0,0,0,3
2024.acl-long.141,2024,W4402671902,A5087707171,A5102004623,3,0,1,0,1,0,5.9427993751267012,2.3978952727983707,,0,0,0,0,3
2024.acl-long.142,2024,W4402671910,A5111465448,A5051064208,3,1,1,1,1,1,8.7969438935417372,3.6888794541139358,13.095869493498403,0,1,0,1,3
2024.acl-long.143,2024,W4402671851,A5107403612,A5107544632,3,0,1,0,1,0,0,0,,1,0,0,1,3
2024.acl-long.144,2024,W4402671979,A5100678149,A5076556541,6,1,1,1,1,1,5.6524891802686508,3.2834143460057721,13.91141601510134,0,0,0,0,3
2024.acl-long.147,2024,W4402671877,A5021023416,A5020858666,6,0,1,0,1,0,6.9196838498474111,3.8430301339411943,,0,0,0,0,3
2024.acl-long.148,2024,W4402671917,A5002157683,A5023802054,3,1,1,1,1,1,8.2427563457144775,4.1743872698956368,6.7546040994879624,0,0,0,0,3
2024.acl-long.149,2024,W4402671923,A5100767770,A5036094777,5,0,1,0,1,0,7.1066061377273027,3.4657359027997265,,1,0,0,1,3
2024.acl-long.151,2024,W4402684157,A5064962047,A5100732450,8,0,1,0,1,0,9.4102562371710885,3.7495040759303713,,0,0,0,0,3
2024.acl-long.154,2024,W4402684169,A5101342715,A5010558184,8,0,1,0,1,0,8.7374525875505835,4.0838732623548051,,1,1,0,1,3
2024.acl-long.156,2024,W4402671852,A5100371239,A5049689389,7,0,1,0,1,0,7.1654934750608454,2.807680042051051,,0,0,0,0,3
2024.acl-long.159,2024,W4402671857,A5081361305,A5010558184,3,0,1,0,1,0,7.1066061377273027,3.7216692769369271,,0,0,0,0,3
2024.acl-long.16,2024,W4402667018,A5049591203,A5116337743,6,1,1,1,1,1,8.0934622745011797,4.5016598096184266,7.1000271666292596,0,0,0,0,3
2024.acl-long.160,2024,W4402671758,A5100373193,A5051747323,8,0,1,0,1,0,7.3702306418070807,3.6474062059073611,,0,0,0,0,3
2024.acl-long.163,2024,W4402671761,A5100588752,A5100574374,5,0,1,0,1,0,6.7945865808764987,3.414442608412176,,0,0,0,0,3
2024.acl-long.165,2024,W4402671772,A5091748443,A5102018239,7,0,0.875,0,1,0,8.3356713147928474,3.9539872045271776,,0,0,0,0,3
2024.acl-long.166,2024,W4402684160,A5005981740,A5003638231,3,1,1,1,1,1,5.0498560072495371,2.3353749158170367,13.394585051423933,0,0,0,0,3
2024.acl-long.167,2024,W4402671773,A5060638031,A5100460241,4,0,1,0,1,0,6.1484682959176471,2.6026896854443842,,0,0,0,0,3
2024.acl-long.168,2024,W4402671821,A5046700486,A5061075100,8,0,1,0,1,0,7.7297353313850508,3.9536446801189649,,0,0,0,0,3
2024.acl-long.171,2024,W4402672079,A5077614139,A5102018239,10,0,1,0,1,0,8.5293193712140773,4.2626798770413163,,0,0,0,0,3
2024.acl-long.172,2024,W4402671766,A5058973687,A5003324011,13,0,1,0,1,0,8.3466420902211986,3.3908880120032943,,0,0,0,0,3
2024.acl-long.173,2024,W4402671740,A5060201245,A5090455375,5,0,1,0,1,0,7.0867379345105768,3.4531571205928664,,0,0,0,0,3
2024.acl-long.174,2024,W4402672085,A5072790721,A5050386762,3,0,1,0,1,0,6.9469759921354184,2.8903717578961645,,0,0,0,0,3
2024.acl-long.176,2024,W4402671743,A5002409683,A5044042138,8,0,1,0,1,0,8.1780774638496077,4.2139777371666458,,1,1,0,1,3
2024.acl-long.178,2024,W4402671735,A5032439086,A5102018239,10,0,1,0,1,0,8.3356713147928474,3.7111300630487558,,0,0,0,0,3
2024.acl-long.179,2024,W4402671739,A5085999236,A5100732450,4,0,1,0,1,0,9.4102562371710885,4.3208159036289855,,1,0,0,1,3
2024.acl-long.18,2024,W4402667050,A5100760907,A5025028660,4,0,1,0,1,0,6.4101748819661672,3.3758795736778651,,1,0,0,1,3
2024.acl-long.180,2024,W4402672098,A5040307220,A5100389900,7,0,1,0,1,0,7.8628820346414896,4.3155815352657285,,0,1,0,1,3
2024.acl-long.181,2024,W4402671824,A5113392267,A5100664729,3,1,0.75,1,1,1,6.7511014689367599,3.4122472178487402,13.368987489998224,0,0,0,0,3
2024.acl-long.182,2024,W4402684029,A5091218611,A5033006575,5,0,1,0,1,0,6.8721281013389861,3.380994674344636,,0,0,0,0,3
2024.acl-long.183,2024,W4402672102,A5077059859,A5008666077,5,0,1,0,1,0,7.7531942698843412,4.0430512678345503,,0,1,0,1,3
2024.acl-long.184,2024,W4402671748,A5026261925,A5107607230,7,0,1,0,1,0,5.3981627015177525,1.3862943611198906,,0,0,0,0,3
2024.acl-long.185,2024,W4402683992,A5113142918,A5100616299,6,0,1,0,1,0,8.5523672664238912,3.9086841041626319,,1,0,0,1,3
2024.acl-long.186,2024,W4402672086,A5068420703,A5101786349,5,0,1,0,1,0,4.3820266346738812,1.8870696490323799,,0,0,0,0,3
2024.acl-long.187,2024,W4402671752,A5101728579,A5089586983,6,0,1,0,1,0,5.8081424899804439,2.6741486494265287,,0,1,0,1,3
2024.acl-long.19,2024,W4402667090,A5006531000,A5115593744,6,0,1,0,1,0,6.7968237182748554,3.2896448957564082,,1,0,0,1,3
2024.acl-long.190,2024,W4402671742,A5107677618,A5056982192,5,0,1,0,1,0,6.4457198193855785,2.9652730660692823,,1,0,0,1,3
2024.acl-long.194,2024,W4402684013,A5078821754,A5018977183,5,0,1,0,1,0,7.233455418621439,4.2253728246285052,,1,0,0,1,3
2024.acl-long.197,2024,W4402672090,A5100457807,A5026310569,7,0,1,0,1,0,8.2487907336964135,4.2943656961154559,,0,0,0,0,3
2024.acl-long.200,2024,W4402671955,A5070385491,A5102801689,4,0,1,0,1,0,4.8751973232011512,3.1675825304806504,,0,0,0,0,3
2024.acl-long.201,2024,W4402671746,A5054564363,A5066183817,5,0,1,0,1,0,6.1003189520200642,3.6054978451748849,,0,0,0,0,3
2024.acl-long.202,2024,W4402671750,A5070385491,A5066183817,4,1,1,1,1,1,6.1003189520200642,3.7436043538031831,10.584460932164363,0,0,0,0,3
2024.acl-long.204,2024,W4402672084,A5012651550,A5112998078,5,0,1,0,1,0,5.5053315359323625,2.6810215287142909,,0,0,0,0,3
2024.acl-long.206,2024,W4402671777,A5100427463,A5035399743,4,0,1,0,1,0,6.7968237182748554,3.7669972333778889,,0,0,0,0,3
2024.acl-long.207,2024,W4402672095,A5113266704,A5100770061,6,0,1,0,1,0,5.5053315359323625,1.8191584434161692,,0,0,0,0,3
2024.acl-long.21,2024,W4402667097,A5101609886,A5038456766,3,1,1,1,1,1,6.4361503683694279,3.4863551900024623,13.523165631284831,1,0,0,1,3
2024.acl-long.211,2024,W4402671952,A5054001546,A5046448314,14,0,1,0,1,0,8.5782882907760492,3.7359674902128379,,1,0,0,1,3
2024.acl-long.212,2024,W4402671764,A5100408966,A5026310569,6,0,1,0,1,0,8.6059364012506254,4.6697087071256629,,0,0,0,0,3
2024.acl-long.213,2024,W4402671747,A5100336476,A5087565126,7,0,1,0,1,0,6.4676987261043539,2.9740707767728121,,0,0,0,0,3
2024.acl-long.214,2024,W4402671763,A5107377580,A5107436246,7,0,1,0,1,0,0,0,,0,0,0,0,3
2024.acl-long.217,2024,W4402671771,A5100415437,A5036786337,8,0,1,0,1,0,7.4570320891223805,3.6731310971457969,,0,0,0,0,3
2024.acl-long.219,2024,W4402671736,A5100711285,A5109785531,6,0,1,0,1,0,7.2218358252884487,3.713572066704308,,0,0,0,0,3
2024.acl-long.221,2024,W4402671751,A5005361590,A5034536222,6,0,1,0,1,0,7.9017475185201436,3.7573166156671647,,0,0,0,0,3
2024.acl-long.227,2024,W4402684011,A5092489673,A5089413311,6,1,1,1,1,1,8.5604442334105517,3.7727609380946383,12.67069306124702,0,0,0,0,3
2024.acl-long.228,2024,W4402671865,A5046555561,A5065100828,3,1,1,1,1,1,7.5358304627983674,4.5503619494930962,11.845812711759082,0,0,0,0,3
2024.acl-long.229,2024,W4402671755,A5014506526,A5014662947,4,0,0.80000000000000004,0,1,0,9.3615151997733008,4.4801736958134057,,0,1,0,1,3
2024.acl-long.231,2024,W4402671757,A5110907584,A5100941364,8,0,1,0,1,0,8.1956095672887752,3.784189633918261,,0,0,0,0,3
2024.acl-long.232,2024,W4402671967,A5102563034,A5101666118,6,0,1,0,1,0,6.6833609457662746,2.8716796248840124,,0,0,0,0,3
2024.acl-long.233,2024,W4402671945,A5051870544,A5100368365,7,0,1,0,1,0,8.4383664108702661,3.7170503310806327,,1,0,0,1,3
2024.acl-long.234,2024,W4402671744,A5054802873,A5021057186,8,0,1,0,1,0,7.4271441334086159,3.844814255734696,,0,0,0,0,3
2024.acl-long.236,2024,W4402671753,A5100397196,A5027450194,3,0,1,0,1,0,7.4821189235521155,4.4188406077965983,,0,0,0,0,3
2024.acl-long.239,2024,W4402671973,A5051341496,A5018288181,5,0,1,0,1,0,7.1724245771248452,3.5610460826040518,,0,0,0,0,3
2024.acl-long.24,2024,W4402667078,A5093992721,A5005560875,5,0,1,0,1,0,7.7685333009260331,2.4849066497880004,,0,0,0,0,3
2024.acl-long.240,2024,W4402672065,A5021242117,A5027450194,4,1,1,1,1,1,8.1997389606307856,4.7621739347977563,8.7277782134830506,0,0,0,0,3
2024.acl-long.244,2024,W4402672099,A5092029610,A5014375244,4,1,1,1,1,1,6.7719355558396019,3.188416617383492,11.785278140296985,0,0,0,0,3
2024.acl-long.251,2024,W4402672108,A5083173421,A5088834359,16,0,1,0,1,0,7.7706452341291756,3.8434764628930358,,0,0,0,0,3
2024.acl-long.253,2024,W4402671779,A5101796337,A5010087030,10,0,1,0,1,0,8.7157161275482,4.0342406381523954,,0,1,0,1,3
2024.acl-long.255,2024,W4402684020,A5103051925,A5027450194,3,1,1,1,1,1,7.4821189235521155,4.2096554087330951,8.7277782134830506,0,0,0,0,3
2024.acl-long.256,2024,W4402671942,A5079353642,A5085818578,4,1,1,1,1,1,8.0799277707582746,3.1780538303479458,9.8213008815481793,0,0,0,0,3
2024.acl-long.257,2024,W4402672064,A5100756716,A5101481609,9,0,0.90000000000000002,0,1,0,7.3205269622727398,4.0604430105464191,,1,0,0,1,3
2024.acl-long.258,2024,W4402671939,A5100756716,A5100392285,12,0,1,0,1,0,8.0113551091612862,4.0503346212256579,,1,0,0,1,3
2024.acl-long.26,2024,W4402667033,A5104294452,A5084279065,3,0,1,0,1,0,8.4881762423457445,3.9827920763163531,,0,0,0,0,3
2024.acl-long.262,2024,W4402671642,A5100927735,A5102162706,7,0,1,0,1,0,6.7799219074722519,3.3473946756691797,,0,0,0,0,3
2024.acl-long.263,2024,W4402672091,A5004751764,A5004751764,1,0,1,0,1,0,6.3647507568519108,2.3978952727983707,,0,0,0,0,3
2024.acl-long.264,2024,W4402672006,A5103244807,A5088410008,6,0,1,0,1,0,8.2842517976219163,3.5742165457937962,,0,0,0,0,3
2024.acl-long.265,2024,W4402671714,A5003367589,A5027450194,4,0,1,0,1,0,7.4821189235521155,4.2009542972803589,,0,0,0,0,3
2024.acl-long.266,2024,W4402672089,A5031624405,A5073661463,4,1,0.80000000000000004,1,1,1,6.3835066348840055,2.6567569067146595,11.753916792928059,0,0,0,0,3
2024.acl-long.268,2024,W4402671641,A5043553572,A5100664729,8,0,1,0,1,0,7.1180162044653335,3.157000421150113,,1,0,0,1,3
2024.acl-long.269,2024,W4402671883,A5101771157,A5020616425,3,0,1,0,1,0,6.2633982625916236,3.0602707946915619,,1,0,0,1,3
2024.acl-long.27,2024,W4402667056,A5001458884,A5039500313,7,2,1,1,1,0.5,7.0859014643656106,3.6817109646353239,6.6605751498396861,0,0,0,0,3
2024.acl-long.270,2024,W4402671632,A5100585302,A5006197413,4,0,1,0,1,0,8.0261701949464257,3.707455839686872,,0,0,0,0,3
2024.acl-long.272,2024,W4402672044,A5013418144,A5113244067,6,0,1,0,1,0,7.4690838849212344,2.7408400239252009,,0,0,0,0,3
2024.acl-long.273,2024,W4402672105,A5075259144,A5015874725,5,0,1,0,1,0,7.8732170548627414,3.3534067178258069,,0,0,0,0,3
2024.acl-long.274,2024,W4402671648,A5015041976,A5089586983,7,0,1,0,1,0,6.0520891689244172,2.8247744754103521,,0,0,0,0,3
2024.acl-long.275,2024,W4402671932,A5102934563,A5100616656,8,0,1,0,1,0,7.0621916322865559,3.146305132033365,,0,0,0,0,3
2024.acl-long.276,2024,W4402671653,A5073311852,A5102775611,8,0,1,0,1,0,7.1739583197567942,3.5336865647082343,,1,1,0,1,3
2024.acl-long.277,2024,W4402671713,A5018004671,A5079336821,3,0,1,0,1,0,9.6150051599135775,4.7449321283632502,,1,0,0,1,3
2024.acl-long.279,2024,W4402671818,A5007369103,A5027450194,5,0,1,0,1,0,7.4821189235521155,3.9318256327243257,,0,1,0,1,3
2024.acl-long.280,2024,W4402672073,A5101284287,A5031355252,8,0,1,0,1,0,7.301147805856032,3.0204248861443626,,0,1,0,1,3
2024.acl-long.282,2024,W4402671899,A5099038218,A5101982147,2,1,1,1,1,1,7.2152399787300974,3.044522437723423,13.411995547179725,0,0,0,0,3
2024.acl-long.284,2024,W4402671927,A5100433917,A5115589597,8,0,1,0,1,0,8.1699026473591445,3.707455839686872,,0,0,0,0,3
2024.acl-long.285,2024,W4402671711,A5110377457,A5039500313,7,0,1,0,1,0,7.0859014643656106,3.1660776393012298,,0,0,0,0,3
2024.acl-long.286,2024,W4402671645,A5007384127,A5002795838,7,1,1,1,1,1,7.7915228191507317,3.912023005428146,14.216603455206659,0,0,0,0,3
2024.acl-long.287,2024,W4402671859,A5101981712,A5079260216,6,0,1,0,1,0,7.8995244720321978,3.7879703567581671,,0,0,0,0,3
2024.acl-long.289,2024,W4402672071,A5051401703,A5070594684,4,2,1,1,1,1,5.7651911027848444,2.9831534913471307,14.064182275136003,0,0,0,0,3
2024.acl-long.29,2024,W4402667030,A5008004564,A5100658982,7,0,1,0,1,0,6.8875525716646173,2.9813435361018921,,0,0,0,0,3
2024.acl-long.291,2024,W4402671812,A5071561232,A5037171366,5,0,1,0,1,0,5.7651911027848444,2.8903717578961645,,0,0,0,0,3
2024.acl-long.298,2024,W4402671728,A5042157425,A5040821714,5,0,1,0,1,0,5.4071717714601188,2.7972813348301528,,0,0,0,0,3
2024.acl-long.299,2024,W4402672027,A5023860293,A5008435786,8,0,1,0,1,0,6.9431224228194282,3.068052935133617,,0,1,0,1,3
2024.acl-long.30,2024,W4402667010,A5107489154,A5107568396,4,1,1,1,1,1,0,0,11.800087402175119,1,0,0,1,3
2024.acl-long.301,2024,W4402671827,A5030880662,A5055284175,11,0,1,0,1,0,7.2240248082858303,3.0358267307558688,,1,0,0,1,3
2024.acl-long.302,2024,W4402671634,A5029619813,A5081635691,3,0,1,0,1,0,7.4966524381682831,3.729701448634192,,0,0,0,0,3
2024.acl-long.304,2024,W4402672069,A5028962243,A5014381991,5,0,1,0,1,0,4.7449321283632502,1.33500106673234,,0,1,0,1,3
2024.acl-long.308,2024,W4402671956,A5023524279,A5059778636,6,0,1,0,1,0,7.2283884515736041,3.1640675883732059,,0,0,0,0,3
2024.acl-long.31,2024,W4402667138,A5015683682,A5017082574,4,0,1,0,1,0,6.4800445619266531,2.8903717578961645,,0,0,0,0,3
2024.acl-long.310,2024,W4402671654,A5076323286,A5083369457,6,0,1,0,1,0,7.7977020355166902,3.7013019741124928,,0,0,0,0,3
2024.acl-long.311,2024,W4402671649,A5045032553,A5027720969,7,0,1,0,1,0,7.708859601047175,4.2110688365302424,,0,0,0,0,3
2024.acl-long.312,2024,W4402671831,A5101925323,A5109266150,4,0,1,0,1,0,6.9047507699618382,3.0796137575346929,,0,0,0,0,3
2024.acl-long.316,2024,W4402671673,A5072476140,A5082840651,5,0,0.83333333333333337,0,1,0,7.3951075465624854,3.7328963395307104,,0,0,0,0,3
2024.acl-long.317,2024,W4402683973,A5111133470,A5113400409,4,1,1,1,1,1,6.6240652277998935,3.1023420086122493,7.3421317305847218,0,0,0,0,3
2024.acl-long.319,2024,W4402671944,A5102734656,A5000550975,5,0,1,0,1,0,6.7638849085624351,3.3672958299864741,,0,0,0,0,3
2024.acl-long.32,2024,W4402667023,A5108988023,A5054014592,3,1,1,1,1,1,6.6359465556866466,3.737669618283368,10.87090856551189,1,0,0,1,3
2024.acl-long.320,2024,W4402671790,A5101514892,A5100644426,9,0,1,0,1,0,9.0765803817966582,4.3750579653577883,,0,0,0,0,3
2024.acl-long.321,2024,W4402672054,A5100688374,A5046672528,6,0,1,0,1,0,7.3414838523631607,3.068052935133617,,0,0,0,0,3
2024.acl-long.322,2024,W4402671721,A5010949516,A5113868657,3,0,1,0,1,0,5.1474944768134527,1.8971199848858813,,0,0,0,0,3
2024.acl-long.323,2024,W4402671811,A5087345316,A5101595608,2,0,1,0,1,0,4.9199809258281251,2.6741486494265287,,0,0,0,0,3
2024.acl-long.324,2024,W4402672060,A5100320723,A5089404640,6,0,0.8571428571428571,0,1,0,9.1025324193418768,4.8148907169701607,,1,0,0,1,3
2024.acl-long.325,2024,W4402671647,A5010912592,A5101435570,9,0,1,0,1,0,8.6374620238071813,4.1812016063153674,,0,0,0,0,3
2024.acl-long.326,2024,W4402683994,A5084758279,A5044042138,9,0,1,0,1,0,8.1780774638496077,4.0153815184152997,,1,0,0,1,3
2024.acl-long.327,2024,W4402671862,A5081040175,A5047580521,6,0,1,0,1,0,7.9786537290827306,2.7725887222397811,,1,0,0,1,3
2024.acl-long.328,2024,W4402671960,A5100768834,A5059207044,7,0,0.875,0,1,0,6.7007311095478101,2.807680042051051,,0,0,1,1,3
2024.acl-long.330,2024,W4402671707,A5107436245,A5107568581,9,0,1,0,1,0,6.2915691395583204,1.2685113254635072,,0,0,0,0,3
2024.acl-long.331,2024,W4402672029,A5012346675,A5020880385,5,0,1,0,1,0,7.8987823569703091,4.180522258463153,,1,1,0,1,3
2024.acl-long.332,2024,W4402671723,A5043193778,A5108112519,6,0,1,0,1,0,5.0875963352323836,1.5040773967762742,,0,0,0,0,3
2024.acl-long.333,2024,W4402671635,A5100631524,A5100618683,6,0,1,0,1,0,8.2106680311629763,4.2170537162145401,,1,0,0,1,3
2024.acl-long.334,2024,W4402671637,A5050004899,A5100732450,8,0,1,0,1,0,9.4102562371710885,4.9052747784384296,,1,1,0,1,3
2024.acl-long.335,2024,W4402683981,A5107951352,A5112673776,4,0,1,0,1,0,6.8731638342125176,3.0563568953704259,,0,0,0,0,3
2024.acl-long.339,2024,W4402671802,A5077830473,A5101409714,8,1,1,1,1,1,7.8995244720321978,3.9773424715487886,14.324326764202445,0,0,0,0,3
2024.acl-long.34,2024,W4402667021,A5087688208,A5008257790,9,0,1,0,1,0,9.1147101409609323,4.4595019468421722,,0,0,0,0,3
2024.acl-long.341,2024,W4402672043,A5073055466,A5066305082,5,0,1,0,1,0,7.2682230211595646,3.9889840465642745,,0,0,0,0,3
2024.acl-long.342,2024,W4402671646,A5005178641,A5008805047,3,1,1,1,1,1,5.0998664278241987,2.427748235948052,11.960408652004419,0,0,0,0,3
2024.acl-long.343,2024,W4402671638,A5073805047,A5065621211,2,0,1,0,1,0,3.3672958299864741,1.791759469228055,,0,0,0,0,3
2024.acl-long.346,2024,W4402671825,A5030703893,A5102816371,7,0,1,0,1,0,7.0379059634471819,3.0647251450409425,,0,0,0,0,3
2024.acl-long.347,2024,W4402671801,A5114230313,A5016946533,3,1,1,1,1,1,5.9814142112544806,2.8332133440562162,13.729696645545864,1,0,0,1,3
2024.acl-long.348,2024,W4402671667,A5099054976,A5077273985,6,0,1,0,1,0,5.8607862234658654,2.3826278006675823,,0,0,0,0,3
2024.acl-long.349,2024,W4402671644,A5102024919,A5107377554,8,0,1,0,1,0,5.3230099791384085,1.9980959022258835,,0,0,0,0,3
2024.acl-long.35,2024,W4402667054,A5101908079,A5057729042,6,0,1,0,1,0,6.5147126908725301,3.1918471524802814,,0,0,0,0,3
2024.acl-long.351,2024,W4402671826,A5110992622,A5023341829,7,0,1,0,1,0,7.7523351633022921,4.0579769180512262,,0,0,0,0,3
2024.acl-long.352,2024,W4402672077,A5012404343,A5100752685,8,0,1,0,1,0,8.8312737377225492,4.2818609358931594,,0,0,0,0,3
2024.acl-long.353,2024,W4402671789,A5000556679,A5100408977,2,1,1,1,1,1,5.0238805208462765,2.3025850929940459,13.458069606430907,0,0,0,0,3
2024.acl-long.355,2024,W4402671810,A5015151950,A5107489274,3,1,1,1,1,1,4.5849674786705723,2.456735772821304,13.591297685129538,0,0,0,0,3
2024.acl-long.358,2024,W4402683976,A5108124525,A5040508737,3,1,1,1,1,1,8.1684864171266813,4.499809670330265,12.742671273662859,0,1,0,1,3
2024.acl-long.359,2024,W4402671888,A5046404163,A5042262991,3,0,1,0,1,0,6.6306833856423717,3.3322045101752038,,1,0,0,1,3
2024.acl-long.36,2024,W4402667047,A5031230037,A5025565222,2,0,1,0,1,0,6.0112671744041615,3.2580965380214821,,0,0,0,0,3
2024.acl-long.360,2024,W4402671847,A5101455645,A5030288223,12,0,1,0,1,0,6.9874902470009914,2.8903717578961645,,1,0,0,1,3
2024.acl-long.362,2024,W4402683974,A5034718368,A5023053982,2,0,0.66666666666666663,0,1,0,5.8971538676367405,3.417726683613366,,0,0,0,0,3
2024.acl-long.364,2024,W4402671636,A5102890156,A5041024491,3,0,1,0,1,0,7.4500795698074986,3.784189633918261,,0,0,0,0,3
2024.acl-long.366,2024,W4402671550,A5114139663,A5093081501,5,0,1,0,1,0,6.1136821798322316,2.1041341542702074,,0,0,0,0,3
2024.acl-long.37,2024,W4402667043,A5103028495,A5100691219,5,0,1,0,1,0,6.1903154058531484,3.1090609588609941,,0,0,0,0,3
2024.acl-long.373,2024,W4402672059,A5030878165,A5089539629,6,0,1,0,1,0,6.6093492431673804,3.2580965380214821,,0,0,0,0,3
2024.acl-long.374,2024,W4402671615,A5063617278,A5084878734,3,0,1,0,1,0,4.6821312271242199,1.8458266904983307,,0,0,0,0,3
2024.acl-long.375,2024,W4402671668,A5100706243,A5083854532,5,0,1,0,1,0,6.2766434893416445,3.226843994517377,,1,0,0,1,3
2024.acl-long.377,2024,W4402671845,A5033206229,A5043450042,7,0,1,0,1,0,6.4101748819661672,3.3524072174927237,,0,0,0,0,3
2024.acl-long.378,2024,W4402671639,A5013096489,A5079108871,4,0,1,0,1,0,8.527539483470381,4.5643481914678361,,0,0,0,0,3
2024.acl-long.379,2024,W4402672046,A5101798380,A5102984496,7,0,1,0,1,0,6.5264948595707901,3.3473946756691797,,1,0,0,1,3
2024.acl-long.38,2024,W4402667063,A5022907367,A5101307306,6,1,1,1,1,1,6.9047507699618382,3.4393491476265319,13.460052016764809,0,0,0,0,3
2024.acl-long.381,2024,W4402671543,A5108907869,A5001987532,3,2,1,1,1,1,8.527539483470381,4.7930319231576615,13.490969461374997,0,0,0,0,3
2024.acl-long.382,2024,W4402672080,A5102622759,A5015709853,5,0,1,0,1,0,7.8804263442923999,4.0673158898341812,,0,0,0,0,3
2024.acl-long.383,2024,W4402671566,A5001225581,A5027417114,5,0,1,0,1,0,7.5390270558239951,3.6584202466292282,,0,0,0,0,3
2024.acl-long.387,2024,W4402671820,A5033331273,A5101616607,2,0,1,0,1,0,6.061456918928017,3.068052935133617,,0,0,0,0,3
2024.acl-long.390,2024,W4402671788,A5100941398,A5110081955,3,1,1,1,1,1,6.3207682942505823,2.8134107167600364,13.936395444569744,0,0,0,0,3
2024.acl-long.391,2024,W4402671577,A5035508330,A5027600524,3,0,1,0,1,0,5.2417470150596426,2.8903717578961645,,0,0,0,0,3
2024.acl-long.392,2024,W4402672075,A5078940234,A5000232528,5,0,1,0,1,0,6.6174029779744776,3.3534067178258069,,0,0,0,0,3
2024.acl-long.393,2024,W4402671617,A5100365399,A5100363345,6,0,1,0,1,0,8.4149389573774815,4.0401230080554615,,0,0,0,0,3
2024.acl-long.394,2024,W4402672061,A5100776177,A5059155953,5,0,0.83333333333333337,0,1,0,5.2574953720277815,1.9169226121820611,,0,0,0,0,3
2024.acl-long.396,2024,W4402671538,A5106698700,A5100339106,5,0,1,0,1,0,7.8107581165293567,4.499809670330265,,0,1,0,1,3
2024.acl-long.397,2024,W4402671930,A5100551503,A5100384130,7,0,1,0,1,0,7.4407337073892608,3.951243718581428,,0,0,0,0,3
2024.acl-long.398,2024,W4402671907,A5093467574,A5110250940,3,1,1,1,1,1,6.2166061010848646,3.0122615755052013,13.219366668540946,0,0,0,0,3
2024.acl-long.399,2024,W4402671806,A5082594835,A5101457713,4,0,1,0,1,0,6.8035052576083377,3.713572066704308,,0,0,0,0,3
2024.acl-long.4,2024,W4402667088,A5100327742,A5020880385,8,0,0.80000000000000004,0,1,0,7.3472997007431644,3.3542804618744042,,0,1,0,1,3
2024.acl-long.40,2024,W4402667081,A5015122283,A5032046813,8,0,1,0,1,0,8.8286406174182801,3.7105186292174168,,0,0,0,0,3
2024.acl-long.401,2024,W4402671584,A5049198310,A5087818121,11,0,1,0,1,0,8.7073175602732125,4.292947004620193,,1,1,0,1,3
2024.acl-long.405,2024,W4402672067,A5083256694,A5087565126,6,0,1,0,1,0,6.4676987261043539,3.0524276172305358,,0,0,0,0,3
2024.acl-long.406,2024,W4402671807,A5100440557,A5055276776,4,0,1,0,1,0,8.9085593751449004,4.2009542972803589,,0,0,0,0,3
2024.acl-long.408,2024,W4402672076,A5091865553,A5057538607,9,0,1,0,1,0,7.6662219256627253,3.4411300919975263,,0,0,0,0,3
2024.acl-long.409,2024,W4402671878,A5065232236,A5013041264,6,0,1,0,1,0,6.4952655559370083,3.0524276172305358,,0,0,0,0,3
2024.acl-long.410,2024,W4402671620,A5107403608,A5076472373,6,0,1,0,1,0,5.4205349992722862,1.8971199848858813,,0,0,0,0,3
2024.acl-long.411,2024,W4402671819,A5019703861,A5100528355,5,0,1,0,1,0,5.7397929121792339,3.1090609588609941,,0,0,0,0,3
2024.acl-long.414,2024,W4402671664,A5100740290,A5102732054,2,1,1,1,1,1,6.045005314036012,2.5257286443082561,11.592688133436448,0,0,0,0,3
2024.acl-long.415,2024,W4402671769,A5033545477,A5084505122,5,1,1,1,1,1,7.4223737009868236,3.310543013394025,10.745054738214346,0,0,0,0,3
2024.acl-long.416,2024,W4402671588,A5092452050,A5101971371,3,1,1,1,1,1,6.9716686047257896,3.5361166995615263,12.908865655141774,0,0,0,0,3
2024.acl-long.417,2024,W4402671597,A5100329232,A5078512486,8,0,0.88888888888888884,0,1,0,6.1202974189509503,3.0738500528179431,,0,0,0,0,3
2024.acl-long.418,2024,W4402671864,A5100955913,A5100370155,5,0,1,0,1,0,6.8824374709978473,3.8836235309064482,,1,0,0,1,3
2024.acl-long.419,2024,W4402671618,A5063391480,A5112726818,6,1,1,1,1,1,7.4181808227267876,3.4285963558502699,9.2342521920224954,0,0,0,0,3
2024.acl-long.423,2024,W4402671594,A5110849478,A5110928734,4,0,1,0,1,0,7.3152183897529746,3.597312260588446,,0,1,0,1,3
2024.acl-long.425,2024,W4402671560,A5101148458,A5064884455,6,0,1,0,1,0,7.4570320891223805,3.737669618283368,,0,0,0,0,3
2024.acl-long.427,2024,W4402671844,A5100433766,A5019106673,8,0,1,0,1,0,6.678342114654332,3.2580965380214821,,0,0,0,0,3
2024.acl-long.428,2024,W4402671799,A5005755293,A5032328549,10,0,1,0,1,0,7.6246189861593985,3.505557396986398,,1,0,0,1,3
2024.acl-long.429,2024,W4402671781,A5113094231,A5018970859,7,0,1,0,1,0,8.106816038947052,3.2131451501592161,,0,0,0,0,3
2024.acl-long.43,2024,W4402667052,A5033408639,A5004194238,7,1,1,1,1,1,8.0580108008020854,4.0355040621991671,13.148683932469678,0,0,0,0,3
2024.acl-long.430,2024,W4402671623,A5021557044,A5028597017,6,0,1,0,1,0,8.4555305310241309,4.6867501729805143,,1,0,0,1,3
2024.acl-long.431,2024,W4402671782,A5100710505,A5100727084,3,0,1,0,1,0,6.5722825426940084,3.713572066704308,,0,0,0,0,3
2024.acl-long.432,2024,W4402671547,A5113067512,A5089404640,5,0,1,0,1,0,8.9635442919967439,4.2738844760541781,,0,0,0,0,3
2024.acl-long.433,2024,W4402671665,A5021619914,A5100626259,4,0,0.80000000000000004,0,1,0,4.7449321283632502,1.7047480922384253,,1,0,0,1,3
2024.acl-long.434,2024,W4402671804,A5005755293,A5035832826,8,0,1,0,1,0,7.6246189861593985,3.2288261557213689,,0,0,0,0,3
2024.acl-long.436,2024,W4402683989,A5103286476,A5107453527,2,1,1,1,1,1,0.69314718055994529,0.91629073187415522,10.217202802034723,0,0,0,0,3
2024.acl-long.437,2024,W4402671601,A5000774069,A5044005697,4,0,1,0,1,0,8.5865326694948507,4.3820266346738812,,1,0,0,1,3
2024.acl-long.438,2024,W4402672058,A5101084898,A5100328100,6,0,1,0,1,0,7.215975002651466,3.5742165457937962,,0,0,0,0,3
2024.acl-long.441,2024,W4402671795,A5100585973,A5085695760,4,0,1,0,1,0,5.6489742381612063,2.6390573296152584,,0,0,0,0,3
2024.acl-long.442,2024,W4402672022,A5010444468,A5048500768,6,0,1,0,1,0,8.7157161275482,4.0133754996884337,,0,1,0,1,3
2024.acl-long.443,2024,W4402671768,A5100678271,A5100723568,7,0,1,0,1,0,6.8458798752640497,3.4293682586288519,,0,0,0,0,3
2024.acl-long.444,2024,W4402671796,A5051605855,A5018976680,3,2,1,1,1,1,7.2341771797498486,3.7917368395536442,13.653687856631649,0,1,0,1,3
2024.acl-long.445,2024,W4402671897,A5111114902,A5044665993,5,0,1,0,1,0,8.4149389573774815,4.0707346965829672,,1,1,0,1,3
2024.acl-long.448,2024,W4402671596,A5068367173,A5002191410,2,2,1,1,1,1,6.2480428745084291,3.8286413964890951,14.064182275136003,0,0,0,0,3
2024.acl-long.45,2024,W4402667044,A5102648310,A5039500313,9,0,1,0,1,0,7.9837810689774509,3.6971782569286313,,0,0,0,0,3
2024.acl-long.450,2024,W4402671606,A5094106139,A5041024491,2,1,1,1,1,1,6.5308776277258849,3.7612001156935615,13.523165631284831,0,0,0,0,3
2024.acl-long.451,2024,W4402671614,A5017065952,A5081398601,4,1,1,1,1,1,7.304515946460155,3.8607297110405954,12.67069306124702,0,0,0,0,3
2024.acl-long.452,2024,W4402671590,A5073663407,A5090162434,6,0,1,0,1,0,6.0497334552319577,2.6741486494265287,,0,0,0,0,3
2024.acl-long.453,2024,W4402671540,A5109678052,A5102292203,9,0,1,0,1,0,3.2580965380214821,1.1700712526502546,,0,0,0,0,3
2024.acl-long.457,2024,W4402671611,A5086328337,A5086600391,7,0,1,0,1,0,6.6133842183795597,3.1229940531649181,,0,0,0,0,3
2024.acl-long.459,2024,W4402672048,A5057472610,A5021057186,8,0,1,0,1,0,6.5323342922223491,3.4460113974519482,,0,0,0,0,3
2024.acl-long.462,2024,W4402671903,A5029606497,A5072973927,4,0,1,0,1,0,5.6698809229805196,2.9575110607337933,,1,0,0,1,3
2024.acl-long.463,2024,W4402671775,A5053995579,A5048424819,9,1,1,1,1,1,6.2441669006637364,2.6310891599660819,7.9345134638822632,0,1,0,1,3
2024.acl-long.464,2024,W4402671837,A5040587076,A5009092703,2,1,1,1,1,1,7.8276395463664219,2.862200880929469,13.206820327956285,0,0,0,0,3
2024.acl-long.467,2024,W4402671599,A5007759955,A5104441926,5,1,1,1,1,1,6.8394764382288429,3.3741687092742358,9.2358131679492139,0,0,0,0,3
2024.acl-long.468,2024,W4402671571,A5042417097,A5068224136,8,0,1,0,1,0,7.7424020218157823,3.4657359027997265,,0,0,0,0,3
2024.acl-long.470,2024,W4402671619,A5101616794,A5002577142,5,1,1,1,1,1,8.3204481139565587,3.5667118201397288,14.27033519193426,1,1,0,1,3
2024.acl-long.471,2024,W4402683968,A5078033021,A5077286440,10,0,1,0,1,0,6.9285378181646653,3.0492730404820207,,1,0,0,1,3
2024.acl-long.473,2024,W4402683963,A5111632482,A5100378792,5,0,1,0,1,0,6.4997870406558542,3.317815772723105,,1,0,0,1,3
2024.acl-long.474,2024,W4402671997,A5108988114,A5006675265,3,1,1,1,1,1,6.1441856341256456,1.791759469228055,12.621455080646555,0,0,0,0,3
2024.acl-long.477,2024,W4402671805,A5100540911,A5089404640,6,1,1,1,1,1,8.9635442919967439,4.4347772000594103,9.2358131679492139,0,0,0,0,3
2024.acl-long.478,2024,W4402671905,A5100016620,A5102754146,11,0,1,0,1,0,8.053887083618223,3.531693870591524,,0,0,0,0,3
2024.acl-long.479,2024,W4402671626,A5100374118,A5102220317,6,1,1,1,1,1,6.0258659738253142,2.9957322735539909,14.216603455206659,0,0,0,0,3
2024.acl-long.48,2024,W4402667048,A5067130403,A5075541712,4,0,1,0,1,0,6.2106000770246528,3.1986731175506811,,0,0,0,0,3
2024.acl-long.480,2024,W4402671900,A5045398529,A5000232528,3,0,1,0,1,0,6.6174029779744776,3.3081069585961438,,0,0,0,0,3
2024.acl-long.481,2024,W4402671828,A5102245113,A5044042138,6,0,1,0,1,0,8.1780774638496077,4.2341065045972597,,1,0,0,1,3
2024.acl-long.482,2024,W4402671554,A5026811404,A5016956470,5,0,1,0,1,0,8.3204481139565587,3.5553480614894131,,1,0,0,1,3
2024.acl-long.484,2024,W4402683980,A5100310256,A5008772211,9,0,1,0,1,0,8.1440984633385245,4.0032845967064707,,0,0,0,0,3
2024.acl-long.485,2024,W4402671605,A5031466943,A5000232528,6,0,1,0,1,0,6.6174029779744776,3.2580965380214821,,0,0,0,0,3
2024.acl-long.486,2024,W4402671658,A5035829367,A5085695760,7,0,1,0,1,0,7.482681828154651,3.2414756567854419,,1,1,0,1,3
2024.acl-long.487,2024,W4402671710,A5076088991,A5107568582,4,0,1,0,1,0,4.7361984483944957,2.374905754573672,,1,0,0,1,3
2024.acl-long.488,2024,W4402671705,A5003730904,A5075585231,7,0,1,0,1,0,5.7930136083841441,2.575878427993727,,0,0,0,0,3
2024.acl-long.489,2024,W4402671793,A5100457703,A5100645710,9,0,1,0,1,0,7.5989004568714096,3.7892274279482181,,0,0,0,0,3
2024.acl-long.490,2024,W4402671545,A5036753528,A5077832834,5,0,1,0,1,0,7.1974353540965907,3.6428355156125294,,0,1,0,1,3
2024.acl-long.491,2024,W4402671682,A5100459689,A5017205177,7,0,1,0,1,0,7.1507014575925263,3.1898882879949486,,0,0,0,0,3
2024.acl-long.493,2024,W4402671591,A5014223736,A5100442321,7,0,1,0,1,0,7.2717037068873678,3.7938827631239209,,0,0,0,0,3
2024.acl-long.494,2024,W4402671602,A5100784430,A5102935603,8,0,1,0,1,0,6.9828627514689421,3.8231917917215301,,0,0,0,0,3
2024.acl-long.495,2024,W4402671867,A5013206744,A5111463007,6,0,1,0,1,0,6.6306833856423717,2.9704144655697009,,0,0,0,0,3
2024.acl-long.496,2024,W4402671580,A5111019891,A5008208316,7,0,1,0,1,0,7.696212639346407,3.7308436532129678,,0,0,0,0,3
2024.acl-long.499,2024,W4402683937,A5100660735,A5071321132,8,0,1,0,1,0,8.4454823438622366,3.737669618283368,,0,0,0,0,3
2024.acl-long.500,2024,W4402671670,A5013292778,A5098970642,4,0,1,0,1,0,5.5490760848952201,2.110213200346589,,0,0,0,0,3
2024.acl-long.503,2024,W4402671679,A5100749170,A5010165733,5,1,1,1,1,1,6.2402758451707694,2.7472709142554912,9.2358131679492139,0,0,0,0,3
2024.acl-long.504,2024,W4402671573,A5113096074,A5078141810,4,0,1,0,1,0,9.1505903675704072,4.7685637328965269,,1,0,0,1,3
2024.acl-long.505,2024,W4402671607,A5001863177,A5100955324,7,0,1,0,1,0,7.8300280825338398,3.3219480100080148,,0,0,0,0,3
2024.acl-long.506,2024,W4402671996,A5014189152,A5083002103,6,0,1,0,1,0,6.5792512120101012,2.9873640238834742,,0,0,0,0,3
2024.acl-long.509,2024,W4402683939,A5107420625,A5037930190,4,1,1,1,1,1,6.826545223556594,3.1135153092103742,13.5947566491787,0,0,0,0,3
2024.acl-long.51,2024,W4402667059,A5033909285,A5070002963,5,0,1,0,1,0,7.3343293503005356,3.3877743613300142,,1,0,0,1,3
2024.acl-long.512,2024,W4402671552,A5045639716,A5100440920,6,0,1,0,1,0,8.938925271988273,3.7803945629497098,,1,0,0,1,3
2024.acl-long.513,2024,W4402683986,A5045991329,A5009985839,7,0,1,0,1,0,9.1753347627773678,3.8652308439213869,,0,0,0,0,3
2024.acl-long.514,2024,W4402671830,A5100604603,A5073968803,6,0,1,0,1,0,8.4431159880199225,4.2720257394595533,,0,0,0,0,3
2024.acl-long.515,2024,W4402671593,A5100678098,A5073659320,11,0,1,0,1,0,8.7157161275482,3.520998581474776,,0,0,0,0,3
2024.acl-long.52,2024,W4402667045,A5100979279,A5112425448,5,0,1,0,1,0,6.75343791859778,3.2958368660043291,,0,0,0,0,3
2024.acl-long.521,2024,W4402672034,A5101237880,A5044665993,16,0,1,0,1,0,8.4149389573774815,3.8052726354812658,,0,0,0,0,3
2024.acl-long.522,2024,W4402671684,A5046520129,A5100323037,6,0,1,0,1,0,7.7471649665203346,3.619886582626985,,0,0,0,0,3
2024.acl-long.523,2024,W4402671558,A5102845658,A5030845033,8,0,1,0,1,0,6.7428806357919031,3.3366588605245844,,0,1,0,1,3
2024.acl-long.524,2024,W4402672042,A5053007363,A5051184573,5,0,1,0,1,0,7.3651801260210128,2.8213788864092133,,0,0,0,0,3
2024.acl-long.525,2024,W4402671715,A5100848615,A5062939922,9,0,1,0,1,0,6.8057225534169854,2.8332133440562162,,0,1,0,1,3
2024.acl-long.526,2024,W4402671720,A5100345532,A5079260216,6,0,1,0,1,0,7.8995244720321978,4.1431347263915326,,1,0,0,1,3
2024.acl-long.527,2024,W4402671563,A5100371631,A5048118068,8,0,1,0,1,0,6.7569323892475532,3.1300446111615852,,0,1,0,1,3
2024.acl-long.53,2024,W4402667064,A5023520034,A5017597537,8,0,1,0,1,0,8.2255030975669179,4.2377231450674477,,0,0,0,0,3
2024.acl-long.530,2024,W4402671722,A5100365587,A5073601707,4,0,1,0,1,0,7.3981740929704651,3.218875824868201,,1,0,0,1,3
2024.acl-long.531,2024,W4402671709,A5102767513,A5100716372,8,0,1,0,1,0,9.0765803817966582,4.2377231450674477,,0,0,0,0,3
2024.acl-long.533,2024,W4402671726,A5030361899,A5073342482,5,0,1,0,1,0,6.7707894239089796,2.9755295662364718,,0,0,0,0,3
2024.acl-long.534,2024,W4402671598,A5001784131,A5026157285,19,0,0.94999999999999996,0,1,0,6.80128303447162,2.2540580520993854,,0,0,0,0,3
2024.acl-long.535,2024,W4402672023,A5069459810,A5103251389,5,0,1,0,1,0,8.0882547271224308,4.3385970767465452,,1,0,0,1,3
2024.acl-long.536,2024,W4402683960,A5010680967,A5075825791,5,2,1,1,1,1,6.6093492431673804,3.5779478934066544,14.187762842686212,0,0,0,0,3
2024.acl-long.537,2024,W4402671889,A5030417786,A5100440903,7,0,1,0,1,0,7.9844627322621964,4.4205602986761248,,0,0,0,0,3
2024.acl-long.538,2024,W4402671697,A5100339713,A5050614594,11,0,1,0,1,0,5.8861040314501558,2.5925373139803658,,0,0,0,0,3
2024.acl-long.539,2024,W4402671600,A5060798694,A5100427076,7,1,1,1,1,1,7.4073177104694174,3.84405002184194,12.531920788656851,1,0,0,1,3
2024.acl-long.540,2024,W4402671700,A5011518170,A5100616656,6,0,1,0,1,0,7.0621916322865559,3.5881378843124043,,0,1,0,1,3
2024.acl-long.542,2024,W4402671565,A5107406835,A5107453194,6,0,1,0,1,0,7.5496091651545321,3.0985896589936988,,0,1,0,1,3
2024.acl-long.544,2024,W4402671893,A5000231744,A5010341007,2,1,1,1,1,1,6.6120410348330916,3.912023005428146,12.879019669789754,0,0,0,0,3
2024.acl-long.545,2024,W4402671627,A5101668162,A5085995102,3,0,1,0,1,0,4.9487598903781684,2.7725887222397811,,0,0,0,0,3
2024.acl-long.547,2024,W4402683945,A5100339707,A5060225743,3,0,1,0,1,0,7.5647570129057291,4.6118147287067597,,0,0,0,0,3
2024.acl-long.548,2024,W4402671786,A5067717021,A5058877618,6,0,1,0,1,0,7.6971213172826252,3.7573166156671647,,0,0,0,0,3
2024.acl-long.549,2024,W4402671610,A5033862822,A5001291873,4,3,1,1,1,1,8.6960086088809039,4.7957905455967413,12.67069306124702,0,1,0,1,3
2024.acl-long.55,2024,W4402667046,A5100655132,A5077539496,10,0,1,0,1,0,7.384610383176974,3.9140210080908191,,0,0,0,0,3
2024.acl-long.550,2024,W4402671982,A5023576577,A5101404695,5,0,1,0,1,0,7.9186286533422399,3.1179499062782403,,0,0,0,0,3
2024.acl-long.551,2024,W4402671688,A5107489269,A5107420250,9,0,1,0,1,0,0,0,,0,0,0,0,3
2024.acl-long.553,2024,W4402672028,A5092624968,A5002305939,3,2,1,1,1,1,5.598421958998375,1.7346010553881064,6.5072777123850116,0,0,0,0,3
2024.acl-long.554,2024,W4402671727,A5006591088,A5093959849,2,1,1,1,1,1,4.6728288344619058,1.9459101490553128,10.87090856551189,0,0,0,0,3
2024.acl-long.555,2024,W4402671701,A5091963084,A5082447472,3,0,1,0,1,0,5.8111409929767008,2.9618307218783091,,0,0,0,0,3
2024.acl-long.56,2024,W4402667049,A5107377449,A5028849793,3,0,1,0,1,0,6.045005314036012,2.3978952727983707,,1,0,0,1,3
2024.acl-long.561,2024,W4402671608,A5103305723,A5100329692,5,0,1,0,1,0,8.6579980680072577,3.3534067178258069,,0,0,0,0,3
2024.acl-long.566,2024,W4402671582,A5064648793,A5019494985,4,0,1,0,1,0,8.4051436876076142,3.323235840192444,,0,1,0,1,3
2024.acl-long.567,2024,W4402671881,A5002581979,A5101894267,5,1,1,1,1,1,3.5553480614894131,1.9459101490553128,12.223809414920389,0,0,0,0,3
2024.acl-long.568,2024,W4402671676,A5030879739,A5006335513,4,1,1,1,1,1,7.007600613951853,3.8763958277849948,13.313856083680689,0,0,0,0,3
2024.acl-long.569,2024,W4402671672,A5058469446,A5101405285,3,0,1,0,1,0,7.1316985104669124,3.3322045101752038,,0,0,0,0,3
2024.acl-long.570,2024,W4402671703,A5103541243,A5076040901,5,0,1,0,1,0,6.6093492431673804,3.6270040503958487,,0,0,0,0,3
2024.acl-long.575,2024,W4402684222,A5102666376,A5080646275,5,0,1,0,1,0,7.5827384889144112,4.1463043011528118,,0,0,0,0,3
2024.acl-long.577,2024,W4402671918,A5107607232,A5100605555,4,1,1,1,1,1,6.261491684321042,2.374905754573672,12.818616961558019,0,0,0,0,3
2024.acl-long.578,2024,W4402684077,A5100378800,A5089404640,9,0,1,0,1,0,8.9635442919967439,4.0371861483821521,,0,0,0,0,3
2024.acl-long.579,2024,W4402672053,A5104321872,A5023047344,4,0,1,0,1,0,5.2203558250783244,2.8763855159214247,,0,0,0,0,3
2024.acl-long.581,2024,W4402671628,A5104126920,A5039239180,6,0,1,0,1,0,7.2682230211595646,3.1849742731925192,,0,0,0,0,3
2024.acl-long.582,2024,W4402672025,A5000300840,A5019108029,5,0,1,0,1,0,7.6520707461164816,3.2580965380214821,,0,1,0,1,3
2024.acl-long.583,2024,W4402684032,A5104126920,A5039239180,4,0,1,0,1,0,7.2682230211595646,3.3499040872746049,,0,0,0,0,3
2024.acl-long.585,2024,W4402671555,A5111632482,A5100378800,8,0,1,0,1,0,7.5326236187887883,2.8478121434773689,,0,0,0,0,3
2024.acl-long.587,2024,W4402671533,A5053183023,A5074103823,6,0,1,0,1,0,9.9060343068027041,5.3230099791384085,,0,1,0,1,3
2024.acl-long.588,2024,W4402672010,A5102206923,A5100620306,6,0,1,0,1,0,9.3065592297167257,5.0039463059454592,,0,0,0,0,3
2024.acl-long.589,2024,W4402671568,A5011787904,A5034476404,14,0,1,0,1,0,7.8995244720321978,4.1132130465264831,,0,0,0,0,3
2024.acl-long.59,2024,W4402667082,A5102308518,A5005181083,10,0,1,0,1,0,6.5496507422338102,2.7408400239252009,,0,0,0,0,3
2024.acl-long.590,2024,W4402684139,A5022225777,A5040508737,8,0,1,0,1,0,8.1684864171266813,3.6309854756950335,,1,0,0,1,3
2024.acl-long.591,2024,W4402671666,A5051506534,A5019723791,7,0,1,0,1,0,6.6093492431673804,3.1600353248452677,,1,0,0,1,3
2024.acl-long.592,2024,W4402671886,A5006034300,A5024857449,4,0,1,0,1,0,6.8023947633243109,3.7256934272366529,,0,0,0,0,3
2024.acl-long.593,2024,W4402671686,A5045946026,A5101305536,9,0,1,0,1,0,8.4684230270468088,3.9869243136012642,,1,0,0,1,3
2024.acl-long.595,2024,W4402671557,A5040353694,A5033696194,5,0,1,0,1,0,6.1398845522262553,3.2503744919275719,,0,0,0,0,3
2024.acl-long.596,2024,W4402671678,A5100829821,A5059899281,10,0,1,0,1,0,5.7960577507653719,2.2300144001592104,,1,0,0,1,3
2024.acl-long.597,2024,W4402672005,A5111075776,A5074103823,6,0,1,0,1,0,9.9060343068027041,4.7749129605751861,,0,1,0,1,3
2024.acl-long.6,2024,W4402667067,A5101367673,A5101913650,4,1,1,1,1,1,6.4101748819661672,3.1023420086122493,13.251284157471169,1,0,0,1,3
2024.acl-long.601,2024,W4402684301,A5100650507,A5100716372,8,0,1,0,1,0,7.0237589547384429,3.6041382256588457,,0,0,0,0,3
2024.acl-long.602,2024,W4402684173,A5101884250,A5102274699,2,1,1,1,1,1,7.9543722725318666,4.0517849478033048,12.181851671700754,1,0,0,1,3
2024.acl-long.603,2024,W4402671702,A5001270218,A5015222880,8,0,1,0,1,0,8.5782882907760492,4.1490694619113473,,0,0,0,0,3
2024.acl-long.605,2024,W4402672026,A5102677951,A5100760790,9,0,0.90000000000000002,0,1,0,9.4699315642614383,4.5550457988055228,,0,0,0,0,3
2024.acl-long.607,2024,W4402672007,A5053843140,A5010114060,7,0,1,0,1,0,6.444131256700441,3.4965075614664798,,0,0,0,0,3
2024.acl-long.608,2024,W4402672012,A5101456600,A5002795838,7,0,1,0,1,0,7.7358703199525669,3.6375861597263857,,0,0,0,0,3
2024.acl-long.609,2024,W4402684140,A5101366865,A5102865824,4,0,1,0,1,0,6.4085287910594984,3.3758795736778651,,0,0,0,0,3
2024.acl-long.61,2024,W4402671855,A5100651524,A5046448314,11,0,1,0,1,0,9.1025324193418768,4.516835619920192,,0,0,0,0,3
2024.acl-long.614,2024,W4402671959,A5056731969,A5101662788,11,0,1,0,1,0,8.2279098375974833,3.9889840465642745,,0,0,0,0,3
2024.acl-long.616,2024,W4402671696,A5093845532,A5051652099,5,0,1,0,1,0,4.9558270576012609,2.7472709142554912,,0,0,0,0,3
2024.acl-long.617,2024,W4402672011,A5100711140,A5101881857,6,0,1,0,1,0,6.7226297948554485,3.4552646029324312,,0,1,0,1,3
2024.acl-long.618,2024,W4402671624,A5103253154,A5076043215,6,0,1,0,1,0,6.7214257007906433,3.8103593516516456,,0,0,0,0,3
2024.acl-long.619,2024,W4402671986,A5077143311,A5107489276,5,1,1,1,1,1,5.8971538676367405,0.58778666490211906,14.324326764202445,0,1,0,1,3
2024.acl-long.62,2024,W4402671941,A5100729939,A5102018239,7,0,1,0,1,0,8.9545444883867233,4.9668326714378628,,0,0,0,0,3
2024.acl-long.622,2024,W4402671609,A5003344157,A5045548213,4,0,1,0,1,0,5.8171111599632042,1.7491998548092591,,0,0,0,0,3
2024.acl-long.623,2024,W4402671542,A5101315025,A5100421407,4,0,1,0,1,0,6.866933284461882,3.0081547935525483,,0,0,0,0,3
2024.acl-long.625,2024,W4402671576,A5112119688,A5019108029,9,0,1,0,1,0,8.1789193328483965,3.9827920763163531,,0,1,0,1,3
2024.acl-long.626,2024,W4402671706,A5012222812,A5111215484,6,0,1,0,1,0,5.2094861528414214,1.2992829841302609,,1,0,0,1,3
2024.acl-long.627,2024,W4402671589,A5062115445,A5024849044,6,0,1,0,1,0,7.2420823592569619,3.8029519103737841,,0,0,0,0,3
2024.acl-long.630,2024,W4402671579,A5073276043,A5042251906,5,0,1,0,1,0,8.3532614997338737,3.7184382563554808,,0,0,0,0,3
2024.acl-long.631,2024,W4402671989,A5049663232,A5101609813,6,0,1,0,1,0,7.215975002651466,3.7573166156671647,,0,0,0,0,3
2024.acl-long.632,2024,W4402672002,A5102763494,A5002316432,4,1,1,1,1,1,6.8035052576083377,3.8554526539397518,7.6314316645769056,0,0,0,0,3
2024.acl-long.633,2024,W4402671662,A5104436927,A5001890875,3,1,1,1,1,1,7.7406644019172415,3.5165082281731497,11.961501146802345,0,0,0,0,3
2024.acl-long.637,2024,W4402671924,A5084087443,A5042305211,4,0,1,0,1,0,6.2633982625916236,3.2088254890146994,,0,0,0,0,3
2024.acl-long.639,2024,W4402671616,A5101599249,A5089404640,6,0,1,0,1,0,8.9635442919967439,4.8012850649143815,,0,0,0,0,3
2024.acl-long.64,2024,W4402672087,A5038194411,A5012141433,6,1,1,1,1,1,5.6970934865054046,2.3353749158170367,10.880478197509904,0,0,0,0,3
2024.acl-long.641,2024,W4402672015,A5030953897,A5082384108,4,0,1,0,1,0,7.3658128372094724,3.7013019741124928,,0,0,0,0,3
2024.acl-long.642,2024,W4402672004,A5100712156,A5014662947,6,1,1,1,1,1,9.3615151997733008,4.3882571844245177,8.7887458819381354,0,1,0,1,3
2024.acl-long.643,2024,W4402671561,A5048562175,A5002275070,3,0,1,0,1,0,6.4101748819661672,2.9087208965643612,,0,0,0,0,3
2024.acl-long.644,2024,W4402672047,A5100427174,A5046448314,12,0,1,0,1,0,9.1025324193418768,4.218281463452862,,0,0,0,0,3
2024.acl-long.646,2024,W4402672019,A5114176482,A5100382077,7,0,1,0,1,0,8.8623419635163465,4.2257904483556024,,0,0,0,0,3
2024.acl-long.649,2024,W4402672000,A5038126242,A5040564747,2,1,1,1,1,1,5.3659760150218512,3.4657359027997265,9.2358131679492139,0,0,0,0,3
2024.acl-long.653,2024,W4402684004,A5035599291,A5044462851,2,0,1,0,1,0,5.7493929859082531,2.19722457733622,,0,0,0,0,3
2024.acl-long.658,2024,W4402684080,A5059253391,A5100412937,4,0,1,0,1,0,8.4684230270468088,4.7251729783827878,,1,0,0,1,3
2024.acl-long.66,2024,W4402671909,A5100301317,A5017671620,7,0,1,0,1,0,7.4483338608974758,3.5795427900764705,,1,0,0,1,3
2024.acl-long.663,2024,W4402671992,A5109240347,A5103103242,5,0,1,0,1,0,7.1623974973557178,3.3534067178258069,,0,0,0,0,3
2024.acl-long.668,2024,W4402671891,A5100412329,A5044791875,7,0,1,0,1,0,8.7479874016609696,4.0202365900683787,,0,0,0,0,3
2024.acl-long.669,2024,W4402671699,A5017343435,A5061951606,4,0,1,0,1,0,7.3581937527330323,4.3502779363593014,,0,1,0,1,3
2024.acl-long.670,2024,W4402672016,A5100579319,A5013041264,7,0,1,0,1,0,8.9085593751449004,4.4308167988433134,,0,0,0,0,3
2024.acl-long.673,2024,W4402672020,A5075735963,A5004717608,5,0,1,0,1,0,8.268218880067506,3.951243718581428,,1,0,0,1,3
2024.acl-long.674,2024,W4402672003,A5059969678,A5068508539,8,0,1,0,1,0,8.3126260256749624,3.146305132033365,,0,0,0,0,3
2024.acl-long.678,2024,W4402671659,A5030482460,A5050499655,8,0,1,0,1,0,7.0942348459247553,2.4531579514734201,,0,1,0,1,3
2024.acl-long.679,2024,W4402671548,A5034370385,A5100760570,4,0,1,0,1,0,9.5884342832882155,4.4308167988433134,,1,0,0,1,3
2024.acl-long.680,2024,W4402671693,A5074181157,A5004629670,3,0,1,0,1,0,6.9027427371585928,3.957633516680199,,1,0,0,1,3
2024.acl-long.681,2024,W4402671987,A5031013766,A5028220093,13,0,1,0,1,0,7.4217757936446471,2.9484793887034453,,1,0,0,1,3
2024.acl-long.684,2024,W4402671530,A5080617925,A5056142478,7,0,1,0,1,0,8.3866288213951208,3.5305534028761976,,0,0,0,0,3
2024.acl-long.685,2024,W4402671518,A5100591333,A5066326238,7,0,1,0,1,0,6.6346333578616861,3.044522437723423,,0,0,0,0,3
2024.acl-long.687,2024,W4402670993,A5002677630,A5034154991,5,0,1,0,1,0,4.5643481914678361,2.379546134130174,,0,0,0,0,3
2024.acl-long.69,2024,W4402671890,A5101277552,A5101981128,6,0,1,0,1,0,7.3218497137883558,3.1498829533812494,,0,0,0,0,3
2024.acl-long.690,2024,W4402684001,A5012852417,A5054858013,8,0,1,0,1,0,8.0186254650457496,3.0265039322207445,,0,0,0,0,3
2024.acl-long.691,2024,W4402671031,A5009882700,A5004629670,3,1,1,1,1,1,6.9027427371585928,3.8501476017100575,10.628617778949124,0,0,0,0,3
2024.acl-long.695,2024,W4402671010,A5101837435,A5046448314,7,0,1,0,1,0,9.1025324193418768,4.666130885777779,,0,0,0,0,3
2024.acl-long.696,2024,W4402671283,A5113257052,A5102220317,10,0,0.90909090909090917,0,1,0,7.5548585210406758,3.1654750481410856,,1,0,0,1,3
2024.acl-long.698,2024,W4402671303,A5019518319,A5079082609,8,1,1,1,1,1,7.5390270558239951,3.3758795736778651,12.67069306124702,0,0,0,0,3
2024.acl-long.7,2024,W4402667003,A5036368309,A5105346323,7,0,1,0,1,0,7.1569563646156364,3.2798365246578882,,1,0,0,1,3
2024.acl-long.70,2024,W4402671950,A5020456783,A5009435651,17,0,1,0,1,0,8.3363904805915521,3.3088240615311402,,0,0,0,0,3
2024.acl-long.700,2024,W4402671040,A5109678731,A5024109615,2,1,1,1,1,1,5.6312117818213654,3.0910424533583161,12.694127982852375,0,0,0,0,3
2024.acl-long.701,2024,W4402684003,A5038732616,A5013431623,5,1,1,1,1,1,7.2019163175316274,3.8416005411316001,13.704678433653813,0,0,0,0,3
2024.acl-long.704,2024,W4402671297,A5091491018,A5044042138,12,0,1,0,1,0,8.7479874016609696,3.9765615265657175,,0,1,0,1,3
2024.acl-long.707,2024,W4402670984,A5111315441,A5115602422,9,0,1,0,1,0,7.3297496890415124,3.5489786132039338,,0,0,0,0,3
2024.acl-long.708,2024,W4402670983,A5101969785,A5108716993,6,0,1,0,1,0,7.3085427975391903,3.2451931331855741,,0,0,0,0,3
2024.acl-long.71,2024,W4402672112,A5010274969,A5010558184,5,0,1,0,1,0,7.1066061377273027,4.0324691585040133,,0,1,0,1,3
2024.acl-long.710,2024,W4402671120,A5081841143,A5037674585,6,0,1,0,1,0,6.1420374055873559,3.2386784521643803,,0,0,0,0,3
2024.acl-long.712,2024,W4402671123,A5053147986,A5070589644,3,0,1,0,1,0,6.2595814640649232,3.2054528045360602,,0,0,0,0,3
2024.acl-long.715,2024,W4402671191,A5100676458,A5074250521,4,0,1,0,1,0,7.9294865233142895,4.4485163759427149,,1,0,0,1,3
2024.acl-long.716,2024,W4402671514,A5101934479,A5048237545,6,0,1,0,1,0,8.5987731784086598,4.2508733644543266,,0,0,0,0,3
2024.acl-long.718,2024,W4402671128,A5073199348,A5070829652,2,0,1,0,1,0,6.8834625864130921,3.9889840465642745,,0,0,0,0,3
2024.acl-long.719,2024,W4402671176,A5038321620,A5035983004,4,0,1,0,1,0,5.978885764901122,3.1780538303479458,,0,0,0,0,3
2024.acl-long.72,2024,W4402672070,A5026258275,A5020880385,6,0,1,0,1,0,7.3472997007431644,3.4812400893356918,,0,1,0,1,3
2024.acl-long.720,2024,W4402671211,A5114170132,A5051209739,5,0,0.83333333333333337,0,1,0,6.9216581841511289,3.7658404952500648,,1,0,0,1,3
2024.acl-long.721,2024,W4402683998,A5101730153,A5092103976,6,0,1,0,1,0,6.6770834612471361,2.5123056239761148,,0,0,0,0,3
2024.acl-long.722,2024,W4402671132,A5036629993,A5026648049,3,2,1,1,1,1,8.1335874176609657,3.6720723357975551,13.274045298066172,1,0,0,1,3
2024.acl-long.723,2024,W4402671522,A5057334528,A5009985839,5,0,1,0,1,0,7.6989361998134473,3.2503744919275719,,0,0,0,0,3
2024.acl-long.724,2024,W4402671015,A5111315441,A5100716276,5,0,1,0,1,0,6.6580110458707482,2.5952547069568657,,0,0,0,0,3
2024.acl-long.725,2024,W4402670979,A5040551805,A5036737229,4,0,1,0,1,0,6.0753460310886842,2.5839975524322312,,0,0,0,0,3
2024.acl-long.727,2024,W4402684037,A5111228865,A5100402911,5,0,1,0,1,0,7.7497534062744373,4.0604430105464191,,0,0,0,0,3
2024.acl-long.729,2024,W4402671293,A5113748856,A5100721790,4,0,0.80000000000000004,0,1,0,7.9599745280805356,2.8033603809065348,,1,0,0,1,3
2024.acl-long.730,2024,W4402671111,A5087634233,A5024873601,5,1,1,1,1,1,5.3752784076841653,2.8449093838194077,13.368987489998224,0,0,0,0,3
2024.acl-long.731,2024,W4402671049,A5014045777,A5103054516,5,0,1,0,1,0,6.4329400927391793,2.6810215287142909,,0,0,0,0,3
2024.acl-long.732,2024,W4402671119,A5012304143,A5042467880,7,0,1,0,1,0,6.6770834612471361,2.6592600369327779,,1,0,0,1,3
2024.acl-long.733,2024,W4402671199,A5102904447,A5079260216,5,0,1,0,1,0,7.8995244720321978,4.1042948930752692,,0,0,0,0,3
2024.acl-long.734,2024,W4402671210,A5030083193,A5031492664,4,0,1,0,1,0,5.4380793089231956,2.9575110607337933,,1,0,0,1,3
2024.acl-long.735,2024,W4402671005,A5069561378,A5049100391,4,1,1,1,1,1,7.0501225202690589,3.6109179126442239,10.647945527330499,0,0,0,0,3
2024.acl-long.736,2024,W4402671306,A5101183543,A5107249265,10,0,1,0,1,0,6.5424719605068047,2.5257286443082561,,0,0,0,0,3
2024.acl-long.738,2024,W4402671135,A5060070647,A5101488340,6,0,1,0,1,0,6.3716118472318568,2.917770732084279,,0,0,0,0,3
2024.acl-long.739,2024,W4402670989,A5106524687,A5083735830,8,0,1,0,1,0,7.4888529557334591,3.5695326964813701,,0,0,0,0,3
2024.acl-long.74,2024,W4402671885,A5107472264,A5107436248,5,0,1,0,1,0,0,0,,0,0,0,0,3
2024.acl-long.740,2024,W4402671495,A5088611866,A5039096905,3,1,1,1,1,1,6.4738906963522744,3.4446824936018943,13.037846341503284,1,0,0,1,3
2024.acl-long.741,2024,W4402671103,A5113067629,A5070905937,7,2,1,1,1,1,6.513230110912307,3.2525868822105126,12.67069306124702,0,0,0,0,3
2024.acl-long.747,2024,W4402684150,A5048025332,A5102952667,6,0,1,0,1,0,6.4846352356352517,2.9789251552376097,,0,0,0,0,3
2024.acl-long.748,2024,W4402684145,A5064742999,A5100786548,6,0,1,0,1,0,6.6187389835172192,2.5257286443082561,,0,0,0,0,3
2024.acl-long.749,2024,W4402671215,A5034269162,A5070905937,3,1,1,1,1,1,6.513230110912307,3.6109179126442239,13.037846341503284,0,0,0,0,3
2024.acl-long.75,2024,W4402671842,A5100742028,A5057170852,3,0,1,0,1,0,6.7178046950236912,3.4657359027997265,,1,0,0,1,3
2024.acl-long.751,2024,W4402671044,A5098767991,A5098767996,6,1,1,1,1,1,3.9318256327243257,1.2039728043259359,5.1059454739005803,0,0,0,0,3
2024.acl-long.752,2024,W4402671161,A5102791130,A5028868145,3,1,1,1,1,1,3.951243718581428,0.98082925301172619,11.901861382238287,0,0,0,0,3
2024.acl-long.757,2024,W4402671026,A5071019093,A5112445699,6,0,1,0,1,0,7.5893358231706172,3.3202283191284883,,0,1,0,1,3
2024.acl-long.758,2024,W4402684036,A5035658564,A5021827617,7,0,0.875,0,1,0,8.0668353144173359,4.28260085453587,,0,0,0,0,3
2024.acl-long.759,2024,W4402684014,A5043516996,A5018288181,4,0,1,0,1,0,7.1724245771248452,3.6243409329763652,,0,0,0,0,3
2024.acl-long.760,2024,W4402670982,A5075490667,A5000874697,3,0,1,0,1,0,6.1717005974109149,3.4446824936018943,,0,0,0,0,3
2024.acl-long.764,2024,W4402670995,A5020748220,A5028862918,15,0,1,0,1,0,8.0284551641142521,3.8155121050473024,,0,0,0,0,3
2024.acl-long.765,2024,W4402671098,A5036347329,A5034495880,3,1,1,1,1,1,5.0369526024136295,2.3978952727983707,11.028628166217061,0,0,0,0,3
2024.acl-long.766,2024,W4402684346,A5029412635,A5107835063,8,0,1,0,1,0,6.9707300781435251,3.3050535211092531,,0,1,0,1,3
2024.acl-long.767,2024,W4402671184,A5061863017,A5086877012,4,0,1,0,1,0,8.1842347740948203,3.6375861597263857,,0,1,0,1,3
2024.acl-long.768,2024,W4402684070,A5074311082,A5017455302,5,0,1,0,1,0,7.5379626597682083,3.218875824868201,,0,0,0,0,3
2024.acl-long.771,2024,W4402683985,A5089525702,A5023775139,6,0,1,0,1,0,7.5411524551363076,3.4285963558502699,,0,0,0,0,3
2024.acl-long.772,2024,W4402671160,A5066756258,A5082599714,8,0,1,0,1,0,7.9683195000127167,3.755369195382769,,1,0,0,1,3
2024.acl-long.774,2024,W4402671045,A5076577141,A5051064208,3,1,1,1,1,1,8.7969438935417372,3.9053340172773492,13.095869493498403,0,1,0,1,3
2024.acl-long.775,2024,W4402671151,A5100440281,A5100453144,7,0,1,0,1,0,8.5377798250246251,4.3855917008383782,,0,0,0,0,3
2024.acl-long.776,2024,W4402670999,A5055648957,A5044665993,8,0,1,0,1,0,8.4149389573774815,4.0027773686966102,,0,0,0,0,3
2024.acl-long.779,2024,W4402671526,A5026059050,A5013240918,9,0,1,0,1,0,8.8028231597418873,3.7791263319617134,,0,0,0,0,3
2024.acl-long.78,2024,W4402671965,A5114230316,A5042018181,4,0,1,0,1,0,8.6675079520751055,4.3470469157778551,,0,0,0,0,3
2024.acl-long.780,2024,W4402683969,A5100674546,A5059807664,3,0,1,0,1,0,6.4457198193855785,3.2708355637989119,,0,0,0,0,3
2024.acl-long.781,2024,W4402671170,A5062574320,A5103085805,6,1,1,1,1,1,6.9392539460415081,3.1780538303479458,9.9646767208485514,0,0,0,0,3
2024.acl-long.784,2024,W4402684012,A5024870765,A5041079942,4,0,1,0,1,0,7.2240248082858303,3.6506582412937383,,0,0,0,0,3
2024.acl-long.785,2024,W4402671301,A5082261951,A5042601761,3,1,1,1,1,1,8.3473534121243382,4.1484117834923762,4.0943445622221004,0,0,0,0,3
2024.acl-long.786,2024,W4402671287,A5039166924,A5062910836,6,0,1,0,1,0,7.3702306418070807,3.6888794541139358,,0,0,0,0,3
2024.acl-long.787,2024,W4402671179,A5019317146,A5042601761,5,0,1,0,1,0,8.3204481139565587,3.648057459593681,,0,0,0,0,3
2024.acl-long.788,2024,W4402671328,A5101607148,A5059859009,3,0,1,0,1,0,5.6204008657171496,3.0602707946915619,,0,0,0,0,3
2024.acl-long.791,2024,W4402671521,A5055616514,A5101541045,5,0,1,0,1,0,8.4383664108702661,3.9357395320454622,,0,0,0,0,3
2024.acl-long.793,2024,W4402684203,A5091957267,A5030414237,6,0,1,0,1,0,5.8607862234658654,3.0524276172305358,,0,0,0,0,3
2024.acl-long.794,2024,W4402671003,A5101773557,A5100348018,3,1,1,1,1,1,5.8435444170313602,2.8903717578961645,13.479542594176142,0,1,0,1,3
2024.acl-long.795,2024,W4402671197,A5085003328,A5027450194,3,0,1,0,1,0,7.4821189235521155,4.4465651558114523,,0,0,0,0,3
2024.acl-long.796,2024,W4402671339,A5084836777,A5065856469,16,0,1,0,1,0,8.8523788865119855,3.3801439724643232,,0,0,0,0,3
2024.acl-long.799,2024,W4402684243,A5016315389,A5053230169,9,1,1,1,1,1,7.8747391251718106,3.044522437723423,12.379319821048419,0,0,0,0,3
2024.acl-long.80,2024,W4402671990,A5036195690,A5107836252,3,0,1,0,1,0,7.5647570129057291,3.7216692769369271,,0,0,0,0,3
2024.acl-long.801,2024,W4402670985,A5108988102,A5009732907,7,0,1,0,1,0,7.6539691804787742,3.8286413964890951,,1,0,0,1,3
2024.acl-long.803,2024,W4402671255,A5109855717,A5016184654,3,3,1,1,1,1,6.6093492431673804,3.0285220963769821,13.591297685129538,0,1,0,1,3
2024.acl-long.804,2024,W4402671099,A5016443023,A5067919401,5,0,1,0,1,0,8.8675683332064423,3.9318256327243257,,0,1,0,1,3
2024.acl-long.805,2024,W4402683925,A5063537470,A5058408154,5,1,1,1,1,1,8.3626424315676395,3.7424202210419661,9.2358131679492139,0,0,0,0,3
2024.acl-long.806,2024,W4402671264,A5065612748,A5100616656,9,0,1,0,1,0,6.3835066348840055,2.367123614131617,,0,0,0,0,3
2024.acl-long.811,2024,W4402671195,A5083486137,A5023341829,6,0,1,0,1,0,7.7523351633022921,3.1849742731925192,,0,0,0,0,3
2024.acl-long.813,2024,W4402671494,A5114230310,A5076900864,8,0,1,0,1,0,6.4692503167957724,2.6827323931179201,,0,0,0,0,3
2024.acl-long.814,2024,W4402671334,A5101700692,A5046448314,11,1,1,1,1,1,9.1025324193418768,4.3077438220616324,14.383530928243507,0,0,0,0,3
2024.acl-long.816,2024,W4402671261,A5050023117,A5084505122,7,0,1,0,1,0,7.4223737009868236,3.2905318137746362,,0,0,0,0,3
2024.acl-long.817,2024,W4402671501,A5045636436,A5082069715,5,0,1,0,1,0,6.4937538398516859,3.2425923514855168,,0,0,0,0,3
2024.acl-long.819,2024,W4402671233,A5108153902,A5100355692,5,0,1,0,1,0,9.6990430786544035,5.3954440772787597,,0,0,0,0,3
2024.acl-long.82,2024,W4402671949,A5100933013,A5112445699,2,0,0.66666666666666663,0,1,0,6.2363695902037044,3.277144732992177,,0,0,0,0,3
2024.acl-long.821,2024,W4402684033,A5114042533,A5046413480,6,0,1,0,1,0,7.8648040033284596,3.881563797943437,,0,0,0,0,3
2024.acl-long.823,2024,W4402671517,A5101993944,A5005347029,4,0,1,0,1,0,5.389071729816501,2.0149030205422647,,0,0,0,0,3
2024.acl-long.824,2024,W4402671157,A5093974182,A5025851635,5,0,1,0,1,0,7.1180162044653335,3.0726933146901194,,0,0,0,0,3
2024.acl-long.825,2024,W4402671222,A5101154869,A5100644428,8,0,1,0,1,0,9.4699315642614383,4.5578164896046207,,0,1,0,1,3
2024.acl-long.828,2024,W4402671231,A5107607208,A5024073525,6,1,1,1,1,1,5.4161004022044201,1.6739764335716716,9.7239421386889244,0,0,0,0,3
2024.acl-long.83,2024,W4402672097,A5107377584,A5107472267,6,0,1,0,1,0,0,0,,1,0,0,1,3
2024.acl-long.831,2024,W4402671491,A5108897637,A5100389400,8,0,1,0,1,0,8.6736839881756698,3.8340614639584341,,0,0,0,0,3
2024.acl-long.834,2024,W4402671154,A5092048136,A5102825308,5,1,1,1,1,1,7.6338535596817678,4.282206299391671,10.87090856551189,0,0,0,0,3
2024.acl-long.838,2024,W4402671515,A5020192829,A5089085275,2,1,1,1,1,1,6.8772960714974287,3.9318256327243257,12.744517327372151,1,0,0,1,3
2024.acl-long.84,2024,W4402671921,A5049155292,A5102274699,3,1,1,1,1,1,6.584791392385716,3.784189633918261,12.181851671700754,1,0,0,1,3
2024.acl-long.840,2024,W4402671286,A5060844217,A5066588555,36,0,1,0,1,0,8.8675683332064423,3.4357777152589346,,0,1,0,1,3
2024.acl-long.841,2024,W4402671236,A5059265033,A5082305994,43,0,1,0,1,0,8.8675683332064423,3.4915623023596249,,0,0,0,0,3
2024.acl-long.842,2024,W4402671202,A5107607206,A5107525632,7,1,1,1,1,1,6.2065759267249279,1.9252908618525773,11.544695413059031,1,0,0,1,3
2024.acl-long.848,2024,W4402671525,A5101102719,A5058504936,6,0,1,0,1,0,7.5938778446051183,3.3956263366127,,0,0,0,0,3
2024.acl-long.849,2024,W4402671145,A5021857858,A5015579598,11,0,1,0,1,0,6.9716686047257896,3.0092764986617482,,0,0,0,0,3
2024.acl-long.851,2024,W4402684048,A5111334406,A5005908625,10,0,1,0,1,0,8.4896164236460034,4.1108738641733114,,0,0,0,0,3
2024.acl-long.853,2024,W4402671512,A5094008652,A5089413311,2,1,0.66666666666666663,1,1,1,8.5604442334105517,4.516338972281476,14.27033519193426,0,0,0,0,3
2024.acl-long.854,2024,W4402671332,A5048584098,A5043262011,2,0,1,0,1,0,6.1047932324149849,3.784189633918261,,0,0,0,0,3
2024.acl-long.857,2024,W4402671041,A5026648049,A5078548563,6,0,1,0,1,0,8.1335874176609657,2.9873640238834742,,0,0,0,0,3
2024.acl-long.859,2024,W4402671258,A5100325952,A5071515223,4,0,1,0,1,0,6.3315018498936908,3.2386784521643803,,0,1,0,1,3
2024.acl-long.86,2024,W4402671929,A5100420220,A5065696059,6,0,1,0,1,0,7.6420444028732577,3.5409593240373143,,0,1,0,1,3
2024.acl-long.860,2024,W4402671204,A5100376688,A5038798134,7,0,1,0,1,0,6.9460139910992273,2.9885637840753785,,0,0,1,1,3
2024.acl-long.862,2024,W4402671169,A5037533418,A5070905937,3,0,0.75,0,1,0,6.513230110912307,3.6971782569286313,,1,0,0,1,3
2024.acl-long.864,2024,W4402671235,A5102205617,A5075033889,8,1,1,1,1,1,7.8236459308349522,4.3274384443894789,13.206820327956285,1,1,0,1,3
2024.acl-long.87,2024,W4402671920,A5101798380,A5089404640,6,0,1,0,1,0,8.9635442919967439,4.105394398408686,,0,0,0,0,3
2024.acl-long.89,2024,W4402671954,A5009419515,A5089642905,5,0,1,0,1,0,7.3796321526095516,3.3534067178258069,,0,0,0,0,3
2024.acl-long.9,2024,W4402667139,A5101749108,A5101853761,7,0,1,0,1,0,7.8898337513942947,4.4724547868808981,,0,1,0,1,3
2024.acl-long.90,2024,W4402671860,A5011405593,A5004444958,2,0,1,0,1,0,4.5108595065168497,2.8033603809065348,,0,1,0,1,3
2024.acl-long.91,2024,W4402671835,A5070156365,A5032760128,7,1,1,1,1,1,7.9844627322621964,4.1655571904473652,8.7887458819381354,0,0,0,0,3
2024.acl-long.93,2024,W4402671926,A5111097308,A5018254776,8,0,1,0,1,0,7.5480289699350145,3.0796137575346929,,0,0,0,0,3
2024.acl-long.96,2024,W4402672107,A5100318172,A5025565222,2,0,1,0,1,0,6.1092475827643655,3.7954891891721942,,0,1,0,1,3
2024.acl-long.97,2024,W4402671981,A5086260915,A5101633403,5,0,1,0,1,0,5.7651911027848444,3.2657594107670511,,0,1,0,1,3
2024.emnlp-main.1,2024,W4404782920,A5101772444,A5016930939,5,0,1,0,1,0,5.8318824772835169,2.341805806147327,,0,0,0,0,3
2024.emnlp-main.1000,2024,W4404781991,A5018172077,A5082438677,5,1,1,1,1,1,5.579729825986222,2.5014359517392109,3.9889840465642745,0,0,0,0,3
2024.emnlp-main.1003,2024,W4404782241,A5101460433,A5034536222,8,0,0.88888888888888884,0,1,0,7.9017475185201436,3.634291263829533,,0,0,0,0,3
2024.emnlp-main.1007,2024,W4404782267,A5101403540,A5005431772,5,1,1,1,1,1,8.7502078625257109,3.7565381025877511,14.27033519193426,0,0,0,0,3
2024.emnlp-main.1008,2024,W4404782086,A5079445397,A5074059447,6,0,1,0,1,0,7.3414838523631607,3.0204248861443626,,0,0,0,0,3
2024.emnlp-main.1010,2024,W4404781935,A5062529453,A5101698034,5,1,1,1,1,1,7.0457765768795113,3.951243718581428,12.307116357182259,0,0,0,0,3
2024.emnlp-main.1013,2024,W4404782504,A5051082988,A5076610826,2,1,1,1,1,1,5.9401712527204316,3.068052935133617,12.742671273662859,1,0,0,1,3
2024.emnlp-main.1014,2024,W4404782637,A5056645742,A5100413782,6,0,1,0,1,0,7.5771219308766788,3.4965075614664798,,0,0,0,0,3
2024.emnlp-main.1015,2024,W4404782325,A5101959288,A5114847628,8,0,1,0,1,0,6.7673431252653922,2.9957322735539909,,1,0,0,1,3
2024.emnlp-main.1016,2024,W4404782034,A5100761346,A5050248676,5,0,1,0,1,0,7.1090621356871724,3.5438536820636788,,0,1,0,1,3
2024.emnlp-main.1017,2024,W4404782222,A5105424540,A5101894267,3,1,1,1,1,1,3.5553480614894131,2.367123614131617,12.223809414920389,0,0,0,0,3
2024.emnlp-main.1018,2024,W4404782902,A5050705971,A5115602018,4,1,1,1,1,1,6.5424719605068047,3.1245651453969594,8.2661644366124918,0,0,0,0,3
2024.emnlp-main.102,2024,W4404782795,A5102676486,A5056336684,4,1,1,1,1,1,7.4217757936446471,3.1135153092103742,8.3118895582303587,0,0,0,0,3
2024.emnlp-main.1021,2024,W4404782657,A5001819483,A5034154991,4,5,1,1,1,1,4.5643481914678361,2.7080502011022101,12.776029070034911,0,0,0,0,3
2024.emnlp-main.1023,2024,W4404782436,A5088933673,A5100389900,8,0,0.88888888888888884,0,1,0,7.9327210274819482,4.4687775610825362,,0,0,0,0,3
2024.emnlp-main.1030,2024,W4404782956,A5114425534,A5002602581,4,1,1,1,1,1,4.5951198501345898,1.6094379124341005,10.628617778949124,0,0,0,0,3
2024.emnlp-main.1031,2024,W4404782575,A5112291384,A5073706887,4,0,1,0,1,0,5.0106352940962564,2.6567569067146595,,0,0,0,0,3
2024.emnlp-main.1036,2024,W4404782119,A5100723873,A5102033205,6,0,1,0,1,0,7.1974353540965907,3.0985896589936988,,0,0,0,0,3
2024.emnlp-main.1037,2024,W4404781963,A5077582679,A5079214290,6,0,1,0,1,0,5.4680601411351324,2.120263536200091,,1,0,0,1,3
2024.emnlp-main.1038,2024,W4404782019,A5112126770,A5103211926,5,0,1,0,1,0,6.0426328336823811,3.1090609588609941,,0,0,0,0,3
2024.emnlp-main.1040,2024,W4404781993,A5099282295,A5065100828,6,0,1,0,1,0,7.5358304627983674,3.957633516680199,,0,0,0,0,3
2024.emnlp-main.1043,2024,W4404782921,A5084299373,A5007903277,5,1,1,1,1,1,7.6415644412609716,3.4404180948154366,12.482639421319544,0,0,0,0,3
2024.emnlp-main.1044,2024,W4404782949,A5071986193,A5015876016,3,2,1,1,1,1,5.8081424899804439,2.7300291078209851,14.187762842686212,0,0,0,0,3
2024.emnlp-main.1045,2024,W4404782420,A5067089014,A5090095198,3,1,1,1,1,1,6.7310181004820828,3.6109179126442239,10.747272105623404,0,0,0,0,3
2024.emnlp-main.1047,2024,W4404782569,A5006893719,A5089452138,6,0,1,0,1,0,7.3581937527330323,3.7954891891721942,,0,0,0,0,3
2024.emnlp-main.1048,2024,W4404782722,A5102649916,A5065728469,5,1,1,1,1,1,4.9972122737641147,2.0541237336955462,13.368987489998224,1,0,0,1,3
2024.emnlp-main.1049,2024,W4404782384,A5102849773,A5102510525,3,0,1,0,1,0,5.7004435733906869,3.5742165457937962,,0,0,0,0,3
2024.emnlp-main.1052,2024,W4404782698,A5005391755,A5101926384,5,0,1,0,1,0,6.9856418176392081,3.1863526331626408,,0,0,0,0,3
2024.emnlp-main.1053,2024,W4404782003,A5100535604,A5070078654,5,0,1,0,1,0,6.8068293603921761,3.2347491740244907,,0,0,0,0,3
2024.emnlp-main.1055,2024,W4404782647,A5002084118,A5093081501,3,0,1,0,1,0,2.7725887222397811,1.5404450409471488,,0,0,0,0,3
2024.emnlp-main.1056,2024,W4404782578,A5028038406,A5082557743,4,0,1,0,1,0,4.5747109785033828,1.8718021769015916,,1,0,0,1,3
2024.emnlp-main.1058,2024,W4404781947,A5006755579,A5102020193,2,0,0.40000000000000002,0,1,0,7.02197642307216,3.8501476017100575,,0,0,0,0,3
2024.emnlp-main.1061,2024,W4404782557,A5004353809,A5012290807,4,0,1,0,1,0,6.9957661563048505,3.1354942159291497,,0,0,0,0,3
2024.emnlp-main.1062,2024,W4404782465,A5103270753,A5100606266,5,0,1,0,1,0,8.371936178759098,4.389498649512583,,1,0,0,1,3
2024.emnlp-main.1066,2024,W4404782258,A5050407048,A5061340195,3,0,1,0,1,0,6.9027427371585928,3.8849943330402268,,0,0,0,0,3
2024.emnlp-main.1068,2024,W4404782176,A5039069889,A5104346656,7,0,1,0,1,0,7.7997533182872472,3.18398856586776,,1,1,0,1,3
2024.emnlp-main.107,2024,W4404782777,A5100354966,A5036357902,4,0,1,0,1,0,9.8173303560849536,5.1662135259146993,,0,0,0,0,3
2024.emnlp-main.1070,2024,W4404782655,A5100337591,A5100319572,6,0,1,0,1,0,6.8977049431286357,3.7054087560651463,,0,0,0,0,3
2024.emnlp-main.1073,2024,W4404782298,A5088296414,A5005443526,5,0,1,0,1,0,8.3767810376994927,3.7328963395307104,,0,0,0,0,3
2024.emnlp-main.1074,2024,W4404782043,A5103133511,A5025057192,5,0,1,0,1,0,7.0958932210975316,3.9278963545844361,,1,1,0,1,3
2024.emnlp-main.1075,2024,W4404782023,A5101882561,A5036069974,13,0,1,0,1,0,9.4865316777124633,3.6314947703329841,,0,0,0,0,3
2024.emnlp-main.1076,2024,W4404782070,A5054327489,A5089085275,2,0,1,0,1,0,6.8772960714974287,3.881563797943437,,0,0,0,0,3
2024.emnlp-main.1077,2024,W4404781932,A5064437096,A5110250940,5,0,1,0,1,0,6.513230110912307,2.7850112422383382,,0,0,0,0,3
2024.emnlp-main.1080,2024,W4404783103,A5113067487,A5030546839,4,0,1,0,1,0,4.5643481914678361,2.6567569067146595,,0,0,0,0,3
2024.emnlp-main.1081,2024,W4404782293,A5099230669,A5048403564,3,0,1,0,1,0,5.4071717714601188,2.19722457733622,,0,0,0,0,3
2024.emnlp-main.1085,2024,W4404782740,A5059618221,A5053850863,10,0,1,0,1,0,8.1939530235637417,3.8979240810486449,,0,0,0,0,3
2024.emnlp-main.1087,2024,W4404782712,A5045551176,A5045551176,1,4,1,1,1,1,2.8332133440562162,2.7725887222397811,14.888984509721684,0,0,0,0,3
2024.emnlp-main.1089,2024,W4404782837,A5106763320,A5034070218,3,0,1,0,1,0,5.3844950627890888,2.9789251552376097,,0,0,0,0,3
2024.emnlp-main.1091,2024,W4404782747,A5113047111,A5090095198,2,2,1,1,1,1,6.7310181004820828,3.597312260588446,13.490969461374997,0,0,0,0,3
2024.emnlp-main.1092,2024,W4404781948,A5077675515,A5004194238,4,0,1,0,1,0,8.0580108008020854,4.5591262474866845,,0,0,0,0,3
2024.emnlp-main.1094,2024,W4404782723,A5100629082,A5095740148,5,1,1,1,1,1,6.2989492468559423,2.4336133554004498,13.989484032951566,1,0,0,1,3
2024.emnlp-main.1095,2024,W4404782790,A5092596168,A5007426895,3,0,1,0,1,0,5.8749307308520304,3.3672958299864741,,0,0,0,0,3
2024.emnlp-main.1098,2024,W4404782866,A5058838634,A5086289154,3,0,1,0,1,0,6.9650803456014074,4.0371861483821521,,0,0,0,0,3
2024.emnlp-main.1099,2024,W4404782607,A5055844022,A5067301751,4,0,1,0,1,0,5.3033049080590757,2.4638532405901681,,0,0,0,0,3
2024.emnlp-main.110,2024,W4404782870,A5094185904,A5100748638,5,0,1,0,1,0,5.9480349891806457,2.360854001118021,,0,0,0,0,3
2024.emnlp-main.1100,2024,W4404782589,A5022885986,A5009625151,3,1,1,1,1,1,5.5093883366279774,2.5389738710582761,13.698863252122557,0,0,0,0,3
2024.emnlp-main.1103,2024,W4404782314,A5092596242,A5030146543,5,0,1,0,1,0,7.2100796281707877,2.8094026953624978,,0,0,0,0,3
2024.emnlp-main.1106,2024,W4404782477,A5106524687,A5033589742,6,0,1,0,1,0,7.399398083331354,4.0042982815373174,,0,0,0,0,3
2024.emnlp-main.1109,2024,W4404782110,A5020275657,A5101268756,8,0,1,0,1,0,6.7310181004820828,2.12525107771113,,0,0,0,0,3
2024.emnlp-main.1111,2024,W4404782080,A5111341593,A5083735830,8,0,1,0,1,0,7.4888529557334591,3.0738500528179431,,0,0,0,0,3
2024.emnlp-main.1114,2024,W4404782910,A5010727771,A5021057186,5,0,1,0,1,0,7.2196420401307346,3.7932394694381792,,0,0,0,0,3
2024.emnlp-main.1115,2024,W4404782621,A5101926391,A5102462376,3,0,1,0,1,0,5.602118820879701,2.8716796248840124,,0,0,0,0,3
2024.emnlp-main.1116,2024,W4404782863,A5108124525,A5040508737,3,1,1,1,1,1,8.1684864171266813,4.5747109785033828,12.742671273662859,0,0,0,0,3
2024.emnlp-main.1118,2024,W4404782360,A5100437453,A5100437453,1,1,0.5,1,1,1,8.1338808879492071,3.8286413964890951,13.984500306482358,1,0,0,1,3
2024.emnlp-main.112,2024,W4404782963,A5100358591,A5101488344,8,0,1,0,1,0,8.174702882469461,3.9070104636046019,,0,0,0,0,3
2024.emnlp-main.1120,2024,W4404781981,A5050356972,A5100609882,7,3,1,1,1,1,5.6312117818213654,2.4967411074350032,13.852275373252258,0,0,0,0,3
2024.emnlp-main.1121,2024,W4404781977,A5101428872,A5000755750,7,0,1,0,1,0,8.513787398281405,3.4567672328169663,,1,0,0,1,3
2024.emnlp-main.1122,2024,W4404782439,A5100494578,A5025254950,5,0,1,0,1,0,5.916202062607435,2.5952547069568657,,0,0,0,0,3
2024.emnlp-main.1123,2024,W4404782901,A5046054327,A5086289154,4,0,1,0,1,0,6.9650803456014074,3.5765502691400166,,0,0,0,0,3
2024.emnlp-main.1125,2024,W4404782100,A5027116633,A5002577142,5,0,1,0,1,0,8.3204481139565587,3.2657594107670511,,0,0,0,0,3
2024.emnlp-main.1129,2024,W4404782914,A5067355061,A5002316432,4,0,1,0,1,0,6.8035052576083377,3.6635616461296463,,0,0,0,0,3
2024.emnlp-main.113,2024,W4404782853,A5064109244,A5067943980,3,0,1,0,1,0,7.007600613951853,3.4965075614664798,,0,0,0,0,3
2024.emnlp-main.1131,2024,W4404782537,A5077286641,A5006709668,6,0,0.75,0,1,0,8.5852256018080642,4.1614838650597292,,0,0,0,0,3
2024.emnlp-main.1132,2024,W4404781898,A5032131431,A5091757734,2,2,1,1,1,1,5.4249500174814029,2.8332133440562162,7.8461988154974254,0,1,1,1,3
2024.emnlp-main.1134,2024,W4404782414,A5097450388,A5008944385,4,0,0.80000000000000004,0,1,0,6.0844994130751724,2.8903717578961645,,0,0,0,0,3
2024.emnlp-main.1136,2024,W4404782450,A5069529357,A5062879885,3,0,1,0,1,0,5.9864520052844377,2.6855773452501515,,0,0,0,0,3
2024.emnlp-main.1137,2024,W4404781913,A5031504695,A5026638047,5,2,1,1,1,1,6.8997231072848724,3.2347491740244907,13.989484032951566,0,1,0,1,3
2024.emnlp-main.1138,2024,W4404782423,A5109744170,A5030304400,6,0,1,0,1,0,6.7190131543852596,3.068052935133617,,0,0,0,0,3
2024.emnlp-main.1141,2024,W4404782152,A5052960352,A5035399743,4,0,0.66666666666666663,0,1,0,8.1599466555785476,4.3726074127573904,,1,0,0,1,3
2024.emnlp-main.1144,2024,W4404781907,A5045401193,A5000755750,4,0,1,0,1,0,8.513787398281405,4.3241326562549789,,0,0,0,0,3
2024.emnlp-main.1145,2024,W4404782381,A5052683772,A5054771988,4,0,1,0,1,0,6.3578422665080998,2.8332133440562162,,0,0,0,0,3
2024.emnlp-main.1148,2024,W4404782716,A5039076312,A5101419086,2,0,0.5,0,1,0,7.4742048064961244,4.5695430083449402,,1,0,0,1,3
2024.emnlp-main.115,2024,W4404783237,A5071526907,A5100618695,7,0,0.875,0,1,0,6.8200163646741299,2.7362210780689065,,0,1,0,1,3
2024.emnlp-main.1150,2024,W4404782687,A5013030168,A5114847672,2,0,1,0,1,0,2.0794415416798362,0.40546510810816438,,0,0,0,0,3
2024.emnlp-main.1151,2024,W4404782634,A5009838940,A5075621328,2,1,1,1,1,1,3.6375861597263857,2.5649493574615367,10.527847197669088,0,0,0,0,3
2024.emnlp-main.1153,2024,W4404782063,A5101530945,A5100393157,4,1,1,1,1,1,5.9738096118692612,3.044522437723423,12.531783615435735,0,0,0,0,3
2024.emnlp-main.1154,2024,W4404782145,A5102019411,A5101567181,10,1,1,1,1,1,6.3062752869480159,3.0864866368224551,8.7887458819381354,0,0,0,0,3
2024.emnlp-main.1156,2024,W4404782865,A5100525887,A5022014033,5,0,1,0,1,0,7.1316985104669124,3.5610460826040518,,0,0,0,0,3
2024.emnlp-main.1157,2024,W4404782646,,,0,0,0,0,0,0,,,,0,0,0,0,3
2024.emnlp-main.1159,2024,W4404782608,A5093073363,A5011914487,7,0,1,0,1,0,6.7345916599729483,2.9957322735539909,,0,0,0,0,3
2024.emnlp-main.1164,2024,W4404782163,A5113034676,A5101889948,8,0,1,0,1,0,6.3261494731550991,2.5455312716044349,,0,0,0,0,3
2024.emnlp-main.1168,2024,W4404782328,A5076808820,A5109059955,4,0,1,0,1,0,5.5872486584002496,3.218875824868201,,0,1,0,1,3
2024.emnlp-main.1169,2024,W4404782860,A5075168326,A5044665993,10,0,0.90909090909090917,0,1,0,8.4149389573774815,3.7704594411063592,,0,0,0,0,3
2024.emnlp-main.117,2024,W4404783513,A5100433691,A5079260216,8,1,1,1,1,1,9.0446399161984647,4.5695430083449402,12.83150827621705,0,0,0,0,3
2024.emnlp-main.1171,2024,W4404781768,A5102785209,A5004037873,3,0,1,0,1,0,6.6567265241783913,3.2054528045360602,,0,0,0,0,3
2024.emnlp-main.1172,2024,W4404782596,A5061977643,A5085370631,3,1,1,1,1,1,7.7523351633022921,4.1640779002367756,10.564550494623225,0,0,0,0,3
2024.emnlp-main.1176,2024,W4404781955,A5043091430,A5029074038,7,0,1,0,1,0,7.2167094867094574,3.1478400517514489,,0,1,0,1,3
2024.emnlp-main.1177,2024,W4404782295,A5070412209,A5102396915,4,0,1,0,1,0,6.1675164908883415,3.6041382256588457,,0,0,0,0,3
2024.emnlp-main.1178,2024,W4404782803,A5101448708,A5102396915,3,1,1,1,1,1,5.7004435733906869,3.5065578973199818,10.233654236594065,0,0,0,0,3
2024.emnlp-main.1179,2024,W4404782107,A5100428898,A5084814930,4,0,1,0,1,0,6.9603477291013078,3.157000421150113,,0,0,0,0,3
2024.emnlp-main.1183,2024,W4404781950,A5029151960,A5039035898,9,0,1,0,1,0,7.222566018822171,3.1060803307228562,,0,1,0,1,3
2024.emnlp-main.1185,2024,W4404782424,A5053892943,A5082384108,7,0,1,0,1,0,7.3658128372094724,3.6375861597263857,,0,0,0,0,3
2024.emnlp-main.1186,2024,W4404782826,A5056524946,A5065059558,4,0,1,0,1,0,7.5574729016147462,4.287028906051602,,0,0,0,0,3
2024.emnlp-main.1187,2024,W4404782789,A5076908328,A5100453156,8,0,1,0,1,0,7.6921133395954664,3.0385522707369192,,0,0,0,0,3
2024.emnlp-main.1188,2024,W4404782769,A5109379051,A5084505122,4,0,1,0,1,0,7.4223737009868236,3.3758795736778651,,1,0,0,1,3
2024.emnlp-main.119,2024,W4404783547,A5021447356,A5101523174,8,0,1,0,1,0,6.7226297948554485,2.6912430827858289,,1,0,0,1,3
2024.emnlp-main.1191,2024,W4404782804,A5100659797,A5054858013,3,1,1,1,1,1,8.0186254650457496,3.6287755300442308,12.086816024680235,0,0,0,0,3
2024.emnlp-main.1192,2024,W4404781824,A5080881573,A5011077730,5,0,1,0,1,0,6.9304947659516261,3.1000922888782338,,0,0,0,0,3
2024.emnlp-main.1194,2024,W4404781906,A5040864261,A5076917278,5,0,1,0,1,0,7.2276624987286544,3.3672958299864741,,0,0,0,0,3
2024.emnlp-main.1196,2024,W4404782216,A5100414875,A5101648861,5,0,1,0,1,0,3.6109179126442239,1.791759469228055,,0,0,0,0,3
2024.emnlp-main.1197,2024,W4404782082,A5033848785,A5022688200,4,2,1,1,1,1,6.39024066706535,3.34109345759245,13.174849560017725,0,0,0,0,3
2024.emnlp-main.120,2024,W4404782695,A5047761390,A5100359810,4,0,1,0,1,0,6.826545223556594,3.0563568953704259,,0,0,0,0,3
2024.emnlp-main.1201,2024,W4404782402,A5083844220,A5092513269,4,0,1,0,1,0,7.4742048064961244,3.7727609380946383,,0,0,0,0,3
2024.emnlp-main.1202,2024,W4404782512,A5013238655,A5109693838,4,0,1,0,1,0,5.2094861528414214,2.862200880929469,,1,0,0,1,3
2024.emnlp-main.1203,2024,W4404782005,A5068186589,A5078541115,3,0,1,0,1,0,4.4543472962535073,2.9267394020670401,,0,0,0,0,3
2024.emnlp-main.1204,2024,W4404781821,A5068212804,A5067604451,7,0,1,0,1,0,5.768320995793772,3.0376964726530238,,0,0,0,0,3
2024.emnlp-main.1205,2024,W4404781926,A5101807032,A5007190337,7,0,1,0,1,0,6.62273632394984,3.3916279306460049,,0,0,0,0,3
2024.emnlp-main.1209,2024,W4404781975,A5007989522,A5081800468,7,0,1,0,1,0,8.527539483470381,3.951243718581428,,1,0,0,1,3
2024.emnlp-main.1211,2024,W4404782299,A5062672302,A5004629670,27,0,1,0,1,0,6.9911768871212097,2.6364083214436818,,0,0,0,0,3
2024.emnlp-main.1213,2024,W4404782041,A5109819802,A5109059955,3,0,1,0,1,0,5.0937502008067623,2.9957322735539909,,0,0,0,0,3
2024.emnlp-main.1214,2024,W4404782047,A5092457012,A5010949145,5,0,1,0,1,0,6.9994224675079613,3.1863526331626408,,0,0,0,0,3
2024.emnlp-main.1215,2024,W4404782118,A5100733204,A5074406596,4,0,1,0,1,0,7.1647203787718574,3.912023005428146,,0,0,0,0,3
2024.emnlp-main.1216,2024,W4404782159,A5032683446,A5024437840,4,0,1,0,1,0,8.3442673562626446,4.2801323269925415,,0,0,0,0,3
2024.emnlp-main.1218,2024,W4404781970,A5080589950,A5078390032,3,3,1,1,1,1,6.0730445341004051,3.5263605246161616,14.187762842686212,1,0,0,1,3
2024.emnlp-main.1221,2024,W4404782227,A5114337348,A5031426401,4,0,1,0,1,0,5.4249500174814029,2.3272777055844172,,0,0,0,0,3
2024.emnlp-main.1222,2024,W4404782343,A5010382904,A5101655447,5,1,1,1,1,1,5.5529595849216173,2.6100697927420065,11.028628166217061,0,1,0,1,3
2024.emnlp-main.1223,2024,W4404782083,A5003474730,A5053947568,5,0,1,0,1,0,6.80128303447162,3.5263605246161616,,0,0,0,0,3
2024.emnlp-main.1225,2024,W4404781988,A5021606010,A5103172464,2,1,1,1,1,1,5.8318824772835169,2.7408400239252009,10.911938052328884,0,0,0,0,3
2024.emnlp-main.123,2024,W4404783208,A5100448309,A5085496384,8,0,1,0,1,0,10.745076289706249,4.6076670661866794,,0,0,0,0,3
2024.emnlp-main.1231,2024,W4404782836,A5039277252,A5103234894,3,1,1,1,1,1,8.0080328469693072,4.3438054218536841,14.27033519193426,0,1,0,1,3
2024.emnlp-main.1234,2024,W4404782539,A5028667974,A5085370631,2,0,0.66666666666666663,0,1,0,7.7523351633022921,4.5747109785033828,,1,0,0,1,3
2024.emnlp-main.1236,2024,W4404782124,A5101377032,A5109785805,2,1,1,1,1,1,3.044522437723423,1.0986122886681098,13.368987489998224,0,0,0,0,3
2024.emnlp-main.1237,2024,W4404782200,A5102580326,A5023802054,5,0,1,0,1,0,8.2427563457144775,3.6888794541139358,,0,0,0,0,3
2024.emnlp-main.1238,2024,W4404782760,A5092596155,A5102396915,4,0,1,0,1,0,8.0159878110272373,3.4420193761824107,,0,0,0,0,3
2024.emnlp-main.1239,2024,W4404782501,A5114198392,A5111227747,3,1,1,1,1,1,5.4161004022044201,2.3978952727983707,10.29977736270884,0,0,0,0,3
2024.emnlp-main.124,2024,W4404782913,A5100530523,A5091674853,3,0,1,0,1,0,6.739336627357174,3.6971782569286313,,0,0,0,0,3
2024.emnlp-main.1241,2024,W4404782251,A5100540192,A5006897094,9,3,1,1,1,1,7.7869670026148716,3.9491046803326779,13.381865087130135,0,1,0,1,3
2024.emnlp-main.1242,2024,W4404782051,A5102674790,A5109785805,5,0,1,0,1,0,6.8875525716646173,2.8094026953624978,,0,0,0,0,3
2024.emnlp-main.1244,2024,W4404781967,A5034193264,A5030096887,8,2,1,1,1,1,7.6009024595420822,3.6826098411003407,13.381865087130135,0,0,0,0,3
2024.emnlp-main.1245,2024,W4404781813,A5034193264,A5030096887,10,3,1,1,1,1,7.6009024595420822,3.8712010109078911,14.038168391336621,0,0,0,0,3
2024.emnlp-main.1249,2024,W4404782454,A5017578261,A5108217852,5,0,1,0,1,0,7.0112139873503674,3.9473901492654369,,0,1,0,1,3
2024.emnlp-main.1252,2024,W4404781856,A5044012386,A5085370631,3,0,1,0,1,0,7.7523351633022921,4.1997050778799272,,0,0,0,0,3
2024.emnlp-main.1253,2024,W4404782220,A5087248105,A5076900864,11,0,1,0,1,0,6.4692503167957724,2.4541349911212467,,0,1,0,1,3
2024.emnlp-main.1254,2024,W4404781661,A5087248105,A5076900864,10,0,1,0,1,0,4.8828019225863706,2.066862759472976,,0,1,0,1,3
2024.emnlp-main.1255,2024,W4404782053,A5107580551,A5103058422,3,1,1,1,1,1,5.3132059790417872,2.2335922215070942,13.037846341503284,0,0,0,0,3
2024.emnlp-main.1256,2024,W4404781657,A5056787223,A5085370631,4,0,1,0,1,0,7.7523351633022921,4.0474276424343492,,1,1,0,1,3
2024.emnlp-main.1257,2024,W4404782161,A5053186663,A5026811404,5,0,0.83333333333333337,0,1,0,7.9222610583532473,3.1267605359603952,,0,0,0,0,3
2024.emnlp-main.1259,2024,W4404781754,A5047419128,A5052284218,6,0,0.8571428571428571,0,1,0,8.0674626670100569,3.4393491476265319,,1,0,0,1,3
2024.emnlp-main.1260,2024,W4404782231,A5084882105,A5100440919,6,0,1,0,1,0,8.9281100782026463,4.1536611393785199,,0,0,0,0,3
2024.emnlp-main.1261,2024,W4404781891,A5100751726,A5050947285,6,0,1,0,1,0,7.8991534833430972,3.9671423046492258,,0,0,0,0,3
2024.emnlp-main.1262,2024,W4404782039,A5071404767,A5085370631,5,0,1,0,1,0,7.8481530861995257,4.2017030805426003,,0,0,0,0,3
2024.emnlp-main.1264,2024,W4404782271,A5053698849,A5051002856,3,1,1,1,1,1,4.4659081186545837,1.6739764335716716,10.036968943910608,0,0,0,0,3
2024.emnlp-main.1265,2024,W4404781842,A5063100771,A5042278493,3,0,1,0,1,0,7.3796321526095516,4.1795023705624077,,0,0,0,0,3
2024.emnlp-main.1266,2024,W4404782091,A5089173802,A5081429958,5,0,1,0,1,0,3.4965075614664798,2.4680995314716192,,1,0,0,1,3
2024.emnlp-main.1267,2024,W4404781823,A5114847530,A5114847531,2,0,1,0,1,0,0,0,,0,0,0,0,3
2024.emnlp-main.127,2024,W4404782905,A5101447670,A5113264730,19,0,1,0,1,0,8.1922937311476396,3.1997466549592053,,0,0,0,0,3
2024.emnlp-main.129,2024,W4404783059,A5078335625,A5112977527,4,0,0.80000000000000004,0,1,0,8.2179782031507322,4.2731878546397306,,0,0,0,0,3
2024.emnlp-main.13,2024,W4404783679,A5011833635,A5079154791,7,0,1,0,1,0,5.8464387750577247,3.1292636661785136,,0,0,0,0,3
2024.emnlp-main.130,2024,W4404783308,A5056834945,A5107228559,6,0,1,0,1,0,9.6990430786544035,5.4659482079319881,,1,0,0,1,3
2024.emnlp-main.131,2024,W4404783172,A5049689389,A5076610826,5,0,0.83333333333333337,0,1,0,8.1684864171266813,3.992680908445601,,1,0,0,1,3
2024.emnlp-main.132,2024,W4404783481,A5060170090,A5011827545,2,0,1,0,1,0,5.0172798368149243,2.862200880929469,,0,0,0,0,3
2024.emnlp-main.134,2024,W4404782932,A5102805559,A5100331194,5,0,1,0,1,0,6.4035741979348151,2.2407096892759584,,0,1,0,1,3
2024.emnlp-main.136,2024,W4404783463,A5114831777,A5115596760,5,0,0.83333333333333337,0,1,0,7.7471649665203346,3.6270040503958487,,0,0,0,0,3
2024.emnlp-main.137,2024,W4404783148,A5090365490,A5100915470,4,0,1,0,1,0,8.1679193629578162,3.7256934272366529,,0,0,0,0,3
2024.emnlp-main.138,2024,W4404783391,A5099469320,A5051925942,5,0,1,0,1,0,8.4259547109819657,3.6838669122903922,,0,0,0,0,3
2024.emnlp-main.139,2024,W4404782848,A5062023845,A5022138909,2,0,1,0,1,0,6.6052979209482015,5.7349580921246508,,0,1,0,1,3
2024.emnlp-main.143,2024,W4404783261,A5102568508,A5101881857,7,0,1,0,1,0,7.6912000975228629,3.1660776393012298,,0,0,0,0,3
2024.emnlp-main.144,2024,W4404783571,A5102568508,A5101881857,5,0,1,0,1,0,6.4692503167957724,2.5014359517392109,,0,0,0,0,3
2024.emnlp-main.145,2024,W4404783666,A5027050251,A5053745515,4,0,0.66666666666666663,0,1,0,7.914252278742441,3.5835189384561099,,0,0,0,0,3
2024.emnlp-main.147,2024,W4404783739,A5114439613,A5018017185,3,0,1,0,1,0,5.1590552992145291,3.0757749812275281,,1,1,0,1,3
2024.emnlp-main.148,2024,W4404782759,A5049999785,A5014662947,6,0,1,0,1,0,9.3615151997733008,4.4582157730314282,,1,1,0,1,3
2024.emnlp-main.149,2024,W4404782732,A5061435467,A5061435467,1,0,0.5,0,1,0,6.3561076606958924,4.1431347263915326,,0,0,0,0,3
2024.emnlp-main.15,2024,W4404782930,A5079388254,A5093478183,3,1,0.75,1,1,1,3.951243718581428,1.5404450409471488,6.8068293603921761,0,0,0,0,3
2024.emnlp-main.152,2024,W4404782907,A5101262140,A5087920747,6,0,1,0,1,0,7.2875606403097235,3.8465952001056909,,1,0,0,1,3
2024.emnlp-main.153,2024,W4404782969,A5044165964,A5029262106,4,0,1,0,1,0,6.2480428745084291,3.4578927253387008,,0,0,0,0,3
2024.emnlp-main.154,2024,W4404782642,A5018004671,A5079336821,3,0,1,0,1,0,9.6150051599135775,4.7449321283632502,,0,0,0,0,3
2024.emnlp-main.157,2024,W4404783755,A5100649230,A5079222154,4,0,1,0,1,0,8.1780774638496077,3.9269116179218968,,0,0,0,0,3
2024.emnlp-main.159,2024,W4404783138,A5018004671,A5079336821,3,0,1,0,1,0,9.6150051599135775,4.7449321283632502,,0,0,0,0,3
2024.emnlp-main.16,2024,W4404782785,A5092596481,A5074374901,4,0,1,0,1,0,7.5224002313871248,2.8763855159214247,,0,0,0,0,3
2024.emnlp-main.160,2024,W4404783153,A5111822524,A5007190337,7,0,1,0,1,0,7.7600406808803797,3.7274131181161794,,1,0,0,1,3
2024.emnlp-main.163,2024,W4404783252,A5041484860,A5115597258,10,0,0.90909090909090917,0,1,0,9.0252148878494936,3.7565381025877511,,0,0,0,0,3
2024.emnlp-main.165,2024,W4404783527,A5100299189,A5005963007,5,0,1,0,1,0,5.8406416573733981,2.2407096892759584,,0,0,0,0,3
2024.emnlp-main.166,2024,W4404783056,A5062667199,A5080111149,3,1,1,1,1,1,5.8021183753770629,3.2834143460057721,6.5998704992128365,0,0,0,0,3
2024.emnlp-main.170,2024,W4404783222,A5102856192,A5051649145,11,0,1,0,1,0,8.8744479672199788,4.1256670333511414,,0,0,0,0,3
2024.emnlp-main.172,2024,W4404782636,A5032107191,A5053978668,3,0,0.75,0,1,0,6.5875500148247959,4.295015257684252,,0,0,0,0,3
2024.emnlp-main.176,2024,W4404783575,A5092624968,A5002305939,3,2,1,1,1,1,5.598421958998375,1.7346010553881064,6.5072777123850116,0,0,0,0,3
2024.emnlp-main.177,2024,W4404783370,A5114452403,A5061754269,3,0,1,0,1,0,6.8855096700348177,3.5361166995615263,,0,0,0,0,3
2024.emnlp-main.180,2024,W4404783506,A5101344697,A5109746529,8,0,1,0,1,0,7.1639466843425472,3.1190554895859899,,0,0,0,0,3
2024.emnlp-main.182,2024,W4404783028,A5072082849,A5112985399,6,1,1,1,1,1,6.3225652399272843,3.2255203675868693,14.108454015025664,1,1,0,1,3
2024.emnlp-main.183,2024,W4404783431,A5095384013,A5112985399,5,1,0.83333333333333337,1,1,1,6.3225652399272843,3.1527360223636558,9.2358131679492139,1,1,0,1,3
2024.emnlp-main.186,2024,W4404783408,A5008960567,A5087099593,3,0,1,0,1,0,6.7638849085624351,3.5927355935610339,,0,0,0,0,3
2024.emnlp-main.187,2024,W4404783002,A5019706917,A5080495327,6,0,1,0,1,0,10.4744106003507,4.290459441148391,,0,0,0,0,3
2024.emnlp-main.188,2024,W4404782873,A5077525450,A5064113904,4,0,1,0,1,0,5.1059454739005803,2.9311937524164202,,0,0,0,0,3
2024.emnlp-main.19,2024,W4404782948,A5100777718,A5111113722,10,0,1,0,1,0,7.6152983398258147,3.4210000089583352,,1,0,0,1,3
2024.emnlp-main.190,2024,W4404783533,A5114654047,A5114654052,6,0,1,0,1,0,7.0766538154439509,2.6741486494265287,,1,0,0,1,3
2024.emnlp-main.192,2024,W4404782814,A5100690060,A5077976343,2,0,1,0,1,0,7.509335266016592,3.8501476017100575,,0,1,0,1,3
2024.emnlp-main.195,2024,W4404783115,A5100380588,A5020880385,5,1,1,1,1,1,7.3472997007431644,3.7887247890836528,12.865918956038067,0,0,0,0,3
2024.emnlp-main.196,2024,W4404783394,A5092707763,A5037673211,6,1,1,1,1,1,6.6346333578616861,2.7725887222397811,8.1202913139685613,0,0,0,0,3
2024.emnlp-main.197,2024,W4404783683,A5086409515,A5083822059,8,0,1,0,1,0,7.8917046593301068,3.8685934475008099,,0,0,0,0,3
2024.emnlp-main.198,2024,W4404783014,A5081815760,A5023679744,4,0,1,0,1,0,4.0253516907351496,1.3862943611198906,,0,0,0,0,3
2024.emnlp-main.199,2024,W4404782834,A5100586420,A5101204196,10,0,1,0,1,0,8.1676357152463694,3.8372994592322094,,1,0,0,1,3
2024.emnlp-main.2,2024,W4404783764,A5101772444,A5016930939,4,0,1,0,1,0,5.8318824772835169,3.0910424533583161,,0,0,0,0,3
2024.emnlp-main.20,2024,W4404783631,A5045631551,A5005443526,5,0,1,0,1,0,8.3767810376994927,4.0569887756783318,,0,0,0,0,3
2024.emnlp-main.200,2024,W4404783563,A5040980466,A5041960758,4,1,1,1,1,1,7.7853051825398616,4.0561233494019033,13.206820327956285,0,0,0,0,3
2024.emnlp-main.202,2024,W4404782718,A5066248885,A5086362177,2,1,1,1,1,1,5.9480349891806457,2.9444389791664403,8.1202913139685613,0,1,0,1,3
2024.emnlp-main.203,2024,W4404783570,A5059294724,A5030322956,4,0,1,0,1,0,6.7178046950236912,3.157000421150113,,0,0,0,0,3
2024.emnlp-main.204,2024,W4404782835,A5101983147,A5019029265,5,1,1,1,1,1,6.6631326959908028,3.0633909220278057,12.252235551954616,0,0,0,0,3
2024.emnlp-main.205,2024,W4404783160,A5032038161,A5066422711,7,0,1,0,1,0,7.3178761986264957,4.1566484455582557,,0,0,0,0,3
2024.emnlp-main.206,2024,W4404783414,A5090913238,A5007393983,5,1,1,1,1,1,8.4506259471441236,4.0569887756783318,12.371875178097881,0,0,0,0,3
2024.emnlp-main.207,2024,W4404783352,A5100405126,A5090807566,6,0,1,0,1,0,6.5610306658965731,2.5649493574615367,,0,0,0,0,3
2024.emnlp-main.210,2024,W4404783305,A5100316669,A5018977183,6,0,1,0,1,0,7.7497534062744373,4.0163830207523885,,1,0,0,1,3
2024.emnlp-main.212,2024,W4404782735,A5100931804,A5100931804,1,0,1,0,1,0,0.69314718055994529,0.69314718055994529,,0,0,0,0,3
2024.emnlp-main.214,2024,W4404782954,A5067168957,A5050327492,7,0,1,0,1,0,6.0822189103764464,3.1292636661785136,,0,0,0,0,3
2024.emnlp-main.218,2024,W4404782797,A5011130172,A5101979291,14,0,1,0,1,0,8.4259547109819657,3.8208471247622762,,0,0,0,0,3
2024.emnlp-main.22,2024,W4404783781,A5002713693,A5032121234,3,1,1,1,1,1,6.584791392385716,2.9789251552376097,12.93395694524871,0,0,0,0,3
2024.emnlp-main.220,2024,W4404783140,A5001458884,A5039500313,3,2,1,1,1,1,7.0859014643656106,3.93834031374552,13.843280382297891,0,0,0,0,3
2024.emnlp-main.221,2024,W4404783178,A5114402734,A5114402735,4,0,0.80000000000000004,0,1,0,6.1202974189509503,1.7047480922384253,,1,0,0,1,3
2024.emnlp-main.223,2024,W4404783000,A5041982864,A5102816371,8,0,0.80000000000000004,0,1,0,7.2626286009742413,3.3542804618744042,,0,0,0,0,3
2024.emnlp-main.224,2024,W4404782989,A5101332887,A5020364411,2,0,0.66666666666666663,0,1,0,5.521460917862246,1.8718021769015916,,0,0,0,0,3
2024.emnlp-main.225,2024,W4404783128,A5114858620,A5058519912,2,2,1,1,1,1,6.8916258970522533,3.4011973816621555,14.480013892582472,0,0,0,0,3
2024.emnlp-main.226,2024,W4404783241,A5115580462,A5019603699,6,0,1,0,1,0,7.0983756385907864,3.729701448634192,,0,0,0,0,3
2024.emnlp-main.227,2024,W4404783518,A5040119770,A5022468480,7,0,1,0,1,0,6.5102583405231496,3.3722098447889031,,0,1,0,1,3
2024.emnlp-main.229,2024,W4404783562,A5102822963,A5026934380,9,0,1,0,1,0,7.3330230143864812,2.83972802507741,,0,0,0,0,3
2024.emnlp-main.230,2024,W4404783170,A5023818241,A5009539513,5,1,1,1,1,1,6.6214056517641344,3.1863526331626408,13.793317094896596,0,0,0,0,3
2024.emnlp-main.231,2024,W4404782738,A5119268331,A5100401383,5,0,1,0,1,0,7.8156105320351905,3.5322256440685602,,0,0,0,0,3
2024.emnlp-main.232,2024,W4404782975,A5099282545,A5065717258,2,1,1,1,1,1,7.193685818395112,3.0204248861443626,12.970272241925525,0,0,0,0,3
2024.emnlp-main.234,2024,W4404783081,A5101269215,A5112206342,5,0,1,0,1,0,5.0304379213924353,1.9740810260220096,,0,0,0,0,3
2024.emnlp-main.235,2024,W4404783712,A5049544624,A5071542832,2,0,1,0,1,0,5.2983173665480363,2.7080502011022101,,0,0,0,0,3
2024.emnlp-main.236,2024,W4404782915,A5046456944,A5113307641,4,0,1,0,1,0,7.3981740929704651,3.044522437723423,,0,0,0,0,3
2024.emnlp-main.237,2024,W4404783048,A5101095636,A5026638047,5,0,1,0,1,0,5.9188938542731462,3.1780538303479458,,0,0,0,0,3
2024.emnlp-main.24,2024,W4404783397,A5103158330,A5008875255,6,0,1,0,1,0,6.4846352356352517,3.7054087560651463,,0,1,0,1,3
2024.emnlp-main.241,2024,W4404782841,A5091584427,A5102992157,6,0,1,0,1,0,8.9085593751449004,4.1484117834923762,,0,0,0,0,3
2024.emnlp-main.247,2024,W4404783350,A5054579636,A5070047759,5,0,1,0,1,0,8.5895138529958643,4.4473461007945243,,0,0,0,0,3
2024.emnlp-main.248,2024,W4404783034,A5014381991,A5093973924,10,0,1,0,1,0,9.1147101409609323,3.7424202210419661,,0,1,0,1,3
2024.emnlp-main.249,2024,W4404783449,A5025334096,A5112539661,9,0,1,0,1,0,7.3330230143864812,3.4195465203303521,,0,0,0,0,3
2024.emnlp-main.250,2024,W4404782892,A5012958162,A5076031002,5,0,1,0,1,0,8.0284551641142521,4.3567088266895917,,0,1,0,1,3
2024.emnlp-main.251,2024,W4404782906,A5045507345,A5062910836,8,0,1,0,1,0,8.3236084423435717,3.9194950202668473,,0,0,0,0,3
2024.emnlp-main.252,2024,W4404782763,A5048570379,A5057049889,4,1,1,1,1,1,4.5432947822700038,2.110213200346589,13.367017899885592,0,0,0,0,3
2024.emnlp-main.253,2024,W4404783485,A5049403370,A5057693522,3,1,1,1,1,1,6.2005091740426899,3.218875824868201,0.69314718055994529,0,0,0,0,3
2024.emnlp-main.254,2024,W4404782811,A5102952667,A5058028206,8,0,1,0,1,0,9.1147101409609323,4.018632740486404,,0,0,0,0,3
2024.emnlp-main.255,2024,W4404783628,A5100438285,A5049016575,6,0,1,0,1,0,6.7226297948554485,3.0834378539730967,,0,0,0,0,3
2024.emnlp-main.256,2024,W4404783299,A5103151240,A5026063666,4,1,1,1,1,1,6.8710912946105456,3.4578927253387008,13.588134311420871,0,0,0,0,3
2024.emnlp-main.26,2024,W4404783240,A5100378800,A5089404640,8,0,1,0,1,0,8.9635442919967439,4.2009542972803589,,0,0,0,0,3
2024.emnlp-main.260,2024,W4404782758,A5042239927,A5101681516,4,2,1,1,1,1,4.8828019225863706,2.8763855159214247,11.82845857157778,0,1,0,1,3
2024.emnlp-main.262,2024,W4404783050,A5118983719,A5100444142,5,0,1,0,1,0,6.7345916599729483,3.8416005411316001,,1,0,0,1,3
2024.emnlp-main.264,2024,W4404783055,A5032525718,A5103239171,3,0,1,0,1,0,6.1377270540862341,2.9618307218783091,,1,0,0,1,3
2024.emnlp-main.265,2024,W4404783282,A5055505540,A5076518693,6,0,0.8571428571428571,0,1,0,6.513230110912307,3.0285220963769821,,1,0,0,1,3
2024.emnlp-main.267,2024,W4404783354,A5100408780,A5102853655,4,0,0.80000000000000004,0,1,0,7.0664669701369576,3.5409593240373143,,0,0,0,0,3
2024.emnlp-main.268,2024,W4404783288,A5014633813,A5065000009,2,1,0.5,1,1,1,4.2484952420493594,2.4423470353692043,13.498763494659366,0,0,0,0,3
2024.emnlp-main.269,2024,W4404782869,A5115591078,A5100370155,6,0,0.75,0,1,0,5.7714411231300158,3.0757749812275281,,0,1,0,1,3
2024.emnlp-main.270,2024,W4404784206,A5102694124,A5048237545,6,0,0.8571428571428571,0,1,0,8.5987731784086598,4.2243976904702976,,0,0,0,0,3
2024.emnlp-main.271,2024,W4404784381,A5114848026,A5114848029,4,0,1,0,1,0,0,0,,0,0,0,0,3
2024.emnlp-main.273,2024,W4404783090,A5047006256,A5064858748,4,0,1,0,1,0,6.8480052745763631,3.3672958299864741,,0,0,0,0,3
2024.emnlp-main.274,2024,W4404783063,A5100602015,A5036032938,5,0,1,0,1,0,8.2684753889825977,3.3603753871419002,,1,1,0,1,3
2024.emnlp-main.276,2024,W4404782884,A5101645357,A5073110676,7,0,1,0,1,0,7.4091364439201284,3.674490716661837,,1,0,0,1,3
2024.emnlp-main.277,2024,W4404782547,A5068544743,A5071837282,2,1,1,1,1,1,5.6240175061873385,2.9957322735539909,13.275424320827351,0,0,0,0,3
2024.emnlp-main.278,2024,W4404784223,A5114653856,A5009625151,4,0,1,0,1,0,5.2781146592305168,2.6026896854443842,,0,0,0,0,3
2024.emnlp-main.28,2024,W4404782959,A5103730245,A5100370145,13,0,1,0,1,0,6.8824374709978473,3.4339872044851463,,0,0,0,0,3
2024.emnlp-main.280,2024,W4404784384,A5061228375,A5064247235,6,2,1,1,1,1,6.1114673395026786,2.9267394020670401,13.653687856631649,0,0,0,0,3
2024.emnlp-main.282,2024,W4404784096,A5108891071,A5007960166,8,0,1,0,1,0,6.9216581841511289,3.1728318863667941,,0,0,0,0,3
2024.emnlp-main.283,2024,W4404783753,A5002067983,A5014008069,2,0,1,0,1,0,5.8664680569332965,3.737669618283368,,0,1,0,1,3
2024.emnlp-main.284,2024,W4404783320,A5099801374,A5100929806,4,0,1,0,1,0,6.3350542514980592,2.374905754573672,,0,0,0,0,3
2024.emnlp-main.285,2024,W4404783916,A5006851967,A5048818669,5,1,1,1,1,1,4.6821312271242199,2.2407096892759584,12.158970555761091,0,0,0,0,3
2024.emnlp-main.288,2024,W4404783371,A5114099779,A5087565126,4,0,1,0,1,0,6.4676987261043539,3.0796137575346929,,0,0,0,0,3
2024.emnlp-main.291,2024,W4404784433,A5100415738,A5070302452,3,0,1,0,1,0,8.3306226203328677,5.0391147654181241,,0,1,0,1,3
2024.emnlp-main.292,2024,W4404782918,A5060431947,A5038386528,38,0,0.94999999999999996,0,1,0,9.8173303560849536,3.7587491340744221,,0,0,0,0,3
2024.emnlp-main.294,2024,W4404783453,A5114081911,A5114928604,2,2,0.66666666666666663,1,1,1,0,0,12.531783615435735,0,0,0,0,3
2024.emnlp-main.296,2024,W4404784425,A5023995350,A5084836777,61,0,1,0,1,0,8.7020116284087798,2.9357734136754443,,0,0,0,0,3
2024.emnlp-main.297,2024,W4404783974,A5101764069,A5000334344,4,0,1,0,1,0,6.5792512120101012,3.0081547935525483,,0,0,0,0,3
2024.emnlp-main.298,2024,W4404784447,A5114848050,A5100404176,5,0,1,0,1,0,8.6938319650746934,4.7149210499472103,,0,0,0,0,3
2024.emnlp-main.299,2024,W4404784419,A5094302692,A5073413742,4,0,1,0,1,0,7.6907431635418719,3.7316994512968646,,0,0,0,0,3
2024.emnlp-main.301,2024,W4399794785,A5068059558,A5068059558,1,4,1,1,1,1,6.4738906963522744,2.9957322735539909,14.888984509721684,0,0,0,0,3
2024.emnlp-main.302,2024,W4404783544,A5028752145,A5007620149,3,1,1,1,1,1,7.1921820587132457,3.6287755300442308,8.1950576908950765,0,1,0,1,3
2024.emnlp-main.303,2024,W4404783584,A5003304286,A5112478420,6,0,1,0,1,0,6.3885614055456301,2.7725887222397811,,0,1,0,1,3
2024.emnlp-main.306,2024,W4404783187,A5007056150,A5040821714,4,0,1,0,1,0,5.4071717714601188,3.1675825304806504,,0,0,0,0,3
2024.emnlp-main.307,2024,W4404783836,A5009272947,A5075681290,6,1,1,1,1,1,6.0234475929610332,2.8429695190015809,12.101234215783998,1,0,0,1,3
2024.emnlp-main.309,2024,W4404782955,A5020472862,A5034401157,5,1,1,1,1,1,3.6375861597263857,1.2809338454620642,14.216603455206659,0,0,0,0,3
2024.emnlp-main.31,2024,W4404783049,A5079252934,A5101535052,6,0,1,0,1,0,8.4182564435562135,4.1666652238017274,,0,0,0,0,3
2024.emnlp-main.311,2024,W4404783108,A5101066425,A5077656815,8,0,1,0,1,0,8.0284551641142521,3.8421368779639802,,0,0,0,0,3
2024.emnlp-main.312,2024,W4404783783,A5079179621,A5079179621,1,3,1,1,1,1,6.8885724595653643,4.2484952420493594,13.653687856631649,0,0,0,0,3
2024.emnlp-main.313,2024,W4404784349,A5022569658,A5040759280,4,0,1,0,1,0,6.0958245624322247,3.068052935133617,,1,1,0,1,3
2024.emnlp-main.314,2024,W4404782714,A5112974345,A5078474592,4,0,1,0,1,0,5.5490760848952201,2.6567569067146595,,0,0,0,0,3
2024.emnlp-main.315,2024,W4404783227,A5103791527,A5018138946,2,1,1,1,1,1,6.9236286281384274,4.2696974496999616,9.2358131679492139,0,0,0,0,3
2024.emnlp-main.316,2024,W4404783830,A5034535852,A5057864403,7,0,1,0,1,0,8.174702882469461,4.1677720307769182,,0,1,0,1,3
2024.emnlp-main.317,2024,W4404782744,A5100346855,A5100393852,8,0,1,0,1,0,5.7776523232226564,2.0314323224934752,,0,0,0,0,3
2024.emnlp-main.318,2024,W4404783988,A5104831619,A5023605306,2,0,1,0,1,0,7.1196356380176358,3.7727609380946383,,1,0,0,1,3
2024.emnlp-main.32,2024,W4404783011,A5078389036,A5030414237,3,0,1,0,1,0,5.8607862234658654,3.1918471524802814,,0,0,0,0,3
2024.emnlp-main.320,2024,W4404782592,A5047026376,A5042262991,4,0,1,0,1,0,6.6306833856423717,3.188416617383492,,0,0,0,0,3
2024.emnlp-main.321,2024,W4404784426,A5100370107,A5025631695,6,0,1,0,1,0,9.0765803817966582,4.1190371748124726,,1,0,0,1,3
2024.emnlp-main.322,2024,W4404783613,A5113266707,A5100644428,14,0,1,0,1,0,8.1699026473591445,3.6375861597263857,,0,0,0,0,3
2024.emnlp-main.324,2024,W4404783703,A5028457047,A5022973212,2,0,1,0,1,0,6.4876840184846101,3.8177123259569048,,0,1,0,1,3
2024.emnlp-main.325,2024,W4404784250,A5113081254,A5103000631,4,0,1,0,1,0,6.3385940782031831,2.8903717578961645,,0,0,0,0,3
2024.emnlp-main.327,2024,W4404782977,A5101610716,A5035399743,5,0,1,0,1,0,6.7968237182748554,3.3603753871419002,,0,0,0,0,3
2024.emnlp-main.33,2024,W4404783401,A5100607166,A5047709762,4,0,1,0,1,0,7.8920784212481188,3.8607297110405954,,0,0,0,0,3
2024.emnlp-main.330,2024,W4404782710,A5055164186,A5108607982,2,1,1,1,1,1,0,0,12.879019669789754,0,0,0,0,3
2024.emnlp-main.332,2024,W4404784171,A5006728000,A5027720969,4,0,1,0,1,0,6.4361503683694279,3.7436043538031831,,0,1,0,1,3
2024.emnlp-main.334,2024,W4404782570,A5111333814,A5065100828,3,0,1,0,1,0,7.5358304627983674,4.5145158177199605,,0,0,0,0,3
2024.emnlp-main.335,2024,W4404783164,A5013061051,A5072882318,2,0,1,0,1,0,5.4380793089231956,3.157000421150113,,0,0,0,0,3
2024.emnlp-main.336,2024,W4404783134,A5063038804,A5056246401,3,0,1,0,1,0,6.1506027684462792,2.6855773452501515,,0,0,0,0,3
2024.emnlp-main.338,2024,W4404782786,A5063995511,A5038207720,6,0,0.8571428571428571,0,1,0,7.7689560445383323,4.0312864262549644,,1,0,0,1,3
2024.emnlp-main.339,2024,W4404784418,A5089338614,A5021287757,2,1,1,1,1,1,6.2045577625686903,3.7495040759303713,10.716548829761413,0,0,0,0,3
2024.emnlp-main.34,2024,W4404782800,A5056398585,A5042218957,2,2,1,1,1,1,4.5325994931532563,2.3978952727983707,12.039167640663154,0,1,0,1,3
2024.emnlp-main.340,2024,W4404784146,A5108324751,A5100755298,5,0,1,0,1,0,7.2420823592569619,3.784189633918261,,0,0,0,0,3
2024.emnlp-main.341,2024,W4404783007,A5110106146,A5062861826,4,0,1,0,1,0,5.5053315359323625,2.4203681286504293,,0,0,0,0,3
2024.emnlp-main.342,2024,W4404784276,A5101403596,A5064736086,6,0,0.8571428571428571,0,1,0,7.1172055031643442,3.8607297110405954,,0,0,0,0,3
2024.emnlp-main.343,2024,W4404782957,A5114847696,A5114847702,7,0,1,0,1,0,0,0,,1,0,0,1,3
2024.emnlp-main.344,2024,W4404784303,A5027311833,A5087195265,5,0,1,0,1,0,5.8435444170313602,2.8094026953624978,,0,1,0,1,3
2024.emnlp-main.345,2024,W4404782854,A5101341234,A5089793938,4,0,1,0,1,0,6.9517721643989114,2.9575110607337933,,0,0,0,0,3
2024.emnlp-main.348,2024,W4404782612,A5017367036,A5027720969,5,0,1,0,1,0,6.230481447578482,3.0540011816779669,,0,0,0,0,3
2024.emnlp-main.349,2024,W4404783472,A5059086543,A5036790226,3,0,1,0,1,0,6.5323342922223491,3.6971782569286313,,0,0,0,0,3
2024.emnlp-main.350,2024,W4404784449,A5107517126,A5025085845,5,0,1,0,1,0,4.7706846244656651,2.2192034840549946,,0,0,0,0,3
2024.emnlp-main.351,2024,W4404782638,A5085795724,A5025450606,5,0,1,0,1,0,6.6160651851328174,3.459466289786131,,0,1,0,1,3
2024.emnlp-main.352,2024,W4404783525,A5059086543,A5070291681,5,0,1,0,1,0,6.5323342922223491,3.2809112157876537,,0,0,0,0,3
2024.emnlp-main.355,2024,W4404783952,A5101737564,A5081580175,4,0,1,0,1,0,5.0751738152338266,2.7725887222397811,,0,0,0,0,3
2024.emnlp-main.356,2024,W4404784287,A5100344123,A5075033889,2,0,1,0,1,0,7.773173680482536,4.4367515343631281,,0,0,0,0,3
2024.emnlp-main.358,2024,W4404783411,A5100440326,A5100453144,10,0,1,0,1,0,8.5377798250246251,4.2312037449392976,,0,0,0,0,3
2024.emnlp-main.36,2024,W4404783145,A5101254408,A5048879367,8,0,1,0,1,0,7.4888529557334591,3.1245651453969594,,0,0,0,0,3
2024.emnlp-main.361,2024,W4404784428,A5033408639,A5004194238,9,0,1,0,1,0,8.0580108008020854,3.9274588135579855,,0,0,0,0,3
2024.emnlp-main.362,2024,W4404783398,A5031643452,A5061748233,7,0,1,0,1,0,5.5134287461649834,2.0243817644968085,,0,0,0,0,3
2024.emnlp-main.363,2024,W4404782684,A5103305906,A5103305907,3,0,1,0,1,0,0.69314718055994529,0.51082562376599072,,0,0,0,0,3
2024.emnlp-main.365,2024,W4404783696,A5087714040,A5114000097,7,0,1,0,1,0,5.3423342519648109,1.6650077635889111,,0,0,0,0,3
2024.emnlp-main.366,2024,W4404784084,A5027141199,A5004194238,6,0,1,0,1,0,8.0580108008020854,4.1896547420264252,,0,0,0,0,3
2024.emnlp-main.367,2024,W4404782952,A5111335448,A5078124517,4,1,1,1,1,1,6.1398845522262553,2.9831534913471307,10.3307793818704,0,0,0,0,3
2024.emnlp-main.37,2024,W4404782771,A5003055263,A5014190404,4,0,1,0,1,0,6.694562058521095,3.8394523125933104,,0,0,0,0,3
2024.emnlp-main.370,2024,W4404782494,A5016617263,A5033302750,6,0,1,0,1,0,5.2257466737132017,3.0985896589936988,,0,0,0,0,3
2024.emnlp-main.371,2024,W4404783223,A5047674498,A5074821819,3,0,1,0,1,0,7.3472997007431644,3.8712010109078911,,0,1,0,1,3
2024.emnlp-main.372,2024,W4404782947,A5047674498,A5100670641,6,0,1,0,1,0,7.3472997007431644,3.417726683613366,,0,1,0,1,3
2024.emnlp-main.373,2024,W4404782721,A5021623012,A5082997975,5,1,1,1,1,1,8.0284551641142521,4.2106450179182611,12.807334773833716,0,0,0,0,3
2024.emnlp-main.374,2024,W4404782663,A5041441234,A5109059955,3,0,1,0,1,0,6.1696107324914564,2.7300291078209851,,0,0,0,0,3
2024.emnlp-main.376,2024,W4404783271,A5018905679,A5088410008,5,0,1,0,1,0,8.2842517976219163,3.1527360223636558,,0,1,0,1,3
2024.emnlp-main.38,2024,W4404782935,A5049715473,A5008320336,3,0,0.5,0,1,0,5.389071729816501,2.8716796248840124,,0,0,0,0,3
2024.emnlp-main.384,2024,W4404782521,A5086887575,A5062910836,5,0,1,0,1,0,7.3702306418070807,3.572345637857985,,0,0,0,0,3
2024.emnlp-main.388,2024,W4404783267,A5028155508,A5048533217,7,0,1,0,1,0,7.3024964237273258,3.6109179126442239,,1,0,0,1,3
2024.emnlp-main.389,2024,W4404783381,A5011907463,A5050766679,4,0,1,0,1,0,6.6359465556866466,3.6441435602725449,,0,0,0,0,3
2024.emnlp-main.39,2024,W4404783068,A5029426380,A5083675499,3,0,1,0,1,0,5.8888779583328805,3.0285220963769821,,0,0,0,0,3
2024.emnlp-main.392,2024,W4404782856,A5009334927,A5017082574,6,0,1,0,1,0,5.7838251823297373,2.5776883832389665,,0,0,0,0,3
2024.emnlp-main.393,2024,W4404782526,A5080590912,A5079721352,11,0,1,0,1,0,6.4967749901858634,3.0137507790566693,,0,0,0,0,3
2024.emnlp-main.394,2024,W4404782541,A5101393756,A5069441149,7,0,1,0,1,0,7.4690838849212344,3.9995104595512618,,1,0,0,1,3
2024.emnlp-main.397,2024,W4404782750,A5010414688,A5051745436,5,1,1,1,1,1,8.4257355809274017,4.1896547420264252,11.456513831044266,0,0,0,0,3
2024.emnlp-main.399,2024,W4404782611,A5003293085,A5070078654,3,0,1,0,1,0,6.8480052745763631,3.4863551900024623,,0,1,0,1,3
2024.emnlp-main.4,2024,W4404783211,A5093264894,A5091031925,6,0,1,0,1,0,5.6664266881124323,2.7408400239252009,,0,0,0,0,3
2024.emnlp-main.40,2024,W4404783106,A5067117608,A5090162434,7,0,1,0,1,0,7.5234813125734972,2.7990219793079367,,0,0,0,0,3
2024.emnlp-main.404,2024,W4404783100,A5094008572,A5088832285,2,0,1,0,1,0,7.0094089327086371,3.8918202981106265,,0,0,0,0,3
2024.emnlp-main.405,2024,W4404782563,A5101987911,A5115695105,3,0,1,0,1,0,6.4967749901858634,2.8903717578961645,,0,0,0,0,3
2024.emnlp-main.406,2024,W4404782500,A5007041304,A5075825791,7,0,1,0,1,0,6.6093492431673804,3.4200658659665382,,0,0,0,0,3
2024.emnlp-main.407,2024,W4404783300,A5075832345,A5007389209,6,0,1,0,1,0,8.0130121103689156,3.951243718581428,,0,0,0,0,3
2024.emnlp-main.409,2024,W4404782552,A5101987911,A5094076976,4,1,1,1,1,1,5.9889614168898637,2.224623551524334,13.936395444569744,0,1,0,1,3
2024.emnlp-main.411,2024,W4404782731,A5101557771,A5100355010,3,0,1,0,1,0,5.0039463059454592,2.9267394020670401,,0,0,0,0,3
2024.emnlp-main.413,2024,W4404783304,A5062620740,A5019928111,4,0,1,0,1,0,6.8564619845945867,3.5553480614894131,,0,0,0,0,3
2024.emnlp-main.414,2024,W4404783110,A5050391536,A5017671620,8,0,1,0,1,0,8.0532511535490965,3.8367605209275992,,0,0,0,0,3
2024.emnlp-main.418,2024,W4404782407,A5081011415,A5084990114,10,0,0.90909090909090917,0,1,0,7.2800082528841878,2.8033603809065348,,1,0,0,1,3
2024.emnlp-main.419,2024,W4404783098,A5113281911,A5003324011,6,0,1,0,1,0,8.3466420902211986,4.2579739860039032,,0,0,0,0,3
2024.emnlp-main.42,2024,W4404783410,A5102321745,A5019928111,2,0,0.66666666666666663,0,1,0,6.8564619845945867,3.4499875458315872,,0,0,0,0,3
2024.emnlp-main.420,2024,W4404783150,A5101914754,A5111319841,6,0,1,0,1,0,6.7475865268293154,3.4812400893356918,,0,0,0,0,3
2024.emnlp-main.422,2024,W4404782770,A5100688624,A5113922589,4,0,1,0,1,0,7.7915228191507317,4.255612709818223,,0,0,0,0,3
2024.emnlp-main.424,2024,W4404783232,A5031824581,A5004882141,7,0,1,0,1,0,8.3330299397429108,4.2089479449611042,,0,0,0,0,3
2024.emnlp-main.426,2024,W4404782614,A5098885849,A5046262541,3,0,0.75,0,1,0,6.0088131854425946,3.4231762883809305,,0,0,0,0,3
2024.emnlp-main.428,2024,W4404783328,A5090335927,A5068562468,8,0,0.88888888888888884,0,1,0,7.0157124204872297,3.4578927253387008,,0,0,0,0,3
2024.emnlp-main.429,2024,W4404782492,A5031824581,A5004882141,9,0,1,0,1,0,8.3330299397429108,4.2096554087330951,,0,0,0,0,3
2024.emnlp-main.43,2024,W4404782838,A5013166877,A5051340429,4,0,1,0,1,0,7.9895604493338652,3.912023005428146,,1,0,0,1,3
2024.emnlp-main.430,2024,W4404782822,A5024132945,A5050766679,5,1,1,1,1,1,6.6359465556866466,3.380994674344636,14.064182275136003,0,0,0,0,3
2024.emnlp-main.431,2024,W4404783117,A5011872278,A5010395244,2,1,1,1,1,1,6.642486801367256,3.6506582412937383,10.734067878971876,0,0,0,0,3
2024.emnlp-main.432,2024,W4404782828,A5104078124,A5029380651,4,0,1,0,1,0,6.6970342476664841,3.5336865647082343,,0,0,0,0,3
2024.emnlp-main.434,2024,W4404782898,A5044176278,A5101653971,6,0,1,0,1,0,6.9186952190204716,3.0285220963769821,,0,0,0,0,3
2024.emnlp-main.435,2024,W4404783051,A5111238905,A5031774490,12,0,1,0,1,0,7.7819732344343846,3.7803945629497098,,0,1,0,1,3
2024.emnlp-main.436,2024,W4404782868,A5100749025,A5101299999,9,0,1,0,1,0,8.7479874016609696,3.6635616461296463,,0,0,0,0,3
2024.emnlp-main.437,2024,W4404782925,A5101604051,A5100781300,7,0,1,0,1,0,6.4692503167957724,3.1416861861770702,,0,0,0,0,3
2024.emnlp-main.438,2024,W4404783217,A5100390313,A5100645703,5,0,0.83333333333333337,0,1,0,8.0535691691345406,3.8712010109078911,,1,0,0,1,3
2024.emnlp-main.44,2024,W4404783478,A5050206751,A5054263974,6,0,1,0,1,0,6.3473892096560105,2.3191143949452564,,0,1,0,1,3
2024.emnlp-main.442,2024,W4404782917,A5068605857,A5071030042,7,0,1,0,1,0,6.1398845522262553,3.2073814454424658,,0,0,0,0,3
2024.emnlp-main.445,2024,W4404782427,A5045458136,A5089793938,3,0,1,0,1,0,6.9517721643989114,4.0012541391560887,,0,0,0,0,3
2024.emnlp-main.446,2024,W4404782682,A5113257026,A5108944943,15,0,1,0,1,0,7.77485576666552,3.4924589729404798,,0,0,0,0,3
2024.emnlp-main.448,2024,W4404783003,A5093047909,A5027450194,3,0,1,0,1,0,7.4821189235521155,4.5643481914678361,,0,0,0,0,3
2024.emnlp-main.449,2024,W4404783077,A5083813347,A5066422711,6,1,1,1,1,1,6.9939329752231894,2.9789251552376097,9.1066451356374181,0,0,0,0,3
2024.emnlp-main.45,2024,W4404783520,A5090081574,A5059489981,6,0,1,0,1,0,7.2086003379601991,3.4914442595099331,,0,0,0,0,3
2024.emnlp-main.450,2024,W4404782602,A5074532565,A5072120057,4,0,1,0,1,0,6.2766434893416445,3.6506582412937383,,0,0,0,0,3
2024.emnlp-main.451,2024,W4404782844,A5052667187,A5005513786,6,1,1,1,1,1,5.9839362806871907,2.6741486494265287,8.7887458819381354,0,0,0,0,3
2024.emnlp-main.452,2024,W4404783199,A5008323891,A5102732054,12,0,1,0,1,0,7.6843240676811551,3.3440389678222067,,1,0,0,1,3
2024.emnlp-main.453,2024,W4404782441,A5003367589,A5027450194,6,0,1,0,1,0,7.4821189235521155,4.0223710625970117,,0,0,0,0,3
2024.emnlp-main.454,2024,W4404783346,A5072822225,A5024224610,5,0,1,0,1,0,7.1000271666292596,3.4210000089583352,,0,0,0,0,3
2024.emnlp-main.455,2024,W4404782417,A5100336571,A5043369366,8,0,1,0,1,0,7.3323692059290622,3.044522437723423,,0,0,0,0,3
2024.emnlp-main.457,2024,W4404782979,A5113229263,A5103232189,9,0,1,0,1,0,6.8057225534169854,3.7054087560651463,,0,0,0,0,3
2024.emnlp-main.458,2024,W4404783169,A5101409444,A5100594590,9,0,1,0,1,0,8.8915115705275642,4.1896547420264252,,0,0,0,0,3
2024.emnlp-main.459,2024,W4404783008,A5020959143,A5100368363,6,0,1,0,1,0,5.2522734280466299,1.6094379124341005,,1,1,0,1,3
2024.emnlp-main.46,2024,W4404783368,A5100380102,A5031961057,6,0,1,0,1,0,8.2804576865825599,4.0831712616239759,,0,1,0,1,3
2024.emnlp-main.463,2024,W4404782773,A5016523759,A5027450194,3,1,1,1,1,1,7.4821189235521155,4.352426164897591,8.7277782134830506,1,0,0,1,3
2024.emnlp-main.464,2024,W4404782897,A5100401909,A5001030192,5,0,1,0,1,0,7.2048925102046733,4.1108738641733114,,1,0,0,1,3
2024.emnlp-main.466,2024,W4404782639,A5026786206,A5045037642,3,3,1,1,1,1,7.3664451483275988,3.4552646029324312,13.720520526906871,0,0,0,0,3
2024.emnlp-main.467,2024,W4404782943,A5100352573,A5100438310,8,0,1,0,1,0,7.2449415463370066,3.5553480614894131,,0,1,0,1,3
2024.emnlp-main.469,2024,W4404783066,A5100778533,A5100594590,8,0,1,0,1,0,8.6314143355062605,4.3040650932041702,,0,0,0,0,3
2024.emnlp-main.47,2024,W4404783687,A5071749249,A5058353424,7,0,1,0,1,0,9.3615151997733008,4.6728288344619058,,0,1,0,1,3
2024.emnlp-main.470,2024,W4404783445,A5074278101,A5028124265,3,0,1,0,1,0,5.9989365619466826,3.2321210516182211,,0,0,0,0,3
2024.emnlp-main.471,2024,W4404782745,A5103137644,A5035786206,7,0,1,0,1,0,6.9421567056994693,3.1660776393012298,,0,0,0,0,3
2024.emnlp-main.472,2024,W4404782403,A5069532193,A5038253295,3,0,1,0,1,0,5.2781146592305168,2.2686835413183641,,0,0,0,0,3
2024.emnlp-main.475,2024,W4404782874,A5103216093,A5101692390,8,0,1,0,1,0,6.7093043402582984,2.9575110607337933,,1,0,0,1,3
2024.emnlp-main.476,2024,W4404783025,A5101295876,A5019692903,8,0,1,0,1,0,7.9561263512135003,3.8177123259569048,,0,0,0,0,3
2024.emnlp-main.478,2024,W4404782691,A5075130141,A5002316432,5,0,1,0,1,0,7.4821189235521155,4.28771595520264,,0,0,0,0,3
2024.emnlp-main.48,2024,W4404783820,A5022129795,A5044665993,3,1,1,1,1,1,8.4149389573774815,4.2484952420493594,11.917543547787066,0,0,0,0,3
2024.emnlp-main.481,2024,W4404783359,A5100416353,A5100725160,2,0,1,0,1,0,5.6664266881124323,3.0910424533583161,,0,0,0,0,3
2024.emnlp-main.483,2024,W4404783399,A5096068690,A5077460655,5,0,1,0,1,0,7.3498737047383367,3.7704594411063592,,0,0,0,0,3
2024.emnlp-main.484,2024,W4404783149,A5080115221,A5047508601,5,0,1,0,1,0,8.527539483470381,4.5767707114663931,,0,0,0,0,3
2024.emnlp-main.485,2024,W4404783041,A5114488661,A5101981128,5,1,1,1,1,1,8.1662162685921427,4.0000338827508592,13.458069606430907,0,0,0,0,3
2024.emnlp-main.488,2024,W4404782372,A5056795903,A5063894825,2,0,1,0,1,0,6.4101748819661672,2.2512917986064958,,0,0,0,0,3
2024.emnlp-main.489,2024,W4404783118,A5102617125,A5111426224,7,1,1,1,1,1,7.7782114745124931,3.563478187572664,13.460052016764809,0,0,0,0,3
2024.emnlp-main.49,2024,W4404783331,A5102611212,A5046153310,3,0,1,0,1,0,5.8636311755980968,3.0122615755052013,,0,0,0,0,3
2024.emnlp-main.491,2024,W4404783366,A5103240632,A5007960166,7,0,1,0,1,0,6.1484682959176471,2.6692103677859462,,0,0,0,0,3
2024.emnlp-main.493,2024,W4404782717,A5104269642,A5055033421,8,1,1,1,1,1,8.6057533683957175,3.6667616488603172,13.42591240135414,0,0,0,0,3
2024.emnlp-main.494,2024,W4404783415,A5012514781,A5088410008,5,0,1,0,1,0,8.2842517976219163,3.1612467120315646,,0,0,0,0,3
2024.emnlp-main.495,2024,W4404782904,A5101534884,A5112248869,3,1,0.75,1,1,1,8.5479163640590787,4.1795023705624077,9.8870532460727034,0,0,0,0,3
2024.emnlp-main.496,2024,W4404783487,A5114847766,A5114847769,4,1,1,1,1,1,0,0,13.720520526906871,1,0,0,1,3
2024.emnlp-main.497,2024,W4404782542,A5100708288,A5044722101,4,0,1,0,1,0,6.1441856341256456,3.157000421150113,,0,1,1,1,3
2024.emnlp-main.499,2024,W4404782774,A5111270976,A5015133105,3,1,1,1,1,1,7.2196420401307346,3.9252682321781664,9.3778020658631114,0,0,0,0,3
2024.emnlp-main.5,2024,W4404782894,A5014397427,A5031439294,4,0,1,0,1,0,7.7297353313850508,4.3174881135363101,,1,0,0,1,3
2024.emnlp-main.500,2024,W4404782522,A5026756340,A5107948508,3,0,1,0,1,0,2.5649493574615367,0.51082562376599072,,0,1,0,1,3
2024.emnlp-main.501,2024,W4404782703,A5072521412,A5035329776,5,1,1,1,1,1,6.4297194780391376,2.91235066461494,13.219366668540946,0,0,0,0,3
2024.emnlp-main.504,2024,W4404783230,A5101416235,A5041434096,3,0,1,0,1,0,7.3944931072190379,3.7216692769369271,,0,0,0,0,3
2024.emnlp-main.505,2024,W4404782768,A5052315546,A5045872048,6,0,1,0,1,0,7.5532866056004186,3.044522437723423,,0,0,0,0,3
2024.emnlp-main.506,2024,W4404782604,A5080987186,A5082767919,5,0,1,0,1,0,7.2717037068873678,3.6000482404073204,,1,0,0,1,3
2024.emnlp-main.507,2024,W4404782341,A5103000631,A5101541045,5,0,1,0,1,0,6.3767269478986268,3.2809112157876537,,0,0,0,0,3
2024.emnlp-main.508,2024,W4404783530,A5092031982,A5099582926,7,1,1,1,1,1,3.3672958299864741,1.0498221244986776,9.8870532460727034,0,0,0,0,3
2024.emnlp-main.51,2024,W4404783309,A5100748496,A5071384393,3,0,1,0,1,0,8.1964368112350279,4.8903491282217537,,0,1,0,1,3
2024.emnlp-main.512,2024,W4404783201,A5073581485,A5063813962,5,0,1,0,1,0,6.0520891689244172,2.8678989020441064,,0,0,0,0,3
2024.emnlp-main.513,2024,W4404782593,A5019927724,A5087096372,4,0,1,0,1,0,8.1922937311476396,4.2520603082138564,,0,0,0,0,3
2024.emnlp-main.515,2024,W4404783228,A5067002890,A5101788349,7,0,1,0,1,0,8.3428398042714598,3.3423568816392217,,0,1,0,1,3
2024.emnlp-main.517,2024,W4404782565,A5073123274,A5044159962,3,2,1,1,1,1,6.8855096700348177,3.3322045101752038,12.301269182513762,0,0,0,0,3
2024.emnlp-main.518,2024,W4404782756,A5103231202,A5044706756,6,0,1,0,1,0,6.8145428972599582,3.7013019741124928,,0,0,0,0,3
2024.emnlp-main.52,2024,W4404783130,A5054699311,A5004209770,3,0,1,0,1,0,6.8906091201471664,3.0910424533583161,,0,0,0,0,3
2024.emnlp-main.520,2024,W4404782613,A5062395513,A5015256182,6,0,1,0,1,0,6.6093492431673804,3.6463198396951406,,0,0,0,0,3
2024.emnlp-main.521,2024,W4404783057,A5100019299,A5078850040,5,0,1,0,1,0,8.0033630586299473,3.5025498759224432,,0,0,0,0,3
2024.emnlp-main.523,2024,W4404783312,A5087403875,A5020880385,8,0,1,0,1,0,7.3472997007431644,3.4136199016607125,,1,0,0,1,3
2024.emnlp-main.525,2024,W4404782958,A5099230650,A5015201177,7,0,1,0,1,0,8.3204481139565587,3.6488012305465261,,0,0,0,0,3
2024.emnlp-main.526,2024,W4404782991,A5114337809,A5061951606,5,0,1,0,1,0,7.3581937527330323,3.7232808808312687,,0,0,0,0,3
2024.emnlp-main.527,2024,W4404782968,A5100599890,A5087096372,5,0,1,0,1,0,8.1922937311476396,4.7291561657690826,,0,0,0,0,3
2024.emnlp-main.528,2024,W4404783272,A5053337874,A5025213473,4,0,1,0,1,0,7.2834482287566313,3.970291913552122,,0,1,0,1,3
2024.emnlp-main.53,2024,W4404783413,A5087402268,A5039468724,2,1,1,1,1,1,5.9454206086065753,3.6375861597263857,13.219366668540946,1,0,0,1,3
2024.emnlp-main.531,2024,W4404782472,A5062395513,A5075825791,11,0,1,0,1,0,6.9612960459101672,3.4600378816850887,,0,0,0,0,3
2024.emnlp-main.533,2024,W4404782320,A5109172243,A5100757553,9,0,1,0,1,0,6.5323342922223491,2.6548056865833978,,0,0,0,0,3
2024.emnlp-main.535,2024,W4404783470,A5012548597,A5051184573,4,1,1,1,1,1,7.3651801260210128,3.068052935133617,12.158970555761091,0,0,0,0,3
2024.emnlp-main.537,2024,W4404782635,A5052822472,A5010251681,5,0,1,0,1,0,5.5333894887275203,2.5952547069568657,,0,0,0,0,3
2024.emnlp-main.539,2024,W4404782648,A5030471602,A5036602199,3,2,1,1,1,1,5.0039463059454592,2.6390573296152584,13.704678433653813,0,0,0,0,3
2024.emnlp-main.54,2024,W4404783774,A5101997705,A5100338946,10,0,1,0,1,0,8.2141944148525639,4.00369019395397,,0,1,0,1,3
2024.emnlp-main.540,2024,W4404782419,A5100393897,A5058353652,11,0,1,0,1,0,7.759614150696903,3.5369989228212173,,0,0,0,0,3
2024.emnlp-main.541,2024,W4404782788,A5114653178,A5044722808,4,0,1,0,1,0,6.9067547786485539,3.6375861597263857,,0,1,0,1,3
2024.emnlp-main.542,2024,W4404783289,A5023609587,A5110781707,4,0,1,0,1,0,7.9215356321335486,3.6699514442284169,,0,1,0,1,3
2024.emnlp-main.543,2024,W4404782857,A5099801431,A5033305045,4,0,1,0,1,0,6.5323342922223491,3.6763006719070761,,0,0,0,0,3
2024.emnlp-main.544,2024,W4404783136,A5101328120,A5066997569,5,0,1,0,1,0,9.3817694876037141,3.7232808808312687,,1,0,0,1,3
2024.emnlp-main.545,2024,W4404783101,A5076072172,A5109964078,4,2,1,1,1,1,4.7874917427820458,2.917770732084279,12.67069306124702,0,0,0,0,3
2024.emnlp-main.546,2024,W4404782929,A5002340105,A5025781094,9,0,1,0,1,0,6.5736801669606457,3.0960802473882731,,1,0,0,1,3
2024.emnlp-main.547,2024,W4404783254,A5019766451,A5011117177,3,0,1,0,1,0,6.6160651851328174,2.5123056239761148,,0,0,0,0,3
2024.emnlp-main.548,2024,W4404783226,A5100385138,A5066073375,2,0,1,0,1,0,7.5137092478397047,4.1190371748124726,,1,0,0,1,3
2024.emnlp-main.551,2024,W4404782438,A5112924032,A5100606264,5,2,1,1,1,1,6.8297937375124249,2.9231615807191562,12.584101463939191,0,1,0,1,3
2024.emnlp-main.555,2024,W4404782661,A5111019886,A5027803148,3,2,1,1,1,1,5.2522734280466299,2.5649493574615367,14.216603455206659,1,0,0,1,3
2024.emnlp-main.556,2024,W4404782290,A5058981456,A5114130895,7,0,1,0,1,0,7.2189097076190603,3.8947315083180851,,0,0,0,0,3
2024.emnlp-main.558,2024,W4404783367,A5113018939,A5086233510,6,0,1,0,1,0,7.304515946460155,3.5457786104732629,,0,0,0,0,3
2024.emnlp-main.56,2024,W4404783269,A5115604599,A5102849115,5,0,1,0,1,0,8.3572591534999123,4.536891345234797,,0,0,0,0,3
2024.emnlp-main.560,2024,W4404782885,A5062844781,A5045037642,4,1,1,1,1,1,6.3935907539506314,3.0204248861443626,13.720520526906871,0,0,0,0,3
2024.emnlp-main.561,2024,W4404782912,A5053687590,A5100744463,6,0,1,0,1,0,8.9158350741762771,3.4914442595099331,,1,1,0,1,3
2024.emnlp-main.562,2024,W4404782459,A5101347528,A5044413037,2,0,1,0,1,0,4.5643481914678361,2.3025850929940459,,0,0,0,0,3
2024.emnlp-main.563,2024,W4404783432,A5100740650,A5048782083,4,0,1,0,1,0,6.2785214241658442,2.3272777055844172,,0,0,0,0,3
2024.emnlp-main.566,2024,W4404782397,A5028791879,A5070734581,2,0,0.5,0,1,0,7.4955419438842563,3.9415818076696905,,0,0,0,0,3
2024.emnlp-main.567,2024,W4404782574,A5100769435,A5048237545,7,0,1,0,1,0,8.8204040654856453,4.4870299436838659,,0,0,0,0,3
2024.emnlp-main.568,2024,W4404792955,A5070837261,A5102787835,6,0,1,0,1,0,7.3460102099132927,3.3956263366127,,0,1,0,1,3
2024.emnlp-main.569,2024,W4404783215,A5078650400,A5062209641,5,0,1,0,1,0,6.0161571596983539,3.4719664525503622,,0,0,0,0,3
2024.emnlp-main.57,2024,W4404783740,A5100427213,A5077201324,6,0,1,0,1,0,6.5971457018866513,3.4231762883809305,,0,1,0,1,3
2024.emnlp-main.570,2024,W4404782746,A5101779022,A5001291873,10,0,1,0,1,0,8.6960086088809039,4.4176350621412492,,0,0,0,0,3
2024.emnlp-main.571,2024,W4404782802,A5114085085,A5070976480,3,0,1,0,1,0,7.5049420683961712,3.3672958299864741,,0,1,0,1,3
2024.emnlp-main.572,2024,W4404782632,A5101997858,A5100427076,5,0,1,0,1,0,7.0317412587631285,3.9199911750773229,,0,0,0,0,3
2024.emnlp-main.574,2024,W4404782538,A5058943445,A5041906762,3,1,1,1,1,1,6.9196838498474111,3.6109179126442239,13.294871943913469,0,0,0,0,3
2024.emnlp-main.575,2024,W4404792920,A5101840854,A5058291454,7,0,1,0,1,0,7.9617188159813628,4.4274096405216996,,0,0,0,0,3
2024.emnlp-main.576,2024,W4404783168,A5002289527,A5092595935,4,1,1,1,1,1,7.9915922820680922,3.3928291319916388,12.475500366487978,0,0,0,0,3
2024.emnlp-main.577,2024,W4404792990,A5114851160,A5023341829,4,1,1,1,1,1,7.7523351633022921,3.188416617383492,13.91575128986744,1,0,0,1,3
2024.emnlp-main.578,2024,W4404792878,A5100752520,A5084279065,3,0,1,0,1,0,8.4881762423457445,4.214593690373678,,0,0,0,0,3
2024.emnlp-main.58,2024,W4404783091,A5115695530,A5100781385,10,0,1,0,1,0,7.8570938649024926,3.7704594411063592,,0,0,0,0,3
2024.emnlp-main.580,2024,W4404792926,A5104219047,A5058485829,5,0,1,0,1,0,8.3409332260008782,3.9435216724875168,,1,0,0,1,3
2024.emnlp-main.581,2024,W4404783202,A5045223563,A5100716377,7,0,1,0,1,0,7.0282014320580046,3.0308235933652612,,0,0,0,0,3
2024.emnlp-main.583,2024,W4404792985,A5011513741,A5083964854,3,1,1,1,1,1,6.0958245624322247,3.4011973816621555,13.989484032951566,0,1,0,1,3
2024.emnlp-main.584,2024,W4404782649,A5110982973,A5094076976,8,0,1,0,1,0,7.8087293067443992,3.5938817254916566,,0,0,0,0,3
2024.emnlp-main.585,2024,W4404792953,A5077595559,A5044665993,9,1,1,1,1,1,8.4149389573774815,3.729701448634192,13.852275373252258,0,0,0,0,3
2024.emnlp-main.588,2024,W4404782461,A5100683475,A5100630868,6,0,0.8571428571428571,0,1,0,6.1984787164923079,2.8716796248840124,,0,0,0,0,3
2024.emnlp-main.589,2024,W4404782432,A5013954858,A5051925942,6,0,1,0,1,0,8.4259547109819657,3.7727609380946383,,0,0,0,0,3
2024.emnlp-main.592,2024,W4404782597,A5085003328,A5027450194,4,0,1,0,1,0,7.4821189235521155,4.1149638494248366,,0,0,0,0,3
2024.emnlp-main.594,2024,W4404793000,A5056338368,A5071595184,5,1,1,1,1,1,5.857933154483459,2.760009940032921,10.78851462973334,0,0,0,0,3
2024.emnlp-main.595,2024,W4404782312,A5032451595,A5000874697,7,0,0.875,0,1,0,6.1717005974109149,3.4921691598678821,,0,0,0,0,3
2024.emnlp-main.597,2024,W4404792910,A5088639037,A5015201177,3,0,1,0,1,0,8.3204481139565587,3.6971782569286313,,0,0,0,0,3
2024.emnlp-main.598,2024,W4404792993,A5101616794,A5042601761,3,1,1,1,1,1,8.5604442334105517,4.4735417435096547,14.27033519193426,0,0,0,0,3
2024.emnlp-main.599,2024,W4404782681,A5009839162,A5073746825,2,0,1,0,1,0,4.3174881135363101,2.917770732084279,,0,0,0,0,3
2024.emnlp-main.60,2024,W4404783019,A5090635327,A5111153775,7,0,1,0,1,0,5.8171111599632042,2.5084371471981943,,1,0,0,1,3
2024.emnlp-main.602,2024,W4404792958,A5099497251,A5091674853,5,0,1,0,1,0,6.739336627357174,3.3672958299864741,,0,0,0,0,3
2024.emnlp-main.607,2024,W4404792932,A5009045297,A5006186008,2,0,1,0,1,0,3.6635616461296463,1.5040773967762742,,0,1,0,1,3
2024.emnlp-main.608,2024,W4404782480,A5102938398,A5027450194,4,0,1,0,1,0,7.4821189235521155,4.0298060410845293,,0,0,0,0,3
2024.emnlp-main.610,2024,W4404792992,A5101943433,A5100552379,5,0,1,0,1,0,7.0992017435530919,3.2733640101522705,,0,0,0,0,3
2024.emnlp-main.611,2024,W4404782685,A5103186206,A5100453144,6,0,1,0,1,0,8.5377798250246251,4.5272086445183799,,0,0,0,0,3
2024.emnlp-main.613,2024,W4404782322,A5100622420,A5100319579,3,0,1,0,1,0,6.9612960459101672,3.5835189384561099,,0,0,0,0,3
2024.emnlp-main.614,2024,W4404782430,A5008486397,A5076556541,3,1,0.75,1,1,1,6.2766434893416445,3.4863551900024623,13.91141601510134,0,0,0,0,3
2024.emnlp-main.616,2024,W4404782357,A5101767476,A5034401157,6,1,1,1,1,1,5.6629604801359461,2.3025850929940459,14.216603455206659,0,0,0,0,3
2024.emnlp-main.617,2024,W4404792934,A5008679414,A5058837356,4,0,1,0,1,0,6.8341087388138382,3.9269116179218968,,0,0,0,0,3
2024.emnlp-main.619,2024,W4404792922,A5034553547,A5059141717,3,0,1,0,1,0,7.7915228191507317,3.2321210516182211,,1,0,0,1,3
2024.emnlp-main.62,2024,W4404783798,A5101776868,A5051534896,8,0,1,0,1,0,7.8180279385307294,3.6857495611050086,,0,0,0,0,3
2024.emnlp-main.620,2024,W4404782368,A5026565649,A5100327839,3,0,0.75,0,1,0,7.5938778446051183,3.737669618283368,,0,1,0,1,3
2024.emnlp-main.621,2024,W4404782348,A5101884078,A5100355692,6,0,0.8571428571428571,0,1,0,9.6990430786544035,5.3115625932980572,,0,0,0,0,3
2024.emnlp-main.623,2024,W4404782281,A5113664303,A5072011701,4,0,1,0,1,0,8.0583273065809582,3.4011973816621555,,0,0,0,0,3
2024.emnlp-main.626,2024,W4404782689,A5012954217,A5017596591,3,2,1,1,1,1,6.8330317327862007,3.0757749812275281,12.584101463939191,0,0,0,0,3
2024.emnlp-main.627,2024,W4404792916,A5100675170,A5004444958,3,0,1,0,1,0,6.4861607889440887,3.5361166995615263,,0,0,0,0,3
2024.emnlp-main.628,2024,W4404782694,A5093884692,A5072659160,5,0,1,0,1,0,7.2923371761738771,3.380994674344636,,0,0,0,0,3
2024.emnlp-main.629,2024,W4404792935,A5083791842,A5027450194,5,0,1,0,1,0,7.4821189235521155,4.1774594689326072,,0,0,0,0,3
2024.emnlp-main.63,2024,W4404783297,A5000364056,A5039946576,6,1,1,1,1,1,8.4595640785796018,4.3459675848581796,13.936395444569744,1,0,0,1,3
2024.emnlp-main.633,2024,W4404792981,A5063249657,A5038798134,5,1,1,1,1,1,6.9460139910992273,3.3393219779440679,9.4961957770865553,0,0,0,0,3
2024.emnlp-main.635,2024,W4404782309,A5019467248,A5030874155,2,1,1,1,1,1,6.061456918928017,3.3141860046725258,9.2326887756399447,0,0,0,0,3
2024.emnlp-main.636,2024,W4404783369,A5101986799,A5101466117,3,0,1,0,1,0,7.5621616312256519,3.713572066704308,,0,0,0,0,3
2024.emnlp-main.637,2024,W4404782508,A5101769560,A5031456992,13,0,1,0,1,0,7.7782114745124931,3.5487328223706944,,0,0,0,0,3
2024.emnlp-main.638,2024,W4404782858,A5006038779,A5075768330,3,1,1,1,1,1,4.5951198501345898,2.7932080094425169,11.960408652004419,0,0,0,0,3
2024.emnlp-main.639,2024,W4404782532,A5063061958,A5101754653,7,0,1,0,1,0,6.4707995037826018,2.7814776696570278,,0,0,0,0,3
2024.emnlp-main.64,2024,W4404782964,A5113750837,A5110285832,12,0,0.92307692307692324,0,1,0,8.0362499421321161,4.0532331739796694,,0,0,0,0,3
2024.emnlp-main.640,2024,W4404792921,A5114472026,A5100664729,3,0,0.75,0,1,0,6.7511014689367599,3.120895416507997,,0,0,0,0,3
2024.emnlp-main.642,2024,W4404782283,A5034822677,A5064565201,5,0,1,0,1,0,6.9469759921354184,2.8332133440562162,,0,1,0,1,3
2024.emnlp-main.643,2024,W4404783186,A5092574764,A5013679563,3,1,1,1,1,1,6.1590953884919326,2.5649493574615367,11.17760656300284,0,0,0,0,3
2024.emnlp-main.644,2024,W4404783093,A5044296832,A5100320723,9,0,1,0,1,0,9.1025324193418768,4.4607864685345291,,0,0,0,0,3
2024.emnlp-main.645,2024,W4404782524,A5015151950,A5086717154,3,0,1,0,1,0,5.7990926544605257,3.4760986898352728,,0,0,0,0,3
2024.emnlp-main.647,2024,W4404792913,A5018054307,A5046084081,18,1,1,1,1,1,8.4941292518176859,3.5742165457937962,12.660816687229422,0,0,0,0,3
2024.emnlp-main.648,2024,W4404782673,A5015984403,A5102861481,4,0,1,0,1,0,7.2848209125686036,3.6375861597263857,,0,0,0,0,3
2024.emnlp-main.649,2024,W4404792970,A5085200850,A5018864006,2,0,1,0,1,0,6.8501261661455004,2.3513752571634776,,0,1,0,1,3
2024.emnlp-main.65,2024,W4404782946,A5039720488,A5100669593,8,0,1,0,1,0,6.93537044601511,3.188416617383492,,0,0,0,0,3
2024.emnlp-main.652,2024,W4404792998,A5073890145,A5067298540,3,0,0.75,0,1,0,6.3868793193626452,3.1780538303479458,,0,0,0,0,3
2024.emnlp-main.653,2024,W4404792925,A5100658574,A5003025940,4,0,1,0,1,0,4.9416424226093039,2.7880929087757464,,0,0,0,0,3
2024.emnlp-main.655,2024,W4404782742,A5000524048,A5100438360,4,0,1,0,1,0,9.0870421556316892,4.7535901911063645,,1,0,0,1,3
2024.emnlp-main.656,2024,W4404782334,A5100030106,A5054882290,4,0,1,0,1,0,5.6767538022682817,2.224623551524334,,0,0,0,0,3
2024.emnlp-main.658,2024,W4404782257,A5021920582,A5115596471,5,0,1,0,1,0,6.3664704477314382,2.7212954278522306,,0,0,0,0,3
2024.emnlp-main.659,2024,W4404783088,A5075045576,A5030874155,3,1,1,1,1,1,6.3473892096560105,3.3440389678222067,9.2326887756399447,0,0,0,0,3
2024.emnlp-main.66,2024,W4404782805,A5114803621,A5086674741,5,0,1,0,1,0,8.2022084364364485,3.7184382563554808,,1,0,0,1,3
2024.emnlp-main.663,2024,W4404782775,A5102805183,A5100687717,2,1,1,1,1,1,5.9053618480545707,2.3513752571634776,14.383530928243507,0,0,0,0,3
2024.emnlp-main.665,2024,W4404792924,A5092576988,A5091259315,5,0,1,0,1,0,7.2291138777933019,3.737669618283368,,1,0,0,1,3
2024.emnlp-main.666,2024,W4404792994,A5037467829,A5100401884,4,0,1,0,1,0,8.1625162501401789,4.3141492122707961,,0,0,0,0,3
2024.emnlp-main.667,2024,W4404783189,A5017086516,A5080643403,7,0,1,0,1,0,6.0776422433490342,2.4967411074350032,,0,0,0,0,3
2024.emnlp-main.668,2024,W4404782791,A5002713243,A5066326238,10,0,1,0,1,0,7.8815599170568991,3.8877303128591016,,0,0,0,0,3
2024.emnlp-main.669,2024,W4404792956,A5025350907,A5004096188,2,0,1,0,1,0,4.8441870864585912,3.2386784521643803,,1,0,0,1,3
2024.emnlp-main.67,2024,W4404782753,A5069543186,A5102994315,8,0,1,0,1,0,7.0317412587631285,3.1300446111615852,,0,0,0,0,3
2024.emnlp-main.673,2024,W4404782933,A5021361292,A5066969862,4,0,1,0,1,0,6.3508857167147399,3.4339872044851463,,0,0,0,0,3
2024.emnlp-main.675,2024,W4404310792,A5093471806,A5011336242,5,2,1,1,1,1,6.2205901700997392,2.9652730660692823,13.155507975996631,1,0,0,1,3
2024.emnlp-main.676,2024,W4404792933,A5030701149,A5048281640,2,1,1,1,1,1,5.2522734280466299,1.6094379124341005,11.306331707200554,0,0,0,0,3
2024.emnlp-main.677,2024,W4404782815,A5069924613,A5029248315,4,0,1,0,1,0,7.180069874302796,3.9889840465642745,,0,0,0,0,3
2024.emnlp-main.678,2024,W4404783239,A5062023845,A5038456766,4,0,1,0,1,0,6.4361503683694279,3.4578927253387008,,0,0,0,0,3
2024.emnlp-main.68,2024,W4404782843,A5083101600,A5065666573,4,0,1,0,1,0,5.855071922202427,2.4423470353692043,,0,1,0,1,3
2024.emnlp-main.680,2024,W4404792930,A5021985200,A5084715845,5,0,1,0,1,0,7.1324975516600437,3.3672958299864741,,0,0,0,0,3
2024.emnlp-main.681,2024,W4404783338,A5114847741,A5103350810,3,0,1,0,1,0,3.1780538303479458,1.0986122886681098,,0,0,0,0,3
2024.emnlp-main.682,2024,W4404792996,A5037533418,A5070905937,5,1,1,1,1,1,8.0873329264733513,3.5779478934066544,13.037846341503284,1,0,0,1,3
2024.emnlp-main.683,2024,W4404782435,A5037363867,A5008257790,7,0,1,0,1,0,9.1147101409609323,3.6635616461296463,,0,1,0,1,3
2024.emnlp-main.684,2024,W4404782951,A5015619900,A5089212858,9,0,1,0,1,0,5.472270673671475,2.9732594177019327,,0,0,0,0,3
2024.emnlp-main.685,2024,W4404792972,A5114851150,A5114851155,6,0,1,0,1,0,0,0,,1,0,0,1,3
2024.emnlp-main.687,2024,W4404782633,A5087402268,A5039468724,3,0,1,0,1,0,6.2363695902037044,3.5927355935610339,,0,0,0,0,3
2024.emnlp-main.688,2024,W4404782151,A5100746166,A5100887982,8,0,1,0,1,0,8.2880315677764642,4.0253516907351496,,0,0,0,0,3
2024.emnlp-main.69,2024,W4404783763,A5043206912,A5020994673,3,0,1,0,1,0,6.6908422774185636,4.1997050778799272,,0,0,0,0,3
2024.emnlp-main.690,2024,W4404792943,A5051572260,A5100402996,5,0,0.83333333333333337,0,1,0,9.9060343068027041,5.1873858058407549,,1,0,0,1,3
2024.emnlp-main.693,2024,W4404782275,A5099623085,A5100331210,3,0,1,0,1,0,5.2832037287379885,2.5123056239761148,,0,0,0,0,3
2024.emnlp-main.694,2024,W4404782757,A5113159165,A5010341007,4,0,1,0,1,0,6.6120410348330916,3.7436043538031831,,0,0,0,0,3
2024.emnlp-main.695,2024,W4404792915,A5114338163,A5114338163,1,1,1,1,1,1,0,0,10.671394278644025,0,0,0,0,3
2024.emnlp-main.696,2024,W4404783194,A5107619536,A5030546839,3,1,1,1,1,1,4.5643481914678361,2.5649493574615367,9.2134355768834837,0,0,0,0,3
2024.emnlp-main.697,2024,W4404782994,A5091862519,A5100634361,7,0,1,0,1,0,8.2443340478560945,3.6853016327660528,,0,0,0,0,3
2024.emnlp-main.698,2024,W4404783131,A5093784797,A5036544715,5,0,1,0,1,0,5.8888779583328805,2.5952547069568657,,0,0,0,0,3
2024.emnlp-main.699,2024,W4404792961,A5058869060,A5050436152,3,0,1,0,1,0,9.0467620579993646,3.864232341591797,,0,0,0,0,3
2024.emnlp-main.7,2024,W4404783650,A5111062511,A5108611588,9,0,1,0,1,0,9.2488877815884223,4.4785986442986285,,0,0,0,0,3
2024.emnlp-main.701,2024,W4404783067,A5102851552,A5026113034,5,0,0.83333333333333337,0,1,0,7.8701659464698448,3.1267605359603952,,0,0,0,0,3
2024.emnlp-main.702,2024,W4404783317,A5051169643,A5033257344,8,0,1,0,1,0,7.4535618716433731,3.277144732992177,,0,0,0,0,3
2024.emnlp-main.703,2024,W4404792919,A5050914724,A5100622780,7,0,0.875,0,1,0,7.5496091651545321,3.2635760037861075,,0,0,0,0,3
2024.emnlp-main.706,2024,W4404792964,A5019866898,A5055033421,3,0,1,0,1,0,5.6454468976432377,2.6625878270254528,,0,0,0,0,3
2024.emnlp-main.71,2024,W4404782879,A5074229248,A5010558184,7,0,1,0,1,0,7.1066061377273027,3.942967809277568,,0,1,0,1,3
2024.emnlp-main.710,2024,W4404792936,A5100753657,A5088834359,13,0,1,0,1,0,9.0980671294933977,4.4579187286211051,,1,0,0,1,3
2024.emnlp-main.712,2024,W4404783266,A5087016403,A5055237181,5,1,1,1,1,1,5.9964520886190211,3.1000922888782338,12.829116516866758,0,0,0,0,3
2024.emnlp-main.718,2024,W4404782729,A5055065490,A5019108029,9,0,1,0,1,0,8.1789193328483965,4.0253516907351496,,0,1,0,1,3
2024.emnlp-main.719,2024,W4404792923,A5021305048,A5016704219,8,0,0.88888888888888884,0,1,0,6.9196838498474111,3.4218166688648912,,0,1,0,1,3
2024.emnlp-main.720,2024,W4404792969,A5067393636,A5030248499,7,1,0.77777777777777779,1,1,1,8.2718040311547085,4.5820477685672367,13.793317094896596,0,0,0,0,3
2024.emnlp-main.721,2024,W4404782976,A5074059774,A5047026141,2,1,1,1,1,1,6.1527326947041043,3.1135153092103742,13.912023650342716,0,0,0,0,3
2024.emnlp-main.722,2024,W4404783154,A5056336934,A5102751070,9,0,1,0,1,0,7.8434564043761155,3.9230728416147311,,1,0,0,1,3
2024.emnlp-main.724,2024,W4404782784,A5099447621,A5076880940,9,0,1,0,1,0,7.1016759716194438,2.3566523142643216,,0,0,0,0,3
2024.emnlp-main.725,2024,W4404783147,A5100527485,A5043628255,9,1,1,1,1,1,8.0057006786625422,3.2054528045360602,14.187762842686212,0,0,0,0,3
2024.emnlp-main.726,2024,W4404782499,A5100360194,A5057346703,6,0,1,0,1,0,7.8071032901259798,4.295015257684252,,0,0,0,0,3
2024.emnlp-main.728,2024,W4404782371,A5113261138,A5035425002,3,2,1,1,1,1,6.4831073514571989,2.5649493574615367,12.292553048244576,0,0,0,0,3
2024.emnlp-main.729,2024,W4404783166,A5111250631,A5078850040,6,0,1,0,1,0,6.826545223556594,3.1849742731925192,,0,0,0,0,3
2024.emnlp-main.73,2024,W4404783260,A5089970845,A5010558184,3,1,1,1,1,1,7.1066061377273027,3.8066624897703201,11.961501146802345,0,0,0,0,3
2024.emnlp-main.731,2024,W4403322134,A5109022029,A5051652099,4,2,1,1,1,1,4.9558270576012609,2.3025850929940459,10.482513733991372,0,0,0,0,3
2024.emnlp-main.732,2024,W4404782315,A5100458994,A5032275274,6,0,1,0,1,0,8.6579980680072577,4.4127982933406349,,0,0,0,0,3
2024.emnlp-main.734,2024,W4404782347,A5100626793,A5100691219,4,0,1,0,1,0,7.6148053647110734,4.1149638494248366,,0,1,0,1,3
2024.emnlp-main.735,2024,W4404782704,A5014251585,A5065985595,2,0,1,0,1,0,6.3117348091529148,3.2580965380214821,,1,0,0,1,3
2024.emnlp-main.737,2024,W4404782666,A5101408453,A5106668475,7,0,1,0,1,0,7.2262090101006713,3.5347287742866778,,0,0,0,0,3
2024.emnlp-main.738,2024,W4404792949,A5044671558,A5100354674,4,0,1,0,1,0,8.4924905787758664,4.5325994931532563,,0,0,0,0,3
2024.emnlp-main.739,2024,W4404783171,A5093983362,A5093983363,10,0,1,0,1,0,8.7157161275482,2.8735646395797838,,0,0,0,0,3
2024.emnlp-main.74,2024,W4404783601,A5043351160,A5101626204,6,0,1,0,1,0,8.0401246644483795,4.2121275978784842,,0,1,0,1,3
2024.emnlp-main.740,2024,W4404792947,A5088392357,A5051359789,3,0,1,0,1,0,5.5683445037610966,3.3322045101752038,,0,0,0,0,3
2024.emnlp-main.742,2024,W4404782823,A5035433961,A5046448314,10,0,1,0,1,0,8.5782882907760492,4.0448041166619646,,1,0,0,1,3
2024.emnlp-main.743,2024,W4404792950,A5061883661,A5015105117,7,0,1,0,1,0,8.5935985226186435,4.3382240120154885,,0,0,0,0,3
2024.emnlp-main.744,2024,W4404782871,A5102293503,A5004737962,6,0,1,0,1,0,5.8944028342648505,2.9087208965643612,,1,1,0,1,3
2024.emnlp-main.746,2024,W4404793003,A5103225802,A5019458385,6,0,1,0,1,0,7.8648040033284596,4.440688547322468,,0,0,0,0,3
2024.emnlp-main.748,2024,W4404782852,A5100772810,A5112303018,11,0,1,0,1,0,7.3138868316334618,3.018205129406049,,1,0,0,1,3
2024.emnlp-main.749,2024,W4404782256,A5040844009,A5051023120,3,0,0.75,0,1,0,6.0014148779611514,3.0602707946915619,,1,0,0,1,3
2024.emnlp-main.75,2024,W4404783780,A5100624911,A5064265174,5,0,1,0,1,0,8.2766491254218604,3.3672958299864741,,0,1,0,1,3
2024.emnlp-main.751,2024,W4404783364,A5101350583,A5057436798,7,0,1,0,1,0,6.7345916599729483,3.6109179126442239,,0,0,0,0,3
2024.emnlp-main.753,2024,W4404782922,A5093992734,A5059859009,6,0,1,0,1,0,5.2729995585637468,2.2686835413183641,,1,0,0,1,3
2024.emnlp-main.754,2024,W4404783036,A5102818141,A5100716372,7,0,1,0,1,0,9.0765803817966582,4.3909155820911279,,0,0,0,0,3
2024.emnlp-main.755,2024,W4404782620,A5103173191,A5087565126,6,0,1,0,1,0,6.4676987261043539,3.3730265046954591,,0,0,0,0,3
2024.emnlp-main.757,2024,W4404782960,A5101627282,A5087041599,5,0,1,0,1,0,6.3438804341263308,3.2425923514855168,,0,1,0,1,3
2024.emnlp-main.758,2024,W4404792954,A5049883737,A5100721450,5,0,1,0,1,0,7.6372343887894729,3.6375861597263857,,0,0,0,0,3
2024.emnlp-main.759,2024,W4404782931,A5100632772,A5107914504,18,0,0.94736842105263164,0,1,0,7.2964132687739198,3.1135153092103742,,0,0,0,0,3
2024.emnlp-main.76,2024,W4404783181,A5027401438,A5030248499,5,0,1,0,1,0,8.1922937311476396,4.746669748261791,,1,0,0,1,3
2024.emnlp-main.760,2024,W4404782310,A5031652203,A5102820325,5,0,1,0,1,0,7.1483457439000677,3.3877743613300142,,0,0,0,0,3
2024.emnlp-main.762,2024,W4404792983,A5100417177,A5100664729,3,1,1,1,1,1,8.452974619089586,3.8985999850960056,13.368987489998224,0,0,0,0,3
2024.emnlp-main.765,2024,W4404782167,A5111146676,A5024253012,6,0,1,0,1,0,8.3211783074902801,4.1614838650597292,,0,0,0,0,3
2024.emnlp-main.768,2024,W4404783030,A5101599729,A5012727269,7,0,0.875,0,1,0,6.62273632394984,2.8982769374032777,,1,0,0,1,3
2024.emnlp-main.769,2024,W4404782580,A5093339384,A5020020314,3,0,1,0,1,0,5.8805329864007003,3.1640675883732059,,0,0,0,0,3
2024.emnlp-main.77,2024,W4404783669,A5100659434,A5001714538,5,0,1,0,1,0,8.4612575590859347,4.6443908991413725,,0,0,0,0,3
2024.emnlp-main.770,2024,W4404782191,A5100688754,A5078530959,3,1,1,1,1,1,6.3835066348840055,4.0312864262549644,13.846010664612599,0,0,0,0,3
2024.emnlp-main.772,2024,W4404782210,A5100568833,A5101855920,6,0,1,0,1,0,7.5719884493774403,2.9444389791664403,,0,0,0,0,3
2024.emnlp-main.773,2024,W4404782548,A5052998031,A5026586477,2,1,1,1,1,1,3.218875824868201,1.0986122886681098,8.1202913139685613,0,0,0,0,3
2024.emnlp-main.775,2024,W4404783070,A5104212958,A5115602420,6,0,0.8571428571428571,0,1,0,8.0417347114875373,4.0998847425977161,,0,1,0,1,3
2024.emnlp-main.776,2024,W4404783363,A5049902818,A5003859694,3,2,1,1,1,1,4.5538768916005408,2.7515353130419489,13.278489818415098,0,0,0,0,3
2024.emnlp-main.777,2024,W4404783276,A5104243967,A5001956210,14,0,1,0,1,0,6.8752320872765766,2.8903717578961645,,0,0,0,0,3
2024.emnlp-main.779,2024,W4404783144,A5077224755,A5068007462,5,0,1,0,1,0,7.352441100243583,3.7281001672672178,,0,0,0,0,3
2024.emnlp-main.78,2024,W4404783257,A5026487999,A5020994183,5,0,0.83333333333333337,0,1,0,5.9427993751267012,2.1282317058492679,,0,1,0,1,3
2024.emnlp-main.780,2024,W4404792980,A5001174070,A5098748822,5,0,1,0,1,0,2.4849066497880004,0.58778666490211906,,0,0,0,0,3
2024.emnlp-main.781,2024,W4404782601,A5000288029,A5047817959,5,0,1,0,1,0,7.3310603052186316,3.0726933146901194,,0,0,0,0,3
2024.emnlp-main.782,2024,W4404783216,A5020769742,A5036544715,4,0,1,0,1,0,7.3588308983423536,3.6888794541139358,,0,1,0,1,3
2024.emnlp-main.784,2024,W4404782399,A5018130791,A5092513269,4,0,1,0,1,0,5.579729825986222,2.2772672850097559,,0,0,0,0,3
2024.emnlp-main.785,2024,W4404783046,A5040226555,A5102704898,13,0,1,0,1,0,7.5054922747374242,3.6516567436233278,,0,0,0,0,3
2024.emnlp-main.786,2024,W4404782888,A5099111310,A5081307846,7,0,1,0,1,0,6.1268691841141854,2.7269186854065928,,0,0,0,0,3
2024.emnlp-main.788,2024,W4404783107,A5101787663,A5109497589,5,0,1,0,1,0,6.2205901700997392,2.5014359517392109,,0,0,0,0,3
2024.emnlp-main.79,2024,W4404783221,A5036524439,A5008645615,5,0,1,0,1,0,7.2019163175316274,3.8670256394974101,,0,0,0,0,3
2024.emnlp-main.791,2024,W4404782842,A5101722358,A5100687717,2,1,1,1,1,1,5.9053618480545707,2.862200880929469,14.383530928243507,0,0,0,0,3
2024.emnlp-main.792,2024,W4404782978,A5113154147,A5087099593,4,0,1,0,1,0,6.7638849085624351,3.3141860046725258,,1,0,0,1,3
2024.emnlp-main.793,2024,W4404783009,A5012799142,A5013679563,5,0,1,0,1,0,6.1590953884919326,2.6946271807700688,,0,0,0,0,3
2024.emnlp-main.794,2024,W4404783210,A5011376608,A5050386762,3,0,0.75,0,1,0,6.9469759921354184,3.2708355637989119,,1,0,0,1,3
2024.emnlp-main.797,2024,W4404783209,A5115588302,A5109221226,6,0,1,0,1,0,6.9334230257307148,2.6508917872622613,,0,1,0,1,3
2024.emnlp-main.798,2024,W4404793006,A5031690323,A5085370631,3,0,1,0,1,0,7.7523351633022921,4.4620693423474185,,0,0,0,0,3
2024.emnlp-main.8,2024,W4404783176,A5100362464,A5030922449,7,0,1,0,1,0,7.0431599159883405,3.3219480100080148,,0,0,0,0,3
2024.emnlp-main.80,2024,W4404783353,A5040307220,A5100389900,6,0,1,0,1,0,7.8628820346414896,4.7434818017856033,,0,0,0,0,3
2024.emnlp-main.801,2024,W4404783296,A5070907404,A5042324278,8,0,1,0,1,0,6.8564619845945867,3.0019628233046269,,0,0,0,0,3
2024.emnlp-main.803,2024,W4404782425,A5103140610,A5051693368,8,0,1,0,1,0,7.0130157896396303,3.2337644373619514,,0,0,0,0,3
2024.emnlp-main.804,2024,W4404782404,A5102786375,A5021751767,4,0,1,0,1,0,8.1780774638496077,4.4036658097773627,,0,0,0,0,3
2024.emnlp-main.806,2024,W4404782576,A5100714041,A5069353502,8,0,1,0,1,0,7.2950564164626304,3.614290597122864,,0,0,0,0,3
2024.emnlp-main.807,2024,W4404783290,A5084524421,A5100665183,5,0,1,0,1,0,8.12355783506165,4.4042772436087017,,0,0,0,0,3
2024.emnlp-main.808,2024,W4404782125,A5108934300,A5004875850,6,0,1,0,1,0,8.2201339571518588,2.9267394020670401,,0,1,0,1,3
2024.emnlp-main.81,2024,W4404782798,A5034908059,A5051680867,6,0,1,0,1,0,7.007600613951853,3.6592789843376456,,0,1,0,1,3
2024.emnlp-main.810,2024,W4404782183,A5100317994,A5010419481,7,0,1,0,1,0,9.1888102534258191,4.6847732365870582,,0,0,0,0,3
2024.emnlp-main.811,2024,W4404792975,A5034387244,A5003887059,5,0,1,0,1,0,7.1049654482698426,3.6686767467964168,,0,0,0,0,3
2024.emnlp-main.813,2024,W4404782899,A5114860703,A5034476404,8,0,1,0,1,0,7.683403681053826,4.219507705176107,,0,0,0,0,3
2024.emnlp-main.815,2024,W4404782656,A5100451699,A5037981788,4,0,0.80000000000000004,0,1,0,4.1108738641733114,1.0986122886681098,,0,0,0,0,3
2024.emnlp-main.816,2024,W4404782474,A5102622759,A5015709853,3,0,0.75,0,1,0,7.8804263442923999,4.5538768916005408,,0,1,0,1,3
2024.emnlp-main.817,2024,W4404792937,A5101798380,A5023846029,8,0,1,0,1,0,7.1838707150624526,3.4380113547848721,,0,0,0,0,3
2024.emnlp-main.818,2024,W4404782981,A5047416722,A5064858748,8,1,0.80000000000000004,1,1,0,7.5469741175165268,3.8607297110405954,,0,0,0,0,3
2024.emnlp-main.819,2024,W4404792952,A5104314492,A5038206174,3,1,1,1,1,1,5.2470240721604862,2.159484249353373,13.912023650342716,0,0,0,0,3
2024.emnlp-main.82,2024,W4404782665,A5100438520,A5102977429,6,0,1,0,1,0,6.9450510637258338,2.4423470353692043,,1,0,0,1,3
2024.emnlp-main.820,2024,W4404782936,A5114847693,A5114847695,3,0,0.75,0,1,0,0,0,,0,0,0,0,3
2024.emnlp-main.823,2024,W4404792976,A5102891035,A5063062444,6,0,1,0,1,0,7.7531942698843412,3.9019726695746448,,1,0,0,1,3
2024.emnlp-main.824,2024,W4404783270,A5046362381,A5061590514,3,0,1,0,1,0,4.836281906951478,2.7932080094425169,,0,1,0,1,3
2024.emnlp-main.828,2024,W4404792966,A5087740078,A5101899054,4,0,1,0,1,0,7.215975002651466,3.9655637723561759,,0,0,0,0,3
2024.emnlp-main.83,2024,W4404783310,A5114245434,A5046448314,9,0,1,0,1,0,9.1025324193418768,4.5689671373241305,,0,0,0,0,3
2024.emnlp-main.831,2024,W4404792973,A5032752944,A5004111307,5,0,0.83333333333333337,0,1,0,6.8596149036542018,3.737669618283368,,0,0,0,0,3
2024.emnlp-main.832,2024,W4404783005,A5011075975,A5064890446,3,0,1,0,1,0,5.4930614433405482,2.5389738710582761,,0,0,0,0,3
2024.emnlp-main.834,2024,W4404782297,A5102160720,A5045125183,7,0,1,0,1,0,8.1411897934576913,3.622434354705784,,0,0,0,0,3
2024.emnlp-main.835,2024,W4404792965,A5082273313,A5112800069,5,0,1,0,1,0,7.4277388405328937,3.8836235309064482,,0,0,0,0,3
2024.emnlp-main.836,2024,W4404782825,A5102221546,A5053549250,6,0,1,0,1,0,8.1297644457941711,3.4011973816621555,,0,0,0,0,3
2024.emnlp-main.837,2024,W4404783277,A5018034783,A5114847735,5,0,0.7142857142857143,0,1,0,4.2766661190160553,1.0986122886681098,,0,0,0,0,3
2024.emnlp-main.838,2024,W4404792931,A5037219190,A5036610566,2,1,1,1,1,1,4.5951198501345898,2.862200880929469,12.201492171156064,0,0,0,0,3
2024.emnlp-main.839,2024,W4404792938,A5103051925,A5027450194,3,0,1,0,1,0,7.4821189235521155,4.2096554087330951,,0,0,0,0,3
2024.emnlp-main.84,2024,W4404783306,A5058729228,A5112758056,6,0,1,0,1,0,8.1411897934576913,3.9415818076696905,,0,0,0,0,3
2024.emnlp-main.841,2024,W4404782554,A5100337413,A5039500313,6,0,1,0,1,0,7.0859014643656106,3.277144732992177,,0,0,0,0,3
2024.emnlp-main.845,2024,W4404783040,A5004108186,A5034476404,8,0,1,0,1,0,7.683403681053826,4.0604430105464191,,0,0,0,0,3
2024.emnlp-main.847,2024,W4404782464,A5007396467,A5030503109,3,0,1,0,1,0,6.584791392385716,3.8572147689331513,,1,0,0,1,3
2024.emnlp-main.848,2024,W4404782065,A5016700914,A5100677785,4,0,1,0,1,0,7.0892431550275141,3.218875824868201,,0,0,0,0,3
2024.emnlp-main.849,2024,W4404782972,A5005319561,A5071056788,3,0,0.75,0,1,0,5.598421958998375,2.7300291078209851,,0,0,0,0,3
2024.emnlp-main.85,2024,W4404783337,A5111271868,A5046448314,11,0,0.91666666666666663,0,1,0,8.5782882907760492,4.215488945581189,,0,0,0,0,3
2024.emnlp-main.851,2024,W4404782077,A5018829722,A5114847589,6,0,0.8571428571428571,0,1,0,7.2541778464565176,3.9019726695746448,,0,0,0,0,3
2024.emnlp-main.852,2024,W4404782606,A5036522935,A5088834359,12,0,1,0,1,0,7.7706452341291756,3.6109179126442239,,0,1,0,1,3
2024.emnlp-main.853,2024,W4404782564,A5059837056,A5029998682,5,1,1,1,1,1,7.8898337513942947,4.5559799417973199,11.058968398224945,0,0,0,0,3
2024.emnlp-main.854,2024,W4404782117,A5065863041,A5016892586,4,0,1,0,1,0,6.879355804460439,3.6506582412937383,,0,1,0,1,3
2024.emnlp-main.855,2024,W4404782545,A5092229366,A5071030042,6,0,1,0,1,0,6.1398845522262553,3.120895416507997,,0,0,0,0,3
2024.emnlp-main.856,2024,W4404782198,A5077637321,A5008208316,8,0,1,0,1,0,6.9939329752231894,3.218875824868201,,1,0,0,1,3
2024.emnlp-main.859,2024,W4404782502,A5107496310,A5003637850,4,0,1,0,1,0,6.831953565565855,3.1675825304806504,,0,0,0,0,3
2024.emnlp-main.862,2024,W4404782089,A5102684501,A5053619267,4,0,1,0,1,0,5.9242557974145322,2.724579503053421,,0,0,0,0,3
2024.emnlp-main.863,2024,W4404782232,A5074356086,A5100324098,7,2,1,1,1,1,7.5553819442402732,3.7612001156935615,12.865779374987779,0,0,0,0,3
2024.emnlp-main.864,2024,W4404782514,A5004421768,A5010733532,3,0,0.75,0,1,0,6.8276292345028518,3.4339872044851463,,0,0,0,0,3
2024.emnlp-main.867,2024,W4404782794,A5102755689,A5004194238,8,0,1,0,1,0,8.1997389606307856,4.5656494278258082,,0,0,0,0,3
2024.emnlp-main.868,2024,W4404782303,A5101958947,A5027052085,4,0,1,0,1,0,8.1684864171266813,4.0732911530242681,,0,1,0,1,3
2024.emnlp-main.87,2024,W4404783264,A5100327746,A5009018188,4,0,1,0,1,0,6.1025585946135692,3.157000421150113,,0,0,0,0,3
2024.emnlp-main.870,2024,W4404782046,A5020349176,A5040821130,7,1,1,1,1,1,8.8286406174182801,4.1271343850450917,9.3778020658631114,0,1,0,1,3
2024.emnlp-main.871,2024,W4404783151,A5052729833,A5070464448,8,0,1,0,1,0,7.7142311448490846,3.8738017926079489,,0,0,0,0,3
2024.emnlp-main.873,2024,W4404782690,A5010633626,A5103213198,5,0,0.83333333333333337,0,1,0,6.4831073514571989,3.2347491740244907,,0,1,0,1,3
2024.emnlp-main.875,2024,W4404782194,A5108378458,A5018288181,4,0,1,0,1,0,7.1724245771248452,4.0386556563615121,,0,0,0,0,3
2024.emnlp-main.876,2024,W4404782719,A5101130201,A5069462779,2,0,1,0,1,0,5.7004435733906869,3.3499040872746049,,0,0,0,0,3
2024.emnlp-main.878,2024,W4404782218,A5110981792,A5066282713,4,0,1,0,1,0,5.4553211153577017,2.6741486494265287,,0,1,0,1,3
2024.emnlp-main.879,2024,W4404782365,A5021692839,A5066123945,6,0,1,0,1,0,7.4888529557334591,3.7727609380946383,,0,1,0,1,3
2024.emnlp-main.88,2024,W4404782743,A5107905148,A5013188461,5,0,1,0,1,0,7.1838707150624526,4.0910056609565864,,0,0,0,0,3
2024.emnlp-main.880,2024,W4404782877,A5039903743,A5093973963,9,0,1,0,1,0,7.7782114745124931,3.5835189384561099,,0,0,0,0,3
2024.emnlp-main.881,2024,W4404782506,A5100398178,A5081398601,5,0,1,0,1,0,7.5994013334158153,4.1526134703460764,,0,0,0,0,3
2024.emnlp-main.883,2024,W4404782724,A5102694793,A5107656468,14,0,1,0,1,0,8.2131106975966759,3.3940288921835422,,0,0,0,0,3
2024.emnlp-main.884,2024,W4404782793,A5035044013,A5008944385,6,0,1,0,1,0,6.7945865808764987,3.4709307196768302,,0,0,0,0,3
2024.emnlp-main.885,2024,W4404783082,A5067104355,A5064573190,5,0,1,0,1,0,8.8600734243327803,4.3643716994351607,,0,0,0,0,3
2024.emnlp-main.886,2024,W4404782536,A5010614583,A5046521217,4,0,0.80000000000000004,0,1,0,7.2696167496081694,4.3534985510593431,,0,0,0,0,3
2024.emnlp-main.887,2024,W4404782749,A5068871150,A5046521217,3,0,0.75,0,1,0,7.2696167496081694,4.2096554087330951,,0,0,0,0,3
2024.emnlp-main.889,2024,W4404782941,A5107956331,A5046521217,3,0,0.75,0,1,0,7.2696167496081694,4.2484952420493594,,0,0,0,0,3
2024.emnlp-main.89,2024,W4404782971,A5100645854,A5008380821,4,0,1,0,1,0,7.9233482119301542,3.844814255734696,,0,0,0,0,3
2024.emnlp-main.890,2024,W4404782031,A5101112270,A5102205006,7,0,1,0,1,0,6.9186952190204716,2.6079667425452278,,0,0,0,0,3
2024.emnlp-main.891,2024,W4404782379,A5089536044,A5029568096,5,0,1,0,1,0,6.8035052576083377,3.5553480614894131,,0,0,0,0,3
2024.emnlp-main.892,2024,W4404782153,A5013838295,A5100459107,6,0,0.8571428571428571,0,1,0,6.1202974189509503,2.9957322735539909,,0,0,0,0,3
2024.emnlp-main.893,2024,W4404782587,A5049383848,A5103933556,3,1,1,1,1,1,8.2506200821746916,3.6287755300442308,12.325285769234124,0,0,0,0,3
2024.emnlp-main.895,2024,W4404783010,A5028182071,A5100378750,9,0,1,0,1,0,6.8554087986099281,3.044522437723423,,0,0,0,0,3
2024.emnlp-main.896,2024,W4404782301,A5004416967,A5104089865,8,0,1,0,1,0,6.8112443786012937,3.3050535211092531,,0,1,0,1,3
2024.emnlp-main.897,2024,W4404782591,A5100362662,A5112998078,4,0,1,0,1,0,6.75343791859778,3.6699514442284169,,0,0,0,0,3
2024.emnlp-main.898,2024,W4404782764,A5006812383,A5080674767,5,0,1,0,1,0,7.9054416490602861,3.9473901492654369,,0,0,0,0,3
2024.emnlp-main.9,2024,W4404783499,A5100362465,A5100595350,8,0,1,0,1,0,9.3829482365824983,3.924445525426703,,0,0,0,0,3
2024.emnlp-main.901,2024,W4404782926,A5112278687,A5081090988,5,0,0.83333333333333337,0,1,0,4.9052747784384296,1.5686159179138452,,1,0,0,1,3
2024.emnlp-main.905,2024,W4404783058,A5004499394,A5038103607,2,1,1,1,1,1,4.5108595065168497,2.9957322735539909,2.5649493574615367,0,0,0,0,3
2024.emnlp-main.91,2024,W4404783161,A5084540711,A5101824160,4,0,1,0,1,0,6.8865316425305103,2.9041650800285006,,0,0,0,0,3
2024.emnlp-main.914,2024,W4404782115,A5056508457,A5106404797,6,1,1,1,1,1,6.6694980898578793,3.4393491476265319,13.274045298066172,0,0,0,0,3
2024.emnlp-main.916,2024,W4404782270,A5063135412,A5101386254,6,0,1,0,1,0,5.5606816310155276,1.7047480922384253,,0,0,0,0,3
2024.emnlp-main.917,2024,W4404782428,A5007104233,A5087099593,3,0,1,0,1,0,6.7638849085624351,3.5742165457937962,,0,1,0,1,3
2024.emnlp-main.919,2024,W4404782473,A5074356086,A5102477484,3,2,1,1,1,1,5.4553211153577017,1.791759469228055,12.865779374987779,0,1,0,1,3
2024.emnlp-main.92,2024,W4404783457,A5022401203,A5110285832,7,0,1,0,1,0,7.4570320891223805,3.674490716661837,,0,0,0,0,3
2024.emnlp-main.920,2024,W4404782177,A5093458288,A5046521217,3,0,1,0,1,0,7.2696167496081694,4.2579739860039032,,1,1,0,1,3
2024.emnlp-main.922,2024,W4404783042,A5019124794,A5029449532,3,6,0.75,1,1,1,4.9126548857360524,2.8526314299133171,12.892670928797282,0,0,0,0,3
2024.emnlp-main.923,2024,W4404783122,A5103096924,A5038002204,8,0,1,0,1,0,7.1747243098363764,3.4094961844768505,,1,0,0,1,3
2024.emnlp-main.925,2024,W4404781979,A5114343449,A5009986933,4,0,1,0,1,0,2.5649493574615367,1.7047480922384253,,0,0,0,0,3
2024.emnlp-main.927,2024,W4404782344,A5083955516,A5088834359,7,0,1,0,1,0,8.4149389573774815,4.055504728905837,,0,0,0,0,3
2024.emnlp-main.928,2024,W4404782056,A5114245479,A5115695151,6,0,1,0,1,0,8.1662162685921427,3.4011973816621555,,0,0,0,0,3
2024.emnlp-main.929,2024,W4404782859,A5108481711,A5087446447,8,0,1,0,1,0,7.9373746961632952,3.7406413886725258,,0,0,0,0,3
2024.emnlp-main.93,2024,W4404783749,A5101212444,A5058353424,9,0,1,0,1,0,7.2730925959995218,3.3242363405260269,,0,0,0,0,3
2024.emnlp-main.933,2024,W4404782983,A5073206067,A5092595758,5,0,1,0,1,0,5.4467373716663099,3.0633909220278057,,0,1,0,1,3
2024.emnlp-main.934,2024,W4404782881,A5005572782,A5030248499,7,0,1,0,1,0,8.1922937311476396,4.4642647329108538,,0,1,0,1,3
2024.emnlp-main.936,2024,W4404783120,A5047026376,A5042262991,4,0,0.80000000000000004,0,1,0,6.6306833856423717,3.188416617383492,,0,0,0,0,3
2024.emnlp-main.937,2024,W4404781971,A5012823941,A5073812421,8,0,1,0,1,0,6.4831073514571989,3.3499040872746049,,0,0,0,0,3
2024.emnlp-main.939,2024,W4404782339,A5026541050,A5114452851,3,0,0.75,0,1,0,0,0,,0,0,0,0,3
2024.emnlp-main.94,2024,W4404783508,A5040428208,A5070941491,3,0,1,0,1,0,4.9126548857360524,3.1640675883732059,,0,0,0,0,3
2024.emnlp-main.940,2024,W4404782893,A5003491365,A5066242985,6,0,1,0,1,0,8.1945055097656407,3.8918202981106265,,0,0,0,0,3
2024.emnlp-main.941,2024,W4404783087,A5034136464,A5035329776,7,0,1,0,1,0,7.2930176797727819,3.6635616461296463,,0,1,0,1,3
2024.emnlp-main.943,2024,W4404782688,A5035744178,A5079881269,2,2,1,1,1,1,4.4308167988433134,3.4339872044851463,12.890506979237689,0,1,0,1,3
2024.emnlp-main.944,2024,W4404782669,A5082063964,A5087565126,2,1,1,1,1,1,6.4676987261043539,3.5695326964813701,9.4961957770865553,1,0,0,1,3
2024.emnlp-main.945,2024,W4404782505,A5101914817,A5026832891,5,0,1,0,1,0,5.2257466737132017,2.0014800002101243,,0,0,0,0,3
2024.emnlp-main.946,2024,W4404782624,A5074310887,A5083822059,3,1,1,1,1,1,6.7957057751735137,3.7054087560651463,4.8040210447332568,1,1,0,1,3
2024.emnlp-main.947,2024,W4404782761,A5009116793,A5030331254,4,0,1,0,1,0,8.5913725895904882,3.7256934272366529,,0,0,0,0,3
2024.emnlp-main.948,2024,W4404783080,A5021002800,A5082767919,5,0,1,0,1,0,6.9707300781435251,3.5263605246161616,,0,1,0,1,3
2024.emnlp-main.952,2024,W4404782356,A5100437924,A5049634383,5,0,1,0,1,0,7.2137683081186417,3.3322045101752038,,0,0,0,0,3
2024.emnlp-main.954,2024,W4404782678,A5114847669,A5036715761,3,1,0.75,1,1,1,4.3040650932041702,1.7346010553881064,10.880478197509904,0,0,0,0,3
2024.emnlp-main.955,2024,W4404783054,A5114335946,A5075073290,3,0,1,0,1,0,5.2417470150596426,1.8458266904983307,,0,1,0,1,3
2024.emnlp-main.957,2024,W4404782147,A5036734649,A5039096905,6,0,1,0,1,0,7.4667994750186022,3.9671423046492258,,0,0,0,0,3
2024.emnlp-main.958,2024,W4404782380,A5067502052,A5070905937,2,1,1,1,1,1,6.513230110912307,3.5553480614894131,13.037846341503284,0,0,0,0,3
2024.emnlp-main.959,2024,W4404782199,A5028892629,A5101892838,4,0,1,0,1,0,5.2470240721604862,2.2512917986064958,,1,0,0,1,3
2024.emnlp-main.960,2024,W4404782203,A5101337387,A5023341829,5,0,1,0,1,0,7.7523351633022921,3.1441522786722644,,0,0,0,0,3
2024.emnlp-main.961,2024,W4404782221,A5035850643,A5100307419,10,0,1,0,1,0,7.4193805829186923,3.1179499062782403,,0,0,1,1,3
2024.emnlp-main.962,2024,W4404782528,A5100756238,A5047125917,3,0,0.59999999999999998,0,1,0,4.5643481914678361,2.19722457733622,,0,0,0,0,3
2024.emnlp-main.963,2024,W4404782530,A5103911211,A5056521090,4,0,1,0,1,0,5.4510384535657002,2.2512917986064958,,0,0,0,0,3
2024.emnlp-main.964,2024,W4404782245,A5047132269,A5062939922,6,0,1,0,1,0,7.9276850456157781,3.3262343431887,,0,0,0,0,3
2024.emnlp-main.966,2024,W4404783152,A5072620536,A5100402911,8,0,1,0,1,0,9.4699315642614383,4.5499217117576132,,0,1,0,1,3
2024.emnlp-main.970,2024,W4404782172,A5100448097,A5037071351,4,0,1,0,1,0,5.476463551931511,2.8033603809065348,,0,0,0,0,3
2024.emnlp-main.971,2024,W4404782329,A5088496279,A5100418247,2,0,1,0,1,0,7.4217757936446471,3.912023005428146,,1,0,0,1,3
2024.emnlp-main.972,2024,W4404782073,A5103137953,A5002795838,5,0,1,0,1,0,7.7358703199525669,3.6163087612791012,,0,0,0,0,3
2024.emnlp-main.974,2024,W4404782783,A5107956953,A5009408707,4,0,1,0,1,0,8.9085593751449004,4.8790068516178193,,0,0,0,0,3
2024.emnlp-main.975,2024,W4404782961,A5109704850,A5015782472,7,2,0.875,1,1,1,8.3027615807040487,3.8192809537295314,13.698863252122557,0,0,0,0,3
2024.emnlp-main.976,2024,W4404782850,A5102756403,A5050386762,5,0,0.83333333333333337,0,1,0,6.9469759921354184,3.6270040503958487,,0,1,0,1,3
2024.emnlp-main.977,2024,W4404782217,A5057608746,A5101595608,2,0,0.66666666666666663,0,1,0,4.9199809258281251,2.6026896854443842,,0,0,0,0,3
2024.emnlp-main.979,2024,W4404782278,A5020264261,A5077832834,6,0,1,0,1,0,5.5490760848952201,2.6508917872622613,,0,0,0,0,3
2024.emnlp-main.98,2024,W4404782737,A5109736362,A5100730088,7,0,1,0,1,0,6.1484682959176471,2.6492097010792768,,0,0,0,0,3
2024.emnlp-main.980,2024,W4404782603,A5054496165,A5077006200,2,0,1,0,1,0,7.4815557019095165,4.0517849478033048,,0,0,0,0,3
2024.emnlp-main.985,2024,W4404782711,A5114198392,A5059650977,4,1,1,1,1,1,5.5012582105447274,2.7880929087757464,10.29977736270884,0,0,0,0,3
2024.emnlp-main.99,2024,W4404782651,A5037897618,A5053549250,5,0,1,0,1,0,6.2422232654551655,2.0281482472922852,,0,0,0,0,3
2024.emnlp-main.990,2024,W4404783032,A5101058766,A5039500313,6,0,1,0,1,0,7.0859014643656106,3.277144732992177,,0,0,0,0,3
2024.emnlp-main.993,2024,W4404782895,A5090641600,A5088834359,9,0,0.90000000000000002,0,1,0,7.7706452341291756,3.8872748357389519,,0,0,0,0,3
2024.emnlp-main.994,2024,W4404782709,A5081805283,A5012872041,3,0,0.5,0,1,0,6.4645883036899612,3.8066624897703201,,0,0,0,0,3
2024.emnlp-main.995,2024,W4404782247,A5027226524,A5102909891,4,1,1,1,1,1,7.1861443045223252,3.157000421150113,13.275424320827351,0,0,0,0,3
2024.emnlp-main.997,2024,W4404782072,A5109736369,A5100389900,5,0,1,0,1,0,8.4454823438622366,4.0253516907351496,,0,0,0,0,3
2024.emnlp-main.998,2024,W4404782174,A5007384127,A5034401157,6,1,1,1,1,1,5.9375362050824263,2.4709204078132605,14.216603455206659,1,0,0,1,3
2024.emnlp-main.999,2024,W4404782692,A5102019019,A5025639819,2,1,1,1,1,1,4.4188406077965983,1.7047480922384253,10.317813289076488,0,0,0,0,3
2024.naacl-long.109,2024,W4401043635,A5110849478,A5110928734,7,0,1,0,1,0,6.0730445341004051,2.3715779644809971,,0,0,0,0,3
2024.naacl-long.110,2024,W4401042955,A5100752429,A5038581447,4,1,1,1,1,1,7.4277388405328937,3.2958368660043291,6.2480428745084291,0,0,0,0,3
2024.naacl-long.118,2024,W4401042853,A5102579940,A5106203226,6,0,0.8571428571428571,0,1,0,7.3932630947638378,2.9444389791664403,,1,0,0,1,3
2024.naacl-long.123,2024,W4400141361,A5073311852,A5111242993,7,6,1,1,1,1,8.5935985226186435,3.951243718581428,13.490969461374997,1,0,0,1,3
2024.naacl-long.124,2024,W4401042754,A5082947318,A5102111681,2,1,1,1,1,1,3.7612001156935615,2.19722457733622,5.9401712527204316,0,0,0,0,3
2024.naacl-long.125,2024,W4401042787,A5036410384,A5068811427,6,1,1,1,1,1,9.1147101409609323,3.9671423046492258,14.038168391336621,0,0,0,0,3
2024.naacl-long.137,2024,W4401043425,A5023231286,A5029262106,4,0,1,0,1,0,6.2672005485413624,3.0204248861443626,,0,0,0,0,3
2024.naacl-long.15,2024,W4401042992,A5012442877,A5103178893,6,0,1,0,1,0,9.3615151997733008,4.1378296741618392,,1,0,0,1,3
2024.naacl-long.157,2024,W4401042419,A5063501461,A5054060679,2,1,1,1,1,1,5.2522734280466299,3.157000421150113,13.39583039297284,0,1,0,1,3
2024.naacl-long.161,2024,W4401043137,A5015473787,A5029074038,4,0,1,0,1,0,7.4483338608974758,3.5624655292582776,,0,0,0,0,3
2024.naacl-long.166,2024,W4401043102,A5065854593,A5058212934,3,0,1,0,1,0,7.4910875935348757,3.5648268054439574,,0,0,0,0,3
2024.naacl-long.170,2024,W4401043504,A5074198234,A5005840801,17,0,1,0,1,0,6.6450909695056444,2.5649493574615367,,0,0,0,0,3
2024.naacl-long.177,2024,W4401042804,A5098821334,A5006335513,5,2,1,1,1,1,6.9431224228194282,3.0056826044071592,13.313856083680689,0,0,0,0,3
2024.naacl-long.178,2024,W4401042750,A5101991159,A5010341007,2,1,1,1,1,1,6.6120410348330916,3.9608131695975781,12.879019669789754,1,1,0,1,3
2024.naacl-long.180,2024,W4401042463,A5089534818,A5102861481,6,1,1,1,1,1,8.0140049947794587,3.3322045101752038,10.966109903471082,0,1,0,1,3
2024.naacl-long.182,2024,W4401042588,A5011008635,A5044205212,6,0,1,0,1,0,6.4150969591715956,3.5015453554964373,,0,0,0,0,3
2024.naacl-long.189,2024,W4401042746,A5029809608,A5106300942,3,0,1,0,1,0,5.6869753563398202,1.9459101490553128,,1,0,0,1,3
2024.naacl-long.191,2024,W4401042454,A5100629959,A5100732749,3,0,1,0,1,0,5.9814142112544806,2.8903717578961645,,1,0,0,1,3
2024.naacl-long.204,2024,W4401042785,A5106152350,A5067489760,2,0,1,0,1,0,6.2785214241658442,2.917770732084279,,0,0,0,0,3
2024.naacl-long.205,2024,W4401043600,A5079343970,A5100437976,5,0,1,0,1,0,8.7157161275482,4.257030144499196,,1,0,0,1,3
2024.naacl-long.208,2024,W4401042661,A5055033183,A5106203218,7,1,1,1,1,1,6.5453496603344199,2.7902882993391822,12.365995207380649,0,0,0,0,3
2024.naacl-long.212,2024,W4401042223,A5094348496,A5087743328,6,1,1,1,1,1,5.7868973813667077,2.7829515092753279,12.292553048244576,1,0,0,1,3
2024.naacl-long.218,2024,W4401043059,A5111271005,A5021596300,4,0,1,0,1,0,4.8202815656050371,2.0794415416798362,,1,0,0,1,3
2024.naacl-long.220,2024,W4401044006,A5061839283,A5046764593,2,2,0.66666666666666663,1,1,1,8.2144651607591861,3.218875824868201,13.402408865226544,0,0,0,0,3
2024.naacl-long.222,2024,W4401042914,A5101688307,A5054850293,7,0,1,0,1,0,7.534762657037537,4.1085291972140574,,0,0,0,0,3
2024.naacl-long.229,2024,W4401043432,A5114198401,A5100350745,5,2,1,1,1,1,7.80057265467065,3.9473901492654369,13.678677721566675,1,0,0,1,3
2024.naacl-long.239,2024,W4401043990,A5101932684,A5022698890,5,0,1,0,1,0,5.9814142112544806,2.4680995314716192,,0,1,0,1,3
2024.naacl-long.243,2024,W4401042606,A5014763831,A5008477284,13,0,1,0,1,0,7.0094089327086371,3.3672958299864741,,0,0,0,0,3
2024.naacl-long.246,2024,W4401042324,A5101301836,A5052624262,5,2,1,1,1,1,6.0497334552319577,2.760009940032921,13.148683932469678,0,0,0,0,3
2024.naacl-long.250,2024,W4401043561,A5051938345,A5102992157,8,0,1,0,1,0,8.9085593751449004,4.3023744757262623,,0,0,0,0,3
2024.naacl-long.251,2024,W4401042292,A5111270976,A5109565051,14,0,1,0,1,0,7.6128310304073565,3.3598792323314242,,0,0,0,0,3
2024.naacl-long.252,2024,W4401042503,A5030706143,A5115695151,4,0,1,0,1,0,8.1662162685921427,3.6888794541139358,,0,0,0,0,3
2024.naacl-long.256,2024,W4401043380,A5049086940,A5010087030,12,0,1,0,1,0,8.7157161275482,4.2496850101849484,,1,0,0,1,3
2024.naacl-long.259,2024,W4401043031,A5105957335,A5079299931,2,2,1,1,1,1,2.4849066497880004,1.2527629684953681,10.471014819171424,1,0,0,1,3
2024.naacl-long.262,2024,W4401042308,A5091679754,A5066355409,6,0,1,0,1,0,8.0668353144173359,4.0012541391560887,,0,0,0,0,3
2024.naacl-long.263,2024,W4401042961,A5059464470,A5100613144,10,0,1,0,1,0,7.6182510978766951,3.2733640101522705,,1,0,0,1,3
2024.naacl-long.27,2024,W4401042403,A5100611326,A5102861481,4,1,1,1,1,1,7.5336937098486327,4.1351665567423561,8.2206721702972523,0,0,0,0,3
2024.naacl-long.270,2024,W4401042933,A5088645347,A5034994700,5,0,1,0,1,0,6.4134589571673573,3.1527360223636558,,0,0,0,0,3
2024.naacl-long.271,2024,W4401043428,A5101669943,A5100396883,4,0,1,0,1,0,6.7833252006039597,3.2288261557213689,,0,0,0,0,3
2024.naacl-long.272,2024,W4401042548,A5013588795,A5083777443,2,0,1,0,1,0,5.5683445037610966,3.068052935133617,,0,1,0,1,3
2024.naacl-long.276,2024,W4401042449,A5113307595,A5109728165,3,1,1,1,1,1,3.6375861597263857,1.791759469228055,13.313856083680689,0,0,0,0,3
2024.naacl-long.28,2024,W4401042232,A5026235653,A5076043215,5,0,1,0,1,0,6.4599044543775346,2.9755295662364718,,0,0,0,0,3
2024.naacl-long.281,2024,W4401042420,A5062612448,A5053850863,3,0,1,0,1,0,7.3408355541232746,3.9639827443588569,,0,0,0,0,3
2024.naacl-long.285,2024,W4401042883,A5093460848,A5009973520,6,0,1,0,1,0,6.8035052576083377,2.3826278006675823,,0,0,0,0,3
2024.naacl-long.287,2024,W4401043946,A5011154045,A5101658388,5,0,1,0,1,0,8.9112602545720332,3.8836235309064482,,0,0,0,0,3
2024.naacl-long.288,2024,W4401043376,A5076661689,A5070002963,10,0,1,0,1,0,7.3343293503005356,3.3945083935113587,,0,0,0,0,3
2024.naacl-long.295,2024,W4401042395,A5110786764,A5046126345,8,0,1,0,1,0,8.0209277189815769,3.0325462466767075,,0,0,0,0,3
2024.naacl-long.296,2024,W4401042555,A5075936732,A5087096372,3,0,1,0,1,0,8.1922937311476396,5.0039463059454592,,1,0,0,1,3
2024.naacl-long.298,2024,W4401042099,A5093285921,A5079336821,2,1,1,1,1,1,6.6995003401616779,3.737669618283368,8.9432449331327906,0,0,0,0,3
2024.naacl-long.299,2024,W4401042688,A5100431313,A5026719663,7,0,1,0,1,0,7.6073814256397911,4.1038233061766443,,0,0,0,0,3
2024.naacl-long.300,2024,W4401043472,A5027219543,A5082046316,4,0,1,0,1,0,4.7535901911063645,2.8903717578961645,,0,0,0,0,3
2024.naacl-long.303,2024,W4401042915,A5100768029,A5077832834,4,0,1,0,1,0,5.5490760848952201,3.3050535211092531,,0,0,0,0,3
2024.naacl-long.304,2024,W4401043048,A5101649092,A5011542448,9,0,1,0,1,0,7.3517998690577766,3.7791263319617134,,1,0,0,1,3
2024.naacl-long.305,2024,W4401042375,A5100711201,A5044665993,6,1,1,1,1,1,8.4149389573774815,4.1718198743903914,13.852275373252258,0,0,0,0,3
2024.naacl-long.308,2024,W4401043063,A5093984491,A5040092252,4,0,1,0,1,0,4.9487598903781684,2.4423470353692043,,0,1,0,1,3
2024.naacl-long.309,2024,W4401042284,A5006814826,A5113773386,10,0,1,0,1,0,6.8330317327862007,3.2386784521643803,,0,0,0,0,3
2024.naacl-long.311,2024,W4401042348,A5032560855,A5013522667,6,2,1,1,1,1,6.804614520062624,3.2896448957564082,9.2358131679492139,0,0,0,0,3
2024.naacl-long.314,2024,W4401042354,A5049731676,A5100391452,3,1,1,1,1,1,4.9416424226093039,2.19722457733622,13.206820327956285,0,0,0,0,3
2024.naacl-long.315,2024,W4401043325,A5100375265,A5075411298,6,0,1,0,1,0,7.7497534062744373,3.6930374642625998,,0,0,0,0,3
2024.naacl-long.316,2024,W4401042855,A5035174613,A5082450455,6,0,1,0,1,0,7.6477860454409328,4.1692458703952182,,0,1,0,1,3
2024.naacl-long.32,2024,W4401042316,A5017859556,A5066791810,7,0,1,0,1,0,8.8286406174182801,4.345658990503007,,0,0,0,0,3
2024.naacl-long.321,2024,W4401043532,A5067393636,A5030248499,5,0,1,0,1,0,8.1922937311476396,4.5325994931532563,,0,0,0,0,3
2024.naacl-long.322,2024,W4401042257,A5067393636,A5087096372,11,0,1,0,1,0,8.2718040311547085,4.2060485518021018,,0,0,0,0,3
2024.naacl-long.325,2024,W4401043426,A5007369103,A5027450194,3,1,1,1,1,1,7.4821189235521155,4.3219227106041762,8.7277782134830506,0,0,0,0,3
2024.naacl-long.326,2024,W4401042567,A5051023120,A5002512029,5,0,1,0,1,0,6.9948499858330706,2.7850112422383382,,0,0,0,0,3
2024.naacl-long.327,2024,W4401042538,A5031480753,A5030468199,9,0,1,0,1,0,7.5735312627459503,3.8358616444625819,,0,0,0,0,3
2024.naacl-long.328,2024,W4401043277,A5103451665,A5079505501,2,2,0.66666666666666663,1,1,1,0.69314718055994529,0.91629073187415522,11.869942350440292,0,0,0,0,3
2024.naacl-long.329,2024,W4401042490,A5012519709,A5009660759,4,1,1,1,1,1,5.5529595849216173,2.9311937524164202,12.482639421319544,0,0,0,0,3
2024.naacl-long.330,2024,W4401043475,A5101506940,A5115695151,2,0,1,0,1,0,8.1662162685921427,4.2972854062187906,,0,0,0,0,3
2024.naacl-long.331,2024,W4401042431,A5031039880,A5087088138,5,1,1,1,1,1,8.3473534121243382,3.427514689979529,14.27033519193426,0,0,0,0,3
2024.naacl-long.333,2024,W4401042825,A5062082438,A5070002963,6,0,1,0,1,0,7.6596429545646822,3.4863551900024623,,1,0,0,1,3
2024.naacl-long.334,2024,W4401042645,A5112970682,A5049427071,56,32,0.96551724137931039,1,1,1,7.063903961472068,2.6171351106321068,14.480013892582472,0,0,0,0,3
2024.naacl-long.335,2024,W4401042314,A5105957316,A5101305534,4,1,1,1,1,1,5.7170277014062219,2.0476928433652555,13.367017899885592,0,0,0,0,3
2024.naacl-long.336,2024,W4401043231,A5100387368,A5044635661,2,0,0.66666666666666663,0,1,0,6.39024066706535,4.1510399058986458,,0,0,0,0,3
2024.naacl-long.338,2024,W4401042643,A5060798694,A5100731277,5,1,1,1,1,1,7.3907985217356762,3.6323091026255421,12.531920788656851,0,0,0,0,3
2024.naacl-long.339,2024,W4401042312,A5101366865,A5025469065,6,0,1,0,1,0,6.7214257007906433,3.2516656476911918,,0,0,0,0,3
2024.naacl-long.341,2024,W4401042581,A5047132269,A5062939922,7,1,1,1,1,1,7.9276850456157781,3.0580361568901457,7.8192344538590701,0,0,0,0,3
2024.naacl-long.342,2024,W4401042951,A5009756869,A5066146847,2,1,1,1,1,1,5.1239639794032588,3.0204248861443626,10.178464252490356,0,0,0,0,3
2024.naacl-long.343,2024,W4401043132,A5108459272,A5032690182,12,1,1,1,1,1,8.5720600928570772,4.098502572370764,12.146619836872445,1,0,0,1,3
2024.naacl-long.345,2024,W4401042569,A5064497251,A5101569699,7,0,1,0,1,0,5.9026333334013659,2.7902882993391822,,1,0,0,1,3
2024.naacl-long.346,2024,W4401043278,A5073604585,A5101265241,4,1,1,1,1,1,8.6569551337913957,3.5835189384561099,12.475500366487978,0,1,0,1,3
2024.naacl-long.348,2024,W4401042541,A5044691513,A5087088138,6,1,1,1,1,1,8.5604442334105517,3.9608131695975781,14.27033519193426,0,0,0,0,3
2024.naacl-long.349,2024,W4401043489,A5035665045,A5110781707,4,1,1,1,1,1,6.4361503683694279,3.4420193761824107,13.523165631284831,0,0,0,0,3
2024.naacl-long.351,2024,W4401043113,A5102874395,A5011048500,5,0,1,0,1,0,8.0873329264733513,3.7612001156935615,,1,0,0,1,3
2024.naacl-long.353,2024,W4401043876,A5053203979,A5081462507,3,0,1,0,1,0,7.3498737047383367,3.8501476017100575,,0,0,0,0,3
2024.naacl-long.354,2024,W4401042669,A5107190613,A5052471374,6,0,1,0,1,0,5.6903594543240601,2.2155737160044162,,0,0,0,0,3
2024.naacl-long.355,2024,W4401043016,A5047694815,A5013793053,4,0,1,0,1,0,6.9856418176392081,3.8231917917215301,,0,0,0,0,3
2024.naacl-long.356,2024,W4401043140,A5001243382,A5003220288,3,0,1,0,1,0,7.1180162044653335,3.6805112044434201,,0,0,0,0,3
2024.naacl-long.357,2024,W4401043823,A5062081982,A5101567750,3,0,1,0,1,0,2.3025850929940459,1.6739764335716716,,0,0,0,0,3
2024.naacl-long.359,2024,W4401042398,A5062125232,A5050386762,5,0,1,0,1,0,6.9469759921354184,2.5176964726109912,,0,0,0,0,3
2024.naacl-long.360,2024,W4401043294,A5100578113,A5100368510,2,1,1,1,1,1,6.1758672701057611,3.1986731175506811,12.181851671700754,1,0,0,1,3
2024.naacl-long.363,2024,W4401042614,,,0,0,0,0,0,0,,,,0,0,0,0,3
2024.naacl-long.364,2024,W4401043267,A5058878134,A5100362666,3,0,1,0,1,0,5.2311086168545868,2.5649493574615367,,1,1,0,1,3
2024.naacl-long.368,2024,W4401042523,A5018788344,A5100665678,9,0,1,0,1,0,5.8692969131337742,2.8526314299133171,,0,0,0,0,3
2024.naacl-long.369,2024,W4401042776,A5102542050,A5022683388,4,0,1,0,1,0,8.3532614997338737,3.8607297110405954,,0,0,0,0,3
2024.naacl-long.370,2024,W4401043359,A5012716640,A5115598538,4,0,1,0,1,0,5.872117789475416,2.5649493574615367,,1,0,0,1,3
2024.naacl-long.372,2024,W4401042566,A5100621075,A5062687215,8,0,1,0,1,0,7.2420823592569619,3.5624655292582776,,0,0,0,0,3
2024.naacl-long.373,2024,W4401043304,A5069107728,A5100388507,8,0,1,0,1,0,6.1246833908942051,2.2643638801738479,,0,1,0,1,3
2024.naacl-long.374,2024,W4401042576,A5014158537,A5046521217,6,0,1,0,1,0,7.2696167496081694,3.8536874284151832,,0,0,0,0,3
2024.naacl-long.376,2024,W4401042408,A5113307592,A5111468107,9,0,1,0,1,0,8.2195954541770799,3.6048937980408442,,0,0,0,0,3
2024.naacl-long.378,2024,W4401043286,A5092061410,A5048322682,2,1,1,1,1,1,3.3322045101752038,1.3862943611198906,12.482639421319544,0,0,0,0,3
2024.naacl-long.38,2024,W4401043030,A5025772684,A5050344371,3,0,1,0,1,0,7.708859601047175,4.8494227005125365,,0,0,0,0,3
2024.naacl-long.382,2024,W4401043241,A5110927723,A5061951606,6,0,1,0,1,0,7.3581937527330323,3.7803945629497098,,0,0,0,0,3
2024.naacl-long.384,2024,W4401042559,A5023625891,A5074059447,5,0,1,0,1,0,7.3414838523631607,3.3877743613300142,,0,1,0,1,3
2024.naacl-long.387,2024,W4401043190,A5022350657,A5017254485,2,1,1,1,1,1,1.6094379124341005,1.9459101490553128,12.081857719543001,0,0,0,0,3
2024.naacl-long.388,2024,W4401043346,A5101922356,A5066422711,5,0,1,0,1,0,6.9939329752231894,3.459466289786131,,0,0,0,0,3
2024.naacl-long.389,2024,W4401042753,A5088628107,A5100678933,5,0,1,0,1,0,7.1670378769122198,3.8286413964890951,,1,1,0,1,3
2024.naacl-long.390,2024,W4401043634,A5102329075,A5101771060,9,0,1,0,1,0,7.4407337073892608,3.4829480316808481,,0,0,0,0,3
2024.naacl-long.393,2024,W4401043305,A5075130141,A5014613113,5,0,1,0,1,0,7.4821189235521155,4.389498649512583,,0,0,0,0,3
2024.naacl-long.394,2024,W4401042338,A5035827836,A5100378800,9,0,1,0,1,0,7.5326236187887883,3.6635616461296463,,1,1,0,1,3
2024.naacl-long.396,2024,W4401042568,A5101337254,A5104341000,4,0,0.80000000000000004,0,1,0,2.5649493574615367,0.81093021621632877,,0,0,0,0,3
2024.naacl-long.397,2024,W4401042691,A5106224007,A5106224007,1,0,1,0,1,0,0,0,,0,0,0,0,3
2024.naacl-long.398,2024,W4401042263,A5101499870,A5015785439,3,0,1,0,1,0,6.5944134597497781,3.5648268054439574,,0,0,0,0,3
2024.naacl-long.399,2024,W4401043301,A5015856896,A5036790226,7,3,1,1,1,1,6.5323342922223491,3.1539562787688848,13.855284002948553,0,0,0,0,3
2024.naacl-long.401,2024,W4401042910,A5046785127,A5020441209,2,0,1,0,1,0,4.7184988712950942,3.0910424533583161,,0,0,0,0,3
2024.naacl-long.406,2024,W4401042307,A5100720616,A5079131136,2,0,1,0,1,0,5.1590552992145291,2.8903717578961645,,0,0,0,0,3
2024.naacl-long.407,2024,W4401042630,A5060362045,A5049634383,6,0,1,0,1,0,7.4798641311650256,3.733693469903729,,0,0,0,0,3
2024.naacl-long.408,2024,W4401043873,A5060745594,A5005939553,2,1,0.66666666666666663,1,1,1,5.7620513827801769,2.9444389791664403,12.028929656776649,0,0,0,0,3
2024.naacl-long.409,2024,W4401043015,A5010891911,A5070002963,5,0,1,0,1,0,5.8664680569332965,2.2617630984737902,,0,0,0,0,3
2024.naacl-long.410,2024,W4401043333,A5062498056,A5080481874,8,0,1,0,1,0,6.7214257007906433,3.4094961844768505,,0,0,0,0,3
2024.naacl-long.412,2024,W4401042931,A5052885801,A5068811427,4,1,1,1,1,1,9.1147101409609323,4.1627817237753293,12.67069306124702,1,0,0,1,3
2024.naacl-long.414,2024,W4401042718,A5110306708,A5011012964,5,2,0.83333333333333337,1,1,1,5.6698809229805196,0.69314718055994529,13.912023650342716,0,0,0,0,3
2024.naacl-long.416,2024,W4401042462,A5110582135,A5030503109,3,0,1,0,1,0,6.131226489483141,2.9618307218783091,,0,0,0,0,3
2024.naacl-long.417,2024,W4401042138,A5076580255,A5081566660,6,0,1,0,1,0,6.799055862058796,3.0365542680742461,,0,0,0,0,3
2024.naacl-long.42,2024,W4401043758,A5025645183,A5050386762,4,0,1,0,1,0,6.9469759921354184,3.2288261557213689,,0,0,0,0,3
2024.naacl-long.420,2024,W4401042975,A5034732921,A5004629670,3,0,1,0,1,0,6.9027427371585928,3.6109179126442239,,0,0,0,0,3
2024.naacl-long.423,2024,W4401043229,A5071830287,A5100364381,3,1,1,1,1,1,7.5714736488512706,4.2579739860039032,13.989484032951566,0,0,0,0,3
2024.naacl-long.427,2024,W4401042472,A5081750602,A5100331196,4,0,1,0,1,0,5.855071922202427,2.224623551524334,,0,0,0,0,3
2024.naacl-long.429,2024,W4401043264,A5048791081,A5068477431,6,0,1,0,1,0,8.6480459998350003,4.4504637962271101,,0,0,0,0,3
2024.naacl-long.432,2024,W4401042264,A5053878764,A5000874697,2,1,1,1,1,1,6.1717005974109149,3.8501476017100575,7.8359745817215662,0,0,0,0,3
2024.naacl-long.433,2024,W4401042796,A5068564035,A5042954793,4,0,1,0,1,0,6.39024066706535,3.0081547935525483,,0,0,0,0,3
2024.naacl-long.436,2024,W4401043239,A5100630996,A5086674741,5,0,1,0,1,0,8.2022084364364485,3.8999504241938769,,0,0,0,0,3
2024.naacl-long.440,2024,W4401043272,A5100967245,A5101505571,9,0,1,0,1,0,8.0116867291278471,2.9560670171615602,,0,1,0,1,3
2024.naacl-long.441,2024,W4401043125,A5113251185,A5029568096,3,1,1,1,1,1,6.8035052576083377,3.6375861597263857,14.216603455206659,0,0,0,0,3
2024.naacl-long.443,2024,W4401042235,A5001319605,A5090171111,5,0,1,0,1,0,6.9469759921354184,3.3672958299864741,,0,0,0,0,3
2024.naacl-long.445,2024,W4401042701,A5100424953,A5015785439,4,0,1,0,1,0,6.5944134597497781,3.4094961844768505,,0,1,0,1,3
2024.naacl-long.446,2024,W4401043466,A5007384127,A5059695961,6,0,1,0,1,0,7.3485875309275928,2.7080502011022101,,0,0,0,0,3
2024.naacl-long.449,2024,W4401043151,A5088353147,A5077832834,5,0,1,0,1,0,5.5490760848952201,3.044522437723423,,0,0,0,0,3
2024.naacl-long.45,2024,W4401042618,A5101802261,A5107956555,2,0,1,0,1,0,6.1548580940164177,3.2386784521643803,,0,1,0,1,3
2024.naacl-long.450,2024,W4401042613,A5100340333,A5101494424,19,0,1,0,1,0,8.5720600928570772,3.652706722720211,,1,0,0,1,3
2024.naacl-long.452,2024,W4401043427,A5101447904,A5044042138,6,0,1,0,1,0,8.1780774638496077,4.1136023788265152,,0,0,0,0,3
2024.naacl-long.454,2024,W4401043913,A5069094878,A5038712780,3,0,1,0,1,0,5.3181199938442161,2.456735772821304,,0,0,0,0,3
2024.naacl-long.455,2024,W4401042498,A5056903946,A5108961324,3,1,1,1,1,1,8.8286406174182801,4.2995504128496433,9.3778020658631114,0,0,0,0,3
2024.naacl-long.457,2024,W4401042722,A5015768886,A5090639239,5,0,1,0,1,0,6.6093492431673804,3.4078419243808238,,0,0,0,0,3
2024.naacl-long.459,2024,W4401043564,A5051181804,A5033376109,6,0,1,0,1,0,7.6477860454409328,3.7573166156671647,,0,0,0,0,3
2024.naacl-long.460,2024,W4401042766,A5092596214,A5047351656,4,0,1,0,1,0,5.9687075599853658,2.5055259369907361,,0,0,0,0,3
2024.naacl-long.461,2024,W4401043934,A5036629993,A5026648049,5,0,1,0,1,0,8.1335874176609657,3.1780538303479458,,1,0,0,1,3
2024.naacl-long.462,2024,W4401043184,A5057314288,A5100425999,6,0,1,0,1,0,8.527539483470381,4.5053498507058807,,0,0,0,0,3
2024.naacl-long.464,2024,W4401042277,A5091822496,A5011974509,4,0,1,0,1,0,7.7668405370855131,4.0901691908116202,,0,0,0,0,3
2024.naacl-long.465,2024,W4401042436,A5100439573,A5053947885,6,0,1,0,1,0,6.9196838498474111,3.667826044916104,,0,0,0,0,3
2024.naacl-long.467,2024,W4401043222,A5092048136,A5067943980,2,0,1,0,1,0,7.007600613951853,3.5115454388310208,,0,0,0,0,3
2024.naacl-long.472,2024,W4401043261,A5091017885,A5000874697,5,0,1,0,1,0,6.1717005974109149,3.1696855806774291,,0,0,0,0,3
2024.naacl-long.473,2024,W4401044072,A5059659163,A5101307306,8,1,1,1,1,1,6.6833609457662746,2.9311937524164202,10.613639331911896,0,0,0,0,3
2024.naacl-long.475,2024,W4401042867,A5101425152,A5062674186,4,0,1,0,1,0,5.0875963352323836,2.9575110607337933,,0,1,0,1,3
2024.naacl-long.476,2024,W4401043069,A5026953838,A5108053995,2,0,1,0,1,0,5.2729995585637468,2.3025850929940459,,0,0,0,0,3
2024.naacl-long.478,2024,W4401042394,A5100386690,A5064858748,8,0,1,0,1,0,8.5733844710659799,3.7226768336972271,,0,0,0,0,3
2024.naacl-long.479,2024,W4401042572,A5100374652,A5092130686,8,0,1,0,1,0,6.9382844840169602,3.6375861597263857,,0,0,0,0,3
2024.naacl-long.48,2024,W4401043530,A5007206020,A5100320723,4,0,1,0,1,0,9.1025324193418768,4.836281906951478,,0,1,0,1,3
2024.naacl-long.480,2024,W4401043395,A5006939856,A5078390032,2,1,1,1,1,1,5.6383546693337454,3.218875824868201,13.148683932469678,0,0,0,0,3
2024.naacl-long.483,2024,W4401042141,A5042205793,A5101996136,2,1,1,1,1,1,4.3694478524670215,2.2512917986064958,9.5955347432419877,0,0,0,0,3
2024.naacl-long.484,2024,W4401042954,A5114198392,A5042819803,5,0,1,0,1,0,6.2245584292753602,2.954910279033736,,0,0,0,0,3
2024.naacl-long.486,2024,W4401043356,A5113051737,A5044651577,5,0,1,0,1,0,8.6374620238071813,4.1075897889721213,,0,0,0,0,3
2024.naacl-long.487,2024,W4401042595,A5014860852,A5065100828,7,0,1,0,1,0,7.8300280825338398,3.9729837052178332,,0,1,0,1,3
2024.naacl-long.54,2024,W4401042545,A5100585446,A5101522833,4,0,1,0,1,0,4.0604430105464191,2.0794415416798362,,1,0,0,1,3
2024.naacl-long.58,2024,W4401042532,A5093278275,A5007128951,4,1,1,1,1,1,4.1431347263915326,1.3217558399823195,12.970272241925525,0,0,0,0,3
2024.naacl-long.59,2024,W4401042515,A5105957320,A5056753433,6,0,1,0,1,0,6.5337888379333444,2.9267394020670401,,0,0,0,0,3
2024.naacl-long.64,2024,W4401042696,A5006724872,A5089379689,6,0,1,0,1,0,9.9334346289040791,4.858519579359367,,1,0,0,1,3
2024.naacl-long.66,2024,W4401042770,A5100651974,A5015133105,3,0,1,0,1,0,7.2196420401307346,3.729701448634192,,0,0,0,0,3
2024.naacl-long.7,2024,W4401042858,A5078270542,A5013135203,3,0,1,0,1,0,6.953684210870537,3.3787245258100969,,0,0,0,0,3
2024.naacl-long.77,2024,W4401043249,A5019999768,A5111961649,5,0,1,0,1,0,5.3565862746720123,2.2823823856765264,,0,0,0,0,3
2024.naacl-long.8,2024,W4401042236,A5053659898,A5020042558,2,1,1,1,1,1,4.4308167988433134,2.1400661634962708,13.843280382297891,0,0,0,0,3
2024.naacl-long.86,2024,W4401042499,A5032062684,A5023397430,2,1,1,1,1,1,6.1003189520200642,3.4339872044851463,13.219366668540946,0,0,0,0,3
2025.acl-long.10,2025,W4412886877,A5087752092,A5074064317,12,0,1,0,1,0,7.7349961940227807,3.6221162379542537,,1,0,0,1,3
2025.acl-long.100,2025,W4412886826,A5033119978,A5101494424,21,0,0.95454545454545459,0,1,0,8.3373485644971748,3.7798512323196629,,1,0,0,1,3
2025.acl-long.1003,2025,W4412944998,A5101969785,A5060797340,5,0,1,0,1,0,7.2218358252884487,3.6375861597263857,,0,0,0,0,3
2025.acl-long.1007,2025,W4412945014,A5101928156,A5089199686,4,2,1,1,1,1,4.5951198501345898,3.0081547935525483,13.047271228800112,0,0,0,0,3
2025.acl-long.1008,2025,W4412944906,A5101341549,A5057963205,6,0,1,0,1,0,5.7899601708972535,3.1282214566000697,,0,0,0,0,3
2025.acl-long.1009,2025,W4412944959,A5116691920,A5064858748,5,0,1,0,1,0,7.0850642939525477,3.7328963395307104,,0,0,0,0,3
2025.acl-long.101,2025,W4412886812,A5063424739,A5033571780,4,0,1,0,1,0,10.021803779354171,3.4735180432417816,,0,0,0,0,3
2025.acl-long.1010,2025,W4412944921,A5093063060,A5043344696,4,0,1,0,1,0,6.1903154058531484,3.34109345759245,,0,0,1,1,3
2025.acl-long.1012,2025,W4412945013,A5023818241,A5009539513,3,1,1,1,1,1,6.3985949345352076,3.0602707946915619,13.40134269046194,0,0,0,0,3
2025.acl-long.1013,2025,W4412945001,A5094347558,A5041254552,5,0,1,0,1,0,6.6957989170584913,3.1267605359603952,,1,0,0,1,3
2025.acl-long.1014,2025,W4412944875,A5119204391,A5032121234,2,1,1,1,1,1,5.472270673671475,3.157000421150113,12.581188505743592,0,0,0,0,3
2025.acl-long.1015,2025,W4412944940,A5108986586,A5100393958,4,1,1,1,1,1,5.1119877883565437,2.0149030205422647,12.331082835611015,1,0,0,1,3
2025.acl-long.1016,2025,W4412945016,A5044691513,A5043228682,5,2,1,1,1,1,8.2581633615376191,3.3741687092742358,11.152457622792795,0,0,0,0,3
2025.acl-long.1017,2025,W4412944955,A5119204408,A5033639139,8,0,1,0,1,0,7.3330230143864812,3.6441435602725449,,0,0,0,0,3
2025.acl-long.1020,2025,W4412944846,A5040594821,A5075033889,10,0,1,0,1,0,7.7137846165987547,4.1415461637063951,,0,0,0,0,3
2025.acl-long.1021,2025,W4412944895,A5110486517,A5039617569,8,0,0.80000000000000004,0,1,0,7.3024964237273258,3.5040547671018638,,0,0,0,0,3
2025.acl-long.1023,2025,W4412944829,A5119204350,A5119204352,3,0,1,0,1,0,0,0,,0,0,0,0,3
2025.acl-long.1024,2025,W4412944970,A5110486517,A5039617569,7,0,0.875,0,1,0,7.3024964237273258,3.5388867844353418,,0,0,0,0,3
2025.acl-long.1025,2025,W4412944853,A5103176652,A5032690182,5,0,0.83333333333333337,0,1,0,8.3373485644971748,4.5890408040582074,,0,0,0,0,3
2025.acl-long.1028,2025,W4412944943,A5049088680,A5046445911,4,0,0.80000000000000004,0,1,0,4.7957905455967413,1.791759469228055,,0,1,0,1,3
2025.acl-long.1029,2025,W4412944999,A5008425126,A5064858748,4,0,1,0,1,0,7.0850642939525477,3.7898553714539385,,0,0,0,0,3
2025.acl-long.1030,2025,W4412944857,A5037304991,A5077698683,4,0,1,0,1,0,6.2085900260966289,3.188416617383492,,1,0,0,1,3
2025.acl-long.1031,2025,W4412944850,A5057511308,A5101681014,7,0,0.875,0,1,0,7.1420365747068031,3.4011973816621555,,1,0,0,1,3
2025.acl-long.1032,2025,W4412944833,A5050750082,A5096363816,4,0,0.80000000000000004,0,1,0,3.713572066704308,2.110213200346589,,0,0,0,0,3
2025.acl-long.1033,2025,W4412944950,A5086134044,A5100405086,3,1,1,1,1,1,6.300785794663244,3.7765850345330416,10.800615852145526,0,0,0,0,3
2025.acl-long.1035,2025,W4412944938,A5100457571,A5076875538,5,0,1,0,1,0,7.0273145140397766,3.673765816303888,,0,0,0,0,3
2025.acl-long.1036,2025,W4412944868,A5068608807,A5076900864,8,0,1,0,1,0,5.9295891433898946,3.1675825304806504,,1,0,0,1,3
2025.acl-long.1038,2025,W4412945018,A5100704529,A5100654081,7,0,0.875,0,1,0,6.9450510637258338,3.172083663361442,,0,0,0,0,3
2025.acl-long.1039,2025,W4412944945,A5075794106,A5087120983,4,0,0.66666666666666663,0,1,0,7.449498005382849,3.5189804173185388,,0,0,0,0,3
2025.acl-long.104,2025,W4412886735,A5009743435,A5084505122,6,0,1,0,1,0,7.0103118673072293,3.881563797943437,,0,0,0,0,3
2025.acl-long.1040,2025,W4412944964,A5078517381,A5100620306,3,0,1,0,1,0,8.9946688355006739,5.3423342519648109,,0,0,0,0,3
2025.acl-long.1041,2025,W4412944918,A5037145565,A5036170005,3,2,1,1,1,1,8.7412962822251465,4.3652195163575005,13.222818481178386,0,0,0,0,3
2025.acl-long.1043,2025,W4412944824,A5043429366,A5037305946,3,0,0.5,0,1,0,6.8448154792082629,3.9186675481468152,,0,0,0,0,3
2025.acl-long.1045,2025,W4412944837,A5106708808,A5100354799,6,1,1,1,1,1,7.4465850991577254,3.9086841041626319,9.0505236705222956,0,0,1,1,3
2025.acl-long.1046,2025,W4412944863,A5102008511,A5102861459,8,0,1,0,1,0,7.8800482009715767,3.1675825304806504,,1,0,0,1,3
2025.acl-long.1048,2025,W4412944855,A5100773431,A5100670646,6,0,1,0,1,0,6.9498564550007726,3.6971782569286313,,0,0,0,0,3
2025.acl-long.1049,2025,W4412944870,A5032525718,A5103239171,2,0,1,0,1,0,5.8021183753770629,3.6243409329763652,,1,0,0,1,3
2025.acl-long.105,2025,W4412886772,A5101577090,A5020128898,4,0,0.80000000000000004,0,1,0,7.4792996377828338,3.801091444720865,,0,1,0,1,3
2025.acl-long.1050,2025,W4412945023,A5006967865,A5102065469,3,0,0.75,0,1,0,8.1964368112350279,4.1378296741618392,,0,0,0,0,3
2025.acl-long.1051,2025,W4412944858,A5112112424,A5057224494,4,0,0.66666666666666663,0,1,0,6.0637852086876078,2.8332133440562162,,0,0,0,0,3
2025.acl-long.1052,2025,W4412944975,A5101583457,A5102510525,7,0,1,0,1,0,5.2882670306945352,3.172083663361442,,1,0,0,1,3
2025.acl-long.1054,2025,W4412944972,A5043282426,A5074672866,5,0,0.55555555555555558,0,1,0,8.7509996908987002,4.7672890354645263,,0,0,0,0,3
2025.acl-long.1059,2025,W4412944885,A5020042558,A5020042558,1,0,1,0,1,0,2.9444389791664403,2.19722457733622,,0,0,0,0,3
2025.acl-long.1060,2025,W4412944861,A5032386720,A5085359792,5,0,1,0,1,0,5.1532915944977793,3.0155349008501706,,0,0,0,0,3
2025.acl-long.1063,2025,W4412944877,A5051023120,A5084810886,6,0,1,0,1,0,9.4207633588810111,5.219454518122312,,0,0,0,0,3
2025.acl-long.1064,2025,W4412944916,A5002351083,A5100358009,5,0,0.7142857142857143,0,1,0,7.1639466843425472,4.2541932631639972,,1,0,0,1,3
2025.acl-long.1065,2025,W4412944852,A5069521178,A5046448314,14,0,1,0,1,0,8.3556149957601829,4.255612709818223,,0,0,0,0,3
2025.acl-long.1068,2025,W4412944856,A5013306670,A5043210393,3,0,1,0,1,0,6.0822189103764464,3.4446824936018943,,1,0,0,1,3
2025.acl-long.1070,2025,W4412944842,A5103258491,A5057412604,3,0,1,0,1,0,6.8946700394334819,3.3787245258100969,,1,0,0,1,3
2025.acl-long.1073,2025,W4412944831,A5084165680,A5101546328,4,0,1,0,1,0,6.2934192788464811,2.7080502011022101,,1,0,0,1,3
2025.acl-long.1074,2025,W4412944791,A5109728164,A5100526303,5,1,1,1,1,1,4.2766661190160553,1.8870696490323799,12.920951963233351,0,0,0,0,3
2025.acl-long.1075,2025,W4412944816,A5034288582,A5069209443,6,1,1,1,1,1,6.4982821494764336,3.5409593240373143,12.243464764747236,1,0,0,1,3
2025.acl-long.1077,2025,W4412944782,A5053801300,A5076174513,6,0,1,0,1,0,6.5482191027623724,3.3787245258100969,,0,0,0,0,3
2025.acl-long.108,2025,W4412886775,A5072520198,A5027450194,4,0,1,0,1,0,7.2868764117506997,4.582413198865475,,0,0,0,0,3
2025.acl-long.1080,2025,W4412944802,A5005981740,A5119204340,2,1,1,1,1,1,3.5263605246161616,2.2512917986064958,13.091722710157825,0,0,0,0,3
2025.acl-long.1081,2025,W4412944785,A5042615387,A5110999110,5,0,1,0,1,0,5.9026333334013659,3.210843653170937,,0,0,0,0,3
2025.acl-long.1082,2025,W4412944755,A5101210903,A5078121505,6,0,1,0,1,0,7.0975488506147926,3.8746672188843769,,0,0,0,0,3
2025.acl-long.1084,2025,W4412944735,A5113211826,A5065865669,6,0,1,0,1,0,7.0273145140397766,3.7917368395536442,,0,0,0,0,3
2025.acl-long.1088,2025,W4412944756,A5012821978,A5048533046,4,0,0.66666666666666663,0,1,0,5.0369526024136295,1.9459101490553128,,0,0,0,0,3
2025.acl-long.109,2025,W4412886782,A5111261134,A5028850621,6,0,1,0,1,0,5.1239639794032588,1.791759469228055,,1,0,0,1,3
2025.acl-long.1090,2025,W4412944733,A5100432149,A5100331488,8,0,1,0,1,0,8.0796180293898399,4.2213442529834078,,0,0,0,0,3
2025.acl-long.1091,2025,W4412944762,A5119204338,A5108059971,9,0,1,0,1,0,7.1514854639047352,3.3672958299864741,,0,0,0,0,3
2025.acl-long.1092,2025,W4412944820,A5057222111,A5102754146,5,0,1,0,1,0,6.6883547139467616,3.5890591188317256,,0,0,0,0,3
2025.acl-long.1094,2025,W4412944737,A5102755689,A5004194238,6,2,1,1,1,1,7.8632667240095726,4.7550259415324687,12.742153650331932,0,0,0,0,3
2025.acl-long.1095,2025,W4412944775,A5030820902,A5100457332,7,0,1,0,1,0,6.6240652277998935,3.6488012305465261,,0,0,0,0,3
2025.acl-long.1096,2025,W4412944818,A5113031088,A5100748137,16,0,1,0,1,0,8.0020248182161104,3.8750996513235481,,0,0,0,0,3
2025.acl-long.1097,2025,W4412944783,A5100374113,A5104228339,6,0,1,0,1,0,7.1499168361321086,3.5312505099103531,,0,0,0,0,3
2025.acl-long.1098,2025,W4412944766,A5102507206,A5069782204,13,0,1,0,1,0,7.2534703826845277,3.458498235499496,,0,0,0,0,3
2025.acl-long.11,2025,W4412887020,A5089987379,A5090455375,6,0,1,0,1,0,7.2298387781512501,4.0371861483821521,,0,1,0,1,3
2025.acl-long.110,2025,W4412886784,A5100444201,A5102018239,11,0,1,0,1,0,8.1690531499273433,4.2208437107188486,,0,0,0,0,3
2025.acl-long.1101,2025,W4412944813,A5073695910,A5110629070,6,0,1,0,1,0,7.1388669999455239,3.4965075614664798,,0,0,0,0,3
2025.acl-long.1102,2025,W4412944732,A5100761335,A5068562468,9,0,1,0,1,0,6.9819346771563886,3.7689221617874726,,0,0,0,0,3
2025.acl-long.1103,2025,W4412944740,A5102407871,A5101943192,7,0,0.69999999999999996,0,1,0,6.8700534117981258,3.002849741322855,,0,0,0,0,3
2025.acl-long.1106,2025,W4412944822,A5113154147,A5087099593,5,0,0.7142857142857143,0,1,0,6.5482191027623724,3.380994674344636,,0,0,0,0,3
2025.acl-long.1107,2025,W4412944753,A5090867431,A5027450194,6,0,1,0,1,0,7.3479438231486869,4.3219227106041762,,0,0,0,0,3
2025.acl-long.1108,2025,W4412944761,A5043660997,A5073822030,4,0,1,0,1,0,6.2285110035911844,3.5695326964813701,,0,0,0,0,3
2025.acl-long.1109,2025,W4412944742,A5081531179,A5051227924,9,0,1,0,1,0,7.8713112033234065,3.8382568551885368,,0,0,0,0,3
2025.acl-long.111,2025,W4412886796,A5043091880,A5054225034,3,1,1,1,1,1,5.9889614168898637,3.2580965380214821,10.08726638032806,0,0,0,0,3
2025.acl-long.1110,2025,W4412944809,A5101503347,A5003032696,4,0,0.66666666666666663,0,1,0,5.8021183753770629,3.2288261557213689,,0,0,0,0,3
2025.acl-long.1114,2025,W4412944805,A5100675170,A5004444958,3,0,1,0,1,0,6.7475865268293154,3.8358616444625819,,0,0,0,0,3
2025.acl-long.1115,2025,W4412944806,A5030047993,A5022688200,3,0,1,0,1,0,6.2653012127377101,3.6375861597263857,,0,0,0,0,3
2025.acl-long.1117,2025,W4412944777,A5111141237,A5079648393,5,0,1,0,1,0,5.9584246930297819,2.6390573296152584,,0,0,0,0,3
2025.acl-long.1119,2025,W4412944821,A5056293251,A5077006200,3,0,0.75,0,1,0,7.4235684442591667,4.5145158177199605,,0,0,0,0,3
2025.acl-long.1121,2025,W4412944765,A5056468259,A5026310569,4,0,1,0,1,0,7.2875606403097235,3.844814255734696,,0,0,0,0,3
2025.acl-long.1122,2025,W4412944781,A5040551805,A5032767467,3,0,1,0,1,0,5.9053618480545707,3.4760986898352728,,0,0,0,0,3
2025.acl-long.1123,2025,W4412944739,A5100650507,A5115602460,5,0,1,0,1,0,7.6103576183128379,4.6011621645905523,,0,0,0,0,3
2025.acl-long.1124,2025,W4412944796,A5111218342,A5100629778,5,0,0.83333333333333337,0,1,0,6.1070228877422554,2.8332133440562162,,0,0,0,0,3
2025.acl-long.1126,2025,W4412944812,A5113747152,A5049532529,15,0,1,0,1,0,8.3111525480016901,2.456735772821304,,0,0,0,0,3
2025.acl-long.1127,2025,W4412944804,A5100325379,A5091667639,3,0,0.75,0,1,0,8.1704685783306736,4.9836066217083363,,0,0,0,0,3
2025.acl-long.1128,2025,W4412944764,A5110777107,A5071595184,2,0,0.66666666666666663,0,1,0,5.3132059790417872,3.417726683613366,,0,0,0,0,3
2025.acl-long.1129,2025,W4412944798,A5038557529,A5113484095,8,0,0.88888888888888884,0,1,0,7.0833878476252954,3.713572066704308,,0,0,0,0,3
2025.acl-long.113,2025,W4412886792,A5119180893,A5026648049,3,0,1,0,1,0,6.6463905148477291,3.6463198396951406,,0,0,0,0,3
2025.acl-long.1131,2025,W4412944800,A5009756869,A5066146847,2,1,1,1,1,1,4.9767337424205742,3.157000421150113,9.8264445080378167,0,0,0,0,3
2025.acl-long.1132,2025,W4412944772,A5085226338,A5012748501,4,0,0.80000000000000004,0,1,0,5.768320995793772,3.3928291319916388,,0,0,0,0,3
2025.acl-long.1133,2025,W4412944746,A5100355038,A5010419481,8,0,1,0,1,0,8.3202045975788792,3.6041382256588457,,0,0,0,0,3
2025.acl-long.1135,2025,W4412944787,A5107930049,A5100689117,9,0,0.81818181818181823,0,1,0,8.5767819828278942,3.7892274279482181,,0,0,0,0,3
2025.acl-long.1137,2025,W4412944734,A5055389051,A5116335604,4,0,1,0,1,0,7.007600613951853,3.4499875458315872,,1,0,0,1,3
2025.acl-long.1138,2025,W4412944770,A5035048401,A5030408465,2,0,0.66666666666666663,0,1,0,0,0.69314718055994529,,0,0,0,0,3
2025.acl-long.114,2025,W4412886761,A5051552900,A5101660251,5,0,1,0,1,0,7.2909747781429806,3.5025498759224432,,0,0,0,0,3
2025.acl-long.1142,2025,W4412944730,A5114239370,A5100419458,5,0,0.83333333333333337,0,1,0,7.114769448366463,4.0289167568996458,,0,0,0,0,3
2025.acl-long.1143,2025,W4412944823,A5119204342,A5072571599,6,0,1,0,1,0,7.3211885567394779,2.8810693652338517,,0,0,0,0,3
2025.acl-long.1146,2025,W4412944811,A5101563679,A5100386394,6,0,1,0,1,0,7.4552984856832909,3.6375861597263857,,0,0,0,0,3
2025.acl-long.1148,2025,W4412944725,A5052629630,A5101840854,4,0,1,0,1,0,5.2729995585637468,2.8183982582710758,,0,0,0,0,3
2025.acl-long.1149,2025,W4412944759,A5027438860,A5089404640,8,0,0.72727272727272729,0,1,0,8.7829363563492642,4.1569280485238682,,0,0,0,0,3
2025.acl-long.115,2025,W4412886815,A5003730904,A5050023117,7,0,1,0,1,0,6.3062752869480159,3.1478400517514489,,0,0,0,0,3
2025.acl-long.1151,2025,W4412944776,A5011810033,A5004268590,4,0,1,0,1,0,4.0253516907351496,2.6741486494265287,,0,0,0,0,3
2025.acl-long.1152,2025,W4412944726,A5005473713,A5099096845,5,0,1,0,1,0,3.713572066704308,1.7227665977411035,,0,0,0,0,3
2025.acl-long.1153,2025,W4412944788,A5049863920,A5068562468,8,0,1,0,1,0,5.6347896031692493,2.9957322735539909,,0,0,0,0,3
2025.acl-long.1154,2025,W4412944814,A5101881108,A5021733732,2,0,0.66666666666666663,0,1,0,5.1704839950381514,2.9957322735539909,,0,0,0,0,3
2025.acl-long.1155,2025,W4412944774,A5071438625,A5079445213,2,0,1,0,1,0,2.9444389791664403,2.5257286443082561,,0,0,0,0,3
2025.acl-long.1156,2025,W4412944784,A5047049400,A5038612405,2,1,0.66666666666666663,1,1,1,5.5254529391317844,2.5257286443082561,11.583924323119916,0,0,0,0,3
2025.acl-long.1157,2025,W4412944749,A5109786310,A5100437976,10,0,0.90909090909090917,0,1,0,7.4205789054107996,3.6963514689526371,,0,0,0,0,3
2025.acl-long.1158,2025,W4412944815,A5089618727,A5101512153,9,0,1,0,1,0,7.1974353540965907,3.6375861597263857,,0,0,0,0,3
2025.acl-long.1159,2025,W4412944728,A5104129581,A5003491365,3,0,1,0,1,0,5.5093883366279774,2.7725887222397811,,0,0,0,0,3
2025.acl-long.116,2025,W4412886733,A5100453281,A5044042138,12,0,0.92307692307692324,0,1,0,7.786136437783072,4.3029383325215793,,1,0,0,1,3
2025.acl-long.1161,2025,W4412944750,A5100696600,A5079038912,3,0,0.75,0,1,0,6.1882641230825897,3.5165082281731497,,0,0,0,0,3
2025.acl-long.1162,2025,W4412944807,A5035293475,A5064858748,5,0,1,0,1,0,7.0850642939525477,3.9239515762934198,,0,1,0,1,3
2025.acl-long.1164,2025,W4412944729,A5028722230,A5070728314,3,1,1,1,1,1,6.0567840132286248,3.3081069585961438,12.221040072651959,0,0,0,0,3
2025.acl-long.1165,2025,W4412944778,A5101395445,A5100431149,5,0,1,0,1,0,7.4702241358999659,3.903990833730882,,1,0,0,1,3
2025.acl-long.1166,2025,W4412944819,A5100778533,A5101786015,7,0,1,0,1,0,6.7889717429921701,3.6262438831224513,,0,0,0,0,3
2025.acl-long.1168,2025,W4403747725,A5037739770,A5043289060,4,4,1,1,1,1,6.6120410348330916,3.0910424533583161,13.315954526456514,0,0,0,0,3
2025.acl-long.1169,2025,W4412944817,A5100440326,A5040334580,6,0,0.75,0,1,0,6.3952615981154493,3.3019907315787078,,0,0,0,0,3
2025.acl-long.1170,2025,W4412944790,A5026411767,A5100402983,7,0,1,0,1,0,8.5818567047419592,4.1431347263915326,,1,0,0,1,3
2025.acl-long.1173,2025,W4412945154,A5044916571,A5073483751,9,0,0.90000000000000002,0,1,0,6.1268691841141854,3.0231312477421057,,0,0,0,0,3
2025.acl-long.1174,2025,W4412945140,A5073544000,A5088764569,7,0,1,0,1,0,8.0580108008020854,4.0430512678345503,,1,0,0,1,3
2025.acl-long.1175,2025,W4412945159,A5100778533,A5054482111,8,0,1,0,1,0,7.2506355118986798,3.7926762477955802,,0,0,0,0,3
2025.acl-long.1176,2025,W4412945166,A5113851214,A5019636504,7,0,0.875,0,1,0,8.5332633715937316,2.5427262206768262,,0,0,0,0,3
2025.acl-long.118,2025,W4412886795,A5082376307,A5000858764,6,0,1,0,1,0,4.1431347263915326,2.7515353130419489,,0,1,0,1,3
2025.acl-long.1180,2025,W4412945124,A5114337210,A5080895973,3,0,1,0,1,0,5.0172798368149243,2.2686835413183641,,0,1,0,1,3
2025.acl-long.1181,2025,W4412945135,A5103155205,A5073503574,3,0,1,0,1,0,5.5872486584002496,3.6549779024382549,,0,0,0,0,3
2025.acl-long.1182,2025,W4412945164,A5103068867,A5092499051,7,0,1,0,1,0,7.0867379345105768,3.622434354705784,,0,0,0,0,3
2025.acl-long.1183,2025,W4412945152,A5021481432,A5100510194,8,0,1,0,1,0,8.6889592342706763,4.0474276424343492,,1,0,0,1,3
2025.acl-long.1185,2025,W4412945170,A5045638055,A5013472329,3,0,1,0,1,0,5.0238805208462765,3.3672958299864741,,0,0,0,0,3
2025.acl-long.1189,2025,W4412945156,A5100634648,A5100418165,12,0,0.92307692307692324,0,1,0,8.0090306850697299,3.6086631202571353,,0,0,0,0,3
2025.acl-long.1191,2025,W4412945133,A5100640255,A5036050911,6,0,1,0,1,0,6.7007311095478101,3.7416300194994654,,0,0,0,0,3
2025.acl-long.1193,2025,W4412945161,A5092540828,A5045549996,3,0,0.75,0,1,0,5.575949103146316,3.1498829533812494,,0,0,0,0,3
2025.acl-long.1194,2025,W4412945153,A5100493890,A5109582142,2,1,1,1,1,1,5.2678581590633282,2.19722457733622,10.148470870454794,0,0,0,0,3
2025.acl-long.1195,2025,W4412945136,A5012580224,A5093081501,2,0,1,0,1,0,3.1780538303479458,2.7725887222397811,,0,0,0,0,3
2025.acl-long.1196,2025,W4412945160,A5028110202,A5101495078,7,0,1,0,1,0,6.4118182677098972,3.18398856586776,,1,0,0,1,3
2025.acl-long.1197,2025,W4412945145,A5036629993,A5026648049,4,2,1,1,1,1,6.6463905148477291,3.2865344733420154,12.935549344534218,1,0,0,1,3
2025.acl-long.1198,2025,W4412945126,A5100663925,A5055104982,6,1,1,1,1,1,5.6240175061873385,2.6508917872622613,10.763419550740901,1,0,0,1,3
2025.acl-long.1199,2025,W4412945130,A5041982864,A5113150684,14,0,0.875,0,1,0,7.643961949002529,3.6653914728067223,,0,0,0,0,3
2025.acl-long.12,2025,W4412886929,A5102752196,A5079270249,4,1,0.80000000000000004,1,1,1,6.8501261661455004,3.1675825304806504,13.026118961337176,0,0,0,0,3
2025.acl-long.120,2025,W4412886759,A5019744099,A5049027239,4,0,1,0,1,0,2.7725887222397811,2.1690537003695232,,0,0,0,0,3
2025.acl-long.1200,2025,W4412945125,A5102989092,A5047026141,6,0,1,0,1,0,5.0562458053483077,2.8332133440562162,,0,0,0,0,3
2025.acl-long.1202,2025,W4412945165,A5102621152,A5106670276,6,0,0.8571428571428571,0,1,0,7.9487384548136104,3.633190548253348,,1,0,0,1,3
2025.acl-long.1203,2025,W4412945168,A5051674275,A5080686378,5,0,1,0,1,0,5.8171111599632042,2.5014359517392109,,0,0,0,0,3
2025.acl-long.1206,2025,W4412945141,A5119204454,A5078339613,6,0,0.75,0,1,0,7.0867379345105768,3.8746672188843769,,0,0,0,0,3
2025.acl-long.1208,2025,W4412945157,A5102722055,A5055499475,4,1,1,1,1,1,6.0913098820776979,3.3050535211092531,12.581188505743592,0,0,0,0,3
2025.acl-long.121,2025,W4412886817,A5076324111,A5059447087,7,0,1,0,1,0,5.2882670306945352,2.7725887222397811,,0,0,0,0,3
2025.acl-long.1210,2025,W4412945147,A5092240823,A5078390032,4,0,1,0,1,0,5.7557422135869123,3.157000421150113,,0,0,0,0,3
2025.acl-long.1211,2025,W4412945131,A5100934690,A5035142405,3,0,1,0,1,0,5.7838251823297373,3.4011973816621555,,0,0,0,0,3
2025.acl-long.1212,2025,W4412889971,A5102647004,A5101403806,5,0,1,0,1,0,7.7873820264847007,4.3094559418390466,,1,0,0,1,3
2025.acl-long.1214,2025,W4412889953,A5002067983,A5011708753,2,1,1,1,1,1,5.5134287461649834,3.157000421150113,11.801204858989957,0,0,0,0,3
2025.acl-long.1215,2025,W4412889924,A5092596242,A5033850423,5,0,1,0,1,0,6.2422232654551655,2.4849066497880004,,0,0,0,0,3
2025.acl-long.1220,2025,W4412889956,A5094077467,A5018033573,5,0,1,0,1,0,5.8861040314501558,3.1527360223636558,,0,0,0,0,3
2025.acl-long.1221,2025,W4412889958,A5086918380,A5066969862,4,2,1,1,1,1,5.602118820879701,3.5695326964813701,11.568984385700205,0,0,0,0,3
2025.acl-long.1223,2025,W4412889912,A5051705594,A5050960711,5,0,1,0,1,0,4.8121843553724171,3.3322045101752038,,0,0,0,0,3
2025.acl-long.1225,2025,W4412889877,A5103008061,A5028997621,2,0,0.66666666666666663,0,1,0,5.9188938542731462,3.277144732992177,,1,0,0,1,3
2025.acl-long.1226,2025,W4412889932,A5086918380,A5066969862,6,0,1,0,1,0,5.4806389233419912,3.0757749812275281,,0,0,0,0,3
2025.acl-long.1228,2025,W4412889874,A5114335982,A5051693368,4,0,1,0,1,0,6.694562058521095,3.6109179126442239,,0,0,0,0,3
2025.acl-long.1229,2025,W4412889919,A5018985705,A5101655322,6,0,1,0,1,0,6.9707300781435251,3.2708355637989119,,0,0,0,0,3
2025.acl-long.123,2025,W4412886753,A5075183307,A5066242985,9,0,1,0,1,0,8.6094076754040483,3.643417080037179,,0,0,0,0,3
2025.acl-long.1231,2025,W4412889977,A5100683862,A5018959690,4,0,1,0,1,0,3.912023005428146,1.9459101490553128,,0,1,0,1,3
2025.acl-long.1232,2025,W4412889904,A5034207626,A5101815181,9,0,1,0,1,0,5.4026773818722793,3.2875723561544361,,0,0,0,0,3
2025.acl-long.1235,2025,W4412889978,A5042780870,A5077006200,4,0,0.80000000000000004,0,1,0,7.0867379345105768,3.5409593240373143,,0,0,0,0,3
2025.acl-long.1236,2025,W4412889976,A5018985705,A5068039769,8,0,1,0,1,0,6.9975959829819274,2.9704144655697009,,0,0,0,0,3
2025.acl-long.1238,2025,W4412889963,A5069546450,A5000409439,6,0,1,0,1,0,7.3517998690577766,3.7013019741124928,,1,0,0,1,3
2025.acl-long.1239,2025,W4412889944,A5100373560,A5017205177,7,0,1,0,1,0,7.6024013356658182,3.6109179126442239,,0,0,0,0,3
2025.acl-long.124,2025,W4412886799,A5081490882,A5069939742,2,0,1,0,1,0,6.4723462945009009,3.5115454388310208,,0,0,0,0,3
2025.acl-long.1240,2025,W4412889911,A5012397432,A5100402911,10,0,1,0,1,0,9.1770937781825488,4.8097423517168654,,0,0,0,0,3
2025.acl-long.1241,2025,W4412889947,A5107114100,A5107114101,5,0,1,0,1,0,6.2989492468559423,3.2503744919275719,,0,1,0,1,3
2025.acl-long.1242,2025,W4412889895,A5114767850,A5029198852,6,0,0.8571428571428571,0,1,0,7.5973963202127948,4.3545697884408421,,0,0,0,0,3
2025.acl-long.1248,2025,W4412889889,A5116310254,A5116310255,3,0,1,0,1,0,0,0,,0,0,0,0,3
2025.acl-long.125,2025,W4412886822,A5023876634,A5001459748,2,0,1,0,1,0,4.8828019225863706,2.4849066497880004,,0,1,0,1,3
2025.acl-long.1250,2025,W4412889979,A5100751385,A5112180967,2,0,1,0,1,0,5.6347896031692493,2.9957322735539909,,0,0,0,0,3
2025.acl-long.1251,2025,W4412889974,A5081469985,A5055258367,4,2,1,1,1,1,5.2522734280466299,3.0325462466767075,13.026118961337176,0,0,0,0,3
2025.acl-long.1252,2025,W4412889935,A5051928055,A5101829031,4,0,1,0,1,0,5.6454468976432377,2.8903717578961645,,0,0,0,0,3
2025.acl-long.1253,2025,W4412889972,A5057379216,A5049259877,4,1,1,1,1,1,8.2671921859321458,4.43970574626056,13.305914178368001,0,0,0,0,3
2025.acl-long.1257,2025,W4412889888,A5109460203,A5033351155,9,0,1,0,1,0,7.2779385729456614,3.8758199567641856,,0,0,0,0,3
2025.acl-long.126,2025,W4412886800,A5027371293,A5101868563,13,0,0.9285714285714286,0,1,0,7.6019019598751658,3.448765798581265,,0,0,0,0,3
2025.acl-long.1260,2025,W4412889955,A5002734392,A5018138946,8,0,1,0,1,0,6.2576675878826391,3.3366588605245844,,0,0,0,0,3
2025.acl-long.1263,2025,W4412889933,A5074368173,A5101768349,3,0,0.75,0,1,0,6.3491389913797978,3.2834143460057721,,1,0,0,1,3
2025.acl-long.1264,2025,W4412889906,A5101052166,A5011708753,4,0,1,0,1,0,5.5134287461649834,2.7408400239252009,,0,0,0,0,3
2025.acl-long.1266,2025,W4412889943,A5056031179,A5073483894,5,0,1,0,1,0,9.1920745631692906,4.7808027546312495,,0,0,0,0,3
2025.acl-long.1267,2025,W4412889894,A5052093184,A5089256022,5,0,1,0,1,0,5.8493247799468593,3.3250360206965914,,0,0,0,0,3
2025.acl-long.1269,2025,W4412889903,A5058373574,A5101768349,5,0,0.83333333333333337,0,1,0,7.1098794630722724,3.459466289786131,,0,0,0,0,3
2025.acl-long.127,2025,W4412886823,A5028107927,A5047474914,12,0,0.92307692307692324,0,1,0,7.0492548412558369,2.3978952727983707,,0,0,0,0,3
2025.acl-long.1270,2025,W4412889878,A5052844543,A5004474713,9,0,1,0,1,0,7.2276624987286544,3.8066624897703201,,0,0,0,0,3
2025.acl-long.1271,2025,W4412889882,A5108527256,A5101688217,3,1,1,1,1,1,2.3025850929940459,1.7346010553881064,12.697409592712305,0,0,0,0,3
2025.acl-long.1273,2025,W4412889968,A5100672435,A5100568685,2,0,1,0,1,0,4.5325994931532563,2.5649493574615367,,0,0,0,0,3
2025.acl-long.1276,2025,W4412889916,A5100705310,A5100644428,12,0,0.92307692307692324,0,1,0,7.7608931958510237,4.0943445622221004,,0,0,0,0,3
2025.acl-long.1277,2025,W4412889959,A5101670489,A5019106673,5,0,1,0,1,0,5.916202062607435,3.7612001156935615,,0,0,0,0,3
2025.acl-long.128,2025,W4412886776,A5041937705,A5107950655,2,1,0.66666666666666663,1,1,1,6.2245584292753602,2.8903717578961645,12.382648561028049,0,1,0,1,3
2025.acl-long.1280,2025,W4412889942,A5035828612,A5100664729,4,1,1,1,1,1,5.9401712527204316,2.8183982582710758,12.963034647920509,0,0,0,0,3
2025.acl-long.1282,2025,W4412889939,A5102723985,A5102799323,7,0,1,0,1,0,6.8458798752640497,3.3011139231051727,,0,0,0,0,3
2025.acl-long.1283,2025,W4412889965,A5026404757,A5103073431,18,0,0.94736842105263164,0,1,0,6.7274317248508551,3.0040310763686859,,0,0,0,0,3
2025.acl-long.1284,2025,W4412889914,A5100753675,A5068772086,2,1,1,1,1,1,5.9269260259704106,2.3025850929940459,13.592155734333639,0,0,0,0,3
2025.acl-long.1286,2025,W4412889901,A5068625652,A5100609033,6,0,0.8571428571428571,0,1,0,7.1340937211928663,3.709498741316672,,0,0,0,0,3
2025.acl-long.1289,2025,W4412889890,A5052162441,A5100402925,9,0,1,0,1,0,8.3089382525957785,4.3085594827920088,,0,0,0,0,3
2025.acl-long.1294,2025,W4412889913,A5074163178,A5055430458,8,0,1,0,1,0,6.1355648910817386,2.7803708626818362,,0,0,0,0,3
2025.acl-long.1296,2025,W4412889937,A5119181909,A5027174211,5,0,0.83333333333333337,0,1,0,6.9488972223133123,3.7704594411063592,,0,0,0,0,3
2025.acl-long.1297,2025,W4412889896,A5102023923,A5100671757,6,0,1,0,1,0,7.9854843567338225,4.5521209648982754,,0,1,0,1,3
2025.acl-long.1299,2025,W4412889892,A5100358591,A5066326238,6,0,1,0,1,0,6.8855096700348177,4.4168305568685735,,0,0,0,0,3
2025.acl-long.1300,2025,W4412889871,A5100668783,A5013952524,3,2,1,1,1,1,5.6594822157596214,2.6855773452501515,13.031887095467669,0,0,0,0,3
2025.acl-long.1302,2025,W4412889897,A5093458254,A5100664729,3,0,1,0,1,0,5.9401712527204316,2.8903717578961645,,0,0,0,0,3
2025.acl-long.1304,2025,W4412889927,A5074310887,A5083822059,4,0,0.80000000000000004,0,1,0,6.0063531596017325,3.417726683613366,,0,0,0,0,3
2025.acl-long.1305,2025,W4412889917,A5072521412,A5035329776,12,0,1,0,1,0,6.9382844840169602,3.784189633918261,,0,0,0,0,3
2025.acl-long.1307,2025,W4412889907,A5119181892,A5119181893,3,1,1,1,1,1,2.7725887222397811,1.8971199848858813,10.075758773476579,0,0,0,0,3
2025.acl-long.131,2025,W4412886806,A5101857873,A5084497683,11,0,1,0,1,0,6.1841488909374833,3.143368272360056,,0,0,0,0,3
2025.acl-long.1310,2025,W4412889879,A5053372458,A5003990194,12,0,1,0,1,0,8.247743887225516,3.957633516680199,,0,0,0,0,3
2025.acl-long.1311,2025,W4412889948,A5073233506,A5102510525,7,0,1,0,1,0,5.3230099791384085,3.4385849137337758,,0,0,0,0,3
2025.acl-long.1312,2025,W4412889884,A5046687207,A5003324011,8,0,1,0,1,0,8.0300840942675631,3.8421368779639802,,0,0,0,0,3
2025.acl-long.1314,2025,W4412889915,A5100750199,A5019692903,8,0,0.80000000000000004,0,1,0,6.5971457018866513,3.7727609380946383,,0,0,0,0,3
2025.acl-long.1316,2025,W4412889893,A5115596320,A5010087030,9,0,1,0,1,0,8.6805018090282609,4.0737638545220802,,0,0,0,0,3
2025.acl-long.1317,2025,W4412889887,A5103147054,A5100594590,7,0,1,0,1,0,7.2506355118986798,3.3573947590037623,,0,0,0,0,3
2025.acl-long.1319,2025,W4412889960,A5101497722,A5079082222,4,2,1,1,1,1,5.9375362050824263,3.4420193761824107,12.264346270624156,1,0,0,1,3
2025.acl-long.132,2025,W4412886814,A5114106863,A5027412190,7,0,1,0,1,0,6.4599044543775346,3.0910424533583161,,0,0,0,0,3
2025.acl-long.1323,2025,W4412889851,A5053483086,A5002419188,5,1,1,1,1,1,6.3062752869480159,3.044522437723423,13.939856013762062,0,0,0,0,3
2025.acl-long.1324,2025,W4412889800,A5100405683,A5049100391,9,0,0.81818181818181823,0,1,0,7.9915922820680922,4.1163234689408759,,0,0,0,0,3
2025.acl-long.1325,2025,W4412889808,A5063681225,A5101661409,7,0,1,0,1,0,5.9026333334013659,3.2851984677992734,,0,0,0,0,3
2025.acl-long.1326,2025,W4412889812,A5032830409,A5085254654,6,0,0.8571428571428571,0,1,0,7.6902860206767683,4.2881737258675354,,1,0,0,1,3
2025.acl-long.1327,2025,W4412889840,A5101627121,A5029568096,5,1,1,1,1,1,8.4398800883135667,4.6876714074998347,9.6371755058205402,0,0,0,0,3
2025.acl-long.1328,2025,W4412889804,A5001523912,A5008380821,10,0,1,0,1,0,9.6591842033862925,4.3502779363593014,,0,0,0,0,3
2025.acl-long.1329,2025,W4412889824,A5063186972,A5010279607,3,0,1,0,1,0,4.8978397999509111,2.9087208965643612,,0,0,0,0,3
2025.acl-long.1330,2025,W4412889802,A5051718913,A5085370631,4,0,0.80000000000000004,0,1,0,7.2283884515736041,4.098502572370764,,0,0,0,0,3
2025.acl-long.1331,2025,W4412889838,A5060506052,A5100333729,5,0,1,0,1,0,8.0980347561760713,4.2165621949463494,,0,0,0,0,3
2025.acl-long.1332,2025,W4412889780,A5100397196,A5018970859,9,0,1,0,1,0,7.8180279385307294,3.3634570536793085,,0,1,0,1,3
2025.acl-long.1333,2025,W4412889819,A5119181876,A5119181879,4,0,1,0,1,0,0,0,,1,0,0,1,3
2025.acl-long.1335,2025,W4412889860,A5019999723,A5038792241,3,0,0.75,0,1,0,7.0012456220694759,3.218875824868201,,1,0,0,1,3
2025.acl-long.1336,2025,W4412889867,A5101434712,A5034476404,8,0,1,0,1,0,7.2997973667581606,4.3835879152408337,,0,0,0,0,3
2025.acl-long.1337,2025,W4412889785,A5111322423,A5024040521,4,0,1,0,1,0,6.6052979209482015,3.2288261557213689,,0,0,0,0,3
2025.acl-long.1338,2025,W4412889847,A5074071173,A5017596591,5,0,0.7142857142857143,0,1,0,6.3818160174060985,3.1090609588609941,,0,0,0,0,3
2025.acl-long.1339,2025,W4412889866,A5075695432,A5101497729,2,0,0.5,0,1,0,6.7226297948554485,3.4965075614664798,,1,0,0,1,3
2025.acl-long.134,2025,W4412886762,A5113407769,A5111887396,9,0,1,0,1,0,6.5410299991899032,2.7725887222397811,,0,0,0,0,3
2025.acl-long.1340,2025,W4412889789,A5106152345,A5046521217,3,0,1,0,1,0,7.020190708311925,4.1845914400698794,,0,0,0,0,3
2025.acl-long.1341,2025,W4412889790,A5001762730,A5046448314,13,0,1,0,1,0,8.6513743728822572,4.6641645203317648,,0,0,0,0,3
2025.acl-long.1342,2025,W4412889831,A5100430127,A5064829377,10,0,0.90909090909090917,0,1,0,8.0484687436688827,3.7184382563554808,,0,0,0,0,3
2025.acl-long.1345,2025,W4412889833,A5100457502,A5032801642,3,1,1,1,1,1,5.8464387750577247,3.5065578973199818,11.782181312449406,0,0,0,0,3
2025.acl-long.1346,2025,W4412889829,A5026423671,A5101562121,8,0,1,0,1,0,6.3767269478986268,3.3004558118606235,,0,0,0,0,3
2025.acl-long.1347,2025,W4412889823,A5088517105,A5046836420,6,0,1,0,1,0,8.0526148188155666,3.3019907315787078,,0,0,0,0,3
2025.acl-long.1348,2025,W4412889795,A5101487934,A5044788927,6,0,1,0,1,0,7.1000271666292596,3.4231762883809305,,0,0,0,0,3
2025.acl-long.135,2025,W4412886767,A5081062397,A5101293966,16,0,1,0,1,0,7.8943180638416237,3.655516550444815,,0,0,0,0,3
2025.acl-long.1350,2025,W4412889837,A5100369538,A5069028297,4,0,0.66666666666666663,0,1,0,6.1398845522262553,3.4420193761824107,,0,0,0,0,3
2025.acl-long.1352,2025,W4412889842,A5065358183,A5100323700,2,0,1,0,1,0,7.7021043400510498,4.7706846244656651,,0,0,0,0,3
2025.acl-long.1353,2025,W4412889794,A5007359104,A5101997947,4,0,1,0,1,0,5.8861040314501558,3.1245651453969594,,0,0,0,0,3
2025.acl-long.1355,2025,W4412889815,A5036875405,A5047962986,19,0,0.94999999999999996,0,1,0,8.2796971338776277,4.2023332002861968,,0,1,0,1,3
2025.acl-long.1357,2025,W4412889854,A5102620405,A5061951606,6,0,1,0,1,0,7.1770187659099003,3.9350882783591423,,0,0,0,0,3
2025.acl-long.1358,2025,W4412889845,A5029139684,A5041559636,4,1,1,1,1,1,5.2149357576089859,3.044522437723423,13.661953701788846,0,1,0,1,3
2025.acl-long.1360,2025,W4412889855,A5102575745,A5036544715,7,0,1,0,1,0,7.1356873470281439,3.856208226321749,,1,0,0,1,3
2025.acl-long.1363,2025,W4412889828,A5119181880,A5060170090,4,3,1,1,1,1,3.9889840465642745,2.0794415416798362,11.50219813232934,0,0,0,0,3
2025.acl-long.1366,2025,W4412889783,A5103564790,A5119181872,4,0,0.80000000000000004,0,1,0,6.1355648910817386,2.724579503053421,,1,0,0,1,3
2025.acl-long.1367,2025,W4412889805,A5032897354,A5102803694,4,0,1,0,1,0,5.6903594543240601,2.8332133440562162,,0,0,0,0,3
2025.acl-long.1368,2025,W4412889809,A5102687969,A5113224776,13,0,1,0,1,0,8.6859227946907254,4.3398014125003019,,1,0,0,1,3
2025.acl-long.1369,2025,W4412889844,A5005755293,A5115597536,10,0,1,0,1,0,7.4552984856832909,3.2809112157876537,,0,0,0,0,3
2025.acl-long.137,2025,W4412886750,A5004590573,A5089586983,6,0,1,0,1,0,5.3981627015177525,2.9087208965643612,,0,0,0,0,3
2025.acl-long.1370,2025,W4412889820,A5010734725,A5010734725,1,0,1,0,1,0,2.4849066497880004,2.7725887222397811,,0,0,0,0,3
2025.acl-long.1371,2025,W4412889862,A5000003740,A5047912015,4,0,1,0,1,0,6.7178046950236912,4.0775374439057197,,0,0,0,0,3
2025.acl-long.1372,2025,W4412889811,A5072620536,A5100647402,2,2,0.66666666666666663,1,1,1,5.0689042022202324,3.2386784521643803,13.031887095467669,1,0,0,1,3
2025.acl-long.1373,2025,W4412889772,A5072620536,A5100620486,8,0,0.88888888888888884,0,1,0,9.1756454021792955,4.83330127881334,,0,0,0,0,3
2025.acl-long.1374,2025,W4412889813,A5092048136,A5102825308,5,1,1,1,1,1,6.8752320872765766,4.2710950739665998,10.501582020144314,0,0,0,0,3
2025.acl-long.1375,2025,W4412889836,A5007101740,A5103239171,4,0,0.80000000000000004,0,1,0,5.8021183753770629,3.157000421150113,,0,0,0,0,3
2025.acl-long.1376,2025,W4412889797,A5100665987,A5120839675,3,0,0.59999999999999998,0,1,0,6.3969296552161463,3.4965075614664798,,0,0,0,0,3
2025.acl-long.1379,2025,W4412889807,A5101914477,A5074472751,4,0,0.80000000000000004,0,1,0,6.6846117276679271,4.4006030202468169,,0,0,0,0,3
2025.acl-long.138,2025,W4412886774,A5016537530,A5052284218,6,0,0.8571428571428571,0,1,0,8.0940731480693522,4.0998847425977161,,1,0,0,1,3
2025.acl-long.1380,2025,W4412889792,A5119181873,A5045045967,5,0,0.7142857142857143,0,1,0,7.6138186848086287,3.8501476017100575,,0,0,0,0,3
2025.acl-long.1382,2025,W4412889801,A5068062886,A5101748624,8,0,1,0,1,0,6.5424719605068047,2.665490586683414,,0,0,0,0,3
2025.acl-long.1385,2025,W4412889858,A5036172405,A5025565222,5,0,1,0,1,0,6.1737861039019366,3.4904285153900978,,0,0,0,0,3
2025.acl-long.1387,2025,W4412889814,A5101771636,A5100402925,9,0,0.90000000000000002,0,1,0,6.9157234486313142,3.3322045101752038,,0,0,0,0,3
2025.acl-long.1388,2025,W4412889865,A5007104233,A5087099593,3,0,0.75,0,1,0,6.5482191027623724,3.8358616444625819,,0,0,0,0,3
2025.acl-long.1389,2025,W4412889835,A5090335927,A5057853630,7,0,0.875,0,1,0,6.9975959829819274,3.3524072174927237,,0,0,0,0,3
2025.acl-long.139,2025,W4412886793,A5049707744,A5033045856,6,0,0.8571428571428571,0,1,0,8.7245325111854797,4.3152634185141991,,1,0,0,1,3
2025.acl-long.1390,2025,W4412889846,A5119181885,A5064858748,5,0,0.83333333333333337,0,1,0,7.0850642939525477,3.737669618283368,,0,0,0,0,3
2025.acl-long.1391,2025,W4412889793,A5100627368,A5101827342,5,0,1,0,1,0,8.1794801853588908,4.7518645651388951,,0,0,0,0,3
2025.acl-long.1393,2025,W4412889803,A5069116685,A5021733732,3,0,1,0,1,0,5.0172798368149243,2.2686835413183641,,0,0,0,0,3
2025.acl-long.1394,2025,W4412889839,A5109187979,A5100618396,8,0,1,0,1,0,8.8716456675018716,4.0732911530242681,,0,1,0,1,3
2025.acl-long.1395,2025,W4412889832,A5100643541,A5021733732,4,0,0.80000000000000004,0,1,0,5.1179938124167554,3.218875824868201,,0,0,0,0,3
2025.acl-long.1397,2025,W4412889773,A5047141412,A5064142365,5,0,1,0,1,0,7.122866658599083,3.1267605359603952,,0,0,0,0,3
2025.acl-long.1398,2025,W4412889776,A5004743631,A5101880377,3,0,0.75,0,1,0,6.5930445341424369,3.3322045101752038,,0,0,0,0,3
2025.acl-long.1399,2025,W4412889799,A5007964652,A5113822366,4,0,1,0,1,0,6.9508147684425836,3.5336865647082343,,0,0,0,0,3
2025.acl-long.14,2025,W4412886860,A5056165952,A5115596112,6,1,1,1,1,1,7.4259536570775406,4.0371861483821521,11.529930063786052,0,0,0,0,3
2025.acl-long.1401,2025,W4412889778,A5100759068,A5100594590,5,0,0.7142857142857143,0,1,0,7.3639135014058192,4.1239033644636454,,0,0,0,0,3
2025.acl-long.1402,2025,W4412889853,A5101758560,A5080674767,8,0,1,0,1,0,7.566311014772463,3.5040547671018638,,1,0,0,1,3
2025.acl-long.1403,2025,W4412889774,A5104178156,A5119181867,7,0,0.875,0,1,0,6.4738906963522744,3.1898882879949486,,0,0,0,0,3
2025.acl-long.1404,2025,W4412889770,A5101998583,A5027450194,3,0,1,0,1,0,7.2520539518528144,4.7273878187123408,,0,1,0,1,3
2025.acl-long.1405,2025,W4412889856,A5059294404,A5064884832,3,0,0.59999999999999998,0,1,0,5.1357984370502621,2.3978952727983707,,0,0,0,0,3
2025.acl-long.1407,2025,W4412889869,A5100417892,A5108856873,5,0,1,0,1,0,7.9854843567338225,4.0324691585040133,,0,0,0,0,3
2025.acl-long.1408,2025,W4412889777,A5110676217,A5101010043,6,0,1,0,1,0,8.8716456675018716,3.9350882783591423,,0,1,0,1,3
2025.acl-long.1410,2025,W4412889796,A5016936747,A5102396915,5,0,1,0,1,0,7.1884127364969537,3.903990833730882,,1,0,0,1,3
2025.acl-long.1411,2025,W4412889861,A5087870256,A5072571599,4,1,1,1,1,1,7.3211885567394779,3.7727609380946383,12.564341318807363,0,0,1,1,3
2025.acl-long.1413,2025,W4412889859,A5101549758,A5029671916,8,0,1,0,1,0,5.3471075307174685,2.59338729278207,,0,0,0,0,3
2025.acl-long.1414,2025,W4412889685,A5043368238,A5110579339,6,0,1,0,1,0,7.0690234265782594,3.8849943330402268,,1,1,0,1,3
2025.acl-long.1417,2025,W4412889763,A5018940839,A5090162434,8,0,1,0,1,0,5.8260001073804499,3.1623054733798064,,0,0,0,0,3
2025.acl-long.1418,2025,W4412889758,A5107941641,A5064858748,5,0,1,0,1,0,7.0850642939525477,3.7704594411063592,,0,0,0,0,3
2025.acl-long.1419,2025,W4412889738,A5078774993,A5050036814,6,0,1,0,1,0,6.5117453296447279,3.5835189384561099,,0,0,0,0,3
2025.acl-long.1420,2025,W4412889754,A5100708185,A5100328203,4,0,1,0,1,0,6.4264884574576904,3.4499875458315872,,0,0,0,0,3
2025.acl-long.1421,2025,W4412889728,A5011958968,A5073032922,5,0,1,0,1,0,8.9866966956202905,4.6709579265260954,,0,1,0,1,3
2025.acl-long.1422,2025,W4412889768,A5099230661,A5103750286,4,1,1,1,1,1,4.3438054218536841,1.9459101490553128,12.851850402191095,0,0,0,0,3
2025.acl-long.1425,2025,W4412889752,A5100399867,A5010419481,9,0,1,0,1,0,8.3202045975788792,3.7867117033509712,,0,0,0,0,3
2025.acl-long.1426,2025,W4412889764,A5101912906,A5059516520,13,0,1,0,1,0,6.1737861039019366,2.7482566215802504,,1,0,1,1,3
2025.acl-long.1427,2025,W4412889720,A5093129979,A5002602581,5,0,1,0,1,0,4.6913478822291443,2.1517622032594619,,0,0,0,0,3
2025.acl-long.1429,2025,W4412889751,A5063391480,A5026569995,7,0,1,0,1,0,7.111512116496157,3.2580965380214821,,1,0,0,1,3
2025.acl-long.143,2025,W4412886778,A5018004671,A5079336821,7,0,1,0,1,0,9.1810145425943563,4.3098398926980535,,0,0,0,0,3
2025.acl-long.1432,2025,W4412889767,A5101156308,A5059859009,10,0,0.90909090909090917,0,1,0,6.1025585946135692,3.0007198150650303,,0,0,0,0,3
2025.acl-long.1433,2025,W4412889727,A5023566731,A5019539533,5,1,1,1,1,1,7.4217757936446471,4.0073331852324712,12.851850402191095,0,0,0,0,3
2025.acl-long.1434,2025,W4412889698,A5023566731,A5019539533,3,1,1,1,1,1,7.4217757936446471,4.2673637263537421,12.851850402191095,0,0,0,0,3
2025.acl-long.1437,2025,W4412889712,A5099282237,A5048346353,8,0,1,0,1,0,8.4200212796639633,4.2801323269925415,,0,0,0,0,3
2025.acl-long.1440,2025,W4412889703,A5016806500,A5011012964,3,1,1,1,1,1,4.3438054218536841,2.5902671654458267,13.535243592197631,0,0,0,0,3
2025.acl-long.1441,2025,W4412889750,A5037457672,A5100402983,5,0,1,0,1,0,6.6502790485874224,3.7612001156935615,,0,0,0,0,3
2025.acl-long.1443,2025,W4412889735,A5037457672,A5100402911,6,0,1,0,1,0,7.5532866056004186,4.0690267542378109,,0,1,0,1,3
2025.acl-long.1444,2025,W4412889741,A5092547972,A5011959340,3,1,1,1,1,1,6.5381398237676702,3.7534179752515073,13.661953701788846,0,0,0,0,3
2025.acl-long.1445,2025,W4412889682,A5052649262,A5072471679,4,0,1,0,1,0,6.8405465292886873,3.1135153092103742,,0,0,0,0,3
2025.acl-long.1446,2025,W4412889691,A5020192829,A5089085275,2,1,1,1,1,1,5.8777357817796387,3.9796816539019608,12.399523705666873,1,0,0,1,3
2025.acl-long.1447,2025,W4412889678,A5073069587,A5056555815,4,0,1,0,1,0,6.3385940782031831,2.0476928433652555,,0,0,0,0,3
2025.acl-long.1448,2025,W4412889765,A5114335069,A5030503109,4,1,1,1,1,1,4.9558270576012609,3.0796137575346929,13.139900695726451,0,0,0,0,3
2025.acl-long.1449,2025,W4412889708,A5036417288,A5086960141,3,0,1,0,1,0,4.1588830833596724,2.7300291078209851,,0,0,0,0,3
2025.acl-long.1450,2025,W4412889683,A5044414265,A5117452208,2,1,1,1,1,1,4.8040210447332568,2.0794415416798362,4.5747109785033828,0,0,0,0,3
2025.acl-long.1451,2025,W4412889749,A5064336794,A5119181863,23,0,0.69696969696969702,0,1,0,5.6698809229805196,2.0956144009254367,,0,0,0,0,3
2025.acl-long.1452,2025,W4412889740,A5100387270,A5030248499,5,0,1,0,1,0,7.7137846165987547,4.7990908786253978,,0,0,0,0,3
2025.acl-long.1455,2025,W4412889695,A5100688793,A5018774580,6,0,1,0,1,0,6.7650389767805406,3.6971782569286313,,0,0,0,0,3
2025.acl-long.1456,2025,W4412889737,A5021623012,A5082997975,6,0,1,0,1,0,7.3683396863113808,4.3018103008170803,,0,0,0,0,3
2025.acl-long.1457,2025,W4412889736,A5021623012,A5065674779,6,0,1,0,1,0,7.3683396863113808,4.0430512678345503,,0,0,0,0,3
2025.acl-long.1458,2025,W4412889746,A5101290233,A5087734326,3,0,0.75,0,1,0,4.9272536851572051,2.3025850929940459,,0,0,0,0,3
2025.acl-long.1459,2025,W4412889721,A5101490693,A5039966562,6,1,1,1,1,1,6.2265366692874657,3.4446824936018943,10.388872283820168,0,0,0,0,3
2025.acl-long.1462,2025,W4412889748,A5072904443,A5069105490,4,1,1,1,1,1,5.6937321388026998,2.7725887222397811,13.939856013762062,0,0,0,0,3
2025.acl-long.1467,2025,W4412889759,A5076594514,A5054936589,4,0,1,0,1,0,6.517671272912275,3.801091444720865,,0,0,0,0,3
2025.acl-long.1469,2025,W4412889716,A5101998583,A5000755750,5,0,0.83333333333333337,0,1,0,7.3343293503005356,3.9665111907122159,,0,0,0,0,3
2025.acl-long.147,2025,W4412886766,A5071482462,A5083277438,3,1,1,1,1,1,7.6948480723846098,4.7004803657924166,9.3927452586314395,0,0,0,0,3
2025.acl-long.1470,2025,W4412889699,A5063024541,A5111159301,2,0,0.66666666666666663,0,1,0,5.7037824746562009,2.917770732084279,,0,0,0,0,3
2025.acl-long.1472,2025,W4412889676,A5067966305,A5100402983,4,0,0.80000000000000004,0,1,0,6.6502790485874224,4.1067670822206574,,0,0,0,0,3
2025.acl-long.1473,2025,W4412889766,A5081160261,A5084497683,3,0,0.75,0,1,0,6.1841488909374833,3.4657359027997265,,0,0,0,0,3
2025.acl-long.1475,2025,W4412889742,A5100434649,A5101889948,9,0,1,0,1,0,6.6883547139467616,3.1403135023650988,,0,0,0,0,3
2025.acl-long.1478,2025,W4412889757,A5057316227,A5100456377,8,0,1,0,1,0,6.6995003401616779,3.2435684374585723,,0,0,0,0,3
2025.acl-long.1479,2025,W4412889714,A5069373475,A5101917144,7,0,1,0,1,0,5.3327187932653688,2.4608090982089399,,0,0,0,0,3
2025.acl-long.148,2025,W4412886740,A5103010744,A5086062267,5,0,0.83333333333333337,0,1,0,6.0684255882441107,2.760009940032921,,0,0,0,0,3
2025.acl-long.1480,2025,W4412889769,A5113667437,A5065100828,8,0,1,0,1,0,7.0800264999225906,3.46182200347859,,0,0,0,0,3
2025.acl-long.1482,2025,W4412889707,A5101905617,A5052195927,5,0,0.83333333333333337,0,1,0,7.7102051944325316,4.1620032106959153,,0,0,0,0,3
2025.acl-long.1483,2025,W4412889729,A5065948939,A5100536941,5,0,1,0,1,0,6.2841341610708019,3.4210000089583352,,0,0,0,0,3
2025.acl-long.1485,2025,W4412889743,A5027130848,A5029082837,6,0,0.8571428571428571,0,1,0,6.1333980429966486,3.4709307196768302,,0,0,0,0,3
2025.acl-long.1488,2025,W4412889704,A5086936104,A5060421432,2,1,1,1,1,1,2.9444389791664403,2.6390573296152584,13.222818481178386,0,0,0,0,3
2025.acl-long.1489,2025,W4412889679,A5077226859,A5057970781,3,0,0.75,0,1,0,5.780743515792329,2.8332133440562162,,0,0,0,0,3
2025.acl-long.149,2025,W4412886786,A5099230634,A5035876897,4,0,1,0,1,0,5.9889614168898637,4.098502572370764,,0,0,0,0,3
2025.acl-long.1491,2025,W4412889705,A5058649874,A5100402996,11,0,1,0,1,0,7.0690234265782594,3.6565440734710002,,0,0,0,0,3
2025.acl-long.1492,2025,W4412889696,A5059106736,A5090045508,3,0,0.75,0,1,0,5.9269260259704106,3.2834143460057721,,0,0,0,0,3
2025.acl-long.1494,2025,W4412889673,A5100410700,A5041083459,8,0,1,0,1,0,7.3297496890415124,3.886705197443856,,0,0,0,0,3
2025.acl-long.1495,2025,W4412889717,A5103089964,A5045959721,4,0,1,0,1,0,5.1532915944977793,2.3513752571634776,,1,1,0,1,3
2025.acl-long.1496,2025,W4412889731,A5036665467,A5044042138,15,0,0.9375,0,1,0,7.4223737009868236,3.8945376910871263,,0,0,0,0,3
2025.acl-long.1497,2025,W4412889706,A5053507369,A5101688217,4,0,1,0,1,0,6.4134589571673573,2.224623551524334,,0,0,0,0,3
2025.acl-long.1499,2025,W4412889711,A5084171262,A5112502954,4,0,0.66666666666666663,0,1,0,7.7244466456335372,4.0430512678345503,,0,0,0,0,3
2025.acl-long.150,2025,W4412886777,A5100777718,A5015842400,13,0,0.9285714285714286,0,1,0,7.4175804024145444,4.0045320629527597,,0,1,1,1,3
2025.acl-long.1500,2025,W4412889675,A5100330785,A5100630872,8,1,0.88888888888888884,1,1,1,6.0867747269123065,2.9378382951350885,14.126356514120028,1,0,0,1,3
2025.acl-long.1501,2025,W4412889681,A5061798935,A5100630872,6,0,0.8571428571428571,0,1,0,5.4249500174814029,2.917770732084279,,0,0,0,0,3
2025.acl-long.1508,2025,W4412889734,A5042174785,A5102510525,3,1,1,1,1,1,7.1884127364969537,4.1997050778799272,9.8084073462858576,0,0,0,0,3
2025.acl-long.1514,2025,W4412889611,A5035480317,A5100643265,5,0,1,0,1,0,9.0126208730021329,4.6288867126054072,,0,1,0,1,3
2025.acl-long.1515,2025,W4412889590,A5103281883,A5101881857,3,0,0.75,0,1,0,6.1268691841141854,3.2054528045360602,,0,0,0,0,3
2025.acl-long.1516,2025,W4412889636,A5073522194,A5025365324,8,0,0.80000000000000004,0,1,0,6.7044143549641069,3.1135153092103742,,0,0,0,0,3
2025.acl-long.1519,2025,W4412889606,A5104211446,A5041514597,5,0,1,0,1,0,3.6635616461296463,1.5260563034950492,,0,0,0,0,3
2025.acl-long.1521,2025,W4412889665,A5026304882,A5045222243,9,0,0.90000000000000002,0,1,0,8.2822300632966854,3.9340019121469214,,1,0,0,1,3
2025.acl-long.1523,2025,W4412889644,A5074456140,A5112413435,5,0,1,0,1,0,7.2723983925700466,3.3741687092742358,,0,0,0,0,3
2025.acl-long.1524,2025,W4412889649,A5100649985,A5003424646,4,0,1,0,1,0,3.7612001156935615,1.791759469228055,,0,0,0,0,3
2025.acl-long.1525,2025,W4412889646,A5113392264,A5101561494,8,0,0.88888888888888884,0,1,0,7.3639135014058192,3.8367605209275992,,0,0,0,0,3
2025.acl-long.1526,2025,W4412889607,A5022583259,A5101880946,2,0,1,0,1,0,4.0604430105464191,3.1135153092103742,,1,0,0,1,3
2025.acl-long.1527,2025,W4412889633,A5006893719,A5013040086,8,0,1,0,1,0,7.7761154770987417,4.0859763125515842,,0,0,0,0,3
2025.acl-long.1528,2025,W4412889639,A5097372702,A5020676344,7,0,1,0,1,0,6.956545443151569,2.8498803965414279,,0,0,0,0,3
2025.acl-long.1529,2025,W4412889599,A5119181807,A5019937083,5,0,1,0,1,0,5.3327187932653688,2.4159137783010487,,1,0,0,1,3
2025.acl-long.1530,2025,W4412889643,A5030034959,A5044042138,9,0,0.90000000000000002,0,1,0,8.0940731480693522,3.9448128282511368,,0,0,0,0,3
2025.acl-long.1532,2025,W4412889583,A5070981690,A5044635661,5,0,0.83333333333333337,0,1,0,8.8716456675018716,4.1174098351530963,,0,0,0,0,3
2025.acl-long.1533,2025,W4412889631,A5087223621,A5101461165,4,1,1,1,1,1,7.6501687008450006,2.0149030205422647,5.0751738152338266,0,0,0,0,3
2025.acl-long.1534,2025,W4412889621,A5100420423,A5046126345,3,2,1,1,1,1,8.2136527030299984,4.8040210447332568,13.592155734333639,0,0,0,0,3
2025.acl-long.1535,2025,W4412889663,A5107179500,A5068487961,8,0,1,0,1,0,5.43372200355424,2.1832383353614802,,1,0,0,1,3
2025.acl-long.1539,2025,W4412889654,A5101686898,A5045895968,9,0,1,0,1,0,5.7525726388256331,2.7515353130419489,,0,0,0,0,3
2025.acl-long.1541,2025,W4412889628,A5057792051,A5026189787,6,0,1,0,1,0,6.253828811575473,3.1849742731925192,,0,0,0,0,3
2025.acl-long.1542,2025,W4412889574,A5102777466,A5013007353,5,1,1,1,1,1,8.8360831909922108,4.165113633110308,12.382648561028049,0,0,0,0,3
2025.acl-long.1543,2025,W4412889632,A5113205067,A5101629879,9,0,1,0,1,0,6.5496507422338102,2.5649493574615367,,0,0,0,0,3
2025.acl-long.1544,2025,W4412889634,A5010983432,A5090073634,12,0,0.92307692307692324,0,1,0,7.2889276945212567,3.2676659890376327,,0,0,0,0,3
2025.acl-long.1546,2025,W4412889581,A5081588948,A5072554002,5,0,1,0,1,0,4.4773368144782069,2.760009940032921,,0,0,0,0,3
2025.acl-long.1547,2025,W4412889647,A5109753832,A5023341622,3,0,1,0,1,0,7.7200179404322444,3.4965075614664798,,0,1,0,1,3
2025.acl-long.155,2025,W4412886760,A5085696952,A5100409030,5,0,1,0,1,0,7.8152070621890877,3.7977338590260175,,1,0,0,1,3
2025.acl-long.1550,2025,W4412889656,A5024378198,A5044944954,4,1,1,1,1,1,7.4650827363995473,3.9219733362813134,10.313708002728152,0,0,0,0,3
2025.acl-long.1551,2025,W4412889661,A5111296494,A5036601505,11,0,1,0,1,0,7.0656133635977172,3.1033629377463563,,0,0,0,0,3
2025.acl-long.1553,2025,W4412889629,A5092145397,A5017116101,11,0,1,0,1,0,6.2344107257183712,3.2991982137070339,,1,0,0,1,3
2025.acl-long.1554,2025,W4412889625,A5119181817,A5018773113,7,0,1,0,1,0,4.9344739331306924,2.0243817644968085,,0,0,0,0,3
2025.acl-long.1557,2025,W4412889585,A5075208338,A5088276691,4,0,1,0,1,0,5.934894195619588,3.7612001156935615,,0,0,0,0,3
2025.acl-long.1558,2025,W4412889658,A5043924969,A5100355339,10,0,0.90909090909090917,0,1,0,8.1004648910293628,4.2696974496999616,,0,0,0,0,3
2025.acl-long.1559,2025,W4412889575,A5100406370,A5110969509,4,1,1,1,1,1,5.5606816310155276,2.7408400239252009,8.0163178985034147,0,0,0,0,3
2025.acl-long.156,2025,W4412886830,A5029433946,A5027450194,3,0,1,0,1,0,7.2520539518528144,4.6697087071256629,,0,0,0,0,3
2025.acl-long.1561,2025,W4412889648,A5010801511,A5099464003,22,0,0.88,0,1,0,6.3935907539506314,2.7019711550258281,,0,0,0,0,3
2025.acl-long.1562,2025,W4412889622,A5112176915,A5085340125,2,0,0.5,0,1,0,3.1780538303479458,2.1400661634962708,,0,0,0,0,3
2025.acl-long.1563,2025,W4412889635,A5040910395,A5051203366,6,0,1,0,1,0,7.2470805845857562,3.2054528045360602,,0,0,0,0,3
2025.acl-long.1565,2025,W4412889594,A5033024261,A5102958647,9,0,1,0,1,0,6.7546040994879624,3.4446824936018943,,0,0,0,0,3
2025.acl-long.1566,2025,W4412889573,A5055729051,A5101265241,12,0,1,0,1,0,7.8781553365033243,3.9874396447129001,,0,0,0,0,3
2025.acl-long.1568,2025,W4412889578,A5007438902,A5103894843,6,0,0.66666666666666663,0,1,0,8.058643712215618,3.8430301339411943,,1,0,0,1,3
2025.acl-long.157,2025,W4412886743,A5102024878,A5102962259,2,2,1,1,1,1,5.8861040314501558,3.2580965380214821,13.222818481178386,0,0,0,0,3
2025.acl-long.1570,2025,W4412889580,A5062752598,A5100671757,11,0,0.84615384615384615,0,1,0,7.9028571912805816,3.8825005661618239,,0,0,0,0,3
2025.acl-long.1573,2025,W4412889597,A5084658659,A5005443526,8,0,1,0,1,0,7.5600804650218274,3.912023005428146,,0,0,0,0,3
2025.acl-long.1574,2025,W4412889612,A5023350949,A5100430087,8,0,0.80000000000000004,0,1,0,7.3158835045097854,3.1245651453969594,,0,0,0,0,3
2025.acl-long.1577,2025,W4412889570,A5060475891,A5033946033,8,0,1,0,1,0,6.4473058625412127,2.862200880929469,,0,0,0,0,3
2025.acl-long.1578,2025,W4412889571,A5044941285,A5037132097,4,0,1,0,1,0,6.3952615981154493,3.9982007016691994,,0,1,0,1,3
2025.acl-long.158,2025,W4412886755,A5101287548,A5110579339,8,0,1,0,1,0,7.0210839642891401,3.9608131695975781,,0,0,0,0,3
2025.acl-long.1580,2025,W4412889620,A5091017885,A5000874697,7,0,1,0,1,0,5.5294290875114234,2.9216243014002692,,0,0,0,0,3
2025.acl-long.1582,2025,W4412889660,A5006214023,A5077362985,8,0,0.88888888888888884,0,1,0,6.5117453296447279,3.2818506240295893,,0,0,0,0,3
2025.acl-long.1583,2025,W4412889669,A5059468080,A5038612499,6,0,1,0,1,0,8.3089382525957785,4.1588830833596724,,1,0,0,1,3
2025.acl-long.1584,2025,W4412889609,A5076660351,A5012479520,4,0,1,0,1,0,4.7957905455967413,2.917770732084279,,0,0,0,0,3
2025.acl-long.1585,2025,W4412889652,A5068721974,A5003491365,3,0,1,0,1,0,5.5093883366279774,2.456735772821304,,0,0,0,0,3
2025.acl-long.1586,2025,W4412889605,A5006588855,A5042675695,3,1,1,1,1,1,2.9957322735539909,1.791759469228055,10.168041725095886,0,0,0,0,3
2025.acl-long.1587,2025,W4412889576,A5075330839,A5115602087,4,1,1,1,1,1,7.2834482287566313,3.8712010109078911,13.592155734333639,0,1,0,1,3
2025.acl-long.1589,2025,W4412889655,A5114847704,A5064482766,6,0,1,0,1,0,7.1838707150624526,3.9415818076696905,,0,0,0,0,3
2025.acl-long.1591,2025,W4412889664,A5076168889,A5100693885,24,0,0.92307692307692324,0,1,0,7.7600406808803797,3.417726683613366,,0,0,0,0,3
2025.acl-long.1592,2025,W4412889619,A5065501908,A5101451926,5,0,1,0,1,0,7.793174347189205,3.7424202210419661,,1,0,0,1,3
2025.acl-long.1593,2025,W4412889653,A5025478600,A5080806360,5,0,1,0,1,0,5.8493247799468593,3.5438536820636788,,1,0,0,1,3
2025.acl-long.1595,2025,W4412889593,A5064268861,A5076861802,5,1,0.83333333333333337,1,1,1,5.1647859739235145,1.9740810260220096,6.8690144506657065,0,1,0,1,3
2025.acl-long.1596,2025,W4412889642,A5100399752,A5065423554,5,0,1,0,1,0,5.5606816310155276,3.0155349008501706,,1,0,0,1,3
2025.acl-long.1597,2025,W4412889616,A5101794864,A5058353652,9,0,1,0,1,0,7.8422787791173523,4.5491875512371545,,1,0,0,1,3
2025.acl-long.1598,2025,W4412889591,A5101545321,A5030304400,6,0,1,0,1,0,8.2214789472671921,4.2927399438471161,,0,0,0,0,3
2025.acl-long.1599,2025,W4412889659,A5110801176,A5110801176,1,1,0.33333333333333331,1,1,1,2.19722457733622,1.3862943611198906,12.963034647920509,0,1,0,1,3
2025.acl-long.16,2025,W4412886949,A5009713010,A5051808590,5,0,0.83333333333333337,0,1,0,6.5264948595707901,2.9652730660692823,,0,0,0,0,3
2025.acl-long.160,2025,W4412886790,A5049725398,A5092513269,3,2,1,1,1,1,4.6443908991413725,3.0122615755052013,12.742153650331932,0,0,0,0,3
2025.acl-long.1600,2025,W4412889582,A5075726337,A5009374923,8,0,1,0,1,0,6.7546040994879624,3.1623054733798064,,0,0,0,0,3
2025.acl-long.1602,2025,W4412889666,A5079784951,A5110081955,3,0,1,0,1,0,6.1964441277945204,3.0285220963769821,,0,0,0,0,3
2025.acl-long.1603,2025,W4412889595,A5048399984,A5000247134,4,0,1,0,1,0,5.1298987149230735,2.8763855159214247,,0,1,0,1,3
2025.acl-long.161,2025,W4412886732,A5054943958,A5059946729,6,0,1,0,1,0,6.1114673395026786,2.9873640238834742,,0,0,0,0,3
2025.acl-long.163,2025,W4412886789,A5080189951,A5100659487,6,0,1,0,1,0,7.307202314764738,4.0283234611243071,,1,0,0,1,3
2025.acl-long.164,2025,W4412886723,A5101467829,A5101994681,6,0,0.8571428571428571,0,1,0,6.4488893941468577,3.6463198396951406,,0,0,0,0,3
2025.acl-long.165,2025,W4412886697,A5090787541,A5027450194,5,0,1,0,1,0,7.2520539518528144,4.3944491546724391,,0,0,0,0,3
2025.acl-long.167,2025,W4412886700,A5113114897,A5049883397,6,1,1,1,1,1,3.8066624897703201,1.2527629684953681,6.0210233493495267,0,0,0,0,3
2025.acl-long.168,2025,W4412886725,A5091963084,A5092513269,6,0,1,0,1,0,6.8405465292886873,3.068052935133617,,0,0,0,0,3
2025.acl-long.17,2025,W4412887010,A5078451082,A5089404640,7,0,1,0,1,0,8.7829363563492642,4.5791195087881489,,0,0,0,0,3
2025.acl-long.172,2025,W4412886664,A5082537643,A5101195156,10,0,1,0,1,0,6.3438804341263308,3.0204248861443626,,0,0,0,0,3
2025.acl-long.173,2025,W4412886677,A5113231894,A5055037545,7,0,1,0,1,0,7.0021559544036212,3.2131451501592161,,0,1,0,1,3
2025.acl-long.176,2025,W4412886724,A5000165016,A5010558184,9,0,1,0,1,0,7.0587581525186645,3.7054087560651463,,1,0,0,1,3
2025.acl-long.178,2025,W4412886653,A5101844246,A5101432128,4,1,1,1,1,1,5.2729995585637468,2.8332133440562162,12.007950920902111,0,0,0,0,3
2025.acl-long.179,2025,W4412886707,A5008320336,A5084170249,6,1,1,1,1,1,7.0587581525186645,3.8607297110405954,11.49574878684961,1,0,0,1,3
2025.acl-long.181,2025,W4412886688,A5100740622,A5003324011,7,0,1,0,1,0,8.0300840942675631,4.3838107564673834,,0,0,0,0,3
2025.acl-long.182,2025,W4412886682,A5100622420,A5100319579,5,0,1,0,1,0,6.9479370686149693,3.2503744919275719,,0,0,0,0,3
2025.acl-long.185,2025,W4412886637,A5053236889,A5073535763,5,0,1,0,1,0,7.7591874385077952,4.0943445622221004,,0,0,0,0,3
2025.acl-long.186,2025,W4412886709,A5117137726,A5015360935,7,0,0.875,0,1,0,5.855071922202427,2.9368917735310576,,0,0,0,0,3
2025.acl-long.187,2025,W4412886645,A5102750959,A5003324011,10,0,1,0,1,0,8.0940731480693522,4.0910056609565864,,0,1,0,1,3
2025.acl-long.188,2025,W4412886674,A5063134162,A5046895021,3,0,0.75,0,1,0,4.5217885770490405,3.2708355637989119,,0,0,0,0,3
2025.acl-long.190,2025,W4412886708,A5065281137,A5033945885,3,1,1,1,1,1,7.383989457978509,3.864232341591797,5.7037824746562009,0,0,0,0,3
2025.acl-long.191,2025,W4412886635,A5083791842,A5027450194,5,0,1,0,1,0,7.2520539518528144,4.3333614626926007,,0,0,0,0,3
2025.acl-long.192,2025,W4412886651,A5070578353,A5036868704,4,0,0.66666666666666663,0,1,0,8.0300840942675631,4.2731878546397306,,1,0,0,1,3
2025.acl-long.193,2025,W4412886686,A5079620773,A5116820647,6,0,1,0,1,0,7.1996783456911722,3.2386784521643803,,0,0,0,0,3
2025.acl-long.194,2025,W4412886696,A5109104700,A5056618493,9,0,1,0,1,0,7.6143121464519998,3.5616771965410612,,0,0,0,0,3
2025.acl-long.195,2025,W4412886713,A5094302692,A5067943980,4,1,0.80000000000000004,1,1,1,6.7945865808764987,3.8712010109078911,8.5623577433706117,0,0,0,0,3
2025.acl-long.196,2025,W4412886706,A5000895872,A5010419481,8,0,1,0,1,0,8.5947096338440652,4.3741834572128564,,0,0,0,0,3
2025.acl-long.198,2025,W4412886634,A5091743314,A5100320722,13,0,0.9285714285714286,0,1,0,8.3556149957601829,3.8791818992389042,,1,0,0,1,3
2025.acl-long.2,2025,W4412886838,A5042823677,A5048756500,7,1,1,1,1,1,7.3258075025957732,3.5430275771013728,12.985103901247069,0,0,0,0,3
2025.acl-long.200,2025,W4412886702,A5029797413,A5090455375,8,0,1,0,1,0,7.2298387781512501,4.2286568998296943,,0,0,0,0,3
2025.acl-long.203,2025,W4412886705,A5101961856,A5110285832,6,0,1,0,1,0,7.6221745948176221,3.9448128282511368,,0,0,0,0,3
2025.acl-long.206,2025,W4412886671,A5025122539,A5104546839,13,0,1,0,1,0,7.5147997604886703,3.8631559152230599,,1,0,0,1,3
2025.acl-long.208,2025,W4412886666,A5100350178,A5100730785,2,0,1,0,1,0,6.8297937375124249,4.4426512564903167,,0,0,0,0,3
2025.acl-long.209,2025,W4412886694,A5066248885,A5086362177,2,1,1,1,1,1,5.7776523232226564,3.0204248861443626,7.6971213172826252,0,1,0,1,3
2025.acl-long.21,2025,W4412886997,A5108378458,A5102820325,4,0,1,0,1,0,7.8131872675214158,4.1351665567423561,,0,0,0,0,3
2025.acl-long.210,2025,W4412886681,A5054648637,A5067943980,3,1,0.75,1,1,1,6.3835066348840055,3.5457786104732629,13.661953701788846,0,0,0,0,3
2025.acl-long.211,2025,W4412886695,A5041581408,A5101434435,5,0,1,0,1,0,7.1514854639047352,4.00369019395397,,0,0,0,0,3
2025.acl-long.212,2025,W4412886662,A5083955516,A5088834359,6,0,1,0,1,0,7.8422787791173523,4.4659081186545837,,0,0,0,0,3
2025.acl-long.214,2025,W4412886658,A5100327327,A5012727269,10,0,1,0,1,0,7.7328075304220212,4.5930976047538223,,0,0,0,0,3
2025.acl-long.216,2025,W4412886711,A5059618326,A5104095863,4,0,1,0,1,0,5.0238805208462765,2.3978952727983707,,0,1,0,1,3
2025.acl-long.218,2025,W4412886633,A5111326530,A5036050911,3,0,1,0,1,0,6.7007311095478101,3.4446824936018943,,0,0,0,0,3
2025.acl-long.220,2025,W4412886689,A5101645396,A5034536222,9,0,1,0,1,0,7.6957579905547613,4.0585254644171478,,0,0,0,0,3
2025.acl-long.221,2025,W4412886654,A5114847797,A5081525024,5,0,1,0,1,0,6.2897155709089976,3.9550824948885932,,1,0,0,1,3
2025.acl-long.222,2025,W4412886676,A5063777354,A5104162468,4,0,1,0,1,0,7.7698009960038963,3.3843902633457743,,0,1,0,1,3
2025.acl-long.225,2025,W4412886641,A5005368623,A5100631216,7,0,0.875,0,1,0,8.3354314778807961,4.2525685674369953,,1,0,0,1,3
2025.acl-long.226,2025,W4412886704,A5103077082,A5019994221,2,0,1,0,1,0,5.6801726090170677,3.3322045101752038,,1,0,0,1,3
2025.acl-long.227,2025,W4412886701,A5011051553,A5100359279,7,0,1,0,1,0,6.2065759267249279,2.7175289450567539,,0,0,0,0,3
2025.acl-long.230,2025,W4412886655,A5020649203,A5101678387,12,0,1,0,1,0,8.6616397957812659,4.2615054787853737,,1,0,0,1,3
2025.acl-long.231,2025,W4412886678,A5053457530,A5017671620,7,0,0.875,0,1,0,8.0090306850697299,4.3820266346738812,,0,0,0,0,3
2025.acl-long.233,2025,W4412886672,A5027269015,A5009644404,4,0,1,0,1,0,8.3375879421165102,4.499809670330265,,0,0,0,0,3
2025.acl-long.236,2025,W4412886667,A5100431632,A5020347604,2,1,1,1,1,1,6.7405193596062229,3.1986731175506811,9.9951091195833524,0,0,0,0,3
2025.acl-long.237,2025,W4412886727,A5038862367,A5055994909,5,0,1,0,1,0,8.0060341787490099,4.7990908786253978,,0,0,0,0,3
2025.acl-long.239,2025,W4412886680,A5079707067,A5014662947,9,0,1,0,1,0,9.1938044033360846,4.2357155154029602,,0,0,0,0,3
2025.acl-long.24,2025,W4412886855,A5100776559,A5100408983,6,0,1,0,1,0,7.6468313914304824,4.3545697884408421,,0,0,0,0,3
2025.acl-long.240,2025,W4412886730,A5016353702,A5020953714,4,0,1,0,1,0,7.759614150696903,4.2268337452681797,,0,0,0,0,3
2025.acl-long.242,2025,W4412886640,A5113864893,A5115589729,2,1,1,1,1,1,6.1590953884919326,3.044522437723423,11.570326071701333,0,0,0,0,3
2025.acl-long.244,2025,W4412886657,A5080878231,A5062357883,5,0,1,0,1,0,8.556221578383715,4.5390303834835466,,0,0,0,0,3
2025.acl-long.245,2025,W4412886663,A5025695220,A5023341829,3,0,1,0,1,0,7.1770187659099003,3.713572066704308,,0,0,0,0,3
2025.acl-long.246,2025,W4412886638,A5104245194,A5101204196,11,0,1,0,1,0,7.4581861573404868,3.790368850284219,,0,0,0,0,3
2025.acl-long.25,2025,W4412886907,A5092596254,A5033881728,5,0,1,0,1,0,3.8501476017100575,1.791759469228055,,1,0,1,1,3
2025.acl-long.250,2025,W4412886660,A5064434232,A5112613657,6,0,1,0,1,0,7.6563371664301831,3.8849943330402268,,1,0,0,1,3
2025.acl-long.254,2025,W4412886687,A5101472452,A5100670646,4,1,1,1,1,1,6.9498564550007726,3.1354942159291497,11.564473726850805,0,0,0,0,3
2025.acl-long.255,2025,W4412886642,A5101666891,A5100391853,10,0,1,0,1,0,8.7390559228307243,3.6813511876931448,,0,1,0,1,3
2025.acl-long.257,2025,W4412945741,A5087952294,A5065180062,4,0,1,0,1,0,7.9416512529305558,3.801091444720865,,0,0,0,0,3
2025.acl-long.258,2025,W4412945697,A5114378701,A5113013369,8,0,1,0,1,0,6.4952655559370083,3.323235840192444,,0,0,0,0,3
2025.acl-long.261,2025,W4412945731,A5111122150,A5059767940,3,0,1,0,1,0,6.5027900459156234,4.1845914400698794,,0,0,0,0,3
2025.acl-long.264,2025,W4412945730,A5102025823,A5114353312,5,0,1,0,1,0,4.7874917427820458,2.5336968139574321,,0,0,0,0,3
2025.acl-long.265,2025,W4412945679,A5101401809,A5113018499,5,0,1,0,1,0,8.562931083090092,4.3307333402863311,,0,0,0,0,3
2025.acl-long.266,2025,W4412945732,A5098787776,A5102777591,4,0,1,0,1,0,6.2653012127377101,2.8763855159214247,,0,0,0,0,3
2025.acl-long.267,2025,W4412945712,A5057574355,A5082767919,3,0,1,0,1,0,6.7923444274708089,3.218875824868201,,0,0,0,0,3
2025.acl-long.268,2025,W4412945742,A5101847576,A5025631695,12,0,0.92307692307692324,0,1,0,8.8848872018374028,4.4208466265234634,,0,1,0,1,3
2025.acl-long.269,2025,W4412945675,A5073653815,A5047023030,3,2,1,1,1,1,4.0604430105464191,3.044522437723423,11.93790557731568,0,0,0,0,3
2025.acl-long.270,2025,W4412945739,A5101609885,A5038456766,4,0,1,0,1,0,6.4520489544372257,3.9936029924205689,,0,1,0,1,3
2025.acl-long.272,2025,W4412945723,A5100785908,A5054435118,6,0,0.8571428571428571,0,1,0,6.8023947633243109,2.8233610476132047,,1,0,0,1,3
2025.acl-long.273,2025,W4412945735,A5102514692,A5002795838,8,0,1,0,1,0,7.3058600326840093,3.6951100038645719,,1,0,0,1,3
2025.acl-long.274,2025,W4412945686,A5031583104,A5100380474,8,0,1,0,1,0,8.2024824465765374,4.1291484844167927,,0,0,0,0,3
2025.acl-long.277,2025,W4412945695,A5102007400,A5100955324,15,0,1,0,1,0,6.7511014689367599,3.5476998406511568,,0,0,0,0,3
2025.acl-long.278,2025,W4412945673,A5001708497,A5101873354,7,1,1,1,1,1,6.6567265241783913,2.0794415416798362,8.5334601638801093,0,0,0,0,3
2025.acl-long.28,2025,W4412886837,A5063961060,A5057732142,6,0,1,0,1,0,8.8156668249462165,4.0430512678345503,,0,0,0,0,3
2025.acl-long.280,2025,W4412945672,A5081815760,A5023679744,3,1,1,1,1,1,4.2046926193909657,2.120263536200091,11.79108736403785,0,0,0,0,3
2025.acl-long.282,2025,W4412945681,A5072295475,A5038612499,8,0,1,0,1,0,8.3089382525957785,4.0582855124063979,,1,0,0,1,3
2025.acl-long.283,2025,W4412945671,A5100373698,A5103189495,7,0,1,0,1,0,8.1080212213767471,4.345658990503007,,0,0,0,0,3
2025.acl-long.285,2025,W4412945688,A5083173421,A5100360258,10,0,0.66666666666666663,0,1,0,7.5438028675015092,4.1009891049407692,,0,0,0,0,3
2025.acl-long.287,2025,W4412945719,A5119204572,A5020298436,7,0,0.875,0,1,0,7.1921820587132457,3.4477173972970481,,0,0,0,0,3
2025.acl-long.288,2025,W4412945693,A5115904413,A5065717258,5,0,1,0,1,0,6.9893352659745602,2.91235066461494,,0,0,0,0,3
2025.acl-long.29,2025,W4412886883,A5086997080,A5000550975,4,0,1,0,1,0,4.8751973232011512,3.0081547935525483,,1,0,0,1,3
2025.acl-long.290,2025,W4412945708,A5036183844,A5054490662,7,0,0.875,0,1,0,6.5861716548546747,3.5221499920798176,,0,0,0,0,3
2025.acl-long.291,2025,W4412945734,A5019498452,A5057864403,8,0,0.88888888888888884,0,1,0,7.9973268229980974,4.4787562611324327,,0,0,0,0,3
2025.acl-long.294,2025,W4412945715,A5102782278,A5046126345,2,0,1,0,1,0,7.0103118673072293,3.9019726695746448,,0,0,0,0,3
2025.acl-long.295,2025,W4412945702,A5090431203,A5074821819,6,0,1,0,1,0,7.301147805856032,3.7534179752515073,,0,0,0,0,3
2025.acl-long.297,2025,W4412945678,A5013042036,A5089259739,10,0,1,0,1,0,8.1690531499273433,4.219507705176107,,0,0,0,0,3
2025.acl-long.298,2025,W4412945684,A5061048925,A5101880377,2,0,1,0,1,0,6.5930445341424369,3.6635616461296463,,0,0,0,0,3
2025.acl-long.299,2025,W4412945698,A5058226799,A5008208316,9,0,1,0,1,0,7.0094089327086371,3.4552646029324312,,0,0,0,0,3
2025.acl-long.3,2025,W4412886932,A5114631339,A5070153551,9,0,0.90000000000000002,0,1,0,7.5010821242598711,3.2666072276893905,,0,0,0,0,3
2025.acl-long.301,2025,W4412945682,A5111962380,A5112862929,7,1,1,1,1,1,6.8501261661455004,3.0513021247088017,10.437639001605616,0,0,0,0,3
2025.acl-long.303,2025,W4412945711,A5002306534,A5044165871,3,1,1,1,1,1,6.3716118472318568,3.3322045101752038,12.935549344534218,0,0,0,0,3
2025.acl-long.304,2025,W4412945709,A5089889829,A5034668928,5,0,1,0,1,0,6.8895913083544658,3.4078419243808238,,0,0,0,0,3
2025.acl-long.305,2025,W4412945699,A5102018211,A5074821819,7,0,1,0,1,0,6.4967749901858634,2.8332133440562162,,0,0,0,0,3
2025.acl-long.308,2025,W4412945538,A5115028456,A5030747944,5,0,1,0,1,0,6.1180971980413483,3.0349529867072724,,0,0,0,0,3
2025.acl-long.309,2025,W4412945559,A5100756434,A5070046659,8,0,1,0,1,0,6.7031881132408628,3.0563568953704259,,0,0,0,0,3
2025.acl-long.31,2025,W4412886908,A5100746224,A5005820786,7,0,0.875,0,1,0,7.4955419438842563,3.1354942159291497,,0,0,1,1,3
2025.acl-long.312,2025,W4412945580,A5007215863,A5036357902,10,0,1,0,1,0,9.6591842033862925,4.5432947822700038,,0,0,0,0,3
2025.acl-long.313,2025,W4412945617,A5079946802,A5101293966,8,0,1,0,1,0,6.5875500148247959,3.7954891891721942,,0,0,0,0,3
2025.acl-long.314,2025,W4412945583,A5101596824,A5115597505,6,0,0.66666666666666663,0,1,0,8.6501494186648635,4.5521209648982754,,0,0,0,0,3
2025.acl-long.315,2025,W4412945623,A5100653180,A5089631680,6,0,1,0,1,0,7.3938782901077555,3.9827920763163531,,1,0,0,1,3
2025.acl-long.317,2025,W4412945646,A5101347509,A5014662947,10,0,1,0,1,0,9.1938044033360846,3.763522997109702,,0,0,0,0,3
2025.acl-long.318,2025,W4412945658,A5100691702,A5100350165,5,0,1,0,1,0,7.4960973451759561,4.2224445648494164,,0,0,0,0,3
2025.acl-long.319,2025,W4412945552,A5093836168,A5026157285,10,0,1,0,1,0,6.2971093199339352,2.7663191092261861,,0,0,0,0,3
2025.acl-long.320,2025,W4412945568,A5014381991,A5068811427,10,0,1,0,1,0,8.8360831909922108,3.8155121050473024,,1,1,0,1,3
2025.acl-long.321,2025,W4412945551,A5101263698,A5029998682,8,0,1,0,1,0,7.5027382107548508,3.8528036457681751,,0,0,0,0,3
2025.acl-long.322,2025,W4412945564,A5101756276,A5061451821,5,0,1,0,1,0,4.8202815656050371,2.6946271807700688,,0,0,0,0,3
2025.acl-long.323,2025,W4412945643,A5113067630,A5055232825,10,0,1,0,1,0,6.39024066706535,3.3032169733019514,,1,0,0,1,3
2025.acl-long.324,2025,W4412945618,A5036769888,A5088950452,7,0,1,0,1,0,7.007600613951853,3.077970371790963,,0,0,0,0,3
2025.acl-long.325,2025,W4412945572,A5073109129,A5101743332,2,0,1,0,1,0,7.6063873897726522,4.4601444139378339,,0,0,0,0,3
2025.acl-long.326,2025,W4412945545,A5051144269,A5069982192,10,0,1,0,1,0,9.5736631698863803,4.3027128279541564,,0,0,0,0,3
2025.acl-long.327,2025,W4412945585,A5083323915,A5052284218,8,0,1,0,1,0,8.4071550862073003,4.287028906051602,,1,0,0,1,3
2025.acl-long.329,2025,W4412945524,A5005981740,A5104313205,2,0,1,0,1,0,3.5263605246161616,2.3513752571634776,,0,0,0,0,3
2025.acl-long.33,2025,W4412886953,A5055638481,A5092386588,3,1,1,1,1,1,6.0282785202306979,3.1060803307228562,13.451982182824526,0,0,0,0,3
2025.acl-long.330,2025,W4412945621,A5062326280,A5040117475,4,0,1,0,1,0,5.8051349689164882,2.9575110607337933,,0,0,0,0,3
2025.acl-long.331,2025,W4412945649,A5102851858,A5019255096,7,0,0.875,0,1,0,6.3613024775729956,2.7080502011022101,,0,0,0,0,3
2025.acl-long.332,2025,W4412945526,A5109240347,A5026363192,5,0,0.83333333333333337,0,1,0,6.3225652399272843,2.8332133440562162,,0,0,0,0,3
2025.acl-long.333,2025,W4412945640,A5025927952,A5101480906,9,0,1,0,1,0,8.0580108008020854,4.1640779002367756,,0,0,0,0,3
2025.acl-long.334,2025,W4412945531,A5029235448,A5107205316,3,2,1,1,1,1,6.9994224675079613,3.8501476017100575,9.4737809800549293,0,0,0,0,3
2025.acl-long.335,2025,W4412945603,A5038574034,A5034164741,4,0,1,0,1,0,3.1354942159291497,2.4423470353692043,,0,0,0,0,3
2025.acl-long.336,2025,W4412945581,A5049904411,A5102992157,4,0,1,0,1,0,8.1464193230980033,4.5591262474866845,,0,0,0,0,3
2025.acl-long.337,2025,W4412945579,A5045734834,A5009092179,5,0,1,0,1,0,6.0426328336823811,2.8094026953624978,,0,0,0,0,3
2025.acl-long.338,2025,W4412945522,A5001491548,A5100341934,7,0,1,0,1,0,6.9837899652581346,3.3964241029094979,,0,1,0,1,3
2025.acl-long.340,2025,W4412945614,A5101676261,A5015709853,3,0,1,0,1,0,6.9285378181646653,4.2243976904702976,,0,0,0,0,3
2025.acl-long.342,2025,W4412945612,A5114285439,A5114285442,4,0,1,0,1,0,1.791759469228055,0.81093021621632877,,0,0,0,0,3
2025.acl-long.343,2025,W4412945609,A5022455313,A5044791875,6,0,1,0,1,0,8.241966560231802,3.6720723357975551,,0,0,0,0,3
2025.acl-long.344,2025,W4412945661,A5048033573,A5102675568,12,0,1,0,1,0,6.6846117276679271,3.2834143460057721,,0,0,0,0,3
2025.acl-long.345,2025,W4412945567,A5101323404,A5081865665,8,0,1,0,1,0,6.2363695902037044,3.3187211598379167,,0,0,0,0,3
2025.acl-long.346,2025,W4412945647,A5102904447,A5079260216,11,0,1,0,1,0,7.8139956750027908,4.0588743827737925,,1,0,0,1,3
2025.acl-long.347,2025,W4412945615,A5092998429,A5055420596,2,0,1,0,1,0,5.5134287461649834,3.5409593240373143,,0,0,0,0,3
2025.acl-long.350,2025,W4412945670,A5049155292,A5102274699,4,0,1,0,1,0,5.9610053396232736,3.157000421150113,,1,0,0,1,3
2025.acl-long.351,2025,W4412945636,A5078947610,A5024343415,6,0,0.75,0,1,0,6.6656837177824082,3.6549779024382549,,1,0,0,1,3
2025.acl-long.353,2025,W4412945555,A5101576666,A5089404640,7,0,1,0,1,0,8.7829363563492642,5.1016070723019826,,0,0,0,0,3
2025.acl-long.358,2025,W4412945556,A5042429687,A5066530136,4,0,0.66666666666666663,0,1,0,6.045005314036012,2.2772672850097559,,1,0,0,1,3
2025.acl-long.36,2025,W4412886900,A5079722422,A5082763244,4,1,1,1,1,1,5.3471075307174685,3.3141860046725258,9.4088633081081436,0,0,0,0,3
2025.acl-long.363,2025,W4412945598,A5104174550,A5046448314,7,0,1,0,1,0,8.6513743728822572,4.6539603501575231,,1,0,0,1,3
2025.acl-long.365,2025,W4412945622,A5002397691,A5089606464,6,0,1,0,1,0,6.932447891572509,3.6549779024382549,,1,0,0,1,3
2025.acl-long.366,2025,W4412945523,A5033296587,A5051064208,4,1,1,1,1,1,7.5574729016147462,4.0517849478033048,12.762173692565376,0,1,0,1,3
2025.acl-long.367,2025,W4412945533,A5060614058,A5044368731,9,0,1,0,1,0,6.8501261661455004,3.2099471941238997,,0,0,0,0,3
2025.acl-long.371,2025,W4412945528,A5021329808,A5038162261,4,0,1,0,1,0,7.2779385729456614,3.6635616461296463,,0,0,0,0,3
2025.acl-long.373,2025,W4412945544,A5100980717,A5102865824,5,0,1,0,1,0,6.3207682942505823,3.6888794541139358,,1,0,0,1,3
2025.acl-long.376,2025,W4412945656,A5008644880,A5100355692,9,0,1,0,1,0,9.4207633588810111,4.949547602116418,,0,0,0,0,3
2025.acl-long.378,2025,W4412945613,A5120224539,A5056485902,5,0,0.83333333333333337,0,1,0,6.9488972223133123,3.698829784967105,,0,0,0,0,3
2025.acl-long.38,2025,W4412886970,A5115560631,A5011642284,7,0,1,0,1,0,5.3471075307174685,2.9216243014002692,,0,0,0,0,3
2025.acl-long.381,2025,W4412945554,A5033874355,A5101700959,10,0,1,0,1,0,7.4581861573404868,3.5945687746426951,,0,0,0,0,3
2025.acl-long.382,2025,W4412945602,A5100350421,A5039096905,3,1,1,1,1,1,5.521460917862246,2.9087208965643612,12.627493120428465,0,0,0,0,3
2025.acl-long.383,2025,W4412945562,A5102697504,A5109041721,5,1,1,1,1,1,7.2779385729456614,3.414442608412176,6.3456363608285962,1,0,0,1,3
2025.acl-long.384,2025,W4412945566,A5047674498,A5100670646,13,0,1,0,1,0,6.9498564550007726,3.5575434520528493,,0,0,0,0,3
2025.acl-long.385,2025,W4412945654,A5101469889,A5086923590,7,0,1,0,1,0,6.1758672701057611,3.1780538303479458,,0,0,0,0,3
2025.acl-long.386,2025,W4412945664,A5088790938,A5091272738,3,0,1,0,1,0,8.9336641787009352,3.784189633918261,,1,0,0,1,3
2025.acl-long.387,2025,W4412945600,A5092149159,A5076446804,2,0,1,0,1,0,5.2311086168545868,1.9459101490553128,,0,1,0,1,3
2025.acl-long.39,2025,W4412886834,A5000976863,A5007960166,12,0,1,0,1,0,6.4785096422085688,3.1060803307228562,,0,0,0,0,3
2025.acl-long.390,2025,W4412945616,A5116361792,A5069082023,3,0,1,0,1,0,4.7361984483944957,2.6149597780361979,,1,0,0,1,3
2025.acl-long.391,2025,W4412945637,A5119204557,A5119204560,5,0,1,0,1,0,7.4265490723973047,2.2407096892759584,,0,0,0,0,3
2025.acl-long.392,2025,W4412945606,A5044254982,A5100430094,4,0,0.80000000000000004,0,1,0,8.2661644366124918,4.1026433650367959,,0,1,0,1,3
2025.acl-long.397,2025,W4412945666,A5058109700,A5089413311,6,1,1,1,1,1,8.3943473614173918,3.8103593516516456,12.627493120428465,0,0,0,0,3
2025.acl-long.398,2025,W4412945471,A5038833789,A5086827245,2,0,1,0,1,0,5.5373342670185366,2.917770732084279,,0,0,0,0,3
2025.acl-long.399,2025,W4412945557,A5023363989,A5005843046,6,0,0.8571428571428571,0,1,0,7.5180641812330782,4.1081378843544369,,0,0,0,0,3
2025.acl-long.4,2025,W4412886840,A5101763884,A5039239180,7,0,1,0,1,0,6.8221973906204907,3.3011139231051727,,0,0,0,0,3
2025.acl-long.402,2025,W4412945611,A5062023845,A5020089275,3,0,1,0,1,0,5.2626901889048856,3.0285220963769821,,0,0,0,0,3
2025.acl-long.404,2025,W4412945588,A5100437160,A5000755750,7,0,1,0,1,0,7.3343293503005356,4.0967226846270686,,1,0,0,1,3
2025.acl-long.405,2025,W4412945532,A5088513405,A5050634390,4,0,0.80000000000000004,0,1,0,6.7810576259361799,3.597312260588446,,0,0,0,0,3
2025.acl-long.407,2025,W4412945576,A5092029609,A5112924039,3,1,1,1,1,1,6.9067547786485539,3.5165082281731497,10.08726638032806,1,0,0,1,3
2025.acl-long.408,2025,W4412945628,A5089316418,A5041680508,3,0,1,0,1,0,6.4769723628896827,3.5553480614894131,,0,0,0,0,3
2025.acl-long.41,2025,W4412886995,A5072744228,A5028888105,3,0,1,0,1,0,4.219507705176107,1.9459101490553128,,0,0,0,0,3
2025.acl-long.413,2025,W4412945530,A5101372130,A5101265241,12,0,0.80000000000000004,0,1,0,7.8781553365033243,4.008847190063686,,0,0,0,0,3
2025.acl-long.414,2025,W4412945653,A5039389811,A5024924150,4,0,1,0,1,0,6.2690962837062614,4.1782260462028029,,0,0,0,0,3
2025.acl-long.42,2025,W4412886894,A5031792794,A5046448314,10,0,1,0,1,0,8.6513743728822572,4.7370752568680299,,0,0,0,0,3
2025.acl-long.422,2025,W4412945502,A5061000186,A5023859439,9,0,1,0,1,0,5.6383546693337454,2.9560670171615602,,0,0,0,0,3
2025.acl-long.430,2025,W4412945509,A5101890982,A5089259739,7,0,1,0,1,0,8.1690531499273433,4.4222770372951787,,0,0,0,0,3
2025.acl-long.431,2025,W4412945605,A5091339016,A5100506650,2,0,1,0,1,0,5.43372200355424,3.1135153092103742,,0,0,0,0,3
2025.acl-long.433,2025,W4412945597,A5077247933,A5052196540,3,0,1,0,1,0,5.9889614168898637,2.9618307218783091,,0,1,0,1,3
2025.acl-long.438,2025,W4412945485,A5045853966,A5040390469,3,0,1,0,1,0,5.1532915944977793,2.3353749158170367,,0,0,0,0,3
2025.acl-long.439,2025,W4412945480,A5088715822,A5020908370,7,1,1,1,1,1,5.2626901889048856,3.6262438831224513,7.823245690685523,0,0,0,0,3
2025.acl-long.44,2025,W4412886876,A5001097796,A5022645982,5,0,1,0,1,0,7.4713630881870969,2.8678989020441064,,0,1,0,1,3
2025.acl-long.442,2025,W4412945624,,,0,0,0,0,0,0,,,,0,0,0,0,3
2025.acl-long.445,2025,W4412945595,A5019927724,A5087096372,2,0,1,0,1,0,7.675081857716334,4.9126548857360524,,0,0,0,0,3
2025.acl-long.446,2025,W4412945582,A5119204546,A5116248555,8,0,0.88888888888888884,0,1,0,6.4922398350204711,2.374905754573672,,0,0,0,0,3
2025.acl-long.451,2025,W4412945486,A5053600785,A5101906756,6,0,1,0,1,0,6.2363695902037044,3.3019907315787078,,0,0,0,0,3
2025.acl-long.454,2025,W4412945499,A5104324128,A5053217291,4,1,1,1,1,1,5.4510384535657002,2.9444389791664403,13.643791792392248,0,0,0,0,3
2025.acl-long.458,2025,W4412945513,A5070081136,A5087565388,5,0,1,0,1,0,6.7650389767805406,3.5553480614894131,,0,0,0,0,3
2025.acl-long.459,2025,W4412945518,A5028945187,A5028945187,1,0,0.5,0,1,0,3.044522437723423,2.3978952727983707,,0,0,0,0,3
2025.acl-long.46,2025,W4412886862,A5100780603,A5119180909,4,0,0.80000000000000004,0,1,0,4.9126548857360524,1.3862943611198906,,0,0,0,0,3
2025.acl-long.460,2025,W4412945574,A5102622763,A5001030192,7,0,1,0,1,0,6.8211074722564646,3.311585222972468,,0,0,0,0,3
2025.acl-long.462,2025,W4412945478,A5003760956,A5025796706,3,0,1,0,1,0,5.5947113796018391,3.6888794541139358,,0,0,0,0,3
2025.acl-long.464,2025,W4412945662,A5027133048,A5088658365,21,0,1,0,1,0,6.4536249988926917,2.9837560825072758,,0,0,0,0,3
2025.acl-long.465,2025,W4412945657,A5010274969,A5085254654,5,0,1,0,1,0,7.6902860206767683,4.6210435351443815,,0,0,0,0,3
2025.acl-long.466,2025,W4412945542,A5102781208,A5101615091,12,0,1,0,1,0,7.467942332285852,3.218875824868201,,0,0,0,0,3
2025.acl-long.468,2025,W4412945508,A5069058824,A5025631695,6,0,0.8571428571428571,0,1,0,9.1466548202900473,5.0937502008067623,,0,0,0,0,3
2025.acl-long.469,2025,W4412945515,A5035562108,A5101595608,4,0,1,0,1,0,4.9344739331306924,2.3978952727983707,,0,0,0,0,3
2025.acl-long.47,2025,W4412886983,A5102906961,A5028126467,10,0,0.90909090909090917,0,1,0,8.2796971338776277,4.0707346965829672,,0,0,0,0,3
2025.acl-long.471,2025,W4412945573,A5074720440,A5081525024,6,0,1,0,1,0,6.6631326959908028,3.9053340172773492,,0,0,0,0,3
2025.acl-long.473,2025,W4412945510,A5028943556,A5047153705,2,0,1,0,1,0,5.4249500174814029,3.0204248861443626,,0,0,0,0,3
2025.acl-long.475,2025,W4412945490,A5003880609,A5091368858,6,0,1,0,1,0,7.2137683081186417,3.5263605246161616,,0,0,0,0,3
2025.acl-long.476,2025,W4412945500,A5119204536,A5058379057,4,0,0.80000000000000004,0,1,0,5.3181199938442161,2.7568403652716422,,0,0,0,0,3
2025.acl-long.477,2025,W4412945525,A5089069939,A5068038451,8,0,1,0,1,0,7.300472814267799,3.530030253505124,,1,1,0,1,3
2025.acl-long.478,2025,W4412945484,A5045250992,A5081824828,5,0,1,0,1,0,7.6187423776704133,4.1239033644636454,,0,0,0,0,3
2025.acl-long.479,2025,W4412945608,A5021447356,A5101523174,4,0,1,0,1,0,6.7867169506050811,2.9575110607337933,,0,0,0,0,3
2025.acl-long.48,2025,W4412886913,A5077542599,A5100447682,6,0,1,0,1,0,7.6152983398258147,4.0831712616239759,,0,0,0,0,3
2025.acl-long.482,2025,W4412945503,A5047469209,A5100624451,3,2,1,1,1,1,5.5683445037610966,3.1780538303479458,12.296580403051474,0,0,0,0,3
2025.acl-long.483,2025,W4412945489,A5072124735,A5025796706,6,0,1,0,1,0,5.5947113796018391,2.9531726591351952,,0,1,0,1,3
2025.acl-long.484,2025,W4412945496,A5101599248,A5040759280,11,0,0.91666666666666663,0,1,0,6.0520891689244172,3.1354942159291497,,0,0,0,0,3
2025.acl-long.486,2025,W4412945506,A5100344619,A5100344619,1,0,0.5,0,1,0,7.5501353424884288,4.8202815656050371,,0,0,0,0,3
2025.acl-long.487,2025,W4412945492,A5104321632,A5091495952,3,0,1,0,1,0,5.5683445037610966,2.7725887222397811,,0,1,0,1,3
2025.acl-long.489,2025,W4412945507,A5065005127,A5100634596,6,0,0.75,0,1,0,5.9914645471079817,2.7725887222397811,,0,0,0,0,3
2025.acl-long.492,2025,W4412945477,A5030786811,A5052033739,4,0,1,0,1,0,0,0,,1,0,0,1,3
2025.acl-long.493,2025,W4412945512,A5004675212,A5100341993,5,0,1,0,1,0,7.9700493049761354,4.01096295328305,,0,0,0,0,3
2025.acl-long.494,2025,W4412945516,A5085999236,A5100732450,6,0,1,0,1,0,9.1269587630371323,4.1378296741618392,,1,0,0,1,3
2025.acl-long.497,2025,W4412945410,A5045437445,A5100423055,7,0,0.77777777777777779,0,1,0,8.0740262161240608,3.4746248502169728,,1,0,0,1,3
2025.acl-long.498,2025,W4412945475,A5073044954,A5100752685,7,0,1,0,1,0,7.7345588443547557,3.9457340627704576,,1,1,0,1,3
2025.acl-long.50,2025,W4412886965,A5016924921,A5100612233,9,3,1,1,1,1,7.9973268229980974,3.7323645660536751,10.823013046920211,0,0,0,0,3
2025.acl-long.500,2025,W4412945511,A5103161823,A5063916686,2,0,1,0,1,0,2.9444389791664403,1.7047480922384253,,0,0,0,0,3
2025.acl-long.501,2025,W4412945434,A5068356567,A5038612499,8,0,1,0,1,0,8.3089382525957785,4.3694478524670215,,0,0,0,0,3
2025.acl-long.502,2025,W4412945466,A5114220309,A5043696243,7,0,1,0,1,0,7.7341213033283047,3.1416861861770702,,0,0,0,0,3
2025.acl-long.503,2025,W4412945442,A5075526311,A5100430663,7,0,1,0,1,0,5.7745515455444085,3.2015843277581402,,0,0,0,0,3
2025.acl-long.504,2025,W4412945384,A5109745770,A5086877012,4,0,1,0,1,0,7.0299729117063858,3.277144732992177,,1,0,0,1,3
2025.acl-long.505,2025,W4412945415,A5108058575,A5110722665,7,0,1,0,1,0,7.6953031349635665,4.1248275789471762,,0,0,0,0,3
2025.acl-long.509,2025,W4412945422,A5048404371,A5113587199,4,0,1,0,1,0,5.6204008657171496,2.862200880929469,,0,0,0,0,3
2025.acl-long.51,2025,W4412886848,A5016924921,A5030248499,5,0,1,0,1,0,7.7137846165987547,4.4473461007945243,,0,0,0,0,3
2025.acl-long.510,2025,W4412945386,A5100708466,A5018222435,6,0,1,0,1,0,7.1966865708343501,3.4393491476265319,,0,0,0,0,3
2025.acl-long.511,2025,W4412945409,A5101071078,A5100932403,5,0,1,0,1,0,6.5903010481966859,3.572345637857985,,0,1,0,1,3
2025.acl-long.512,2025,W4412945457,A5031875987,A5082748711,5,0,1,0,1,0,6.4785096422085688,3.8918202981106265,,0,0,0,0,3
2025.acl-long.513,2025,W4412945425,A5101253394,A5106275949,9,0,1,0,1,0,6.0161571596983539,2.6703098731193631,,1,0,0,1,3
2025.acl-long.515,2025,W4412945414,A5100355722,A5080674767,6,0,1,0,1,0,7.566311014772463,3.667826044916104,,0,0,0,0,3
2025.acl-long.516,2025,W4412945445,A5101997195,A5030457141,4,0,1,0,1,0,7.6953031349635665,3.5553480614894131,,0,0,0,0,3
2025.acl-long.517,2025,W4412945436,A5103466022,A5023341829,4,0,1,0,1,0,7.1770187659099003,3.6441435602725449,,0,0,0,0,3
2025.acl-long.518,2025,W4412945444,A5071217987,A5020880385,9,0,1,0,1,0,7.2605225980898522,3.5065578973199818,,0,0,0,0,3
2025.acl-long.519,2025,W4412945375,A5039442090,A5081538711,3,1,1,1,1,1,7.2964132687739198,3.5648268054439574,12.581188505743592,1,0,0,1,3
2025.acl-long.52,2025,W4412886954,A5087964419,A5101441137,5,0,1,0,1,0,8.1496017357361552,4.3094559418390466,,0,0,0,0,3
2025.acl-long.520,2025,W4412945430,A5030703893,A5101702673,5,0,0.83333333333333337,0,1,0,6.2859980945088649,3.1696855806774291,,0,0,0,0,3
2025.acl-long.523,2025,W4412945413,A5066279146,A5101661008,8,0,1,0,1,0,6.6025878921893364,3.7013019741124928,,0,0,0,0,3
2025.acl-long.524,2025,W4412945456,A5018732664,A5115053594,6,0,0.8571428571428571,0,1,0,8.5510147398917482,4.2626798770413163,,0,1,0,1,3
2025.acl-long.525,2025,W4412945374,A5103140704,A5046448314,9,0,0.90000000000000002,0,1,0,8.3556149957601829,4.2564004215564726,,0,0,0,0,3
2025.acl-long.526,2025,W4412945441,A5100767986,A5100442850,2,1,1,1,1,1,6.6120410348330916,4.1743872698956368,13.661364711458669,0,0,0,0,3
2025.acl-long.527,2025,W4412945465,A5054949861,A5005181083,5,1,1,1,1,1,6.6106960447177592,3.751854253275325,13.513636250491656,0,0,0,0,3
2025.acl-long.529,2025,W4412945407,A5113376546,A5074341211,5,0,0.83333333333333337,0,1,0,6.3117348091529148,3.3672958299864741,,0,0,0,0,3
2025.acl-long.53,2025,W4412886835,A5114237685,A5036544715,4,0,0.80000000000000004,0,1,0,8.160803920954665,4.1190371748124726,,0,0,0,0,3
2025.acl-long.530,2025,W4412945417,A5108667175,A5026113034,6,0,1,0,1,0,7.5611215895302379,3.2708355637989119,,0,0,0,0,3
2025.acl-long.531,2025,W4412945421,A5101714910,A5074472751,7,0,1,0,1,0,6.8956826977478682,3.942967809277568,,0,0,0,0,3
2025.acl-long.533,2025,W4412945403,A5054159373,A5101615091,10,0,1,0,1,0,7.467942332285852,2.8390784635086144,,1,0,0,1,3
2025.acl-long.534,2025,W4412945449,A5014546112,A5113013369,7,0,1,0,1,0,6.3526293963195668,3.2635760037861075,,0,0,0,0,3
2025.acl-long.535,2025,W4412945402,A5113178971,A5115589223,9,0,0.81818181818181823,0,1,0,8.7068213233926297,4.7184988712950942,,0,0,0,0,3
2025.acl-long.536,2025,W4412945451,A5087501457,A5103008255,4,1,0.80000000000000004,1,1,1,5.4595855141441589,2.3272777055844172,12.959853859626969,0,0,0,0,3
2025.acl-long.537,2025,W4412945432,A5024012546,A5065949777,4,0,1,0,1,0,7.4247617618232091,4.2591525365233469,,0,1,0,1,3
2025.acl-long.539,2025,W4412945399,A5100653660,A5100448121,4,0,1,0,1,0,7.6601143191739283,3.9019726695746448,,0,0,0,0,3
2025.acl-long.54,2025,W4412886847,A5031457464,A5115594520,4,0,0.80000000000000004,0,1,0,9.4207633588810111,5.662092047601992,,0,0,0,0,3
2025.acl-long.540,2025,W4412945460,A5057623066,A5018266083,8,0,1,0,1,0,6.2499752422594828,3.362976168841957,,0,0,0,0,3
2025.acl-long.541,2025,W4412945405,A5114240949,A5058611515,7,0,1,0,1,0,7.203405521083095,3.622434354705784,,0,0,0,0,3
2025.acl-long.542,2025,W4412945373,A5102512068,A5119204503,4,1,1,1,1,1,2.19722457733622,0.40546510810816438,11.97603664577121,1,0,0,1,3
2025.acl-long.543,2025,W4412945423,A5053308435,A5100441427,3,0,1,0,1,0,6.2653012127377101,2.456735772821304,,0,0,0,0,3
2025.acl-long.544,2025,W4412945458,A5112119688,A5101437269,11,0,1,0,1,0,8.7829363563492642,4.1743872698956368,,0,0,0,0,3
2025.acl-long.545,2025,W4412945420,A5003386825,A5019539533,8,0,1,0,1,0,7.4217757936446471,4.0690267542378109,,0,0,0,0,3
2025.acl-long.547,2025,W4412945389,A5094264753,A5101880946,3,0,1,0,1,0,4.0604430105464191,2.6625878270254528,,0,0,0,0,3
2025.acl-long.55,2025,W4412887014,A5101534539,A5007354180,4,0,0.80000000000000004,0,1,0,7.2765564027187102,3.9170105469391849,,0,0,0,0,3
2025.acl-long.550,2025,W4412945401,A5037855655,A5074103823,12,0,1,0,1,0,9.5736631698863803,4.6805868252728455,,1,0,0,1,3
2025.acl-long.551,2025,W4412945440,A5100738217,A5100428808,10,0,1,0,1,0,9.6807814055466981,4.2918283667557331,,1,0,0,1,3
2025.acl-long.552,2025,W4412945394,A5070281910,A5005847882,7,0,1,0,1,0,6.9196838498474111,3.8712010109078911,,0,0,0,0,3
2025.acl-long.553,2025,W4412945467,A5055444956,A5048111120,7,0,1,0,1,0,6.5957805139613113,3.6995367485879238,,0,1,0,1,3
2025.acl-long.554,2025,W4412945408,A5101705283,A5027286013,7,0,0.77777777777777779,0,1,0,8.4551049991028151,3.7030640891058928,,0,0,0,0,3
2025.acl-long.555,2025,W4412945450,A5062115445,A5100620306,8,0,1,0,1,0,8.9946688355006739,4.5472762075691886,,0,0,0,0,3
2025.acl-long.556,2025,W4412945454,A5101686860,A5066326238,9,0,1,0,1,0,6.523562306149512,3.6944196344895519,,0,0,0,0,3
2025.acl-long.558,2025,W4412945382,A5056532017,A5055336632,12,0,0.92307692307692324,0,1,0,6.8844866520427823,3.4339872044851463,,1,0,0,1,3
2025.acl-long.559,2025,W4412945419,A5119204520,A5119204525,6,0,1,0,1,0,0,0,,0,0,0,0,3
2025.acl-long.56,2025,W4412886833,A5067026960,A5067026960,1,0,1,0,1,0,5.602118820879701,3.0910424533583161,,0,0,0,0,3
2025.acl-long.560,2025,W4412945443,A5009783636,A5091921032,5,0,1,0,1,0,5.521460917862246,2.7343675094195841,,0,0,0,0,3
2025.acl-long.561,2025,W4412945424,A5021696178,A5100456543,8,0,0.80000000000000004,0,1,0,7.1996783456911722,3.7196511127806899,,0,0,0,0,3
2025.acl-long.565,2025,W4412945437,A5102812784,A5101859765,3,0,1,0,1,0,5.7004435733906869,2.5649493574615367,,0,0,0,0,3
2025.acl-long.566,2025,W4412945396,A5119204508,A5119204513,7,0,0.875,0,1,0,4.7004803657924166,0.99852883011112725,,0,0,0,0,3
2025.acl-long.568,2025,W4412945426,A5100385197,A5119204526,8,0,1,0,1,0,7.4747721823978699,3.0325462466767075,,0,0,0,0,3
2025.acl-long.569,2025,W4412945392,A5119204507,A5010064740,2,0,1,0,1,0,5.5451774444795623,3.044522437723423,,0,1,0,1,3
2025.acl-long.57,2025,W4412886923,A5035135715,A5115589325,10,0,0.90909090909090917,0,1,0,6.1441856341256456,2.9231615807191562,,1,0,0,1,3
2025.acl-long.570,2025,W4412945397,A5119204514,A5101732032,7,0,0.875,0,1,0,6.2653012127377101,2.9957322735539909,,0,0,0,0,3
2025.acl-long.571,2025,W4412945395,A5064595835,A5078708021,10,0,1,0,1,0,5.6664266881124323,2.884800712846709,,1,0,0,1,3
2025.acl-long.572,2025,W4412945469,A5102918226,A5115944650,7,0,1,0,1,0,6.9819346771563886,3.4011973816621555,,1,0,0,1,3
2025.acl-long.573,2025,W4412945438,A5030810711,A5005764737,4,0,1,0,1,0,6.4409465406329209,3.044522437723423,,0,0,0,0,3
2025.acl-long.576,2025,W4412945380,A5114889392,A5064238181,6,0,0.8571428571428571,0,1,0,7.5688956634069955,3.1640675883732059,,1,0,0,1,3
2025.acl-long.578,2025,W4412945385,A5102180767,A5035142405,6,0,1,0,1,0,6.7923444274708089,3.2451931331855741,,0,0,0,0,3
2025.acl-long.579,2025,W4412945416,A5074207407,A5102018239,6,0,1,0,1,0,8.1690531499273433,3.9350882783591423,,0,0,0,0,3
2025.acl-long.58,2025,W4412886852,A5006314698,A5026169204,11,0,1,0,1,0,6.7833252006039597,3.4742225166770453,,0,0,0,0,3
2025.acl-long.580,2025,W4412945387,A5056532017,A5078708021,11,0,1,0,1,0,7.1631723908466425,3.2958368660043291,,1,0,0,1,3
2025.acl-long.581,2025,W4412945452,A5076053801,A5065675832,10,0,0.90909090909090917,0,1,0,7.9557757815341867,4.0217738693872649,,1,0,0,1,3
2025.acl-long.583,2025,W4412945383,A5101774629,A5100398976,8,0,1,0,1,0,7.790696031174738,3.5517702401415296,,0,0,0,0,3
2025.acl-long.584,2025,W4412945393,A5110467332,A5041727387,10,0,1,0,1,0,7.9599745280805356,4.2076732475291037,,0,0,0,0,3
2025.acl-long.585,2025,W4412945376,A5106943035,A5070612539,6,0,0.8571428571428571,0,1,0,6.7274317248508551,3.2054528045360602,,0,0,0,0,3
2025.acl-long.586,2025,W4412945455,A5108988764,A5084189341,5,0,1,0,1,0,6.5027900459156234,3.0633909220278057,,1,0,0,1,3
2025.acl-long.587,2025,W4412945427,A5108899238,A5103103242,5,0,0.83333333333333337,0,1,0,7.4512416849876759,3.6838669122903922,,0,0,0,0,3
2025.acl-long.588,2025,W4412945388,A5049945370,A5078565848,4,0,1,0,1,0,6.4599044543775346,2.9041650800285006,,0,0,0,0,3
2025.acl-long.59,2025,W4412886832,A5058272366,A5115460903,2,0,1,0,1,0,4.4659081186545837,2.8903717578961645,,0,0,0,0,3
2025.acl-long.591,2025,W4412945379,A5009017779,A5034071281,5,0,0.83333333333333337,0,1,0,5.8260001073804499,3.0252910757955358,,0,0,0,0,3
2025.acl-long.595,2025,W4412945338,A5103123572,A5100720057,7,0,1,0,1,0,6.4329400927391793,3.2525868822105126,,0,0,0,0,3
2025.acl-long.596,2025,W4412945243,A5041053876,A5100351128,4,0,0.66666666666666663,0,1,0,6.1903154058531484,3.755369195382769,,0,0,0,0,3
2025.acl-long.597,2025,W4412945320,A5103037806,A5100386385,5,0,1,0,1,0,7.222566018822171,3.9473901492654369,,1,0,0,1,3
2025.acl-long.598,2025,W4412945232,A5100617725,A5102765381,6,0,1,0,1,0,6.8297937375124249,3.2644863361202532,,0,0,0,0,3
2025.acl-long.599,2025,W4412945291,A5100742028,A5057170852,3,0,0.75,0,1,0,6.7405193596062229,3.7917368395536442,,1,0,0,1,3
2025.acl-long.6,2025,W4412886892,A5094087237,A5004875850,7,0,1,0,1,0,6.0161571596983539,3.016934481204594,,0,0,0,0,3
2025.acl-long.60,2025,W4412886867,A5026075659,A5008574874,2,1,1,1,1,1,5.3327187932653688,2.7080502011022101,7.9280456008747766,0,1,0,1,3
2025.acl-long.602,2025,W4412945348,A5101959398,A5101467119,3,1,1,1,1,1,4.6634390941120669,2.5902671654458267,10.762022044849321,0,0,0,0,3
2025.acl-long.605,2025,W4412945361,A5038735910,A5087941479,8,0,0.88888888888888884,0,1,0,6.7093043402582984,1.5581446180465499,,0,0,0,0,3
2025.acl-long.606,2025,W4412945294,A5016559205,A5016175345,7,0,1,0,1,0,7.5043915591612382,3.906292330719161,,0,0,0,0,3
2025.acl-long.608,2025,W4412945253,A5102794454,A5002373584,5,0,1,0,1,0,2.4849066497880004,1.7227665977411035,,1,0,0,1,3
2025.acl-long.61,2025,W4412886846,A5058023480,A5110158722,9,0,1,0,1,0,8.7719904365322421,4.0812968468296251,,1,1,0,1,3
2025.acl-long.610,2025,W4412945359,A5101230916,A5039365023,10,0,1,0,1,0,8.2980416613715651,4.3107991253855138,,1,0,0,1,3
2025.acl-long.613,2025,W4412945327,A5072936428,A5079260216,8,0,1,0,1,0,7.8139956750027908,3.8841378019386106,,0,0,0,0,3
2025.acl-long.614,2025,W4412945284,A5086127472,A5088716214,13,0,1,0,1,0,7.7075121946003406,3.633529359030772,,0,0,0,0,3
2025.acl-long.615,2025,W4412945316,A5100701345,A5008902592,6,0,0.8571428571428571,0,1,0,8.288534459413917,4.6618655296646363,,0,0,0,0,3
2025.acl-long.616,2025,W4412945261,A5100370103,A5102018239,8,0,1,0,1,0,8.1690531499273433,4.3107991253855138,,0,0,0,0,3
2025.acl-long.617,2025,W4412945350,A5101804822,A5108050889,5,0,1,0,1,0,7.0867379345105768,3.8329797980876932,,0,0,0,0,3
2025.acl-long.619,2025,W4412945224,A5091748443,A5102018239,11,0,1,0,1,0,8.1690531499273433,4.1603025300138983,,0,0,0,0,3
2025.acl-long.62,2025,W4412886870,A5006589025,A5103145743,6,0,1,0,1,0,6.0730445341004051,3.4285963558502699,,0,1,0,1,3
2025.acl-long.621,2025,W4412945337,A5101631253,A5084653483,4,1,1,1,1,1,5.4249500174814029,3.1023420086122493,13.454425905536842,1,0,0,1,3
2025.acl-long.623,2025,W4412945275,A5106544929,A5005779128,3,0,1,0,1,0,6.9392539460415081,3.784189633918261,,0,0,0,0,3
2025.acl-long.625,2025,W4412945321,A5115076694,A5081525024,6,0,1,0,1,0,6.2897155709089976,3.9448128282511368,,1,1,0,1,3
2025.acl-long.626,2025,W4412945245,A5113204589,A5101615009,6,0,1,0,1,0,5.7990926544605257,2.5123056239761148,,0,0,0,0,3
2025.acl-long.629,2025,W4412945271,A5120644538,A5113657466,8,0,1,0,1,0,7.6216849987246107,3.8122026701459353,,1,0,0,1,3
2025.acl-long.63,2025,W4412886961,A5102693047,A5059074509,8,0,1,0,1,0,5.5490760848952201,2.5455312716044349,,1,0,0,1,3
2025.acl-long.630,2025,W4412945287,A5032649444,A5100600701,7,0,0.875,0,1,0,7.3356339819272014,4.065357025348848,,0,0,0,0,3
2025.acl-long.631,2025,W4412945272,A5086910076,A5100304063,8,0,0.88888888888888884,0,1,0,7.9783109698677217,3.9679306373664418,,0,0,0,0,3
2025.acl-long.632,2025,W4412945355,A5100606858,A5073535763,4,0,0.80000000000000004,0,1,0,7.7591874385077952,4.3502779363593014,,0,0,0,0,3
2025.acl-long.633,2025,W4412945345,A5091652378,A5112149353,4,0,1,0,1,0,6.9431224228194282,3.7495040759303713,,0,0,0,0,3
2025.acl-long.635,2025,W4412945354,A5111315441,A5111019783,6,0,1,0,1,0,9.6792809363686541,4.832305758571839,,0,0,0,0,3
2025.acl-long.636,2025,W4412945210,A5012767739,A5023184215,2,0,0.66666666666666663,0,1,0,6.0426328336823811,3.6109179126442239,,0,0,0,0,3
2025.acl-long.637,2025,W4412945365,A5113204589,A5036865453,6,0,1,0,1,0,5.7990926544605257,2.9356283494842854,,0,0,0,0,3
2025.acl-long.638,2025,W4412945317,A5037469975,A5109900808,10,0,1,0,1,0,7.7424020218157823,3.6888794541139358,,0,0,0,0,3
2025.acl-long.639,2025,W4412945255,A5051603712,A5057282504,7,0,0.77777777777777779,0,1,0,7.0656133635977172,3.622434354705784,,1,0,0,1,3
2025.acl-long.64,2025,W4412886809,A5119180898,A5084812833,3,1,1,1,1,1,4.9416424226093039,2.9087208965643612,6.4118182677098972,0,0,0,0,3
2025.acl-long.640,2025,W4412945241,A5114858619,A5017671620,13,0,1,0,1,0,8.0090306850697299,3.6965423268595048,,0,0,0,0,3
2025.acl-long.641,2025,W4412945268,A5042303431,A5059403175,7,0,1,0,1,0,6.1047932324149849,3.3623575483458921,,0,0,0,0,3
2025.acl-long.642,2025,W4412945318,A5100643476,A5108334199,11,0,1,0,1,0,6.8617113404807304,3.6109179126442239,,0,0,0,0,3
2025.acl-long.643,2025,W4412945364,A5101608871,A5066426299,4,0,0.80000000000000004,0,1,0,4.9199809258281251,2.4203681286504293,,0,0,0,0,3
2025.acl-long.644,2025,W4412945218,A5111315441,A5111019783,9,0,1,0,1,0,8.1122279583497239,3.8286413964890951,,0,0,0,0,3
2025.acl-long.645,2025,W4412945219,A5059433137,A5020880385,5,0,1,0,1,0,7.2605225980898522,3.7977338590260175,,0,0,0,0,3
2025.acl-long.647,2025,W4412945203,A5084483228,A5100667025,6,0,0.8571428571428571,0,1,0,7.5395588293010301,3.3262343431887,,0,0,0,0,3
2025.acl-long.648,2025,W4412945330,A5101279848,A5036357902,8,0,1,0,1,0,9.6591842033862925,4.7140245909001735,,0,0,0,0,3
2025.acl-long.649,2025,W4412945288,A5100430159,A5076900864,6,0,1,0,1,0,5.4680601411351324,3.3141860046725258,,0,0,0,0,3
2025.acl-long.65,2025,W4412886819,A5031382920,A5111161683,12,0,1,0,1,0,8.1173124616019745,3.9889840465642745,,0,1,0,1,3
2025.acl-long.651,2025,W4412945293,A5101883211,A5100365442,11,0,0.84615384615384615,0,1,0,6.7298240704894754,3.4571766494040568,,0,0,0,0,3
2025.acl-long.652,2025,W4412945256,A5013490301,A5085862769,8,0,1,0,1,0,8.8449129508995483,3.8421368779639802,,0,0,0,0,3
2025.acl-long.653,2025,W4412945205,A5013166877,A5080653038,5,0,1,0,1,0,6.0354814325247563,2.7080502011022101,,1,0,0,1,3
2025.acl-long.654,2025,W4412945352,A5102904447,A5079260216,8,0,1,0,1,0,7.8139956750027908,4.023117052933733,,1,1,0,1,3
2025.acl-long.657,2025,W4412945237,A5099497373,A5054334046,3,1,1,1,1,1,6.1025585946135692,2.9444389791664403,9.2634070929128765,0,0,0,0,3
2025.acl-long.658,2025,W4412945228,A5030580826,A5100402925,7,0,1,0,1,0,6.9157234486313142,4.0253516907351496,,0,0,0,0,3
2025.acl-long.659,2025,W4412945267,A5113873472,A5054771988,4,2,1,1,1,1,6.1463292576688975,3.146305132033365,12.264346270624156,0,0,0,0,3
2025.acl-long.660,2025,W4412945314,A5104271404,A5049181863,8,0,1,0,1,0,8.2579041934656736,4.4021355875965948,,0,0,0,0,3
2025.acl-long.661,2025,W4412945246,A5092029597,A5023977688,2,2,1,1,1,1,5.3033049080590757,3.1135153092103742,13.217422616634792,0,0,0,0,3
2025.acl-long.662,2025,W4412945282,A5101546393,A5054261861,5,0,0.7142857142857143,0,1,0,7.8590269797515377,3.4339872044851463,,0,0,0,0,3
2025.acl-long.663,2025,W4412945250,A5088632705,A5115602729,4,0,1,0,1,0,7.9610214658833698,4.7162642334936784,,1,0,0,1,3
2025.acl-long.666,2025,W4412945264,A5101198653,A5100714202,7,0,1,0,1,0,7.0774980535692311,4.0073331852324712,,0,1,0,1,3
2025.acl-long.667,2025,W4412945347,A5086407377,A5022222926,8,0,1,0,1,0,6.9334230257307148,3.8259203063747353,,0,0,0,0,3
2025.acl-long.668,2025,W4412945263,A5114686064,A5063237742,4,0,0.80000000000000004,0,1,0,7.7591874385077952,3.8712010109078911,,1,0,0,1,3
2025.acl-long.669,2025,W4412945326,A5107910334,A5008666077,11,0,0.91666666666666663,0,1,0,7.9875244798487666,4.0430512678345503,,1,0,0,1,3
2025.acl-long.67,2025,W4412886745,A5114331669,A5114331671,3,0,1,0,1,0,0,1.0986122886681098,,0,1,0,1,3
2025.acl-long.671,2025,W4412945289,A5100740650,A5102959794,6,1,1,1,1,1,7.4436636831155907,2.8033603809065348,12.963034647920509,0,0,0,0,3
2025.acl-long.672,2025,W4412945265,A5011906857,A5100434872,6,0,0.8571428571428571,0,1,0,6.5567783561580422,2.8526314299133171,,0,0,0,0,3
2025.acl-long.673,2025,W4412945331,A5070862393,A5079260216,6,0,0.8571428571428571,0,1,0,9.2650179332668792,5.2635533741116971,,1,0,0,1,3
2025.acl-long.674,2025,W4412945307,A5088253572,A5064554209,4,0,1,0,1,0,6.6012301187288767,3.9415818076696905,,1,0,0,1,3
2025.acl-long.675,2025,W4412945223,A5108315986,A5119204477,3,0,1,0,1,0,5.2574953720277815,2.0794415416798362,,0,0,0,0,3
2025.acl-long.676,2025,W4412945300,A5022625306,A5120645120,6,0,1,0,1,0,7.9131551859280682,4.2484952420493594,,0,0,0,0,3
2025.acl-long.678,2025,W4412945363,A5072620536,A5100402929,5,0,1,0,1,0,7.8864572709776892,4.8235021803050788,,0,0,0,0,3
2025.acl-long.679,2025,W4412945301,A5113656054,A5024343415,8,0,1,0,1,0,6.9087547793152204,3.3586377672433594,,1,0,0,1,3
2025.acl-long.68,2025,W4412887025,A5093984852,A5110941200,2,1,1,1,1,1,3.0910424533583161,1.3862943611198906,9.5749140387082701,0,0,0,0,3
2025.acl-long.681,2025,W4412945306,A5101330599,A5056885986,7,0,1,0,1,0,4.9344739331306924,2.5084371471981943,,0,0,0,0,3
2025.acl-long.684,2025,W4412945239,A5115695430,A5068837264,5,0,1,0,1,0,8.1909088811825139,4.3067641501733354,,0,0,0,0,3
2025.acl-long.685,2025,W4412945270,A5040897427,A5077641909,3,0,1,0,1,0,6.6476883735633292,3.9951379121386528,,0,0,0,0,3
2025.acl-long.686,2025,W4412945346,A5114230560,A5026281370,6,0,1,0,1,0,7.44716835960004,3.4812400893356918,,0,0,0,0,3
2025.acl-long.688,2025,W4412945211,A5065871371,A5101635446,7,0,1,0,1,0,7.44716835960004,3.7511833374500911,,0,0,0,0,3
2025.acl-long.689,2025,W4412945207,A5114231662,A5008772211,8,0,1,0,1,0,8.2204030999337299,3.2818506240295893,,0,0,0,0,3
2025.acl-long.69,2025,W4412886872,A5006469445,A5053433716,7,0,1,0,1,0,5.9584246930297819,2.6184380424125231,,0,0,0,0,3
2025.acl-long.690,2025,W4412945249,A5102516951,A5102510525,7,0,1,0,1,0,4.4067192472642533,2.9519296508955981,,0,0,0,0,3
2025.acl-long.692,2025,W4412945369,A5110973896,A5017671620,10,0,1,0,1,0,8.2321742363839405,4.0181832012565364,,0,0,0,0,3
2025.acl-long.693,2025,W4412945303,A5006360624,A5049181863,8,0,1,0,1,0,7.6875387662016292,3.507807116720413,,0,0,0,0,3
2025.acl-long.694,2025,W4412945322,A5061900173,A5034251656,4,0,1,0,1,0,7.2964132687739198,3.2676659890376327,,0,0,0,0,3
2025.acl-long.696,2025,W4412945297,A5108988090,A5043755424,5,0,0.83333333333333337,0,1,0,8.821142236331891,4.3643716994351607,,0,0,0,0,3
2025.acl-long.698,2025,W4412945233,A5079671616,A5102956012,6,0,1,0,1,0,4.7449321283632502,2.2857779746776643,,0,0,0,0,3
2025.acl-long.699,2025,W4412945328,A5028962243,A5111798113,4,0,1,0,1,0,5.1474944768134527,2.1690537003695232,,0,0,0,0,3
2025.acl-long.70,2025,W4412886804,A5011972821,A5021845515,7,0,1,0,1,0,6.9431224228194282,3.3270894095084333,,1,1,0,1,3
2025.acl-long.700,2025,W4412945257,A5100349446,A5076323286,21,0,1,0,1,0,7.1846291527173145,3.5347287742866778,,0,0,0,0,3
2025.acl-long.702,2025,W4412945273,A5076598577,A5033909285,9,0,1,0,1,0,7.3562798765507482,2.456735772821304,,1,0,0,1,3
2025.acl-long.703,2025,W4412945358,A5008194128,A5055685073,7,0,0.875,0,1,0,7.3297496890415124,4.3400879454535524,,0,0,0,0,3
2025.acl-long.704,2025,W4412945213,A5051938796,A5068698319,3,0,1,0,1,0,4.7621739347977563,2.7932080094425169,,1,0,0,1,3
2025.acl-long.710,2025,W4412945197,A5100686015,A5045717207,2,0,0.66666666666666663,0,1,0,6.2557500417533669,3.068052935133617,,1,0,0,1,3
2025.acl-long.712,2025,W4412945173,A5081332799,A5046195860,3,0,1,0,1,0,5.1298987149230735,3.0602707946915619,,0,0,0,0,3
2025.acl-long.713,2025,W4412945313,A5008764343,A5102868996,4,0,1,0,1,0,5.2257466737132017,1.9459101490553128,,0,0,0,0,3
2025.acl-long.714,2025,W4412945281,A5100435904,A5100736608,4,0,0.80000000000000004,0,1,0,7.8164169836918012,3.5481795720108011,,0,0,0,0,3
2025.acl-long.717,2025,W4412945308,A5108917989,A5064360714,3,0,1,0,1,0,5.5645204073226937,2.6625878270254528,,0,0,0,0,3
2025.acl-long.719,2025,W4412945215,A5119204476,A5100442323,6,0,1,0,1,0,6.508769136971682,3.2451931331855741,,0,0,0,0,3
2025.acl-long.720,2025,W4412945296,A5119204496,A5050036814,4,0,1,0,1,0,6.5117453296447279,2.917770732084279,,0,0,0,0,3
2025.acl-long.721,2025,W4412945182,A5100455049,A5103145531,4,0,1,0,1,0,4.6821312271242199,1.9095425048844383,,1,0,0,1,3
2025.acl-long.722,2025,W4412945285,A5108548612,A5100380471,4,0,0.66666666666666663,0,1,0,6.2205901700997392,3.0081547935525483,,0,0,0,0,3
2025.acl-long.723,2025,W4412945251,A5001463799,A5091468612,5,1,1,1,1,1,8.7864566783440008,4.3944491546724391,13.311552961876105,0,0,0,0,3
2025.acl-long.725,2025,W4412945225,A5063537470,A5040427637,18,0,0.94736842105263164,0,1,0,6.3279367837291947,2.5860917940353461,,0,0,0,0,3
2025.acl-long.726,2025,W4412945279,A5100960145,A5038736812,7,0,1,0,1,0,7.5532866056004186,4.3040650932041702,,0,0,0,0,3
2025.acl-long.727,2025,W4412945199,A5094008572,A5088832285,3,0,1,0,1,0,6.261491684321042,3.8781214537524646,,0,0,0,0,3
2025.acl-long.729,2025,W4412945259,A5103253883,A5101537931,10,7,0.90909090909090917,1,1,1,7.8176254430533696,3.8607297110405954,13.661953701788846,0,0,0,0,3
2025.acl-long.730,2025,W4412945311,A5110598239,A5077757629,6,2,1,1,1,1,5.6489742381612063,2.5389738710582761,8.4375004225069894,0,0,0,0,3
2025.acl-long.732,2025,W4412945368,A5100551756,A5062350665,8,0,0.66666666666666663,0,1,0,8.0718431496091583,4.4984198160412108,,0,0,0,0,3
2025.acl-long.733,2025,W4412945280,A5075677827,A5100393937,8,0,1,0,1,0,7.2668273475205911,3.5589131276539097,,0,1,0,1,3
2025.acl-long.734,2025,W4412945201,A5035555716,A5111217720,4,0,1,0,1,0,5.3230099791384085,2.7408400239252009,,0,1,0,1,3
2025.acl-long.735,2025,W4412945269,A5113394692,A5079260216,12,0,1,0,1,0,7.8139956750027908,4.1311585353448166,,0,1,0,1,3
2025.acl-long.74,2025,W4412886811,A5115694977,A5051747323,5,0,1,0,1,0,7.8792914850822706,4.3067641501733354,,1,0,0,1,3
2025.acl-long.740,2025,W4412945302,A5101061048,A5070302452,4,0,1,0,1,0,6.9037472575845982,3.7898553714539385,,1,1,0,1,3
2025.acl-long.741,2025,W4412945188,A5111091976,A5039365023,8,0,1,0,1,0,7.4307070825459682,3.4380113547848721,,0,1,0,1,3
2025.acl-long.742,2025,W4412945179,A5100457637,A5100626680,6,0,0.8571428571428571,0,1,0,7.879669914604289,4.1614838650597292,,0,0,0,0,3
2025.acl-long.743,2025,W4412945196,A5088438299,A5102574476,4,1,1,1,1,1,6.0544393462693709,2.7880929087757464,12.959853859626969,0,0,0,0,3
2025.acl-long.746,2025,W4412945217,A5031847181,A5033006575,6,0,1,0,1,0,8.0989467489433391,4.3630986247883632,,0,0,0,0,3
2025.acl-long.747,2025,W4412945240,A5103231035,A5109012644,9,0,1,0,1,0,7.2696167496081694,3.7481960312703562,,1,0,0,1,3
2025.acl-long.748,2025,W4412945208,A5101962972,A5110626722,5,0,1,0,1,0,4.8828019225863706,2.3978952727983707,,1,0,0,1,3
2025.acl-long.749,2025,W4412945183,A5102684501,A5053619267,7,0,0.875,0,1,0,7.6852436079758331,3.7478219897473855,,0,0,0,0,3
2025.acl-long.752,2025,W4412945248,A5036397881,A5026719663,4,0,1,0,1,0,7.0166096838942194,3.8554526539397518,,0,0,0,0,3
2025.acl-long.753,2025,W4412945198,A5119204473,A5100951515,5,0,1,0,1,0,6.5985090286145152,3.7977338590260175,,0,0,0,0,3
2025.acl-long.754,2025,W4412945191,A5061843533,A5024546524,4,0,1,0,1,0,5.0937502008067623,3.3322045101752038,,1,0,0,1,3
2025.acl-long.756,2025,W4412945190,A5007755497,A5050766679,5,0,1,0,1,0,6.6895992691789674,3.958906591326997,,0,0,0,0,3
2025.acl-long.761,2025,W4412945202,A5071456775,A5069512988,8,0,1,0,1,0,7.6299757070277892,3.3366588605245844,,1,0,0,1,3
2025.acl-long.764,2025,W4412945340,A5005211543,A5032877157,2,0,1,0,1,0,4.1896547420264252,2.8903717578961645,,0,0,0,0,3
2025.acl-long.769,2025,W4412945339,A5053968313,A5027711113,3,1,1,1,1,1,5.8435444170313602,3.5263605246161616,9.671050954310326,0,0,0,0,3
2025.acl-long.77,2025,W4412886787,A5119180892,A5053355595,6,0,1,0,1,0,7.6138186848086287,3.7256934272366529,,0,0,0,0,3
2025.acl-long.770,2025,W4412945185,A5060208570,A5100404047,6,0,1,0,1,0,7.7182409519593156,4.0283234611243071,,1,0,0,1,3
2025.acl-long.771,2025,W4412945242,A5062231043,A5049100391,8,0,1,0,1,0,7.6152983398258147,4.0096033337670098,,0,0,0,0,3
2025.acl-long.772,2025,W4412945171,A5011949686,A5059946729,4,1,1,1,1,1,6.1114673395026786,2.7568403652716422,10.918392092130752,0,0,0,0,3
2025.acl-long.773,2025,W4412945315,A5109739806,A5072181882,6,0,1,0,1,0,7.2298387781512501,4.0401230080554615,,0,0,0,0,3
2025.acl-long.776,2025,W4412945216,A5109493786,A5022571158,3,1,0.75,1,1,1,6.3969296552161463,3.120895416507997,14.126356514120028,0,0,0,0,3
2025.acl-long.780,2025,W4412945220,A5111073904,A5113150684,10,0,0.90909090909090917,0,1,0,7.6704285221906927,3.535145354171894,,0,0,0,0,3
2025.acl-long.781,2025,W4412945099,A5015618079,A5100337338,8,0,1,0,1,0,8.0943784449729606,4.5406316648505198,,0,0,0,0,3
2025.acl-long.783,2025,W4412945102,A5063494473,A5019720185,5,0,1,0,1,0,5.3471075307174685,3.1780538303479458,,0,0,0,0,3
2025.acl-long.784,2025,W4412945054,A5004464759,A5044665993,6,0,1,0,1,0,7.8422787791173523,3.8286413964890951,,0,0,0,0,3
2025.acl-long.785,2025,W4412945049,A5100763686,A5100418120,9,0,0.90000000000000002,0,1,0,8.0090306850697299,3.6777061535158113,,1,1,0,1,3
2025.acl-long.786,2025,W4412945096,A5082564283,A5100647402,2,0,1,0,1,0,5.0689042022202324,3.2580965380214821,,0,0,0,0,3
2025.acl-long.787,2025,W4412945056,A5101419239,A5048636318,6,0,1,0,1,0,5.3327187932653688,2.6741486494265287,,0,0,0,0,3
2025.acl-long.79,2025,W4412886813,A5100601726,A5020880385,2,1,1,1,1,1,7.2605225980898522,4.808111029984782,12.695621516009959,1,0,0,1,3
2025.acl-long.790,2025,W4412945062,A5101230918,A5079260216,10,0,1,0,1,0,7.8139956750027908,4.0569887756783318,,0,0,0,0,3
2025.acl-long.792,2025,W4412945117,A5100957801,A5058353652,10,0,0.90909090909090917,0,1,0,7.8422787791173523,4.2794400458987809,,0,0,0,0,3
2025.acl-long.794,2025,W4412945115,A5101107477,A5101502057,7,0,0.875,0,1,0,6.2045577625686903,3.3964241029094979,,0,0,0,0,3
2025.acl-long.796,2025,W4412945107,A5081885159,A5022601535,4,0,1,0,1,0,6.3767269478986268,3.8554526539397518,,0,0,0,0,3
2025.acl-long.798,2025,W4412945037,A5054893267,A5088559117,6,0,1,0,1,0,6.8023947633243109,3.4863551900024623,,0,0,0,0,3
2025.acl-long.799,2025,W4412945061,A5119204438,A5119204439,2,1,1,1,1,1,0,0,11.705824218801952,0,0,0,0,3
2025.acl-long.8,2025,W4412886998,A5115600517,A5010558184,7,0,1,0,1,0,7.2506355118986798,3.8830354685548936,,0,1,0,1,3
2025.acl-long.800,2025,W4412945092,A5032749334,A5015709853,4,0,1,0,1,0,6.9285378181646653,4.0430512678345503,,0,0,0,0,3
2025.acl-long.801,2025,W4412945080,A5071953338,A5109484575,3,0,1,0,1,0,4.8283137373023015,2.5902671654458267,,0,0,0,0,3
2025.acl-long.804,2025,W4412945045,A5022397026,A5046448314,12,0,1,0,1,0,8.3556149957601829,4.0312864262549644,,0,0,0,0,3
2025.acl-long.806,2025,W4412945027,A5100321247,A5060225743,6,0,1,0,1,0,7.6549170478483202,4.2316881237329778,,1,0,0,1,3
2025.acl-long.807,2025,W4412945111,A5104154574,A5100675903,3,0,1,0,1,0,6.6669567924292066,3.9252682321781664,,0,0,0,0,3
2025.acl-long.808,2025,W4412945123,A5100453299,A5115588569,6,0,0.8571428571428571,0,1,0,6.5834092221587648,3.5361166995615263,,1,0,0,1,3
2025.acl-long.809,2025,W4412945106,A5057617953,A5001701888,3,0,1,0,1,0,4.3820266346738812,2.8903717578961645,,0,0,0,0,3
2025.acl-long.811,2025,W4412945035,A5100390698,A5100361857,9,0,1,0,1,0,8.1122279583497239,4.1017246695197231,,0,0,0,0,3
2025.acl-long.812,2025,W4412945025,A5040864261,A5076917278,4,0,0.80000000000000004,0,1,0,6.7262334023587469,3.3843902633457743,,0,0,0,0,3
2025.acl-long.813,2025,W4412945071,A5075367840,A5054004904,7,0,1,0,1,0,7.1236727852046071,3.4522525524624394,,0,0,0,0,3
2025.acl-long.815,2025,W4412945029,A5113429324,A5115590289,7,0,0.875,0,1,0,7.7587605441576626,4.0895712834694429,,0,0,0,0,3
2025.acl-long.817,2025,W4412945113,A5068367173,A5002191410,4,0,1,0,1,0,6.1202974189509503,3.9608131695975781,,0,0,0,0,3
2025.acl-long.819,2025,W4412945122,A5100667935,A5010558184,7,0,1,0,1,0,7.0587581525186645,3.784189633918261,,0,1,0,1,3
2025.acl-long.82,2025,W4412886751,A5037514751,A5102363929,9,0,1,0,1,0,7.9323621543397511,3.1451096746285918,,0,1,0,1,3
2025.acl-long.821,2025,W4412945052,A5043954721,A5004209770,6,0,1,0,1,0,6.3919171133926023,3.0365542680742461,,0,0,0,0,3
2025.acl-long.824,2025,W4412945079,A5048142533,A5076446804,2,1,1,1,1,1,6.300785794663244,2.7080502011022101,10.4564239400025,0,0,0,0,3
2025.acl-long.825,2025,W4412945110,A5040128172,A5089404640,9,0,1,0,1,0,8.7829363563492642,4.2889362116078695,,0,0,0,0,3
2025.acl-long.826,2025,W4412945085,A5079198689,A5017671620,11,0,0.91666666666666663,0,1,0,8.0090306850697299,3.7001790093678695,,0,1,0,1,3
2025.acl-long.827,2025,W4412945047,A5101855920,A5066426299,4,0,0.66666666666666663,0,1,0,6.2952660014396464,3.3499040872746049,,0,0,0,0,3
2025.acl-long.829,2025,W4412945032,A5112278687,A5081090988,4,0,0.80000000000000004,0,1,0,5.1357984370502621,2.19722457733622,,1,0,0,1,3
2025.acl-long.83,2025,W4412886791,A5113882665,A5082447472,4,1,1,1,1,1,4.6443908991413725,2.8903717578961645,12.742153650331932,0,0,0,0,3
2025.acl-long.833,2025,W4412945086,A5113073018,A5050248676,6,0,0.75,0,1,0,7.8192344538590701,4.1820501426412067,,0,0,0,0,3
2025.acl-long.835,2025,W4412945084,A5038076872,A5111940272,4,0,1,0,1,0,6.5453496603344199,3.0081547935525483,,0,0,0,0,3
2025.acl-long.837,2025,W4412945042,A5069882613,A5066422711,9,0,1,0,1,0,7.0850642939525477,4.0352234392143034,,0,0,0,0,3
2025.acl-long.838,2025,W4412945075,A5114237577,A5016844435,4,0,0.80000000000000004,0,1,0,6.2265366692874657,3.2676659890376327,,0,0,0,0,3
2025.acl-long.839,2025,W4412945055,A5100318172,A5016920988,9,0,1,0,1,0,7.8924520435203522,3.5296231702509777,,0,0,0,0,3
2025.acl-long.84,2025,W4412886747,A5075202019,A5101986040,8,0,1,0,1,0,7.0656133635977172,3.7287009483006082,,1,1,0,1,3
2025.acl-long.840,2025,W4412945097,A5001874224,A5100659487,7,0,1,0,1,0,7.307202314764738,3.563478187572664,,0,0,0,0,3
2025.acl-long.845,2025,W4412945091,A5113086275,A5046448314,15,0,1,0,1,0,8.6513743728822572,4.1825589190449568,,1,0,0,1,3
2025.acl-long.846,2025,W4412945095,A5109732238,A5007571956,10,0,1,0,1,0,8.1828387107660259,3.6454498961866002,,1,0,0,1,3
2025.acl-long.847,2025,W4412945083,A5062130228,A5090743286,4,0,1,0,1,0,5.7430031878094825,3.1023420086122493,,0,0,0,0,3
2025.acl-long.849,2025,W4412945072,A5018559514,A5100448683,5,0,1,0,1,0,6.0112671744041615,3.0540011816779669,,0,0,0,0,3
2025.acl-long.85,2025,W4412886805,A5100325921,A5076369731,6,0,1,0,1,0,7.237778191923443,4.0103589061490084,,0,0,0,0,3
2025.acl-long.851,2025,W4412945067,A5062005460,A5100440903,8,0,0.88888888888888884,0,1,0,7.9529667909231314,4.0668877159890613,,0,0,0,0,3
2025.acl-long.853,2025,W4412945074,A5036357902,A5101810931,3,0,1,0,1,0,9.6591842033862925,5.3115625932980572,,0,0,0,0,3
2025.acl-long.854,2025,W4412945044,A5010247856,A5059502541,35,0,1,0,1,0,9.1776105473532645,2.588837572636232,,0,0,0,0,3
2025.acl-long.856,2025,W4412945031,A5101842807,A5076560802,4,0,1,0,1,0,6.2653012127377101,3.1354942159291497,,0,0,0,0,3
2025.acl-long.860,2025,W4412945100,A5003051936,A5059697591,3,0,1,0,1,0,6.7286286130847017,2.5649493574615367,,0,0,0,0,3
2025.acl-long.861,2025,W4412945069,A5043008145,A5014824751,4,0,1,0,1,0,4.4188406077965983,2.1690537003695232,,1,0,0,1,3
2025.acl-long.862,2025,W4412945081,A5081885159,A5022601535,6,0,0.8571428571428571,0,1,0,6.7878449823095792,3.9827920763163531,,0,0,0,0,3
2025.acl-long.863,2025,W4412945077,A5113281905,A5055232825,16,0,1,0,1,0,6.837332814685591,3.323235840192444,,0,0,0,0,3
2025.acl-long.864,2025,W4412945059,A5062086282,A5033376109,6,0,0.8571428571428571,0,1,0,7.5652752818989315,4.2022019580785139,,0,0,0,0,3
2025.acl-long.865,2025,W4412945068,A5074813090,A5073673415,4,0,1,0,1,0,4.8283137373023015,2.4423470353692043,,1,0,0,1,3
2025.acl-long.866,2025,W4412945033,A5119204433,A5115539402,2,1,1,1,1,1,0,0.40546510810816438,5.4071717714601188,0,0,0,0,3
2025.acl-long.869,2025,W4412945043,A5032466487,A5023993463,4,0,1,0,1,0,5.9989365619466826,3.6309854756950335,,1,0,0,1,3
2025.acl-long.871,2025,W4412945093,A5081540457,A5010540039,6,1,1,1,1,1,7.4301141385618008,3.3499040872746049,12.457099810332656,0,0,0,0,3
2025.acl-long.875,2025,W4412944910,A5090727579,A5084517393,2,0,1,0,1,0,6.4019171967271857,3.9019726695746448,,0,0,0,0,3
2025.acl-long.877,2025,W4412944976,A5103166936,A5074103823,8,0,1,0,1,0,9.4883508247312314,4.7117799210463494,,1,0,0,1,3
2025.acl-long.878,2025,W4412944946,A5100445881,A5003189850,7,0,1,0,1,0,6.8855096700348177,4.2943656961154559,,0,0,0,0,3
2025.acl-long.88,2025,W4412886748,A5101584624,A5088559117,5,0,1,0,1,0,7.0656133635977172,4.0775374439057197,,1,0,0,1,3
2025.acl-long.880,2025,W4412945019,A5107875723,A5029568096,5,0,1,0,1,0,6.7286286130847017,3.7184382563554808,,0,0,0,0,3
2025.acl-long.881,2025,W4412944903,A5056146203,A5049100391,9,0,0.81818181818181823,0,1,0,7.9146177090406793,4.1862820575477864,,0,0,0,0,3
2025.acl-long.883,2025,W4412945003,A5061381207,A5021211836,4,0,1,0,1,0,5.8260001073804499,2.9575110607337933,,0,0,0,0,3
2025.acl-long.885,2025,W4412944986,A5119204419,A5033913977,7,2,0.875,1,1,1,5.1929568508902104,2.2881963555419462,11.545837860925989,0,0,0,0,3
2025.acl-long.886,2025,W4412944894,A5073103551,A5023605306,4,0,1,0,1,0,8.3593691062226707,4.2009542972803589,,0,0,0,0,3
2025.acl-long.888,2025,W4412944908,A5025279616,A5101956549,6,0,1,0,1,0,7.6138186848086287,3.948033442951179,,1,1,0,1,3
2025.acl-long.889,2025,W4412944889,A5079920323,A5079920323,1,0,0.5,0,1,0,5.2832037287379885,3.4011973816621555,,0,0,0,0,3
2025.acl-long.89,2025,W4412886738,A5102019411,A5100627572,4,1,1,1,1,1,6.9117473002516743,3.7784916128036232,10.135035686194149,1,0,0,1,3
2025.acl-long.890,2025,W4412944992,A5100398890,A5065675832,7,0,1,0,1,0,8.2947993589925737,4.765830246000867,,0,0,0,0,3
2025.acl-long.893,2025,W4412944967,A5111482115,A5101985055,7,0,1,0,1,0,6.1717005974109149,2.8662742063171041,,0,0,0,0,3
2025.acl-long.894,2025,W4412944878,A5119204393,A5013145810,3,0,1,0,1,0,5.1873858058407549,3.2321210516182211,,0,0,0,0,3
2025.acl-long.897,2025,W4412944922,A5100398890,A5065675832,6,0,1,0,1,0,7.5288692566422508,4.295015257684252,,0,0,0,0,3
2025.acl-long.899,2025,W4412944920,A5102762683,A5002191410,3,0,1,0,1,0,5.7493929859082531,4.0430512678345503,,0,0,0,0,3
2025.acl-long.9,2025,W4412886843,A5041494929,A5087733750,4,2,1,1,1,1,6.7604146910834277,3.9070104636046019,9.0838697079222364,0,0,0,0,3
2025.acl-long.900,2025,W4412944898,A5111233239,A5063029769,2,0,1,0,1,0,4.4543472962535073,2.8033603809065348,,0,0,0,0,3
2025.acl-long.902,2025,W4412944965,A5113306743,A5101546250,8,0,1,0,1,0,6.7900972355139046,3.4011973816621555,,1,0,0,1,3
2025.acl-long.903,2025,W4412944884,A5075045576,A5030874155,4,0,1,0,1,0,5.4553211153577017,3.146305132033365,,0,0,0,0,3
2025.acl-long.906,2025,W4412944953,A5113826340,A5100438013,12,0,0.92307692307692324,0,1,0,8.6088603799420618,4.1718198743903914,,0,0,0,0,3
2025.acl-long.908,2025,W4412944993,A5100958962,A5009763177,8,0,0.80000000000000004,0,1,0,7.224753405767971,3.3843902633457743,,0,0,0,0,3
2025.acl-long.909,2025,W4412944991,A5071652041,A5005847882,8,0,1,0,1,0,6.3750248198280968,3.5115454388310208,,0,0,0,0,3
2025.acl-long.912,2025,W4412944968,A5078940234,A5101398253,5,0,1,0,1,0,5.4026773818722793,3.1090609588609941,,0,1,0,1,3
2025.acl-long.913,2025,W4412944974,A5101912799,A5026719663,3,0,0.59999999999999998,0,1,0,7.0166096838942194,3.9186675481468152,,0,1,0,1,3
2025.acl-long.915,2025,W4412944825,A5114621435,A5071306466,4,0,1,0,1,0,6.261491684321042,3.7495040759303713,,0,0,0,0,3
2025.acl-long.917,2025,W4412944935,A5100349352,A5032690182,6,1,1,1,1,1,8.3373485644971748,4.6084979760807663,12.022474273955041,0,0,0,0,3
2025.acl-long.918,2025,W4412944963,A5104112547,A5076796580,4,0,0.66666666666666663,0,1,0,4.4886363697321396,2.8033603809065348,,1,0,0,1,3
2025.acl-long.92,2025,W4412886763,A5100448036,A5107589389,5,0,1,0,1,0,7.4061033812370152,3.9815490680767569,,0,0,0,0,3
2025.acl-long.920,2025,W4412945006,A5044357807,A5102065469,3,0,1,0,1,0,5.5872486584002496,3.7054087560651463,,0,0,0,0,3
2025.acl-long.924,2025,W4412944990,A5100726819,A5011504177,8,0,1,0,1,0,7.3639135014058192,4.0604430105464191,,0,0,0,0,3
2025.acl-long.926,2025,W4412944926,A5117428676,A5024343415,9,0,1,0,1,0,8.5508213723962214,4.6686664975472185,,0,0,0,0,3
2025.acl-long.927,2025,W4412944971,A5113394864,A5004305684,15,0,0.9375,0,1,0,4.8441870864585912,1.2039728043259359,,1,0,0,1,3
2025.acl-long.928,2025,W4412945020,A5018136443,A5072181882,7,0,0.875,0,1,0,6.7945865808764987,3.479039868426089,,0,0,0,0,3
2025.acl-long.929,2025,W4412944881,A5083649914,A5034419551,3,1,1,1,1,1,6.3885614055456301,3.3202283191284883,12.79170699586415,0,0,0,0,3
2025.acl-long.931,2025,W4412944911,A5005981740,A5048424819,8,0,1,0,1,0,6.3681871863504922,2.8183982582710758,,0,0,0,0,3
2025.acl-long.933,2025,W4412944828,A5110972941,A5017671620,11,0,0.7857142857142857,0,1,0,8.0090306850697299,3.588556732486067,,0,0,0,0,3
2025.acl-long.937,2025,W4412944874,A5016187230,A5032690182,9,0,1,0,1,0,8.7337551313648927,4.8709474230518222,,0,0,0,0,3
2025.acl-long.938,2025,W4412944994,A5019559411,A5019559411,1,1,0.5,1,1,1,5.6489742381612063,3.784189633918261,10.58423315037833,1,0,0,1,3
2025.acl-long.94,2025,W4412886742,A5111183130,A5083735830,8,0,1,0,1,0,7.4656553101340561,3.5409593240373143,,0,0,0,0,3
2025.acl-long.940,2025,W4412944969,A5006690717,A5100351304,4,0,0.80000000000000004,0,1,0,6.6618547405453112,3.7784916128036232,,0,1,0,1,3
2025.acl-long.942,2025,W4412944844,A5102150613,A5016844435,5,0,0.83333333333333337,0,1,0,6.2265366692874657,3.2884018875168111,,0,0,0,0,3
2025.acl-long.943,2025,W4412944915,A5112121955,A5085254654,8,0,1,0,1,0,7.6902860206767683,3.8712010109078911,,0,0,0,0,3
2025.acl-long.944,2025,W4412944995,A5119204422,A5119204426,5,0,1,0,1,0,0,0,,0,0,0,0,3
2025.acl-long.945,2025,W4412944949,A5100374652,A5046448314,9,0,0.90000000000000002,0,1,0,8.6513743728822572,4.5747109785033828,,1,0,0,1,3
2025.acl-long.946,2025,W4412944928,A5103125014,A5103007496,5,0,1,0,1,0,5.389071729816501,2.5014359517392109,,1,0,0,1,3
2025.acl-long.947,2025,W4412944907,A5115653631,A5076279043,4,0,1,0,1,0,4.8751973232011512,2.2512917986064958,,0,0,0,0,3
2025.acl-long.948,2025,W4412944941,A5032492419,A5065291780,4,0,1,0,1,0,6.2205901700997392,3.6826098411003407,,0,0,0,0,3
2025.acl-long.95,2025,W4412886781,A5100758348,A5048682514,2,0,1,0,1,0,7.7523351633022921,4.2972854062187906,,1,0,0,1,3
2025.acl-long.950,2025,W4412944827,A5059097691,A5119204346,10,0,1,0,1,0,6.2897155709089976,1.9740810260220096,,0,1,0,1,3
2025.acl-long.951,2025,W4412944891,A5102620465,A5100442321,7,0,1,0,1,0,6.9107507879619359,3.5953533961031128,,1,0,0,1,3
2025.acl-long.952,2025,W4412944905,A5102745324,A5101514262,5,0,1,0,1,0,6.7007311095478101,3.7612001156935615,,0,0,0,0,3
2025.acl-long.954,2025,W4412945000,A5102305762,A5100642841,3,0,0.75,0,1,0,5.9939614273065693,3.5927355935610339,,0,0,0,0,3
2025.acl-long.956,2025,W4412944892,A5093726948,A5023679744,5,1,1,1,1,1,4.2046926193909657,1.8562979903656265,11.79108736403785,0,0,0,0,3
2025.acl-long.957,2025,W4412944872,A5119204390,A5077832834,6,0,1,0,1,0,4.9272536851572051,2.6741486494265287,,0,0,0,0,3
2025.acl-long.959,2025,W4412944937,A5100785185,A5053355595,3,0,1,0,1,0,7.1292975489293733,3.9053340172773492,,0,0,0,0,3
2025.acl-long.960,2025,W4412944839,A5084046764,A5101948634,6,0,0.8571428571428571,0,1,0,8.247743887225516,4.3329239216661497,,1,0,0,1,3
2025.acl-long.961,2025,W4412944958,A5100370161,A5059859009,4,1,1,1,1,1,8.1542126949142286,4.6395716127054234,13.305914178368001,0,0,0,0,3
2025.acl-long.962,2025,W4412944879,A5069610865,A5092513269,5,0,1,0,1,0,5.0172798368149243,2.174751721484161,,0,0,0,0,3
2025.acl-long.967,2025,W4412944873,A5108048512,A5036840192,4,0,0.80000000000000004,0,1,0,7.8935720735049024,4.5900565481780431,,1,0,0,1,3
2025.acl-long.968,2025,W4412945017,A5025225656,A5018976680,8,0,1,0,1,0,6.7286286130847017,3.4380113547848721,,0,0,0,0,3
2025.acl-long.971,2025,W4412945022,A5119204432,A5005820786,7,0,0.69999999999999996,0,1,0,7.4955419438842563,2.9444389791664403,,0,0,1,1,3
2025.acl-long.972,2025,W4412944973,A5062529453,A5101698034,6,0,1,0,1,0,7.4295208427864621,4.2316881237329778,,0,1,0,1,3
2025.acl-long.973,2025,W4412944997,A5113791726,A5044005697,5,1,1,1,1,1,8.1936766659552411,3.9080149840306073,9.2650179332668792,0,0,0,0,3
2025.acl-long.974,2025,W4412944951,A5007092597,A5090774290,4,0,0.80000000000000004,0,1,0,8.503499864284235,3.7727609380946383,,0,0,0,0,3
2025.acl-long.975,2025,W4412944961,A5063106324,A5102820325,4,0,1,0,1,0,6.9147308927185627,3.7013019741124928,,0,0,0,0,3
2025.acl-long.979,2025,W4412944882,A5021305048,A5016704219,7,0,1,0,1,0,6.8824374709978473,3.3011139231051727,,0,0,0,0,3
2025.acl-long.980,2025,W4412945010,A5033713057,A5016115107,2,0,1,0,1,0,6.1398845522262553,2.19722457733622,,0,0,0,0,3
2025.acl-long.982,2025,W4412944883,A5058732371,A5100423703,9,0,1,0,1,0,7.6902860206767683,3.6258213181467993,,1,0,0,1,3
2025.acl-long.983,2025,W4412944956,A5099137210,A5100626780,20,0,1,0,1,0,7.2477925817678459,3.226843994517377,,1,0,0,1,3
2025.acl-long.984,2025,W4412944888,A5072802537,A5036567696,2,0,1,0,1,0,3.737669618283368,3.1986731175506811,,0,0,0,0,3
2025.acl-long.985,2025,W4412944962,A5071306466,A5088832285,6,0,1,0,1,0,6.261491684321042,3.7216692769369271,,0,0,0,0,3
2025.acl-long.986,2025,W4412944902,A5113394951,A5100626780,15,0,1,0,1,0,8.5141886823959378,3.8300896226654602,,0,0,0,0,3
2025.acl-long.989,2025,W4412944886,A5071986193,A5037536747,6,0,0.8571428571428571,0,1,0,5.6869753563398202,3.0602707946915619,,0,1,0,1,3
2025.acl-long.99,2025,W4412886749,A5093895831,A5000156837,3,0,1,0,1,0,6.8057225534169854,2.9618307218783091,,0,1,0,1,3
2025.acl-long.990,2025,W4412944987,A5090519403,A5013670321,9,0,1,0,1,0,7.5750716995075607,3.8164905787065821,,0,0,0,0,3
2025.acl-long.992,2025,W4412944840,A5011794894,A5101307306,3,1,1,1,1,1,6.8490662826334576,3.9252682321781664,12.932178183097523,0,1,0,1,3
2025.acl-long.993,2025,W4412944880,A5101200687,A5028997621,3,0,1,0,1,0,6.4297194780391376,3.3322045101752038,,1,0,0,1,3
2025.acl-long.994,2025,W4412945004,A5082542983,A5108652283,8,0,1,0,1,0,6.7878449823095792,3.323235840192444,,0,0,0,0,3
2025.acl-long.995,2025,W4412944871,A5064060066,A5051534896,9,0,0.90000000000000002,0,1,0,6.7250336421668431,3.5866006049935182,,0,0,0,0,3
2025.acl-long.997,2025,W4412944867,A5108124525,A5109934165,7,0,1,0,1,0,7.6948480723846098,4.1566484455582557,,0,0,0,0,3
2025.acl-long.999,2025,W4412944944,A5009530693,A5015128745,6,1,1,1,1,1,7.4899708988348008,3.737669618283368,12.382648561028049,0,0,0,0,3
2025.emnlp-main.1,2025,W4416037267,A5036267079,A5027450194,3,1,1,1,1,1,7.2520539518528144,4.3944491546724391,8.258422462458876,0,0,0,0,3
2025.emnlp-main.100,2025,W4416037089,A5102981462,A5100362457,4,0,1,0,1,0,6.9716686047257896,3.617651944825568,,1,0,0,1,3
2025.emnlp-main.1002,2025,W4416036505,A5051440813,A5100380053,3,0,1,0,1,0,7.0317412587631285,3.5361166995615263,,0,0,0,0,3
2025.emnlp-main.1003,2025,W4416036490,A5100769510,A5024939674,7,1,0.77777777777777779,1,1,1,6.4150969591715956,2.7814776696570278,12.851850402191095,0,0,0,0,3
2025.emnlp-main.1004,2025,W4416036513,A5087822747,A5012794465,3,0,1,0,1,0,6.1047932324149849,4.105394398408686,,0,0,0,0,3
2025.emnlp-main.1005,2025,W4416036497,A5116269919,A5035198055,4,0,1,0,1,0,4.7273878187123408,2.7880929087757464,,0,0,0,0,3
2025.emnlp-main.1008,2025,W4416036489,A5003617960,A5090215557,5,0,1,0,1,0,8.2641057637289563,4.4520190064939165,,0,1,0,1,3
2025.emnlp-main.1009,2025,W4416036447,A5114630987,A5038144794,3,0,0.75,0,1,0,3.044522437723423,1.4663370687934272,,0,0,0,0,3
2025.emnlp-main.101,2025,W4416037059,A5100334749,A5100388599,5,1,0.83333333333333337,1,1,1,7.8931988695446087,3.9199911750773229,11.570326071701333,0,1,0,1,3
2025.emnlp-main.1010,2025,W4416036124,A5085754936,A5082830839,3,1,1,1,1,1,6.5323342922223491,3.3081069585961438,13.003741990429662,1,1,0,1,3
2025.emnlp-main.1011,2025,W4416036480,A5100585446,A5103185916,3,0,1,0,1,0,4.3438054218536841,1.791759469228055,,0,1,1,1,3
2025.emnlp-main.1014,2025,W4416036453,A5119791757,A5055741193,2,0,1,0,1,0,4.5325994931532563,2.4423470353692043,,0,1,0,1,3
2025.emnlp-main.1016,2025,W4416036471,A5101442095,A5103085805,3,0,1,0,1,0,6.9067547786485539,4.2341065045972597,,0,1,0,1,3
2025.emnlp-main.1018,2025,W4416036091,A5002100389,A5036026526,5,0,0.7142857142857143,0,1,0,7.1884127364969537,3.9318256327243257,,0,0,0,0,3
2025.emnlp-main.1020,2025,W4416036450,A5028182071,A5051566631,7,0,1,0,1,0,5.8348107370626048,2.6888188391743224,,0,0,0,0,3
2025.emnlp-main.1022,2025,W4416036461,A5042870819,A5018033573,5,0,1,0,1,0,7.111512116496157,3.8958936234982624,,1,0,0,1,3
2025.emnlp-main.1025,2025,W4416036482,A5000043237,A5015518638,10,0,1,0,1,0,9.0077344718795196,4.2541932631639972,,1,0,0,1,3
2025.emnlp-main.1026,2025,W4416036050,A5117486853,A5056639842,2,0,1,0,1,0,6.9402224691196386,3.9889840465642745,,0,0,0,0,3
2025.emnlp-main.1027,2025,W4416036520,A5060490066,A5083191585,2,1,1,1,1,1,4.8675344504555822,2.5649493574615367,12.963034647920509,0,0,0,0,3
2025.emnlp-main.1028,2025,W4416036062,A5078878706,A5101516307,6,0,0.8571428571428571,0,1,0,5.4595855141441589,2.9957322735539909,,0,0,0,0,3
2025.emnlp-main.1029,2025,W4416036094,A5099123310,A5103024385,3,0,1,0,1,0,4.5643481914678361,3.0602707946915619,,0,0,0,0,3
2025.emnlp-main.103,2025,W4416037084,A5002266393,A5005443526,4,1,0.80000000000000004,1,1,1,8.6092252768627304,4.6175927059866488,8.9869467894067636,0,0,0,0,3
2025.emnlp-main.1030,2025,W4416036462,A5067198078,A5057010207,5,2,1,1,1,1,6.2005091740426899,3.9778107459661491,13.719262838807245,0,0,0,0,3
2025.emnlp-main.1034,2025,W4416036454,A5100696059,A5075881948,4,0,1,0,1,0,6.0402547112774139,2.9831534913471307,,0,0,0,0,3
2025.emnlp-main.1035,2025,W4416036457,A5056025970,A5083735830,5,1,1,1,1,1,7.4656553101340561,3.8458832029236012,12.47542780128907,0,0,0,0,3
2025.emnlp-main.1037,2025,W4416036458,A5055596007,A5035744252,2,0,0.66666666666666663,0,1,0,6.0354814325247563,2.7408400239252009,,0,0,0,0,3
2025.emnlp-main.1038,2025,W4416036053,A5067393636,A5030248499,5,0,1,0,1,0,7.7137846165987547,4.5991521136625284,,0,0,0,0,3
2025.emnlp-main.1040,2025,W4416036470,A5004167811,A5037981788,3,0,0.75,0,1,0,7.0850642939525477,3.729701448634192,,0,0,0,0,3
2025.emnlp-main.1041,2025,W4416036479,A5037981788,A5064858748,4,1,0.80000000000000004,1,1,0,7.0850642939525477,3.6763006719070761,,0,0,0,0,3
2025.emnlp-main.1043,2025,W4416036459,A5112068964,A5089539629,4,1,1,1,1,1,6.1025585946135692,3.146305132033365,12.382648561028049,0,0,0,0,3
2025.emnlp-main.1044,2025,W4416036481,A5093887419,A5101650918,4,1,1,1,1,1,5.521460917862246,2.9957322735539909,12.627493120428465,0,0,0,0,3
2025.emnlp-main.1045,2025,W4416036135,A5031583104,A5077539496,8,0,0.88888888888888884,0,1,0,7.2605225980898522,4.26619481914876,,0,0,0,0,3
2025.emnlp-main.1046,2025,W4416036451,A5100349058,A5100404897,8,0,0.88888888888888884,0,1,0,6.5057840601282289,3.7436043538031831,,0,1,0,1,3
2025.emnlp-main.1047,2025,W4416036467,A5113402545,A5100418692,5,0,1,0,1,0,8.288534459413917,4.4188406077965983,,0,1,0,1,3
2025.emnlp-main.1048,2025,W4416036059,A5100621411,A5100779125,4,1,0.80000000000000004,1,1,1,6.0088131854425946,3.068052935133617,13.720862458936091,0,0,0,0,3
2025.emnlp-main.105,2025,W4416037081,A5013290848,A5076174513,5,0,0.83333333333333337,0,1,0,6.5482191027623724,3.5610460826040518,,1,0,0,1,3
2025.emnlp-main.1050,2025,W4416036009,A5101455740,A5109853392,7,0,0.875,0,1,0,7.9610214658833698,3.912023005428146,,0,1,0,1,3
2025.emnlp-main.1058,2025,W4416036448,A5005677589,A5001327690,4,1,1,1,1,1,4.9052747784384296,2.2772672850097559,13.720862458936091,0,0,0,0,3
2025.emnlp-main.1059,2025,W4416036455,A5100730856,A5100644428,5,2,0.83333333333333337,1,1,1,9.1756454021792955,5.0079650655403771,10.823013046920211,0,1,0,1,3
2025.emnlp-main.1061,2025,W4416036144,A5102513637,A5008056593,6,0,1,0,1,0,8.9126079636709008,4.1871262956730666,,0,1,0,1,3
2025.emnlp-main.1062,2025,W4416036143,A5101382380,A5111217720,5,0,1,0,1,0,5.6767538022682817,3.2503744919275719,,0,0,0,0,3
2025.emnlp-main.1063,2025,W4416036038,A5100409452,A5052519895,7,0,1,0,1,0,7.0867379345105768,3.6488012305465261,,0,1,0,1,3
2025.emnlp-main.1064,2025,W4416036133,A5062620740,A5019928111,5,0,1,0,1,0,6.1268691841141854,3.3603753871419002,,0,0,0,0,3
2025.emnlp-main.1066,2025,W4416036137,A5089592676,A5100437250,5,0,1,0,1,0,6.4019171967271857,2.8332133440562162,,0,0,0,0,3
2025.emnlp-main.1067,2025,W4416036113,A5101426547,A5009463311,3,0,0.59999999999999998,0,1,0,5.521460917862246,2.5902671654458267,,0,0,0,0,3
2025.emnlp-main.1068,2025,W4416036043,A5102547876,A5100413878,6,0,1,0,1,0,4.7095302013123339,1.791759469228055,,0,0,0,0,3
2025.emnlp-main.1071,2025,W4416036125,A5068910231,A5088556494,4,0,1,0,1,0,6.674561391814426,3.1023420086122493,,0,0,0,0,3
2025.emnlp-main.1072,2025,W4416036117,A5072882318,A5035232516,2,0,0.66666666666666663,0,1,0,4.3944491546724391,3.1354942159291497,,0,0,0,0,3
2025.emnlp-main.1074,2025,W4416036119,A5048781945,A5100556832,7,0,0.875,0,1,0,6.8721281013389861,3.5512580762378887,,0,0,0,0,3
2025.emnlp-main.1075,2025,W4416036138,A5073554817,A5100691224,9,0,1,0,1,0,6.8865316425305103,3.5648268054439574,,0,0,0,0,3
2025.emnlp-main.1076,2025,W4416036034,A5030862790,A5100762970,9,1,1,1,1,1,6.7202201551352951,3.5361166995615263,10.438547147147077,0,0,0,0,3
2025.emnlp-main.1077,2025,W4416036122,A5102487773,A5009408707,3,2,1,1,1,1,7.482681828154651,3.957633516680199,12.937454476320037,0,0,0,0,3
2025.emnlp-main.1078,2025,W4416036052,A5024078088,A5055357816,5,1,1,1,1,1,7.3258075025957732,3.459466289786131,11.49574878684961,0,0,0,0,3
2025.emnlp-main.108,2025,W4416037072,A5029627872,A5033058937,4,0,1,0,1,0,6.5553568918106651,3.2676659890376327,,0,1,0,1,3
2025.emnlp-main.1080,2025,W4416036040,A5020069389,A5084021933,8,0,0.88888888888888884,0,1,0,6.8987145343299883,3.0081547935525483,,0,0,0,0,3
2025.emnlp-main.1081,2025,W4416036126,A5046874580,A5046413480,6,0,1,0,1,0,7.7553388128465013,4.4716387933635691,,0,0,0,0,3
2025.emnlp-main.1082,2025,W4416036127,A5046878222,A5004426671,9,0,1,0,1,0,6.3526293963195668,3.0757749812275281,,1,0,0,1,3
2025.emnlp-main.1083,2025,W4416036107,A5100686270,A5101554099,4,0,1,0,1,0,7.6746174973643626,4.5669489731678938,,0,0,0,0,3
2025.emnlp-main.1084,2025,W4416035980,A5010270301,A5056953478,2,0,0.66666666666666663,0,1,0,7.6916568228105469,4.2484952420493594,,0,0,0,0,3
2025.emnlp-main.1085,2025,W4416036087,A5039112361,A5004737962,8,0,1,0,1,0,5.7071102647488754,2.9041650800285006,,0,1,0,1,3
2025.emnlp-main.1086,2025,W4416036102,A5113125574,A5057797588,3,1,0.75,1,1,1,6.9087547793152204,1.8458266904983307,9.2328843364110753,0,0,0,0,3
2025.emnlp-main.1087,2025,W4416036001,A5106524687,A5092595935,8,0,1,0,1,0,7.509335266016592,3.657130755799356,,0,1,0,1,3
2025.emnlp-main.1088,2025,W4416036092,A5100676208,A5111217720,3,2,1,1,1,1,4.7791234931115296,2.7080502011022101,12.563897428150964,1,0,0,1,3
2025.emnlp-main.1089,2025,W4416036121,A5008607281,A5067724204,5,0,1,0,1,0,10.021803779354171,3.044522437723423,,0,0,0,0,3
2025.emnlp-main.1090,2025,W4416036041,A5077035984,A5032046813,16,1,1,1,1,1,8.6092252768627304,4.1830038861565164,8.9869467894067636,0,0,0,0,3
2025.emnlp-main.1093,2025,W4416035993,A5120308959,A5080108539,4,0,1,0,1,0,5.0238805208462765,2.6026896854443842,,0,0,0,0,3
2025.emnlp-main.1094,2025,W4416036014,A5111006552,A5048691999,5,0,0.83333333333333337,0,1,0,6.7117403950561796,3.0726933146901194,,0,0,0,0,3
2025.emnlp-main.1095,2025,W4416035985,A5120308954,A5019539533,6,1,0.8571428571428571,1,1,1,8.3359110941969448,4.3652195163575005,12.851850402191095,0,0,0,0,3
2025.emnlp-main.1096,2025,W4416036114,A5101262140,A5040062188,5,0,1,0,1,0,6.1441856341256456,3.4078419243808238,,0,0,0,0,3
2025.emnlp-main.1097,2025,W4416036115,A5101539036,A5101538073,2,0,1,0,1,0,5.3659760150218512,2.19722457733622,,1,0,0,1,3
2025.emnlp-main.1098,2025,W4416036005,A5120308968,A5033589584,5,0,1,0,1,0,7.014814351275545,3.2657594107670511,,1,0,0,1,3
2025.emnlp-main.11,2025,W4416037174,A5074087051,A5002316432,6,0,1,0,1,0,7.2520539518528144,4.3416385737685932,,0,0,0,0,3
2025.emnlp-main.110,2025,W4416037103,A5038913434,A5100345832,8,0,0.80000000000000004,0,1,0,7.180069874302796,3.4299467949481413,,0,1,0,1,3
2025.emnlp-main.1102,2025,W4416036015,A5120308970,A5120308974,5,0,1,0,1,0,0,0,,0,0,0,0,3
2025.emnlp-main.1106,2025,W4416035997,A5120308960,A5074417982,5,0,1,0,1,0,6.2709884318582994,3.1267605359603952,,1,0,0,1,3
2025.emnlp-main.1108,2025,W4416036012,A5100352892,A5028637336,3,0,1,0,1,0,6.0844994130751724,3.1060803307228562,,0,1,0,1,3
2025.emnlp-main.1109,2025,W4416036006,A5021388351,A5101523174,2,0,0.5,0,1,0,4.5108595065168497,2.7408400239252009,,0,0,0,0,3
2025.emnlp-main.111,2025,W4416037080,A5017468434,A5055685073,9,0,1,0,1,0,7.3297496890415124,4.2096554087330951,,0,0,0,0,3
2025.emnlp-main.1110,2025,W4416036060,A5077772193,A5069919112,3,0,1,0,1,0,5.6131281063880714,2.3978952727983707,,0,0,0,0,3
2025.emnlp-main.1111,2025,W4416036054,A5047638132,A5100658894,6,0,1,0,1,0,6.7310181004820828,3.0834378539730967,,0,0,0,0,3
2025.emnlp-main.1112,2025,W4416036074,A5069315940,A5100689117,2,0,0.66666666666666663,0,1,0,8.5767819828278942,4.4942386252808095,,0,0,0,0,3
2025.emnlp-main.1114,2025,W4416036076,A5110376155,A5056521090,4,0,0.80000000000000004,0,1,0,5.8777357817796387,2.8183982582710758,,0,0,0,0,3
2025.emnlp-main.1115,2025,W4416035996,A5100419965,A5012773300,12,0,1,0,1,0,8.2206721702972523,4.1095068099617782,,0,1,0,1,3
2025.emnlp-main.1116,2025,W4416036075,A5102382477,A5115591382,5,0,1,0,1,0,5.1179938124167554,2.2617630984737902,,0,0,0,0,3
2025.emnlp-main.1118,2025,W4416036007,A5102527987,A5072435194,2,0,0.66666666666666663,0,1,0,2.3025850929940459,1.0986122886681098,,0,0,0,0,3
2025.emnlp-main.112,2025,W4416037088,A5120391255,A5072191151,6,0,1,0,1,0,7.0273145140397766,3.3440389678222067,,0,1,0,1,3
2025.emnlp-main.1120,2025,W4416035848,A5116364338,A5092513269,6,0,1,0,1,0,3.8712010109078911,1.3437347467010947,,0,0,0,0,3
2025.emnlp-main.1123,2025,W4416036066,A5103309581,A5081165986,2,1,1,1,1,1,6.4907235345025072,3.6109179126442239,10.662843733206408,0,0,0,0,3
2025.emnlp-main.1127,2025,W4416035796,A5033306317,A5026719663,7,0,1,0,1,0,7.0166096838942194,3.5874793396722069,,0,0,0,0,3
2025.emnlp-main.1128,2025,W4416035833,A5100630521,A5079222154,5,0,0.7142857142857143,0,1,0,6.6066501861982152,3.3250360206965914,,0,0,0,0,3
2025.emnlp-main.1129,2025,W4416035851,A5028275694,A5113720333,3,0,1,0,1,0,6.7487595474916793,3.2321210516182211,,1,0,0,1,3
2025.emnlp-main.113,2025,W4416037094,A5119831994,A5033058937,3,0,1,0,1,0,6.1333980429966486,2.7300291078209851,,0,0,0,0,3
2025.emnlp-main.1132,2025,W4416035832,A5069474320,A5036737229,7,0,1,0,1,0,5.8916442118257724,3.2525868822105126,,0,0,0,0,3
2025.emnlp-main.1136,2025,W4416035840,A5109044474,A5003244142,5,1,1,1,1,1,5.7071102647488754,2.9338568698359042,13.155281579083177,0,0,0,0,3
2025.emnlp-main.114,2025,W4416036922,A5114602051,A5088231635,6,0,1,0,1,0,3.4657359027997265,1.8718021769015916,,0,0,0,0,3
2025.emnlp-main.1141,2025,W4416035846,A5100436809,A5087486098,13,0,0.9285714285714286,0,1,0,6.6833609457662746,3.3183730310267423,,0,0,0,0,3
2025.emnlp-main.1142,2025,W4416035802,A5077866696,A5067943980,4,0,0.66666666666666663,0,1,0,6.3835066348840055,3.188416617383492,,0,0,0,0,3
2025.emnlp-main.1144,2025,W4416035775,A5102755689,A5004194238,7,0,1,0,1,0,7.8632667240095726,4.6108682071027287,,0,0,0,0,3
2025.emnlp-main.1148,2025,W4416035836,A5090950630,A5120308925,3,1,1,1,1,1,4.0775374439057197,1.8458266904983307,8.3663703016816537,1,1,0,1,3
2025.emnlp-main.1149,2025,W4416035849,A5103791527,A5018138946,4,0,1,0,1,0,6.2576675878826391,3.6441435602725449,,0,0,0,0,3
2025.emnlp-main.115,2025,W4416036936,A5076059022,A5056937548,4,0,1,0,1,0,8.2141944148525639,4.3006809952199294,,0,0,0,0,3
2025.emnlp-main.1153,2025,W4416035831,A5011681417,A5087099593,6,0,1,0,1,0,6.5482191027623724,3.5457786104732629,,0,0,0,0,3
2025.emnlp-main.1154,2025,W4416035834,A5002567902,A5058189738,7,0,1,0,1,0,7.2086003379601991,2.9061201148643039,,0,0,0,0,3
2025.emnlp-main.1155,2025,W4416035763,A5120056459,A5001070941,4,0,1,0,1,0,7.0343879299155034,3.8066624897703201,,0,0,0,0,3
2025.emnlp-main.1157,2025,W4416035852,A5100761346,A5118458994,7,0,0.77777777777777779,0,1,0,6.2672005485413624,3.2798365246578882,,0,0,0,0,3
2025.emnlp-main.1159,2025,W4416035847,A5055844022,A5067301751,4,1,1,1,1,1,4.7361984483944957,2.5839975524322312,10.058180942212608,0,0,0,0,3
2025.emnlp-main.1161,2025,W4416035821,A5101366865,A5102865824,8,0,1,0,1,0,6.7417006946520548,3.934273614362966,,0,0,0,0,3
2025.emnlp-main.1163,2025,W4416035841,A5095765187,A5006658157,2,0,1,0,1,0,1.6094379124341005,1.3862943611198906,,0,1,0,1,3
2025.emnlp-main.1165,2025,W4416035791,A5107823380,A5004111307,2,0,1,0,1,0,6.7844570626376433,4.2835865618606288,,0,0,0,0,3
2025.emnlp-main.1166,2025,W4416035764,A5108662370,A5062308190,3,0,0.5,0,1,0,6.8741984954532942,3.1498829533812494,,0,0,0,0,3
2025.emnlp-main.1167,2025,W4416035809,A5101714293,A5040552310,5,0,0.7142857142857143,0,1,0,5.6869753563398202,2.8213788864092133,,0,0,0,0,3
2025.emnlp-main.1169,2025,W4416035830,A5120308921,A5010806171,3,0,1,0,1,0,3.044522437723423,1.8971199848858813,,0,0,0,0,3
2025.emnlp-main.1173,2025,W4416035762,A5101245892,A5039829612,4,0,0.5714285714285714,0,1,0,6.2785214241658442,3.0796137575346929,,0,0,0,0,3
2025.emnlp-main.1174,2025,W4416035810,A5114353463,A5114847529,10,2,1,1,1,1,5.9914645471079817,2.2300144001592104,10.63106031411106,0,0,0,0,3
2025.emnlp-main.1179,2025,W4416035774,A5120308905,A5109616724,6,0,0.8571428571428571,0,1,0,7.3790081276283042,3.9858928539946015,,0,1,0,1,3
2025.emnlp-main.118,2025,W4416037068,A5008923192,A5019715118,4,1,1,1,1,1,5.9661467391236922,3.2865344733420154,9.4623434519709448,0,0,0,0,3
2025.emnlp-main.1180,2025,W4416035804,A5013932562,A5100761265,6,1,1,1,1,1,7.0228680860826413,2.6390573296152584,13.383134065110276,0,0,0,0,3
2025.emnlp-main.1185,2025,W4416035783,A5101525724,A5101797423,6,0,1,0,1,0,6.0776422433490342,3.0834378539730967,,1,0,0,1,3
2025.emnlp-main.1186,2025,W4416035788,A5106627817,A5081458459,2,0,0.66666666666666663,0,1,0,6.0112671744041615,3.3322045101752038,,0,1,0,1,3
2025.emnlp-main.1187,2025,W4416035759,A5100394022,A5065859286,5,0,1,0,1,0,8.1699026473591445,4.5643481914678361,,1,0,0,1,3
2025.emnlp-main.1188,2025,W4416035819,A5058548942,A5059859009,2,1,1,1,1,1,5.1929568508902104,3.5553480614894131,12.382648561028049,0,0,0,0,3
2025.emnlp-main.1189,2025,W4416035808,A5086390492,A5045037642,5,0,1,0,1,0,5.6347896031692493,2.8564702062204832,,0,0,0,0,3
2025.emnlp-main.1197,2025,W4416035760,A5041898048,A5109497589,3,0,1,0,1,0,5.8944028342648505,2.5389738710582761,,0,0,0,0,3
2025.emnlp-main.1198,2025,W4416035757,A5068630896,A5085818578,3,2,1,1,1,1,7.2320103316647586,3.5835189384561099,11.782181312449406,0,1,0,1,3
2025.emnlp-main.120,2025,W4416037079,A5023740578,A5005513786,3,0,1,0,1,0,5.8260001073804499,3.5927355935610339,,0,0,0,0,3
2025.emnlp-main.1200,2025,W4416035816,A5047429635,A5071842569,2,1,1,1,1,1,6.0822189103764464,3.2580965380214821,13.139900695726451,0,0,0,0,3
2025.emnlp-main.1201,2025,W4416035800,A5101442095,A5103085805,2,0,1,0,1,0,6.6174029779744776,4.1190371748124726,,0,0,0,0,3
2025.emnlp-main.1203,2025,W4416035761,A5100659571,A5112456750,6,0,0.8571428571428571,0,1,0,5.9532433342877846,2.5649493574615367,,0,0,0,0,3
2025.emnlp-main.1204,2025,W4416035823,A5033670187,A5063916686,4,0,1,0,1,0,5.7557422135869123,3.044522437723423,,0,0,0,0,3
2025.emnlp-main.1205,2025,W4416035773,A5111270959,A5024437840,3,0,1,0,1,0,8.0258433441509034,4.2484952420493594,,0,0,0,0,3
2025.emnlp-main.1206,2025,W4416035797,A5018156263,A5028758097,3,0,1,0,1,0,6.261491684321042,4.2766661190160553,,0,0,0,0,3
2025.emnlp-main.1209,2025,W4416035803,A5061124954,A5010961909,7,0,1,0,1,0,7.2723983925700466,3.9233867640784612,,0,0,0,0,3
2025.emnlp-main.121,2025,W4416037075,A5012543728,A5015173810,8,0,0.88888888888888884,0,1,0,7.8071032901259798,3.8607297110405954,,0,1,0,1,3
2025.emnlp-main.1211,2025,W4416035786,A5100833839,A5100345915,8,0,0.88888888888888884,0,1,0,7.0715733642115319,3.634291263829533,,0,0,0,0,3
2025.emnlp-main.1212,2025,W4416035806,A5002939363,A5083592532,4,0,1,0,1,0,3.9889840465642745,2.3978952727983707,,0,0,0,0,3
2025.emnlp-main.1214,2025,W4416035758,A5099031453,A5026283704,4,0,0.80000000000000004,0,1,0,7.5574729016147462,3.5336865647082343,,0,0,0,0,3
2025.emnlp-main.1215,2025,W4416035814,A5071561232,A5070594684,5,0,1,0,1,0,5.2149357576089859,3.1000922888782338,,1,0,0,1,3
2025.emnlp-main.1218,2025,W4416035732,A5107921323,A5075702553,4,0,0.80000000000000004,0,1,0,6.3526293963195668,2.6741486494265287,,0,0,0,0,3
2025.emnlp-main.1219,2025,W4416035784,A5074747422,A5073435985,15,0,1,0,1,0,6.7238324408212087,1.5546296759391054,,0,1,0,1,3
2025.emnlp-main.122,2025,W4416037114,A5043246682,A5103159534,6,0,1,0,1,0,7.3152183897529746,2.6855773452501515,,0,0,0,0,3
2025.emnlp-main.1220,2025,W4416035777,A5058148831,A5035293475,5,1,1,1,1,1,6.9275579062783166,3.5553480614894131,13.000898321423149,1,0,0,1,3
2025.emnlp-main.1221,2025,W4416035772,A5043402333,A5035399743,3,0,1,0,1,0,6.2728770065461674,3.6109179126442239,,0,0,0,0,3
2025.emnlp-main.1222,2025,W4416035737,A5112433056,A5101538675,6,0,1,0,1,0,6.7007311095478101,3.7879703567581671,,1,1,0,1,3
2025.emnlp-main.1226,2025,W4416035712,A5038724590,A5103213198,4,0,1,0,1,0,6.0185932144962342,3.4339872044851463,,1,0,0,1,3
2025.emnlp-main.1228,2025,W4416035605,A5100638703,A5101756071,2,0,1,0,1,0,7.0246490304536362,3.8501476017100575,,0,0,0,0,3
2025.emnlp-main.1229,2025,W4416035584,A5061364578,A5100459588,13,0,0.9285714285714286,0,1,0,6.2878585601617845,2.791636917210476,,1,0,0,1,3
2025.emnlp-main.123,2025,W4416037062,A5069691915,A5032957280,11,0,1,0,1,0,7.0492548412558369,3.2580965380214821,,0,1,0,1,3
2025.emnlp-main.1231,2025,W4416035713,A5094087135,A5055914149,7,0,1,0,1,0,6.2785214241658442,2.9061201148643039,,1,0,0,1,3
2025.emnlp-main.1232,2025,W4416035592,A5114534559,A5068811427,4,1,1,1,1,1,8.8360831909922108,4.1391585780118936,12.382648561028049,0,0,0,0,3
2025.emnlp-main.1235,2025,W4416035585,A5102790462,A5002423453,5,0,1,0,1,0,6.300785794663244,2.7972813348301528,,1,0,0,1,3
2025.emnlp-main.1236,2025,W4416035729,A5120308900,A5070302452,3,0,1,0,1,0,6.9037472575845982,3.9318256327243257,,0,0,0,0,3
2025.emnlp-main.1238,2025,W4416035750,A5061048427,A5017461997,5,0,1,0,1,0,4.2046926193909657,1.6094379124341005,,0,0,0,0,3
2025.emnlp-main.1239,2025,W4416035560,A5026855190,A5050914099,5,0,1,0,1,0,5.7960577507653719,3.1612467120315646,,0,0,0,0,3
2025.emnlp-main.1241,2025,W4416035693,A5120308886,A5120308892,7,0,0.875,0,1,0,0,0,,1,0,0,1,3
2025.emnlp-main.1242,2025,W4416035728,A5043349619,A5023846029,11,0,0.91666666666666663,0,1,0,6.9087547793152204,3.471401640335404,,0,1,0,1,3
2025.emnlp-main.1245,2025,W4416035717,A5100662273,A5101617598,9,0,1,0,1,0,7.1276936993473994,3.3518515075590005,,0,0,0,0,3
2025.emnlp-main.1246,2025,W4416035576,A5100452308,A5032690182,2,0,0.5,0,1,0,8.3373485644971748,5.4889377261566867,,0,0,0,0,3
2025.emnlp-main.1248,2025,W4416035752,A5112119688,A5089404640,10,0,0.90909090909090917,0,1,0,8.7829363563492642,4.138361447638875,,0,0,0,0,3
2025.emnlp-main.125,2025,W4416036933,A5030341301,A5063960231,5,0,1,0,1,0,7.8422787791173523,4.2282925347318399,,0,0,0,0,3
2025.emnlp-main.1252,2025,W4416035736,A5084400126,A5091219117,5,0,1,0,1,0,7.8489337263640708,3.4011973816621555,,0,0,0,0,3
2025.emnlp-main.1253,2025,W4416035586,A5053151228,A5062492638,2,0,0.66666666666666663,0,1,0,7.0039741367226798,3.7013019741124928,,0,1,0,1,3
2025.emnlp-main.1254,2025,W4416035706,A5116847271,A5071172037,5,0,1,0,1,0,6.3767269478986268,3.202746442938317,,0,1,0,1,3
2025.emnlp-main.1256,2025,W4416035671,A5033228519,A5023355608,2,0,0.66666666666666663,0,1,0,4.836281906951478,2.0794415416798362,,0,0,0,0,3
2025.emnlp-main.126,2025,W4416037120,A5012084359,A5010028928,5,2,1,1,1,1,6.9067547786485539,3.7565381025877511,12.937454476320037,0,1,0,1,3
2025.emnlp-main.1260,2025,W4416035697,A5080937886,A5102861481,2,0,0.66666666666666663,0,1,0,6.7569323892475532,4.6821312271242199,,0,0,0,0,3
2025.emnlp-main.1261,2025,W4416035669,A5120308881,A5120308882,5,0,0.7142857142857143,0,1,0,2.9957322735539909,1.4350845252893227,,0,0,0,0,3
2025.emnlp-main.1263,2025,W4416035735,A5044451411,A5020178272,8,0,1,0,1,0,5.9661467391236922,3.2337644373619514,,0,1,0,1,3
2025.emnlp-main.1264,2025,W4416035727,A5017109645,A5081398601,4,0,1,0,1,0,7.1585139973293206,3.7436043538031831,,0,0,0,0,3
2025.emnlp-main.1267,2025,W4416035704,A5100343513,A5019458385,7,0,1,0,1,0,7.8131872675214158,4.6768261748945266,,0,0,0,0,3
2025.emnlp-main.1269,2025,W4416035700,A5062649893,A5067710427,4,0,0.66666666666666663,0,1,0,5.0751738152338266,2.5649493574615367,,0,0,0,0,3
2025.emnlp-main.127,2025,W4416037223,A5084996762,A5040428208,5,0,1,0,1,0,4.4659081186545837,2.653241964607215,,0,0,0,0,3
2025.emnlp-main.1271,2025,W4416035643,A5114414242,A5039468724,3,0,1,0,1,0,7.2793188354146201,3.970291913552122,,0,0,0,0,3
2025.emnlp-main.1274,2025,W4416035666,A5008589669,A5063813962,5,0,1,0,1,0,5.6524891802686508,3.0540011816779669,,0,0,0,0,3
2025.emnlp-main.1277,2025,W4416035689,A5119938798,A5009626152,5,0,1,0,1,0,3.4657359027997265,1.5260563034950492,,0,0,0,0,3
2025.emnlp-main.1281,2025,W4416035632,A5074462421,A5020277024,3,0,1,0,1,0,4.7095302013123339,3.0757749812275281,,0,0,0,0,3
2025.emnlp-main.1283,2025,W4416035656,A5088122258,A5025559955,6,0,1,0,1,0,6.7867169506050811,3.4760986898352728,,0,0,0,0,3
2025.emnlp-main.1284,2025,W4416035672,A5058548942,A5059859009,2,1,1,1,1,1,5.1929568508902104,3.5553480614894131,12.382648561028049,0,1,0,1,3
2025.emnlp-main.1285,2025,W4416035549,A5120308848,A5120308850,3,0,1,0,1,0,0,0,,0,0,0,0,3
2025.emnlp-main.1286,2025,W4416035630,A5093272004,A5067943980,4,0,1,0,1,0,6.3835066348840055,3.3050535211092531,,0,0,0,0,3
2025.emnlp-main.1288,2025,W4416035653,A5084018235,A5018518655,9,0,1,0,1,0,8.6092252768627304,4.1760952122407931,,0,0,0,0,3
2025.emnlp-main.1289,2025,W4416035538,A5102836391,A5011077730,4,0,1,0,1,0,6.4232469635335194,3.2088254890146994,,0,0,0,0,3
2025.emnlp-main.1292,2025,W4416035661,A5022594245,A5073592405,5,0,0.83333333333333337,0,1,0,5.7493929859082531,2.8903717578961645,,0,0,0,0,3
2025.emnlp-main.1294,2025,W4416035673,A5100609351,A5063813962,3,0,1,0,1,0,5.7462031905401529,3.784189633918261,,0,0,0,0,3
2025.emnlp-main.1295,2025,W4416035670,A5093471806,A5011336242,2,1,1,1,1,1,5.6559918108198524,3.1986731175506811,9.0134735437401918,0,0,0,0,3
2025.emnlp-main.1298,2025,W4416035674,A5069237763,A5019030424,3,0,1,0,1,0,7.0724219005373712,2.6625878270254528,,0,0,0,0,3
2025.emnlp-main.1300,2025,W4416035652,A5056799238,A5079024093,5,2,1,1,1,1,5.6419070709381138,2.1517622032594619,12.937454476320037,0,0,0,0,3
2025.emnlp-main.1301,2025,W4416035631,A5109565051,A5043262011,2,0,0.66666666666666663,0,1,0,6.739336627357174,4.1588830833596724,,0,0,0,0,3
2025.emnlp-main.1305,2025,W4416035647,A5113067635,A5100608517,5,0,0.625,0,1,0,6.1268691841141854,3.1527360223636558,,0,0,0,0,3
2025.emnlp-main.1306,2025,W4416035509,A5073820927,A5040302174,4,1,1,1,1,1,7.4436636831155907,3.2580965380214821,9.5303928244584135,1,0,0,1,3
2025.emnlp-main.1308,2025,W4416035525,A5108943847,A5100393157,5,1,1,1,1,1,5.6733232671714928,2.5014359517392109,12.216126931375872,0,0,0,0,3
2025.emnlp-main.1309,2025,W4416035596,A5057602811,A5025085845,4,0,1,0,1,0,4.8520302639196169,2.9831534913471307,,0,0,0,0,3
2025.emnlp-main.131,2025,W4416037052,A5113145193,A5110616429,4,0,0.80000000000000004,0,1,0,6.6908422774185636,2.9311937524164202,,0,0,0,0,3
2025.emnlp-main.1310,2025,W4416035639,A5120265941,A5013354989,3,0,1,0,1,0,2.4849066497880004,1.8458266904983307,,0,0,0,0,3
2025.emnlp-main.1312,2025,W4416035623,A5111213548,A5100733249,3,0,1,0,1,0,5.7071102647488754,2.9087208965643612,,0,0,0,0,3
2025.emnlp-main.1313,2025,W4416035644,A5113228225,A5113946000,6,0,1,0,1,0,5.9964520886190211,3.6064032322896979,,0,0,0,0,3
2025.emnlp-main.1315,2025,W4416035611,A5049120341,A5012141433,3,0,1,0,1,0,4.8441870864585912,3.1918471524802814,,0,0,0,0,3
2025.emnlp-main.1317,2025,W4416035610,A5070721407,A5120308868,10,0,0.90909090909090917,0,1,0,7.4442486494967053,3.5835189384561099,,0,0,0,0,3
2025.emnlp-main.1318,2025,W4416035609,A5043927818,A5027960451,3,1,0.75,1,1,1,6.4248690239053881,2.0794415416798362,12.007950920902111,0,0,0,0,3
2025.emnlp-main.1320,2025,W4416035646,A5043456017,A5101729720,6,0,1,0,1,0,8.1356399033543862,3.7917368395536442,,0,0,0,0,3
2025.emnlp-main.1321,2025,W4416035617,A5049902818,A5003859694,4,2,1,1,1,1,4.5747109785033828,2.9311937524164202,12.67309057199803,0,0,0,0,3
2025.emnlp-main.1322,2025,W4416035524,A5100693499,A5100602079,8,0,1,0,1,0,6.3647507568519108,2.976804263668472,,0,1,0,1,3
2025.emnlp-main.1324,2025,W4416035604,A5103975351,A5101881857,5,0,0.83333333333333337,0,1,0,6.1268691841141854,3.044522437723423,,0,0,0,0,3
2025.emnlp-main.1326,2025,W4416035625,A5067790912,A5086032589,3,0,1,0,1,0,7.020190708311925,3.864232341591797,,0,1,0,1,3
2025.emnlp-main.1329,2025,W4416035512,A5114414544,A5100442321,9,0,1,0,1,0,6.9107507879619359,3.6664065982618776,,0,1,0,1,3
2025.emnlp-main.133,2025,W4416036929,A5100350525,A5035142405,3,0,1,0,1,0,6.6012301187288767,3.7917368395536442,,0,0,0,0,3
2025.emnlp-main.1335,2025,W4416035580,A5120308861,A5120308864,4,0,1,0,1,0,0,0,,1,1,0,1,3
2025.emnlp-main.1337,2025,W4416035734,A5036739449,A5047699502,4,0,1,0,1,0,5.7960577507653719,3.2484346271097451,,1,0,0,1,3
2025.emnlp-main.1338,2025,W4416035602,A5016104023,A5102172482,6,0,1,0,1,0,5.598421958998375,3.0757749812275281,,0,0,0,0,3
2025.emnlp-main.134,2025,W4416037049,A5100428120,A5045037642,3,2,1,1,1,1,7.6123368371677458,3.8918202981106265,13.338279272021955,0,0,0,0,3
2025.emnlp-main.1340,2025,W4416035561,A5119753610,A5100438346,3,0,0.75,0,1,0,6.7178046950236912,3.5927355935610339,,1,0,0,1,3
2025.emnlp-main.1341,2025,W4416035566,A5052202508,A5100645712,8,0,1,0,1,0,7.9423622376743346,3.5660053559634011,,1,0,0,1,3
2025.emnlp-main.1344,2025,W4416035501,A5100355573,A5100767600,11,0,1,0,1,0,7.5532866056004186,3.8384743174053337,,1,0,0,1,3
2025.emnlp-main.1345,2025,W4416035733,A5035580019,A5008710152,3,0,1,0,1,0,5.3327187932653688,2.8716796248840124,,0,0,0,0,3
2025.emnlp-main.1347,2025,W4416035563,A5029565980,A5100605344,5,0,1,0,1,0,6.9157234486313142,3.3463891451671604,,0,1,0,1,3
2025.emnlp-main.1351,2025,W4416035708,A5020779586,A5026719663,7,0,1,0,1,0,7.0166096838942194,3.7906621484238792,,0,0,0,0,3
2025.emnlp-main.1352,2025,W4416035535,A5120305470,A5001927789,2,1,1,1,1,1,2.3978952727983707,1.791759469228055,12.443016532650754,0,0,0,0,3
2025.emnlp-main.1353,2025,W4416035470,A5094018570,A5008998801,6,0,1,0,1,0,4.9836066217083363,2.5520459526256287,,1,0,0,1,3
2025.emnlp-main.1354,2025,W4416035559,A5026274355,A5021211836,2,1,1,1,1,1,5.8260001073804499,3.417726683613366,11.189906328228762,0,0,0,0,3
2025.emnlp-main.1357,2025,W4416035575,A5105217290,A5074826995,8,0,0.88888888888888884,0,1,0,7.3125534981025977,3.9631912920025454,,1,0,0,1,3
2025.emnlp-main.136,2025,W4416037063,A5001852439,A5056318061,4,0,1,0,1,0,6.5624440936937196,3.6309854756950335,,0,1,0,1,3
2025.emnlp-main.1360,2025,W4416035743,A5114618346,A5054952724,5,1,1,1,1,1,6.9527286446248686,3.202746442938317,12.176051486418164,0,0,0,0,3
2025.emnlp-main.1362,2025,W4416035529,A5077075399,A5090364356,7,0,1,0,1,0,5.7037824746562009,2.4361164856185682,,0,0,0,0,3
2025.emnlp-main.1364,2025,W4416035747,A5048725706,A5046895021,4,0,1,0,1,0,6.2952660014396464,3.8394523125933104,,0,0,0,0,3
2025.emnlp-main.1365,2025,W4416035475,A5026563826,A5075734012,7,0,1,0,1,0,5.598421958998375,2.9519296508955981,,0,0,0,0,3
2025.emnlp-main.1366,2025,W4416035741,A5108893565,A5088834359,12,0,1,0,1,0,8.3104149941882923,4.5807067138097173,,0,0,0,0,3
2025.emnlp-main.1367,2025,W4416035531,A5080723103,A5101468579,7,0,1,0,1,0,7.0732697174597101,4.0329756158458085,,0,0,0,0,3
2025.emnlp-main.1368,2025,W4416035452,A5061906200,A5047336564,5,4,1,1,1,1,5.3565862746720123,3.427514689979529,12.685447849072895,0,0,0,0,3
2025.emnlp-main.1369,2025,W4416035478,A5109855717,A5065621211,2,0,1,0,1,0,3.970291913552122,2.4423470353692043,,0,0,0,0,3
2025.emnlp-main.137,2025,W4416036916,A5068357345,A5004717608,8,0,1,0,1,0,6.1224928095143865,3.218875824868201,,0,0,0,0,3
2025.emnlp-main.1371,2025,W4416035742,A5080089881,A5065423554,4,1,1,1,1,1,6.2878585601617845,3.4094961844768505,12.70898201829919,0,0,0,0,3
2025.emnlp-main.1372,2025,W4416035739,A5100353051,A5101724957,6,1,0.8571428571428571,1,1,1,7.1236727852046071,3.8140425970679424,13.111912961529487,0,1,0,1,3
2025.emnlp-main.1373,2025,W4416035439,A5058764230,A5073503574,3,0,1,0,1,0,6.5308776277258849,4.3307333402863311,,0,1,0,1,3
2025.emnlp-main.1374,2025,W4416035546,A5101206186,A5101983312,6,0,0.8571428571428571,0,1,0,8.7864566783440008,4.2812850648723497,,0,0,0,0,3
2025.emnlp-main.1375,2025,W4416035749,A5000399604,A5032877157,5,0,1,0,1,0,4.1896547420264252,2.3025850929940459,,0,0,0,0,3
2025.emnlp-main.1376,2025,W4416035740,A5006975240,A5100440903,8,0,0.88888888888888884,0,1,0,8.7821694263323806,4.3820266346738812,,0,0,0,0,3
2025.emnlp-main.1377,2025,W4416035543,A5115505775,A5066756066,4,0,1,0,1,0,5.7104270173748697,3.2580965380214821,,1,1,0,1,3
2025.emnlp-main.1378,2025,W4416035705,A5106184993,A5101960931,5,0,1,0,1,0,6.5694814204142959,2.9957322735539909,,0,0,0,0,3
2025.emnlp-main.1379,2025,W4416035530,A5010888545,A5088410008,6,0,1,0,1,0,6.6489845500247764,3.4339872044851463,,0,0,0,0,3
2025.emnlp-main.1380,2025,W4416035450,A5111107721,A5074342179,7,0,1,0,1,0,9.1756454021792955,4.5951198501345898,,0,0,0,0,3
2025.emnlp-main.1381,2025,W4416035687,A5035537504,A5100397321,3,0,1,0,1,0,6.6669567924292066,3.1640675883732059,,0,0,0,0,3
2025.emnlp-main.1382,2025,W4416035451,A5101322864,A5115595421,6,0,0.8571428571428571,0,1,0,8.9117995561895267,4.5643481914678361,,0,0,0,0,3
2025.emnlp-main.1383,2025,W4416035701,A5063449842,A5051474976,6,0,1,0,1,0,6.8895913083544658,3.5695326964813701,,1,1,0,1,3
2025.emnlp-main.1386,2025,W4416035664,A5104211937,A5058837356,5,0,1,0,1,0,6.523562306149512,3.6686767467964168,,0,1,0,1,3
2025.emnlp-main.1387,2025,W4416035526,A5120308842,A5007620149,2,1,1,1,1,1,6.1070228877422554,3.5695326964813701,9.2597018015139074,0,0,0,0,3
2025.emnlp-main.139,2025,W4416036945,A5107403609,A5077365712,5,0,1,0,1,0,5.8777357817796387,3.5025498759224432,,0,0,0,0,3
2025.emnlp-main.1390,2025,W4412655103,A5021411753,A5083286341,3,3,1,1,1,1,6.0799331950955899,3.1354942159291497,13.086682312298912,0,0,0,0,3
2025.emnlp-main.1392,2025,W4416035657,A5120308875,A5120308879,5,3,1,1,1,1,0,0,13.496824799929575,0,0,0,0,3
2025.emnlp-main.1393,2025,W4416035691,A5102723856,A5100437748,7,0,1,0,1,0,5.8021183753770629,2.7080502011022101,,1,0,0,1,3
2025.emnlp-main.1394,2025,W4416035710,A5076565335,A5010354377,4,1,1,1,1,1,5.3844950627890888,3.0204248861443626,12.420284427081702,0,0,0,0,3
2025.emnlp-main.1396,2025,W4416035714,A5034263402,A5066292729,5,0,1,0,1,0,5.9712618397904622,3.1863526331626408,,0,0,0,0,3
2025.emnlp-main.1397,2025,W4416035433,A5120308834,A5034068210,3,0,1,0,1,0,4.6347289882296359,2.120263536200091,,0,0,0,0,3
2025.emnlp-main.1399,2025,W4416035645,A5094264749,A5014008069,4,1,1,1,1,1,5.5134287461649834,3.417726683613366,11.801204858989957,0,0,0,0,3
2025.emnlp-main.14,2025,W4416037185,A5068706517,A5112313528,6,0,1,0,1,0,5.6559918108198524,2.6508917872622613,,1,0,0,1,3
2025.emnlp-main.140,2025,W4416037135,A5050356972,A5027115167,6,1,1,1,1,1,6.0913098820776979,2.6508917872622613,7.5730172560525464,0,0,0,0,3
2025.emnlp-main.1406,2025,W4416035680,A5046362381,A5061590514,3,0,1,0,1,0,4.4543472962535073,2.8903717578961645,,0,0,0,0,3
2025.emnlp-main.1408,2025,W4416035679,A5002349953,A5082417280,8,0,1,0,1,0,7.7664168980196546,3.2958368660043291,,0,0,0,0,3
2025.emnlp-main.1412,2025,W4416035415,A5026489372,A5001366030,6,0,1,0,1,0,4.290459441148391,2.0794415416798362,,0,0,0,0,3
2025.emnlp-main.1418,2025,W4416035388,A5079078928,A5034667645,5,5,1,1,1,1,7.6396422878580132,3.4657359027997265,12.194035488769664,0,0,0,0,3
2025.emnlp-main.1420,2025,W4416035629,A5054456399,A5001987532,3,0,1,0,1,0,8.0989467489433391,4.5712686343124105,,0,0,0,0,3
2025.emnlp-main.1421,2025,W4416035427,A5101894653,A5030469532,2,0,0.66666666666666663,0,1,0,5.2364419628299492,2.9704144655697009,,1,0,0,1,3
2025.emnlp-main.1422,2025,W4416035636,A5092543637,A5044165871,5,0,1,0,1,0,6.3716118472318568,3.0056826044071592,,0,0,0,0,3
2025.emnlp-main.1423,2025,W4416035642,A5012809586,A5039901099,7,4,1,1,1,1,6.9186952190204716,3.5553480614894131,14.393908284403024,0,0,0,0,3
2025.emnlp-main.1425,2025,W4416035408,A5048080768,A5091099837,4,0,1,0,1,0,8.1828387107660259,3.7013019741124928,,0,0,0,0,3
2025.emnlp-main.1426,2025,W4416035641,A5112970682,A5049427071,8,0,1,0,1,0,7.4949862339505327,3.858094663402591,,0,1,0,1,3
2025.emnlp-main.1428,2025,W4416035648,A5100348401,A5001987532,6,0,1,0,1,0,8.0989467489433391,4.2046926193909657,,0,0,0,0,3
2025.emnlp-main.143,2025,W4416037066,A5033179563,A5047170063,7,0,1,0,1,0,8.2084917517403806,4.5155580272984039,,0,1,0,1,3
2025.emnlp-main.1430,2025,W4416035462,A5119869579,A5016724158,4,0,1,0,1,0,8.1936766659552411,4.6844433668825989,,0,1,0,1,3
2025.emnlp-main.1432,2025,W4416035557,A5067467814,A5061227594,7,0,1,0,1,0,7.1324975516600437,3.8066624897703201,,0,0,0,0,3
2025.emnlp-main.1433,2025,W4416035616,A5100803335,A5003324011,5,0,0.7142857142857143,0,1,0,8.0300840942675631,4.2312037449392976,,0,1,0,1,3
2025.emnlp-main.1434,2025,W4416035595,A5070209606,A5006093696,3,0,0.75,0,1,0,5.0625950330269669,3.3557350075853982,,0,0,0,0,3
2025.emnlp-main.1435,2025,W4416035607,A5002889503,A5060065532,5,0,1,0,1,0,6.4329400927391793,3.1354942159291497,,0,0,0,0,3
2025.emnlp-main.1437,2025,W4416035613,A5102923302,A5008710152,3,0,1,0,1,0,5.2149357576089859,2.6390573296152584,,0,0,0,0,3
2025.emnlp-main.144,2025,W4416037083,A5111084104,A5046126345,3,2,1,1,1,1,7.0103118673072293,3.5648268054439574,13.719262838807245,0,0,0,0,3
2025.emnlp-main.1440,2025,W4416035469,A5100723224,A5036715761,3,1,1,1,1,1,5.6276211136906369,3.1354942159291497,10.497918760156915,0,0,0,0,3
2025.emnlp-main.1442,2025,W4416035619,A5059650940,A5059650940,1,0,0.5,0,1,0,6.8987145343299883,4.1271343850450917,,0,0,0,0,3
2025.emnlp-main.1443,2025,W4416035591,A5102542019,A5062299183,6,0,0.75,0,1,0,6.1484682959176471,2.8332133440562162,,1,0,0,1,3
2025.emnlp-main.1444,2025,W4416035565,A5075239885,A5100754506,6,0,1,0,1,0,6.0684255882441107,3.0285220963769821,,0,0,0,0,3
2025.emnlp-main.1446,2025,W4416035467,A5018932560,A5004194238,9,0,1,0,1,0,7.8632667240095726,4.0527506649232636,,0,0,0,0,3
2025.emnlp-main.1447,2025,W4416035476,A5103409417,A5004194238,7,1,1,1,1,1,7.8632667240095726,4.2766661190160553,12.742153650331932,0,0,0,0,3
2025.emnlp-main.1450,2025,W4416035600,A5108718295,A5039365023,5,0,1,0,1,0,7.9080194446324708,4.6463121293192664,,0,1,0,1,3
2025.emnlp-main.1453,2025,W4416035548,A5050905842,A5100402986,5,1,1,1,1,1,8.3089382525957785,4.4704952826614894,13.513636250491656,0,1,0,1,3
2025.emnlp-main.1454,2025,W4416035432,A5101424451,A5052757755,8,0,0.88888888888888884,0,1,0,6.4599044543775346,3.068052935133617,,0,1,0,1,3
2025.emnlp-main.1456,2025,W4416035562,A5120308854,A5002373584,2,1,1,1,1,1,2.4849066497880004,1.7047480922384253,9.9467385945304443,1,0,0,1,3
2025.emnlp-main.1458,2025,W4416035438,A5100620747,A5102274699,8,0,1,0,1,0,7.7570511420320134,4.2395265720665982,,1,0,0,1,3
2025.emnlp-main.1459,2025,W4416035571,A5062478071,A5065423554,4,0,1,0,1,0,7.1608459066642993,3.713572066704308,,1,1,0,1,3
2025.emnlp-main.146,2025,W4416037095,A5044532503,A5102962995,5,0,0.83333333333333337,0,1,0,7.5196924041165394,3.210843653170937,,0,0,0,0,3
2025.emnlp-main.1460,2025,W4416035545,A5014151067,A5088832285,7,0,1,0,1,0,6.261491684321042,3.415382016654112,,0,0,0,0,3
2025.emnlp-main.1461,2025,W4416035379,A5033300065,A5077260647,2,1,0.5,1,1,1,3.0910424533583161,1.9459101490553128,11.593426529120846,0,0,0,0,3
2025.emnlp-main.1462,2025,W4416035434,A5094208271,A5090095198,4,0,1,0,1,0,6.6957989170584913,2.9831534913471307,,0,0,0,0,3
2025.emnlp-main.1465,2025,W4416035601,A5057994068,A5036061838,3,2,1,1,1,1,5.1357984370502621,2.6149597780361979,12.985103901247069,0,0,0,0,3
2025.emnlp-main.1466,2025,W4416035567,A5120308855,A5108203384,3,0,1,0,1,0,4.4188406077965983,1.2992829841302609,,0,0,0,0,3
2025.emnlp-main.1468,2025,W4416035431,A5088611866,A5039096905,3,1,1,1,1,1,5.9295891433898946,3.9639827443588569,12.627493120428465,0,0,0,0,3
2025.emnlp-main.1469,2025,W4416035568,A5120308856,A5120308859,4,1,1,1,1,1,0,0,12.99792423896246,0,0,0,0,3
2025.emnlp-main.147,2025,W4416036906,A5093264894,A5002254350,3,0,1,0,1,0,5.1761497325738288,2.7515353130419489,,0,0,0,0,3
2025.emnlp-main.1470,2025,W4416035349,A5101534873,A5100457916,4,0,0.80000000000000004,0,1,0,4.8903491282217537,2.4849066497880004,,1,1,0,1,3
2025.emnlp-main.1471,2025,W4416035547,A5071905543,A5016724158,4,1,1,1,1,1,5.9989365619466826,2.8033603809065348,10.4564239400025,0,1,0,1,3
2025.emnlp-main.1476,2025,W4416035330,A5120308809,A5030189297,4,0,1,0,1,0,7.2520539518528144,4.0859763125515842,,0,0,0,0,3
2025.emnlp-main.1478,2025,W4416035534,A5062796058,A5100358009,8,0,1,0,1,0,7.1639466843425472,4.0163830207523885,,0,1,0,1,3
2025.emnlp-main.148,2025,W4416037050,A5101215727,A5014580424,9,0,0.90000000000000002,0,1,0,6.0867747269123065,3.2999436479569826,,0,0,0,0,3
2025.emnlp-main.1481,2025,W4416035564,A5022688200,A5079336821,2,0,0.66666666666666663,0,1,0,5.9080829381689313,4.2484952420493594,,0,0,0,0,3
2025.emnlp-main.1484,2025,W4416035536,A5025171334,A5053230169,12,1,1,1,1,1,7.7200179404322444,2.9998902837026544,12.043053590990716,0,1,0,1,3
2025.emnlp-main.1485,2025,W4416035552,A5030878165,A5015128745,3,1,1,1,1,1,7.3065313989395051,3.93834031374552,12.382648561028049,0,0,0,0,3
2025.emnlp-main.1489,2025,W4416035347,A5120308816,A5102289802,6,0,1,0,1,0,4.3944491546724391,1.6422277352570911,,0,0,0,0,3
2025.emnlp-main.1490,2025,W4416035518,A5050824337,A5007940211,5,0,1,0,1,0,6.7810576259361799,3.2503744919275719,,0,0,0,0,3
2025.emnlp-main.1491,2025,W4416035517,A5113298879,A5100383342,5,0,1,0,1,0,7.2312870043276156,4.6443908991413725,,0,0,0,0,3
2025.emnlp-main.1492,2025,W4416035337,A5101485171,A5102011966,6,0,1,0,1,0,6.2265366692874657,3.0285220963769821,,0,0,0,0,3
2025.emnlp-main.1493,2025,W4416035332,A5050161084,A5079222154,4,0,0.80000000000000004,0,1,0,7.2506355118986798,3.784189633918261,,0,1,0,1,3
2025.emnlp-main.1494,2025,W4416035537,A5008824325,A5018976680,7,0,1,0,1,0,6.7286286130847017,3.8192809537295314,,0,0,0,0,3
2025.emnlp-main.1495,2025,W4416035341,A5093339384,A5020020314,4,0,1,0,1,0,6.261491684321042,3.657130755799356,,0,0,0,0,3
2025.emnlp-main.1497,2025,W4416035507,A5100534847,A5110860333,10,0,1,0,1,0,6.7878449823095792,3.2884018875168111,,0,0,0,0,3
2025.emnlp-main.1498,2025,W4416035323,A5113530864,A5015140613,6,0,1,0,1,0,6.7322107064672059,3.218875824868201,,0,1,0,1,3
2025.emnlp-main.15,2025,W4416037228,A5120054806,A5002316432,6,0,1,0,1,0,7.2520539518528144,4.2268337452681797,,0,0,0,0,3
2025.emnlp-main.1500,2025,W4416035522,A5103224637,A5045521125,4,0,1,0,1,0,5.3181199938442161,2.8478121434773689,,0,1,0,1,3
2025.emnlp-main.1502,2025,W4416035505,A5100387780,A5065368839,3,1,1,1,1,1,7.2902928824465967,4.1795023705624077,12.491311736330816,0,0,0,0,3
2025.emnlp-main.1505,2025,W4416035528,A5107941641,A5064858748,6,0,1,0,1,0,7.0850642939525477,3.7612001156935615,,0,0,0,0,3
2025.emnlp-main.1507,2025,W4416035519,A5039368835,A5101957153,3,0,1,0,1,0,8.6901375863975954,2.7725887222397811,,0,0,0,0,3
2025.emnlp-main.1509,2025,W4416035510,A5037739770,A5043289060,7,4,1,1,1,1,7.0900768357760917,2.8415815937267328,13.315954526456514,0,0,0,0,3
2025.emnlp-main.151,2025,W4416037057,A5100669565,A5040821714,5,0,1,0,1,0,6.2344107257183712,3.6635616461296463,,0,0,0,0,3
2025.emnlp-main.1510,2025,W4416035325,A5076626481,A5077006200,3,0,1,0,1,0,7.0867379345105768,4.0661736852554045,,1,0,0,1,3
2025.emnlp-main.1511,2025,W4416035520,A5079245770,A5069589954,6,1,1,1,1,1,6.826545223556594,3.0285220963769821,10.278390355061653,0,0,0,0,3
2025.emnlp-main.1513,2025,W4416035401,A5100746890,A5065688046,2,0,1,0,1,0,5.0998664278241987,3.044522437723423,,0,1,0,1,3
2025.emnlp-main.1516,2025,W4416035397,A5120308824,A5120308825,4,1,1,1,1,1,4.0775374439057197,2.1690537003695232,12.491311736330816,0,0,0,0,3
2025.emnlp-main.1517,2025,W4416035288,A5119849716,A5010504829,16,0,1,0,1,0,6.5792512120101012,3.0563568953704259,,0,0,0,0,3
2025.emnlp-main.1518,2025,W4416035394,A5088544347,A5025988615,5,0,1,0,1,0,6.1612073216950769,3.0155349008501706,,0,0,0,0,3
2025.emnlp-main.1519,2025,W4416035514,A5102590193,A5067943980,2,0,1,0,1,0,6.3835066348840055,3.6243409329763652,,0,0,0,0,3
2025.emnlp-main.152,2025,W4416036907,A5101503963,A5021827617,7,0,0.875,0,1,0,8.0861025356691005,4.6277700179053323,,0,0,0,0,3
2025.emnlp-main.1520,2025,W4416035506,A5102568487,A5100424505,3,1,1,1,1,1,4.1108738641733114,2.0368819272610401,13.100330424780656,1,0,0,1,3
2025.emnlp-main.1521,2025,W4416035482,A5036224905,A5039369605,6,0,1,0,1,0,8.4850831374980036,4.2720257394595533,,0,0,0,0,3
2025.emnlp-main.1524,2025,W4416035287,A5107489265,A5084517393,2,0,1,0,1,0,6.4019171967271857,3.6243409329763652,,1,0,0,1,3
2025.emnlp-main.1525,2025,W4416035516,A5074666575,A5084517393,2,1,1,1,1,1,6.4019171967271857,3.7256934272366529,13.003741990429662,0,0,0,0,3
2025.emnlp-main.1528,2025,W4416035286,A5116014413,A5043759639,5,1,1,1,1,1,4.2766661190160553,1.1631508098056809,6.7844570626376433,0,0,0,0,3
2025.emnlp-main.1529,2025,W4416035483,A5112284263,A5044722101,2,2,0.66666666666666663,1,1,1,4.6151205168412597,2.3978952727983707,8.1300590399927959,0,0,0,0,3
2025.emnlp-main.1530,2025,W4416035281,A5119945167,A5076189854,4,0,1,0,1,0,7.99699040583765,2.9704144655697009,,0,0,0,0,3
2025.emnlp-main.1531,2025,W4416035485,A5103015346,A5101783869,3,1,1,1,1,1,6.2441669006637364,3.5457786104732629,12.491311736330816,0,0,0,0,3
2025.emnlp-main.1532,2025,W4416035493,A5100665550,A5113683679,2,0,1,0,1,0,3.9889840465642745,2.3513752571634776,,0,0,0,0,3
2025.emnlp-main.1535,2025,W4416035299,A5036053506,A5077976343,10,0,1,0,1,0,7.6549170478483202,3.5751506887855933,,0,0,0,0,3
2025.emnlp-main.1536,2025,W4416035491,A5063375689,A5066146847,3,0,1,0,1,0,6.6372580312844569,3.5457786104732629,,1,1,0,1,3
2025.emnlp-main.1537,2025,W4416035480,A5090197536,A5030146543,4,0,1,0,1,0,5.0562458053483077,2.8332133440562162,,0,1,0,1,3
2025.emnlp-main.1538,2025,W4416035486,A5086724583,A5120308838,4,0,1,0,1,0,6.4846352356352517,2.6210388241125804,,0,0,0,0,3
2025.emnlp-main.1540,2025,W4416035497,A5080415861,A5109359178,6,0,0.8571428571428571,0,1,0,5.9188938542731462,2.2686835413183641,,0,0,0,0,3
2025.emnlp-main.1541,2025,W4416035460,A5100739766,A5046126345,2,1,0.66666666666666663,1,1,1,7.0103118673072293,3.713572066704308,13.592155734333639,0,0,0,0,3
2025.emnlp-main.1542,2025,W4416035494,A5100740618,A5003324011,6,0,1,0,1,0,8.0300840942675631,4.4208466265234634,,0,0,0,0,3
2025.emnlp-main.1544,2025,W4416035487,A5117862655,A5078812348,6,0,1,0,1,0,6.6372580312844569,2.9356283494842854,,0,0,0,0,3
2025.emnlp-main.1545,2025,W4416035361,A5119892236,A5119892238,2,0,0.66666666666666663,0,1,0,0,0,,1,0,0,1,3
2025.emnlp-main.1546,2025,W4416035488,A5100355235,A5100824702,17,0,0.89473684210526316,0,1,0,7.381501894506707,3.2490055663202302,,0,0,0,0,3
2025.emnlp-main.1547,2025,W4416035495,A5041234423,A5009660759,5,1,1,1,1,1,5.4680601411351324,2.0281482472922852,12.034192388153503,0,0,0,0,3
2025.emnlp-main.1548,2025,W4416035489,A5101594868,A5037159442,8,0,1,0,1,0,8.035602692918582,3.4499875458315872,,0,0,0,0,3
2025.emnlp-main.1549,2025,W4416035503,A5109481934,A5065688046,4,0,0.80000000000000004,0,1,0,5.0998664278241987,2.2772672850097559,,0,0,0,0,3
2025.emnlp-main.155,2025,W4416036943,A5101676261,A5015709853,7,0,1,0,1,0,8.9408910677854614,4.5077148498373782,,1,1,0,1,3
2025.emnlp-main.1550,2025,W4416035492,A5083795357,A5017210698,5,0,1,0,1,0,5.2470240721604862,2.8564702062204832,,0,0,0,0,3
2025.emnlp-main.1551,2025,W4416035295,A5063499248,A5101744555,5,4,0.83333333333333337,1,1,1,6.6039438246004725,4.165113633110308,13.086682312298912,1,0,0,1,3
2025.emnlp-main.1552,2025,W4416035456,A5066801751,A5087323271,3,0,1,0,1,0,4.219507705176107,2.5902671654458267,,0,1,0,1,3
2025.emnlp-main.1554,2025,W4416035471,A5079441570,A5002939847,4,0,1,0,1,0,4.9416424226093039,2.3272777055844172,,0,0,0,0,3
2025.emnlp-main.1555,2025,W4416035496,A5022465625,A5045521125,3,1,0.75,1,1,1,5.3181199938442161,3.044522437723423,11.754608100548191,1,0,0,1,3
2025.emnlp-main.1557,2025,W4416035443,A5063617278,A5084878734,3,1,1,1,1,1,5.2781146592305168,2.5123056239761148,11.062473451127666,0,0,0,0,3
2025.emnlp-main.1558,2025,W4416035280,A5027419911,A5050552820,6,0,0.8571428571428571,0,1,0,6.4738906963522744,3.709498741316672,,0,0,0,0,3
2025.emnlp-main.1561,2025,W4416035473,A5019656598,A5008463509,3,3,1,1,1,1,5.9989365619466826,3.2834143460057721,11.131167117806696,0,1,0,1,3
2025.emnlp-main.1563,2025,W4416035479,A5119938831,A5016724158,6,0,1,0,1,0,8.1936766659552411,4.3152634185141991,,0,0,0,0,3
2025.emnlp-main.1567,2025,W4416035459,A5095094630,A5041377957,2,0,1,0,1,0,3.737669618283368,1.6094379124341005,,0,1,0,1,3
2025.emnlp-main.1568,2025,W4416035358,A5101561868,A5059489981,4,0,1,0,1,0,8.0271501068327744,4.4127982933406349,,0,1,0,1,3
2025.emnlp-main.1569,2025,W4416035364,A5101631040,A5005347029,2,0,1,0,1,0,4.0073331852324712,1.791759469228055,,0,0,0,0,3
2025.emnlp-main.1570,2025,W4416035298,A5100431163,A5047962986,11,0,1,0,1,0,8.2796971338776277,4.6060788639243091,,0,0,0,0,3
2025.emnlp-main.1571,2025,W4416035464,A5027401438,A5015792268,7,0,1,0,1,0,7.509335266016592,2.9444389791664403,,0,0,0,0,3
2025.emnlp-main.1572,2025,W4416035468,A5077595559,A5044665993,9,0,0.90000000000000002,0,1,0,7.8422787791173523,3.6777061535158113,,0,0,0,0,3
2025.emnlp-main.1574,2025,W4416035472,A5005050646,A5052757755,9,0,1,0,1,0,6.5381398237676702,3.340109689682317,,0,0,0,0,3
2025.emnlp-main.1577,2025,W4416035421,A5062498056,A5073812421,4,0,1,0,1,0,6.0185932144962342,3.7898553714539385,,0,1,0,1,3
2025.emnlp-main.1578,2025,W4416035430,A5103115320,A5090790109,2,0,1,0,1,0,5.6167710976665717,2.7408400239252009,,1,0,0,1,3
2025.emnlp-main.1581,2025,W4416035406,A5072733946,A5108086354,3,1,1,1,1,1,5.7268477475871968,3.4122472178487402,13.470599010324218,0,0,0,0,3
2025.emnlp-main.1583,2025,W4416035275,A5015060302,A5089085275,2,2,1,1,1,1,5.8777357817796387,3.912023005428146,13.026118961337176,0,0,0,0,3
2025.emnlp-main.1584,2025,W4416035440,A5101753159,A5032760128,7,0,1,0,1,0,6.5147126908725301,3.3868086442100558,,0,0,0,0,3
2025.emnlp-main.1585,2025,W4416035437,A5040649771,A5038267072,4,0,1,0,1,0,5.0106352940962564,2.8033603809065348,,0,0,0,0,3
2025.emnlp-main.1586,2025,W4416035447,A5074093058,A5049100391,10,0,1,0,1,0,9.1938044033360846,4.1926804629429624,,0,0,0,0,3
2025.emnlp-main.1588,2025,W4416035336,A5005861836,A5021486404,6,3,1,1,1,1,5.978885764901122,3.0365542680742461,10.795690488881194,1,0,0,1,3
2025.emnlp-main.1589,2025,W4416035407,A5109636988,A5109354224,15,0,1,0,1,0,8.0796180293898399,3.9292078301822468,,0,0,0,0,3
2025.emnlp-main.1590,2025,W4416035449,A5088392357,A5021237405,4,0,1,0,1,0,6.1612073216950769,3.1245651453969594,,0,0,0,0,3
2025.emnlp-main.1592,2025,W4416035417,A5098921482,A5020349386,7,0,1,0,1,0,7.4656553101340561,3.4106761256166997,,0,0,0,0,3
2025.emnlp-main.1594,2025,W4416035444,A5012696718,A5088834359,7,0,1,0,1,0,7.4175804024145444,4.2982567516084229,,0,1,0,1,3
2025.emnlp-main.1595,2025,W4416035441,A5015920766,A5050436152,2,1,1,1,1,1,5.7838251823297373,3.2958368660043291,11.705824218801952,0,0,0,0,3
2025.emnlp-main.1596,2025,W4416035405,A5004614496,A5077006200,3,0,0.59999999999999998,0,1,0,7.0867379345105768,3.7455747977904816,,0,0,0,0,3
2025.emnlp-main.1597,2025,W4416035402,A5019616787,A5101461165,4,0,1,0,1,0,7.6501687008450006,2.0794415416798362,,0,0,0,0,3
2025.emnlp-main.1599,2025,W4416035270,A5119965859,A5111469668,3,1,1,1,1,1,5.5909869805108565,2.7932080094425169,10.985513037599841,0,0,0,0,3
2025.emnlp-main.16,2025,W4416037237,A5087671916,A5044319390,10,0,1,0,1,0,9.313528529772352,4.7167115607209986,,0,0,0,0,3
2025.emnlp-main.160,2025,W4416037071,A5108766872,A5078977334,9,0,1,0,1,0,7.3485875309275928,3.2666072276893905,,1,0,0,1,3
2025.emnlp-main.1601,2025,W4416035267,A5021770277,A5033006575,3,0,1,0,1,0,4.9487598903781684,3.2451931331855741,,0,0,0,0,3
2025.emnlp-main.1606,2025,W4416035392,A5058971030,A5018976680,5,1,1,1,1,1,6.7286286130847017,3.7612001156935615,13.299489796140572,0,0,0,0,3
2025.emnlp-main.1607,2025,W4416035416,A5037501616,A5100689058,4,0,1,0,1,0,6.8564619845945867,3.970291913552122,,1,0,0,1,3
2025.emnlp-main.1609,2025,W4416035391,A5092438662,A5008340710,7,0,1,0,1,0,4.7449321283632502,1.9459101490553128,,0,0,0,0,3
2025.emnlp-main.161,2025,W4416036940,A5101735993,A5015785439,5,0,0.7142857142857143,0,1,0,7.2211050981824956,3.4011973816621555,,0,0,0,0,3
2025.emnlp-main.1610,2025,W4416035414,A5120308832,A5100455251,5,0,1,0,1,0,6.2557500417533669,2.1517622032594619,,0,0,0,0,3
2025.emnlp-main.1611,2025,W4416035413,A5101878883,A5106672007,8,0,1,0,1,0,6.9382844840169602,3.5904393813006839,,0,0,0,0,3
2025.emnlp-main.1612,2025,W4416035428,A5040643252,A5100619287,5,1,1,1,1,1,7.0021559544036212,3.8155121050473024,8.8208470333777171,0,0,0,0,3
2025.emnlp-main.1613,2025,W4416035259,A5009838940,A5075621328,4,1,1,1,1,1,3.951243718581428,2.3025850929940459,10.382605767457695,0,0,0,0,3
2025.emnlp-main.1614,2025,W4416035404,A5021532017,A5012597518,9,0,1,0,1,0,7.6251071482389001,4.1217435364102153,,1,0,0,1,3
2025.emnlp-main.1618,2025,W4416035384,A5051485287,A5028046901,2,0,1,0,1,0,2.6390573296152584,2.3978952727983707,,0,0,0,0,3
2025.emnlp-main.1619,2025,W4416035276,A5082210240,A5100359401,5,0,0.7142857142857143,0,1,0,5.5645204073226937,2.8094026953624978,,0,0,0,0,3
2025.emnlp-main.162,2025,W4416036946,A5001547762,A5100453780,2,0,0.40000000000000002,0,1,0,6.7428806357919031,3.1986731175506811,,1,1,0,1,3
2025.emnlp-main.1621,2025,W4416035355,A5003203130,A5062807811,7,0,1,0,1,0,6.1527326947041043,3.6598919172406839,,0,0,0,0,3
2025.emnlp-main.1624,2025,W4416035264,A5085079234,A5010341007,5,0,1,0,1,0,6.2441669006637364,3.6888794541139358,,0,1,0,1,3
2025.emnlp-main.1626,2025,W4416035268,A5100399382,A5006921134,5,0,0.7142857142857143,0,1,0,6.3578422665080998,3.708682081410116,,0,1,0,1,3
2025.emnlp-main.1627,2025,W4416035271,A5110991006,A5044005697,4,0,1,0,1,0,8.1936766659552411,4.6587109529161213,,0,0,0,0,3
2025.emnlp-main.1629,2025,W4416035378,A5119753761,A5078050327,4,1,0.80000000000000004,1,1,1,5.4680601411351324,2.6567569067146595,13.592155734333639,1,1,0,1,3
2025.emnlp-main.163,2025,W4416036935,A5034718368,A5023053982,2,0,1,0,1,0,5.7333412768977459,3.6375861597263857,,0,0,0,0,3
2025.emnlp-main.1630,2025,W4416035411,A5053014849,A5100418125,9,0,1,0,1,0,6.0330862217988015,2.6779727458649321,,0,0,0,0,3
2025.emnlp-main.1631,2025,W4416035382,A5100756225,A5011713946,4,0,1,0,1,0,6.9285378181646653,3.3586377672433594,,0,0,0,0,3
2025.emnlp-main.1632,2025,W4416035294,A5066205759,A5038456766,4,0,0.80000000000000004,0,1,0,6.2653012127377101,3.34109345759245,,0,1,0,1,3
2025.emnlp-main.1635,2025,W4416035387,A5042566809,A5011949686,7,0,1,0,1,0,6.4361503683694279,3.18398856586776,,0,0,0,0,3
2025.emnlp-main.1636,2025,W4416035395,A5035578031,A5100331136,7,0,1,0,1,0,5.6801726090170677,2.7080502011022101,,1,0,0,1,3
2025.emnlp-main.1637,2025,W4416035400,A5120308827,A5086437962,7,0,1,0,1,0,5.5606816310155276,1.9459101490553128,,0,0,0,0,3
2025.emnlp-main.1642,2025,W4416035363,A5031624405,A5073661463,3,1,1,1,1,1,6.0661080901037474,3.5165082281731497,11.378753867458284,0,0,0,0,3
2025.emnlp-main.1643,2025,W4416035293,A5002748676,A5085903884,5,6,1,1,1,1,6.2766434893416445,2.6810215287142909,13.797896334365015,0,0,0,0,3
2025.emnlp-main.1646,2025,W4416035386,A5070270708,A5085156744,7,0,0.77777777777777779,0,1,0,6.7080840838530698,2.8332133440562162,,1,0,0,1,3
2025.emnlp-main.1647,2025,W4416035290,A5115003622,A5029196810,2,1,1,1,1,1,2.8332133440562162,1.8718021769015916,12.47542780128907,0,0,0,0,3
2025.emnlp-main.165,2025,W4416036941,A5116335566,A5100408983,4,1,0.80000000000000004,1,1,1,7.13966033596492,4.3372907408324899,13.279801220015832,0,0,0,0,3
2025.emnlp-main.1651,2025,W4416035302,A5011002249,A5064884832,4,0,1,0,1,0,5.5683445037610966,2.6567569067146595,,0,0,0,0,3
2025.emnlp-main.1652,2025,W4416035279,A5036665467,A5058504936,10,0,0.83333333333333337,0,1,0,6.5482191027623724,3.4843122883726618,,0,0,0,0,3
2025.emnlp-main.1654,2025,W4416035255,A5102384420,A5044944954,5,0,1,0,1,0,7.4650827363995473,4.1174098351530963,,0,0,0,0,3
2025.emnlp-main.1655,2025,W4416035366,A5058891617,A5008920438,2,3,1,1,1,1,4.6821312271242199,2.6026896854443842,13.299489796140572,0,0,0,0,3
2025.emnlp-main.1657,2025,W4416035360,A5073055466,A5066305082,2,1,1,1,1,1,6.2225762680713688,3.8712010109078911,13.631580508238882,0,0,0,0,3
2025.emnlp-main.1658,2025,W4416035304,A5100608515,A5109705925,6,0,0.8571428571428571,0,1,0,6.0497334552319577,2.9957322735539909,,0,0,0,0,3
2025.emnlp-main.1659,2025,W4416035376,A5101960106,A5101245099,3,0,1,0,1,0,7.0166096838942194,2.120263536200091,,0,1,0,1,3
2025.emnlp-main.166,2025,W4416036893,A5018054307,A5046084081,2,1,1,1,1,1,5.8021183753770629,3.6375861597263857,12.351505434737708,0,1,0,1,3
2025.emnlp-main.1664,2025,W4416035372,A5076162916,A5085089542,6,0,1,0,1,0,7.542213463193403,3.1849742731925192,,0,0,0,0,3
2025.emnlp-main.1666,2025,W4416035334,A5116316456,A5101245099,4,0,1,0,1,0,8.0106915391303009,4.2731878546397306,,1,1,0,1,3
2025.emnlp-main.1667,2025,W4416035278,A5008772211,A5088888805,3,2,1,1,1,1,8.2204030999337299,3.8918202981106265,13.535243592197631,0,0,0,0,3
2025.emnlp-main.1668,2025,W4416035282,A5044409349,A5020435927,2,1,1,1,1,1,4.3567088266895917,2.19722457733622,10.802469345287646,0,0,0,0,3
2025.emnlp-main.1669,2025,W4416035351,A5037533418,A5100738462,6,0,0.8571428571428571,0,1,0,6.2785214241658442,3.9827920763163531,,1,0,0,1,3
2025.emnlp-main.1673,2025,W4416035273,A5114338185,A5102396915,9,0,1,0,1,0,7.1884127364969537,3.2451931331855741,,0,0,0,0,3
2025.emnlp-main.1677,2025,W4416035354,A5001987532,A5038276570,2,0,0.66666666666666663,0,1,0,8.0989467489433391,4.990432586778736,,0,1,0,1,3
2025.emnlp-main.1681,2025,W4416035346,A5023410809,A5049488691,19,0,0.90476190476190477,0,1,0,8.1582299169594936,2.9527148884703003,,0,0,0,0,3
2025.emnlp-main.1682,2025,W4416035274,A5073611983,A5088832285,4,0,1,0,1,0,6.3985949345352076,4.1271343850450917,,0,0,0,0,3
2025.emnlp-main.1684,2025,W4416035320,A5101658258,A5100460011,6,0,1,0,1,0,8.325306029752582,3.8465952001056909,,0,0,0,0,3
2025.emnlp-main.1687,2025,W4416035309,A5100373620,A5049449495,8,0,0.88888888888888884,0,1,0,7.8336002236611026,2.6119063405493081,,0,0,0,0,3
2025.emnlp-main.169,2025,W4416037060,A5057762250,A5050964144,4,0,1,0,1,0,6.6631326959908028,3.1780538303479458,,1,0,0,1,3
2025.emnlp-main.1690,2025,W4416035312,A5102567951,A5089642905,4,0,1,0,1,0,5.934894195619588,3.4735180432417816,,0,0,0,0,3
2025.emnlp-main.1691,2025,W4416035262,A5100740287,A5102732054,2,0,1,0,1,0,6.3171646867472839,2.8903717578961645,,0,0,0,0,3
2025.emnlp-main.1692,2025,W4416035284,A5102623315,A5114621407,6,0,1,0,1,0,5.8749307308520304,2.5649493574615367,,0,0,0,0,3
2025.emnlp-main.1694,2025,W4416035311,A5060415625,A5101467119,2,0,1,0,1,0,4.2484952420493594,2.19722457733622,,0,0,0,0,3
2025.emnlp-main.1695,2025,W4416035328,A5091017885,A5073523929,4,0,0.80000000000000004,0,1,0,4.1588830833596724,2.0794415416798362,,0,0,0,0,3
2025.emnlp-main.1697,2025,W4416035272,A5032859492,A5077832834,6,0,0.8571428571428571,0,1,0,5.2311086168545868,2.9356283494842854,,0,0,0,0,3
2025.emnlp-main.1698,2025,W4416035315,A5101807032,A5100664328,11,0,1,0,1,0,7.1899221707458079,2.8853084559396178,,0,0,0,0,3
2025.emnlp-main.17,2025,W4416037167,A5115565883,A5036844820,3,0,1,0,1,0,6.4937538398516859,4.1795023705624077,,0,0,0,0,3
2025.emnlp-main.170,2025,W4416037056,A5059024898,A5002655119,4,0,1,0,1,0,7.352441100243583,3.8969093676180977,,0,0,0,0,3
2025.emnlp-main.1701,2025,W4416035306,A5046706405,A5069782204,5,1,1,1,1,1,6.7799219074722519,2.0014800002101243,12.04340664639466,1,0,0,1,3
2025.emnlp-main.1705,2025,W4416035321,A5085236776,A5101916543,6,0,1,0,1,0,6.6528630293533473,3.1498829533812494,,0,0,0,0,3
2025.emnlp-main.1706,2025,W4416035308,A5088920217,A5087152480,3,2,1,1,1,1,4.8040210447332568,3.0602707946915619,11.043113817294852,1,0,1,1,3
2025.emnlp-main.1707,2025,W4416035318,A5014352202,A5082585878,3,1,1,1,1,1,7.191429330036379,3.4657359027997265,13.592155734333639,0,0,0,0,3
2025.emnlp-main.1708,2025,W4416035326,A5042294554,A5025240237,4,0,0.80000000000000004,0,1,0,4.4188406077965983,2.5839975524322312,,1,0,0,1,3
2025.emnlp-main.171,2025,W4416036931,A5101088669,A5007145568,3,0,0.75,0,1,0,6.1463292576688975,3.3672958299864741,,0,0,0,0,3
2025.emnlp-main.1710,2025,W4416035300,A5044944765,A5100520423,2,1,1,1,1,1,4.1271343850450917,2.862200880929469,6.9440872082295284,0,0,0,0,3
2025.emnlp-main.1711,2025,W4416035240,A5030706143,A5115602087,3,0,1,0,1,0,7.2834482287566313,4.1271343850450917,,0,1,0,1,3
2025.emnlp-main.1712,2025,W4416035291,A5041328979,A5054587391,4,0,1,0,1,0,7.5725029850203844,3.3758795736778651,,0,0,0,0,3
2025.emnlp-main.1713,2025,W4416035238,A5051036720,A5021827617,7,0,1,0,1,0,8.0861025356691005,3.9401938823948415,,0,0,0,0,3
2025.emnlp-main.1715,2025,W4416035266,A5102426741,A5080664764,3,0,1,0,1,0,5.4116460518550404,2.8134107167600364,,0,0,0,0,3
2025.emnlp-main.1716,2025,W4416035037,A5017132290,A5087402475,7,0,0.77777777777777779,0,1,0,6.8458798752640497,2.9292871741458382,,1,0,0,1,3
2025.emnlp-main.172,2025,W4416036910,A5101896699,A5047681321,7,0,0.875,0,1,0,5.8777357817796387,2.4967411074350032,,0,0,0,0,3
2025.emnlp-main.1720,2025,W4416035231,A5120308795,A5026648049,5,0,1,0,1,0,6.6463905148477291,3.0252910757955358,,1,1,0,1,3
2025.emnlp-main.1721,2025,W4416035225,A5047400791,A5071360545,5,0,1,0,1,0,7.5852810786391256,3.4468078929142081,,0,1,0,1,3
2025.emnlp-main.1724,2025,W4416035228,A5061063295,A5023925931,3,0,1,0,1,0,6.7719355558396019,3.1918471524802814,,1,0,0,1,3
2025.emnlp-main.1726,2025,W4416035244,A5120308798,A5032463780,5,0,1,0,1,0,6.4425401664681994,3.1780538303479458,,0,0,0,0,3
2025.emnlp-main.1727,2025,W4416035041,A5120308737,A5023925931,2,1,0.66666666666666663,1,1,1,4.7273878187123408,2.5649493574615367,13.631580508238882,1,0,0,1,3
2025.emnlp-main.1728,2025,W4416035048,A5073611983,A5088832285,4,0,0.80000000000000004,0,1,0,6.261491684321042,3.737669618283368,,0,0,0,0,3
2025.emnlp-main.173,2025,W4416036902,A5018096486,A5115616772,5,0,1,0,1,0,7.2262090101006713,3.4843122883726618,,0,0,0,0,3
2025.emnlp-main.1730,2025,W4416035254,A5014314125,A5042567911,4,0,0.80000000000000004,0,1,0,2.7080502011022101,0.81093021621632877,,0,0,0,0,3
2025.emnlp-main.1732,2025,W4416035230,A5055492705,A5119938220,6,1,0.8571428571428571,1,1,1,4.4886363697321396,1.9218125974762528,13.513636250491656,0,0,0,0,3
2025.emnlp-main.1734,2025,W4416035081,A5018174894,A5102396915,7,0,1,0,1,0,7.1884127364969537,3.784189633918261,,0,0,0,0,3
2025.emnlp-main.1735,2025,W4416035188,A5101382758,A5078067853,3,0,1,0,1,0,4.7621739347977563,3.218875824868201,,1,0,0,1,3
2025.emnlp-main.1736,2025,W4416035082,A5107568564,A5004629670,3,0,1,0,1,0,6.5381398237676702,3.8358616444625819,,1,0,0,1,3
2025.emnlp-main.1737,2025,W4416035212,A5036629993,A5026648049,3,0,1,0,1,0,6.6463905148477291,3.4657359027997265,,1,0,0,1,3
2025.emnlp-main.1738,2025,W4416035209,A5038604982,A5000550975,6,0,1,0,1,0,4.8751973232011512,2.7300291078209851,,0,0,0,0,3
2025.emnlp-main.1739,2025,W4416035213,A5116307693,A5071030042,7,0,1,0,1,0,5.4071717714601188,1.838279484862948,,0,0,0,0,3
2025.emnlp-main.174,2025,W4416036921,A5100668741,A5010419481,9,0,0.90000000000000002,0,1,0,8.3202045975788792,3.6463198396951406,,0,0,0,0,3
2025.emnlp-main.1740,2025,W4416035087,A5098672695,A5054918343,3,0,1,0,1,0,4.499809670330265,3.1060803307228562,,0,0,0,0,3
2025.emnlp-main.1741,2025,W4416035080,A5074325022,A5050418400,3,0,1,0,1,0,4.8121843553724171,3.2451931331855741,,0,0,0,0,3
2025.emnlp-main.1747,2025,W4416035206,A5074235764,A5101416235,3,0,1,0,1,0,6.4738906963522744,3.8849943330402268,,0,1,0,1,3
2025.emnlp-main.1748,2025,W4416035042,A5040632547,A5029606497,5,0,0.83333333333333337,0,1,0,6.0776422433490342,3.5145260669691587,,0,0,0,0,3
2025.emnlp-main.175,2025,W4416037074,A5038217558,A5071030042,8,0,1,0,1,0,6.9067547786485539,3.1780538303479458,,0,0,0,0,3
2025.emnlp-main.1751,2025,W4416035012,A5055648957,A5014554970,9,0,1,0,1,0,7.7510451179718016,4.2292638801214713,,0,0,0,0,3
2025.emnlp-main.1754,2025,W4416035191,A5082233632,A5047912015,7,0,1,0,1,0,6.7178046950236912,3.5305534028761976,,0,0,0,0,3
2025.emnlp-main.1755,2025,W4416035197,A5065662308,A5037220308,4,0,1,0,1,0,4.0604430105464191,2.8183982582710758,,0,0,0,0,3
2025.emnlp-main.1760,2025,W4416035187,A5010633626,A5103213198,4,0,1,0,1,0,6.0185932144962342,3.6826098411003407,,0,0,0,0,3
2025.emnlp-main.1761,2025,W4416035180,A5081185051,A5050914099,6,0,1,0,1,0,5.7960577507653719,2.9873640238834742,,0,0,0,0,3
2025.emnlp-main.1762,2025,W4416035169,A5065230808,A5027450194,3,0,1,0,1,0,7.2520539518528144,4.3085594827920088,,0,1,0,1,3
2025.emnlp-main.1763,2025,W4416035069,A5031309131,A5002419188,5,0,1,0,1,0,6.2005091740426899,3.4210000089583352,,0,0,0,0,3
2025.emnlp-main.1768,2025,W4416035006,A5002352427,A5115901502,5,0,0.83333333333333337,0,1,0,5.8141305318250662,2.9444389791664403,,0,1,0,1,3
2025.emnlp-main.1769,2025,W4416035017,A5076742472,A5091017313,2,0,0.66666666666666663,0,1,0,5.602118820879701,3.5115454388310208,,0,0,0,0,3
2025.emnlp-main.177,2025,W4416036911,A5078876809,A5084810886,3,0,0.75,0,1,0,5.3181199938442161,2.456735772821304,,0,0,0,0,3
2025.emnlp-main.1772,2025,W4416035170,A5000549690,A5087682739,2,1,1,1,1,1,4.8441870864585912,3.3322045101752038,12.639921108030109,0,0,0,0,3
2025.emnlp-main.1773,2025,W4416035010,A5118628322,A5013663289,2,0,1,0,1,0,4.5747109785033828,2.4849066497880004,,0,0,0,0,3
2025.emnlp-main.1778,2025,W4416035064,A5100358735,A5056497976,3,0,1,0,1,0,7.3758821482150108,3.5835189384561099,,0,0,0,0,3
2025.emnlp-main.178,2025,W4416037121,A5100682850,A5100392048,7,0,0.875,0,1,0,7.5060421785181219,4.2110688365302424,,1,0,0,1,3
2025.emnlp-main.1781,2025,W4416035067,A5027156022,A5001562064,4,2,1,1,1,1,6.9479370686149693,2.6390573296152584,12.832008402596305,0,0,0,0,3
2025.emnlp-main.1786,2025,W4416035074,A5113067629,A5114910293,9,0,1,0,1,0,7.748460023899697,3.5804277458864369,,0,0,0,0,3
2025.emnlp-main.1789,2025,W4416035110,A5120270399,A5032275274,5,2,0.83333333333333337,1,1,1,6.4645883036899612,2.8449093838194077,12.238351047277115,0,0,0,0,3
2025.emnlp-main.1793,2025,W4416035020,A5034525369,A5114549594,8,0,0.88888888888888884,0,1,0,7.984803389734406,3.417726683613366,,0,0,0,0,3
2025.emnlp-main.1796,2025,W4416035151,A5038724590,A5073812421,9,0,1,0,1,0,6.4019171967271857,3.2750460963352555,,1,0,0,1,3
2025.emnlp-main.1797,2025,W4416035106,A5120308750,A5102938398,7,0,1,0,1,0,6.6385677891665207,3.3167800398495721,,0,0,0,0,3
2025.emnlp-main.1799,2025,W4416035109,A5100712406,A5064884832,5,0,1,0,1,0,5.1357984370502621,2.19722457733622,,0,1,0,1,3
2025.emnlp-main.18,2025,W4416037422,A5010218019,A5079920323,3,1,1,1,1,1,5.2832037287379885,2.7080502011022101,12.013882554537611,1,0,0,1,3
2025.emnlp-main.180,2025,W4416036872,A5016426491,A5035142405,4,0,1,0,1,0,6.1224928095143865,3.8501476017100575,,1,0,0,1,3
2025.emnlp-main.1800,2025,W4416034995,A5006588855,A5092041881,2,1,1,1,1,1,1.791759469228055,1.5040773967762742,10.168041725095886,0,0,0,0,3
2025.emnlp-main.1802,2025,W4416035068,A5120308740,A5059446980,2,0,1,0,1,0,4.5849674786705723,2.8332133440562162,,0,1,0,1,3
2025.emnlp-main.1805,2025,W4416035115,A5001594887,A5101866564,9,0,1,0,1,0,7.5873105060226154,3.6777061535158113,,0,0,1,1,3
2025.emnlp-main.1807,2025,W4416035128,A5054388208,A5071397402,10,0,1,0,1,0,7.6984827878809456,3.8308129500026022,,0,1,0,1,3
2025.emnlp-main.1808,2025,W4416035127,A5100783581,A5021287757,6,0,1,0,1,0,7.8446326444646806,3.7727609380946383,,0,0,0,0,3
2025.emnlp-main.1809,2025,W4416035057,A5071397402,A5060332228,12,0,1,0,1,0,7.6984827878809456,3.801091444720865,,0,0,0,0,3
2025.emnlp-main.182,2025,W4416037086,A5101840854,A5017205177,7,0,1,0,1,0,6.8211074722564646,3.077970371790963,,0,0,0,0,3
2025.emnlp-main.183,2025,W4416036848,A5087478665,A5101536207,4,0,1,0,1,0,5.0998664278241987,2.6567569067146595,,0,1,0,1,3
2025.emnlp-main.186,2025,W4416037085,A5100741279,A5100440218,3,0,1,0,1,0,6.4002574453088208,3.4552646029324312,,0,0,0,0,3
2025.emnlp-main.189,2025,W4416037069,A5072439636,A5022994077,4,0,1,0,1,0,8.3712421359319329,3.044522437723423,,0,1,0,1,3
2025.emnlp-main.19,2025,W4416037278,A5085444034,A5090893421,5,0,1,0,1,0,7.486613313139955,3.9665111907122159,,1,0,0,1,3
2025.emnlp-main.190,2025,W4416036886,A5101507173,A5120309143,12,0,1,0,1,0,6.6567265241783913,3.2321210516182211,,0,0,0,0,3
2025.emnlp-main.191,2025,W4416036866,A5102566458,A5020672335,5,0,1,0,1,0,7.6251071482389001,3.2884018875168111,,0,0,0,0,3
2025.emnlp-main.192,2025,W4416036896,A5088958298,A5084990114,6,0,1,0,1,0,5.2149357576089859,2.5123056239761148,,0,0,0,0,3
2025.emnlp-main.193,2025,W4416036856,A5101012257,A5007145568,3,1,0.75,1,1,1,5.1647859739235145,3.0602707946915619,8.851233902846035,0,0,0,0,3
2025.emnlp-main.195,2025,W4416037053,A5112128325,A5101077254,5,0,1,0,1,0,5.0998664278241987,2.1041341542702074,,0,0,0,0,3
2025.emnlp-main.196,2025,W4416037048,A5032554701,A5100559340,8,0,0.88888888888888884,0,1,0,6.7821920560067914,2.3978952727983707,,0,1,0,1,3
2025.emnlp-main.197,2025,W4416037064,A5101177063,A5101667898,5,0,0.83333333333333337,0,1,0,5.9269260259704106,2.7972813348301528,,0,1,0,1,3
2025.emnlp-main.20,2025,W4416037242,A5053491106,A5025723803,7,0,1,0,1,0,9.0240107937846901,4.3585386533666677,,0,1,0,1,3
2025.emnlp-main.200,2025,W4416036865,A5101962972,A5087099593,5,0,1,0,1,0,6.5482191027623724,3.3322045101752038,,0,0,0,0,3
2025.emnlp-main.201,2025,W4416036863,A5081710379,A5017671620,6,0,1,0,1,0,8.0090306850697299,3.6763006719070761,,0,0,0,0,3
2025.emnlp-main.202,2025,W4416036858,A5100696234,A5120309140,9,0,0.90000000000000002,0,1,0,7.4821189235521155,2.8779492378976075,,0,0,0,0,3
2025.emnlp-main.204,2025,W4416036841,A5119934112,A5029218568,6,0,0.8571428571428571,0,1,0,7.1631723908466425,3.6463198396951406,,0,0,0,0,3
2025.emnlp-main.205,2025,W4416036864,A5085229789,A5061384088,5,1,1,1,1,1,6.8330317327862007,3.9318256327243257,12.007950920902111,0,0,0,0,3
2025.emnlp-main.207,2025,W4416036854,A5109768010,A5102012008,7,0,1,0,1,0,5.8377304471659404,2.7814776696570278,,1,0,0,1,3
2025.emnlp-main.208,2025,W4416036857,A5053122738,A5023341829,4,0,1,0,1,0,7.1770187659099003,3.617651944825568,,0,1,0,1,3
2025.emnlp-main.209,2025,W4416036860,A5102929987,A5112947579,12,0,1,0,1,0,7.1016759716194438,3.3872111396874161,,0,0,0,0,3
2025.emnlp-main.21,2025,W4416037294,A5120309215,A5077273985,6,0,1,0,1,0,4.6913478822291443,2.5257286443082561,,0,0,0,0,3
2025.emnlp-main.210,2025,W4416036868,A5078220656,A5072484211,5,0,1,0,1,0,6.6758232216348476,3.044522437723423,,0,0,0,0,3
2025.emnlp-main.211,2025,W4416036900,A5111321040,A5100647288,4,0,1,0,1,0,6.045005314036012,3.4011973816621555,,0,0,0,0,3
2025.emnlp-main.212,2025,W4416036828,A5064887293,A5051287176,4,0,1,0,1,0,6.5944134597497781,3.5624655292582776,,0,0,0,0,3
2025.emnlp-main.213,2025,W4416036849,A5101897994,A5100352016,5,0,0.83333333333333337,0,1,0,7.0850642939525477,3.4904285153900978,,0,1,0,1,3
2025.emnlp-main.214,2025,W4416036904,A5101974902,A5043249000,3,0,1,0,1,0,3.2958368660043291,1.8458266904983307,,0,0,0,0,3
2025.emnlp-main.215,2025,W4416036826,A5069105482,A5051566631,13,0,1,0,1,0,6.7580945044277305,2.9239883686951496,,1,1,0,1,3
2025.emnlp-main.216,2025,W4416036832,A5100865667,A5024900991,7,0,0.875,0,1,0,7.007600613951853,3.247046701834897,,0,0,0,0,3
2025.emnlp-main.217,2025,W4416037018,A5041441234,A5109059955,2,1,1,1,1,1,4.8121843553724171,3.4812400893356918,13.010564401495088,0,1,0,1,3
2025.emnlp-main.218,2025,W4416036837,A5101996346,A5112534388,8,0,1,0,1,0,6.3044488024219811,2.9639835752394106,,1,1,0,1,3
2025.emnlp-main.219,2025,W4416036822,A5027004405,A5087088138,6,0,1,0,1,0,7.6078780732785072,3.0602707946915619,,0,0,0,0,3
2025.emnlp-main.221,2025,W4416036807,A5018107666,A5100731998,6,0,0.8571428571428571,0,1,0,6.6187389835172192,3.5312505099103531,,0,0,0,0,3
2025.emnlp-main.222,2025,W4416036831,A5013664694,A5082281005,8,2,0.88888888888888884,1,1,1,7.7570511420320134,4.1005751119727369,10.823013046920211,0,0,0,0,3
2025.emnlp-main.223,2025,W4416037007,A5079039335,A5101403806,7,0,0.875,0,1,0,6.5708829623395841,3.4746248502169728,,0,1,0,1,3
2025.emnlp-main.225,2025,W4416036829,A5103173191,A5014643514,3,0,1,0,1,0,6.2766434893416445,2.8716796248840124,,0,0,0,0,3
2025.emnlp-main.23,2025,W4416037245,A5013622537,A5102989996,3,0,1,0,1,0,6.0137151560428022,2.9267394020670401,,0,0,0,0,3
2025.emnlp-main.230,2025,W4416037039,A5078128168,A5101427338,10,0,1,0,1,0,6.7833252006039597,3.6136169696133895,,0,0,0,0,3
2025.emnlp-main.231,2025,W4416037033,A5081436094,A5102081779,3,0,1,0,1,0,5.4071717714601188,2.3353749158170367,,0,0,0,0,3
2025.emnlp-main.232,2025,W4416036821,A5018696423,A5007926312,5,0,0.83333333333333337,0,1,0,7.5054922747374242,3.9318256327243257,,0,0,0,0,3
2025.emnlp-main.234,2025,W4416036788,A5055036876,A5020840610,7,0,0.875,0,1,0,5.4467373716663099,2.5649493574615367,,0,0,0,0,3
2025.emnlp-main.239,2025,W4416037029,A5120309154,A5120309158,5,0,1,0,1,0,0,0,,0,0,0,0,3
2025.emnlp-main.24,2025,W4416037415,A5100406022,A5029998682,4,0,0.80000000000000004,0,1,0,8.2158177918324533,4.8461536554306317,,0,0,0,0,3
2025.emnlp-main.240,2025,W4416036839,A5087869611,A5104009803,5,1,1,1,1,1,7.1016759716194438,3.9778107459661491,13.442797691327767,0,0,0,0,3
2025.emnlp-main.241,2025,W4416037005,A5087740078,A5102268916,4,0,1,0,1,0,5.579729825986222,2.9575110607337933,,0,0,0,0,3
2025.emnlp-main.243,2025,W4416037040,A5102053486,A5025631695,6,0,1,0,1,0,8.8848872018374028,4.5290088250225278,,0,0,0,0,3
2025.emnlp-main.244,2025,W4416036972,A5111193687,A5101635405,9,0,0.81818181818181823,0,1,0,8.0608557529343159,3.5296231702509777,,0,0,0,0,3
2025.emnlp-main.245,2025,W4416036991,A5039389811,A5024924150,4,0,1,0,1,0,6.2690962837062614,4.1782260462028029,,0,0,0,0,3
2025.emnlp-main.247,2025,W4416036827,A5040692607,A5081758219,6,0,1,0,1,0,4.7273878187123408,2.456735772821304,,0,1,0,1,3
2025.emnlp-main.248,2025,W4416037045,A5064221120,A5007807794,3,0,0.5,0,1,0,7.7106533235012016,4.219507705176107,,0,1,0,1,3
2025.emnlp-main.251,2025,W4416036836,A5104174699,A5113599845,3,0,0.75,0,1,0,6.0799331950955899,3.120895416507997,,0,1,0,1,3
2025.emnlp-main.252,2025,W4416036997,A5100462969,A5101440489,6,0,0.8571428571428571,0,1,0,7.9772819867551501,4.2579739860039032,,0,0,0,0,3
2025.emnlp-main.253,2025,W4416036982,A5034937387,A5025469065,7,0,1,0,1,0,6.3207682942505823,3.622434354705784,,1,0,0,1,3
2025.emnlp-main.255,2025,W4416036998,A5104178156,A5083410012,16,0,0.94117647058823517,0,1,0,7.110696122978827,3.5553480614894131,,0,0,0,0,3
2025.emnlp-main.256,2025,W4416036990,A5016968166,A5119950519,5,0,1,0,1,0,7.3152183897529746,3.3032169733019514,,0,1,0,1,3
2025.emnlp-main.257,2025,W4416036973,A5100665639,A5100945614,11,0,1,0,1,0,6.4614681763537174,3.0992729524948315,,0,0,0,0,3
2025.emnlp-main.258,2025,W4416036838,A5028012159,A5042402520,7,0,0.77777777777777779,0,1,0,7.7617449846589128,3.9034146308915458,,0,0,0,0,3
2025.emnlp-main.259,2025,W4416036787,A5077121819,A5070966744,6,0,1,0,1,0,5.3565862746720123,1.7346010553881064,,0,0,0,0,3
2025.emnlp-main.26,2025,W4416037146,A5015492743,A5064420722,3,0,0.5,0,1,0,5.4806389233419912,2.6625878270254528,,0,0,0,0,3
2025.emnlp-main.260,2025,W4416036791,A5102751833,A5042251906,7,0,1,0,1,0,8.3411717471707618,3.4431615807611875,,0,0,0,0,3
2025.emnlp-main.261,2025,W4416036782,A5085856839,A5120309131,4,0,0.66666666666666663,0,1,0,7.0950643772871311,3.755369195382769,,0,0,0,0,3
2025.emnlp-main.262,2025,W4416036794,A5068783537,A5101795362,4,0,1,0,1,0,4.6347289882296359,2.110213200346589,,0,0,0,0,3
2025.emnlp-main.264,2025,W4416036987,A5080103571,A5061435467,3,0,1,0,1,0,7.3460102099132927,4.2292638801214713,,0,1,0,1,3
2025.emnlp-main.265,2025,W4416036809,A5007040475,A5049196468,3,1,1,1,1,1,4.6051701859880918,2.3978952727983707,12.99792423896246,0,0,0,0,3
2025.emnlp-main.266,2025,W4416036802,A5054348442,A5100711393,5,0,0.83333333333333337,0,1,0,5.6312117818213654,2.4849066497880004,,0,0,0,0,3
2025.emnlp-main.268,2025,W4416036803,A5101652024,A5060249411,3,0,1,0,1,0,6.4425401664681994,3.6287755300442308,,1,0,0,1,3
2025.emnlp-main.269,2025,W4416036980,A5120309151,A5100390850,4,0,0.66666666666666663,0,1,0,7.5147997604886703,3.7612001156935615,,0,1,0,1,3
2025.emnlp-main.27,2025,W4416037161,A5101892331,A5049324268,8,0,0.88888888888888884,0,1,0,6.2728770065461674,3.0563568953704259,,1,0,0,1,3
2025.emnlp-main.271,2025,W4416036777,A5091467752,A5102849115,9,0,1,0,1,0,8.2980416613715651,4.2689201469014,,0,1,0,1,3
2025.emnlp-main.272,2025,W4416036989,A5113126437,A5027448667,8,0,1,0,1,0,7.5626812467218842,3.2958368660043291,,0,0,0,0,3
2025.emnlp-main.275,2025,W4416037042,A5101751726,A5101653971,4,0,1,0,1,0,6.5680779114119758,3.3050535211092531,,1,0,0,1,3
2025.emnlp-main.276,2025,W4416036988,A5100667935,A5010558184,8,0,1,0,1,0,7.0587581525186645,3.5589131276539097,,1,0,0,1,3
2025.emnlp-main.280,2025,W4416037004,A5000803260,A5112443786,4,1,1,1,1,1,7.2442275156033498,4.0474276424343492,13.285831656127492,0,0,0,0,3
2025.emnlp-main.283,2025,W4416036815,A5114619009,A5049196468,3,1,1,1,1,1,4.6051701859880918,2.427748235948052,12.99792423896246,0,0,0,0,3
2025.emnlp-main.284,2025,W4416037034,A5002189012,A5019988958,4,0,1,0,1,0,6.7934661325800096,3.9464244321454784,,0,0,0,0,3
2025.emnlp-main.285,2025,W4416036956,A5020913520,A5064800233,9,0,0.90000000000000002,0,1,0,8.8536654280374503,3.3825052486500029,,0,0,0,0,3
2025.emnlp-main.286,2025,W4416037025,A5022014664,A5048500768,7,0,0.875,0,1,0,7.8422787791173523,4.2025581468623336,,0,0,0,0,3
2025.emnlp-main.287,2025,W4416036797,A5086913695,A5093917254,2,0,1,0,1,0,3.6635616461296463,1.7047480922384253,,1,1,0,1,3
2025.emnlp-main.288,2025,W4416036983,A5080878231,A5062357883,7,0,1,0,1,0,8.556221578383715,3.6853016327660528,,0,0,0,0,3
2025.emnlp-main.293,2025,W4416037036,A5073700416,A5055013560,7,0,1,0,1,0,8.5818567047419592,3.6031659358399062,,1,0,0,1,3
2025.emnlp-main.294,2025,W4416036981,A5102887247,A5089213156,7,0,1,0,1,0,7.3401868353201154,3.8002930414848399,,1,0,0,1,3
2025.emnlp-main.297,2025,W4416036734,A5085546560,A5027803148,3,0,0.75,0,1,0,5.0172798368149243,3.0757749812275281,,0,0,0,0,3
2025.emnlp-main.298,2025,W4416037030,A5100679207,A5112503665,5,0,0.83333333333333337,0,1,0,5.2574953720277815,3.0540011816779669,,0,0,0,0,3
2025.emnlp-main.299,2025,W4416037031,A5039334914,A5036174495,5,0,1,0,1,0,7.2189097076190603,3.7424202210419661,,0,0,0,0,3
2025.emnlp-main.3,2025,W4416037264,A5098672740,A5084505122,4,0,1,0,1,0,6.4425401664681994,3.5409593240373143,,0,0,0,0,3
2025.emnlp-main.300,2025,W4416036722,A5092758415,A5101540090,5,0,1,0,1,0,5.8260001073804499,3.858622228701031,,0,0,0,0,3
2025.emnlp-main.301,2025,W4416037006,A5072246587,A5047140382,6,0,0.8571428571428571,0,1,0,7.7217917768175353,3.9765615265657175,,1,0,0,1,3
2025.emnlp-main.302,2025,W4416036953,A5110106146,A5074865219,5,0,1,0,1,0,8.8910988306166363,3.737669618283368,,0,0,0,0,3
2025.emnlp-main.303,2025,W4416037035,A5092758415,A5100685763,4,0,1,0,1,0,6.230481447578482,3.9936029924205689,,1,0,0,1,3
2025.emnlp-main.304,2025,W4416037046,A5101803711,A5058611515,7,0,0.875,0,1,0,7.5049420683961712,3.5795427900764705,,0,0,0,0,3
2025.emnlp-main.305,2025,W4416037028,A5017790584,A5100362133,9,0,1,0,1,0,7.7587605441576626,3.9469610567894255,,0,0,0,0,3
2025.emnlp-main.306,2025,W4416037027,A5054467660,A5100640649,6,0,1,0,1,0,7.0909098220799844,3.5742165457937962,,1,0,0,1,3
2025.emnlp-main.308,2025,W4416036962,A5102632341,A5089527851,6,0,0.8571428571428571,0,1,0,6.4967749901858634,3.5881378843124043,,0,0,0,0,3
2025.emnlp-main.309,2025,W4416037003,A5044318863,A5101698034,4,0,1,0,1,0,6.6770834612471361,3.5553480614894131,,0,0,0,0,3
2025.emnlp-main.31,2025,W4416037137,A5101397559,A5036357902,8,0,1,0,1,0,9.6591842033862925,4.6138821265901129,,0,0,0,0,3
2025.emnlp-main.310,2025,W4416036698,A5037862554,A5064858748,14,0,1,0,1,0,8.503499864284235,3.7809375985318838,,0,1,0,1,3
2025.emnlp-main.311,2025,W4416037012,A5104246816,A5008581924,12,0,1,0,1,0,7.2577076771600426,3.3081069585961438,,1,0,0,1,3
2025.emnlp-main.312,2025,W4416036967,A5120309150,A5014330688,3,0,0.75,0,1,0,7.6004023345003997,3.4122472178487402,,0,1,0,1,3
2025.emnlp-main.313,2025,W4416037026,A5035227488,A5050899086,5,0,1,0,1,0,5.8805329864007003,3.2884018875168111,,0,0,0,0,3
2025.emnlp-main.317,2025,W4416037044,A5036380421,A5019539533,2,1,1,1,1,1,7.4217757936446471,4.7140245909001735,12.851850402191095,0,0,0,0,3
2025.emnlp-main.32,2025,W4416037143,A5085789933,A5101188934,8,0,0.88888888888888884,0,1,0,5.0369526024136295,2.3393990661167621,,0,0,0,0,3
2025.emnlp-main.320,2025,W4416036740,A5102161468,A5102757632,5,0,1,0,1,0,6.5985090286145152,4.0976723523147758,,1,1,0,1,3
2025.emnlp-main.326,2025,W4416036948,A5100599582,A5101815181,8,0,1,0,1,0,5.4026773818722793,3.0143086591269266,,0,0,0,0,3
2025.emnlp-main.327,2025,W4416036985,A5100396141,A5018288181,5,0,1,0,1,0,6.7381524945959574,3.9080149840306073,,1,1,0,1,3
2025.emnlp-main.328,2025,W4416036725,A5113354569,A5101398253,5,0,1,0,1,0,6.1800166536525722,3.3463891451671604,,0,1,0,1,3
2025.emnlp-main.33,2025,W4416037243,A5100302092,A5110849771,7,0,1,0,1,0,7.2834482287566313,2.7080502011022101,,0,1,0,1,3
2025.emnlp-main.330,2025,W4416037016,A5100607422,A5008171703,5,0,0.83333333333333337,0,1,0,7.3172124083598389,3.6216707044204863,,0,0,0,0,3
2025.emnlp-main.333,2025,W4416037015,A5101999023,A5063675054,9,0,0.90000000000000002,0,1,0,8.955835144218959,4.1217435364102153,,1,0,0,1,3
2025.emnlp-main.334,2025,W4416037017,A5003565607,A5100456847,3,0,0.59999999999999998,0,1,0,5.8377304471659404,3.4863551900024623,,0,0,0,0,3
2025.emnlp-main.336,2025,W4416036992,A5060560792,A5120309152,3,0,0.59999999999999998,0,1,0,1.9459101490553128,0.2876820724517809,,0,0,0,0,3
2025.emnlp-main.337,2025,W4416036739,A5113407835,A5100459875,7,0,1,0,1,0,8.556221578383715,4.1038233061766443,,0,0,0,0,3
2025.emnlp-main.338,2025,W4416036728,A5101732227,A5051786733,8,0,0.80000000000000004,0,1,0,6.4738906963522744,2.6390573296152584,,0,0,0,0,3
2025.emnlp-main.339,2025,W4416037010,A5108047473,A5103000631,9,0,1,0,1,0,8.2321742363839405,3.4863551900024623,,0,0,0,0,3
2025.emnlp-main.340,2025,W4416036641,A5039750293,A5088272987,3,1,1,1,1,1,6.0637852086876078,3.5927355935610339,14.126356514120028,0,0,0,0,3
2025.emnlp-main.341,2025,W4416036700,A5102499785,A5110999110,7,0,1,0,1,0,7.759614150696903,4.1544088029647508,,0,0,0,0,3
2025.emnlp-main.343,2025,W4416036994,A5101971629,A5056561952,7,0,0.875,0,1,0,6.6528630293533473,3.4567672328169663,,0,0,0,0,3
2025.emnlp-main.345,2025,W4416036978,A5033496243,A5063029769,4,1,1,1,1,1,5.181783550292085,2.7568403652716422,11.593426529120846,0,0,0,0,3
2025.emnlp-main.348,2025,W4416036601,A5070111727,A5064683413,2,2,0.66666666666666663,1,1,1,3.5835189384561099,2.917770732084279,8.4375004225069894,0,1,0,1,3
2025.emnlp-main.35,2025,W4416037301,A5104203938,A5029408111,5,0,0.83333333333333337,0,1,0,6.0063531596017325,2.379546134130174,,0,0,0,0,3
2025.emnlp-main.350,2025,W4416036961,A5100618900,A5035395665,5,0,0.625,0,1,0,8.7766300984277166,4.4566701776696478,,0,0,0,0,3
2025.emnlp-main.353,2025,W4416036672,A5100699430,A5063617509,4,1,1,1,1,1,5.8664680569332965,3.2288261557213689,13.250911373509222,0,0,0,0,3
2025.emnlp-main.354,2025,W4416036971,A5084585820,A5107826037,5,0,1,0,1,0,4.219507705176107,2.2617630984737902,,0,0,0,0,3
2025.emnlp-main.355,2025,W4416036977,A5100387764,A5100445204,5,0,1,0,1,0,9.2008959131481838,5.6580875153940724,,0,0,0,0,3
2025.emnlp-main.356,2025,W4416036984,A5006648065,A5109738945,5,0,0.83333333333333337,0,1,0,7.6226639513235952,3.4843122883726618,,0,0,0,0,3
2025.emnlp-main.357,2025,W4416036677,A5033298018,A5100776559,4,0,1,0,1,0,5.5333894887275203,3.2484346271097451,,0,0,0,0,3
2025.emnlp-main.359,2025,W4416036594,A5108867140,A5077976343,6,0,1,0,1,0,7.6549170478483202,4.0401230080554615,,0,0,0,0,3
2025.emnlp-main.36,2025,W4416037467,A5070326893,A5066124369,5,0,0.83333333333333337,0,1,0,6.7357800142423274,3.5438536820636788,,1,0,0,1,3
2025.emnlp-main.361,2025,W4416036975,A5017568845,A5013357764,2,2,1,1,1,1,3.2580965380214821,2.5257286443082561,12.662148481797219,0,1,0,1,3
2025.emnlp-main.366,2025,W4416036995,A5102011950,A5100319229,6,0,0.8571428571428571,0,1,0,7.7756957499152453,4.2219556868147468,,1,0,0,1,3
2025.emnlp-main.368,2025,W4416036669,A5008792199,A5066916130,4,1,1,1,1,1,5.3278761687895813,3.1023420086122493,12.439463513295934,0,1,0,1,3
2025.emnlp-main.37,2025,W4416037226,A5120309192,A5120309196,5,0,1,0,1,0,0,0,,0,0,0,0,3
2025.emnlp-main.370,2025,W4416036561,A5091522099,A5084892128,5,0,1,0,1,0,6.4281052726845962,3.2503744919275719,,0,1,0,1,3
2025.emnlp-main.371,2025,W4416036622,A5068204353,A5051788925,2,0,1,0,1,0,3.5835189384561099,2.4849066497880004,,0,0,0,0,3
2025.emnlp-main.372,2025,W4416036954,A5100398890,A5065675832,6,0,1,0,1,0,8.2947993589925737,4.9320729715931533,,0,0,0,0,3
2025.emnlp-main.373,2025,W4416036979,A5020543095,A5004209770,2,0,1,0,1,0,5.6240175061873385,2.9957322735539909,,0,0,0,0,3
2025.emnlp-main.374,2025,W4416036556,A5056727988,A5046448314,7,0,1,0,1,0,8.3556149957601829,4.3640081291712036,,0,0,0,0,3
2025.emnlp-main.375,2025,W4416036569,A5022397026,A5046448314,10,0,1,0,1,0,8.3556149957601829,4.1367652781060524,,0,0,0,0,3
2025.emnlp-main.377,2025,W4416036969,A5100373451,A5065484189,4,0,0.80000000000000004,0,1,0,6.5680779114119758,3.8763958277849948,,0,0,0,0,3
2025.emnlp-main.378,2025,W4416036525,A5100431658,A5100529545,6,0,1,0,1,0,7.5363639384045111,4.105394398408686,,0,1,0,1,3
2025.emnlp-main.38,2025,W4416037127,A5120309170,A5039363991,7,0,0.77777777777777779,0,1,0,8.4484859934064467,3.692444520278432,,0,0,0,0,3
2025.emnlp-main.380,2025,W4416036951,A5086313562,A5102786375,6,0,1,0,1,0,6.3207682942505823,3.1986731175506811,,0,0,0,0,3
2025.emnlp-main.381,2025,W4416036609,A5002651476,A5077832834,3,0,1,0,1,0,4.9272536851572051,3.2321210516182211,,0,0,0,0,3
2025.emnlp-main.382,2025,W4416036963,A5057842780,A5066376294,7,0,1,0,1,0,7.5054922747374242,3.3524072174927237,,0,0,0,0,3
2025.emnlp-main.384,2025,W4416036643,A5003804285,A5058191990,5,0,0.83333333333333337,0,1,0,8.0060341787490099,3.8416005411316001,,1,1,0,1,3
2025.emnlp-main.388,2025,W4416036955,A5074009618,A5118704596,7,0,1,0,1,0,7.1499168361321086,2.9667447366807385,,0,0,0,0,3
2025.emnlp-main.389,2025,W4416036917,A5114126188,A5102880548,10,0,0.90909090909090917,0,1,0,7.0475172213572961,3.1354942159291497,,0,0,0,0,3
2025.emnlp-main.392,2025,W4416036947,A5052657812,A5016013231,7,0,0.875,0,1,0,7.9529667909231314,3.6413385093449362,,0,0,0,0,3
2025.emnlp-main.393,2025,W4416036711,A5066679332,A5100666886,7,0,0.875,0,1,0,6.0913098820776979,3.2905318137746362,,1,0,0,1,3
2025.emnlp-main.396,2025,W4416036572,A5120002142,A5120002144,3,0,1,0,1,0,0,0,,0,0,0,0,3
2025.emnlp-main.398,2025,W4416036735,A5113929600,A5100393942,6,0,1,0,1,0,7.1846291527173145,3.7954891891721942,,1,0,0,1,3
2025.emnlp-main.399,2025,W4416036965,A5120309149,A5023859439,5,0,1,0,1,0,4.1431347263915326,2.4159137783010487,,0,1,0,1,3
2025.emnlp-main.4,2025,W4416037229,A5053643043,A5035329776,6,0,1,0,1,0,5.5333894887275203,2.8429695190015809,,0,1,0,1,3
2025.emnlp-main.401,2025,W4416036964,A5000166288,A5107006279,12,0,1,0,1,0,6.5012896705403893,3.1060803307228562,,0,0,0,0,3
2025.emnlp-main.402,2025,W4416036579,A5015384121,A5103158330,2,0,1,0,1,0,3.7612001156935615,2.4423470353692043,,0,1,0,1,3
2025.emnlp-main.403,2025,W4416036742,A5120309125,A5085359792,4,0,1,0,1,0,5.1532915944977793,3.5765502691400166,,0,0,0,0,3
2025.emnlp-main.404,2025,W4416036583,A5025788354,A5090458146,4,0,1,0,1,0,5.2522734280466299,2.19722457733622,,0,0,0,0,3
2025.emnlp-main.405,2025,W4416036743,A5101278717,A5105937426,10,0,1,0,1,0,5.9532433342877846,2.7408400239252009,,0,0,0,0,3
2025.emnlp-main.406,2025,W4416036695,A5100348599,A5079222154,6,0,0.8571428571428571,0,1,0,6.678342114654332,3.3262343431887,,0,0,0,0,3
2025.emnlp-main.407,2025,W4416036577,A5086661284,A5000417495,2,1,0.66666666666666663,1,1,1,6.1202974189509503,3.277144732992177,11.217359059354894,0,1,0,1,3
2025.emnlp-main.408,2025,W4416036847,A5100680561,A5103211926,6,0,1,0,1,0,6.363028103540465,3.3202283191284883,,0,1,0,1,3
2025.emnlp-main.409,2025,W4416036683,A5046292952,A5063029769,3,0,0.75,0,1,0,4.4543472962535073,2.427748235948052,,0,0,0,0,3
2025.emnlp-main.410,2025,W4416036570,A5077296767,A5090720315,9,0,1,0,1,0,7.6746174973643626,4.1896547420264252,,0,0,0,0,3
2025.emnlp-main.411,2025,W4416036576,A5067263653,A5002316432,2,0,0.66666666666666663,0,1,0,6.8469431395853793,4.42484663185681,,0,1,0,1,3
2025.emnlp-main.412,2025,W4416036682,A5062602438,A5042251906,10,0,1,0,1,0,8.3411717471707618,3.708682081410116,,0,0,0,0,3
2025.emnlp-main.413,2025,W4416036723,A5101406959,A5112259814,9,0,1,0,1,0,4.9272536851572051,2.3025850929940459,,0,0,0,0,3
2025.emnlp-main.414,2025,W4416036697,A5010412227,A5041559636,6,1,1,1,1,1,5.2729995585637468,3.1849742731925192,8.433376705323127,0,0,0,0,3
2025.emnlp-main.415,2025,W4416036566,A5050750082,A5093081493,5,0,1,0,1,0,5.9506425525877269,3.1441522786722644,,0,1,0,1,3
2025.emnlp-main.416,2025,W4416036651,A5101793479,A5028659798,7,0,1,0,1,0,6.0161571596983539,2.6592600369327779,,0,0,0,0,3
2025.emnlp-main.417,2025,W4416036703,A5068186589,A5036567696,3,0,1,0,1,0,3.6109179126442239,2.9789251552376097,,0,0,0,0,3
2025.emnlp-main.418,2025,W4416036701,A5036049138,A5102820995,4,0,1,0,1,0,5.0498560072495371,2.7568403652716422,,0,0,0,0,3
2025.emnlp-main.419,2025,W4416036706,A5085999236,A5100732450,9,0,0.90000000000000002,0,1,0,9.1269587630371323,3.8665606313513887,,1,0,0,1,3
2025.emnlp-main.42,2025,W4416037305,A5056606589,A5120309219,6,0,1,0,1,0,7.6774004305148074,3.7534179752515073,,0,0,0,0,3
2025.emnlp-main.420,2025,W4416036720,A5100721128,A5042961257,6,0,0.75,0,1,0,6.6821085974498091,3.6930374642625998,,0,0,0,0,3
2025.emnlp-main.422,2025,W4416036535,A5110807628,A5046704537,3,0,1,0,1,0,5.7071102647488754,2.9267394020670401,,0,0,0,0,3
2025.emnlp-main.427,2025,W4416036630,A5100763506,A5001646936,2,1,1,1,1,1,6.1180971980413483,3.3499040872746049,13.299489796140572,0,0,0,0,3
2025.emnlp-main.429,2025,W4416036926,A5074572631,A5013127195,6,0,1,0,1,0,5.8636311755980968,2.8033603809065348,,1,0,0,1,3
2025.emnlp-main.43,2025,W4416037234,A5016679117,A5054035663,6,0,0.8571428571428571,0,1,0,6.9295167707636498,3.6018680771243066,,1,0,0,1,3
2025.emnlp-main.430,2025,W4416036846,A5100433372,A5101477113,6,0,1,0,1,0,7.1623974973557178,3.8572147689331513,,0,0,0,0,3
2025.emnlp-main.432,2025,W4416036650,A5120794135,A5100329117,4,0,1,0,1,0,5.7525726388256331,3.0325462466767075,,0,0,0,0,3
2025.emnlp-main.433,2025,W4416036675,A5068398083,A5100618693,9,0,1,0,1,0,5.1929568508902104,2.3136349291806302,,0,1,0,1,3
2025.emnlp-main.434,2025,W4416036932,A5002713790,A5093836168,9,0,1,0,1,0,6.2971093199339352,2.7300291078209851,,0,0,0,0,3
2025.emnlp-main.435,2025,W4416036842,A5119959306,A5017409996,4,0,1,0,1,0,5.6937321388026998,2.8183982582710758,,0,0,0,0,3
2025.emnlp-main.436,2025,W4416036667,A5097372702,A5111953201,6,0,1,0,1,0,7.0175061429412562,2.0794415416798362,,0,0,0,0,3
2025.emnlp-main.437,2025,W4416036773,A5040552310,A5088832285,5,0,0.83333333333333337,0,1,0,6.261491684321042,3.5145260669691587,,0,0,0,0,3
2025.emnlp-main.438,2025,W4416036661,A5046500459,A5033744547,5,1,1,1,1,1,6.2225762680713688,3.4965075614664798,11.650328104639105,0,0,0,0,3
2025.emnlp-main.44,2025,W4416037145,A5037253679,A5020880385,10,0,1,0,1,0,7.2605225980898522,3.417726683613366,,0,0,0,0,3
2025.emnlp-main.440,2025,W4416036518,A5100849114,A5087710605,9,0,0.90000000000000002,0,1,0,7.5569505720128998,4.2292638801214713,,0,1,0,1,3
2025.emnlp-main.441,2025,W4416036778,A5031378587,A5062807811,7,0,1,0,1,0,7.8465899752911863,4.2382387418821699,,0,0,0,0,3
2025.emnlp-main.442,2025,W4416036783,A5116335788,A5022290876,3,1,1,1,1,1,6.3350542514980592,3.7216692769369271,13.454425905536842,1,0,0,1,3
2025.emnlp-main.443,2025,W4416036937,A5101930357,A5100625753,3,0,0.75,0,1,0,5.43372200355424,2.8526314299133171,,0,0,0,0,3
2025.emnlp-main.447,2025,W4416036597,A5075045576,A5039380414,3,0,1,0,1,0,5.4553211153577017,3.3787245258100969,,0,0,0,0,3
2025.emnlp-main.448,2025,W4416036598,A5113419937,A5032690182,4,0,1,0,1,0,8.3373485644971748,4.6982050519552807,,1,1,0,1,3
2025.emnlp-main.449,2025,W4416036909,A5011914487,A5037636074,18,0,0.94736842105263164,0,1,0,7.5448610686584576,3.1780538303479458,,0,1,0,1,3
2025.emnlp-main.450,2025,W4416036610,A5036169669,A5077832834,5,0,1,0,1,0,6.2402758451707694,3.0910424533583161,,0,1,0,1,3
2025.emnlp-main.452,2025,W4416036646,A5038610148,A5028637336,3,0,1,0,1,0,5.4293456289544411,2.2686835413183641,,0,1,0,1,3
2025.emnlp-main.453,2025,W4416036606,A5100446449,A5100370145,9,0,1,0,1,0,6.8511849274937431,3.6635616461296463,,0,0,0,0,3
2025.emnlp-main.455,2025,W4416036616,A5028457047,A5022973212,3,1,1,1,1,1,6.3969296552161463,3.9639827443588569,13.091722710157825,0,0,0,0,3
2025.emnlp-main.456,2025,W4416036879,A5034712187,A5056657952,8,0,0.88888888888888884,0,1,0,5.6094717951849598,2.6479462770325046,,0,1,0,1,3
2025.emnlp-main.457,2025,W4416036615,A5008847770,A5073089148,4,0,1,0,1,0,7.0440328972746853,3.9019726695746448,,1,0,0,1,3
2025.emnlp-main.459,2025,W4416036825,A5079734726,A5066326238,7,0,1,0,1,0,7.6275443904885032,4.2545990249873764,,1,1,0,1,3
2025.emnlp-main.461,2025,W4416036852,A5062023845,A5038456766,5,0,1,0,1,0,6.4520489544372257,3.992680908445601,,0,1,0,1,3
2025.emnlp-main.464,2025,W4416036851,A5050624359,A5073659320,7,0,1,0,1,0,6.9137373506596846,3.6525118099430616,,0,0,0,0,3
2025.emnlp-main.466,2025,W4416036585,A5120266670,A5099096845,4,1,0.80000000000000004,1,1,1,3.713572066704308,1.6582280766035324,9.2430011542157313,0,0,0,0,3
2025.emnlp-main.467,2025,W4416036596,A5093549029,A5102488100,6,0,1,0,1,0,2.5649493574615367,1.9694406464655076,,0,0,0,0,3
2025.emnlp-main.468,2025,W4416036853,A5027891370,A5081883041,6,0,1,0,1,0,7.642524134232902,3.9153507955208209,,0,0,0,0,3
2025.emnlp-main.469,2025,W4416036830,A5087486426,A5086674741,7,0,0.875,0,1,0,8.0580108008020854,4.1085291972140574,,0,0,0,0,3
2025.emnlp-main.47,2025,W4416037288,A5017171037,A5061216998,2,1,0.66666666666666663,1,1,1,5.9427993751267012,2.917770732084279,11.954188769430344,1,0,0,1,3
2025.emnlp-main.470,2025,W4416036764,A5100622420,A5111205847,6,0,1,0,1,0,6.9479370686149693,3.2386784521643803,,0,0,0,0,3
2025.emnlp-main.472,2025,W4416036776,A5019494573,A5005533034,2,2,1,1,1,1,5.1704839950381514,3.417726683613366,11.530824320457986,0,0,0,0,3
2025.emnlp-main.473,2025,W4416036772,A5071117145,A5012433446,7,0,1,0,1,0,5.7004435733906869,2.7080502011022101,,0,0,0,0,3
2025.emnlp-main.474,2025,W4416036775,A5056476896,A5088124671,8,0,1,0,1,0,6.9884131819995918,3.2337644373619514,,0,0,0,0,3
2025.emnlp-main.475,2025,W4416036584,A5046385613,A5059468860,5,0,1,0,1,0,6.3315018498936908,2.4159137783010487,,0,0,0,0,3
2025.emnlp-main.476,2025,W4416036558,A5120024603,A5046448314,9,0,0.81818181818181823,0,1,0,8.3556149957601829,3.9186675481468152,,0,0,0,0,3
2025.emnlp-main.477,2025,W4416036784,A5003078440,A5048127182,3,0,1,0,1,0,5.1590552992145291,2.2335922215070942,,1,0,0,1,3
2025.emnlp-main.479,2025,W4416036544,A5029113016,A5082767919,5,2,1,1,1,1,6.7923444274708089,3.1696855806774291,12.742153650331932,0,0,0,0,3
2025.emnlp-main.48,2025,W4416037428,A5076397605,A5103073431,3,0,1,0,1,0,6.7274317248508551,3.9053340172773492,,0,1,0,1,3
2025.emnlp-main.481,2025,W4416036758,A5093096676,A5102985946,3,0,1,0,1,0,5.8493247799468593,3.4552646029324312,,0,0,0,0,3
2025.emnlp-main.486,2025,W4416036843,A5041090300,A5052974095,8,0,0.80000000000000004,0,1,0,3.6375861597263857,1.8523840910444895,,0,0,0,0,3
2025.emnlp-main.488,2025,W4416036541,A5111141237,A5079648393,6,1,1,1,1,1,5.9584246930297819,2.5902671654458267,12.825188389469018,0,1,0,1,3
2025.emnlp-main.489,2025,W4416036532,A5087117028,A5080628250,10,0,0.83333333333333337,0,1,0,8.3852605201554127,3.8732821771117161,,0,0,0,0,3
2025.emnlp-main.49,2025,W4416037401,A5101794048,A5053431750,7,0,1,0,1,0,7.0724219005373712,2.8662742063171041,,0,0,0,0,3
2025.emnlp-main.490,2025,W4416036522,A5049844853,A5088112892,5,1,1,1,1,1,5.4205349992722862,3.0252910757955358,11.491885672700962,0,1,0,1,3
2025.emnlp-main.491,2025,W4416036538,A5040428208,A5070941491,19,0,1,0,1,0,5.3327187932653688,2.8667020138102601,,0,0,0,0,3
2025.emnlp-main.492,2025,W4416036524,A5100310298,A5115597722,4,0,0.80000000000000004,0,1,0,6.5294188382622256,3.4812400893356918,,0,0,0,0,3
2025.emnlp-main.494,2025,W4416036919,A5100389414,A5036050911,4,0,0.66666666666666663,0,1,0,6.7007311095478101,3.9219733362813134,,1,0,0,1,3
2025.emnlp-main.500,2025,W4416036927,A5100318955,A5070246702,3,0,1,0,1,0,4.6821312271242199,2.367123614131617,,0,0,0,0,3
2025.emnlp-main.502,2025,W4416036898,A5102542017,A5102968689,5,0,0.83333333333333337,0,1,0,7.6861623034929059,3.4843122883726618,,1,1,0,1,3
2025.emnlp-main.503,2025,W4416036913,A5101370342,A5010558184,4,0,1,0,1,0,8.8848872018374028,4.8732871029450324,,0,0,0,0,3
2025.emnlp-main.504,2025,W4416036789,A5020691628,A5051184573,4,0,1,0,1,0,7.2086003379601991,3.4657359027997265,,0,0,0,0,3
2025.emnlp-main.505,2025,W4416036790,A5102635197,A5100689117,8,0,1,0,1,0,8.5767819828278942,3.7870265152534608,,0,0,0,0,3
2025.emnlp-main.506,2025,W4416036685,A5049603106,A5090171111,4,0,0.80000000000000004,0,1,0,6.6502790485874224,3.7898553714539385,,0,0,0,0,3
2025.emnlp-main.507,2025,W4416036901,A5119679312,A5079648393,4,2,1,1,1,1,5.9584246930297819,2.374905754573672,12.825188389469018,0,1,0,1,3
2025.emnlp-main.508,2025,W4416036875,A5041546544,A5101796507,5,0,0.83333333333333337,0,1,0,5.0172798368149243,2.2823823856765264,,0,0,0,0,3
2025.emnlp-main.510,2025,W4416036769,A5008486397,A5081525024,3,1,0.75,1,1,1,6.2897155709089976,4.3820266346738812,13.383134065110276,0,0,0,0,3
2025.emnlp-main.513,2025,W4416036713,A5039641800,A5011430809,6,0,1,0,1,0,8.2692445211830563,3.6287755300442308,,0,0,0,0,3
2025.emnlp-main.515,2025,W4416036880,A5041590485,A5102488100,6,0,0.8571428571428571,0,1,0,2.5649493574615367,1.6422277352570911,,0,0,0,0,3
2025.emnlp-main.516,2025,W4416036771,A5099380648,A5112315093,2,1,1,1,1,1,6.5250296578434623,3.2958368660043291,13.719262838807245,0,0,0,0,3
2025.emnlp-main.518,2025,W4416036878,A5084811163,A5089655391,7,0,1,0,1,0,7.0800264999225906,3.9836789943345812,,1,0,0,1,3
2025.emnlp-main.519,2025,W4416036894,A5064957640,A5051184573,3,0,1,0,1,0,7.2086003379601991,3.8712010109078911,,0,0,0,0,3
2025.emnlp-main.52,2025,W4416037097,A5101584624,A5088559117,9,4,1,1,1,1,8.4303272583945752,3.6317210402739879,13.091722710157825,1,1,0,1,3
2025.emnlp-main.520,2025,W4416036873,A5028883212,A5018565617,6,0,1,0,1,0,4.7874917427820458,2.367123614131617,,0,0,0,0,3
2025.emnlp-main.521,2025,W4416036890,A5025513989,A5109565051,5,0,1,0,1,0,6.739336627357174,3.5610460826040518,,0,0,0,0,3
2025.emnlp-main.525,2025,W4416036631,A5024712654,A5024434748,4,0,1,0,1,0,8.8912364295160611,3.3843902633457743,,0,0,0,0,3
2025.emnlp-main.526,2025,W4416036687,A5100030171,A5058837356,4,1,1,1,1,1,6.523562306149512,3.7727609380946383,5.4071717714601188,0,0,0,0,3
2025.emnlp-main.527,2025,W4416036707,A5024137967,A5040229087,4,1,0.80000000000000004,1,1,1,5.2364419628299492,1.9095425048844383,6.3062752869480159,0,0,0,0,3
2025.emnlp-main.528,2025,W4416036855,A5073357085,A5103073431,9,0,0.90000000000000002,0,1,0,7.2203738367239492,3.9340019121469214,,0,0,0,0,3
2025.emnlp-main.530,2025,W4416036614,A5026888891,A5076266282,8,0,1,0,1,0,5.2203558250783244,2.8183982582710758,,0,0,0,0,3
2025.emnlp-main.531,2025,W4416036761,A5052400920,A5017835517,4,1,0.66666666666666663,1,1,1,5.4424177105217932,2.4849066497880004,13.604254815815024,0,0,0,0,3
2025.emnlp-main.537,2025,W4416036840,A5031466943,A5101398253,2,0,0.66666666666666663,0,1,0,4.8751973232011512,3.0204248861443626,,0,1,0,1,3
2025.emnlp-main.539,2025,W4416036763,A5041126275,A5005771535,2,0,1,0,1,0,5.5254529391317844,3.417726683613366,,0,0,0,0,3
2025.emnlp-main.54,2025,W4416037130,A5101892331,A5049324268,7,0,0.875,0,1,0,6.6346333578616861,3.0239031505206877,,0,0,0,0,3
2025.emnlp-main.540,2025,W4416036870,A5070173126,A5100668128,5,0,1,0,1,0,6.5581978028122689,3.3877743613300142,,0,0,0,0,3
2025.emnlp-main.541,2025,W4416036545,A5100676474,A5100760812,9,0,1,0,1,0,7.5637196684143664,3.9340019121469214,,0,0,0,0,3
2025.emnlp-main.543,2025,W4416036727,A5066928490,A5077280132,3,0,1,0,1,0,5.6629604801359461,3.0285220963769821,,0,0,0,0,3
2025.emnlp-main.544,2025,W4416036704,A5085966366,A5028220093,10,0,1,0,1,0,7.668093709082406,3.2921262866077932,,0,0,0,0,3
2025.emnlp-main.545,2025,W4416036810,A5053948513,A5078565848,3,1,1,1,1,1,7.8980396907646186,3.9053340172773492,13.311552961876105,1,0,0,1,3
2025.emnlp-main.546,2025,W4416036818,A5012790041,A5037783994,5,5,0.83333333333333337,1,1,1,7.1436176027041212,3.5025498759224432,12.194035488769664,0,0,0,0,3
2025.emnlp-main.547,2025,W4416036644,A5046614781,A5002316432,4,0,1,0,1,0,6.8469431395853793,3.8501476017100575,,0,0,0,0,3
2025.emnlp-main.548,2025,W4416036814,A5022400870,A5012790041,9,5,1,1,1,1,7.7685333009260331,4.0391450128674853,13.470599010324218,0,0,0,0,3
2025.emnlp-main.549,2025,W4416036780,A5004370320,A5026465666,5,0,1,0,1,0,7.3492308246133344,4.0809215418899605,,0,0,0,0,3
2025.emnlp-main.55,2025,W4416037119,A5111026732,A5100706940,10,0,1,0,1,0,7.6309465808904591,3.698829784967105,,0,0,0,0,3
2025.emnlp-main.551,2025,W4416036638,A5079589666,A5089413311,2,1,0.5,1,1,1,8.3943473614173918,4.5900565481780431,13.939856013762062,0,0,0,0,3
2025.emnlp-main.554,2025,W4416036779,A5101965148,A5008772211,5,0,1,0,1,0,8.2204030999337299,3.9318256327243257,,0,0,0,0,3
2025.emnlp-main.555,2025,W4416036508,A5100410682,A5016184654,4,0,1,0,1,0,6.9057532763114642,3.6375861597263857,,1,0,0,1,3
2025.emnlp-main.556,2025,W4416036796,A5024996988,A5004629670,5,0,1,0,1,0,6.5381398237676702,3.5553480614894131,,1,0,0,1,3
2025.emnlp-main.558,2025,W4416036786,A5062319780,A5066422711,3,0,1,0,1,0,6.7799219074722519,4.2484952420493594,,1,0,0,1,3
2025.emnlp-main.560,2025,W4416036429,A5046361703,A5035406249,3,0,1,0,1,0,4.8828019225863706,2.3978952727983707,,0,0,0,0,3
2025.emnlp-main.562,2025,W4416036611,A5046361703,A5018879445,3,0,1,0,1,0,5.4467373716663099,2.7515353130419489,,0,0,0,0,3
2025.emnlp-main.563,2025,W4416036663,A5029479282,A5101258419,4,0,1,0,1,0,4.8598124043616719,3.157000421150113,,0,0,0,0,3
2025.emnlp-main.564,2025,W4416036438,A5103221706,A5042646536,12,0,1,0,1,0,8.6092252768627304,4.1391585780118936,,0,0,0,0,3
2025.emnlp-main.569,2025,W4416036640,A5120309106,A5100447381,5,0,1,0,1,0,7.7367436824534952,4.5910712616085894,,0,0,0,0,3
2025.emnlp-main.57,2025,W4416037140,A5100432583,A5038612499,4,1,1,1,1,1,8.3089382525957785,4.6751625578081262,13.513636250491656,1,0,0,1,3
2025.emnlp-main.570,2025,W4416036427,A5101898225,A5100356973,10,1,0.90909090909090917,1,1,1,8.3684611376158387,3.7750571503549888,12.851850402191095,0,0,0,0,3
2025.emnlp-main.571,2025,W4416036751,A5030663754,A5047778661,4,0,0.80000000000000004,0,1,0,6.2146080984221914,3.0910424533583161,,1,0,0,1,3
2025.emnlp-main.572,2025,W4416036759,A5007559881,A5030248499,6,0,0.8571428571428571,0,1,0,8.1690531499273433,4.6867501729805143,,0,0,0,0,3
2025.emnlp-main.573,2025,W4416036406,A5100567453,A5065317043,4,0,1,0,1,0,5.5451774444795623,2.8903717578961645,,1,0,0,1,3
2025.emnlp-main.575,2025,W4416036749,A5001463799,A5091468612,6,0,1,0,1,0,8.7864566783440008,4.2927399438471161,,0,0,0,0,3
2025.emnlp-main.577,2025,W4416036737,A5007755497,A5050766679,4,0,1,0,1,0,6.6895992691789674,3.912023005428146,,0,0,0,0,3
2025.emnlp-main.579,2025,W4416036705,A5100733425,A5101437268,4,0,0.80000000000000004,0,1,0,7.3132203870903014,3.2386784521643803,,0,0,0,0,3
2025.emnlp-main.582,2025,W4416036736,A5100337413,A5039500313,10,0,1,0,1,0,9.0636947916346955,4.3148178849804317,,0,0,0,0,3
2025.emnlp-main.585,2025,W4416036608,A5091963084,A5092513269,8,0,1,0,1,0,4.8441870864585912,2.810907586541918,,0,0,0,0,3
2025.emnlp-main.587,2025,W4416036702,A5120309115,A5120309121,8,0,1,0,1,0,0,0,,0,0,0,0,3
2025.emnlp-main.588,2025,W4416036590,A5084955495,A5059236838,2,0,0.66666666666666663,0,1,0,6.2728770065461674,4.0859763125515842,,1,0,0,1,3
2025.emnlp-main.589,2025,W4416036354,A5013581829,A5073178563,4,0,0.80000000000000004,0,1,0,4.9272536851572051,2.8478121434773689,,0,1,0,1,3
2025.emnlp-main.59,2025,W4416037265,A5011136999,A5009985839,8,0,1,0,1,0,8.0718431496091583,4.5734214876735111,,1,0,0,1,3
2025.emnlp-main.590,2025,W4416036370,A5016622651,A5049259877,5,0,1,0,1,0,7.5600804650218274,4.0910056609565864,,0,1,0,1,3
2025.emnlp-main.592,2025,W4416036681,A5087613962,A5011708753,4,1,1,1,1,1,5.7493929859082531,2.9575110607337933,11.801204858989957,0,1,0,1,3
2025.emnlp-main.595,2025,W4416036708,A5022676725,A5035902535,6,0,1,0,1,0,7.1123274447109113,3.6109179126442239,,0,0,0,0,3
2025.emnlp-main.597,2025,W4416036655,A5101492567,A5056948852,3,1,1,1,1,1,7.3460102099132927,3.7917368395536442,9.7440814203129165,1,0,0,1,3
2025.emnlp-main.598,2025,W4416036367,A5101653828,A5010382904,5,0,1,0,1,0,5.0434251169192468,2.5336968139574321,,0,0,0,0,3
2025.emnlp-main.60,2025,W4416037107,A5082594835,A5101457713,2,1,1,1,1,1,6.8112443786012937,3.9219733362813134,7.1981835771019433,0,0,0,0,3
2025.emnlp-main.601,2025,W4416036337,A5120309053,A5120309058,6,0,1,0,1,0,0,0,,0,0,0,0,3
2025.emnlp-main.602,2025,W4416036333,A5012112492,A5112998078,6,0,1,0,1,0,6.6720329454610674,3.3730265046954591,,0,0,0,0,3
2025.emnlp-main.604,2025,W4416036659,A5101541718,A5101680803,4,0,1,0,1,0,7.0724219005373712,3.0796137575346929,,0,0,0,0,3
2025.emnlp-main.605,2025,W4416036540,A5100444208,A5091107431,7,0,0.875,0,1,0,8.2493137462606363,3.235873401236772,,0,0,0,0,3
2025.emnlp-main.607,2025,W4416036623,A5099801482,A5049259877,6,0,1,0,1,0,5.730099782973574,2.7621174223724858,,0,0,0,0,3
2025.emnlp-main.608,2025,W4416036563,A5070702509,A5023802054,6,0,1,0,1,0,7.8785341961403619,3.9350882783591423,,0,0,0,0,3
2025.emnlp-main.609,2025,W4416036500,A5062508341,A5100714202,5,0,1,0,1,0,7.0774980535692311,4.1713056033582285,,0,0,0,0,3
2025.emnlp-main.61,2025,W4416037232,A5110958027,A5023198186,6,0,1,0,1,0,6.0185932144962342,2.7300291078209851,,0,0,0,0,3
2025.emnlp-main.611,2025,W4416036654,A5100773025,A5055994909,7,0,1,0,1,0,7.643961949002529,4.062903036387282,,0,0,0,0,3
2025.emnlp-main.612,2025,W4416036440,A5081553625,A5089793938,4,0,1,0,1,0,7.6984827878809456,4.3630986247883632,,0,0,0,0,3
2025.emnlp-main.613,2025,W4416036546,A5100403816,A5100414181,2,2,1,1,1,1,7.4211775285953934,4.6681449851494801,12.571860936485439,0,0,0,0,3
2025.emnlp-main.615,2025,W4416036605,A5077401853,A5055469774,7,0,1,0,1,0,7.8046592970561024,3.9262076404201034,,0,0,0,0,3
2025.emnlp-main.617,2025,W4416036617,A5012596051,A5028135192,8,0,0.88888888888888884,0,1,0,7.8139956750027908,4.0474276424343492,,0,0,0,0,3
2025.emnlp-main.62,2025,W4416037414,A5100902597,A5020880385,8,3,1,1,1,1,7.5973963202127948,3.6375861597263857,13.442797691327767,0,0,0,0,3
2025.emnlp-main.620,2025,W4416036321,A5100411037,A5100352418,4,0,1,0,1,0,8.5414954839392028,4.8694556806334761,,0,0,0,0,3
2025.emnlp-main.622,2025,W4416036582,A5042529505,A5101985055,7,0,1,0,1,0,6.3438804341263308,3.1103356562929947,,0,0,0,0,3
2025.emnlp-main.624,2025,W4416036411,A5101441843,A5057728157,8,0,1,0,1,0,6.7298240704894754,3.614290597122864,,0,0,0,0,3
2025.emnlp-main.625,2025,W4416036648,A5006931295,A5000334344,2,0,0.66666666666666663,0,1,0,5.4424177105217932,3.2580965380214821,,0,0,0,0,3
2025.emnlp-main.626,2025,W4416036629,A5026615691,A5100458897,8,0,1,0,1,0,8.0599083345782763,4.2304767365466809,,0,1,0,1,3
2025.emnlp-main.629,2025,W4416036575,A5048562175,A5046413480,4,0,1,0,1,0,6.7945865808764987,3.0910424533583161,,0,0,0,0,3
2025.emnlp-main.631,2025,W4416036555,A5008033093,A5076002956,4,0,0.80000000000000004,0,1,0,6.9874902470009914,3.8177123259569048,,0,0,0,0,3
2025.emnlp-main.634,2025,W4416036444,A5120309074,A5120309076,3,0,1,0,1,0,0,0,,0,0,0,0,3
2025.emnlp-main.636,2025,W4416036559,A5101927042,A5042819803,8,0,1,0,1,0,6.8627579130514009,3.6041382256588457,,0,0,0,0,3
2025.emnlp-main.637,2025,W4416036564,A5108511550,A5053452551,9,0,0.90000000000000002,0,1,0,8.0705935399495186,4.5409279172597374,,0,0,0,0,3
2025.emnlp-main.638,2025,W4416036420,A5011251992,A5069919112,4,1,0.80000000000000004,1,1,1,6.4630294569206699,3.068052935133617,12.851850402191095,0,0,0,0,3
2025.emnlp-main.639,2025,W4416036571,A5104023493,A5029998682,9,0,1,0,1,0,7.8018004019089728,4.2858827741209797,,0,1,0,1,3
2025.emnlp-main.64,2025,W4416037099,A5058277157,A5090455375,8,0,1,0,1,0,7.2298387781512501,4.1915468901784632,,1,0,0,1,3
2025.emnlp-main.641,2025,W4416036359,A5011251992,A5113392269,6,0,1,0,1,0,6.2576675878826391,2.159484249353373,,0,0,0,0,3
2025.emnlp-main.642,2025,W4416036499,A5120309084,A5101720898,6,0,0.8571428571428571,0,1,0,5.2626901889048856,1.2039728043259359,,0,1,0,1,3
2025.emnlp-main.643,2025,W4416036536,A5120309091,A5100441913,4,0,1,0,1,0,6.5567783561580422,3.3499040872746049,,0,1,0,1,3
2025.emnlp-main.644,2025,W4416036618,A5103221488,A5029689467,10,0,1,0,1,0,5.9584246930297819,2.8033603809065348,,0,0,0,0,3
2025.emnlp-main.645,2025,W4416036436,A5074730876,A5101808664,9,0,1,0,1,0,8.8971353422933159,4.4268406504636744,,0,1,0,1,3
2025.emnlp-main.646,2025,W4416036323,A5039231803,A5019716362,4,0,0.5714285714285714,0,1,0,6.5539334040258108,3.707455839686872,,0,0,0,0,3
2025.emnlp-main.647,2025,W4416036599,A5043882166,A5098970308,5,0,0.83333333333333337,0,1,0,3.8501476017100575,1.9740810260220096,,0,1,0,1,3
2025.emnlp-main.649,2025,W4416036424,A5069130803,A5087099593,4,0,0.5714285714285714,0,1,0,6.5482191027623724,3.4339872044851463,,0,0,0,0,3
2025.emnlp-main.65,2025,W4416037142,A5038033474,A5045125183,3,0,1,0,1,0,7.7471649665203346,4.7184988712950942,,0,0,0,0,3
2025.emnlp-main.650,2025,W4416036595,A5024438719,A5100357254,6,0,0.8571428571428571,0,1,0,4.8903491282217537,2.2512917986064958,,0,0,0,0,3
2025.emnlp-main.653,2025,W4416036374,A5017982536,A5088754502,5,0,1,0,1,0,6.2785214241658442,3.7932394694381792,,1,0,0,1,3
2025.emnlp-main.656,2025,W4416036593,A5111271039,A5088658365,10,0,1,0,1,0,6.6106960447177592,3.3978584803966405,,0,0,0,0,3
2025.emnlp-main.657,2025,W4416036534,A5036753528,A5077832834,5,0,1,0,1,0,4.9272536851572051,3.2503744919275719,,0,1,0,1,3
2025.emnlp-main.658,2025,W4416036586,A5100755405,A5080665569,4,0,1,0,1,0,6.8035052576083377,3.617651944825568,,0,0,0,0,3
2025.emnlp-main.665,2025,W4416036509,A5024344751,A5100328995,5,0,1,0,1,0,7.3607399030582776,4.257030144499196,,0,0,0,0,3
2025.emnlp-main.666,2025,W4416036396,A5000483812,A5045081171,5,1,0.83333333333333337,1,1,1,7.5963923040641959,3.9665111907122159,9.9946984325895123,0,0,0,0,3
2025.emnlp-main.67,2025,W4416037118,A5073128160,A5101085707,6,1,1,1,1,1,6.9216581841511289,3.6287755300442308,13.661364711458669,0,0,0,0,3
2025.emnlp-main.670,2025,W4416036493,A5086854946,A5058291454,6,0,1,0,1,0,7.0732697174597101,3.4863551900024623,,0,1,0,1,3
2025.emnlp-main.671,2025,W4416036271,A5082273996,A5058291454,3,1,0.59999999999999998,1,1,1,5.2729995585637468,2.6149597780361979,13.853207996138478,0,0,0,0,3
2025.emnlp-main.672,2025,W4416036491,A5061586573,A5101523174,6,0,0.75,0,1,0,5.7493929859082531,2.7300291078209851,,0,0,0,0,3
2025.emnlp-main.673,2025,W4416036276,A5114082867,A5076634819,9,0,1,0,1,0,8.1690531499273433,3.4231762883809305,,0,0,0,0,3
2025.emnlp-main.674,2025,W4416036398,A5014654292,A5011007223,6,0,1,0,1,0,7.0656133635977172,4.214593690373678,,0,0,0,0,3
2025.emnlp-main.676,2025,W4416036445,A5001523912,A5008380821,9,0,1,0,1,0,9.6591842033862925,4.5373670826367283,,0,1,0,1,3
2025.emnlp-main.677,2025,W4416036296,A5027634182,A5050402661,9,0,1,0,1,0,7.8574807869425296,3.5896728040304882,,0,1,0,1,3
2025.emnlp-main.678,2025,W4416036361,A5018843152,A5101981128,10,0,0.90909090909090917,0,1,0,7.0335064842876971,3.4045251717548299,,0,1,0,1,3
2025.emnlp-main.679,2025,W4416036437,A5060798694,A5102865824,6,0,1,0,1,0,6.2461067654815627,3.3381392456950185,,0,0,0,0,3
2025.emnlp-main.68,2025,W4416037238,A5024191941,A5035188042,7,0,0.77777777777777779,0,1,0,5.2149357576089859,2.2587824703356527,,0,0,0,0,3
2025.emnlp-main.680,2025,W4416036322,A5102678888,A5100624298,7,0,1,0,1,0,6.2690962837062614,3.3011139231051727,,0,0,0,0,3
2025.emnlp-main.681,2025,W4416036356,A5103233342,A5103239171,4,0,1,0,1,0,5.8021183753770629,3.1986731175506811,,1,1,0,1,3
2025.emnlp-main.682,2025,W4416036501,A5107206951,A5026310569,9,0,1,0,1,0,7.2875606403097235,3.2917131488204672,,0,0,0,0,3
2025.emnlp-main.683,2025,W4416036506,A5041916202,A5062188134,10,0,1,0,1,0,7.5553819442402732,3.5467396869528134,,0,0,0,0,3
2025.emnlp-main.684,2025,W4416036295,A5014883878,A5111217720,3,0,1,0,1,0,5.2470240721604862,2.8716796248840124,,0,1,0,1,3
2025.emnlp-main.685,2025,W4416036285,A5016870572,A5110285832,6,0,1,0,1,0,7.6221745948176221,3.6018680771243066,,0,1,0,1,3
2025.emnlp-main.686,2025,W4416036521,A5007973016,A5086452435,10,0,1,0,1,0,7.8280380321258294,4.1287459889394329,,1,0,0,1,3
2025.emnlp-main.687,2025,W4416036423,A5069142530,A5018051521,4,0,0.80000000000000004,0,1,0,4.9487598903781684,2.224623551524334,,0,0,0,0,3
2025.emnlp-main.689,2025,W4416036345,A5100337295,A5101881857,3,0,0.75,0,1,0,6.1268691841141854,3.5065578973199818,,0,0,0,0,3
2025.emnlp-main.691,2025,W4416036412,A5051919727,A5103148859,7,0,1,0,1,0,7.8103526837242896,4.345658990503007,,1,0,0,1,3
2025.emnlp-main.692,2025,W4416036475,A5000054128,A5066183817,10,0,1,0,1,0,5.8051349689164882,3.1311369105601941,,0,0,0,0,3
2025.emnlp-main.694,2025,W4416036187,A5120309021,A5100449199,2,0,0.66666666666666663,0,1,0,5.0998664278241987,2.3978952727983707,,0,0,0,0,3
2025.emnlp-main.695,2025,W4416036221,A5046520129,A5091466289,7,0,1,0,1,0,7.2327331361776146,3.5715427474093944,,0,1,0,1,3
2025.emnlp-main.696,2025,W4416036300,A5101338292,A5014662947,4,0,1,0,1,0,9.1938044033360846,4.4543472962535073,,0,0,0,0,3
2025.emnlp-main.697,2025,W4416036329,A5027375695,A5044511901,2,1,1,1,1,1,4.9698132995760007,2.8903717578961645,13.010564401495088,0,0,0,0,3
2025.emnlp-main.699,2025,W4416036303,A5030488375,A5083950817,2,0,1,0,1,0,4.4426512564903167,2.3978952727983707,,0,0,0,0,3
2025.emnlp-main.7,2025,W4416037254,A5035174613,A5095740148,5,0,0.83333333333333337,0,1,0,6.7878449823095792,3.6686767467964168,,0,0,0,0,3
2025.emnlp-main.70,2025,W4416037124,A5112535114,A5051731173,4,0,0.80000000000000004,0,1,0,5.5373342670185366,2.19722457733622,,0,0,0,0,3
2025.emnlp-main.701,2025,W4416036435,A5113864257,A5039365023,9,0,0.81818181818181823,0,1,0,7.2262090101006713,3.3322045101752038,,0,0,0,0,3
2025.emnlp-main.703,2025,W4416036384,A5077034449,A5041024491,4,0,1,0,1,0,6.2025355171879228,3.4578927253387008,,0,0,0,0,3
2025.emnlp-main.704,2025,W4416036312,A5100386819,A5037589971,2,0,1,0,1,0,5.0039463059454592,3.2386784521643803,,1,0,0,1,3
2025.emnlp-main.705,2025,W4416036352,A5120309064,A5120309065,6,0,1,0,1,0,7.3401868353201154,3.4863551900024623,,0,0,0,0,3
2025.emnlp-main.706,2025,W4416036301,A5001093904,A5026638047,6,0,1,0,1,0,5.7899601708972535,3.1282214566000697,,0,0,0,0,3
2025.emnlp-main.708,2025,W4416036306,A5108952989,A5042965582,5,0,1,0,1,0,6.6267177492490248,3.7232808808312687,,1,0,0,1,3
2025.emnlp-main.709,2025,W4416036305,A5041928666,A5024224610,5,0,1,0,1,0,6.5395859556176692,3.2657594107670511,,0,0,0,0,3
2025.emnlp-main.711,2025,W4416036326,A5060565615,A5071035619,2,1,1,1,1,1,5.8051349689164882,2.8903717578961645,11.593426529120846,0,0,0,0,3
2025.emnlp-main.713,2025,W4416036410,A5045462389,A5100665987,8,0,1,0,1,0,6.4982821494764336,3.4812400893356918,,0,0,0,0,3
2025.emnlp-main.714,2025,W4416036151,A5120309006,A5120309011,6,0,1,0,1,0,0,0,,0,0,0,0,3
2025.emnlp-main.718,2025,W4416036299,A5080903430,A5111217720,4,0,1,0,1,0,5.6767538022682817,3.4011973816621555,,0,0,0,0,3
2025.emnlp-main.719,2025,W4416036282,A5023977974,A5022334521,4,0,1,0,1,0,7.0509894470680452,3.6506582412937383,,0,0,0,0,3
2025.emnlp-main.72,2025,W4416037125,A5071044930,A5103103242,6,0,0.8571428571428571,0,1,0,7.4512416849876759,4.0633124529743725,,0,0,0,0,3
2025.emnlp-main.720,2025,W4416036413,A5087459652,A5087459652,1,2,0.5,1,1,1,4.3944491546724391,3.5263605246161616,11.935765419095789,1,0,0,1,3
2025.emnlp-main.721,2025,W4416036165,A5062626210,A5100317580,9,0,0.90000000000000002,0,1,0,5.9712618397904622,2.6469625091223721,,0,0,0,0,3
2025.emnlp-main.724,2025,W4416036335,A5100757829,A5100375342,10,0,1,0,1,0,6.6908422774185636,3.5234150143864045,,0,1,0,1,3
2025.emnlp-main.725,2025,W4416036341,A5103938117,A5112221861,10,0,1,0,1,0,7.1340937211928663,3.2809112157876537,,0,0,0,0,3
2025.emnlp-main.726,2025,W4416036153,A5057337000,A5100664731,3,1,0.75,1,1,1,3.4339872044851463,1.8971199848858813,12.963034647920509,0,0,0,0,3
2025.emnlp-main.727,2025,W4416036171,A5056838976,A5101801953,5,1,1,1,1,1,3.713572066704308,1.6094379124341005,10.573698701813017,0,0,0,0,3
2025.emnlp-main.728,2025,W4416036310,A5050054624,A5108356943,10,0,1,0,1,0,7.1974353540965907,3.1311369105601941,,0,0,0,0,3
2025.emnlp-main.73,2025,W4416037112,A5103169944,A5070966744,4,0,1,0,1,0,6.3225652399272843,3.3141860046725258,,0,1,0,1,3
2025.emnlp-main.731,2025,W4416036291,A5114126693,A5100375136,8,0,0.88888888888888884,0,1,0,7.1033220625261126,3.8501476017100575,,1,0,0,1,3
2025.emnlp-main.733,2025,W4416036316,A5103277171,A5109542147,7,0,1,0,1,0,7.6875387662016292,3.7308436532129678,,0,0,0,0,3
2025.emnlp-main.734,2025,W4416036286,A5093129979,A5086633938,5,0,1,0,1,0,5.4026773818722793,3.2657594107670511,,0,1,0,1,3
2025.emnlp-main.735,2025,W4416036251,A5100307712,A5114353815,6,0,0.8571428571428571,0,1,0,6.8511849274937431,3.1354942159291497,,0,0,0,0,3
2025.emnlp-main.736,2025,W4416036319,A5010121102,A5054952724,3,0,1,0,1,0,6.9527286446248686,3.0602707946915619,,0,0,0,0,3
2025.emnlp-main.738,2025,W4416036421,A5069795198,A5076043215,5,0,1,0,1,0,6.444131256700441,3.8999504241938769,,0,0,0,0,3
2025.emnlp-main.739,2025,W4416036405,A5102023003,A5100382077,12,0,1,0,1,0,8.4456971897111668,3.923622141271498,,0,0,0,0,3
2025.emnlp-main.74,2025,W4416037108,A5059658930,A5034435383,5,0,1,0,1,0,7.8192344538590701,3.4339872044851463,,0,0,0,0,3
2025.emnlp-main.740,2025,W4416036378,A5026565447,A5100355692,4,0,1,0,1,0,9.4207633588810111,5.5529595849216173,,0,0,0,0,3
2025.emnlp-main.741,2025,W4416036222,A5086355001,A5005014252,6,0,1,0,1,0,7.9892214088152764,3.4812400893356918,,0,0,0,0,3
2025.emnlp-main.743,2025,W4416036241,A5036088549,A5018803737,2,0,1,0,1,0,7.0273145140397766,3.3322045101752038,,0,1,0,1,3
2025.emnlp-main.744,2025,W4416036330,A5101245892,A5039829612,4,0,0.80000000000000004,0,1,0,6.2785214241658442,3.2088254890146994,,0,0,0,0,3
2025.emnlp-main.745,2025,W4416036277,A5102759648,A5052856441,6,0,0.8571428571428571,0,1,0,8.5754620995402124,3.951243718581428,,0,0,0,0,3
2025.emnlp-main.747,2025,W4416036272,A5103609738,A5100636291,5,0,1,0,1,0,6.5308776277258849,3.5835189384561099,,1,1,0,1,3
2025.emnlp-main.748,2025,W4416036416,A5109319583,A5053932280,4,0,0.80000000000000004,0,1,0,5.3033049080590757,2.8332133440562162,,0,1,0,1,3
2025.emnlp-main.749,2025,W4416036339,A5120309060,A5102962242,6,1,1,1,1,1,2.6390573296152584,1.1526795099383853,11.644795478268083,0,1,0,1,3
2025.emnlp-main.75,2025,W4416037106,A5074505899,A5065949777,8,0,1,0,1,0,7.6774004305148074,3.3715969118858649,,0,0,0,0,3
2025.emnlp-main.751,2025,W4416036397,A5110740828,A5087099593,4,0,0.80000000000000004,0,1,0,7.412160334945205,4.5325994931532563,,0,0,0,0,3
2025.emnlp-main.754,2025,W4416036184,A5120049230,A5120049230,1,0,1,0,1,0,0,0,,0,0,0,0,3
2025.emnlp-main.758,2025,W4416036298,A5100413201,A5100329996,4,0,0.80000000000000004,0,1,0,8.8493705037545691,4.998900037877835,,0,0,0,0,3
2025.emnlp-main.76,2025,W4416037355,A5083932106,A5016839456,2,1,1,1,1,1,4.1588830833596724,2.3978952727983707,12.060815632873036,0,0,0,0,3
2025.emnlp-main.762,2025,W4416036394,A5063568458,A5053850863,4,0,1,0,1,0,6.8885724595653643,4.0253516907351496,,0,0,0,0,3
2025.emnlp-main.765,2025,W4416036193,A5001008157,A5025781094,5,0,1,0,1,0,5.6733232671714928,3.1267605359603952,,0,0,0,0,3
2025.emnlp-main.768,2025,W4416036368,A5101756521,A5036544715,8,0,1,0,1,0,5.5529595849216173,2.8332133440562162,,1,0,0,1,3
2025.emnlp-main.770,2025,W4416036325,A5100343396,A5102004608,3,0,1,0,1,0,7.4360278163518476,3.6635616461296463,,0,0,0,0,3
2025.emnlp-main.771,2025,W4416036314,A5012865091,A5025979359,5,0,0.83333333333333337,0,1,0,6.7464121285733754,3.4843122883726618,,0,0,0,0,3
2025.emnlp-main.773,2025,W4416036353,A5075830100,A5120309066,5,0,1,0,1,0,3.3672958299864741,1.824549292051046,,0,0,0,0,3
2025.emnlp-main.775,2025,W4416036360,A5101186083,A5102004673,2,0,0.66666666666666663,0,1,0,5.0562458053483077,2.6390573296152584,,0,0,0,0,3
2025.emnlp-main.776,2025,W4416036350,A5101701726,A5025450606,3,1,0.75,1,1,1,7.7501841622578365,4.1795023705624077,12.742153650331932,0,0,0,0,3
2025.emnlp-main.777,2025,W4416036152,A5100687867,A5101991159,3,3,1,1,1,1,6.9216581841511289,4.219507705176107,12.491311736330816,0,0,0,0,3
2025.emnlp-main.778,2025,W4416036209,A5072844712,A5069120214,4,0,1,0,1,0,4.8441870864585912,2.5839975524322312,,0,0,0,0,3
2025.emnlp-main.78,2025,W4416037144,A5100365563,A5120309172,6,0,1,0,1,0,7.9116905207083388,3.277144732992177,,0,0,0,0,3
2025.emnlp-main.780,2025,W4416036280,A5032664581,A5029998682,7,0,0.875,0,1,0,7.5027382107548508,3.784189633918261,,1,0,0,1,3
2025.emnlp-main.781,2025,W4416036369,A5110703669,A5057914558,6,0,0.8571428571428571,0,1,0,6.9107507879619359,3.6805112044434201,,1,0,0,1,3
2025.emnlp-main.782,2025,W4416036281,A5092138453,A5101634507,6,1,1,1,1,1,6.9707300781435251,2.9444389791664403,12.007950920902111,0,0,0,0,3
2025.emnlp-main.783,2025,W4416036288,A5093015229,A5103241458,6,0,1,0,1,0,6.5708829623395841,2.159484249353373,,0,1,0,1,3
2025.emnlp-main.788,2025,W4416036362,A5070245671,A5017671620,6,0,1,0,1,0,8.0090306850697299,4.1972019476618083,,0,0,0,0,3
2025.emnlp-main.789,2025,W4416036262,A5118093032,A5111217720,5,0,0.83333333333333337,0,1,0,5.6767538022682817,2.9014215940827497,,0,0,0,0,3
2025.emnlp-main.790,2025,W4416036292,A5033601658,A5072120057,8,0,0.88888888888888884,0,1,0,6.752270376141742,3.2818506240295893,,0,0,0,0,3
2025.emnlp-main.791,2025,W4416036334,A5104123107,A5107897596,3,1,1,1,1,1,5.9532433342877846,2.6855773452501515,12.99792423896246,0,0,0,0,3
2025.emnlp-main.793,2025,W4416036263,A5072989499,A5004991649,8,0,0.88888888888888884,0,1,0,6.4216222678065176,3.4380113547848721,,0,0,0,0,3
2025.emnlp-main.795,2025,W4416036257,A5036629858,A5103073431,6,0,0.8571428571428571,0,1,0,6.7274317248508551,3.3440389678222067,,0,0,0,0,3
2025.emnlp-main.796,2025,W4416036248,A5001230649,A5071542832,7,0,1,0,1,0,6.8987145343299883,3.0975149678639333,,0,0,0,0,3
2025.emnlp-main.797,2025,W4416036418,A5102321745,A5019928111,2,0,1,0,1,0,6.1268691841141854,3.5553480614894131,,0,0,0,0,3
2025.emnlp-main.799,2025,W4416036265,A5043312760,A5019108029,9,0,1,0,1,0,6.8254600362553068,3.0910424533583161,,0,0,0,0,3
2025.emnlp-main.8,2025,W4416037464,A5076242590,A5073443117,5,0,1,0,1,0,5.8464387750577247,2.7850112422383382,,0,0,0,0,3
2025.emnlp-main.807,2025,W4416036393,A5119914039,A5119914039,1,3,1,1,1,1,0,0,12.781550533964696,0,0,0,0,3
2025.emnlp-main.809,2025,W4416036366,A5102793245,A5090730641,5,0,0.7142857142857143,0,1,0,6.2859980945088649,3.6323091026255421,,1,0,0,1,3
2025.emnlp-main.81,2025,W4416037233,A5078308552,A5089793938,4,0,0.80000000000000004,0,1,0,6.9363427358340495,4.2341065045972597,,1,0,0,1,3
2025.emnlp-main.810,2025,W4416036364,A5102694092,A5101881857,6,0,1,0,1,0,7.1585139973293206,3.0204248861443626,,0,0,0,0,3
2025.emnlp-main.815,2025,W4416036238,A5035772408,A5041906762,2,0,1,0,1,0,6.4035741979348151,4.1351665567423561,,0,1,0,1,3
2025.emnlp-main.82,2025,W4416037096,A5069339294,A5100620306,10,0,0.90909090909090917,0,1,0,8.9946688355006739,4.514150787600923,,0,0,0,0,3
2025.emnlp-main.822,2025,W4416036176,A5114337749,A5022138909,2,0,0.66666666666666663,0,1,0,6.2285110035911844,5.6472121231678072,,0,0,0,0,3
2025.emnlp-main.823,2025,W4416036212,A5084507655,A5101979289,10,0,0.90909090909090917,0,1,0,7.2668273475205911,3.5751506887855933,,0,0,0,0,3
2025.emnlp-main.825,2025,W4416036219,A5093836244,A5046521217,2,1,0.66666666666666663,1,1,1,7.020190708311925,4.5538768916005408,11.865924661619536,0,0,0,0,3
2025.emnlp-main.829,2025,W4416036250,A5100412559,A5109585857,10,0,0.76923076923076927,0,1,0,6.1717005974109149,3.068052935133617,,0,1,0,1,3
2025.emnlp-main.830,2025,W4416036180,A5055560341,A5068811427,11,0,0.91666666666666663,0,1,0,8.8360831909922108,3.6447375608840109,,0,1,0,1,3
2025.emnlp-main.832,2025,W4416036256,A5012706915,A5018959690,6,0,1,0,1,0,7.8192344538590701,3.5788785588996079,,0,0,0,0,3
2025.emnlp-main.833,2025,W4416036267,A5069433018,A5112014270,2,0,1,0,1,0,5.1474944768134527,1.8718021769015916,,0,0,0,0,3
2025.emnlp-main.835,2025,W4416036190,A5103494566,A5024343415,11,0,1,0,1,0,8.4200212796639633,3.752707495647909,,1,0,0,1,3
2025.emnlp-main.837,2025,W4416036174,A5111160365,A5113149933,10,0,0.83333333333333337,0,1,0,8.9898183813669252,3.9963641538618968,,0,0,0,0,3
2025.emnlp-main.839,2025,W4416036192,A5088216458,A5100388189,4,0,0.80000000000000004,0,1,0,5.5568280616995374,2.5839975524322312,,0,0,0,0,3
2025.emnlp-main.841,2025,W4416036181,A5038809097,A5081300925,2,0,1,0,1,0,2.19722457733622,1.8718021769015916,,0,0,0,0,3
2025.emnlp-main.842,2025,W4416036195,A5092498985,A5059614371,6,0,1,0,1,0,6.0520891689244172,3.1354942159291497,,0,0,0,0,3
2025.emnlp-main.845,2025,W4416036237,A5120309040,A5090455391,2,0,1,0,1,0,4.1896547420264252,2.7408400239252009,,0,0,0,0,3
2025.emnlp-main.846,2025,W4416036175,A5035596051,A5102924560,2,1,1,1,1,1,5.8861040314501558,3.0204248861443626,10.476893531483524,0,0,0,0,3
2025.emnlp-main.847,2025,W4416036203,A5093013828,A5071246801,2,1,0.5,1,1,1,3.7612001156935615,2.1400661634962708,13.026118961337176,0,0,0,0,3
2025.emnlp-main.848,2025,W4416036217,A5120309034,A5025781094,3,0,0.75,0,1,0,5.9814142112544806,2.8526314299133171,,0,0,0,0,3
2025.emnlp-main.849,2025,W4416036168,A5077410212,A5021314411,4,0,0.80000000000000004,0,1,0,6.045005314036012,2.9311937524164202,,0,0,0,0,3
2025.emnlp-main.85,2025,W4416037313,A5089523939,A5100646415,4,0,1,0,1,0,5.5174528964647074,2.9831534913471307,,0,0,0,0,3
2025.emnlp-main.854,2025,W4416036201,A5009028758,A5110969509,2,1,0.66666666666666663,1,1,1,4.6051701859880918,2.1400661634962708,8.2571262859974297,0,0,0,0,3
2025.emnlp-main.855,2025,W4416036206,A5101879416,A5004474713,7,0,1,0,1,0,9.4207633588810111,5.1841883610702642,,0,1,0,1,3
2025.emnlp-main.856,2025,W4416036430,,,0,0,0,0,0,0,,,,0,0,0,0,3
2025.emnlp-main.857,2025,W4416036199,A5072634415,A5109748022,12,0,1,0,1,0,7.0440328972746853,3.3615321252697239,,0,0,0,0,3
2025.emnlp-main.858,2025,W4416036149,A5120309005,A5110285605,5,1,1,1,1,1,5.0039463059454592,2.1041341542702074,12.732675157107296,0,1,0,1,3
2025.emnlp-main.859,2025,W4416036186,A5076016952,A5076958847,4,1,0.80000000000000004,1,1,1,4.0943445622221004,1.9459101490553128,12.382648561028049,0,0,0,0,3
2025.emnlp-main.860,2025,W4416036216,A5101233321,A5100456534,8,0,0.88888888888888884,0,1,0,8.1980892489561157,4.3788967416649536,,0,0,0,0,3
2025.emnlp-main.863,2025,W4416036194,A5042755676,A5033077515,4,0,1,0,1,0,6.1202974189509503,2.9704144655697009,,0,1,0,1,3
2025.emnlp-main.864,2025,W4416036159,A5020978585,A5076564877,7,0,1,0,1,0,6.444131256700441,3.002849741322855,,1,1,0,1,3
2025.emnlp-main.867,2025,W4416036170,A5100433381,A5031000234,3,0,1,0,1,0,7.0587581525186645,3.9318256327243257,,0,1,0,1,3
2025.emnlp-main.868,2025,W4416036417,A5101617591,A5054482111,6,0,0.8571428571428571,0,1,0,6.739336627357174,3.5361166995615263,,0,0,0,0,3
2025.emnlp-main.869,2025,W4416036441,A5059431779,A5111113722,12,0,0.92307692307692324,0,1,0,7.4175804024145444,3.483800910197365,,0,0,0,0,3
2025.emnlp-main.87,2025,W4416037078,A5100938790,A5007489034,5,0,1,0,1,0,7.6482630309019202,3.8110970868381857,,0,0,0,0,3
2025.emnlp-main.871,2025,W4416036401,A5020373634,A5050468340,4,0,0.5714285714285714,0,1,0,6.6106960447177592,3.3141860046725258,,0,0,0,0,3
2025.emnlp-main.872,2025,W4416036348,A5075518954,A5089404640,6,0,0.8571428571428571,0,1,0,8.7829363563492642,4.7244336068149089,,0,0,0,0,3
2025.emnlp-main.873,2025,W4416036409,A5087770662,A5100748972,5,0,0.7142857142857143,0,1,0,8.0113551091612862,3.6163087612791012,,0,0,0,0,3
2025.emnlp-main.874,2025,W4416036363,A5099042660,A5045824013,3,0,0.75,0,1,0,4.1108738641733114,2.8134107167600364,,0,0,0,0,3
2025.emnlp-main.879,2025,W4416036381,A5100337161,A5100440903,7,1,1,1,1,1,7.9529667909231314,4.0073331852324712,11.977872581576472,0,0,0,0,3
2025.emnlp-main.88,2025,W4416037077,A5034939611,A5029998682,8,0,1,0,1,0,7.5027382107548508,4.0004916534157546,,0,0,0,0,3
2025.emnlp-main.880,2025,W4416036391,A5085297048,A5064195986,3,0,1,0,1,0,6.7417006946520548,3.4011973816621555,,1,0,0,1,3
2025.emnlp-main.881,2025,W4416036392,A5112924039,A5078530959,2,0,1,0,1,0,6.9067547786485539,4.4067192472642533,,0,0,0,0,3
2025.emnlp-main.882,2025,W4416036158,A5048753906,A5100699154,8,0,1,0,1,0,7.4336665401661683,3.8122026701459353,,0,1,0,1,3
2025.emnlp-main.883,2025,W4416036390,A5082954314,A5035744252,3,1,1,1,1,1,6.0354814325247563,3.2054528045360602,11.754608100548191,0,0,0,0,3
2025.emnlp-main.884,2025,W4416036446,A5068668117,A5047878798,8,0,0.88888888888888884,0,1,0,7.9028571912805816,3.9655637723561759,,0,0,0,0,3
2025.emnlp-main.886,2025,W4416036188,A5100669172,A5076318263,6,0,1,0,1,0,6.956545443151569,3.218875824868201,,1,0,0,1,3
2025.emnlp-main.889,2025,W4416036268,A5068871150,A5046521217,2,0,1,0,1,0,7.020190708311925,4.5849674786705723,,0,0,0,0,3
2025.emnlp-main.89,2025,W4416037111,A5101980298,A5036394895,2,0,1,0,1,0,1.791759469228055,1.7047480922384253,,0,0,0,0,3
2025.emnlp-main.891,2025,W4416036228,A5120309037,A5120309037,1,1,1,1,1,1,0,0,10.313708002728152,0,1,0,1,3
2025.emnlp-main.897,2025,W4416036162,A5062965702,A5100375036,7,0,1,0,1,0,7.5120712458354664,3.575550768806933,,0,0,0,0,3
2025.emnlp-main.898,2025,W4416036183,A5100574387,A5043098653,8,0,1,0,1,0,6.5875500148247959,3.3141860046725258,,0,1,0,1,3
2025.emnlp-main.9,2025,W4416037315,A5078389036,A5030414237,3,0,1,0,1,0,5.7071102647488754,3.4231762883809305,,0,1,0,1,3
2025.emnlp-main.900,2025,W4416036269,A5083095101,A5036083786,7,0,1,0,1,0,4.5217885770490405,1.550597412411167,,0,0,0,0,3
2025.emnlp-main.901,2025,W4416036240,A5113307595,A5006335513,4,0,0.80000000000000004,0,1,0,6.8946700394334819,3.597312260588446,,1,1,0,1,3
2025.emnlp-main.903,2025,W4416036161,A5033419891,A5103461973,5,0,1,0,1,0,7.0422861719397432,3.3032169733019514,,1,0,0,1,3
2025.emnlp-main.905,2025,W4416036266,A5079952957,A5100364430,4,1,0.80000000000000004,1,1,1,6.4967749901858634,2.8478121434773689,13.592155734333639,0,0,0,0,3
2025.emnlp-main.906,2025,W4416036164,A5099161595,A5011336242,3,0,1,0,1,0,5.9188938542731462,3.6971782569286313,,0,0,0,0,3
2025.emnlp-main.909,2025,W4416036220,A5110988380,A5021983750,3,0,1,0,1,0,6.3767269478986268,3.4657359027997265,,0,1,0,1,3
2025.emnlp-main.91,2025,W4416037104,A5002621773,A5089413311,6,1,1,1,1,1,8.3943473614173918,3.8103593516516456,12.627493120428465,0,0,0,0,3
2025.emnlp-main.911,2025,W4416036245,A5022036324,A5045045967,7,0,0.875,0,1,0,6.7007311095478101,3.575550768806933,,0,0,0,0,3
2025.emnlp-main.912,2025,W4416036233,A5120309039,A5112924039,4,0,1,0,1,0,7.2520539518528144,4.3502779363593014,,0,0,0,0,3
2025.emnlp-main.913,2025,W4416036225,A5044109341,A5087120983,3,0,0.75,0,1,0,3.6888794541139358,2.3025850929940459,,0,0,0,0,3
2025.emnlp-main.914,2025,W4416036340,A5062250845,A5078512486,8,0,1,0,1,0,5.9687075599853658,3.2337644373619514,,1,1,0,1,3
2025.emnlp-main.915,2025,W4416036154,A5005638214,A5113440529,8,0,1,0,1,0,8.4136088751596674,3.2037621870581527,,1,1,0,1,3
2025.emnlp-main.916,2025,W4416036156,A5120309012,A5109782052,10,0,0.90909090909090917,0,1,0,6.8297937375124249,3.3877743613300142,,0,0,0,0,3
2025.emnlp-main.918,2025,W4416036242,A5113151829,A5032622914,6,0,1,0,1,0,6.0753460310886842,3.3557350075853982,,1,1,0,1,3
2025.emnlp-main.920,2025,W4416036167,A5024632865,A5011504177,6,0,1,0,1,0,7.3434262291473669,3.954443721312098,,1,0,0,1,3
2025.emnlp-main.925,2025,W4416036710,A5100438013,A5049634383,4,0,1,0,1,0,6.4361503683694279,3.9070104636046019,,0,1,0,1,3
2025.emnlp-main.926,2025,W4416036699,A5012673464,A5012462566,2,1,1,1,1,1,4.0073331852324712,1.9459101490553128,12.658802946105451,0,0,0,0,3
2025.emnlp-main.927,2025,W4416036744,A5084520328,A5082644230,2,1,1,1,1,1,8.6559111107280593,4.1351665567423561,13.853207996138478,0,0,0,0,3
2025.emnlp-main.929,2025,W4416036486,A5100778736,A5100328041,5,0,1,0,1,0,6.5792512120101012,3.5890591188317256,,0,0,0,0,3
2025.emnlp-main.93,2025,W4416037113,A5115594100,A5074808403,7,0,1,0,1,0,6.6795991858443831,3.7030640891058928,,0,0,0,0,3
2025.emnlp-main.930,2025,W4416036738,A5033510619,A5055232825,5,0,1,0,1,0,6.39024066706535,3.6838669122903922,,0,1,0,1,3
2025.emnlp-main.931,2025,W4416036746,A5087992415,A5100370145,10,0,1,0,1,0,6.7604146910834277,3.6661224669913199,,0,1,0,1,3
2025.emnlp-main.932,2025,W4416036110,A5104118303,A5057914558,3,0,0.75,0,1,0,9.1068669634999075,4.8828019225863706,,0,0,0,0,3
2025.emnlp-main.936,2025,W4416036673,A5109222389,A5088112892,3,0,1,0,1,0,4.8751973232011512,3.0757749812275281,,0,0,0,0,3
2025.emnlp-main.937,2025,W4416036634,A5100393669,A5100665814,7,0,1,0,1,0,7.4558766874918243,3.7410652072845063,,0,1,0,1,3
2025.emnlp-main.939,2025,W4416036712,A5051310672,A5073132844,2,0,0.66666666666666663,0,1,0,6.9546388648809874,3.5835189384561099,,0,0,0,0,3
2025.emnlp-main.940,2025,W4416036733,A5053786508,A5059676452,4,0,1,0,1,0,9.9656169240016776,4.0073331852324712,,0,0,0,0,3
2025.emnlp-main.941,2025,W4416036607,A5071065126,A5082286441,2,1,1,1,1,1,5.730099782973574,3.417726683613366,10.137927063592189,0,0,0,0,3
2025.emnlp-main.943,2025,W4416036620,A5044608336,A5080144393,7,1,1,1,1,1,7.9017475185201436,3.645076831455544,12.682583183851316,0,0,0,0,3
2025.emnlp-main.945,2025,W4416036096,A5026562669,A5088050789,5,0,0.7142857142857143,0,1,0,7.640603826393634,4.1271343850450917,,0,0,0,0,3
2025.emnlp-main.946,2025,W4416036730,A5103937794,A5107958961,2,1,0.66666666666666663,1,1,1,4.7449321283632502,2.3025850929940459,12.695621516009959,0,0,0,0,3
2025.emnlp-main.947,2025,W4416036469,A5101434645,A5103028641,3,1,1,1,1,1,6.6808546787902152,3.3557350075853982,11.826246043977015,0,0,0,0,3
2025.emnlp-main.949,2025,W4416036621,A5099380805,A5114180759,6,0,0.75,0,1,0,0,0.51082562376599072,,0,0,0,0,3
2025.emnlp-main.95,2025,W4416037065,A5091326079,A5046126345,5,1,1,1,1,1,7.0103118673072293,3.708682081410116,13.592155734333639,1,0,0,1,3
2025.emnlp-main.950,2025,W4416036578,A5120309100,A5007903277,3,0,1,0,1,0,6.4614681763537174,3.0122615755052013,,0,0,0,0,3
2025.emnlp-main.951,2025,W4416036592,A5100327404,A5100378800,6,0,1,0,1,0,9.0126208730021329,4.6051701859880918,,0,1,0,1,3
2025.emnlp-main.952,2025,W4416036680,A5011935447,A5110849771,4,0,1,0,1,0,6.9660241871061128,3.3050535211092531,,0,0,0,0,3
2025.emnlp-main.954,2025,W4416036547,A5101534434,A5113285122,5,0,1,0,1,0,7.3479438231486869,4.1463043011528118,,0,0,0,0,3
2025.emnlp-main.956,2025,W4416036573,A5030600214,A5046836420,9,0,1,0,1,0,8.5784764198331356,4.0661736852554045,,1,0,0,1,3
2025.emnlp-main.957,2025,W4416036553,A5100362865,A5100331482,4,0,0.66666666666666663,0,1,0,7.1372784372603855,4.0386556563615121,,0,0,0,0,3
2025.emnlp-main.958,2025,W4416036581,A5074215663,A5091417920,6,1,1,1,1,1,4.9052747784384296,1.6739764335716716,6.2653012127377101,0,0,0,0,3
2025.emnlp-main.96,2025,W4416037115,A5061646605,A5035909313,3,0,1,0,1,0,5.7525726388256331,2.9444389791664403,,1,0,0,1,3
2025.emnlp-main.960,2025,W4416036658,A5120309108,A5065717258,5,0,1,0,1,0,6.9893352659745602,3.1696855806774291,,0,0,0,0,3
2025.emnlp-main.961,2025,W4416036660,A5085226338,A5059665741,3,0,0.59999999999999998,0,1,0,5.7268477475871968,3.044522437723423,,0,0,0,0,3
2025.emnlp-main.964,2025,W4416036064,A5065305058,A5053319141,5,0,1,0,1,0,4.8903491282217537,2.0281482472922852,,0,0,0,0,3
2025.emnlp-main.965,2025,W4416036567,A5081335273,A5042255975,3,0,1,0,1,0,5.7104270173748697,2.7932080094425169,,1,0,0,1,3
2025.emnlp-main.967,2025,W4416036580,A5115695421,A5107948508,12,0,1,0,1,0,5.6094717951849598,2.7880929087757464,,0,0,0,0,3
2025.emnlp-main.968,2025,W4416036531,A5047498670,A5100440920,7,0,1,0,1,0,7.0850642939525477,3.7444493052687471,,0,0,0,0,3
2025.emnlp-main.97,2025,W4416037101,A5107246646,A5074224097,10,0,0.90909090909090917,0,1,0,6.9884131819995918,3.478158422798284,,1,1,0,1,3
2025.emnlp-main.970,2025,W4416036528,A5055616514,A5112118564,6,0,0.8571428571428571,0,1,0,7.7939990895039957,3.8884131397890118,,1,1,0,1,3
2025.emnlp-main.971,2025,W4416036691,A5101589082,A5022222926,5,0,1,0,1,0,6.7776465936351169,3.1612467120315646,,0,0,0,0,3
2025.emnlp-main.972,2025,W4416036633,A5036432162,A5100333729,6,0,1,0,1,0,8.0980347561760713,3.7534179752515073,,0,1,0,1,3
2025.emnlp-main.975,2025,W4416036073,A5010409966,A5033203619,4,0,1,0,1,0,7.4229712510494208,3.6888794541139358,,0,1,0,1,3
2025.emnlp-main.976,2025,W4416036670,A5000328816,A5101508830,6,0,1,0,1,0,6.7511014689367599,3.6506582412937383,,0,0,0,0,3
2025.emnlp-main.979,2025,W4416036477,A5045140292,A5100784338,4,0,0.80000000000000004,0,1,0,7.0942348459247553,4.2009542972803589,,1,1,0,1,3
2025.emnlp-main.98,2025,W4416037134,A5107953324,A5100689117,4,0,1,0,1,0,8.5767819828278942,4.2484952420493594,,1,0,0,1,3
2025.emnlp-main.980,2025,W4416036128,A5109562260,A5050960677,8,0,1,0,1,0,6.0753460310886842,2.9704144655697009,,0,0,0,0,3
2025.emnlp-main.981,2025,W4416036507,A5034982369,A5109565051,2,2,1,1,1,1,6.739336627357174,3.784189633918261,13.338279272021955,0,1,0,1,3
2025.emnlp-main.982,2025,W4416036551,A5043129695,A5060166716,7,0,0.875,0,1,0,7.7613191809479867,3.513675365088845,,0,0,0,0,3
2025.emnlp-main.983,2025,W4416036487,A5009005391,A5078708021,10,0,1,0,1,0,6.4536249988926917,2.8959119382717802,,1,0,0,1,3
2025.emnlp-main.985,2025,W4416036131,A5111233253,A5099230624,5,0,1,0,1,0,6.8362592772770672,2.8564702062204832,,1,0,0,1,3
2025.emnlp-main.986,2025,W4416036627,A5091069478,A5021900923,7,1,1,1,1,1,6.1717005974109149,2.5084371471981943,7.9302062066846828,0,0,0,0,3
2025.emnlp-main.989,2025,W4416036510,A5043861652,A5100445204,7,0,1,0,1,0,7.5288692566422508,3.9594516989992572,,0,0,0,0,3
2025.emnlp-main.99,2025,W4416037093,A5111222784,A5102835232,6,0,1,0,1,0,7.2406496942554659,3.7216692769369271,,0,0,0,0,3
2025.emnlp-main.991,2025,W4416036051,A5034101506,A5100442321,6,0,0.8571428571428571,0,1,0,6.9107507879619359,3.3081069585961438,,0,1,0,1,3
2025.emnlp-main.992,2025,W4416036123,A5120308999,A5101981352,3,0,1,0,1,0,7.6577552711348655,3.8918202981106265,,0,0,0,0,3
2025.emnlp-main.993,2025,W4416036514,A5004958176,A5103555640,6,2,1,1,1,1,6.300785794663244,3.3381392456950185,12.937454476320037,1,1,0,1,3
2025.emnlp-main.995,2025,W4416036106,A5074304618,A5077768924,7,0,1,0,1,0,8.3556149957601829,4.3585386533666677,,0,1,0,1,3
2025.emnlp-main.998,2025,W4416036494,A5080180981,A5100625998,5,0,1,0,1,0,6.8648477779708603,3.7658404952500648,,0,0,0,0,3
2025.naacl-long.107,2025,W4411119477,A5072806154,A5058024386,8,0,1,0,1,0,6.3733197895770122,2.9109910450989003,,0,0,0,0,3
2025.naacl-long.116,2025,W4411119630,A5065281137,A5033945885,3,1,1,1,1,1,7.383989457978509,3.864232341591797,5.7037824746562009,0,0,0,0,3
2025.naacl-long.130,2025,W4411120189,A5049725398,A5082447472,2,1,1,1,1,1,4.6443908991413725,3.218875824868201,12.742153650331932,0,0,0,0,3
2025.naacl-long.138,2025,W4411119664,A5010279148,A5054060679,7,1,0.875,1,1,1,5.780743515792329,2.4967411074350032,13.012981453378504,0,0,0,0,3
2025.naacl-long.147,2025,W4411119666,A5017071421,A5034154991,5,0,1,0,1,0,7.1172055031643442,4.0741418549045809,,0,0,0,0,3
2025.naacl-long.149,2025,W4411119450,A5117865034,A5042968859,5,1,1,1,1,1,8.8360831909922108,3.7887247890836528,12.382648561028049,0,0,0,0,3
2025.naacl-long.154,2025,W4411119562,A5034752587,A5100405086,2,1,1,1,1,1,6.300785794663244,4.0163830207523885,12.920951963233351,0,0,0,0,3
2025.naacl-long.155,2025,W4411119464,A5099282339,A5022368228,3,1,1,1,1,1,4.6821312271242199,2.7932080094425169,10.245373679001419,0,0,0,0,3
2025.naacl-long.158,2025,W4411119462,A5111136892,A5112248869,4,0,1,0,1,0,6.7979404129749303,3.970291913552122,,0,0,0,0,3
2025.naacl-long.16,2025,W4411119583,A5047554989,A5100407852,3,0,1,0,1,0,8.1616604520562817,5.389071729816501,,0,0,0,0,3
2025.naacl-long.166,2025,W4411120210,A5040138884,A5100446064,9,0,1,0,1,0,8.8100120479731707,4.5906204049733601,,1,0,0,1,3
2025.naacl-long.168,2025,W4411119541,A5021606299,A5041470575,8,0,1,0,1,0,6.7707894239089796,3.5226772791998648,,0,0,0,0,3
2025.naacl-long.169,2025,W4411119907,A5033321937,A5057282504,3,1,1,1,1,1,7.0656133635977172,3.4863551900024623,12.022474273955041,1,0,0,1,3
2025.naacl-long.183,2025,W4411120324,A5059851463,A5026322200,5,2,1,1,1,1,8.4456971897111668,4.4402955427978572,13.309387194556178,0,0,0,0,3
2025.naacl-long.193,2025,W4411120364,A5035905774,A5099052317,4,0,1,0,1,0,3.713572066704308,2.0476928433652555,,0,0,0,0,3
2025.naacl-long.199,2025,W4411120254,A5101336165,A5089413311,6,0,1,0,1,0,8.3943473614173918,4.0312864262549644,,0,0,0,0,3
2025.naacl-long.201,2025,W4411119482,A5100739060,A5039076312,2,1,1,1,1,1,7.6487397889562416,4.4773368144782069,12.742153650331932,0,0,0,0,3
2025.naacl-long.202,2025,W4411119563,A5088122258,A5025559955,4,0,1,0,1,0,7.7523351633022921,3.8286413964890951,,0,0,0,0,3
2025.naacl-long.211,2025,W4411120389,A5104631446,A5104631447,4,0,1,0,1,0,2.0794415416798362,0.69314718055994529,,0,0,0,0,3
2025.naacl-long.213,2025,W4411119899,A5117865145,A5013608601,5,2,1,1,1,1,5.7397929121792339,2.451005098112319,13.309387194556178,0,0,0,0,3
2025.naacl-long.217,2025,W4411119446,A5100586325,A5100675021,5,1,1,1,1,1,6.7968237182748554,3.4339872044851463,12.999669051079737,1,0,0,1,3
2025.naacl-long.232,2025,W4411119316,A5113639637,A5065644953,8,0,0.80000000000000004,0,1,0,6.1268691841141854,3.3542804618744042,,0,0,0,0,3
2025.naacl-long.234,2025,W4411120190,A5109366557,A5117865220,4,0,0.80000000000000004,0,1,0,1.9459101490553128,0.55961578793542266,,0,0,0,0,3
2025.naacl-long.24,2025,W4411119713,A5117865110,A5117865112,4,1,0.80000000000000004,1,1,1,2.4849066497880004,1.2527629684953681,5.2257466737132017,0,0,0,0,3
2025.naacl-long.241,2025,W4411119920,A5108915027,A5064818994,6,0,1,0,1,0,4.8520302639196169,0.40546510810816438,,0,0,0,0,3
2025.naacl-long.245,2025,W4411119472,A5031824581,A5041727387,7,0,1,0,1,0,7.7693786095139838,4.1271343850450917,,0,0,0,0,3
2025.naacl-long.259,2025,W4411119488,A5100657952,A5100338726,6,0,1,0,1,0,7.6138186848086287,4.0223710625970117,,0,0,0,0,3
2025.naacl-long.261,2025,W4411119528,A5015733934,A5090588589,7,1,1,1,1,1,6.9304947659516261,3.7308436532129678,12.457099810332656,0,0,0,0,3
2025.naacl-long.262,2025,W4411119490,A5080213009,A5019106673,16,0,1,0,1,0,5.8916442118257724,3.0081547935525483,,0,0,0,0,3
2025.naacl-long.263,2025,W4411119575,A5003906648,A5100330739,5,0,0.83333333333333337,0,1,0,8.4497705150988036,4.4188406077965983,,0,0,0,0,3
2025.naacl-long.265,2025,W4411120055,A5110962519,A5020276837,10,0,0.90909090909090917,0,1,0,7.0732697174597101,3.0819099697950434,,0,0,0,0,3
2025.naacl-long.269,2025,W4411119502,A5080776231,A5100705849,4,0,1,0,1,0,7.6187423776704133,4.2009542972803589,,0,0,0,0,3
2025.naacl-long.270,2025,W4411119525,A5101247677,A5055963863,3,0,1,0,1,0,4.9416424226093039,2.2686835413183641,,0,0,0,0,3
2025.naacl-long.271,2025,W4411119345,A5024604043,A5073309846,6,0,1,0,1,0,7.5585167430456446,4.0253516907351496,,0,0,0,0,3
2025.naacl-long.272,2025,W4411119539,A5089925243,A5089404640,6,0,1,0,1,0,8.7829363563492642,4.6634390941120669,,1,0,0,1,3
2025.naacl-long.274,2025,W4411119348,A5084836777,A5065856469,8,0,1,0,1,0,8.7484636299420551,3.7524409356036807,,0,0,0,0,3
2025.naacl-long.277,2025,W4411120206,A5092998404,A5092998404,1,1,1,1,1,1,1.791759469228055,2.0794415416798362,11.206902895788218,0,0,0,0,3
2025.naacl-long.280,2025,W4411120238,A5043273418,A5102012404,5,1,1,1,1,1,6.5944134597497781,3.3877743613300142,8.2424931531876258,0,0,0,0,3
2025.naacl-long.282,2025,W4411120434,A5099282540,A5032767467,3,0,1,0,1,0,5.9053618480545707,3.0910424533583161,,0,0,0,0,3
2025.naacl-long.283,2025,W4411120067,A5114198382,A5113149933,6,0,0.8571428571428571,0,1,0,6.1003189520200642,2.5389738710582761,,1,1,0,1,3
2025.naacl-long.284,2025,W4411120393,A5004958176,A5010028928,4,0,1,0,1,0,6.6359465556866466,4.2938782478971769,,0,0,0,0,3
2025.naacl-long.286,2025,W4411119322,A5056798278,A5032957280,7,0,1,0,1,0,6.4785096422085688,3.5992672954242493,,0,0,0,0,3
2025.naacl-long.288,2025,W4411119825,A5045240612,A5014613113,4,0,1,0,1,0,7.6236419465115715,3.784189633918261,,0,1,0,1,3
2025.naacl-long.291,2025,W4411120328,A5092094959,A5073463405,3,3,1,1,1,1,3.4011973816621555,2.7725887222397811,14.517914759786896,0,0,0,0,3
2025.naacl-long.293,2025,W4411120242,A5061120974,A5028578280,3,0,1,0,1,0,6.9527286446248686,3.7992275112828016,,0,0,0,0,3
2025.naacl-long.297,2025,W4411119483,A5100318785,A5047233371,6,0,0.75,0,1,0,7.9452011324127589,3.7573166156671647,,0,0,0,0,3
2025.naacl-long.298,2025,W4411120458,A5033862822,A5032957280,10,0,1,0,1,0,8.3816025371098899,4.4485163759427149,,0,1,0,1,3
2025.naacl-long.3,2025,W4411120167,A5113249715,A5049093671,8,0,1,0,1,0,6.3699009828282271,3.1245651453969594,,0,0,0,0,3
2025.naacl-long.30,2025,W4411120590,A5063383309,A5041434096,11,0,1,0,1,0,8.7293971226920615,3.5910661440914931,,0,1,0,1,3
2025.naacl-long.300,2025,W4411119973,A5085585789,A5075681290,3,0,1,0,1,0,5.8021183753770629,3.3557350075853982,,0,0,0,0,3
2025.naacl-long.302,2025,W4411120192,A5088212422,A5040461332,4,1,0.80000000000000004,1,1,1,5.3752784076841653,2.7880929087757464,10.77945616493168,0,0,0,0,3
2025.naacl-long.303,2025,W4411119262,A5014381991,A5087565126,32,0,1,0,1,0,8.8360831909922108,3.2747834568064969,,1,1,0,1,3
2025.naacl-long.304,2025,W4411119331,A5100886438,A5066091408,11,0,1,0,1,0,7.3145528323240798,3.5101876653705602,,0,0,0,0,3
2025.naacl-long.305,2025,W4411120129,A5111337675,A5077738658,4,0,1,0,1,0,6.5596152374932419,3.2676659890376327,,0,0,0,0,3
2025.naacl-long.306,2025,W4411119289,A5027156022,A5001562064,6,0,0.8571428571428571,0,1,0,6.9479370686149693,2.8716796248840124,,0,0,0,0,3
2025.naacl-long.308,2025,W4411120408,A5063200221,A5038373188,19,0,1,0,1,0,7.0783415795576712,3.3471301603918802,,0,0,0,0,3
2025.naacl-long.309,2025,W4411119306,A5115405322,A5100322268,2,0,1,0,1,0,4.9767337424205742,2.0149030205422647,,1,0,0,1,3
2025.naacl-long.31,2025,W4411120140,A5011008635,A5040051663,6,0,0.75,0,1,0,5.9989365619466826,3.4067375620377707,,0,1,0,1,3
2025.naacl-long.310,2025,W4411119769,A5102755689,A5004194238,6,2,1,1,1,1,7.8632667240095726,4.6523717874723856,12.742153650331932,0,0,0,0,3
2025.naacl-long.312,2025,W4411119491,A5111504093,A5020998070,4,0,1,0,1,0,5.5254529391317844,3.2580965380214821,,0,0,0,0,3
2025.naacl-long.313,2025,W4411119321,A5063635932,A5000467703,3,1,1,1,1,1,6.5072777123850116,3.1918471524802814,10.29701502307125,0,0,0,0,3
2025.naacl-long.315,2025,W4411119437,A5111233250,A5072181882,6,0,1,0,1,0,7.9529667909231314,4.1997050778799272,,0,0,0,0,3
2025.naacl-long.319,2025,W4411119274,A5074356086,A5118899276,4,2,0.80000000000000004,1,1,1,5.4510384535657002,2.110213200346589,12.682583183851316,1,0,0,1,3
2025.naacl-long.320,2025,W4411120161,A5091465435,A5088687787,2,1,0.66666666666666663,1,1,1,5.1357984370502621,2.3025850929940459,13.311552961876105,0,0,0,0,3
2025.naacl-long.321,2025,W4411119425,A5111258265,A5036815754,8,0,1,0,1,0,7.9557757815341867,3.0738500528179431,,0,0,0,0,3
2025.naacl-long.323,2025,W4411119835,A5115695525,A5025631695,8,0,1,0,1,0,8.8848872018374028,5.0312545812989917,,1,0,0,1,3
2025.naacl-long.325,2025,W4411119431,A5117865029,A5117865032,5,0,1,0,1,0,0,0,,0,0,0,0,3
2025.naacl-long.326,2025,W4411119516,A5037533418,A5070905937,2,1,1,1,1,1,6.2106000770246528,3.8394523125933104,12.627493120428465,1,0,0,1,3
2025.naacl-long.327,2025,W4411119507,A5072753988,A5078039217,2,1,1,1,1,1,4.6539603501575231,2.6390573296152584,12.354255553577641,0,0,0,0,3
2025.naacl-long.328,2025,W4411120473,A5031048481,A5082710354,3,1,1,1,1,1,5.1416635565026603,2.5389738710582761,13.086682312298912,0,0,0,0,3
2025.naacl-long.329,2025,W4411119809,A5092441993,A5076826113,5,0,1,0,1,0,7.8785341961403619,3.7232808808312687,,0,0,0,0,3
2025.naacl-long.330,2025,W4411119832,A5059738779,A5101803941,2,1,1,1,1,1,4.5217885770490405,2.6390573296152584,12.017433172669255,1,0,0,1,3
2025.naacl-long.332,2025,W4411119777,A5118525878,A5030309063,5,0,1,0,1,0,10.53294918140994,3.520460802488973,,0,0,0,0,3
2025.naacl-long.333,2025,W4411119309,A5104199719,A5077832834,5,0,1,0,1,0,6.1025585946135692,3.3945083935113587,,0,0,0,0,3
2025.naacl-long.334,2025,W4411119834,A5019517424,A5013977872,5,0,1,0,1,0,3.0910424533583161,2.2407096892759584,,0,0,0,0,3
2025.naacl-long.335,2025,W4411120061,A5114192445,A5034823616,3,0,1,0,1,0,4.5747109785033828,2.2335922215070942,,0,0,0,0,3
2025.naacl-long.338,2025,W4411119481,A5101892657,A5060690192,2,1,1,1,1,1,5.6767538022682817,3.8607297110405954,11.084294078830224,0,0,0,0,3
2025.naacl-long.339,2025,W4411119332,A5092691964,A5073732915,4,0,1,0,1,0,5.2203558250783244,2.6741486494265287,,0,0,0,0,3
2025.naacl-long.34,2025,W4411120586,A5031240530,A5067301751,3,0,1,0,1,0,4.7361984483944957,2.5902671654458267,,0,0,0,0,3
2025.naacl-long.340,2025,W4411119517,A5114994289,A5089085275,6,0,1,0,1,0,5.8777357817796387,3.1918471524802814,,0,0,0,0,3
2025.naacl-long.343,2025,W4411120105,A5103212323,A5066203581,5,0,1,0,1,0,5.8021183753770629,2.8903717578961645,,0,0,0,0,3
2025.naacl-long.346,2025,W4411119313,A5099582909,A5015133105,3,1,1,1,1,1,7.1098794630722724,3.970291913552122,12.867176890943741,1,0,0,1,3
2025.naacl-long.349,2025,W4411119312,A5100587554,A5100378520,8,2,1,1,1,1,7.3297496890415124,4.0880749492085053,12.007950920902111,0,0,0,0,3
2025.naacl-long.350,2025,W4411119442,A5102676471,A5055232825,4,0,1,0,1,0,6.39024066706535,3.6826098411003407,,0,0,0,0,3
2025.naacl-long.351,2025,W4411120144,A5087099593,A5087099593,1,0,0.5,0,1,0,6.5482191027623724,4.6634390941120669,,0,0,0,0,3
2025.naacl-long.355,2025,W4411119756,A5100413662,A5102968689,9,0,1,0,1,0,7.2875606403097235,3.8262230156248132,,0,0,0,0,3
2025.naacl-long.358,2025,W4411119857,A5102554118,A5075992503,3,1,1,1,1,1,4.4067192472642533,1.9459101490553128,12.250912159002866,0,0,0,0,3
2025.naacl-long.362,2025,W4411120233,A5100413662,A5018149714,9,0,1,0,1,0,7.4713630881870969,4.0253516907351496,,0,0,0,0,3
2025.naacl-long.363,2025,W4411119622,A5104198238,A5066203581,6,0,1,0,1,0,5.8021183753770629,2.3978952727983707,,0,0,0,0,3
2025.naacl-long.365,2025,W4411119467,A5115602210,A5013743364,3,2,1,1,1,1,7.3683396863113808,4.1795023705624077,10.823013046920211,0,0,0,0,3
2025.naacl-long.366,2025,W4411119869,A5040945700,A5013639574,3,1,1,1,1,1,5.5568280616995374,3.120895416507997,8.4444074216905847,0,1,0,1,3
2025.naacl-long.369,2025,W4411119315,A5117865008,A5118525837,4,0,1,0,1,0,0,0,,0,0,0,0,3
2025.naacl-long.370,2025,W4411119509,A5017178854,A5014662947,7,0,1,0,1,0,9.1938044033360846,4.0405418562291242,,0,1,0,1,3
2025.naacl-long.371,2025,W4411119288,A5016561885,A5032107191,3,0,0.59999999999999998,0,1,0,5.8664680569332965,3.4657359027997265,,0,0,0,0,3
2025.naacl-long.373,2025,W4411119495,A5055320433,A5060335069,5,0,1,0,1,0,7.6984827878809456,4.0465538983857519,,0,0,0,0,3
2025.naacl-long.374,2025,W4411120050,A5107555216,A5109041721,6,1,1,1,1,1,6.6489845500247764,3.218875824868201,12.658802946105451,0,0,0,0,3
2025.naacl-long.375,2025,W4411119350,A5103014861,A5106944689,12,0,1,0,1,0,8.6859227946907254,4.2755080412954278,,0,0,0,0,3
2025.naacl-long.376,2025,W4411119416,A5023169667,A5104331009,6,0,1,0,1,0,6.9382844840169602,3.0204248861443626,,0,0,0,0,3
2025.naacl-long.378,2025,W4411119300,A5042614311,A5100742676,5,0,1,0,1,0,6.6758232216348476,4.1399550734741526,,0,0,0,0,3
2025.naacl-long.380,2025,W4411120265,A5073233506,A5102396915,7,1,1,1,1,1,7.1884127364969537,3.5914241179632231,9.8084073462858576,0,0,0,0,3
2025.naacl-long.385,2025,W4411119470,A5101430420,A5023931221,6,1,0.8571428571428571,1,1,1,7.2041492920359396,3.9350882783591423,12.998225442078679,0,0,0,0,3
2025.naacl-long.386,2025,W4411119798,A5115597446,A5005912060,7,0,1,0,1,0,6.6214056517641344,3.9916260560271128,,0,0,0,0,3
2025.naacl-long.387,2025,W4411120111,A5114414829,A5078696090,2,0,1,0,1,0,4.0253516907351496,2.6741486494265287,,0,0,0,0,3
2025.naacl-long.389,2025,W4411119390,A5053007363,A5051184573,7,0,1,0,1,0,7.5673456760132396,3.5553480614894131,,0,0,0,0,3
2025.naacl-long.39,2025,W4411119715,A5002964350,A5043793182,3,0,1,0,1,0,4.6913478822291443,2.9267394020670401,,0,0,0,0,3
2025.naacl-long.390,2025,W4411119443,A5060671745,A5085302513,2,0,1,0,1,0,5.1179938124167554,3.277144732992177,,0,0,0,0,3
2025.naacl-long.393,2025,W4411119430,A5100777393,A5101652725,7,0,1,0,1,0,6.0354814325247563,3.218875824868201,,0,0,0,0,3
2025.naacl-long.395,2025,W4411120114,A5027804851,A5109746940,14,0,1,0,1,0,5.0751738152338266,2.123116605182497,,0,0,0,0,3
2025.naacl-long.399,2025,W4411120225,A5008877053,A5042965582,9,0,0.90000000000000002,0,1,0,7.4442486494967053,4.0546793058296693,,0,1,0,1,3
2025.naacl-long.401,2025,W4411120073,A5102735068,A5030650456,2,1,1,1,1,1,5.0937502008067623,2.7725887222397811,11.312166987877603,0,0,0,0,3
2025.naacl-long.402,2025,W4411119417,A5074032387,A5010504829,5,0,1,0,1,0,4.7004803657924166,3.044522437723423,,0,0,0,0,3
2025.naacl-long.403,2025,W4411119370,A5100413487,A5087099593,4,0,1,0,1,0,6.5482191027623724,3.5115454388310208,,0,0,0,0,3
2025.naacl-long.406,2025,W4411119749,A5042549648,A5013793053,3,1,1,1,1,1,6.4425401664681994,3.864232341591797,11.482744569268666,0,0,0,0,3
2025.naacl-long.410,2025,W4411119304,A5108929023,A5016776689,6,0,1,0,1,0,7.1838707150624526,3.7612001156935615,,0,0,0,0,3
2025.naacl-long.412,2025,W4411119697,A5038276570,A5001987532,3,0,1,0,1,0,8.0989467489433391,4.6634390941120669,,0,0,0,0,3
2025.naacl-long.415,2025,W4411119273,A5073224776,A5037162168,8,0,1,0,1,0,5.8998973535824923,2.7080502011022101,,0,0,0,0,3
2025.naacl-long.416,2025,W4411119330,A5008443788,A5114658646,3,1,1,1,1,1,3.8066624897703201,2.456735772821304,12.506343890759831,0,0,0,0,3
2025.naacl-long.418,2025,W4411119261,A5113392952,A5070446496,3,1,1,1,1,1,3.0910424533583161,1.9459101490553128,11.053473965658284,0,0,0,0,3
2025.naacl-long.419,2025,W4411119409,A5102123110,A5082305994,5,0,1,0,1,0,8.503499864284235,4.0842942263685993,,0,1,0,1,3
2025.naacl-long.421,2025,W4411120330,A5052115677,A5094123490,8,0,1,0,1,0,8.1464193230980033,3.9560398908449206,,0,0,0,0,3
2025.naacl-long.423,2025,W4411120198,A5035293475,A5091404726,5,0,1,0,1,0,6.9275579062783166,3.9435216724875168,,0,0,0,0,3
2025.naacl-long.424,2025,W4411119784,A5076947075,A5032602013,5,0,1,0,1,0,6.0544393462693709,3.478158422798284,,0,1,0,1,3
2025.naacl-long.426,2025,W4411119911,A5107568588,A5049570201,12,0,1,0,1,0,5.2933048247244923,2.159484249353373,,0,0,0,0,3
2025.naacl-long.428,2025,W4411120174,A5028863551,A5003976444,3,1,0.75,1,1,1,7.5310163320779155,4.3307333402863311,9.9897111192847436,0,0,0,0,3
2025.naacl-long.429,2025,W4411119721,A5023464943,A5077832834,6,0,1,0,1,0,4.9272536851572051,2.9618307218783091,,0,0,0,0,3
2025.naacl-long.430,2025,W4411119419,A5031912756,A5053710007,6,0,1,0,1,0,7.0130157896396303,3.954443721312098,,0,0,0,0,3
2025.naacl-long.431,2025,W4411120048,A5012381398,A5035142405,2,1,1,1,1,1,5.7838251823297373,3.6243409329763652,13.003741990429662,0,0,0,0,3
2025.naacl-long.432,2025,W4411119752,A5099042660,A5045824013,2,1,1,1,1,1,4.1108738641733114,3.1354942159291497,13.222818481178386,0,0,0,0,3
2025.naacl-long.435,2025,W4411120380,A5084536284,A5076900864,9,0,1,0,1,0,7.5459181512093227,3.4829480316808481,,0,1,0,1,3
2025.naacl-long.436,2025,W4411120444,A5025155925,A5068508539,7,0,1,0,1,0,7.5054922747374242,3.7065790312133369,,0,0,0,0,3
2025.naacl-long.437,2025,W4411119297,A5101200297,A5044665993,7,0,1,0,1,0,7.8422787791173523,3.7776749528970681,,0,1,0,1,3
2025.naacl-long.438,2025,W4411119780,A5040636809,A5044665993,7,0,1,0,1,0,7.8422787791173523,3.797093038754169,,0,0,0,0,3
2025.naacl-long.439,2025,W4411119376,A5016256046,A5100608320,13,0,0.9285714285714286,0,1,0,6.9246123960485599,3.1186304098771451,,0,0,0,0,3
2025.naacl-long.441,2025,W4411120461,A5114337814,A5057029055,4,1,0.80000000000000004,1,1,1,6.4630294569206699,3.068052935133617,12.851850402191095,0,0,0,0,3
2025.naacl-long.442,2025,W4411119850,A5059607973,A5005443526,4,0,1,0,1,0,8.0989467489433391,4.8500752290838136,,0,0,0,0,3
2025.naacl-long.444,2025,W4411119407,A5008492181,A5014866912,5,0,1,0,1,0,6.5381398237676702,3.5553480614894131,,0,0,0,0,3
2025.naacl-long.445,2025,W4411120576,A5100494579,A5001022750,4,0,1,0,1,0,7.8785341961403619,4.219507705176107,,0,0,0,0,3
2025.naacl-long.446,2025,W4411119362,A5100678775,A5117865013,5,1,0.83333333333333337,1,1,1,5.3327187932653688,2.2823823856765264,12.753575365581794,0,0,0,0,3
2025.naacl-long.448,2025,W4411119775,A5116248421,A5021423914,3,0,0.59999999999999998,0,1,0,3.218875824868201,1.791759469228055,,0,0,0,0,3
2025.naacl-long.450,2025,W4411120223,A5108557137,A5027115167,10,0,1,0,1,0,7.3721180283377867,2.9601050959108401,,0,0,0,0,3
2025.naacl-long.451,2025,W4411119745,A5056799238,A5009408707,4,0,1,0,1,0,7.482681828154651,3.5263605246161616,,0,0,0,0,3
2025.naacl-long.452,2025,W4411119343,A5111628405,A5077832834,5,0,1,0,1,0,6.4377516497364011,3.520460802488973,,0,0,0,0,3
2025.naacl-long.454,2025,W4411120118,A5100618741,A5046448314,8,0,1,0,1,0,8.6513743728822572,4.8539814840508786,,1,0,0,1,3
2025.naacl-long.457,2025,W4411119299,A5101156308,A5089539629,4,1,1,1,1,1,6.7867169506050811,3.6441435602725449,12.382648561028049,0,0,0,0,3
2025.naacl-long.459,2025,W4411119365,A5033359034,A5070901998,7,0,0.875,0,1,0,7.7475968386928846,3.9539872045271776,,1,0,0,1,3
2025.naacl-long.460,2025,W4411120182,A5112414151,A5029568096,3,0,1,0,1,0,5.916202062607435,3.6720723357975551,,0,0,0,0,3
2025.naacl-long.464,2025,W4411119358,A5114353445,A5063512925,3,1,1,1,1,1,6.1820849067166321,3.1780538303479458,11.271783407953343,0,0,0,0,3
2025.naacl-long.465,2025,W4411119281,A5114083769,A5081525024,4,0,1,0,1,0,6.2897155709089976,4.098502572370764,,0,0,0,0,3
2025.naacl-long.468,2025,W4411119349,A5017471172,A5100619287,5,0,0.83333333333333337,0,1,0,7.0021559544036212,4.1896547420264252,,0,0,0,0,3
2025.naacl-long.470,2025,W4411120608,A5101895792,A5081525024,4,1,1,1,1,1,6.2897155709089976,4.2121275978784842,13.383134065110276,0,0,0,0,3
2025.naacl-long.471,2025,W4411120411,A5113207970,A5100727355,5,1,1,1,1,1,6.9508147684425836,3.459466289786131,9.4623434519709448,0,0,0,0,3
2025.naacl-long.472,2025,W4411119338,A5010734725,A5006774300,4,0,1,0,1,0,3.2958368660043291,3.1023420086122493,,0,0,0,0,3
2025.naacl-long.474,2025,W4411119279,A5054421000,A5016175345,5,0,1,0,1,0,7.5043915591612382,4.5217885770490405,,0,0,0,0,3
2025.naacl-long.479,2025,W4411119291,A5048794709,A5013152910,3,0,0.75,0,1,0,5.916202062607435,3.2054528045360602,,1,0,0,1,3
2025.naacl-long.480,2025,W4411119781,A5115024384,A5006749298,4,0,1,0,1,0,2.8332133440562162,1.0986122886681098,,0,0,0,0,3
2025.naacl-long.482,2025,W4411119287,A5117864998,A5117865002,5,1,1,1,1,1,0,0,12.99792423896246,0,0,0,0,3
2025.naacl-long.484,2025,W4411119582,A5057337000,A5100664729,3,1,1,1,1,1,5.9401712527204316,2.9444389791664403,12.963034647920509,0,1,0,1,3
2025.naacl-long.488,2025,W4411119874,A5094180270,A5083954626,6,0,1,0,1,0,4.7361984483944957,2.5902671654458267,,0,0,0,0,3
2025.naacl-long.489,2025,W4411119269,A5086568118,A5016214507,5,0,1,0,1,0,6.8885724595653643,2.3978952727983707,,0,0,0,0,3
2025.naacl-long.490,2025,W4411120188,A5050750082,A5022688200,3,0,1,0,1,0,5.730099782973574,3.4657359027997265,,0,0,0,0,3
2025.naacl-long.491,2025,W4411119357,A5021242117,A5027450194,4,0,1,0,1,0,7.6984827878809456,4.7895729089858703,,0,0,0,0,3
2025.naacl-long.492,2025,W4411120304,A5055731225,A5029341868,4,0,1,0,1,0,7.267525427828172,3.6243409329763652,,0,0,0,0,3
2025.naacl-long.494,2025,W4411119344,A5100673440,A5041254552,4,0,1,0,1,0,7.255591274253665,4.2520603082138564,,1,0,0,1,3
2025.naacl-long.495,2025,W4411119653,A5052977581,A5002316432,4,0,1,0,1,0,7.1308988302963465,4.1230939755080867,,0,0,0,0,3
2025.naacl-long.497,2025,W4411120217,A5020671498,A5100443249,6,0,1,0,1,0,6.7417006946520548,3.7054087560651463,,0,0,0,0,3
2025.naacl-long.499,2025,W4411119391,A5101183543,A5117865022,6,0,1,0,1,0,7.6572827929781901,4.0998847425977161,,0,0,0,0,3
2025.naacl-long.5,2025,W4411119545,A5073495657,A5049634383,4,0,1,0,1,0,6.300785794663244,3.7256934272366529,,0,0,0,0,3
2025.naacl-long.50,2025,W4411120637,A5089793938,A5089793938,1,0,0.5,0,1,0,6.9363427358340495,4.3307333402863311,,0,0,0,0,3
2025.naacl-long.501,2025,W4411119290,A5028822004,A5017777434,4,0,1,0,1,0,6.2971093199339352,2.862200880929469,,0,0,0,0,3
2025.naacl-long.503,2025,W4411119744,A5077890622,A5086877012,10,0,1,0,1,0,7.0299729117063858,2.9285235238605409,,0,0,0,0,3
2025.naacl-long.506,2025,W4411119447,A5055668016,A5104360871,3,0,1,0,1,0,6.7286286130847017,3.7917368395536442,,0,1,0,1,3
2025.naacl-long.509,2025,W4411119284,A5000231744,A5010341007,3,0,1,0,1,0,6.2441669006637364,3.4552646029324312,,0,1,0,1,3
2025.naacl-long.513,2025,W4411119352,A5100324423,A5066422711,6,0,1,0,1,0,6.7799219074722519,3.8781214537524646,,0,1,0,1,3
2025.naacl-long.514,2025,W4411120247,A5113296020,A5110897603,4,1,1,1,1,1,7.7727527164687418,3.218875824868201,13.311552961876105,0,0,0,0,3
2025.naacl-long.515,2025,W4411119342,A5101585378,A5034622258,4,0,1,0,1,0,6.9382844840169602,3.9843436670077721,,0,1,0,1,3
2025.naacl-long.516,2025,W4411120057,A5110899115,A5035983004,3,0,1,0,1,0,5.1532915944977793,2.7080502011022101,,0,1,0,1,3
2025.naacl-long.517,2025,W4411120573,A5091957267,A5064675519,3,0,1,0,1,0,3.912023005428146,2.5902671654458267,,0,0,0,0,3
2025.naacl-long.518,2025,W4411119388,A5074345012,A5088410008,4,0,1,0,1,0,6.6489845500247764,3.4420193761824107,,0,0,0,0,3
2025.naacl-long.519,2025,W4411119672,A5112284263,A5044722101,2,0,0.66666666666666663,0,1,0,4.6151205168412597,2.3978952727983707,,0,0,0,0,3
2025.naacl-long.52,2025,W4411119665,A5115638009,A5078102229,2,1,1,1,1,1,7.0048819897128594,4.1510399058986458,12.564341318807363,0,0,0,0,3
2025.naacl-long.521,2025,W4411120482,A5053321639,A5014613113,3,2,1,1,1,1,5.916202062607435,3.3440389678222067,13.139900695726451,0,0,0,0,3
2025.naacl-long.523,2025,W4411119958,A5063424739,A5017305201,5,0,1,0,1,0,4.9767337424205742,2.6246685921631592,,0,0,0,0,3
2025.naacl-long.524,2025,W4411120363,A5039309210,A5051808590,3,0,0.59999999999999998,0,1,0,6.5264948595707901,3.5361166995615263,,0,0,0,0,3
2025.naacl-long.526,2025,W4411119245,A5081841143,A5037674585,3,0,1,0,1,0,6.5806391372849493,3.4657359027997265,,0,0,0,0,3
2025.naacl-long.527,2025,W4411119759,A5093445913,A5072571599,5,2,1,1,1,1,7.3211885567394779,3.7232808808312687,12.176051486418164,0,0,0,0,3
2025.naacl-long.528,2025,W4411119276,A5072786681,A5044635661,3,0,1,0,1,0,6.1696107324914564,3.3322045101752038,,0,0,0,0,3
2025.naacl-long.529,2025,W4411119298,A5008920438,A5109565051,2,2,1,1,1,1,6.739336627357174,3.8918202981106265,13.338279272021955,0,0,0,0,3
2025.naacl-long.531,2025,W4411119294,A5100343644,A5017596591,3,2,1,1,1,1,5.9375362050824263,3.4231762883809305,12.264346270624156,0,0,0,0,3
2025.naacl-long.532,2025,W4411120520,A5114634031,A5114634031,1,0,0.5,0,1,0,0,0.69314718055994529,,0,0,0,0,3
2025.naacl-long.533,2025,W4411119260,A5011211060,A5088834359,8,0,0.80000000000000004,0,1,0,7.3639135014058192,4.2377231450674477,,0,0,0,0,3
2025.naacl-long.534,2025,W4411119293,A5061977643,A5034045968,2,0,1,0,1,0,4.6151205168412597,2.917770732084279,,0,0,0,0,3
2025.naacl-long.536,2025,W4411120143,A5101730153,A5100396980,6,0,1,0,1,0,6.5117453296447279,3.4552646029324312,,1,0,0,1,3
2025.naacl-long.537,2025,W4411119762,A5081553743,A5044266939,3,0,1,0,1,0,4.8121843553724171,2.3353749158170367,,0,0,0,0,3
2025.naacl-long.539,2025,W4411120597,A5099282295,A5065100828,2,1,1,1,1,1,7.0800264999225906,4.6249728132842707,11.509509637669058,0,0,0,0,3
2025.naacl-long.540,2025,W4411119251,A5076948208,A5100397027,5,0,1,0,1,0,6.1612073216950769,3.3393219779440679,,1,0,0,1,3
2025.naacl-long.541,2025,W4411120268,A5061363122,A5017305201,7,0,1,0,1,0,6.2265366692874657,2.553899521274952,,0,0,0,0,3
2025.naacl-long.542,2025,W4411119311,A5092240823,A5078390032,2,0,1,0,1,0,5.7557422135869123,3.2958368660043291,,0,0,0,0,3
2025.naacl-long.543,2025,W4411119700,A5111211992,A5083822059,6,2,1,1,1,1,6.0063531596017325,3.6805112044434201,11.012165676937617,0,0,0,0,3
2025.naacl-long.545,2025,W4411120282,A5100634221,A5100456786,8,0,1,0,1,0,7.1670378769122198,3.9631912920025454,,0,0,0,0,3
2025.naacl-long.546,2025,W4411119307,A5067812275,A5029540488,3,1,1,1,1,1,4.5217885770490405,3.2054528045360602,9.9516584773974195,0,0,0,0,3
2025.naacl-long.547,2025,W4411120525,A5090845635,A5090845635,1,1,1,1,1,1,3.7612001156935615,1.9459101490553128,13.383134065110276,0,0,0,0,3
2025.naacl-long.55,2025,W4411119703,A5063710688,A5087459652,2,2,1,1,1,1,4.3944491546724391,2.9957322735539909,11.935765419095789,1,0,0,1,3
2025.naacl-long.550,2025,W4411119301,A5117865004,A5117865006,3,1,1,1,1,1,0,0,14.126356514120028,0,0,0,0,3
2025.naacl-long.551,2025,W4411120147,A5118525921,A5061754269,3,0,1,0,1,0,6.7787848976851768,3.5835189384561099,,0,0,0,0,3
2025.naacl-long.552,2025,W4411119811,A5050832932,A5103004021,9,0,1,0,1,0,8.503499864284235,3.7054087560651463,,0,0,0,0,3
2025.naacl-long.553,2025,W4411119333,A5014327875,A5102962995,7,0,0.875,0,1,0,7.5196924041165394,3.247046701834897,,0,0,0,0,3
2025.naacl-long.554,2025,W4411120551,A5002937160,A5069912951,7,0,1,0,1,0,8.0861025356691005,4.0604430105464191,,0,0,0,0,3
2025.naacl-long.555,2025,W4411119257,A5116248325,A5044913960,5,0,1,0,1,0,5.2781146592305168,2.7080502011022101,,1,0,0,1,3
2025.naacl-long.557,2025,W4411119238,A5062023845,A5022138909,3,0,1,0,1,0,6.2285110035911844,5.3706380281276624,,0,0,0,0,3
2025.naacl-long.560,2025,W4411119285,A5058654826,A5011117177,5,0,1,0,1,0,5.8493247799468593,2.9957322735539909,,0,0,0,0,3
2025.naacl-long.565,2025,W4411120493,A5088867603,A5041254552,3,2,1,1,1,1,4.3307333402863311,3.2580965380214821,13.047271228800112,0,0,0,0,3
2025.naacl-long.567,2025,W4411120030,A5066244086,A5034488796,5,0,1,0,1,0,3.6888794541139358,2.3025850929940459,,0,0,0,0,3
2025.naacl-long.568,2025,W4411119878,A5014435955,A5010646067,6,0,1,0,1,0,7.4650827363995473,3.6635616461296463,,0,0,0,0,3
2025.naacl-long.569,2025,W4411119280,A5101763947,A5100667490,7,0,0.875,0,1,0,6.9275579062783166,3.4567672328169663,,0,0,0,0,3
2025.naacl-long.570,2025,W4411119259,A5095094590,A5024937008,3,1,1,1,1,1,6.4425401664681994,4.290459441148391,11.482744569268666,0,0,0,0,3
2025.naacl-long.571,2025,W4411120529,A5019199746,A5070578596,5,0,1,0,1,0,6.8079349436999257,3.6584202466292282,,0,0,0,0,3
2025.naacl-long.574,2025,W4411119691,A5104171289,A5087402268,3,0,1,0,1,0,5.5909869805108565,3.1498829533812494,,0,0,0,0,3
2025.naacl-long.575,2025,W4411119264,A5100540192,A5017897937,11,0,1,0,1,0,7.5104305563780063,3.6133719016057912,,0,1,0,1,3
2025.naacl-long.576,2025,W4411120507,A5100662332,A5056639842,2,3,1,1,1,1,6.9402224691196386,4.1108738641733114,13.070292939013326,0,0,0,0,3
2025.naacl-long.577,2025,W4411119635,A5062023845,A5020089275,2,0,1,0,1,0,5.2626901889048856,3.3141860046725258,,0,0,0,0,3
2025.naacl-long.578,2025,W4411120021,A5077035984,A5032046813,21,0,1,0,1,0,8.6092252768627304,4.2117748019672572,,0,0,0,0,3
2025.naacl-long.579,2025,W4411119249,A5067638128,A5052956256,8,0,1,0,1,0,6.7202201551352951,3.0622220148228241,,0,0,0,0,3
2025.naacl-long.58,2025,W4411119668,A5101463446,A5077707500,4,0,1,0,1,0,6.6240652277998935,3.4339872044851463,,0,0,0,0,3
2025.naacl-long.580,2025,W4411119248,A5002734392,A5018138946,6,0,1,0,1,0,6.2576675878826391,3.4285963558502699,,0,0,0,0,3
2025.naacl-long.585,2025,W4411119308,A5103046190,A5013670321,8,0,1,0,1,0,8.0724673693547704,4.4557997293338234,,0,1,0,1,3
2025.naacl-long.587,2025,W4411119270,A5114172387,A5100456986,7,0,1,0,1,0,8.4497705150988036,4.4239908337729137,,0,0,0,0,3
2025.naacl-long.588,2025,W4411119302,A5061388105,A5056376686,3,2,1,1,1,1,4.499809670330265,3.0602707946915619,11.720183507054214,0,1,0,1,3
2025.naacl-long.589,2025,W4411119296,A5082866231,A5065317043,7,0,0.875,0,1,0,6.7345916599729483,3.3964241029094979,,0,0,0,0,3
2025.naacl-long.590,2025,W4411120091,A5100657714,A5021129244,4,1,1,1,1,1,3.4339872044851463,2.2512917986064958,12.851850402191095,1,0,0,1,3
2025.naacl-long.594,2025,W4411120371,A5060292278,A5046126345,17,0,1,0,1,0,7.0103118673072293,2.9225288695306961,,0,0,0,0,3
2025.naacl-long.596,2025,W4411120298,A5094227657,A5053667504,5,0,1,0,1,0,4.219507705176107,2.6390573296152584,,0,0,0,0,3
2025.naacl-long.597,2025,W4411119258,A5056096860,A5060844217,8,0,1,0,1,0,7.0850642939525477,4.1953204795621026,,0,0,0,0,3
2025.naacl-long.599,2025,W4411119310,A5011980726,A5086568118,7,0,1,0,1,0,9.6591842033862925,4.4443305180100365,,0,0,0,0,3
2025.naacl-long.600,2025,W4411119988,A5046235098,A5053442069,52,0,0.9629629629629628,0,1,0,7.8139956750027908,2.7617124820956422,,0,1,0,1,3
2025.naacl-long.601,2025,W4411120381,A5108890722,A5052534316,6,1,1,1,1,1,6.7707894239089796,3.1849742731925192,11.22132907489657,0,0,0,0,3
2025.naacl-long.602,2025,W4411119720,A5075701052,A5024937008,5,0,1,0,1,0,6.0426328336823811,3.4339872044851463,,0,0,0,0,3
2025.naacl-long.603,2025,W4411119268,A5111176662,A5102984975,7,0,1,0,1,0,6.7322107064672059,3.8002930414848399,,1,0,0,1,3
2025.naacl-long.606,2025,W4411119275,A5100712838,A5062265168,5,1,1,1,1,1,4.8202815656050371,2.0014800002101243,11.242310254876202,1,0,0,1,3
2025.naacl-long.610,2025,W4411119263,A5100386682,A5064858748,8,0,1,0,1,0,7.7146774738009274,4.2139777371666458,,0,0,0,0,3
2025.naacl-long.611,2025,W4411119761,A5115587748,A5082447472,3,1,1,1,1,1,6.1268691841141854,3.6888794541139358,12.742153650331932,0,0,0,0,3
2025.naacl-long.612,2025,W4411120203,A5114847446,A5109215309,2,2,1,1,1,1,1.3862943611198906,1.7047480922384253,12.963034647920509,0,0,0,0,3
2025.naacl-long.616,2025,W4411119237,A5018932560,A5004194238,5,1,1,1,1,1,7.8632667240095726,4.4773368144782069,12.742153650331932,0,0,0,0,3
2025.naacl-long.618,2025,W4411119236,A5117864987,A5031809940,4,1,1,1,1,1,7.0850642939525477,3.7436043538031831,13.003741990429662,0,0,0,0,3
2025.naacl-long.619,2025,W4411120308,A5101999829,A5004194238,7,1,1,1,1,1,7.8632667240095726,4.2706959520295511,12.742153650331932,0,0,0,0,3
2025.naacl-long.622,2025,W4411119901,A5100654470,A5027533517,8,0,1,0,1,0,6.7799219074722519,3.5152698379220038,,0,0,0,0,3
2025.naacl-long.624,2025,W4411119143,A5102770580,A5030006294,3,1,1,1,1,1,4.4308167988433134,2.2686835413183641,12.70898201829919,0,0,0,0,3
2025.naacl-long.625,2025,W4411119986,A5108619558,A5033376109,4,0,1,0,1,0,7.5652752818989315,3.8763958277849948,,0,1,0,1,3
2025.naacl-long.626,2025,W4411120435,A5063635522,A5063223989,3,0,1,0,1,0,5.4205349992722862,2.7932080094425169,,0,0,0,0,3
2025.naacl-long.628,2025,W4411119157,A5103226212,A5067651075,3,1,1,1,1,1,5.0369526024136295,2.8526314299133171,12.70898201829919,0,0,0,0,3
2025.naacl-long.629,2025,W4411120351,A5035960421,A5067981207,3,0,1,0,1,0,2.0794415416798362,2.0794415416798362,,0,0,0,0,3
2025.naacl-long.63,2025,W4411120384,A5008270346,A5032352025,6,0,0.8571428571428571,0,1,0,6.7417006946520548,3.4231762883809305,,0,0,0,0,3
2025.naacl-long.630,2025,W4411120089,A5055731225,A5054484216,4,0,1,0,1,0,7.267525427828172,3.6243409329763652,,0,0,0,0,3
2025.naacl-long.632,2025,W4411119152,A5024503972,A5073748464,5,0,1,0,1,0,6.444131256700441,3.784189633918261,,0,1,0,1,3
2025.naacl-long.634,2025,W4411119148,A5102770580,A5067651075,4,0,1,0,1,0,5.0369526024136295,2.8763855159214247,,0,0,0,0,3
2025.naacl-long.636,2025,W4411119127,A5067614269,A5102810205,2,1,1,1,1,1,5.9687075599853658,3.1354942159291497,12.695621516009959,0,1,0,1,3
2025.naacl-long.68,2025,W4411120220,A5036819374,A5047827615,5,0,1,0,1,0,5.7333412768977459,2.6672282065819548,,0,0,0,0,3
2025.naacl-long.73,2025,W4411119607,A5099282403,A5049867893,4,1,1,1,1,1,4.7706846244656651,2.6912430827858289,8.1300590399927959,0,0,0,0,3
2025.naacl-long.86,2025,W4411119690,A5071217987,A5020880385,6,0,0.75,0,1,0,7.2605225980898522,3.6635616461296463,,0,0,0,0,3
2025.naacl-long.91,2025,W4411119486,A5114633655,A5102901191,4,0,1,0,1,0,4.2626798770413163,2.110213200346589,,0,0,0,0,3
