paper_id,year,venue,model_reported,strict_reported
2020.acl-main.1,2020,ACL,0,0
2020.acl-main.10,2020,ACL,0,0
2020.acl-main.100,2020,ACL,0,0
2020.acl-main.101,2020,ACL,0,0
2020.acl-main.102,2020,ACL,0,0
2020.acl-main.103,2020,ACL,0,0
2020.acl-main.104,2020,ACL,0,0
2020.acl-main.105,2020,ACL,0,0
2020.acl-main.106,2020,ACL,0,0
2020.acl-main.107,2020,ACL,0,0
2020.acl-main.108,2020,ACL,0,0
2020.acl-main.109,2020,ACL,0,0
2020.acl-main.11,2020,ACL,0,0
2020.acl-main.110,2020,ACL,0,0
2020.acl-main.111,2020,ACL,0,0
2020.acl-main.112,2020,ACL,0,0
2020.acl-main.113,2020,ACL,0,0
2020.acl-main.114,2020,ACL,0,0
2020.acl-main.115,2020,ACL,0,0
2020.acl-main.116,2020,ACL,0,0
2020.acl-main.117,2020,ACL,0,0
2020.acl-main.118,2020,ACL,0,0
2020.acl-main.119,2020,ACL,1,0
2020.acl-main.12,2020,ACL,0,0
2020.acl-main.120,2020,ACL,0,0
2020.acl-main.121,2020,ACL,1,0
2020.acl-main.122,2020,ACL,0,0
2020.acl-main.123,2020,ACL,0,0
2020.acl-main.124,2020,ACL,0,0
2020.acl-main.125,2020,ACL,1,0
2020.acl-main.126,2020,ACL,0,0
2020.acl-main.127,2020,ACL,0,0
2020.acl-main.128,2020,ACL,0,0
2020.acl-main.129,2020,ACL,1,1
2020.acl-main.13,2020,ACL,0,0
2020.acl-main.130,2020,ACL,0,0
2020.acl-main.131,2020,ACL,0,0
2020.acl-main.132,2020,ACL,0,0
2020.acl-main.133,2020,ACL,1,0
2020.acl-main.134,2020,ACL,0,0
2020.acl-main.135,2020,ACL,0,0
2020.acl-main.136,2020,ACL,0,0
2020.acl-main.137,2020,ACL,0,0
2020.acl-main.138,2020,ACL,0,0
2020.acl-main.139,2020,ACL,0,0
2020.acl-main.14,2020,ACL,0,0
2020.acl-main.140,2020,ACL,0,0
2020.acl-main.141,2020,ACL,0,0
2020.acl-main.142,2020,ACL,0,0
2020.acl-main.143,2020,ACL,0,0
2020.acl-main.144,2020,ACL,1,0
2020.acl-main.145,2020,ACL,1,0
2020.acl-main.146,2020,ACL,0,0
2020.acl-main.147,2020,ACL,0,0
2020.acl-main.148,2020,ACL,0,0
2020.acl-main.149,2020,ACL,1,0
2020.acl-main.15,2020,ACL,1,1
2020.acl-main.150,2020,ACL,0,0
2020.acl-main.151,2020,ACL,0,0
2020.acl-main.152,2020,ACL,0,0
2020.acl-main.153,2020,ACL,0,0
2020.acl-main.154,2020,ACL,0,0
2020.acl-main.155,2020,ACL,0,0
2020.acl-main.156,2020,ACL,1,0
2020.acl-main.157,2020,ACL,0,0
2020.acl-main.158,2020,ACL,0,0
2020.acl-main.159,2020,ACL,0,0
2020.acl-main.16,2020,ACL,0,0
2020.acl-main.160,2020,ACL,0,0
2020.acl-main.161,2020,ACL,0,0
2020.acl-main.162,2020,ACL,0,0
2020.acl-main.163,2020,ACL,0,0
2020.acl-main.164,2020,ACL,0,0
2020.acl-main.165,2020,ACL,0,0
2020.acl-main.166,2020,ACL,0,0
2020.acl-main.167,2020,ACL,1,1
2020.acl-main.168,2020,ACL,0,0
2020.acl-main.169,2020,ACL,0,0
2020.acl-main.17,2020,ACL,0,0
2020.acl-main.170,2020,ACL,0,0
2020.acl-main.171,2020,ACL,1,1
2020.acl-main.172,2020,ACL,0,0
2020.acl-main.173,2020,ACL,0,0
2020.acl-main.174,2020,ACL,0,0
2020.acl-main.175,2020,ACL,0,0
2020.acl-main.176,2020,ACL,0,0
2020.acl-main.177,2020,ACL,0,0
2020.acl-main.178,2020,ACL,0,0
2020.acl-main.179,2020,ACL,0,0
2020.acl-main.18,2020,ACL,0,0
2020.acl-main.180,2020,ACL,0,0
2020.acl-main.181,2020,ACL,0,0
2020.acl-main.182,2020,ACL,0,0
2020.acl-main.183,2020,ACL,0,0
2020.acl-main.184,2020,ACL,0,0
2020.acl-main.185,2020,ACL,0,0
2020.acl-main.186,2020,ACL,0,0
2020.acl-main.187,2020,ACL,0,0
2020.acl-main.188,2020,ACL,0,0
2020.acl-main.189,2020,ACL,0,0
2020.acl-main.19,2020,ACL,0,0
2020.acl-main.190,2020,ACL,0,0
2020.acl-main.191,2020,ACL,0,0
2020.acl-main.192,2020,ACL,0,0
2020.acl-main.193,2020,ACL,0,0
2020.acl-main.194,2020,ACL,0,0
2020.acl-main.195,2020,ACL,0,0
2020.acl-main.196,2020,ACL,0,0
2020.acl-main.197,2020,ACL,0,0
2020.acl-main.198,2020,ACL,0,0
2020.acl-main.199,2020,ACL,0,0
2020.acl-main.2,2020,ACL,0,0
2020.acl-main.20,2020,ACL,0,0
2020.acl-main.200,2020,ACL,1,0
2020.acl-main.201,2020,ACL,0,0
2020.acl-main.202,2020,ACL,1,0
2020.acl-main.203,2020,ACL,0,0
2020.acl-main.204,2020,ACL,1,0
2020.acl-main.205,2020,ACL,0,0
2020.acl-main.206,2020,ACL,0,0
2020.acl-main.207,2020,ACL,1,0
2020.acl-main.208,2020,ACL,0,0
2020.acl-main.209,2020,ACL,0,0
2020.acl-main.21,2020,ACL,1,1
2020.acl-main.210,2020,ACL,0,0
2020.acl-main.211,2020,ACL,0,0
2020.acl-main.212,2020,ACL,0,0
2020.acl-main.213,2020,ACL,0,0
2020.acl-main.214,2020,ACL,0,0
2020.acl-main.215,2020,ACL,1,0
2020.acl-main.216,2020,ACL,0,0
2020.acl-main.217,2020,ACL,0,0
2020.acl-main.218,2020,ACL,0,0
2020.acl-main.219,2020,ACL,0,0
2020.acl-main.22,2020,ACL,0,0
2020.acl-main.220,2020,ACL,1,0
2020.acl-main.221,2020,ACL,0,0
2020.acl-main.222,2020,ACL,1,1
2020.acl-main.223,2020,ACL,0,0
2020.acl-main.224,2020,ACL,0,0
2020.acl-main.225,2020,ACL,0,0
2020.acl-main.226,2020,ACL,0,0
2020.acl-main.227,2020,ACL,1,0
2020.acl-main.228,2020,ACL,0,0
2020.acl-main.229,2020,ACL,0,0
2020.acl-main.23,2020,ACL,1,0
2020.acl-main.230,2020,ACL,0,0
2020.acl-main.231,2020,ACL,0,0
2020.acl-main.232,2020,ACL,0,0
2020.acl-main.233,2020,ACL,0,0
2020.acl-main.234,2020,ACL,0,0
2020.acl-main.235,2020,ACL,1,1
2020.acl-main.236,2020,ACL,0,0
2020.acl-main.237,2020,ACL,0,0
2020.acl-main.238,2020,ACL,1,1
2020.acl-main.239,2020,ACL,0,0
2020.acl-main.24,2020,ACL,1,1
2020.acl-main.240,2020,ACL,0,0
2020.acl-main.241,2020,ACL,1,0
2020.acl-main.242,2020,ACL,0,0
2020.acl-main.243,2020,ACL,0,0
2020.acl-main.244,2020,ACL,0,0
2020.acl-main.245,2020,ACL,0,0
2020.acl-main.246,2020,ACL,1,0
2020.acl-main.247,2020,ACL,1,0
2020.acl-main.248,2020,ACL,0,0
2020.acl-main.249,2020,ACL,0,0
2020.acl-main.25,2020,ACL,0,0
2020.acl-main.250,2020,ACL,0,0
2020.acl-main.251,2020,ACL,0,0
2020.acl-main.252,2020,ACL,0,0
2020.acl-main.253,2020,ACL,1,1
2020.acl-main.254,2020,ACL,1,0
2020.acl-main.255,2020,ACL,0,0
2020.acl-main.256,2020,ACL,0,0
2020.acl-main.257,2020,ACL,0,0
2020.acl-main.258,2020,ACL,0,0
2020.acl-main.259,2020,ACL,0,0
2020.acl-main.26,2020,ACL,0,0
2020.acl-main.260,2020,ACL,0,0
2020.acl-main.261,2020,ACL,0,0
2020.acl-main.262,2020,ACL,0,0
2020.acl-main.263,2020,ACL,0,0
2020.acl-main.264,2020,ACL,0,0
2020.acl-main.265,2020,ACL,0,0
2020.acl-main.266,2020,ACL,0,0
2020.acl-main.267,2020,ACL,0,0
2020.acl-main.268,2020,ACL,0,0
2020.acl-main.269,2020,ACL,0,0
2020.acl-main.27,2020,ACL,0,0
2020.acl-main.270,2020,ACL,0,0
2020.acl-main.271,2020,ACL,0,0
2020.acl-main.272,2020,ACL,0,0
2020.acl-main.273,2020,ACL,0,0
2020.acl-main.274,2020,ACL,0,0
2020.acl-main.275,2020,ACL,0,0
2020.acl-main.276,2020,ACL,0,0
2020.acl-main.277,2020,ACL,1,0
2020.acl-main.278,2020,ACL,0,0
2020.acl-main.279,2020,ACL,0,0
2020.acl-main.28,2020,ACL,0,0
2020.acl-main.280,2020,ACL,0,0
2020.acl-main.281,2020,ACL,0,0
2020.acl-main.282,2020,ACL,0,0
2020.acl-main.283,2020,ACL,0,0
2020.acl-main.284,2020,ACL,0,0
2020.acl-main.285,2020,ACL,0,0
2020.acl-main.286,2020,ACL,0,0
2020.acl-main.287,2020,ACL,0,0
2020.acl-main.288,2020,ACL,0,0
2020.acl-main.289,2020,ACL,0,0
2020.acl-main.29,2020,ACL,0,0
2020.acl-main.290,2020,ACL,0,0
2020.acl-main.291,2020,ACL,0,0
2020.acl-main.292,2020,ACL,0,0
2020.acl-main.293,2020,ACL,0,0
2020.acl-main.294,2020,ACL,0,0
2020.acl-main.295,2020,ACL,0,0
2020.acl-main.296,2020,ACL,0,0
2020.acl-main.297,2020,ACL,0,0
2020.acl-main.298,2020,ACL,0,0
2020.acl-main.299,2020,ACL,1,0
2020.acl-main.3,2020,ACL,0,0
2020.acl-main.30,2020,ACL,0,0
2020.acl-main.300,2020,ACL,0,0
2020.acl-main.301,2020,ACL,1,0
2020.acl-main.302,2020,ACL,1,0
2020.acl-main.303,2020,ACL,0,0
2020.acl-main.304,2020,ACL,0,0
2020.acl-main.305,2020,ACL,0,0
2020.acl-main.306,2020,ACL,1,0
2020.acl-main.307,2020,ACL,0,0
2020.acl-main.308,2020,ACL,0,0
2020.acl-main.309,2020,ACL,0,0
2020.acl-main.31,2020,ACL,0,0
2020.acl-main.310,2020,ACL,0,0
2020.acl-main.311,2020,ACL,0,0
2020.acl-main.312,2020,ACL,0,0
2020.acl-main.313,2020,ACL,0,0
2020.acl-main.314,2020,ACL,0,0
2020.acl-main.315,2020,ACL,0,0
2020.acl-main.316,2020,ACL,0,0
2020.acl-main.317,2020,ACL,0,0
2020.acl-main.318,2020,ACL,0,0
2020.acl-main.319,2020,ACL,1,0
2020.acl-main.32,2020,ACL,0,0
2020.acl-main.320,2020,ACL,0,0
2020.acl-main.321,2020,ACL,0,0
2020.acl-main.322,2020,ACL,1,0
2020.acl-main.323,2020,ACL,1,0
2020.acl-main.324,2020,ACL,1,1
2020.acl-main.325,2020,ACL,0,0
2020.acl-main.326,2020,ACL,0,0
2020.acl-main.327,2020,ACL,0,0
2020.acl-main.328,2020,ACL,0,0
2020.acl-main.329,2020,ACL,0,0
2020.acl-main.33,2020,ACL,0,0
2020.acl-main.330,2020,ACL,0,0
2020.acl-main.331,2020,ACL,0,0
2020.acl-main.332,2020,ACL,0,0
2020.acl-main.333,2020,ACL,0,0
2020.acl-main.334,2020,ACL,0,0
2020.acl-main.335,2020,ACL,0,0
2020.acl-main.336,2020,ACL,0,0
2020.acl-main.337,2020,ACL,0,0
2020.acl-main.338,2020,ACL,0,0
2020.acl-main.339,2020,ACL,0,0
2020.acl-main.34,2020,ACL,0,0
2020.acl-main.340,2020,ACL,1,0
2020.acl-main.341,2020,ACL,0,0
2020.acl-main.342,2020,ACL,0,0
2020.acl-main.343,2020,ACL,0,0
2020.acl-main.344,2020,ACL,1,0
2020.acl-main.345,2020,ACL,0,0
2020.acl-main.346,2020,ACL,0,0
2020.acl-main.347,2020,ACL,0,0
2020.acl-main.348,2020,ACL,0,0
2020.acl-main.349,2020,ACL,0,0
2020.acl-main.35,2020,ACL,0,0
2020.acl-main.350,2020,ACL,1,1
2020.acl-main.351,2020,ACL,0,0
2020.acl-main.352,2020,ACL,0,0
2020.acl-main.353,2020,ACL,0,0
2020.acl-main.354,2020,ACL,0,0
2020.acl-main.355,2020,ACL,0,0
2020.acl-main.356,2020,ACL,0,0
2020.acl-main.357,2020,ACL,0,0
2020.acl-main.358,2020,ACL,0,0
2020.acl-main.359,2020,ACL,0,0
2020.acl-main.36,2020,ACL,1,0
2020.acl-main.360,2020,ACL,0,0
2020.acl-main.361,2020,ACL,0,0
2020.acl-main.362,2020,ACL,0,0
2020.acl-main.363,2020,ACL,0,0
2020.acl-main.364,2020,ACL,0,0
2020.acl-main.365,2020,ACL,0,0
2020.acl-main.366,2020,ACL,0,0
2020.acl-main.367,2020,ACL,0,0
2020.acl-main.368,2020,ACL,1,0
2020.acl-main.369,2020,ACL,0,0
2020.acl-main.37,2020,ACL,1,0
2020.acl-main.370,2020,ACL,1,0
2020.acl-main.371,2020,ACL,0,0
2020.acl-main.372,2020,ACL,0,0
2020.acl-main.373,2020,ACL,0,0
2020.acl-main.374,2020,ACL,0,0
2020.acl-main.375,2020,ACL,0,0
2020.acl-main.376,2020,ACL,0,0
2020.acl-main.377,2020,ACL,0,0
2020.acl-main.378,2020,ACL,0,0
2020.acl-main.379,2020,ACL,0,0
2020.acl-main.38,2020,ACL,1,0
2020.acl-main.380,2020,ACL,0,0
2020.acl-main.381,2020,ACL,0,0
2020.acl-main.382,2020,ACL,0,0
2020.acl-main.383,2020,ACL,0,0
2020.acl-main.384,2020,ACL,0,0
2020.acl-main.385,2020,ACL,0,0
2020.acl-main.386,2020,ACL,0,0
2020.acl-main.387,2020,ACL,0,0
2020.acl-main.388,2020,ACL,1,1
2020.acl-main.389,2020,ACL,0,0
2020.acl-main.39,2020,ACL,0,0
2020.acl-main.390,2020,ACL,0,0
2020.acl-main.391,2020,ACL,0,0
2020.acl-main.392,2020,ACL,0,0
2020.acl-main.393,2020,ACL,0,0
2020.acl-main.394,2020,ACL,0,0
2020.acl-main.395,2020,ACL,0,0
2020.acl-main.396,2020,ACL,0,0
2020.acl-main.397,2020,ACL,1,1
2020.acl-main.398,2020,ACL,0,0
2020.acl-main.399,2020,ACL,0,0
2020.acl-main.4,2020,ACL,0,0
2020.acl-main.40,2020,ACL,1,0
2020.acl-main.400,2020,ACL,0,0
2020.acl-main.401,2020,ACL,0,0
2020.acl-main.402,2020,ACL,0,0
2020.acl-main.403,2020,ACL,0,0
2020.acl-main.404,2020,ACL,0,0
2020.acl-main.405,2020,ACL,0,0
2020.acl-main.406,2020,ACL,0,0
2020.acl-main.407,2020,ACL,0,0
2020.acl-main.408,2020,ACL,0,0
2020.acl-main.409,2020,ACL,0,0
2020.acl-main.41,2020,ACL,0,0
2020.acl-main.410,2020,ACL,1,0
2020.acl-main.411,2020,ACL,0,0
2020.acl-main.412,2020,ACL,0,0
2020.acl-main.413,2020,ACL,0,0
2020.acl-main.414,2020,ACL,0,0
2020.acl-main.415,2020,ACL,0,0
2020.acl-main.416,2020,ACL,0,0
2020.acl-main.417,2020,ACL,0,0
2020.acl-main.418,2020,ACL,0,0
2020.acl-main.419,2020,ACL,0,0
2020.acl-main.42,2020,ACL,0,0
2020.acl-main.420,2020,ACL,0,0
2020.acl-main.421,2020,ACL,0,0
2020.acl-main.422,2020,ACL,0,0
2020.acl-main.423,2020,ACL,0,0
2020.acl-main.424,2020,ACL,0,0
2020.acl-main.425,2020,ACL,0,0
2020.acl-main.426,2020,ACL,0,0
2020.acl-main.427,2020,ACL,0,0
2020.acl-main.428,2020,ACL,0,0
2020.acl-main.429,2020,ACL,0,0
2020.acl-main.43,2020,ACL,1,0
2020.acl-main.430,2020,ACL,0,0
2020.acl-main.431,2020,ACL,0,0
2020.acl-main.432,2020,ACL,0,0
2020.acl-main.433,2020,ACL,0,0
2020.acl-main.434,2020,ACL,0,0
2020.acl-main.435,2020,ACL,0,0
2020.acl-main.436,2020,ACL,0,0
2020.acl-main.437,2020,ACL,0,0
2020.acl-main.438,2020,ACL,0,0
2020.acl-main.439,2020,ACL,0,0
2020.acl-main.44,2020,ACL,0,0
2020.acl-main.440,2020,ACL,0,0
2020.acl-main.441,2020,ACL,0,0
2020.acl-main.442,2020,ACL,0,0
2020.acl-main.443,2020,ACL,1,0
2020.acl-main.444,2020,ACL,0,0
2020.acl-main.445,2020,ACL,0,0
2020.acl-main.446,2020,ACL,0,0
2020.acl-main.447,2020,ACL,0,0
2020.acl-main.448,2020,ACL,0,0
2020.acl-main.449,2020,ACL,0,0
2020.acl-main.45,2020,ACL,0,0
2020.acl-main.450,2020,ACL,0,0
2020.acl-main.451,2020,ACL,1,0
2020.acl-main.452,2020,ACL,0,0
2020.acl-main.453,2020,ACL,0,0
2020.acl-main.454,2020,ACL,0,0
2020.acl-main.455,2020,ACL,0,0
2020.acl-main.456,2020,ACL,0,0
2020.acl-main.457,2020,ACL,0,0
2020.acl-main.458,2020,ACL,0,0
2020.acl-main.459,2020,ACL,0,0
2020.acl-main.46,2020,ACL,0,0
2020.acl-main.460,2020,ACL,1,0
2020.acl-main.461,2020,ACL,0,0
2020.acl-main.462,2020,ACL,0,0
2020.acl-main.463,2020,ACL,0,0
2020.acl-main.464,2020,ACL,0,0
2020.acl-main.465,2020,ACL,0,0
2020.acl-main.466,2020,ACL,0,0
2020.acl-main.467,2020,ACL,1,0
2020.acl-main.468,2020,ACL,0,0
2020.acl-main.469,2020,ACL,1,1
2020.acl-main.47,2020,ACL,0,0
2020.acl-main.470,2020,ACL,0,0
2020.acl-main.471,2020,ACL,1,0
2020.acl-main.472,2020,ACL,0,0
2020.acl-main.473,2020,ACL,0,0
2020.acl-main.474,2020,ACL,0,0
2020.acl-main.475,2020,ACL,0,0
2020.acl-main.476,2020,ACL,0,0
2020.acl-main.477,2020,ACL,0,0
2020.acl-main.478,2020,ACL,0,0
2020.acl-main.479,2020,ACL,0,0
2020.acl-main.48,2020,ACL,0,0
2020.acl-main.480,2020,ACL,0,0
2020.acl-main.481,2020,ACL,0,0
2020.acl-main.482,2020,ACL,0,0
2020.acl-main.483,2020,ACL,0,0
2020.acl-main.484,2020,ACL,0,0
2020.acl-main.485,2020,ACL,0,0
2020.acl-main.486,2020,ACL,0,0
2020.acl-main.487,2020,ACL,0,0
2020.acl-main.488,2020,ACL,0,0
2020.acl-main.489,2020,ACL,0,0
2020.acl-main.49,2020,ACL,0,0
2020.acl-main.490,2020,ACL,0,0
2020.acl-main.491,2020,ACL,0,0
2020.acl-main.492,2020,ACL,0,0
2020.acl-main.493,2020,ACL,0,0
2020.acl-main.494,2020,ACL,0,0
2020.acl-main.495,2020,ACL,0,0
2020.acl-main.496,2020,ACL,1,0
2020.acl-main.497,2020,ACL,0,0
2020.acl-main.498,2020,ACL,0,0
2020.acl-main.499,2020,ACL,0,0
2020.acl-main.5,2020,ACL,0,0
2020.acl-main.50,2020,ACL,0,0
2020.acl-main.500,2020,ACL,0,0
2020.acl-main.501,2020,ACL,0,0
2020.acl-main.502,2020,ACL,0,0
2020.acl-main.503,2020,ACL,0,0
2020.acl-main.504,2020,ACL,1,1
2020.acl-main.505,2020,ACL,0,0
2020.acl-main.506,2020,ACL,0,0
2020.acl-main.507,2020,ACL,0,0
2020.acl-main.508,2020,ACL,0,0
2020.acl-main.509,2020,ACL,0,0
2020.acl-main.51,2020,ACL,0,0
2020.acl-main.510,2020,ACL,1,0
2020.acl-main.511,2020,ACL,0,0
2020.acl-main.512,2020,ACL,0,0
2020.acl-main.513,2020,ACL,0,0
2020.acl-main.514,2020,ACL,0,0
2020.acl-main.515,2020,ACL,0,0
2020.acl-main.516,2020,ACL,0,0
2020.acl-main.517,2020,ACL,0,0
2020.acl-main.518,2020,ACL,0,0
2020.acl-main.519,2020,ACL,0,0
2020.acl-main.52,2020,ACL,0,0
2020.acl-main.520,2020,ACL,0,0
2020.acl-main.521,2020,ACL,0,0
2020.acl-main.522,2020,ACL,1,1
2020.acl-main.523,2020,ACL,1,0
2020.acl-main.524,2020,ACL,0,0
2020.acl-main.525,2020,ACL,0,0
2020.acl-main.526,2020,ACL,0,0
2020.acl-main.527,2020,ACL,0,0
2020.acl-main.528,2020,ACL,1,0
2020.acl-main.529,2020,ACL,0,0
2020.acl-main.53,2020,ACL,0,0
2020.acl-main.530,2020,ACL,0,0
2020.acl-main.531,2020,ACL,0,0
2020.acl-main.532,2020,ACL,0,0
2020.acl-main.533,2020,ACL,0,0
2020.acl-main.534,2020,ACL,0,0
2020.acl-main.535,2020,ACL,0,0
2020.acl-main.536,2020,ACL,1,1
2020.acl-main.537,2020,ACL,0,0
2020.acl-main.538,2020,ACL,0,0
2020.acl-main.539,2020,ACL,1,0
2020.acl-main.54,2020,ACL,0,0
2020.acl-main.540,2020,ACL,0,0
2020.acl-main.541,2020,ACL,0,0
2020.acl-main.542,2020,ACL,0,0
2020.acl-main.543,2020,ACL,0,0
2020.acl-main.544,2020,ACL,0,0
2020.acl-main.545,2020,ACL,0,0
2020.acl-main.546,2020,ACL,0,0
2020.acl-main.547,2020,ACL,0,0
2020.acl-main.548,2020,ACL,0,0
2020.acl-main.549,2020,ACL,0,0
2020.acl-main.55,2020,ACL,0,0
2020.acl-main.550,2020,ACL,0,0
2020.acl-main.551,2020,ACL,0,0
2020.acl-main.552,2020,ACL,1,1
2020.acl-main.553,2020,ACL,1,1
2020.acl-main.554,2020,ACL,0,0
2020.acl-main.555,2020,ACL,1,1
2020.acl-main.556,2020,ACL,0,0
2020.acl-main.557,2020,ACL,0,0
2020.acl-main.558,2020,ACL,0,0
2020.acl-main.559,2020,ACL,0,0
2020.acl-main.56,2020,ACL,0,0
2020.acl-main.560,2020,ACL,0,0
2020.acl-main.561,2020,ACL,0,0
2020.acl-main.562,2020,ACL,0,0
2020.acl-main.563,2020,ACL,0,0
2020.acl-main.564,2020,ACL,0,0
2020.acl-main.565,2020,ACL,0,0
2020.acl-main.566,2020,ACL,0,0
2020.acl-main.567,2020,ACL,0,0
2020.acl-main.568,2020,ACL,0,0
2020.acl-main.569,2020,ACL,0,0
2020.acl-main.57,2020,ACL,0,0
2020.acl-main.570,2020,ACL,0,0
2020.acl-main.571,2020,ACL,0,0
2020.acl-main.572,2020,ACL,0,0
2020.acl-main.573,2020,ACL,0,0
2020.acl-main.574,2020,ACL,0,0
2020.acl-main.575,2020,ACL,0,0
2020.acl-main.576,2020,ACL,0,0
2020.acl-main.577,2020,ACL,0,0
2020.acl-main.578,2020,ACL,0,0
2020.acl-main.579,2020,ACL,0,0
2020.acl-main.58,2020,ACL,0,0
2020.acl-main.580,2020,ACL,0,0
2020.acl-main.581,2020,ACL,0,0
2020.acl-main.582,2020,ACL,0,0
2020.acl-main.583,2020,ACL,0,0
2020.acl-main.584,2020,ACL,0,0
2020.acl-main.585,2020,ACL,0,0
2020.acl-main.586,2020,ACL,1,1
2020.acl-main.587,2020,ACL,0,0
2020.acl-main.588,2020,ACL,0,0
2020.acl-main.589,2020,ACL,0,0
2020.acl-main.59,2020,ACL,0,0
2020.acl-main.590,2020,ACL,0,0
2020.acl-main.591,2020,ACL,0,0
2020.acl-main.592,2020,ACL,0,0
2020.acl-main.593,2020,ACL,1,1
2020.acl-main.594,2020,ACL,0,0
2020.acl-main.595,2020,ACL,1,0
2020.acl-main.596,2020,ACL,0,0
2020.acl-main.597,2020,ACL,0,0
2020.acl-main.598,2020,ACL,0,0
2020.acl-main.599,2020,ACL,1,0
2020.acl-main.6,2020,ACL,0,0
2020.acl-main.60,2020,ACL,0,0
2020.acl-main.600,2020,ACL,0,0
2020.acl-main.601,2020,ACL,0,0
2020.acl-main.602,2020,ACL,0,0
2020.acl-main.603,2020,ACL,0,0
2020.acl-main.604,2020,ACL,1,0
2020.acl-main.605,2020,ACL,0,0
2020.acl-main.606,2020,ACL,0,0
2020.acl-main.607,2020,ACL,0,0
2020.acl-main.608,2020,ACL,0,0
2020.acl-main.609,2020,ACL,0,0
2020.acl-main.61,2020,ACL,0,0
2020.acl-main.610,2020,ACL,0,0
2020.acl-main.611,2020,ACL,0,0
2020.acl-main.612,2020,ACL,0,0
2020.acl-main.613,2020,ACL,0,0
2020.acl-main.614,2020,ACL,0,0
2020.acl-main.615,2020,ACL,0,0
2020.acl-main.616,2020,ACL,1,1
2020.acl-main.617,2020,ACL,1,0
2020.acl-main.618,2020,ACL,0,0
2020.acl-main.619,2020,ACL,0,0
2020.acl-main.62,2020,ACL,0,0
2020.acl-main.620,2020,ACL,0,0
2020.acl-main.621,2020,ACL,0,0
2020.acl-main.622,2020,ACL,0,0
2020.acl-main.623,2020,ACL,0,0
2020.acl-main.624,2020,ACL,1,0
2020.acl-main.625,2020,ACL,1,1
2020.acl-main.626,2020,ACL,0,0
2020.acl-main.627,2020,ACL,0,0
2020.acl-main.628,2020,ACL,0,0
2020.acl-main.629,2020,ACL,0,0
2020.acl-main.63,2020,ACL,0,0
2020.acl-main.630,2020,ACL,0,0
2020.acl-main.631,2020,ACL,0,0
2020.acl-main.632,2020,ACL,0,0
2020.acl-main.633,2020,ACL,0,0
2020.acl-main.634,2020,ACL,0,0
2020.acl-main.635,2020,ACL,0,0
2020.acl-main.636,2020,ACL,0,0
2020.acl-main.637,2020,ACL,0,0
2020.acl-main.638,2020,ACL,1,0
2020.acl-main.639,2020,ACL,0,0
2020.acl-main.64,2020,ACL,0,0
2020.acl-main.640,2020,ACL,1,0
2020.acl-main.641,2020,ACL,0,0
2020.acl-main.642,2020,ACL,0,0
2020.acl-main.643,2020,ACL,0,0
2020.acl-main.644,2020,ACL,0,0
2020.acl-main.645,2020,ACL,0,0
2020.acl-main.646,2020,ACL,0,0
2020.acl-main.647,2020,ACL,0,0
2020.acl-main.648,2020,ACL,1,1
2020.acl-main.649,2020,ACL,0,0
2020.acl-main.65,2020,ACL,0,0
2020.acl-main.650,2020,ACL,0,0
2020.acl-main.651,2020,ACL,0,0
2020.acl-main.652,2020,ACL,0,0
2020.acl-main.653,2020,ACL,0,0
2020.acl-main.654,2020,ACL,0,0
2020.acl-main.655,2020,ACL,0,0
2020.acl-main.656,2020,ACL,0,0
2020.acl-main.657,2020,ACL,0,0
2020.acl-main.658,2020,ACL,0,0
2020.acl-main.659,2020,ACL,0,0
2020.acl-main.66,2020,ACL,0,0
2020.acl-main.660,2020,ACL,0,0
2020.acl-main.661,2020,ACL,0,0
2020.acl-main.662,2020,ACL,0,0
2020.acl-main.663,2020,ACL,0,0
2020.acl-main.664,2020,ACL,0,0
2020.acl-main.665,2020,ACL,1,0
2020.acl-main.666,2020,ACL,0,0
2020.acl-main.667,2020,ACL,0,0
2020.acl-main.668,2020,ACL,0,0
2020.acl-main.669,2020,ACL,0,0
2020.acl-main.67,2020,ACL,0,0
2020.acl-main.670,2020,ACL,1,0
2020.acl-main.671,2020,ACL,0,0
2020.acl-main.672,2020,ACL,0,0
2020.acl-main.673,2020,ACL,0,0
2020.acl-main.674,2020,ACL,0,0
2020.acl-main.675,2020,ACL,0,0
2020.acl-main.676,2020,ACL,0,0
2020.acl-main.677,2020,ACL,0,0
2020.acl-main.678,2020,ACL,0,0
2020.acl-main.679,2020,ACL,0,0
2020.acl-main.68,2020,ACL,0,0
2020.acl-main.680,2020,ACL,0,0
2020.acl-main.681,2020,ACL,0,0
2020.acl-main.682,2020,ACL,0,0
2020.acl-main.683,2020,ACL,0,0
2020.acl-main.684,2020,ACL,0,0
2020.acl-main.685,2020,ACL,0,0
2020.acl-main.686,2020,ACL,1,0
2020.acl-main.687,2020,ACL,1,1
2020.acl-main.688,2020,ACL,0,0
2020.acl-main.689,2020,ACL,0,0
2020.acl-main.69,2020,ACL,0,0
2020.acl-main.690,2020,ACL,0,0
2020.acl-main.691,2020,ACL,0,0
2020.acl-main.692,2020,ACL,0,0
2020.acl-main.693,2020,ACL,0,0
2020.acl-main.694,2020,ACL,0,0
2020.acl-main.695,2020,ACL,0,0
2020.acl-main.696,2020,ACL,0,0
2020.acl-main.697,2020,ACL,0,0
2020.acl-main.698,2020,ACL,0,0
2020.acl-main.699,2020,ACL,0,0
2020.acl-main.7,2020,ACL,0,0
2020.acl-main.70,2020,ACL,0,0
2020.acl-main.700,2020,ACL,0,0
2020.acl-main.701,2020,ACL,0,0
2020.acl-main.702,2020,ACL,0,0
2020.acl-main.703,2020,ACL,0,0
2020.acl-main.704,2020,ACL,1,0
2020.acl-main.705,2020,ACL,1,1
2020.acl-main.706,2020,ACL,0,0
2020.acl-main.707,2020,ACL,0,0
2020.acl-main.708,2020,ACL,0,0
2020.acl-main.709,2020,ACL,0,0
2020.acl-main.71,2020,ACL,0,0
2020.acl-main.710,2020,ACL,0,0
2020.acl-main.711,2020,ACL,0,0
2020.acl-main.712,2020,ACL,0,0
2020.acl-main.713,2020,ACL,0,0
2020.acl-main.714,2020,ACL,0,0
2020.acl-main.715,2020,ACL,0,0
2020.acl-main.716,2020,ACL,0,0
2020.acl-main.717,2020,ACL,0,0
2020.acl-main.718,2020,ACL,1,0
2020.acl-main.719,2020,ACL,0,0
2020.acl-main.72,2020,ACL,0,0
2020.acl-main.720,2020,ACL,1,0
2020.acl-main.721,2020,ACL,0,0
2020.acl-main.722,2020,ACL,0,0
2020.acl-main.723,2020,ACL,0,0
2020.acl-main.724,2020,ACL,0,0
2020.acl-main.725,2020,ACL,0,0
2020.acl-main.726,2020,ACL,0,0
2020.acl-main.727,2020,ACL,0,0
2020.acl-main.728,2020,ACL,0,0
2020.acl-main.729,2020,ACL,0,0
2020.acl-main.73,2020,ACL,0,0
2020.acl-main.730,2020,ACL,0,0
2020.acl-main.731,2020,ACL,1,0
2020.acl-main.732,2020,ACL,0,0
2020.acl-main.733,2020,ACL,0,0
2020.acl-main.734,2020,ACL,0,0
2020.acl-main.735,2020,ACL,0,0
2020.acl-main.736,2020,ACL,0,0
2020.acl-main.737,2020,ACL,0,0
2020.acl-main.738,2020,ACL,0,0
2020.acl-main.739,2020,ACL,0,0
2020.acl-main.74,2020,ACL,0,0
2020.acl-main.740,2020,ACL,1,0
2020.acl-main.741,2020,ACL,0,0
2020.acl-main.742,2020,ACL,0,0
2020.acl-main.743,2020,ACL,0,0
2020.acl-main.744,2020,ACL,0,0
2020.acl-main.745,2020,ACL,1,1
2020.acl-main.746,2020,ACL,0,0
2020.acl-main.747,2020,ACL,1,1
2020.acl-main.748,2020,ACL,0,0
2020.acl-main.749,2020,ACL,0,0
2020.acl-main.75,2020,ACL,0,0
2020.acl-main.750,2020,ACL,0,0
2020.acl-main.751,2020,ACL,0,0
2020.acl-main.752,2020,ACL,0,0
2020.acl-main.753,2020,ACL,1,1
2020.acl-main.754,2020,ACL,0,0
2020.acl-main.755,2020,ACL,0,0
2020.acl-main.756,2020,ACL,0,0
2020.acl-main.757,2020,ACL,0,0
2020.acl-main.758,2020,ACL,0,0
2020.acl-main.759,2020,ACL,0,0
2020.acl-main.76,2020,ACL,0,0
2020.acl-main.760,2020,ACL,0,0
2020.acl-main.761,2020,ACL,0,0
2020.acl-main.762,2020,ACL,0,0
2020.acl-main.763,2020,ACL,0,0
2020.acl-main.764,2020,ACL,0,0
2020.acl-main.765,2020,ACL,0,0
2020.acl-main.766,2020,ACL,0,0
2020.acl-main.767,2020,ACL,0,0
2020.acl-main.768,2020,ACL,0,0
2020.acl-main.769,2020,ACL,0,0
2020.acl-main.77,2020,ACL,0,0
2020.acl-main.770,2020,ACL,0,0
2020.acl-main.771,2020,ACL,1,0
2020.acl-main.772,2020,ACL,0,0
2020.acl-main.773,2020,ACL,0,0
2020.acl-main.774,2020,ACL,0,0
2020.acl-main.775,2020,ACL,0,0
2020.acl-main.776,2020,ACL,0,0
2020.acl-main.777,2020,ACL,0,0
2020.acl-main.778,2020,ACL,0,0
2020.acl-main.78,2020,ACL,1,0
2020.acl-main.79,2020,ACL,0,0
2020.acl-main.8,2020,ACL,0,0
2020.acl-main.80,2020,ACL,0,0
2020.acl-main.81,2020,ACL,0,0
2020.acl-main.82,2020,ACL,0,0
2020.acl-main.83,2020,ACL,0,0
2020.acl-main.84,2020,ACL,0,0
2020.acl-main.85,2020,ACL,0,0
2020.acl-main.86,2020,ACL,0,0
2020.acl-main.87,2020,ACL,0,0
2020.acl-main.88,2020,ACL,0,0
2020.acl-main.89,2020,ACL,0,0
2020.acl-main.9,2020,ACL,1,1
2020.acl-main.90,2020,ACL,0,0
2020.acl-main.91,2020,ACL,0,0
2020.acl-main.92,2020,ACL,0,0
2020.acl-main.93,2020,ACL,0,0
2020.acl-main.94,2020,ACL,0,0
2020.acl-main.95,2020,ACL,0,0
2020.acl-main.96,2020,ACL,0,0
2020.acl-main.97,2020,ACL,0,0
2020.acl-main.98,2020,ACL,0,0
2020.acl-main.99,2020,ACL,0,0
2020.emnlp-main.1,2020,EMNLP,1,0
2020.emnlp-main.10,2020,EMNLP,1,1
2020.emnlp-main.100,2020,EMNLP,0,0
2020.emnlp-main.101,2020,EMNLP,0,0
2020.emnlp-main.102,2020,EMNLP,0,0
2020.emnlp-main.103,2020,EMNLP,1,0
2020.emnlp-main.104,2020,EMNLP,0,0
2020.emnlp-main.105,2020,EMNLP,1,1
2020.emnlp-main.106,2020,EMNLP,0,0
2020.emnlp-main.107,2020,EMNLP,0,0
2020.emnlp-main.108,2020,EMNLP,1,1
2020.emnlp-main.109,2020,EMNLP,0,0
2020.emnlp-main.11,2020,EMNLP,1,1
2020.emnlp-main.110,2020,EMNLP,1,0
2020.emnlp-main.111,2020,EMNLP,1,1
2020.emnlp-main.112,2020,EMNLP,0,0
2020.emnlp-main.113,2020,EMNLP,1,1
2020.emnlp-main.114,2020,EMNLP,1,0
2020.emnlp-main.115,2020,EMNLP,0,0
2020.emnlp-main.116,2020,EMNLP,0,0
2020.emnlp-main.117,2020,EMNLP,1,0
2020.emnlp-main.118,2020,EMNLP,0,0
2020.emnlp-main.119,2020,EMNLP,0,0
2020.emnlp-main.12,2020,EMNLP,0,0
2020.emnlp-main.120,2020,EMNLP,1,1
2020.emnlp-main.121,2020,EMNLP,1,0
2020.emnlp-main.122,2020,EMNLP,0,0
2020.emnlp-main.123,2020,EMNLP,0,0
2020.emnlp-main.124,2020,EMNLP,1,0
2020.emnlp-main.125,2020,EMNLP,1,1
2020.emnlp-main.126,2020,EMNLP,0,0
2020.emnlp-main.127,2020,EMNLP,0,0
2020.emnlp-main.128,2020,EMNLP,0,0
2020.emnlp-main.129,2020,EMNLP,1,1
2020.emnlp-main.13,2020,EMNLP,0,0
2020.emnlp-main.130,2020,EMNLP,1,0
2020.emnlp-main.131,2020,EMNLP,0,0
2020.emnlp-main.132,2020,EMNLP,1,1
2020.emnlp-main.133,2020,EMNLP,0,0
2020.emnlp-main.134,2020,EMNLP,0,0
2020.emnlp-main.135,2020,EMNLP,0,0
2020.emnlp-main.136,2020,EMNLP,1,0
2020.emnlp-main.137,2020,EMNLP,0,0
2020.emnlp-main.138,2020,EMNLP,0,0
2020.emnlp-main.139,2020,EMNLP,0,0
2020.emnlp-main.14,2020,EMNLP,0,0
2020.emnlp-main.140,2020,EMNLP,1,0
2020.emnlp-main.141,2020,EMNLP,0,0
2020.emnlp-main.142,2020,EMNLP,0,0
2020.emnlp-main.143,2020,EMNLP,1,1
2020.emnlp-main.144,2020,EMNLP,1,0
2020.emnlp-main.145,2020,EMNLP,1,1
2020.emnlp-main.146,2020,EMNLP,0,0
2020.emnlp-main.147,2020,EMNLP,1,0
2020.emnlp-main.148,2020,EMNLP,1,0
2020.emnlp-main.149,2020,EMNLP,0,0
2020.emnlp-main.15,2020,EMNLP,1,0
2020.emnlp-main.150,2020,EMNLP,1,1
2020.emnlp-main.151,2020,EMNLP,0,0
2020.emnlp-main.152,2020,EMNLP,1,0
2020.emnlp-main.153,2020,EMNLP,0,0
2020.emnlp-main.154,2020,EMNLP,1,0
2020.emnlp-main.155,2020,EMNLP,1,0
2020.emnlp-main.156,2020,EMNLP,0,0
2020.emnlp-main.157,2020,EMNLP,0,0
2020.emnlp-main.158,2020,EMNLP,1,0
2020.emnlp-main.159,2020,EMNLP,0,0
2020.emnlp-main.16,2020,EMNLP,1,0
2020.emnlp-main.160,2020,EMNLP,1,1
2020.emnlp-main.161,2020,EMNLP,1,1
2020.emnlp-main.162,2020,EMNLP,1,1
2020.emnlp-main.163,2020,EMNLP,0,0
2020.emnlp-main.164,2020,EMNLP,1,1
2020.emnlp-main.165,2020,EMNLP,1,0
2020.emnlp-main.166,2020,EMNLP,1,0
2020.emnlp-main.167,2020,EMNLP,0,0
2020.emnlp-main.168,2020,EMNLP,0,0
2020.emnlp-main.169,2020,EMNLP,1,0
2020.emnlp-main.17,2020,EMNLP,1,0
2020.emnlp-main.170,2020,EMNLP,0,0
2020.emnlp-main.171,2020,EMNLP,1,0
2020.emnlp-main.172,2020,EMNLP,0,0
2020.emnlp-main.173,2020,EMNLP,0,0
2020.emnlp-main.174,2020,EMNLP,1,0
2020.emnlp-main.175,2020,EMNLP,1,0
2020.emnlp-main.176,2020,EMNLP,1,1
2020.emnlp-main.177,2020,EMNLP,0,0
2020.emnlp-main.178,2020,EMNLP,0,0
2020.emnlp-main.179,2020,EMNLP,1,1
2020.emnlp-main.18,2020,EMNLP,1,1
2020.emnlp-main.180,2020,EMNLP,1,0
2020.emnlp-main.181,2020,EMNLP,1,0
2020.emnlp-main.182,2020,EMNLP,0,0
2020.emnlp-main.183,2020,EMNLP,0,0
2020.emnlp-main.184,2020,EMNLP,1,1
2020.emnlp-main.185,2020,EMNLP,0,0
2020.emnlp-main.186,2020,EMNLP,0,0
2020.emnlp-main.187,2020,EMNLP,1,0
2020.emnlp-main.188,2020,EMNLP,1,0
2020.emnlp-main.189,2020,EMNLP,1,0
2020.emnlp-main.19,2020,EMNLP,1,1
2020.emnlp-main.190,2020,EMNLP,1,1
2020.emnlp-main.191,2020,EMNLP,1,0
2020.emnlp-main.192,2020,EMNLP,0,0
2020.emnlp-main.193,2020,EMNLP,1,0
2020.emnlp-main.194,2020,EMNLP,1,1
2020.emnlp-main.195,2020,EMNLP,1,0
2020.emnlp-main.196,2020,EMNLP,0,0
2020.emnlp-main.197,2020,EMNLP,1,0
2020.emnlp-main.198,2020,EMNLP,1,1
2020.emnlp-main.199,2020,EMNLP,0,0
2020.emnlp-main.2,2020,EMNLP,1,0
2020.emnlp-main.20,2020,EMNLP,0,0
2020.emnlp-main.200,2020,EMNLP,0,0
2020.emnlp-main.201,2020,EMNLP,0,0
2020.emnlp-main.202,2020,EMNLP,0,0
2020.emnlp-main.203,2020,EMNLP,1,0
2020.emnlp-main.204,2020,EMNLP,0,0
2020.emnlp-main.205,2020,EMNLP,0,0
2020.emnlp-main.206,2020,EMNLP,0,0
2020.emnlp-main.207,2020,EMNLP,0,0
2020.emnlp-main.208,2020,EMNLP,0,0
2020.emnlp-main.209,2020,EMNLP,0,0
2020.emnlp-main.21,2020,EMNLP,1,0
2020.emnlp-main.210,2020,EMNLP,0,0
2020.emnlp-main.211,2020,EMNLP,0,0
2020.emnlp-main.212,2020,EMNLP,0,0
2020.emnlp-main.213,2020,EMNLP,1,1
2020.emnlp-main.214,2020,EMNLP,1,1
2020.emnlp-main.215,2020,EMNLP,1,0
2020.emnlp-main.216,2020,EMNLP,1,0
2020.emnlp-main.217,2020,EMNLP,1,1
2020.emnlp-main.218,2020,EMNLP,0,0
2020.emnlp-main.219,2020,EMNLP,0,0
2020.emnlp-main.22,2020,EMNLP,1,1
2020.emnlp-main.220,2020,EMNLP,0,0
2020.emnlp-main.221,2020,EMNLP,0,0
2020.emnlp-main.222,2020,EMNLP,0,0
2020.emnlp-main.223,2020,EMNLP,0,0
2020.emnlp-main.224,2020,EMNLP,0,0
2020.emnlp-main.225,2020,EMNLP,0,0
2020.emnlp-main.226,2020,EMNLP,1,1
2020.emnlp-main.227,2020,EMNLP,1,1
2020.emnlp-main.228,2020,EMNLP,1,0
2020.emnlp-main.229,2020,EMNLP,0,0
2020.emnlp-main.23,2020,EMNLP,0,0
2020.emnlp-main.230,2020,EMNLP,1,0
2020.emnlp-main.231,2020,EMNLP,0,0
2020.emnlp-main.232,2020,EMNLP,0,0
2020.emnlp-main.233,2020,EMNLP,1,1
2020.emnlp-main.234,2020,EMNLP,0,0
2020.emnlp-main.235,2020,EMNLP,1,1
2020.emnlp-main.236,2020,EMNLP,0,0
2020.emnlp-main.237,2020,EMNLP,0,0
2020.emnlp-main.238,2020,EMNLP,1,1
2020.emnlp-main.239,2020,EMNLP,0,0
2020.emnlp-main.24,2020,EMNLP,1,1
2020.emnlp-main.240,2020,EMNLP,0,0
2020.emnlp-main.241,2020,EMNLP,0,0
2020.emnlp-main.242,2020,EMNLP,0,0
2020.emnlp-main.243,2020,EMNLP,1,1
2020.emnlp-main.244,2020,EMNLP,1,0
2020.emnlp-main.245,2020,EMNLP,0,0
2020.emnlp-main.246,2020,EMNLP,1,0
2020.emnlp-main.247,2020,EMNLP,0,0
2020.emnlp-main.248,2020,EMNLP,1,0
2020.emnlp-main.249,2020,EMNLP,0,0
2020.emnlp-main.25,2020,EMNLP,0,0
2020.emnlp-main.250,2020,EMNLP,1,0
2020.emnlp-main.251,2020,EMNLP,1,1
2020.emnlp-main.252,2020,EMNLP,0,0
2020.emnlp-main.253,2020,EMNLP,1,1
2020.emnlp-main.254,2020,EMNLP,0,0
2020.emnlp-main.255,2020,EMNLP,1,0
2020.emnlp-main.256,2020,EMNLP,1,1
2020.emnlp-main.257,2020,EMNLP,0,0
2020.emnlp-main.258,2020,EMNLP,0,0
2020.emnlp-main.259,2020,EMNLP,0,0
2020.emnlp-main.26,2020,EMNLP,1,0
2020.emnlp-main.260,2020,EMNLP,0,0
2020.emnlp-main.261,2020,EMNLP,0,0
2020.emnlp-main.262,2020,EMNLP,0,0
2020.emnlp-main.263,2020,EMNLP,1,0
2020.emnlp-main.264,2020,EMNLP,1,1
2020.emnlp-main.265,2020,EMNLP,1,0
2020.emnlp-main.266,2020,EMNLP,0,0
2020.emnlp-main.267,2020,EMNLP,1,0
2020.emnlp-main.268,2020,EMNLP,0,0
2020.emnlp-main.269,2020,EMNLP,1,1
2020.emnlp-main.27,2020,EMNLP,0,0
2020.emnlp-main.270,2020,EMNLP,0,0
2020.emnlp-main.271,2020,EMNLP,1,0
2020.emnlp-main.272,2020,EMNLP,0,0
2020.emnlp-main.273,2020,EMNLP,1,0
2020.emnlp-main.274,2020,EMNLP,0,0
2020.emnlp-main.275,2020,EMNLP,0,0
2020.emnlp-main.276,2020,EMNLP,0,0
2020.emnlp-main.277,2020,EMNLP,1,0
2020.emnlp-main.278,2020,EMNLP,1,1
2020.emnlp-main.279,2020,EMNLP,1,1
2020.emnlp-main.28,2020,EMNLP,1,1
2020.emnlp-main.280,2020,EMNLP,1,0
2020.emnlp-main.281,2020,EMNLP,0,0
2020.emnlp-main.282,2020,EMNLP,1,0
2020.emnlp-main.283,2020,EMNLP,0,0
2020.emnlp-main.284,2020,EMNLP,0,0
2020.emnlp-main.285,2020,EMNLP,1,0
2020.emnlp-main.286,2020,EMNLP,0,0
2020.emnlp-main.287,2020,EMNLP,0,0
2020.emnlp-main.288,2020,EMNLP,0,0
2020.emnlp-main.289,2020,EMNLP,0,0
2020.emnlp-main.29,2020,EMNLP,0,0
2020.emnlp-main.290,2020,EMNLP,0,0
2020.emnlp-main.291,2020,EMNLP,1,0
2020.emnlp-main.292,2020,EMNLP,0,0
2020.emnlp-main.293,2020,EMNLP,0,0
2020.emnlp-main.294,2020,EMNLP,0,0
2020.emnlp-main.295,2020,EMNLP,1,1
2020.emnlp-main.296,2020,EMNLP,1,0
2020.emnlp-main.297,2020,EMNLP,1,1
2020.emnlp-main.298,2020,EMNLP,1,1
2020.emnlp-main.299,2020,EMNLP,0,0
2020.emnlp-main.3,2020,EMNLP,1,1
2020.emnlp-main.30,2020,EMNLP,1,1
2020.emnlp-main.300,2020,EMNLP,1,0
2020.emnlp-main.301,2020,EMNLP,1,0
2020.emnlp-main.302,2020,EMNLP,0,0
2020.emnlp-main.303,2020,EMNLP,0,0
2020.emnlp-main.304,2020,EMNLP,0,0
2020.emnlp-main.305,2020,EMNLP,1,0
2020.emnlp-main.306,2020,EMNLP,1,1
2020.emnlp-main.307,2020,EMNLP,0,0
2020.emnlp-main.308,2020,EMNLP,1,0
2020.emnlp-main.309,2020,EMNLP,1,0
2020.emnlp-main.31,2020,EMNLP,1,0
2020.emnlp-main.310,2020,EMNLP,0,0
2020.emnlp-main.311,2020,EMNLP,0,0
2020.emnlp-main.312,2020,EMNLP,0,0
2020.emnlp-main.313,2020,EMNLP,1,1
2020.emnlp-main.314,2020,EMNLP,1,0
2020.emnlp-main.315,2020,EMNLP,1,1
2020.emnlp-main.316,2020,EMNLP,1,0
2020.emnlp-main.317,2020,EMNLP,0,0
2020.emnlp-main.318,2020,EMNLP,1,0
2020.emnlp-main.319,2020,EMNLP,0,0
2020.emnlp-main.32,2020,EMNLP,1,1
2020.emnlp-main.320,2020,EMNLP,0,0
2020.emnlp-main.321,2020,EMNLP,0,0
2020.emnlp-main.322,2020,EMNLP,0,0
2020.emnlp-main.323,2020,EMNLP,1,0
2020.emnlp-main.324,2020,EMNLP,0,0
2020.emnlp-main.325,2020,EMNLP,1,0
2020.emnlp-main.326,2020,EMNLP,0,0
2020.emnlp-main.327,2020,EMNLP,1,0
2020.emnlp-main.328,2020,EMNLP,0,0
2020.emnlp-main.329,2020,EMNLP,0,0
2020.emnlp-main.33,2020,EMNLP,0,0
2020.emnlp-main.330,2020,EMNLP,0,0
2020.emnlp-main.331,2020,EMNLP,0,0
2020.emnlp-main.332,2020,EMNLP,0,0
2020.emnlp-main.333,2020,EMNLP,1,0
2020.emnlp-main.334,2020,EMNLP,1,1
2020.emnlp-main.335,2020,EMNLP,1,0
2020.emnlp-main.336,2020,EMNLP,1,0
2020.emnlp-main.337,2020,EMNLP,1,1
2020.emnlp-main.338,2020,EMNLP,0,0
2020.emnlp-main.339,2020,EMNLP,1,1
2020.emnlp-main.34,2020,EMNLP,1,0
2020.emnlp-main.340,2020,EMNLP,0,0
2020.emnlp-main.341,2020,EMNLP,1,0
2020.emnlp-main.342,2020,EMNLP,1,1
2020.emnlp-main.343,2020,EMNLP,1,1
2020.emnlp-main.344,2020,EMNLP,1,1
2020.emnlp-main.345,2020,EMNLP,0,0
2020.emnlp-main.346,2020,EMNLP,0,0
2020.emnlp-main.347,2020,EMNLP,1,0
2020.emnlp-main.348,2020,EMNLP,1,1
2020.emnlp-main.349,2020,EMNLP,0,0
2020.emnlp-main.35,2020,EMNLP,1,1
2020.emnlp-main.350,2020,EMNLP,0,0
2020.emnlp-main.351,2020,EMNLP,1,1
2020.emnlp-main.352,2020,EMNLP,1,0
2020.emnlp-main.353,2020,EMNLP,1,0
2020.emnlp-main.354,2020,EMNLP,0,0
2020.emnlp-main.355,2020,EMNLP,0,0
2020.emnlp-main.356,2020,EMNLP,0,0
2020.emnlp-main.357,2020,EMNLP,0,0
2020.emnlp-main.358,2020,EMNLP,1,0
2020.emnlp-main.359,2020,EMNLP,1,1
2020.emnlp-main.36,2020,EMNLP,0,0
2020.emnlp-main.360,2020,EMNLP,0,0
2020.emnlp-main.361,2020,EMNLP,0,0
2020.emnlp-main.362,2020,EMNLP,1,1
2020.emnlp-main.363,2020,EMNLP,0,0
2020.emnlp-main.364,2020,EMNLP,0,0
2020.emnlp-main.365,2020,EMNLP,1,1
2020.emnlp-main.366,2020,EMNLP,1,1
2020.emnlp-main.367,2020,EMNLP,0,0
2020.emnlp-main.368,2020,EMNLP,0,0
2020.emnlp-main.369,2020,EMNLP,0,0
2020.emnlp-main.37,2020,EMNLP,0,0
2020.emnlp-main.370,2020,EMNLP,1,1
2020.emnlp-main.371,2020,EMNLP,1,1
2020.emnlp-main.372,2020,EMNLP,1,1
2020.emnlp-main.373,2020,EMNLP,0,0
2020.emnlp-main.374,2020,EMNLP,1,1
2020.emnlp-main.375,2020,EMNLP,0,0
2020.emnlp-main.376,2020,EMNLP,0,0
2020.emnlp-main.377,2020,EMNLP,1,0
2020.emnlp-main.378,2020,EMNLP,1,1
2020.emnlp-main.379,2020,EMNLP,0,0
2020.emnlp-main.38,2020,EMNLP,1,1
2020.emnlp-main.380,2020,EMNLP,0,0
2020.emnlp-main.381,2020,EMNLP,0,0
2020.emnlp-main.382,2020,EMNLP,0,0
2020.emnlp-main.383,2020,EMNLP,0,0
2020.emnlp-main.384,2020,EMNLP,1,0
2020.emnlp-main.385,2020,EMNLP,0,0
2020.emnlp-main.386,2020,EMNLP,0,0
2020.emnlp-main.387,2020,EMNLP,0,0
2020.emnlp-main.388,2020,EMNLP,0,0
2020.emnlp-main.389,2020,EMNLP,1,1
2020.emnlp-main.39,2020,EMNLP,1,1
2020.emnlp-main.390,2020,EMNLP,1,1
2020.emnlp-main.391,2020,EMNLP,0,0
2020.emnlp-main.392,2020,EMNLP,1,0
2020.emnlp-main.393,2020,EMNLP,0,0
2020.emnlp-main.394,2020,EMNLP,0,0
2020.emnlp-main.395,2020,EMNLP,1,0
2020.emnlp-main.396,2020,EMNLP,1,0
2020.emnlp-main.397,2020,EMNLP,0,0
2020.emnlp-main.398,2020,EMNLP,1,0
2020.emnlp-main.399,2020,EMNLP,1,0
2020.emnlp-main.4,2020,EMNLP,0,0
2020.emnlp-main.40,2020,EMNLP,1,1
2020.emnlp-main.400,2020,EMNLP,1,1
2020.emnlp-main.402,2020,EMNLP,1,1
2020.emnlp-main.403,2020,EMNLP,1,0
2020.emnlp-main.404,2020,EMNLP,1,0
2020.emnlp-main.405,2020,EMNLP,0,0
2020.emnlp-main.406,2020,EMNLP,1,1
2020.emnlp-main.407,2020,EMNLP,1,0
2020.emnlp-main.408,2020,EMNLP,0,0
2020.emnlp-main.409,2020,EMNLP,1,1
2020.emnlp-main.41,2020,EMNLP,1,1
2020.emnlp-main.410,2020,EMNLP,1,1
2020.emnlp-main.411,2020,EMNLP,1,1
2020.emnlp-main.412,2020,EMNLP,1,1
2020.emnlp-main.413,2020,EMNLP,1,0
2020.emnlp-main.414,2020,EMNLP,1,1
2020.emnlp-main.415,2020,EMNLP,1,1
2020.emnlp-main.416,2020,EMNLP,0,0
2020.emnlp-main.417,2020,EMNLP,0,0
2020.emnlp-main.418,2020,EMNLP,0,0
2020.emnlp-main.419,2020,EMNLP,1,1
2020.emnlp-main.42,2020,EMNLP,0,0
2020.emnlp-main.420,2020,EMNLP,0,0
2020.emnlp-main.421,2020,EMNLP,1,1
2020.emnlp-main.422,2020,EMNLP,0,0
2020.emnlp-main.423,2020,EMNLP,1,0
2020.emnlp-main.424,2020,EMNLP,1,0
2020.emnlp-main.425,2020,EMNLP,1,1
2020.emnlp-main.426,2020,EMNLP,1,0
2020.emnlp-main.427,2020,EMNLP,0,0
2020.emnlp-main.428,2020,EMNLP,0,0
2020.emnlp-main.429,2020,EMNLP,0,0
2020.emnlp-main.43,2020,EMNLP,1,1
2020.emnlp-main.430,2020,EMNLP,0,0
2020.emnlp-main.431,2020,EMNLP,0,0
2020.emnlp-main.432,2020,EMNLP,0,0
2020.emnlp-main.433,2020,EMNLP,0,0
2020.emnlp-main.434,2020,EMNLP,1,1
2020.emnlp-main.435,2020,EMNLP,0,0
2020.emnlp-main.436,2020,EMNLP,0,0
2020.emnlp-main.437,2020,EMNLP,0,0
2020.emnlp-main.438,2020,EMNLP,1,0
2020.emnlp-main.439,2020,EMNLP,1,1
2020.emnlp-main.44,2020,EMNLP,0,0
2020.emnlp-main.440,2020,EMNLP,0,0
2020.emnlp-main.441,2020,EMNLP,1,1
2020.emnlp-main.442,2020,EMNLP,0,0
2020.emnlp-main.443,2020,EMNLP,0,0
2020.emnlp-main.444,2020,EMNLP,1,1
2020.emnlp-main.445,2020,EMNLP,1,0
2020.emnlp-main.446,2020,EMNLP,0,0
2020.emnlp-main.447,2020,EMNLP,0,0
2020.emnlp-main.448,2020,EMNLP,1,0
2020.emnlp-main.449,2020,EMNLP,0,0
2020.emnlp-main.45,2020,EMNLP,1,0
2020.emnlp-main.450,2020,EMNLP,1,1
2020.emnlp-main.451,2020,EMNLP,0,0
2020.emnlp-main.452,2020,EMNLP,0,0
2020.emnlp-main.453,2020,EMNLP,1,0
2020.emnlp-main.454,2020,EMNLP,0,0
2020.emnlp-main.455,2020,EMNLP,1,1
2020.emnlp-main.456,2020,EMNLP,0,0
2020.emnlp-main.457,2020,EMNLP,0,0
2020.emnlp-main.458,2020,EMNLP,0,0
2020.emnlp-main.459,2020,EMNLP,0,0
2020.emnlp-main.46,2020,EMNLP,1,0
2020.emnlp-main.460,2020,EMNLP,0,0
2020.emnlp-main.461,2020,EMNLP,0,0
2020.emnlp-main.462,2020,EMNLP,1,1
2020.emnlp-main.463,2020,EMNLP,1,1
2020.emnlp-main.464,2020,EMNLP,0,0
2020.emnlp-main.465,2020,EMNLP,0,0
2020.emnlp-main.466,2020,EMNLP,1,1
2020.emnlp-main.467,2020,EMNLP,0,0
2020.emnlp-main.468,2020,EMNLP,1,0
2020.emnlp-main.469,2020,EMNLP,0,0
2020.emnlp-main.47,2020,EMNLP,0,0
2020.emnlp-main.470,2020,EMNLP,1,0
2020.emnlp-main.471,2020,EMNLP,1,1
2020.emnlp-main.472,2020,EMNLP,0,0
2020.emnlp-main.473,2020,EMNLP,0,0
2020.emnlp-main.474,2020,EMNLP,1,0
2020.emnlp-main.475,2020,EMNLP,1,0
2020.emnlp-main.476,2020,EMNLP,1,1
2020.emnlp-main.477,2020,EMNLP,0,0
2020.emnlp-main.478,2020,EMNLP,0,0
2020.emnlp-main.479,2020,EMNLP,1,0
2020.emnlp-main.48,2020,EMNLP,0,0
2020.emnlp-main.480,2020,EMNLP,0,0
2020.emnlp-main.481,2020,EMNLP,1,0
2020.emnlp-main.482,2020,EMNLP,1,0
2020.emnlp-main.483,2020,EMNLP,0,0
2020.emnlp-main.484,2020,EMNLP,1,1
2020.emnlp-main.485,2020,EMNLP,0,0
2020.emnlp-main.486,2020,EMNLP,1,0
2020.emnlp-main.487,2020,EMNLP,0,0
2020.emnlp-main.488,2020,EMNLP,1,1
2020.emnlp-main.489,2020,EMNLP,0,0
2020.emnlp-main.49,2020,EMNLP,0,0
2020.emnlp-main.490,2020,EMNLP,0,0
2020.emnlp-main.491,2020,EMNLP,1,0
2020.emnlp-main.492,2020,EMNLP,1,1
2020.emnlp-main.493,2020,EMNLP,0,0
2020.emnlp-main.494,2020,EMNLP,0,0
2020.emnlp-main.495,2020,EMNLP,0,0
2020.emnlp-main.496,2020,EMNLP,0,0
2020.emnlp-main.497,2020,EMNLP,1,1
2020.emnlp-main.498,2020,EMNLP,0,0
2020.emnlp-main.499,2020,EMNLP,1,0
2020.emnlp-main.5,2020,EMNLP,0,0
2020.emnlp-main.50,2020,EMNLP,0,0
2020.emnlp-main.500,2020,EMNLP,0,0
2020.emnlp-main.501,2020,EMNLP,1,0
2020.emnlp-main.502,2020,EMNLP,0,0
2020.emnlp-main.503,2020,EMNLP,0,0
2020.emnlp-main.504,2020,EMNLP,0,0
2020.emnlp-main.505,2020,EMNLP,0,0
2020.emnlp-main.506,2020,EMNLP,1,1
2020.emnlp-main.507,2020,EMNLP,1,1
2020.emnlp-main.508,2020,EMNLP,0,0
2020.emnlp-main.509,2020,EMNLP,0,0
2020.emnlp-main.51,2020,EMNLP,0,0
2020.emnlp-main.510,2020,EMNLP,1,0
2020.emnlp-main.511,2020,EMNLP,1,0
2020.emnlp-main.512,2020,EMNLP,0,0
2020.emnlp-main.513,2020,EMNLP,1,1
2020.emnlp-main.514,2020,EMNLP,1,1
2020.emnlp-main.515,2020,EMNLP,1,0
2020.emnlp-main.516,2020,EMNLP,0,0
2020.emnlp-main.517,2020,EMNLP,1,1
2020.emnlp-main.518,2020,EMNLP,0,0
2020.emnlp-main.519,2020,EMNLP,1,1
2020.emnlp-main.52,2020,EMNLP,0,0
2020.emnlp-main.520,2020,EMNLP,0,0
2020.emnlp-main.521,2020,EMNLP,0,0
2020.emnlp-main.522,2020,EMNLP,1,1
2020.emnlp-main.523,2020,EMNLP,1,1
2020.emnlp-main.524,2020,EMNLP,1,1
2020.emnlp-main.525,2020,EMNLP,1,1
2020.emnlp-main.526,2020,EMNLP,1,1
2020.emnlp-main.527,2020,EMNLP,0,0
2020.emnlp-main.528,2020,EMNLP,1,1
2020.emnlp-main.529,2020,EMNLP,0,0
2020.emnlp-main.53,2020,EMNLP,0,0
2020.emnlp-main.530,2020,EMNLP,0,0
2020.emnlp-main.531,2020,EMNLP,1,0
2020.emnlp-main.532,2020,EMNLP,0,0
2020.emnlp-main.533,2020,EMNLP,0,0
2020.emnlp-main.534,2020,EMNLP,0,0
2020.emnlp-main.535,2020,EMNLP,1,1
2020.emnlp-main.536,2020,EMNLP,0,0
2020.emnlp-main.537,2020,EMNLP,0,0
2020.emnlp-main.538,2020,EMNLP,1,1
2020.emnlp-main.539,2020,EMNLP,0,0
2020.emnlp-main.54,2020,EMNLP,0,0
2020.emnlp-main.540,2020,EMNLP,0,0
2020.emnlp-main.541,2020,EMNLP,1,0
2020.emnlp-main.542,2020,EMNLP,1,1
2020.emnlp-main.543,2020,EMNLP,0,0
2020.emnlp-main.544,2020,EMNLP,1,0
2020.emnlp-main.545,2020,EMNLP,0,0
2020.emnlp-main.546,2020,EMNLP,0,0
2020.emnlp-main.547,2020,EMNLP,0,0
2020.emnlp-main.548,2020,EMNLP,1,0
2020.emnlp-main.549,2020,EMNLP,0,0
2020.emnlp-main.55,2020,EMNLP,1,1
2020.emnlp-main.550,2020,EMNLP,1,1
2020.emnlp-main.551,2020,EMNLP,0,0
2020.emnlp-main.552,2020,EMNLP,0,0
2020.emnlp-main.553,2020,EMNLP,0,0
2020.emnlp-main.554,2020,EMNLP,0,0
2020.emnlp-main.555,2020,EMNLP,1,1
2020.emnlp-main.556,2020,EMNLP,0,0
2020.emnlp-main.557,2020,EMNLP,0,0
2020.emnlp-main.558,2020,EMNLP,1,0
2020.emnlp-main.559,2020,EMNLP,1,0
2020.emnlp-main.56,2020,EMNLP,1,1
2020.emnlp-main.560,2020,EMNLP,0,0
2020.emnlp-main.561,2020,EMNLP,0,0
2020.emnlp-main.562,2020,EMNLP,0,0
2020.emnlp-main.563,2020,EMNLP,0,0
2020.emnlp-main.564,2020,EMNLP,0,0
2020.emnlp-main.565,2020,EMNLP,0,0
2020.emnlp-main.566,2020,EMNLP,1,1
2020.emnlp-main.567,2020,EMNLP,1,1
2020.emnlp-main.568,2020,EMNLP,0,0
2020.emnlp-main.569,2020,EMNLP,1,0
2020.emnlp-main.57,2020,EMNLP,1,0
2020.emnlp-main.570,2020,EMNLP,1,1
2020.emnlp-main.571,2020,EMNLP,0,0
2020.emnlp-main.572,2020,EMNLP,0,0
2020.emnlp-main.573,2020,EMNLP,1,0
2020.emnlp-main.574,2020,EMNLP,0,0
2020.emnlp-main.575,2020,EMNLP,1,1
2020.emnlp-main.576,2020,EMNLP,1,0
2020.emnlp-main.577,2020,EMNLP,1,0
2020.emnlp-main.578,2020,EMNLP,0,0
2020.emnlp-main.579,2020,EMNLP,0,0
2020.emnlp-main.58,2020,EMNLP,0,0
2020.emnlp-main.580,2020,EMNLP,1,1
2020.emnlp-main.581,2020,EMNLP,1,1
2020.emnlp-main.582,2020,EMNLP,1,1
2020.emnlp-main.583,2020,EMNLP,0,0
2020.emnlp-main.584,2020,EMNLP,1,1
2020.emnlp-main.585,2020,EMNLP,1,1
2020.emnlp-main.586,2020,EMNLP,0,0
2020.emnlp-main.587,2020,EMNLP,0,0
2020.emnlp-main.588,2020,EMNLP,0,0
2020.emnlp-main.589,2020,EMNLP,0,0
2020.emnlp-main.59,2020,EMNLP,0,0
2020.emnlp-main.590,2020,EMNLP,0,0
2020.emnlp-main.591,2020,EMNLP,0,0
2020.emnlp-main.592,2020,EMNLP,0,0
2020.emnlp-main.593,2020,EMNLP,0,0
2020.emnlp-main.594,2020,EMNLP,0,0
2020.emnlp-main.595,2020,EMNLP,0,0
2020.emnlp-main.596,2020,EMNLP,1,1
2020.emnlp-main.597,2020,EMNLP,1,1
2020.emnlp-main.598,2020,EMNLP,0,0
2020.emnlp-main.599,2020,EMNLP,0,0
2020.emnlp-main.6,2020,EMNLP,0,0
2020.emnlp-main.60,2020,EMNLP,0,0
2020.emnlp-main.600,2020,EMNLP,0,0
2020.emnlp-main.601,2020,EMNLP,0,0
2020.emnlp-main.602,2020,EMNLP,1,0
2020.emnlp-main.603,2020,EMNLP,0,0
2020.emnlp-main.604,2020,EMNLP,1,0
2020.emnlp-main.605,2020,EMNLP,1,0
2020.emnlp-main.606,2020,EMNLP,1,0
2020.emnlp-main.607,2020,EMNLP,1,0
2020.emnlp-main.608,2020,EMNLP,0,0
2020.emnlp-main.609,2020,EMNLP,1,0
2020.emnlp-main.61,2020,EMNLP,1,0
2020.emnlp-main.610,2020,EMNLP,1,1
2020.emnlp-main.611,2020,EMNLP,0,0
2020.emnlp-main.612,2020,EMNLP,0,0
2020.emnlp-main.613,2020,EMNLP,0,0
2020.emnlp-main.614,2020,EMNLP,1,0
2020.emnlp-main.615,2020,EMNLP,0,0
2020.emnlp-main.616,2020,EMNLP,1,0
2020.emnlp-main.617,2020,EMNLP,0,0
2020.emnlp-main.618,2020,EMNLP,0,0
2020.emnlp-main.619,2020,EMNLP,1,0
2020.emnlp-main.62,2020,EMNLP,1,1
2020.emnlp-main.620,2020,EMNLP,1,0
2020.emnlp-main.621,2020,EMNLP,1,0
2020.emnlp-main.622,2020,EMNLP,1,1
2020.emnlp-main.623,2020,EMNLP,1,1
2020.emnlp-main.624,2020,EMNLP,1,1
2020.emnlp-main.625,2020,EMNLP,1,0
2020.emnlp-main.626,2020,EMNLP,1,0
2020.emnlp-main.627,2020,EMNLP,0,0
2020.emnlp-main.628,2020,EMNLP,0,0
2020.emnlp-main.629,2020,EMNLP,0,0
2020.emnlp-main.63,2020,EMNLP,1,1
2020.emnlp-main.630,2020,EMNLP,1,1
2020.emnlp-main.631,2020,EMNLP,1,1
2020.emnlp-main.632,2020,EMNLP,1,1
2020.emnlp-main.633,2020,EMNLP,1,1
2020.emnlp-main.634,2020,EMNLP,0,0
2020.emnlp-main.635,2020,EMNLP,0,0
2020.emnlp-main.636,2020,EMNLP,0,0
2020.emnlp-main.637,2020,EMNLP,0,0
2020.emnlp-main.638,2020,EMNLP,1,0
2020.emnlp-main.639,2020,EMNLP,1,0
2020.emnlp-main.64,2020,EMNLP,0,0
2020.emnlp-main.640,2020,EMNLP,0,0
2020.emnlp-main.641,2020,EMNLP,0,0
2020.emnlp-main.642,2020,EMNLP,0,0
2020.emnlp-main.643,2020,EMNLP,0,0
2020.emnlp-main.644,2020,EMNLP,1,0
2020.emnlp-main.645,2020,EMNLP,0,0
2020.emnlp-main.646,2020,EMNLP,1,1
2020.emnlp-main.647,2020,EMNLP,0,0
2020.emnlp-main.648,2020,EMNLP,0,0
2020.emnlp-main.649,2020,EMNLP,0,0
2020.emnlp-main.65,2020,EMNLP,1,0
2020.emnlp-main.650,2020,EMNLP,0,0
2020.emnlp-main.651,2020,EMNLP,0,0
2020.emnlp-main.652,2020,EMNLP,0,0
2020.emnlp-main.653,2020,EMNLP,1,0
2020.emnlp-main.654,2020,EMNLP,0,0
2020.emnlp-main.655,2020,EMNLP,1,1
2020.emnlp-main.656,2020,EMNLP,0,0
2020.emnlp-main.657,2020,EMNLP,0,0
2020.emnlp-main.658,2020,EMNLP,0,0
2020.emnlp-main.659,2020,EMNLP,0,0
2020.emnlp-main.66,2020,EMNLP,1,1
2020.emnlp-main.660,2020,EMNLP,0,0
2020.emnlp-main.661,2020,EMNLP,1,1
2020.emnlp-main.662,2020,EMNLP,1,1
2020.emnlp-main.663,2020,EMNLP,0,0
2020.emnlp-main.664,2020,EMNLP,1,0
2020.emnlp-main.665,2020,EMNLP,0,0
2020.emnlp-main.666,2020,EMNLP,0,0
2020.emnlp-main.667,2020,EMNLP,0,0
2020.emnlp-main.668,2020,EMNLP,0,0
2020.emnlp-main.669,2020,EMNLP,0,0
2020.emnlp-main.67,2020,EMNLP,0,0
2020.emnlp-main.670,2020,EMNLP,0,0
2020.emnlp-main.671,2020,EMNLP,0,0
2020.emnlp-main.672,2020,EMNLP,1,1
2020.emnlp-main.673,2020,EMNLP,1,0
2020.emnlp-main.674,2020,EMNLP,0,0
2020.emnlp-main.675,2020,EMNLP,0,0
2020.emnlp-main.676,2020,EMNLP,1,0
2020.emnlp-main.677,2020,EMNLP,1,0
2020.emnlp-main.678,2020,EMNLP,0,0
2020.emnlp-main.679,2020,EMNLP,0,0
2020.emnlp-main.68,2020,EMNLP,1,1
2020.emnlp-main.680,2020,EMNLP,0,0
2020.emnlp-main.681,2020,EMNLP,0,0
2020.emnlp-main.682,2020,EMNLP,0,0
2020.emnlp-main.683,2020,EMNLP,0,0
2020.emnlp-main.684,2020,EMNLP,1,1
2020.emnlp-main.685,2020,EMNLP,0,0
2020.emnlp-main.686,2020,EMNLP,1,0
2020.emnlp-main.687,2020,EMNLP,1,1
2020.emnlp-main.688,2020,EMNLP,1,0
2020.emnlp-main.689,2020,EMNLP,1,0
2020.emnlp-main.69,2020,EMNLP,0,0
2020.emnlp-main.690,2020,EMNLP,0,0
2020.emnlp-main.691,2020,EMNLP,1,0
2020.emnlp-main.692,2020,EMNLP,1,1
2020.emnlp-main.693,2020,EMNLP,0,0
2020.emnlp-main.694,2020,EMNLP,1,1
2020.emnlp-main.695,2020,EMNLP,1,0
2020.emnlp-main.696,2020,EMNLP,1,1
2020.emnlp-main.697,2020,EMNLP,1,1
2020.emnlp-main.698,2020,EMNLP,1,1
2020.emnlp-main.699,2020,EMNLP,0,0
2020.emnlp-main.7,2020,EMNLP,0,0
2020.emnlp-main.70,2020,EMNLP,0,0
2020.emnlp-main.700,2020,EMNLP,1,1
2020.emnlp-main.701,2020,EMNLP,0,0
2020.emnlp-main.702,2020,EMNLP,0,0
2020.emnlp-main.703,2020,EMNLP,0,0
2020.emnlp-main.704,2020,EMNLP,1,1
2020.emnlp-main.705,2020,EMNLP,0,0
2020.emnlp-main.706,2020,EMNLP,1,1
2020.emnlp-main.707,2020,EMNLP,1,1
2020.emnlp-main.708,2020,EMNLP,1,1
2020.emnlp-main.709,2020,EMNLP,0,0
2020.emnlp-main.71,2020,EMNLP,0,0
2020.emnlp-main.710,2020,EMNLP,1,1
2020.emnlp-main.711,2020,EMNLP,1,1
2020.emnlp-main.712,2020,EMNLP,1,1
2020.emnlp-main.713,2020,EMNLP,1,1
2020.emnlp-main.714,2020,EMNLP,0,0
2020.emnlp-main.715,2020,EMNLP,1,1
2020.emnlp-main.716,2020,EMNLP,0,0
2020.emnlp-main.717,2020,EMNLP,1,0
2020.emnlp-main.718,2020,EMNLP,0,0
2020.emnlp-main.719,2020,EMNLP,0,0
2020.emnlp-main.72,2020,EMNLP,1,0
2020.emnlp-main.720,2020,EMNLP,0,0
2020.emnlp-main.721,2020,EMNLP,0,0
2020.emnlp-main.722,2020,EMNLP,1,1
2020.emnlp-main.723,2020,EMNLP,0,0
2020.emnlp-main.724,2020,EMNLP,1,0
2020.emnlp-main.725,2020,EMNLP,0,0
2020.emnlp-main.726,2020,EMNLP,0,0
2020.emnlp-main.727,2020,EMNLP,0,0
2020.emnlp-main.728,2020,EMNLP,1,1
2020.emnlp-main.729,2020,EMNLP,1,0
2020.emnlp-main.73,2020,EMNLP,1,0
2020.emnlp-main.730,2020,EMNLP,1,0
2020.emnlp-main.731,2020,EMNLP,1,0
2020.emnlp-main.732,2020,EMNLP,1,0
2020.emnlp-main.733,2020,EMNLP,0,0
2020.emnlp-main.734,2020,EMNLP,1,0
2020.emnlp-main.735,2020,EMNLP,1,0
2020.emnlp-main.736,2020,EMNLP,0,0
2020.emnlp-main.737,2020,EMNLP,1,1
2020.emnlp-main.738,2020,EMNLP,1,1
2020.emnlp-main.739,2020,EMNLP,1,0
2020.emnlp-main.74,2020,EMNLP,0,0
2020.emnlp-main.740,2020,EMNLP,1,0
2020.emnlp-main.741,2020,EMNLP,0,0
2020.emnlp-main.742,2020,EMNLP,0,0
2020.emnlp-main.743,2020,EMNLP,0,0
2020.emnlp-main.744,2020,EMNLP,1,1
2020.emnlp-main.745,2020,EMNLP,0,0
2020.emnlp-main.746,2020,EMNLP,1,1
2020.emnlp-main.747,2020,EMNLP,1,1
2020.emnlp-main.748,2020,EMNLP,1,1
2020.emnlp-main.749,2020,EMNLP,1,1
2020.emnlp-main.75,2020,EMNLP,1,1
2020.emnlp-main.750,2020,EMNLP,1,1
2020.emnlp-main.751,2020,EMNLP,0,0
2020.emnlp-main.752,2020,EMNLP,1,0
2020.emnlp-main.76,2020,EMNLP,0,0
2020.emnlp-main.77,2020,EMNLP,1,1
2020.emnlp-main.78,2020,EMNLP,1,0
2020.emnlp-main.79,2020,EMNLP,1,1
2020.emnlp-main.8,2020,EMNLP,1,1
2020.emnlp-main.80,2020,EMNLP,1,1
2020.emnlp-main.81,2020,EMNLP,1,0
2020.emnlp-main.82,2020,EMNLP,0,0
2020.emnlp-main.83,2020,EMNLP,0,0
2020.emnlp-main.84,2020,EMNLP,1,0
2020.emnlp-main.85,2020,EMNLP,0,0
2020.emnlp-main.86,2020,EMNLP,0,0
2020.emnlp-main.87,2020,EMNLP,1,1
2020.emnlp-main.88,2020,EMNLP,1,1
2020.emnlp-main.89,2020,EMNLP,0,0
2020.emnlp-main.9,2020,EMNLP,1,1
2020.emnlp-main.90,2020,EMNLP,1,0
2020.emnlp-main.91,2020,EMNLP,0,0
2020.emnlp-main.92,2020,EMNLP,1,1
2020.emnlp-main.93,2020,EMNLP,1,0
2020.emnlp-main.94,2020,EMNLP,1,0
2020.emnlp-main.95,2020,EMNLP,0,0
2020.emnlp-main.96,2020,EMNLP,1,1
2020.emnlp-main.97,2020,EMNLP,1,1
2020.emnlp-main.98,2020,EMNLP,1,1
2020.emnlp-main.99,2020,EMNLP,1,1
2021.acl-long.1,2021,ACL,1,0
2021.acl-long.10,2021,ACL,0,0
2021.acl-long.100,2021,ACL,0,0
2021.acl-long.101,2021,ACL,0,0
2021.acl-long.102,2021,ACL,0,0
2021.acl-long.103,2021,ACL,0,0
2021.acl-long.104,2021,ACL,0,0
2021.acl-long.105,2021,ACL,0,0
2021.acl-long.106,2021,ACL,0,0
2021.acl-long.107,2021,ACL,0,0
2021.acl-long.108,2021,ACL,0,0
2021.acl-long.109,2021,ACL,0,0
2021.acl-long.11,2021,ACL,1,1
2021.acl-long.110,2021,ACL,0,0
2021.acl-long.111,2021,ACL,1,0
2021.acl-long.112,2021,ACL,1,1
2021.acl-long.113,2021,ACL,0,0
2021.acl-long.114,2021,ACL,1,0
2021.acl-long.115,2021,ACL,0,0
2021.acl-long.116,2021,ACL,0,0
2021.acl-long.117,2021,ACL,0,0
2021.acl-long.118,2021,ACL,1,1
2021.acl-long.119,2021,ACL,0,0
2021.acl-long.12,2021,ACL,0,0
2021.acl-long.120,2021,ACL,1,0
2021.acl-long.121,2021,ACL,1,1
2021.acl-long.122,2021,ACL,0,0
2021.acl-long.123,2021,ACL,1,1
2021.acl-long.124,2021,ACL,1,0
2021.acl-long.125,2021,ACL,0,0
2021.acl-long.126,2021,ACL,1,1
2021.acl-long.127,2021,ACL,0,0
2021.acl-long.128,2021,ACL,0,0
2021.acl-long.129,2021,ACL,0,0
2021.acl-long.13,2021,ACL,1,0
2021.acl-long.130,2021,ACL,1,0
2021.acl-long.131,2021,ACL,0,0
2021.acl-long.132,2021,ACL,0,0
2021.acl-long.133,2021,ACL,0,0
2021.acl-long.134,2021,ACL,0,0
2021.acl-long.135,2021,ACL,0,0
2021.acl-long.136,2021,ACL,0,0
2021.acl-long.137,2021,ACL,0,0
2021.acl-long.138,2021,ACL,0,0
2021.acl-long.139,2021,ACL,0,0
2021.acl-long.14,2021,ACL,1,1
2021.acl-long.140,2021,ACL,1,1
2021.acl-long.141,2021,ACL,0,0
2021.acl-long.142,2021,ACL,0,0
2021.acl-long.143,2021,ACL,1,1
2021.acl-long.144,2021,ACL,0,0
2021.acl-long.145,2021,ACL,0,0
2021.acl-long.146,2021,ACL,0,0
2021.acl-long.147,2021,ACL,1,0
2021.acl-long.148,2021,ACL,0,0
2021.acl-long.149,2021,ACL,0,0
2021.acl-long.15,2021,ACL,1,0
2021.acl-long.150,2021,ACL,0,0
2021.acl-long.151,2021,ACL,0,0
2021.acl-long.152,2021,ACL,0,0
2021.acl-long.153,2021,ACL,0,0
2021.acl-long.154,2021,ACL,1,0
2021.acl-long.155,2021,ACL,1,0
2021.acl-long.156,2021,ACL,1,0
2021.acl-long.157,2021,ACL,1,1
2021.acl-long.158,2021,ACL,1,0
2021.acl-long.159,2021,ACL,0,0
2021.acl-long.16,2021,ACL,0,0
2021.acl-long.160,2021,ACL,1,1
2021.acl-long.161,2021,ACL,0,0
2021.acl-long.162,2021,ACL,1,0
2021.acl-long.163,2021,ACL,1,0
2021.acl-long.164,2021,ACL,1,1
2021.acl-long.165,2021,ACL,1,1
2021.acl-long.166,2021,ACL,1,1
2021.acl-long.167,2021,ACL,1,0
2021.acl-long.168,2021,ACL,0,0
2021.acl-long.169,2021,ACL,0,0
2021.acl-long.17,2021,ACL,0,0
2021.acl-long.170,2021,ACL,0,0
2021.acl-long.171,2021,ACL,0,0
2021.acl-long.172,2021,ACL,1,1
2021.acl-long.173,2021,ACL,1,1
2021.acl-long.174,2021,ACL,0,0
2021.acl-long.175,2021,ACL,0,0
2021.acl-long.176,2021,ACL,0,0
2021.acl-long.177,2021,ACL,1,1
2021.acl-long.178,2021,ACL,0,0
2021.acl-long.179,2021,ACL,0,0
2021.acl-long.18,2021,ACL,0,0
2021.acl-long.180,2021,ACL,1,0
2021.acl-long.181,2021,ACL,1,1
2021.acl-long.182,2021,ACL,0,0
2021.acl-long.183,2021,ACL,0,0
2021.acl-long.184,2021,ACL,0,0
2021.acl-long.185,2021,ACL,0,0
2021.acl-long.186,2021,ACL,1,1
2021.acl-long.187,2021,ACL,0,0
2021.acl-long.188,2021,ACL,1,1
2021.acl-long.189,2021,ACL,0,0
2021.acl-long.19,2021,ACL,0,0
2021.acl-long.190,2021,ACL,1,1
2021.acl-long.191,2021,ACL,1,1
2021.acl-long.192,2021,ACL,0,0
2021.acl-long.193,2021,ACL,0,0
2021.acl-long.194,2021,ACL,0,0
2021.acl-long.195,2021,ACL,0,0
2021.acl-long.196,2021,ACL,1,1
2021.acl-long.197,2021,ACL,1,0
2021.acl-long.198,2021,ACL,0,0
2021.acl-long.199,2021,ACL,1,0
2021.acl-long.2,2021,ACL,0,0
2021.acl-long.20,2021,ACL,1,1
2021.acl-long.200,2021,ACL,0,0
2021.acl-long.201,2021,ACL,0,0
2021.acl-long.202,2021,ACL,1,1
2021.acl-long.203,2021,ACL,1,0
2021.acl-long.204,2021,ACL,1,0
2021.acl-long.205,2021,ACL,1,1
2021.acl-long.206,2021,ACL,1,0
2021.acl-long.207,2021,ACL,0,0
2021.acl-long.208,2021,ACL,0,0
2021.acl-long.209,2021,ACL,1,0
2021.acl-long.21,2021,ACL,0,0
2021.acl-long.210,2021,ACL,1,1
2021.acl-long.211,2021,ACL,0,0
2021.acl-long.212,2021,ACL,0,0
2021.acl-long.213,2021,ACL,0,0
2021.acl-long.214,2021,ACL,0,0
2021.acl-long.215,2021,ACL,1,1
2021.acl-long.216,2021,ACL,0,0
2021.acl-long.217,2021,ACL,1,1
2021.acl-long.218,2021,ACL,1,1
2021.acl-long.219,2021,ACL,0,0
2021.acl-long.22,2021,ACL,0,0
2021.acl-long.220,2021,ACL,0,0
2021.acl-long.221,2021,ACL,0,0
2021.acl-long.222,2021,ACL,0,0
2021.acl-long.223,2021,ACL,0,0
2021.acl-long.224,2021,ACL,1,0
2021.acl-long.225,2021,ACL,1,1
2021.acl-long.226,2021,ACL,1,1
2021.acl-long.227,2021,ACL,0,0
2021.acl-long.228,2021,ACL,0,0
2021.acl-long.229,2021,ACL,0,0
2021.acl-long.23,2021,ACL,1,0
2021.acl-long.230,2021,ACL,1,1
2021.acl-long.231,2021,ACL,1,1
2021.acl-long.232,2021,ACL,1,0
2021.acl-long.233,2021,ACL,0,0
2021.acl-long.234,2021,ACL,0,0
2021.acl-long.235,2021,ACL,0,0
2021.acl-long.236,2021,ACL,1,1
2021.acl-long.237,2021,ACL,0,0
2021.acl-long.238,2021,ACL,1,0
2021.acl-long.239,2021,ACL,0,0
2021.acl-long.24,2021,ACL,0,0
2021.acl-long.240,2021,ACL,1,1
2021.acl-long.241,2021,ACL,0,0
2021.acl-long.242,2021,ACL,0,0
2021.acl-long.243,2021,ACL,1,1
2021.acl-long.244,2021,ACL,0,0
2021.acl-long.245,2021,ACL,0,0
2021.acl-long.246,2021,ACL,0,0
2021.acl-long.247,2021,ACL,1,1
2021.acl-long.248,2021,ACL,0,0
2021.acl-long.249,2021,ACL,0,0
2021.acl-long.25,2021,ACL,0,0
2021.acl-long.250,2021,ACL,0,0
2021.acl-long.251,2021,ACL,0,0
2021.acl-long.252,2021,ACL,1,1
2021.acl-long.253,2021,ACL,1,1
2021.acl-long.254,2021,ACL,0,0
2021.acl-long.255,2021,ACL,1,0
2021.acl-long.256,2021,ACL,1,0
2021.acl-long.257,2021,ACL,0,0
2021.acl-long.258,2021,ACL,0,0
2021.acl-long.259,2021,ACL,1,0
2021.acl-long.26,2021,ACL,0,0
2021.acl-long.260,2021,ACL,1,0
2021.acl-long.261,2021,ACL,1,0
2021.acl-long.262,2021,ACL,1,1
2021.acl-long.263,2021,ACL,1,0
2021.acl-long.264,2021,ACL,1,1
2021.acl-long.265,2021,ACL,0,0
2021.acl-long.266,2021,ACL,0,0
2021.acl-long.267,2021,ACL,1,1
2021.acl-long.268,2021,ACL,1,1
2021.acl-long.269,2021,ACL,0,0
2021.acl-long.27,2021,ACL,1,0
2021.acl-long.270,2021,ACL,1,1
2021.acl-long.271,2021,ACL,1,0
2021.acl-long.272,2021,ACL,1,0
2021.acl-long.273,2021,ACL,1,0
2021.acl-long.274,2021,ACL,1,1
2021.acl-long.275,2021,ACL,1,0
2021.acl-long.276,2021,ACL,1,0
2021.acl-long.277,2021,ACL,0,0
2021.acl-long.278,2021,ACL,1,1
2021.acl-long.279,2021,ACL,1,0
2021.acl-long.28,2021,ACL,0,0
2021.acl-long.280,2021,ACL,0,0
2021.acl-long.281,2021,ACL,1,0
2021.acl-long.282,2021,ACL,1,1
2021.acl-long.283,2021,ACL,1,0
2021.acl-long.284,2021,ACL,1,1
2021.acl-long.285,2021,ACL,1,1
2021.acl-long.286,2021,ACL,0,0
2021.acl-long.287,2021,ACL,1,1
2021.acl-long.288,2021,ACL,0,0
2021.acl-long.289,2021,ACL,0,0
2021.acl-long.29,2021,ACL,0,0
2021.acl-long.290,2021,ACL,0,0
2021.acl-long.291,2021,ACL,0,0
2021.acl-long.292,2021,ACL,0,0
2021.acl-long.293,2021,ACL,0,0
2021.acl-long.294,2021,ACL,0,0
2021.acl-long.295,2021,ACL,0,0
2021.acl-long.296,2021,ACL,1,0
2021.acl-long.297,2021,ACL,0,0
2021.acl-long.298,2021,ACL,0,0
2021.acl-long.299,2021,ACL,1,1
2021.acl-long.3,2021,ACL,0,0
2021.acl-long.30,2021,ACL,1,1
2021.acl-long.300,2021,ACL,1,1
2021.acl-long.301,2021,ACL,0,0
2021.acl-long.302,2021,ACL,0,0
2021.acl-long.303,2021,ACL,1,1
2021.acl-long.304,2021,ACL,0,0
2021.acl-long.305,2021,ACL,1,0
2021.acl-long.306,2021,ACL,0,0
2021.acl-long.307,2021,ACL,0,0
2021.acl-long.308,2021,ACL,1,1
2021.acl-long.309,2021,ACL,0,0
2021.acl-long.31,2021,ACL,1,1
2021.acl-long.310,2021,ACL,0,0
2021.acl-long.311,2021,ACL,1,1
2021.acl-long.312,2021,ACL,0,0
2021.acl-long.313,2021,ACL,1,0
2021.acl-long.314,2021,ACL,0,0
2021.acl-long.315,2021,ACL,0,0
2021.acl-long.316,2021,ACL,1,1
2021.acl-long.317,2021,ACL,1,1
2021.acl-long.318,2021,ACL,1,1
2021.acl-long.319,2021,ACL,0,0
2021.acl-long.32,2021,ACL,0,0
2021.acl-long.320,2021,ACL,0,0
2021.acl-long.321,2021,ACL,0,0
2021.acl-long.322,2021,ACL,1,1
2021.acl-long.323,2021,ACL,0,0
2021.acl-long.324,2021,ACL,0,0
2021.acl-long.325,2021,ACL,0,0
2021.acl-long.326,2021,ACL,1,1
2021.acl-long.327,2021,ACL,0,0
2021.acl-long.328,2021,ACL,1,1
2021.acl-long.329,2021,ACL,0,0
2021.acl-long.33,2021,ACL,0,0
2021.acl-long.330,2021,ACL,1,1
2021.acl-long.331,2021,ACL,1,1
2021.acl-long.332,2021,ACL,1,1
2021.acl-long.333,2021,ACL,0,0
2021.acl-long.334,2021,ACL,0,0
2021.acl-long.335,2021,ACL,0,0
2021.acl-long.336,2021,ACL,0,0
2021.acl-long.337,2021,ACL,0,0
2021.acl-long.338,2021,ACL,1,0
2021.acl-long.339,2021,ACL,0,0
2021.acl-long.34,2021,ACL,0,0
2021.acl-long.340,2021,ACL,1,0
2021.acl-long.341,2021,ACL,0,0
2021.acl-long.342,2021,ACL,1,0
2021.acl-long.343,2021,ACL,0,0
2021.acl-long.344,2021,ACL,1,1
2021.acl-long.345,2021,ACL,1,1
2021.acl-long.346,2021,ACL,1,0
2021.acl-long.347,2021,ACL,0,0
2021.acl-long.348,2021,ACL,0,0
2021.acl-long.349,2021,ACL,1,0
2021.acl-long.35,2021,ACL,0,0
2021.acl-long.350,2021,ACL,0,0
2021.acl-long.351,2021,ACL,1,1
2021.acl-long.352,2021,ACL,1,1
2021.acl-long.353,2021,ACL,0,0
2021.acl-long.354,2021,ACL,1,1
2021.acl-long.355,2021,ACL,1,0
2021.acl-long.356,2021,ACL,1,0
2021.acl-long.357,2021,ACL,0,0
2021.acl-long.358,2021,ACL,0,0
2021.acl-long.359,2021,ACL,0,0
2021.acl-long.36,2021,ACL,1,0
2021.acl-long.360,2021,ACL,0,0
2021.acl-long.361,2021,ACL,1,1
2021.acl-long.362,2021,ACL,0,0
2021.acl-long.363,2021,ACL,1,1
2021.acl-long.364,2021,ACL,0,0
2021.acl-long.365,2021,ACL,1,0
2021.acl-long.366,2021,ACL,0,0
2021.acl-long.367,2021,ACL,1,1
2021.acl-long.368,2021,ACL,0,0
2021.acl-long.369,2021,ACL,0,0
2021.acl-long.37,2021,ACL,0,0
2021.acl-long.370,2021,ACL,0,0
2021.acl-long.371,2021,ACL,0,0
2021.acl-long.372,2021,ACL,1,1
2021.acl-long.373,2021,ACL,0,0
2021.acl-long.374,2021,ACL,0,0
2021.acl-long.375,2021,ACL,0,0
2021.acl-long.376,2021,ACL,0,0
2021.acl-long.377,2021,ACL,1,1
2021.acl-long.378,2021,ACL,0,0
2021.acl-long.379,2021,ACL,1,1
2021.acl-long.38,2021,ACL,0,0
2021.acl-long.380,2021,ACL,0,0
2021.acl-long.381,2021,ACL,1,0
2021.acl-long.382,2021,ACL,1,0
2021.acl-long.383,2021,ACL,0,0
2021.acl-long.384,2021,ACL,1,0
2021.acl-long.385,2021,ACL,0,0
2021.acl-long.386,2021,ACL,1,1
2021.acl-long.387,2021,ACL,1,0
2021.acl-long.388,2021,ACL,0,0
2021.acl-long.389,2021,ACL,1,0
2021.acl-long.39,2021,ACL,0,0
2021.acl-long.390,2021,ACL,0,0
2021.acl-long.391,2021,ACL,1,1
2021.acl-long.392,2021,ACL,1,1
2021.acl-long.393,2021,ACL,0,0
2021.acl-long.394,2021,ACL,0,0
2021.acl-long.395,2021,ACL,0,0
2021.acl-long.396,2021,ACL,1,0
2021.acl-long.397,2021,ACL,0,0
2021.acl-long.398,2021,ACL,1,0
2021.acl-long.399,2021,ACL,0,0
2021.acl-long.4,2021,ACL,1,0
2021.acl-long.40,2021,ACL,0,0
2021.acl-long.400,2021,ACL,0,0
2021.acl-long.401,2021,ACL,0,0
2021.acl-long.402,2021,ACL,1,1
2021.acl-long.403,2021,ACL,0,0
2021.acl-long.404,2021,ACL,0,0
2021.acl-long.405,2021,ACL,0,0
2021.acl-long.406,2021,ACL,0,0
2021.acl-long.407,2021,ACL,0,0
2021.acl-long.408,2021,ACL,0,0
2021.acl-long.409,2021,ACL,1,1
2021.acl-long.41,2021,ACL,0,0
2021.acl-long.410,2021,ACL,0,0
2021.acl-long.411,2021,ACL,1,0
2021.acl-long.412,2021,ACL,0,0
2021.acl-long.413,2021,ACL,1,1
2021.acl-long.414,2021,ACL,0,0
2021.acl-long.415,2021,ACL,0,0
2021.acl-long.416,2021,ACL,1,1
2021.acl-long.417,2021,ACL,0,0
2021.acl-long.418,2021,ACL,0,0
2021.acl-long.419,2021,ACL,1,1
2021.acl-long.42,2021,ACL,1,1
2021.acl-long.420,2021,ACL,1,1
2021.acl-long.421,2021,ACL,0,0
2021.acl-long.422,2021,ACL,1,1
2021.acl-long.423,2021,ACL,0,0
2021.acl-long.424,2021,ACL,0,0
2021.acl-long.425,2021,ACL,1,0
2021.acl-long.426,2021,ACL,0,0
2021.acl-long.427,2021,ACL,0,0
2021.acl-long.428,2021,ACL,0,0
2021.acl-long.429,2021,ACL,1,1
2021.acl-long.43,2021,ACL,1,1
2021.acl-long.430,2021,ACL,0,0
2021.acl-long.431,2021,ACL,0,0
2021.acl-long.432,2021,ACL,1,1
2021.acl-long.433,2021,ACL,0,0
2021.acl-long.434,2021,ACL,1,0
2021.acl-long.435,2021,ACL,1,0
2021.acl-long.436,2021,ACL,0,0
2021.acl-long.437,2021,ACL,1,1
2021.acl-long.438,2021,ACL,0,0
2021.acl-long.439,2021,ACL,0,0
2021.acl-long.44,2021,ACL,0,0
2021.acl-long.440,2021,ACL,0,0
2021.acl-long.441,2021,ACL,1,1
2021.acl-long.442,2021,ACL,1,1
2021.acl-long.443,2021,ACL,1,0
2021.acl-long.444,2021,ACL,1,1
2021.acl-long.445,2021,ACL,1,1
2021.acl-long.446,2021,ACL,1,1
2021.acl-long.447,2021,ACL,1,0
2021.acl-long.448,2021,ACL,0,0
2021.acl-long.449,2021,ACL,1,0
2021.acl-long.45,2021,ACL,0,0
2021.acl-long.450,2021,ACL,1,0
2021.acl-long.451,2021,ACL,1,1
2021.acl-long.452,2021,ACL,0,0
2021.acl-long.453,2021,ACL,0,0
2021.acl-long.454,2021,ACL,0,0
2021.acl-long.455,2021,ACL,0,0
2021.acl-long.456,2021,ACL,1,1
2021.acl-long.457,2021,ACL,0,0
2021.acl-long.458,2021,ACL,0,0
2021.acl-long.459,2021,ACL,0,0
2021.acl-long.46,2021,ACL,0,0
2021.acl-long.460,2021,ACL,0,0
2021.acl-long.461,2021,ACL,0,0
2021.acl-long.462,2021,ACL,1,1
2021.acl-long.463,2021,ACL,0,0
2021.acl-long.464,2021,ACL,1,1
2021.acl-long.465,2021,ACL,0,0
2021.acl-long.466,2021,ACL,1,1
2021.acl-long.467,2021,ACL,1,0
2021.acl-long.468,2021,ACL,0,0
2021.acl-long.469,2021,ACL,0,0
2021.acl-long.47,2021,ACL,1,0
2021.acl-long.470,2021,ACL,1,1
2021.acl-long.471,2021,ACL,1,0
2021.acl-long.472,2021,ACL,1,1
2021.acl-long.473,2021,ACL,1,0
2021.acl-long.474,2021,ACL,1,1
2021.acl-long.475,2021,ACL,1,1
2021.acl-long.476,2021,ACL,1,1
2021.acl-long.477,2021,ACL,1,1
2021.acl-long.478,2021,ACL,1,1
2021.acl-long.479,2021,ACL,0,0
2021.acl-long.48,2021,ACL,1,1
2021.acl-long.480,2021,ACL,1,0
2021.acl-long.481,2021,ACL,0,0
2021.acl-long.482,2021,ACL,1,1
2021.acl-long.483,2021,ACL,0,0
2021.acl-long.484,2021,ACL,0,0
2021.acl-long.485,2021,ACL,1,1
2021.acl-long.486,2021,ACL,1,1
2021.acl-long.487,2021,ACL,1,1
2021.acl-long.488,2021,ACL,1,0
2021.acl-long.489,2021,ACL,1,0
2021.acl-long.49,2021,ACL,0,0
2021.acl-long.490,2021,ACL,0,0
2021.acl-long.491,2021,ACL,1,1
2021.acl-long.492,2021,ACL,0,0
2021.acl-long.493,2021,ACL,1,1
2021.acl-long.494,2021,ACL,0,0
2021.acl-long.495,2021,ACL,1,0
2021.acl-long.496,2021,ACL,1,0
2021.acl-long.497,2021,ACL,1,1
2021.acl-long.498,2021,ACL,1,1
2021.acl-long.499,2021,ACL,0,0
2021.acl-long.5,2021,ACL,1,0
2021.acl-long.50,2021,ACL,0,0
2021.acl-long.500,2021,ACL,0,0
2021.acl-long.501,2021,ACL,1,1
2021.acl-long.502,2021,ACL,1,1
2021.acl-long.503,2021,ACL,1,1
2021.acl-long.504,2021,ACL,1,0
2021.acl-long.505,2021,ACL,0,0
2021.acl-long.506,2021,ACL,0,0
2021.acl-long.507,2021,ACL,0,0
2021.acl-long.508,2021,ACL,0,0
2021.acl-long.509,2021,ACL,0,0
2021.acl-long.51,2021,ACL,1,0
2021.acl-long.510,2021,ACL,1,0
2021.acl-long.511,2021,ACL,0,0
2021.acl-long.512,2021,ACL,0,0
2021.acl-long.513,2021,ACL,0,0
2021.acl-long.514,2021,ACL,0,0
2021.acl-long.515,2021,ACL,0,0
2021.acl-long.516,2021,ACL,0,0
2021.acl-long.517,2021,ACL,0,0
2021.acl-long.518,2021,ACL,1,1
2021.acl-long.519,2021,ACL,1,1
2021.acl-long.52,2021,ACL,0,0
2021.acl-long.520,2021,ACL,0,0
2021.acl-long.521,2021,ACL,0,0
2021.acl-long.522,2021,ACL,1,1
2021.acl-long.523,2021,ACL,1,1
2021.acl-long.524,2021,ACL,1,1
2021.acl-long.525,2021,ACL,0,0
2021.acl-long.526,2021,ACL,0,0
2021.acl-long.527,2021,ACL,0,0
2021.acl-long.528,2021,ACL,0,0
2021.acl-long.529,2021,ACL,0,0
2021.acl-long.53,2021,ACL,0,0
2021.acl-long.530,2021,ACL,0,0
2021.acl-long.531,2021,ACL,1,0
2021.acl-long.532,2021,ACL,1,1
2021.acl-long.533,2021,ACL,0,0
2021.acl-long.534,2021,ACL,1,0
2021.acl-long.535,2021,ACL,0,0
2021.acl-long.536,2021,ACL,0,0
2021.acl-long.537,2021,ACL,1,1
2021.acl-long.538,2021,ACL,1,1
2021.acl-long.539,2021,ACL,0,0
2021.acl-long.54,2021,ACL,0,0
2021.acl-long.540,2021,ACL,0,0
2021.acl-long.541,2021,ACL,0,0
2021.acl-long.542,2021,ACL,1,0
2021.acl-long.543,2021,ACL,0,0
2021.acl-long.544,2021,ACL,0,0
2021.acl-long.545,2021,ACL,0,0
2021.acl-long.546,2021,ACL,1,1
2021.acl-long.547,2021,ACL,0,0
2021.acl-long.548,2021,ACL,0,0
2021.acl-long.549,2021,ACL,1,1
2021.acl-long.55,2021,ACL,0,0
2021.acl-long.550,2021,ACL,0,0
2021.acl-long.551,2021,ACL,0,0
2021.acl-long.552,2021,ACL,1,1
2021.acl-long.553,2021,ACL,0,0
2021.acl-long.554,2021,ACL,1,0
2021.acl-long.555,2021,ACL,0,0
2021.acl-long.556,2021,ACL,0,0
2021.acl-long.557,2021,ACL,1,1
2021.acl-long.558,2021,ACL,0,0
2021.acl-long.559,2021,ACL,0,0
2021.acl-long.56,2021,ACL,1,1
2021.acl-long.560,2021,ACL,1,1
2021.acl-long.561,2021,ACL,1,1
2021.acl-long.562,2021,ACL,1,0
2021.acl-long.563,2021,ACL,0,0
2021.acl-long.564,2021,ACL,0,0
2021.acl-long.565,2021,ACL,0,0
2021.acl-long.566,2021,ACL,0,0
2021.acl-long.567,2021,ACL,1,1
2021.acl-long.568,2021,ACL,0,0
2021.acl-long.569,2021,ACL,1,1
2021.acl-long.57,2021,ACL,0,0
2021.acl-long.570,2021,ACL,0,0
2021.acl-long.571,2021,ACL,1,1
2021.acl-long.58,2021,ACL,0,0
2021.acl-long.59,2021,ACL,1,1
2021.acl-long.6,2021,ACL,1,0
2021.acl-long.60,2021,ACL,0,0
2021.acl-long.61,2021,ACL,1,0
2021.acl-long.62,2021,ACL,0,0
2021.acl-long.63,2021,ACL,1,1
2021.acl-long.64,2021,ACL,1,1
2021.acl-long.65,2021,ACL,0,0
2021.acl-long.66,2021,ACL,0,0
2021.acl-long.67,2021,ACL,0,0
2021.acl-long.68,2021,ACL,0,0
2021.acl-long.69,2021,ACL,0,0
2021.acl-long.7,2021,ACL,0,0
2021.acl-long.70,2021,ACL,0,0
2021.acl-long.71,2021,ACL,1,1
2021.acl-long.72,2021,ACL,1,1
2021.acl-long.73,2021,ACL,0,0
2021.acl-long.74,2021,ACL,1,0
2021.acl-long.75,2021,ACL,1,1
2021.acl-long.76,2021,ACL,0,0
2021.acl-long.77,2021,ACL,1,0
2021.acl-long.78,2021,ACL,0,0
2021.acl-long.79,2021,ACL,1,0
2021.acl-long.8,2021,ACL,0,0
2021.acl-long.80,2021,ACL,0,0
2021.acl-long.81,2021,ACL,0,0
2021.acl-long.82,2021,ACL,1,0
2021.acl-long.83,2021,ACL,1,1
2021.acl-long.84,2021,ACL,1,1
2021.acl-long.85,2021,ACL,0,0
2021.acl-long.86,2021,ACL,1,1
2021.acl-long.87,2021,ACL,0,0
2021.acl-long.88,2021,ACL,0,0
2021.acl-long.89,2021,ACL,0,0
2021.acl-long.9,2021,ACL,0,0
2021.acl-long.90,2021,ACL,0,0
2021.acl-long.91,2021,ACL,0,0
2021.acl-long.92,2021,ACL,0,0
2021.acl-long.93,2021,ACL,0,0
2021.acl-long.94,2021,ACL,0,0
2021.acl-long.95,2021,ACL,0,0
2021.acl-long.96,2021,ACL,0,0
2021.acl-long.97,2021,ACL,1,1
2021.acl-long.98,2021,ACL,0,0
2021.acl-long.99,2021,ACL,0,0
2021.emnlp-main.1,2021,EMNLP,1,0
2021.emnlp-main.10,2021,EMNLP,1,1
2021.emnlp-main.100,2021,EMNLP,0,0
2021.emnlp-main.101,2021,EMNLP,1,1
2021.emnlp-main.102,2021,EMNLP,1,0
2021.emnlp-main.103,2021,EMNLP,0,0
2021.emnlp-main.104,2021,EMNLP,0,0
2021.emnlp-main.105,2021,EMNLP,1,0
2021.emnlp-main.106,2021,EMNLP,1,1
2021.emnlp-main.107,2021,EMNLP,0,0
2021.emnlp-main.108,2021,EMNLP,1,0
2021.emnlp-main.109,2021,EMNLP,1,1
2021.emnlp-main.11,2021,EMNLP,0,0
2021.emnlp-main.110,2021,EMNLP,1,0
2021.emnlp-main.111,2021,EMNLP,0,0
2021.emnlp-main.112,2021,EMNLP,1,1
2021.emnlp-main.113,2021,EMNLP,1,1
2021.emnlp-main.114,2021,EMNLP,0,0
2021.emnlp-main.115,2021,EMNLP,1,0
2021.emnlp-main.116,2021,EMNLP,1,1
2021.emnlp-main.117,2021,EMNLP,1,1
2021.emnlp-main.118,2021,EMNLP,0,0
2021.emnlp-main.119,2021,EMNLP,0,0
2021.emnlp-main.12,2021,EMNLP,0,0
2021.emnlp-main.120,2021,EMNLP,0,0
2021.emnlp-main.121,2021,EMNLP,0,0
2021.emnlp-main.122,2021,EMNLP,0,0
2021.emnlp-main.123,2021,EMNLP,0,0
2021.emnlp-main.124,2021,EMNLP,1,1
2021.emnlp-main.125,2021,EMNLP,0,0
2021.emnlp-main.126,2021,EMNLP,0,0
2021.emnlp-main.127,2021,EMNLP,1,0
2021.emnlp-main.128,2021,EMNLP,0,0
2021.emnlp-main.129,2021,EMNLP,0,0
2021.emnlp-main.13,2021,EMNLP,1,0
2021.emnlp-main.130,2021,EMNLP,0,0
2021.emnlp-main.131,2021,EMNLP,1,1
2021.emnlp-main.132,2021,EMNLP,0,0
2021.emnlp-main.133,2021,EMNLP,1,0
2021.emnlp-main.134,2021,EMNLP,1,1
2021.emnlp-main.135,2021,EMNLP,0,0
2021.emnlp-main.136,2021,EMNLP,0,0
2021.emnlp-main.137,2021,EMNLP,1,1
2021.emnlp-main.138,2021,EMNLP,1,1
2021.emnlp-main.139,2021,EMNLP,1,1
2021.emnlp-main.14,2021,EMNLP,0,0
2021.emnlp-main.140,2021,EMNLP,1,1
2021.emnlp-main.141,2021,EMNLP,0,0
2021.emnlp-main.142,2021,EMNLP,1,0
2021.emnlp-main.143,2021,EMNLP,1,0
2021.emnlp-main.144,2021,EMNLP,1,1
2021.emnlp-main.145,2021,EMNLP,1,1
2021.emnlp-main.146,2021,EMNLP,0,0
2021.emnlp-main.147,2021,EMNLP,0,0
2021.emnlp-main.148,2021,EMNLP,1,1
2021.emnlp-main.149,2021,EMNLP,1,1
2021.emnlp-main.15,2021,EMNLP,0,0
2021.emnlp-main.150,2021,EMNLP,0,0
2021.emnlp-main.151,2021,EMNLP,1,1
2021.emnlp-main.152,2021,EMNLP,0,0
2021.emnlp-main.153,2021,EMNLP,0,0
2021.emnlp-main.154,2021,EMNLP,0,0
2021.emnlp-main.155,2021,EMNLP,0,0
2021.emnlp-main.156,2021,EMNLP,0,0
2021.emnlp-main.157,2021,EMNLP,0,0
2021.emnlp-main.158,2021,EMNLP,0,0
2021.emnlp-main.159,2021,EMNLP,0,0
2021.emnlp-main.16,2021,EMNLP,0,0
2021.emnlp-main.160,2021,EMNLP,0,0
2021.emnlp-main.161,2021,EMNLP,0,0
2021.emnlp-main.162,2021,EMNLP,1,0
2021.emnlp-main.163,2021,EMNLP,1,1
2021.emnlp-main.164,2021,EMNLP,1,1
2021.emnlp-main.165,2021,EMNLP,0,0
2021.emnlp-main.166,2021,EMNLP,0,0
2021.emnlp-main.167,2021,EMNLP,0,0
2021.emnlp-main.168,2021,EMNLP,1,1
2021.emnlp-main.169,2021,EMNLP,1,1
2021.emnlp-main.17,2021,EMNLP,0,0
2021.emnlp-main.170,2021,EMNLP,1,1
2021.emnlp-main.171,2021,EMNLP,0,0
2021.emnlp-main.172,2021,EMNLP,0,0
2021.emnlp-main.173,2021,EMNLP,0,0
2021.emnlp-main.174,2021,EMNLP,0,0
2021.emnlp-main.175,2021,EMNLP,1,1
2021.emnlp-main.176,2021,EMNLP,1,0
2021.emnlp-main.177,2021,EMNLP,0,0
2021.emnlp-main.178,2021,EMNLP,1,1
2021.emnlp-main.179,2021,EMNLP,0,0
2021.emnlp-main.18,2021,EMNLP,0,0
2021.emnlp-main.180,2021,EMNLP,1,1
2021.emnlp-main.181,2021,EMNLP,0,0
2021.emnlp-main.182,2021,EMNLP,1,0
2021.emnlp-main.183,2021,EMNLP,0,0
2021.emnlp-main.184,2021,EMNLP,0,0
2021.emnlp-main.185,2021,EMNLP,1,1
2021.emnlp-main.186,2021,EMNLP,0,0
2021.emnlp-main.187,2021,EMNLP,0,0
2021.emnlp-main.188,2021,EMNLP,0,0
2021.emnlp-main.189,2021,EMNLP,1,1
2021.emnlp-main.19,2021,EMNLP,0,0
2021.emnlp-main.190,2021,EMNLP,0,0
2021.emnlp-main.191,2021,EMNLP,1,1
2021.emnlp-main.192,2021,EMNLP,0,0
2021.emnlp-main.193,2021,EMNLP,0,0
2021.emnlp-main.194,2021,EMNLP,0,0
2021.emnlp-main.195,2021,EMNLP,0,0
2021.emnlp-main.196,2021,EMNLP,0,0
2021.emnlp-main.197,2021,EMNLP,1,0
2021.emnlp-main.198,2021,EMNLP,1,0
2021.emnlp-main.199,2021,EMNLP,0,0
2021.emnlp-main.2,2021,EMNLP,0,0
2021.emnlp-main.20,2021,EMNLP,1,1
2021.emnlp-main.200,2021,EMNLP,0,0
2021.emnlp-main.201,2021,EMNLP,0,0
2021.emnlp-main.202,2021,EMNLP,1,1
2021.emnlp-main.203,2021,EMNLP,0,0
2021.emnlp-main.204,2021,EMNLP,1,0
2021.emnlp-main.205,2021,EMNLP,1,1
2021.emnlp-main.206,2021,EMNLP,1,0
2021.emnlp-main.207,2021,EMNLP,0,0
2021.emnlp-main.208,2021,EMNLP,0,0
2021.emnlp-main.209,2021,EMNLP,0,0
2021.emnlp-main.21,2021,EMNLP,0,0
2021.emnlp-main.210,2021,EMNLP,0,0
2021.emnlp-main.211,2021,EMNLP,0,0
2021.emnlp-main.212,2021,EMNLP,1,1
2021.emnlp-main.213,2021,EMNLP,0,0
2021.emnlp-main.214,2021,EMNLP,0,0
2021.emnlp-main.215,2021,EMNLP,1,1
2021.emnlp-main.216,2021,EMNLP,0,0
2021.emnlp-main.217,2021,EMNLP,1,1
2021.emnlp-main.218,2021,EMNLP,0,0
2021.emnlp-main.219,2021,EMNLP,1,1
2021.emnlp-main.22,2021,EMNLP,0,0
2021.emnlp-main.220,2021,EMNLP,0,0
2021.emnlp-main.221,2021,EMNLP,1,0
2021.emnlp-main.222,2021,EMNLP,1,0
2021.emnlp-main.223,2021,EMNLP,0,0
2021.emnlp-main.224,2021,EMNLP,1,1
2021.emnlp-main.225,2021,EMNLP,1,1
2021.emnlp-main.226,2021,EMNLP,1,1
2021.emnlp-main.227,2021,EMNLP,1,1
2021.emnlp-main.228,2021,EMNLP,1,0
2021.emnlp-main.229,2021,EMNLP,0,0
2021.emnlp-main.23,2021,EMNLP,1,1
2021.emnlp-main.230,2021,EMNLP,1,0
2021.emnlp-main.231,2021,EMNLP,1,1
2021.emnlp-main.232,2021,EMNLP,0,0
2021.emnlp-main.233,2021,EMNLP,1,1
2021.emnlp-main.234,2021,EMNLP,0,0
2021.emnlp-main.235,2021,EMNLP,0,0
2021.emnlp-main.236,2021,EMNLP,0,0
2021.emnlp-main.237,2021,EMNLP,0,0
2021.emnlp-main.238,2021,EMNLP,0,0
2021.emnlp-main.239,2021,EMNLP,0,0
2021.emnlp-main.24,2021,EMNLP,0,0
2021.emnlp-main.240,2021,EMNLP,0,0
2021.emnlp-main.241,2021,EMNLP,0,0
2021.emnlp-main.242,2021,EMNLP,1,1
2021.emnlp-main.243,2021,EMNLP,0,0
2021.emnlp-main.244,2021,EMNLP,1,1
2021.emnlp-main.245,2021,EMNLP,0,0
2021.emnlp-main.246,2021,EMNLP,1,1
2021.emnlp-main.247,2021,EMNLP,1,1
2021.emnlp-main.248,2021,EMNLP,0,0
2021.emnlp-main.249,2021,EMNLP,1,1
2021.emnlp-main.25,2021,EMNLP,1,1
2021.emnlp-main.250,2021,EMNLP,1,1
2021.emnlp-main.251,2021,EMNLP,0,0
2021.emnlp-main.252,2021,EMNLP,0,0
2021.emnlp-main.253,2021,EMNLP,0,0
2021.emnlp-main.254,2021,EMNLP,0,0
2021.emnlp-main.255,2021,EMNLP,1,1
2021.emnlp-main.256,2021,EMNLP,1,1
2021.emnlp-main.257,2021,EMNLP,1,1
2021.emnlp-main.258,2021,EMNLP,1,1
2021.emnlp-main.259,2021,EMNLP,1,1
2021.emnlp-main.26,2021,EMNLP,0,0
2021.emnlp-main.260,2021,EMNLP,1,0
2021.emnlp-main.261,2021,EMNLP,0,0
2021.emnlp-main.262,2021,EMNLP,1,1
2021.emnlp-main.263,2021,EMNLP,0,0
2021.emnlp-main.264,2021,EMNLP,1,1
2021.emnlp-main.265,2021,EMNLP,1,1
2021.emnlp-main.266,2021,EMNLP,1,0
2021.emnlp-main.267,2021,EMNLP,0,0
2021.emnlp-main.268,2021,EMNLP,1,1
2021.emnlp-main.269,2021,EMNLP,1,0
2021.emnlp-main.27,2021,EMNLP,0,0
2021.emnlp-main.270,2021,EMNLP,1,0
2021.emnlp-main.271,2021,EMNLP,1,0
2021.emnlp-main.272,2021,EMNLP,1,1
2021.emnlp-main.273,2021,EMNLP,1,1
2021.emnlp-main.274,2021,EMNLP,1,1
2021.emnlp-main.275,2021,EMNLP,0,0
2021.emnlp-main.276,2021,EMNLP,0,0
2021.emnlp-main.277,2021,EMNLP,0,0
2021.emnlp-main.278,2021,EMNLP,0,0
2021.emnlp-main.279,2021,EMNLP,1,1
2021.emnlp-main.28,2021,EMNLP,0,0
2021.emnlp-main.280,2021,EMNLP,1,0
2021.emnlp-main.281,2021,EMNLP,0,0
2021.emnlp-main.282,2021,EMNLP,1,0
2021.emnlp-main.283,2021,EMNLP,0,0
2021.emnlp-main.284,2021,EMNLP,0,0
2021.emnlp-main.285,2021,EMNLP,0,0
2021.emnlp-main.286,2021,EMNLP,0,0
2021.emnlp-main.287,2021,EMNLP,1,1
2021.emnlp-main.288,2021,EMNLP,0,0
2021.emnlp-main.289,2021,EMNLP,0,0
2021.emnlp-main.29,2021,EMNLP,0,0
2021.emnlp-main.290,2021,EMNLP,0,0
2021.emnlp-main.291,2021,EMNLP,0,0
2021.emnlp-main.292,2021,EMNLP,0,0
2021.emnlp-main.293,2021,EMNLP,0,0
2021.emnlp-main.294,2021,EMNLP,0,0
2021.emnlp-main.295,2021,EMNLP,1,1
2021.emnlp-main.296,2021,EMNLP,1,1
2021.emnlp-main.297,2021,EMNLP,1,1
2021.emnlp-main.298,2021,EMNLP,1,1
2021.emnlp-main.299,2021,EMNLP,1,0
2021.emnlp-main.3,2021,EMNLP,1,1
2021.emnlp-main.30,2021,EMNLP,0,0
2021.emnlp-main.300,2021,EMNLP,1,0
2021.emnlp-main.301,2021,EMNLP,1,1
2021.emnlp-main.302,2021,EMNLP,0,0
2021.emnlp-main.303,2021,EMNLP,0,0
2021.emnlp-main.304,2021,EMNLP,0,0
2021.emnlp-main.305,2021,EMNLP,1,1
2021.emnlp-main.306,2021,EMNLP,0,0
2021.emnlp-main.307,2021,EMNLP,1,1
2021.emnlp-main.308,2021,EMNLP,1,0
2021.emnlp-main.309,2021,EMNLP,1,1
2021.emnlp-main.31,2021,EMNLP,0,0
2021.emnlp-main.310,2021,EMNLP,1,1
2021.emnlp-main.311,2021,EMNLP,0,0
2021.emnlp-main.312,2021,EMNLP,0,0
2021.emnlp-main.313,2021,EMNLP,0,0
2021.emnlp-main.314,2021,EMNLP,1,1
2021.emnlp-main.315,2021,EMNLP,1,1
2021.emnlp-main.316,2021,EMNLP,0,0
2021.emnlp-main.317,2021,EMNLP,0,0
2021.emnlp-main.318,2021,EMNLP,1,0
2021.emnlp-main.319,2021,EMNLP,1,1
2021.emnlp-main.32,2021,EMNLP,1,0
2021.emnlp-main.320,2021,EMNLP,0,0
2021.emnlp-main.321,2021,EMNLP,1,1
2021.emnlp-main.322,2021,EMNLP,0,0
2021.emnlp-main.323,2021,EMNLP,1,1
2021.emnlp-main.324,2021,EMNLP,0,0
2021.emnlp-main.325,2021,EMNLP,0,0
2021.emnlp-main.326,2021,EMNLP,1,1
2021.emnlp-main.327,2021,EMNLP,0,0
2021.emnlp-main.328,2021,EMNLP,1,1
2021.emnlp-main.329,2021,EMNLP,0,0
2021.emnlp-main.33,2021,EMNLP,0,0
2021.emnlp-main.330,2021,EMNLP,0,0
2021.emnlp-main.331,2021,EMNLP,1,1
2021.emnlp-main.332,2021,EMNLP,1,1
2021.emnlp-main.333,2021,EMNLP,1,1
2021.emnlp-main.334,2021,EMNLP,0,0
2021.emnlp-main.335,2021,EMNLP,0,0
2021.emnlp-main.336,2021,EMNLP,1,1
2021.emnlp-main.337,2021,EMNLP,1,1
2021.emnlp-main.338,2021,EMNLP,0,0
2021.emnlp-main.339,2021,EMNLP,1,0
2021.emnlp-main.34,2021,EMNLP,1,1
2021.emnlp-main.340,2021,EMNLP,1,1
2021.emnlp-main.341,2021,EMNLP,1,0
2021.emnlp-main.342,2021,EMNLP,1,1
2021.emnlp-main.343,2021,EMNLP,0,0
2021.emnlp-main.344,2021,EMNLP,0,0
2021.emnlp-main.345,2021,EMNLP,0,0
2021.emnlp-main.346,2021,EMNLP,0,0
2021.emnlp-main.347,2021,EMNLP,1,1
2021.emnlp-main.348,2021,EMNLP,0,0
2021.emnlp-main.349,2021,EMNLP,0,0
2021.emnlp-main.35,2021,EMNLP,0,0
2021.emnlp-main.350,2021,EMNLP,0,0
2021.emnlp-main.351,2021,EMNLP,0,0
2021.emnlp-main.352,2021,EMNLP,1,0
2021.emnlp-main.353,2021,EMNLP,0,0
2021.emnlp-main.354,2021,EMNLP,0,0
2021.emnlp-main.355,2021,EMNLP,1,1
2021.emnlp-main.356,2021,EMNLP,0,0
2021.emnlp-main.357,2021,EMNLP,1,1
2021.emnlp-main.358,2021,EMNLP,1,1
2021.emnlp-main.359,2021,EMNLP,1,1
2021.emnlp-main.36,2021,EMNLP,1,1
2021.emnlp-main.360,2021,EMNLP,1,0
2021.emnlp-main.361,2021,EMNLP,0,0
2021.emnlp-main.362,2021,EMNLP,0,0
2021.emnlp-main.363,2021,EMNLP,0,0
2021.emnlp-main.364,2021,EMNLP,0,0
2021.emnlp-main.365,2021,EMNLP,1,0
2021.emnlp-main.366,2021,EMNLP,1,1
2021.emnlp-main.367,2021,EMNLP,0,0
2021.emnlp-main.368,2021,EMNLP,0,0
2021.emnlp-main.369,2021,EMNLP,0,0
2021.emnlp-main.37,2021,EMNLP,1,1
2021.emnlp-main.370,2021,EMNLP,0,0
2021.emnlp-main.371,2021,EMNLP,1,0
2021.emnlp-main.372,2021,EMNLP,0,0
2021.emnlp-main.373,2021,EMNLP,0,0
2021.emnlp-main.374,2021,EMNLP,0,0
2021.emnlp-main.375,2021,EMNLP,0,0
2021.emnlp-main.376,2021,EMNLP,1,0
2021.emnlp-main.377,2021,EMNLP,0,0
2021.emnlp-main.378,2021,EMNLP,0,0
2021.emnlp-main.379,2021,EMNLP,0,0
2021.emnlp-main.38,2021,EMNLP,0,0
2021.emnlp-main.380,2021,EMNLP,1,1
2021.emnlp-main.381,2021,EMNLP,1,1
2021.emnlp-main.382,2021,EMNLP,1,1
2021.emnlp-main.383,2021,EMNLP,0,0
2021.emnlp-main.384,2021,EMNLP,1,0
2021.emnlp-main.385,2021,EMNLP,1,1
2021.emnlp-main.386,2021,EMNLP,0,0
2021.emnlp-main.387,2021,EMNLP,1,1
2021.emnlp-main.388,2021,EMNLP,0,0
2021.emnlp-main.389,2021,EMNLP,1,1
2021.emnlp-main.39,2021,EMNLP,0,0
2021.emnlp-main.390,2021,EMNLP,1,0
2021.emnlp-main.391,2021,EMNLP,1,0
2021.emnlp-main.392,2021,EMNLP,0,0
2021.emnlp-main.393,2021,EMNLP,1,1
2021.emnlp-main.394,2021,EMNLP,0,0
2021.emnlp-main.395,2021,EMNLP,1,0
2021.emnlp-main.396,2021,EMNLP,0,0
2021.emnlp-main.397,2021,EMNLP,1,1
2021.emnlp-main.398,2021,EMNLP,0,0
2021.emnlp-main.399,2021,EMNLP,0,0
2021.emnlp-main.4,2021,EMNLP,1,1
2021.emnlp-main.40,2021,EMNLP,0,0
2021.emnlp-main.400,2021,EMNLP,0,0
2021.emnlp-main.401,2021,EMNLP,0,0
2021.emnlp-main.402,2021,EMNLP,0,0
2021.emnlp-main.403,2021,EMNLP,0,0
2021.emnlp-main.404,2021,EMNLP,0,0
2021.emnlp-main.405,2021,EMNLP,0,0
2021.emnlp-main.406,2021,EMNLP,1,1
2021.emnlp-main.407,2021,EMNLP,0,0
2021.emnlp-main.408,2021,EMNLP,0,0
2021.emnlp-main.409,2021,EMNLP,0,0
2021.emnlp-main.41,2021,EMNLP,0,0
2021.emnlp-main.410,2021,EMNLP,1,0
2021.emnlp-main.411,2021,EMNLP,0,0
2021.emnlp-main.412,2021,EMNLP,1,1
2021.emnlp-main.413,2021,EMNLP,1,0
2021.emnlp-main.414,2021,EMNLP,0,0
2021.emnlp-main.415,2021,EMNLP,0,0
2021.emnlp-main.416,2021,EMNLP,0,0
2021.emnlp-main.417,2021,EMNLP,0,0
2021.emnlp-main.418,2021,EMNLP,0,0
2021.emnlp-main.419,2021,EMNLP,0,0
2021.emnlp-main.42,2021,EMNLP,1,0
2021.emnlp-main.420,2021,EMNLP,1,1
2021.emnlp-main.421,2021,EMNLP,0,0
2021.emnlp-main.422,2021,EMNLP,1,1
2021.emnlp-main.423,2021,EMNLP,0,0
2021.emnlp-main.424,2021,EMNLP,1,0
2021.emnlp-main.425,2021,EMNLP,1,1
2021.emnlp-main.426,2021,EMNLP,1,0
2021.emnlp-main.427,2021,EMNLP,1,1
2021.emnlp-main.428,2021,EMNLP,1,0
2021.emnlp-main.429,2021,EMNLP,0,0
2021.emnlp-main.43,2021,EMNLP,1,1
2021.emnlp-main.430,2021,EMNLP,1,1
2021.emnlp-main.431,2021,EMNLP,0,0
2021.emnlp-main.432,2021,EMNLP,0,0
2021.emnlp-main.433,2021,EMNLP,1,1
2021.emnlp-main.434,2021,EMNLP,0,0
2021.emnlp-main.435,2021,EMNLP,0,0
2021.emnlp-main.436,2021,EMNLP,1,1
2021.emnlp-main.437,2021,EMNLP,0,0
2021.emnlp-main.438,2021,EMNLP,0,0
2021.emnlp-main.439,2021,EMNLP,0,0
2021.emnlp-main.44,2021,EMNLP,1,0
2021.emnlp-main.440,2021,EMNLP,0,0
2021.emnlp-main.441,2021,EMNLP,1,1
2021.emnlp-main.442,2021,EMNLP,0,0
2021.emnlp-main.443,2021,EMNLP,0,0
2021.emnlp-main.444,2021,EMNLP,0,0
2021.emnlp-main.445,2021,EMNLP,0,0
2021.emnlp-main.446,2021,EMNLP,1,1
2021.emnlp-main.447,2021,EMNLP,0,0
2021.emnlp-main.448,2021,EMNLP,0,0
2021.emnlp-main.449,2021,EMNLP,1,1
2021.emnlp-main.45,2021,EMNLP,0,0
2021.emnlp-main.450,2021,EMNLP,1,1
2021.emnlp-main.451,2021,EMNLP,1,0
2021.emnlp-main.452,2021,EMNLP,0,0
2021.emnlp-main.453,2021,EMNLP,0,0
2021.emnlp-main.454,2021,EMNLP,0,0
2021.emnlp-main.455,2021,EMNLP,1,1
2021.emnlp-main.456,2021,EMNLP,1,1
2021.emnlp-main.457,2021,EMNLP,0,0
2021.emnlp-main.458,2021,EMNLP,0,0
2021.emnlp-main.459,2021,EMNLP,1,0
2021.emnlp-main.46,2021,EMNLP,0,0
2021.emnlp-main.460,2021,EMNLP,1,0
2021.emnlp-main.461,2021,EMNLP,0,0
2021.emnlp-main.462,2021,EMNLP,0,0
2021.emnlp-main.463,2021,EMNLP,0,0
2021.emnlp-main.464,2021,EMNLP,0,0
2021.emnlp-main.465,2021,EMNLP,0,0
2021.emnlp-main.466,2021,EMNLP,0,0
2021.emnlp-main.467,2021,EMNLP,0,0
2021.emnlp-main.468,2021,EMNLP,0,0
2021.emnlp-main.469,2021,EMNLP,1,1
2021.emnlp-main.47,2021,EMNLP,1,0
2021.emnlp-main.470,2021,EMNLP,0,0
2021.emnlp-main.471,2021,EMNLP,1,1
2021.emnlp-main.472,2021,EMNLP,1,0
2021.emnlp-main.473,2021,EMNLP,0,0
2021.emnlp-main.474,2021,EMNLP,0,0
2021.emnlp-main.475,2021,EMNLP,0,0
2021.emnlp-main.476,2021,EMNLP,0,0
2021.emnlp-main.477,2021,EMNLP,1,0
2021.emnlp-main.478,2021,EMNLP,0,0
2021.emnlp-main.479,2021,EMNLP,1,1
2021.emnlp-main.48,2021,EMNLP,0,0
2021.emnlp-main.480,2021,EMNLP,1,1
2021.emnlp-main.481,2021,EMNLP,0,0
2021.emnlp-main.482,2021,EMNLP,0,0
2021.emnlp-main.483,2021,EMNLP,0,0
2021.emnlp-main.484,2021,EMNLP,1,1
2021.emnlp-main.485,2021,EMNLP,1,1
2021.emnlp-main.486,2021,EMNLP,0,0
2021.emnlp-main.487,2021,EMNLP,0,0
2021.emnlp-main.488,2021,EMNLP,0,0
2021.emnlp-main.489,2021,EMNLP,1,1
2021.emnlp-main.49,2021,EMNLP,1,0
2021.emnlp-main.490,2021,EMNLP,1,1
2021.emnlp-main.491,2021,EMNLP,0,0
2021.emnlp-main.492,2021,EMNLP,0,0
2021.emnlp-main.493,2021,EMNLP,1,1
2021.emnlp-main.494,2021,EMNLP,0,0
2021.emnlp-main.495,2021,EMNLP,1,1
2021.emnlp-main.496,2021,EMNLP,1,1
2021.emnlp-main.497,2021,EMNLP,1,1
2021.emnlp-main.498,2021,EMNLP,1,1
2021.emnlp-main.499,2021,EMNLP,0,0
2021.emnlp-main.5,2021,EMNLP,1,1
2021.emnlp-main.50,2021,EMNLP,0,0
2021.emnlp-main.500,2021,EMNLP,0,0
2021.emnlp-main.501,2021,EMNLP,0,0
2021.emnlp-main.502,2021,EMNLP,0,0
2021.emnlp-main.503,2021,EMNLP,1,0
2021.emnlp-main.504,2021,EMNLP,1,0
2021.emnlp-main.505,2021,EMNLP,1,1
2021.emnlp-main.506,2021,EMNLP,1,1
2021.emnlp-main.507,2021,EMNLP,1,1
2021.emnlp-main.508,2021,EMNLP,1,1
2021.emnlp-main.509,2021,EMNLP,1,0
2021.emnlp-main.51,2021,EMNLP,1,1
2021.emnlp-main.510,2021,EMNLP,1,0
2021.emnlp-main.511,2021,EMNLP,1,1
2021.emnlp-main.512,2021,EMNLP,1,1
2021.emnlp-main.513,2021,EMNLP,1,1
2021.emnlp-main.514,2021,EMNLP,0,0
2021.emnlp-main.515,2021,EMNLP,1,0
2021.emnlp-main.516,2021,EMNLP,1,1
2021.emnlp-main.517,2021,EMNLP,1,1
2021.emnlp-main.518,2021,EMNLP,1,0
2021.emnlp-main.519,2021,EMNLP,1,1
2021.emnlp-main.52,2021,EMNLP,1,0
2021.emnlp-main.520,2021,EMNLP,1,1
2021.emnlp-main.521,2021,EMNLP,1,1
2021.emnlp-main.522,2021,EMNLP,0,0
2021.emnlp-main.523,2021,EMNLP,0,0
2021.emnlp-main.524,2021,EMNLP,1,1
2021.emnlp-main.525,2021,EMNLP,1,1
2021.emnlp-main.526,2021,EMNLP,1,1
2021.emnlp-main.527,2021,EMNLP,1,0
2021.emnlp-main.528,2021,EMNLP,0,0
2021.emnlp-main.529,2021,EMNLP,1,1
2021.emnlp-main.53,2021,EMNLP,1,0
2021.emnlp-main.530,2021,EMNLP,0,0
2021.emnlp-main.531,2021,EMNLP,1,0
2021.emnlp-main.532,2021,EMNLP,1,0
2021.emnlp-main.533,2021,EMNLP,1,1
2021.emnlp-main.534,2021,EMNLP,1,1
2021.emnlp-main.535,2021,EMNLP,0,0
2021.emnlp-main.536,2021,EMNLP,1,1
2021.emnlp-main.537,2021,EMNLP,0,0
2021.emnlp-main.538,2021,EMNLP,1,0
2021.emnlp-main.539,2021,EMNLP,0,0
2021.emnlp-main.54,2021,EMNLP,1,1
2021.emnlp-main.540,2021,EMNLP,1,0
2021.emnlp-main.541,2021,EMNLP,1,1
2021.emnlp-main.542,2021,EMNLP,0,0
2021.emnlp-main.543,2021,EMNLP,1,1
2021.emnlp-main.544,2021,EMNLP,1,1
2021.emnlp-main.545,2021,EMNLP,0,0
2021.emnlp-main.546,2021,EMNLP,1,1
2021.emnlp-main.547,2021,EMNLP,1,0
2021.emnlp-main.548,2021,EMNLP,1,1
2021.emnlp-main.549,2021,EMNLP,0,0
2021.emnlp-main.55,2021,EMNLP,1,0
2021.emnlp-main.550,2021,EMNLP,1,0
2021.emnlp-main.551,2021,EMNLP,0,0
2021.emnlp-main.552,2021,EMNLP,0,0
2021.emnlp-main.553,2021,EMNLP,0,0
2021.emnlp-main.554,2021,EMNLP,0,0
2021.emnlp-main.555,2021,EMNLP,1,0
2021.emnlp-main.556,2021,EMNLP,1,1
2021.emnlp-main.557,2021,EMNLP,1,1
2021.emnlp-main.558,2021,EMNLP,0,0
2021.emnlp-main.559,2021,EMNLP,1,1
2021.emnlp-main.56,2021,EMNLP,0,0
2021.emnlp-main.560,2021,EMNLP,0,0
2021.emnlp-main.561,2021,EMNLP,0,0
2021.emnlp-main.562,2021,EMNLP,1,1
2021.emnlp-main.563,2021,EMNLP,0,0
2021.emnlp-main.564,2021,EMNLP,0,0
2021.emnlp-main.565,2021,EMNLP,0,0
2021.emnlp-main.566,2021,EMNLP,1,1
2021.emnlp-main.567,2021,EMNLP,0,0
2021.emnlp-main.568,2021,EMNLP,1,0
2021.emnlp-main.569,2021,EMNLP,0,0
2021.emnlp-main.57,2021,EMNLP,0,0
2021.emnlp-main.570,2021,EMNLP,1,1
2021.emnlp-main.571,2021,EMNLP,0,0
2021.emnlp-main.572,2021,EMNLP,1,1
2021.emnlp-main.573,2021,EMNLP,0,0
2021.emnlp-main.574,2021,EMNLP,0,0
2021.emnlp-main.575,2021,EMNLP,0,0
2021.emnlp-main.576,2021,EMNLP,0,0
2021.emnlp-main.577,2021,EMNLP,1,1
2021.emnlp-main.578,2021,EMNLP,1,1
2021.emnlp-main.579,2021,EMNLP,0,0
2021.emnlp-main.58,2021,EMNLP,0,0
2021.emnlp-main.580,2021,EMNLP,0,0
2021.emnlp-main.581,2021,EMNLP,1,1
2021.emnlp-main.582,2021,EMNLP,0,0
2021.emnlp-main.583,2021,EMNLP,1,1
2021.emnlp-main.584,2021,EMNLP,0,0
2021.emnlp-main.585,2021,EMNLP,0,0
2021.emnlp-main.586,2021,EMNLP,0,0
2021.emnlp-main.587,2021,EMNLP,0,0
2021.emnlp-main.588,2021,EMNLP,0,0
2021.emnlp-main.589,2021,EMNLP,1,1
2021.emnlp-main.59,2021,EMNLP,1,1
2021.emnlp-main.590,2021,EMNLP,1,1
2021.emnlp-main.591,2021,EMNLP,0,0
2021.emnlp-main.592,2021,EMNLP,1,0
2021.emnlp-main.593,2021,EMNLP,0,0
2021.emnlp-main.594,2021,EMNLP,1,0
2021.emnlp-main.595,2021,EMNLP,0,0
2021.emnlp-main.596,2021,EMNLP,1,1
2021.emnlp-main.597,2021,EMNLP,1,1
2021.emnlp-main.598,2021,EMNLP,1,1
2021.emnlp-main.599,2021,EMNLP,0,0
2021.emnlp-main.6,2021,EMNLP,1,1
2021.emnlp-main.60,2021,EMNLP,0,0
2021.emnlp-main.600,2021,EMNLP,0,0
2021.emnlp-main.601,2021,EMNLP,0,0
2021.emnlp-main.602,2021,EMNLP,1,1
2021.emnlp-main.603,2021,EMNLP,0,0
2021.emnlp-main.604,2021,EMNLP,1,0
2021.emnlp-main.605,2021,EMNLP,1,1
2021.emnlp-main.606,2021,EMNLP,1,1
2021.emnlp-main.607,2021,EMNLP,0,0
2021.emnlp-main.608,2021,EMNLP,1,0
2021.emnlp-main.609,2021,EMNLP,1,1
2021.emnlp-main.61,2021,EMNLP,0,0
2021.emnlp-main.610,2021,EMNLP,0,0
2021.emnlp-main.611,2021,EMNLP,1,0
2021.emnlp-main.612,2021,EMNLP,0,0
2021.emnlp-main.613,2021,EMNLP,0,0
2021.emnlp-main.614,2021,EMNLP,1,1
2021.emnlp-main.615,2021,EMNLP,1,1
2021.emnlp-main.616,2021,EMNLP,0,0
2021.emnlp-main.617,2021,EMNLP,1,1
2021.emnlp-main.618,2021,EMNLP,0,0
2021.emnlp-main.619,2021,EMNLP,0,0
2021.emnlp-main.62,2021,EMNLP,1,1
2021.emnlp-main.620,2021,EMNLP,1,1
2021.emnlp-main.621,2021,EMNLP,0,0
2021.emnlp-main.622,2021,EMNLP,1,1
2021.emnlp-main.623,2021,EMNLP,1,1
2021.emnlp-main.624,2021,EMNLP,0,0
2021.emnlp-main.625,2021,EMNLP,0,0
2021.emnlp-main.626,2021,EMNLP,1,0
2021.emnlp-main.627,2021,EMNLP,0,0
2021.emnlp-main.628,2021,EMNLP,0,0
2021.emnlp-main.629,2021,EMNLP,0,0
2021.emnlp-main.63,2021,EMNLP,1,1
2021.emnlp-main.630,2021,EMNLP,1,0
2021.emnlp-main.631,2021,EMNLP,0,0
2021.emnlp-main.632,2021,EMNLP,0,0
2021.emnlp-main.633,2021,EMNLP,0,0
2021.emnlp-main.634,2021,EMNLP,0,0
2021.emnlp-main.635,2021,EMNLP,0,0
2021.emnlp-main.636,2021,EMNLP,1,1
2021.emnlp-main.637,2021,EMNLP,1,1
2021.emnlp-main.638,2021,EMNLP,0,0
2021.emnlp-main.639,2021,EMNLP,1,0
2021.emnlp-main.64,2021,EMNLP,1,1
2021.emnlp-main.640,2021,EMNLP,1,1
2021.emnlp-main.641,2021,EMNLP,1,0
2021.emnlp-main.642,2021,EMNLP,0,0
2021.emnlp-main.643,2021,EMNLP,0,0
2021.emnlp-main.644,2021,EMNLP,0,0
2021.emnlp-main.645,2021,EMNLP,0,0
2021.emnlp-main.646,2021,EMNLP,0,0
2021.emnlp-main.647,2021,EMNLP,0,0
2021.emnlp-main.648,2021,EMNLP,1,0
2021.emnlp-main.649,2021,EMNLP,0,0
2021.emnlp-main.65,2021,EMNLP,1,0
2021.emnlp-main.650,2021,EMNLP,0,0
2021.emnlp-main.651,2021,EMNLP,0,0
2021.emnlp-main.652,2021,EMNLP,1,0
2021.emnlp-main.653,2021,EMNLP,0,0
2021.emnlp-main.654,2021,EMNLP,0,0
2021.emnlp-main.655,2021,EMNLP,1,1
2021.emnlp-main.656,2021,EMNLP,1,1
2021.emnlp-main.657,2021,EMNLP,1,0
2021.emnlp-main.658,2021,EMNLP,1,0
2021.emnlp-main.659,2021,EMNLP,0,0
2021.emnlp-main.66,2021,EMNLP,1,0
2021.emnlp-main.660,2021,EMNLP,1,0
2021.emnlp-main.661,2021,EMNLP,0,0
2021.emnlp-main.662,2021,EMNLP,0,0
2021.emnlp-main.663,2021,EMNLP,0,0
2021.emnlp-main.664,2021,EMNLP,0,0
2021.emnlp-main.665,2021,EMNLP,0,0
2021.emnlp-main.666,2021,EMNLP,0,0
2021.emnlp-main.667,2021,EMNLP,0,0
2021.emnlp-main.668,2021,EMNLP,0,0
2021.emnlp-main.669,2021,EMNLP,0,0
2021.emnlp-main.67,2021,EMNLP,0,0
2021.emnlp-main.670,2021,EMNLP,1,0
2021.emnlp-main.671,2021,EMNLP,1,1
2021.emnlp-main.672,2021,EMNLP,1,0
2021.emnlp-main.673,2021,EMNLP,0,0
2021.emnlp-main.674,2021,EMNLP,1,0
2021.emnlp-main.675,2021,EMNLP,1,1
2021.emnlp-main.676,2021,EMNLP,0,0
2021.emnlp-main.677,2021,EMNLP,0,0
2021.emnlp-main.678,2021,EMNLP,1,1
2021.emnlp-main.679,2021,EMNLP,1,1
2021.emnlp-main.68,2021,EMNLP,1,0
2021.emnlp-main.680,2021,EMNLP,1,1
2021.emnlp-main.681,2021,EMNLP,0,0
2021.emnlp-main.682,2021,EMNLP,0,0
2021.emnlp-main.683,2021,EMNLP,0,0
2021.emnlp-main.684,2021,EMNLP,0,0
2021.emnlp-main.685,2021,EMNLP,1,1
2021.emnlp-main.686,2021,EMNLP,1,0
2021.emnlp-main.687,2021,EMNLP,1,0
2021.emnlp-main.688,2021,EMNLP,0,0
2021.emnlp-main.689,2021,EMNLP,0,0
2021.emnlp-main.69,2021,EMNLP,0,0
2021.emnlp-main.690,2021,EMNLP,1,0
2021.emnlp-main.691,2021,EMNLP,0,0
2021.emnlp-main.692,2021,EMNLP,0,0
2021.emnlp-main.693,2021,EMNLP,0,0
2021.emnlp-main.694,2021,EMNLP,1,1
2021.emnlp-main.695,2021,EMNLP,0,0
2021.emnlp-main.696,2021,EMNLP,0,0
2021.emnlp-main.697,2021,EMNLP,0,0
2021.emnlp-main.698,2021,EMNLP,0,0
2021.emnlp-main.699,2021,EMNLP,1,1
2021.emnlp-main.7,2021,EMNLP,1,1
2021.emnlp-main.70,2021,EMNLP,0,0
2021.emnlp-main.700,2021,EMNLP,1,0
2021.emnlp-main.701,2021,EMNLP,0,0
2021.emnlp-main.702,2021,EMNLP,0,0
2021.emnlp-main.703,2021,EMNLP,0,0
2021.emnlp-main.704,2021,EMNLP,0,0
2021.emnlp-main.705,2021,EMNLP,0,0
2021.emnlp-main.706,2021,EMNLP,0,0
2021.emnlp-main.707,2021,EMNLP,1,1
2021.emnlp-main.708,2021,EMNLP,1,1
2021.emnlp-main.709,2021,EMNLP,0,0
2021.emnlp-main.71,2021,EMNLP,0,0
2021.emnlp-main.710,2021,EMNLP,1,1
2021.emnlp-main.711,2021,EMNLP,1,0
2021.emnlp-main.712,2021,EMNLP,1,1
2021.emnlp-main.713,2021,EMNLP,0,0
2021.emnlp-main.714,2021,EMNLP,0,0
2021.emnlp-main.715,2021,EMNLP,0,0
2021.emnlp-main.716,2021,EMNLP,1,1
2021.emnlp-main.717,2021,EMNLP,1,1
2021.emnlp-main.718,2021,EMNLP,0,0
2021.emnlp-main.719,2021,EMNLP,0,0
2021.emnlp-main.72,2021,EMNLP,0,0
2021.emnlp-main.720,2021,EMNLP,0,0
2021.emnlp-main.721,2021,EMNLP,1,0
2021.emnlp-main.722,2021,EMNLP,0,0
2021.emnlp-main.723,2021,EMNLP,1,1
2021.emnlp-main.724,2021,EMNLP,1,0
2021.emnlp-main.725,2021,EMNLP,1,0
2021.emnlp-main.726,2021,EMNLP,0,0
2021.emnlp-main.727,2021,EMNLP,0,0
2021.emnlp-main.728,2021,EMNLP,1,0
2021.emnlp-main.729,2021,EMNLP,1,0
2021.emnlp-main.73,2021,EMNLP,0,0
2021.emnlp-main.730,2021,EMNLP,1,0
2021.emnlp-main.731,2021,EMNLP,1,0
2021.emnlp-main.732,2021,EMNLP,1,0
2021.emnlp-main.733,2021,EMNLP,1,0
2021.emnlp-main.734,2021,EMNLP,1,1
2021.emnlp-main.735,2021,EMNLP,0,0
2021.emnlp-main.736,2021,EMNLP,1,0
2021.emnlp-main.737,2021,EMNLP,1,1
2021.emnlp-main.738,2021,EMNLP,1,0
2021.emnlp-main.739,2021,EMNLP,1,1
2021.emnlp-main.74,2021,EMNLP,0,0
2021.emnlp-main.740,2021,EMNLP,1,1
2021.emnlp-main.741,2021,EMNLP,0,0
2021.emnlp-main.742,2021,EMNLP,1,0
2021.emnlp-main.743,2021,EMNLP,1,1
2021.emnlp-main.744,2021,EMNLP,0,0
2021.emnlp-main.745,2021,EMNLP,1,0
2021.emnlp-main.746,2021,EMNLP,0,0
2021.emnlp-main.747,2021,EMNLP,0,0
2021.emnlp-main.748,2021,EMNLP,0,0
2021.emnlp-main.749,2021,EMNLP,0,0
2021.emnlp-main.75,2021,EMNLP,1,1
2021.emnlp-main.750,2021,EMNLP,0,0
2021.emnlp-main.751,2021,EMNLP,1,1
2021.emnlp-main.752,2021,EMNLP,1,1
2021.emnlp-main.753,2021,EMNLP,0,0
2021.emnlp-main.754,2021,EMNLP,0,0
2021.emnlp-main.755,2021,EMNLP,1,0
2021.emnlp-main.756,2021,EMNLP,1,1
2021.emnlp-main.757,2021,EMNLP,0,0
2021.emnlp-main.758,2021,EMNLP,0,0
2021.emnlp-main.759,2021,EMNLP,0,0
2021.emnlp-main.76,2021,EMNLP,0,0
2021.emnlp-main.760,2021,EMNLP,1,0
2021.emnlp-main.761,2021,EMNLP,1,1
2021.emnlp-main.762,2021,EMNLP,0,0
2021.emnlp-main.763,2021,EMNLP,0,0
2021.emnlp-main.764,2021,EMNLP,1,0
2021.emnlp-main.765,2021,EMNLP,1,0
2021.emnlp-main.766,2021,EMNLP,0,0
2021.emnlp-main.767,2021,EMNLP,0,0
2021.emnlp-main.768,2021,EMNLP,1,0
2021.emnlp-main.769,2021,EMNLP,0,0
2021.emnlp-main.77,2021,EMNLP,0,0
2021.emnlp-main.770,2021,EMNLP,1,1
2021.emnlp-main.771,2021,EMNLP,1,1
2021.emnlp-main.772,2021,EMNLP,1,1
2021.emnlp-main.773,2021,EMNLP,1,1
2021.emnlp-main.774,2021,EMNLP,0,0
2021.emnlp-main.775,2021,EMNLP,1,1
2021.emnlp-main.776,2021,EMNLP,0,0
2021.emnlp-main.777,2021,EMNLP,1,0
2021.emnlp-main.778,2021,EMNLP,0,0
2021.emnlp-main.779,2021,EMNLP,1,0
2021.emnlp-main.78,2021,EMNLP,1,1
2021.emnlp-main.780,2021,EMNLP,1,0
2021.emnlp-main.781,2021,EMNLP,0,0
2021.emnlp-main.782,2021,EMNLP,0,0
2021.emnlp-main.783,2021,EMNLP,1,0
2021.emnlp-main.784,2021,EMNLP,0,0
2021.emnlp-main.785,2021,EMNLP,0,0
2021.emnlp-main.786,2021,EMNLP,1,1
2021.emnlp-main.787,2021,EMNLP,1,0
2021.emnlp-main.788,2021,EMNLP,0,0
2021.emnlp-main.789,2021,EMNLP,0,0
2021.emnlp-main.79,2021,EMNLP,1,0
2021.emnlp-main.790,2021,EMNLP,0,0
2021.emnlp-main.791,2021,EMNLP,1,0
2021.emnlp-main.792,2021,EMNLP,0,0
2021.emnlp-main.793,2021,EMNLP,0,0
2021.emnlp-main.794,2021,EMNLP,0,0
2021.emnlp-main.795,2021,EMNLP,1,1
2021.emnlp-main.796,2021,EMNLP,1,0
2021.emnlp-main.797,2021,EMNLP,0,0
2021.emnlp-main.798,2021,EMNLP,0,0
2021.emnlp-main.799,2021,EMNLP,0,0
2021.emnlp-main.8,2021,EMNLP,1,0
2021.emnlp-main.80,2021,EMNLP,0,0
2021.emnlp-main.800,2021,EMNLP,1,1
2021.emnlp-main.801,2021,EMNLP,0,0
2021.emnlp-main.802,2021,EMNLP,0,0
2021.emnlp-main.803,2021,EMNLP,0,0
2021.emnlp-main.804,2021,EMNLP,1,1
2021.emnlp-main.805,2021,EMNLP,0,0
2021.emnlp-main.806,2021,EMNLP,0,0
2021.emnlp-main.807,2021,EMNLP,0,0
2021.emnlp-main.808,2021,EMNLP,1,1
2021.emnlp-main.809,2021,EMNLP,1,0
2021.emnlp-main.81,2021,EMNLP,0,0
2021.emnlp-main.810,2021,EMNLP,1,0
2021.emnlp-main.811,2021,EMNLP,1,1
2021.emnlp-main.812,2021,EMNLP,1,1
2021.emnlp-main.813,2021,EMNLP,0,0
2021.emnlp-main.814,2021,EMNLP,0,0
2021.emnlp-main.815,2021,EMNLP,0,0
2021.emnlp-main.816,2021,EMNLP,1,1
2021.emnlp-main.817,2021,EMNLP,1,0
2021.emnlp-main.818,2021,EMNLP,1,1
2021.emnlp-main.819,2021,EMNLP,1,0
2021.emnlp-main.82,2021,EMNLP,1,1
2021.emnlp-main.820,2021,EMNLP,0,0
2021.emnlp-main.821,2021,EMNLP,1,0
2021.emnlp-main.822,2021,EMNLP,1,0
2021.emnlp-main.823,2021,EMNLP,0,0
2021.emnlp-main.824,2021,EMNLP,0,0
2021.emnlp-main.825,2021,EMNLP,1,1
2021.emnlp-main.826,2021,EMNLP,0,0
2021.emnlp-main.827,2021,EMNLP,0,0
2021.emnlp-main.828,2021,EMNLP,1,1
2021.emnlp-main.829,2021,EMNLP,0,0
2021.emnlp-main.83,2021,EMNLP,1,0
2021.emnlp-main.830,2021,EMNLP,1,1
2021.emnlp-main.831,2021,EMNLP,1,1
2021.emnlp-main.832,2021,EMNLP,0,0
2021.emnlp-main.833,2021,EMNLP,1,1
2021.emnlp-main.834,2021,EMNLP,1,1
2021.emnlp-main.835,2021,EMNLP,0,0
2021.emnlp-main.836,2021,EMNLP,0,0
2021.emnlp-main.837,2021,EMNLP,1,1
2021.emnlp-main.838,2021,EMNLP,1,1
2021.emnlp-main.839,2021,EMNLP,1,1
2021.emnlp-main.84,2021,EMNLP,0,0
2021.emnlp-main.840,2021,EMNLP,0,0
2021.emnlp-main.841,2021,EMNLP,1,1
2021.emnlp-main.842,2021,EMNLP,1,0
2021.emnlp-main.843,2021,EMNLP,1,1
2021.emnlp-main.844,2021,EMNLP,0,0
2021.emnlp-main.845,2021,EMNLP,1,0
2021.emnlp-main.846,2021,EMNLP,1,1
2021.emnlp-main.847,2021,EMNLP,0,0
2021.emnlp-main.85,2021,EMNLP,0,0
2021.emnlp-main.86,2021,EMNLP,1,0
2021.emnlp-main.87,2021,EMNLP,1,1
2021.emnlp-main.88,2021,EMNLP,0,0
2021.emnlp-main.89,2021,EMNLP,0,0
2021.emnlp-main.9,2021,EMNLP,1,1
2021.emnlp-main.90,2021,EMNLP,1,0
2021.emnlp-main.91,2021,EMNLP,0,0
2021.emnlp-main.92,2021,EMNLP,1,1
2021.emnlp-main.93,2021,EMNLP,1,1
2021.emnlp-main.94,2021,EMNLP,1,1
2021.emnlp-main.95,2021,EMNLP,1,1
2021.emnlp-main.96,2021,EMNLP,1,0
2021.emnlp-main.97,2021,EMNLP,0,0
2021.emnlp-main.98,2021,EMNLP,0,0
2021.emnlp-main.99,2021,EMNLP,1,1
2021.naacl-main.1,2021,NAACL,1,0
2021.naacl-main.10,2021,NAACL,0,0
2021.naacl-main.100,2021,NAACL,1,1
2021.naacl-main.101,2021,NAACL,0,0
2021.naacl-main.102,2021,NAACL,0,0
2021.naacl-main.103,2021,NAACL,1,1
2021.naacl-main.104,2021,NAACL,1,1
2021.naacl-main.105,2021,NAACL,0,0
2021.naacl-main.106,2021,NAACL,0,0
2021.naacl-main.107,2021,NAACL,0,0
2021.naacl-main.108,2021,NAACL,1,0
2021.naacl-main.109,2021,NAACL,0,0
2021.naacl-main.11,2021,NAACL,0,0
2021.naacl-main.110,2021,NAACL,0,0
2021.naacl-main.111,2021,NAACL,1,0
2021.naacl-main.112,2021,NAACL,1,1
2021.naacl-main.113,2021,NAACL,0,0
2021.naacl-main.114,2021,NAACL,0,0
2021.naacl-main.115,2021,NAACL,0,0
2021.naacl-main.116,2021,NAACL,1,0
2021.naacl-main.117,2021,NAACL,0,0
2021.naacl-main.118,2021,NAACL,0,0
2021.naacl-main.119,2021,NAACL,0,0
2021.naacl-main.12,2021,NAACL,0,0
2021.naacl-main.120,2021,NAACL,0,0
2021.naacl-main.121,2021,NAACL,1,1
2021.naacl-main.122,2021,NAACL,0,0
2021.naacl-main.123,2021,NAACL,0,0
2021.naacl-main.124,2021,NAACL,0,0
2021.naacl-main.125,2021,NAACL,1,1
2021.naacl-main.126,2021,NAACL,0,0
2021.naacl-main.127,2021,NAACL,0,0
2021.naacl-main.128,2021,NAACL,1,0
2021.naacl-main.129,2021,NAACL,1,1
2021.naacl-main.13,2021,NAACL,0,0
2021.naacl-main.130,2021,NAACL,1,0
2021.naacl-main.131,2021,NAACL,0,0
2021.naacl-main.132,2021,NAACL,0,0
2021.naacl-main.133,2021,NAACL,0,0
2021.naacl-main.134,2021,NAACL,0,0
2021.naacl-main.135,2021,NAACL,0,0
2021.naacl-main.136,2021,NAACL,1,1
2021.naacl-main.137,2021,NAACL,1,1
2021.naacl-main.138,2021,NAACL,1,1
2021.naacl-main.139,2021,NAACL,0,0
2021.naacl-main.14,2021,NAACL,0,0
2021.naacl-main.140,2021,NAACL,0,0
2021.naacl-main.141,2021,NAACL,1,1
2021.naacl-main.142,2021,NAACL,0,0
2021.naacl-main.143,2021,NAACL,0,0
2021.naacl-main.144,2021,NAACL,0,0
2021.naacl-main.145,2021,NAACL,0,0
2021.naacl-main.146,2021,NAACL,0,0
2021.naacl-main.147,2021,NAACL,0,0
2021.naacl-main.148,2021,NAACL,0,0
2021.naacl-main.149,2021,NAACL,0,0
2021.naacl-main.15,2021,NAACL,0,0
2021.naacl-main.150,2021,NAACL,0,0
2021.naacl-main.151,2021,NAACL,0,0
2021.naacl-main.152,2021,NAACL,0,0
2021.naacl-main.153,2021,NAACL,0,0
2021.naacl-main.154,2021,NAACL,1,1
2021.naacl-main.155,2021,NAACL,0,0
2021.naacl-main.156,2021,NAACL,0,0
2021.naacl-main.157,2021,NAACL,0,0
2021.naacl-main.158,2021,NAACL,0,0
2021.naacl-main.159,2021,NAACL,0,0
2021.naacl-main.16,2021,NAACL,0,0
2021.naacl-main.160,2021,NAACL,0,0
2021.naacl-main.161,2021,NAACL,1,1
2021.naacl-main.162,2021,NAACL,0,0
2021.naacl-main.163,2021,NAACL,0,0
2021.naacl-main.164,2021,NAACL,0,0
2021.naacl-main.165,2021,NAACL,0,0
2021.naacl-main.166,2021,NAACL,0,0
2021.naacl-main.167,2021,NAACL,0,0
2021.naacl-main.168,2021,NAACL,1,0
2021.naacl-main.169,2021,NAACL,0,0
2021.naacl-main.17,2021,NAACL,0,0
2021.naacl-main.170,2021,NAACL,0,0
2021.naacl-main.171,2021,NAACL,0,0
2021.naacl-main.172,2021,NAACL,0,0
2021.naacl-main.173,2021,NAACL,0,0
2021.naacl-main.174,2021,NAACL,0,0
2021.naacl-main.175,2021,NAACL,1,1
2021.naacl-main.176,2021,NAACL,0,0
2021.naacl-main.177,2021,NAACL,0,0
2021.naacl-main.178,2021,NAACL,1,1
2021.naacl-main.179,2021,NAACL,0,0
2021.naacl-main.18,2021,NAACL,0,0
2021.naacl-main.180,2021,NAACL,0,0
2021.naacl-main.181,2021,NAACL,1,0
2021.naacl-main.182,2021,NAACL,0,0
2021.naacl-main.183,2021,NAACL,0,0
2021.naacl-main.184,2021,NAACL,0,0
2021.naacl-main.185,2021,NAACL,1,0
2021.naacl-main.186,2021,NAACL,0,0
2021.naacl-main.187,2021,NAACL,0,0
2021.naacl-main.188,2021,NAACL,0,0
2021.naacl-main.189,2021,NAACL,0,0
2021.naacl-main.19,2021,NAACL,0,0
2021.naacl-main.190,2021,NAACL,0,0
2021.naacl-main.191,2021,NAACL,1,1
2021.naacl-main.192,2021,NAACL,0,0
2021.naacl-main.193,2021,NAACL,1,0
2021.naacl-main.194,2021,NAACL,0,0
2021.naacl-main.195,2021,NAACL,1,1
2021.naacl-main.196,2021,NAACL,1,0
2021.naacl-main.197,2021,NAACL,1,1
2021.naacl-main.198,2021,NAACL,0,0
2021.naacl-main.199,2021,NAACL,0,0
2021.naacl-main.2,2021,NAACL,0,0
2021.naacl-main.20,2021,NAACL,0,0
2021.naacl-main.200,2021,NAACL,0,0
2021.naacl-main.201,2021,NAACL,0,0
2021.naacl-main.202,2021,NAACL,0,0
2021.naacl-main.203,2021,NAACL,0,0
2021.naacl-main.204,2021,NAACL,0,0
2021.naacl-main.205,2021,NAACL,1,0
2021.naacl-main.206,2021,NAACL,0,0
2021.naacl-main.207,2021,NAACL,0,0
2021.naacl-main.208,2021,NAACL,0,0
2021.naacl-main.209,2021,NAACL,0,0
2021.naacl-main.21,2021,NAACL,0,0
2021.naacl-main.210,2021,NAACL,0,0
2021.naacl-main.211,2021,NAACL,1,1
2021.naacl-main.212,2021,NAACL,1,1
2021.naacl-main.213,2021,NAACL,0,0
2021.naacl-main.214,2021,NAACL,0,0
2021.naacl-main.215,2021,NAACL,0,0
2021.naacl-main.216,2021,NAACL,0,0
2021.naacl-main.217,2021,NAACL,0,0
2021.naacl-main.218,2021,NAACL,0,0
2021.naacl-main.219,2021,NAACL,0,0
2021.naacl-main.22,2021,NAACL,0,0
2021.naacl-main.220,2021,NAACL,1,0
2021.naacl-main.221,2021,NAACL,0,0
2021.naacl-main.222,2021,NAACL,0,0
2021.naacl-main.223,2021,NAACL,0,0
2021.naacl-main.224,2021,NAACL,0,0
2021.naacl-main.225,2021,NAACL,0,0
2021.naacl-main.226,2021,NAACL,1,0
2021.naacl-main.227,2021,NAACL,1,0
2021.naacl-main.228,2021,NAACL,0,0
2021.naacl-main.229,2021,NAACL,0,0
2021.naacl-main.23,2021,NAACL,0,0
2021.naacl-main.230,2021,NAACL,1,1
2021.naacl-main.231,2021,NAACL,0,0
2021.naacl-main.232,2021,NAACL,0,0
2021.naacl-main.233,2021,NAACL,0,0
2021.naacl-main.234,2021,NAACL,0,0
2021.naacl-main.235,2021,NAACL,0,0
2021.naacl-main.236,2021,NAACL,0,0
2021.naacl-main.237,2021,NAACL,0,0
2021.naacl-main.238,2021,NAACL,0,0
2021.naacl-main.239,2021,NAACL,0,0
2021.naacl-main.24,2021,NAACL,0,0
2021.naacl-main.240,2021,NAACL,0,0
2021.naacl-main.241,2021,NAACL,0,0
2021.naacl-main.242,2021,NAACL,0,0
2021.naacl-main.243,2021,NAACL,0,0
2021.naacl-main.244,2021,NAACL,0,0
2021.naacl-main.245,2021,NAACL,0,0
2021.naacl-main.246,2021,NAACL,0,0
2021.naacl-main.247,2021,NAACL,0,0
2021.naacl-main.248,2021,NAACL,0,0
2021.naacl-main.249,2021,NAACL,0,0
2021.naacl-main.25,2021,NAACL,0,0
2021.naacl-main.250,2021,NAACL,0,0
2021.naacl-main.251,2021,NAACL,0,0
2021.naacl-main.252,2021,NAACL,0,0
2021.naacl-main.253,2021,NAACL,0,0
2021.naacl-main.254,2021,NAACL,1,1
2021.naacl-main.255,2021,NAACL,0,0
2021.naacl-main.256,2021,NAACL,1,1
2021.naacl-main.257,2021,NAACL,0,0
2021.naacl-main.258,2021,NAACL,0,0
2021.naacl-main.259,2021,NAACL,0,0
2021.naacl-main.26,2021,NAACL,0,0
2021.naacl-main.260,2021,NAACL,0,0
2021.naacl-main.261,2021,NAACL,0,0
2021.naacl-main.262,2021,NAACL,0,0
2021.naacl-main.263,2021,NAACL,0,0
2021.naacl-main.264,2021,NAACL,1,0
2021.naacl-main.265,2021,NAACL,0,0
2021.naacl-main.266,2021,NAACL,0,0
2021.naacl-main.267,2021,NAACL,0,0
2021.naacl-main.268,2021,NAACL,1,0
2021.naacl-main.269,2021,NAACL,0,0
2021.naacl-main.27,2021,NAACL,0,0
2021.naacl-main.270,2021,NAACL,1,1
2021.naacl-main.271,2021,NAACL,1,0
2021.naacl-main.272,2021,NAACL,0,0
2021.naacl-main.273,2021,NAACL,0,0
2021.naacl-main.274,2021,NAACL,0,0
2021.naacl-main.275,2021,NAACL,0,0
2021.naacl-main.276,2021,NAACL,1,1
2021.naacl-main.277,2021,NAACL,0,0
2021.naacl-main.278,2021,NAACL,0,0
2021.naacl-main.279,2021,NAACL,0,0
2021.naacl-main.28,2021,NAACL,0,0
2021.naacl-main.280,2021,NAACL,0,0
2021.naacl-main.281,2021,NAACL,0,0
2021.naacl-main.282,2021,NAACL,0,0
2021.naacl-main.283,2021,NAACL,0,0
2021.naacl-main.284,2021,NAACL,0,0
2021.naacl-main.285,2021,NAACL,1,1
2021.naacl-main.286,2021,NAACL,0,0
2021.naacl-main.287,2021,NAACL,0,0
2021.naacl-main.288,2021,NAACL,0,0
2021.naacl-main.289,2021,NAACL,0,0
2021.naacl-main.29,2021,NAACL,0,0
2021.naacl-main.290,2021,NAACL,0,0
2021.naacl-main.291,2021,NAACL,0,0
2021.naacl-main.292,2021,NAACL,0,0
2021.naacl-main.293,2021,NAACL,0,0
2021.naacl-main.294,2021,NAACL,0,0
2021.naacl-main.295,2021,NAACL,0,0
2021.naacl-main.296,2021,NAACL,0,0
2021.naacl-main.297,2021,NAACL,0,0
2021.naacl-main.298,2021,NAACL,0,0
2021.naacl-main.299,2021,NAACL,0,0
2021.naacl-main.3,2021,NAACL,0,0
2021.naacl-main.30,2021,NAACL,1,0
2021.naacl-main.300,2021,NAACL,0,0
2021.naacl-main.301,2021,NAACL,0,0
2021.naacl-main.302,2021,NAACL,0,0
2021.naacl-main.303,2021,NAACL,1,0
2021.naacl-main.304,2021,NAACL,0,0
2021.naacl-main.305,2021,NAACL,1,1
2021.naacl-main.306,2021,NAACL,1,0
2021.naacl-main.307,2021,NAACL,0,0
2021.naacl-main.308,2021,NAACL,0,0
2021.naacl-main.309,2021,NAACL,0,0
2021.naacl-main.31,2021,NAACL,1,1
2021.naacl-main.310,2021,NAACL,0,0
2021.naacl-main.311,2021,NAACL,0,0
2021.naacl-main.312,2021,NAACL,1,1
2021.naacl-main.313,2021,NAACL,1,1
2021.naacl-main.314,2021,NAACL,1,0
2021.naacl-main.315,2021,NAACL,0,0
2021.naacl-main.316,2021,NAACL,0,0
2021.naacl-main.317,2021,NAACL,0,0
2021.naacl-main.318,2021,NAACL,0,0
2021.naacl-main.319,2021,NAACL,1,1
2021.naacl-main.32,2021,NAACL,0,0
2021.naacl-main.320,2021,NAACL,0,0
2021.naacl-main.321,2021,NAACL,0,0
2021.naacl-main.322,2021,NAACL,0,0
2021.naacl-main.323,2021,NAACL,1,0
2021.naacl-main.324,2021,NAACL,0,0
2021.naacl-main.325,2021,NAACL,0,0
2021.naacl-main.326,2021,NAACL,0,0
2021.naacl-main.327,2021,NAACL,0,0
2021.naacl-main.328,2021,NAACL,0,0
2021.naacl-main.329,2021,NAACL,0,0
2021.naacl-main.33,2021,NAACL,1,0
2021.naacl-main.330,2021,NAACL,0,0
2021.naacl-main.331,2021,NAACL,0,0
2021.naacl-main.332,2021,NAACL,0,0
2021.naacl-main.333,2021,NAACL,0,0
2021.naacl-main.334,2021,NAACL,0,0
2021.naacl-main.335,2021,NAACL,0,0
2021.naacl-main.336,2021,NAACL,1,1
2021.naacl-main.337,2021,NAACL,0,0
2021.naacl-main.338,2021,NAACL,0,0
2021.naacl-main.339,2021,NAACL,0,0
2021.naacl-main.34,2021,NAACL,1,1
2021.naacl-main.340,2021,NAACL,1,0
2021.naacl-main.341,2021,NAACL,0,0
2021.naacl-main.342,2021,NAACL,0,0
2021.naacl-main.343,2021,NAACL,1,1
2021.naacl-main.344,2021,NAACL,0,0
2021.naacl-main.345,2021,NAACL,0,0
2021.naacl-main.346,2021,NAACL,1,1
2021.naacl-main.347,2021,NAACL,0,0
2021.naacl-main.348,2021,NAACL,0,0
2021.naacl-main.349,2021,NAACL,0,0
2021.naacl-main.35,2021,NAACL,0,0
2021.naacl-main.350,2021,NAACL,0,0
2021.naacl-main.351,2021,NAACL,0,0
2021.naacl-main.352,2021,NAACL,0,0
2021.naacl-main.353,2021,NAACL,0,0
2021.naacl-main.354,2021,NAACL,0,0
2021.naacl-main.355,2021,NAACL,0,0
2021.naacl-main.356,2021,NAACL,0,0
2021.naacl-main.357,2021,NAACL,1,0
2021.naacl-main.358,2021,NAACL,0,0
2021.naacl-main.359,2021,NAACL,0,0
2021.naacl-main.36,2021,NAACL,0,0
2021.naacl-main.360,2021,NAACL,0,0
2021.naacl-main.361,2021,NAACL,0,0
2021.naacl-main.362,2021,NAACL,0,0
2021.naacl-main.363,2021,NAACL,0,0
2021.naacl-main.364,2021,NAACL,0,0
2021.naacl-main.365,2021,NAACL,1,1
2021.naacl-main.366,2021,NAACL,0,0
2021.naacl-main.367,2021,NAACL,1,1
2021.naacl-main.368,2021,NAACL,1,1
2021.naacl-main.369,2021,NAACL,0,0
2021.naacl-main.37,2021,NAACL,1,1
2021.naacl-main.370,2021,NAACL,0,0
2021.naacl-main.371,2021,NAACL,0,0
2021.naacl-main.372,2021,NAACL,0,0
2021.naacl-main.373,2021,NAACL,1,1
2021.naacl-main.374,2021,NAACL,1,1
2021.naacl-main.375,2021,NAACL,0,0
2021.naacl-main.376,2021,NAACL,0,0
2021.naacl-main.377,2021,NAACL,0,0
2021.naacl-main.378,2021,NAACL,0,0
2021.naacl-main.379,2021,NAACL,0,0
2021.naacl-main.38,2021,NAACL,1,1
2021.naacl-main.380,2021,NAACL,1,1
2021.naacl-main.381,2021,NAACL,1,1
2021.naacl-main.382,2021,NAACL,0,0
2021.naacl-main.383,2021,NAACL,0,0
2021.naacl-main.384,2021,NAACL,0,0
2021.naacl-main.385,2021,NAACL,0,0
2021.naacl-main.386,2021,NAACL,0,0
2021.naacl-main.387,2021,NAACL,0,0
2021.naacl-main.388,2021,NAACL,0,0
2021.naacl-main.389,2021,NAACL,0,0
2021.naacl-main.39,2021,NAACL,0,0
2021.naacl-main.390,2021,NAACL,1,1
2021.naacl-main.391,2021,NAACL,0,0
2021.naacl-main.392,2021,NAACL,0,0
2021.naacl-main.393,2021,NAACL,1,0
2021.naacl-main.394,2021,NAACL,1,1
2021.naacl-main.395,2021,NAACL,0,0
2021.naacl-main.396,2021,NAACL,0,0
2021.naacl-main.397,2021,NAACL,0,0
2021.naacl-main.398,2021,NAACL,0,0
2021.naacl-main.399,2021,NAACL,0,0
2021.naacl-main.4,2021,NAACL,0,0
2021.naacl-main.40,2021,NAACL,0,0
2021.naacl-main.400,2021,NAACL,0,0
2021.naacl-main.401,2021,NAACL,0,0
2021.naacl-main.402,2021,NAACL,0,0
2021.naacl-main.403,2021,NAACL,0,0
2021.naacl-main.404,2021,NAACL,0,0
2021.naacl-main.405,2021,NAACL,0,0
2021.naacl-main.406,2021,NAACL,0,0
2021.naacl-main.407,2021,NAACL,1,0
2021.naacl-main.408,2021,NAACL,0,0
2021.naacl-main.409,2021,NAACL,0,0
2021.naacl-main.41,2021,NAACL,0,0
2021.naacl-main.410,2021,NAACL,0,0
2021.naacl-main.411,2021,NAACL,0,0
2021.naacl-main.412,2021,NAACL,0,0
2021.naacl-main.413,2021,NAACL,1,0
2021.naacl-main.414,2021,NAACL,0,0
2021.naacl-main.415,2021,NAACL,1,1
2021.naacl-main.416,2021,NAACL,0,0
2021.naacl-main.417,2021,NAACL,0,0
2021.naacl-main.418,2021,NAACL,1,1
2021.naacl-main.419,2021,NAACL,0,0
2021.naacl-main.42,2021,NAACL,0,0
2021.naacl-main.420,2021,NAACL,1,1
2021.naacl-main.421,2021,NAACL,0,0
2021.naacl-main.422,2021,NAACL,0,0
2021.naacl-main.423,2021,NAACL,0,0
2021.naacl-main.424,2021,NAACL,0,0
2021.naacl-main.425,2021,NAACL,0,0
2021.naacl-main.426,2021,NAACL,0,0
2021.naacl-main.427,2021,NAACL,0,0
2021.naacl-main.428,2021,NAACL,0,0
2021.naacl-main.429,2021,NAACL,0,0
2021.naacl-main.43,2021,NAACL,0,0
2021.naacl-main.430,2021,NAACL,0,0
2021.naacl-main.431,2021,NAACL,0,0
2021.naacl-main.432,2021,NAACL,1,1
2021.naacl-main.433,2021,NAACL,0,0
2021.naacl-main.434,2021,NAACL,0,0
2021.naacl-main.435,2021,NAACL,0,0
2021.naacl-main.436,2021,NAACL,0,0
2021.naacl-main.437,2021,NAACL,0,0
2021.naacl-main.438,2021,NAACL,0,0
2021.naacl-main.439,2021,NAACL,0,0
2021.naacl-main.44,2021,NAACL,0,0
2021.naacl-main.440,2021,NAACL,0,0
2021.naacl-main.441,2021,NAACL,0,0
2021.naacl-main.442,2021,NAACL,0,0
2021.naacl-main.443,2021,NAACL,1,1
2021.naacl-main.444,2021,NAACL,0,0
2021.naacl-main.445,2021,NAACL,1,1
2021.naacl-main.446,2021,NAACL,0,0
2021.naacl-main.447,2021,NAACL,0,0
2021.naacl-main.448,2021,NAACL,0,0
2021.naacl-main.449,2021,NAACL,0,0
2021.naacl-main.45,2021,NAACL,0,0
2021.naacl-main.450,2021,NAACL,0,0
2021.naacl-main.451,2021,NAACL,0,0
2021.naacl-main.452,2021,NAACL,0,0
2021.naacl-main.453,2021,NAACL,0,0
2021.naacl-main.454,2021,NAACL,1,0
2021.naacl-main.455,2021,NAACL,0,0
2021.naacl-main.456,2021,NAACL,0,0
2021.naacl-main.457,2021,NAACL,0,0
2021.naacl-main.458,2021,NAACL,0,0
2021.naacl-main.459,2021,NAACL,0,0
2021.naacl-main.46,2021,NAACL,0,0
2021.naacl-main.460,2021,NAACL,0,0
2021.naacl-main.461,2021,NAACL,1,0
2021.naacl-main.462,2021,NAACL,0,0
2021.naacl-main.463,2021,NAACL,1,1
2021.naacl-main.464,2021,NAACL,0,0
2021.naacl-main.465,2021,NAACL,0,0
2021.naacl-main.466,2021,NAACL,0,0
2021.naacl-main.467,2021,NAACL,1,1
2021.naacl-main.468,2021,NAACL,0,0
2021.naacl-main.469,2021,NAACL,0,0
2021.naacl-main.47,2021,NAACL,0,0
2021.naacl-main.470,2021,NAACL,0,0
2021.naacl-main.471,2021,NAACL,1,0
2021.naacl-main.472,2021,NAACL,0,0
2021.naacl-main.473,2021,NAACL,0,0
2021.naacl-main.474,2021,NAACL,0,0
2021.naacl-main.475,2021,NAACL,0,0
2021.naacl-main.476,2021,NAACL,0,0
2021.naacl-main.477,2021,NAACL,0,0
2021.naacl-main.48,2021,NAACL,0,0
2021.naacl-main.49,2021,NAACL,0,0
2021.naacl-main.5,2021,NAACL,0,0
2021.naacl-main.50,2021,NAACL,0,0
2021.naacl-main.51,2021,NAACL,0,0
2021.naacl-main.52,2021,NAACL,0,0
2021.naacl-main.53,2021,NAACL,0,0
2021.naacl-main.54,2021,NAACL,0,0
2021.naacl-main.55,2021,NAACL,0,0
2021.naacl-main.56,2021,NAACL,0,0
2021.naacl-main.57,2021,NAACL,0,0
2021.naacl-main.58,2021,NAACL,0,0
2021.naacl-main.59,2021,NAACL,1,1
2021.naacl-main.6,2021,NAACL,0,0
2021.naacl-main.60,2021,NAACL,1,1
2021.naacl-main.61,2021,NAACL,0,0
2021.naacl-main.62,2021,NAACL,1,1
2021.naacl-main.63,2021,NAACL,0,0
2021.naacl-main.64,2021,NAACL,0,0
2021.naacl-main.65,2021,NAACL,0,0
2021.naacl-main.66,2021,NAACL,0,0
2021.naacl-main.67,2021,NAACL,1,1
2021.naacl-main.68,2021,NAACL,1,0
2021.naacl-main.69,2021,NAACL,0,0
2021.naacl-main.7,2021,NAACL,0,0
2021.naacl-main.70,2021,NAACL,0,0
2021.naacl-main.71,2021,NAACL,0,0
2021.naacl-main.72,2021,NAACL,0,0
2021.naacl-main.73,2021,NAACL,0,0
2021.naacl-main.74,2021,NAACL,0,0
2021.naacl-main.75,2021,NAACL,0,0
2021.naacl-main.76,2021,NAACL,0,0
2021.naacl-main.77,2021,NAACL,0,0
2021.naacl-main.78,2021,NAACL,0,0
2021.naacl-main.79,2021,NAACL,0,0
2021.naacl-main.8,2021,NAACL,0,0
2021.naacl-main.80,2021,NAACL,1,0
2021.naacl-main.81,2021,NAACL,0,0
2021.naacl-main.82,2021,NAACL,0,0
2021.naacl-main.83,2021,NAACL,0,0
2021.naacl-main.84,2021,NAACL,0,0
2021.naacl-main.85,2021,NAACL,0,0
2021.naacl-main.86,2021,NAACL,0,0
2021.naacl-main.87,2021,NAACL,0,0
2021.naacl-main.88,2021,NAACL,0,0
2021.naacl-main.89,2021,NAACL,1,1
2021.naacl-main.9,2021,NAACL,0,0
2021.naacl-main.90,2021,NAACL,0,0
2021.naacl-main.91,2021,NAACL,0,0
2021.naacl-main.92,2021,NAACL,0,0
2021.naacl-main.93,2021,NAACL,0,0
2021.naacl-main.94,2021,NAACL,0,0
2021.naacl-main.95,2021,NAACL,1,1
2021.naacl-main.96,2021,NAACL,1,1
2021.naacl-main.97,2021,NAACL,0,0
2021.naacl-main.98,2021,NAACL,0,0
2021.naacl-main.99,2021,NAACL,0,0
2022.acl-long.1,2022,ACL,1,1
2022.acl-long.10,2022,ACL,0,0
2022.acl-long.100,2022,ACL,1,1
2022.acl-long.101,2022,ACL,1,0
2022.acl-long.102,2022,ACL,0,0
2022.acl-long.103,2022,ACL,0,0
2022.acl-long.104,2022,ACL,1,0
2022.acl-long.105,2022,ACL,1,1
2022.acl-long.106,2022,ACL,1,0
2022.acl-long.107,2022,ACL,1,1
2022.acl-long.108,2022,ACL,0,0
2022.acl-long.109,2022,ACL,0,0
2022.acl-long.11,2022,ACL,0,0
2022.acl-long.110,2022,ACL,1,1
2022.acl-long.111,2022,ACL,0,0
2022.acl-long.112,2022,ACL,1,1
2022.acl-long.113,2022,ACL,1,1
2022.acl-long.114,2022,ACL,0,0
2022.acl-long.115,2022,ACL,0,0
2022.acl-long.116,2022,ACL,1,1
2022.acl-long.117,2022,ACL,1,1
2022.acl-long.118,2022,ACL,1,1
2022.acl-long.119,2022,ACL,0,0
2022.acl-long.12,2022,ACL,1,1
2022.acl-long.120,2022,ACL,0,0
2022.acl-long.121,2022,ACL,0,0
2022.acl-long.122,2022,ACL,1,1
2022.acl-long.123,2022,ACL,1,1
2022.acl-long.124,2022,ACL,0,0
2022.acl-long.125,2022,ACL,0,0
2022.acl-long.126,2022,ACL,0,0
2022.acl-long.127,2022,ACL,1,0
2022.acl-long.128,2022,ACL,1,1
2022.acl-long.129,2022,ACL,0,0
2022.acl-long.13,2022,ACL,0,0
2022.acl-long.130,2022,ACL,1,1
2022.acl-long.131,2022,ACL,0,0
2022.acl-long.132,2022,ACL,0,0
2022.acl-long.133,2022,ACL,1,0
2022.acl-long.134,2022,ACL,0,0
2022.acl-long.135,2022,ACL,0,0
2022.acl-long.136,2022,ACL,0,0
2022.acl-long.137,2022,ACL,0,0
2022.acl-long.138,2022,ACL,1,1
2022.acl-long.139,2022,ACL,0,0
2022.acl-long.14,2022,ACL,0,0
2022.acl-long.140,2022,ACL,0,0
2022.acl-long.141,2022,ACL,0,0
2022.acl-long.142,2022,ACL,1,1
2022.acl-long.143,2022,ACL,1,1
2022.acl-long.144,2022,ACL,0,0
2022.acl-long.145,2022,ACL,0,0
2022.acl-long.146,2022,ACL,1,1
2022.acl-long.147,2022,ACL,0,0
2022.acl-long.148,2022,ACL,1,1
2022.acl-long.149,2022,ACL,0,0
2022.acl-long.15,2022,ACL,1,1
2022.acl-long.150,2022,ACL,1,1
2022.acl-long.151,2022,ACL,0,0
2022.acl-long.152,2022,ACL,1,1
2022.acl-long.153,2022,ACL,1,1
2022.acl-long.154,2022,ACL,1,0
2022.acl-long.155,2022,ACL,0,0
2022.acl-long.156,2022,ACL,0,0
2022.acl-long.157,2022,ACL,0,0
2022.acl-long.158,2022,ACL,0,0
2022.acl-long.159,2022,ACL,0,0
2022.acl-long.16,2022,ACL,1,1
2022.acl-long.160,2022,ACL,1,1
2022.acl-long.161,2022,ACL,0,0
2022.acl-long.162,2022,ACL,0,0
2022.acl-long.163,2022,ACL,1,0
2022.acl-long.164,2022,ACL,0,0
2022.acl-long.165,2022,ACL,0,0
2022.acl-long.166,2022,ACL,1,1
2022.acl-long.167,2022,ACL,0,0
2022.acl-long.168,2022,ACL,1,1
2022.acl-long.169,2022,ACL,1,1
2022.acl-long.17,2022,ACL,1,1
2022.acl-long.170,2022,ACL,1,1
2022.acl-long.171,2022,ACL,1,0
2022.acl-long.172,2022,ACL,0,0
2022.acl-long.173,2022,ACL,0,0
2022.acl-long.174,2022,ACL,0,0
2022.acl-long.175,2022,ACL,1,1
2022.acl-long.176,2022,ACL,0,0
2022.acl-long.177,2022,ACL,1,1
2022.acl-long.178,2022,ACL,0,0
2022.acl-long.179,2022,ACL,1,0
2022.acl-long.18,2022,ACL,0,0
2022.acl-long.180,2022,ACL,0,0
2022.acl-long.181,2022,ACL,1,1
2022.acl-long.182,2022,ACL,1,1
2022.acl-long.183,2022,ACL,0,0
2022.acl-long.184,2022,ACL,0,0
2022.acl-long.185,2022,ACL,0,0
2022.acl-long.186,2022,ACL,1,1
2022.acl-long.187,2022,ACL,1,0
2022.acl-long.188,2022,ACL,1,0
2022.acl-long.189,2022,ACL,0,0
2022.acl-long.19,2022,ACL,0,0
2022.acl-long.190,2022,ACL,1,0
2022.acl-long.191,2022,ACL,0,0
2022.acl-long.192,2022,ACL,0,0
2022.acl-long.193,2022,ACL,1,1
2022.acl-long.194,2022,ACL,1,1
2022.acl-long.195,2022,ACL,1,1
2022.acl-long.196,2022,ACL,0,0
2022.acl-long.197,2022,ACL,0,0
2022.acl-long.198,2022,ACL,0,0
2022.acl-long.199,2022,ACL,0,0
2022.acl-long.2,2022,ACL,0,0
2022.acl-long.20,2022,ACL,1,0
2022.acl-long.200,2022,ACL,1,1
2022.acl-long.201,2022,ACL,1,0
2022.acl-long.202,2022,ACL,1,1
2022.acl-long.203,2022,ACL,1,1
2022.acl-long.204,2022,ACL,1,1
2022.acl-long.205,2022,ACL,1,0
2022.acl-long.206,2022,ACL,1,1
2022.acl-long.207,2022,ACL,1,1
2022.acl-long.208,2022,ACL,1,0
2022.acl-long.209,2022,ACL,1,1
2022.acl-long.21,2022,ACL,1,1
2022.acl-long.210,2022,ACL,1,1
2022.acl-long.211,2022,ACL,0,0
2022.acl-long.212,2022,ACL,0,0
2022.acl-long.213,2022,ACL,0,0
2022.acl-long.214,2022,ACL,0,0
2022.acl-long.215,2022,ACL,1,1
2022.acl-long.216,2022,ACL,0,0
2022.acl-long.217,2022,ACL,0,0
2022.acl-long.218,2022,ACL,0,0
2022.acl-long.219,2022,ACL,0,0
2022.acl-long.22,2022,ACL,0,0
2022.acl-long.220,2022,ACL,0,0
2022.acl-long.221,2022,ACL,0,0
2022.acl-long.222,2022,ACL,1,1
2022.acl-long.223,2022,ACL,0,0
2022.acl-long.224,2022,ACL,0,0
2022.acl-long.225,2022,ACL,1,0
2022.acl-long.226,2022,ACL,0,0
2022.acl-long.227,2022,ACL,0,0
2022.acl-long.228,2022,ACL,0,0
2022.acl-long.229,2022,ACL,0,0
2022.acl-long.23,2022,ACL,0,0
2022.acl-long.230,2022,ACL,0,0
2022.acl-long.231,2022,ACL,0,0
2022.acl-long.232,2022,ACL,0,0
2022.acl-long.233,2022,ACL,0,0
2022.acl-long.234,2022,ACL,0,0
2022.acl-long.235,2022,ACL,0,0
2022.acl-long.236,2022,ACL,1,1
2022.acl-long.237,2022,ACL,0,0
2022.acl-long.238,2022,ACL,1,1
2022.acl-long.239,2022,ACL,0,0
2022.acl-long.24,2022,ACL,0,0
2022.acl-long.240,2022,ACL,0,0
2022.acl-long.241,2022,ACL,0,0
2022.acl-long.242,2022,ACL,1,1
2022.acl-long.243,2022,ACL,0,0
2022.acl-long.244,2022,ACL,1,1
2022.acl-long.245,2022,ACL,0,0
2022.acl-long.246,2022,ACL,1,0
2022.acl-long.247,2022,ACL,1,1
2022.acl-long.248,2022,ACL,1,0
2022.acl-long.249,2022,ACL,0,0
2022.acl-long.25,2022,ACL,1,1
2022.acl-long.250,2022,ACL,1,1
2022.acl-long.251,2022,ACL,1,1
2022.acl-long.252,2022,ACL,0,0
2022.acl-long.253,2022,ACL,0,0
2022.acl-long.254,2022,ACL,1,1
2022.acl-long.255,2022,ACL,1,0
2022.acl-long.256,2022,ACL,0,0
2022.acl-long.257,2022,ACL,0,0
2022.acl-long.258,2022,ACL,0,0
2022.acl-long.259,2022,ACL,0,0
2022.acl-long.26,2022,ACL,1,1
2022.acl-long.260,2022,ACL,0,0
2022.acl-long.261,2022,ACL,0,0
2022.acl-long.262,2022,ACL,0,0
2022.acl-long.263,2022,ACL,1,1
2022.acl-long.264,2022,ACL,0,0
2022.acl-long.265,2022,ACL,0,0
2022.acl-long.266,2022,ACL,0,0
2022.acl-long.267,2022,ACL,0,0
2022.acl-long.268,2022,ACL,0,0
2022.acl-long.269,2022,ACL,0,0
2022.acl-long.27,2022,ACL,1,1
2022.acl-long.270,2022,ACL,0,0
2022.acl-long.271,2022,ACL,1,1
2022.acl-long.272,2022,ACL,0,0
2022.acl-long.273,2022,ACL,0,0
2022.acl-long.274,2022,ACL,0,0
2022.acl-long.275,2022,ACL,0,0
2022.acl-long.276,2022,ACL,1,1
2022.acl-long.277,2022,ACL,1,1
2022.acl-long.278,2022,ACL,0,0
2022.acl-long.279,2022,ACL,1,1
2022.acl-long.28,2022,ACL,1,1
2022.acl-long.280,2022,ACL,1,1
2022.acl-long.281,2022,ACL,0,0
2022.acl-long.282,2022,ACL,0,0
2022.acl-long.283,2022,ACL,0,0
2022.acl-long.284,2022,ACL,0,0
2022.acl-long.285,2022,ACL,1,1
2022.acl-long.286,2022,ACL,1,1
2022.acl-long.287,2022,ACL,0,0
2022.acl-long.288,2022,ACL,0,0
2022.acl-long.289,2022,ACL,0,0
2022.acl-long.29,2022,ACL,0,0
2022.acl-long.290,2022,ACL,1,1
2022.acl-long.291,2022,ACL,1,1
2022.acl-long.292,2022,ACL,1,1
2022.acl-long.293,2022,ACL,0,0
2022.acl-long.294,2022,ACL,0,0
2022.acl-long.295,2022,ACL,1,1
2022.acl-long.296,2022,ACL,0,0
2022.acl-long.297,2022,ACL,0,0
2022.acl-long.298,2022,ACL,0,0
2022.acl-long.299,2022,ACL,1,1
2022.acl-long.3,2022,ACL,1,1
2022.acl-long.30,2022,ACL,0,0
2022.acl-long.300,2022,ACL,1,1
2022.acl-long.301,2022,ACL,0,0
2022.acl-long.302,2022,ACL,0,0
2022.acl-long.303,2022,ACL,1,1
2022.acl-long.304,2022,ACL,1,0
2022.acl-long.305,2022,ACL,1,1
2022.acl-long.306,2022,ACL,0,0
2022.acl-long.307,2022,ACL,0,0
2022.acl-long.308,2022,ACL,1,1
2022.acl-long.309,2022,ACL,1,1
2022.acl-long.31,2022,ACL,1,1
2022.acl-long.310,2022,ACL,1,1
2022.acl-long.311,2022,ACL,0,0
2022.acl-long.312,2022,ACL,1,1
2022.acl-long.313,2022,ACL,0,0
2022.acl-long.314,2022,ACL,0,0
2022.acl-long.315,2022,ACL,0,0
2022.acl-long.316,2022,ACL,0,0
2022.acl-long.317,2022,ACL,0,0
2022.acl-long.318,2022,ACL,0,0
2022.acl-long.319,2022,ACL,1,1
2022.acl-long.32,2022,ACL,0,0
2022.acl-long.320,2022,ACL,0,0
2022.acl-long.321,2022,ACL,1,0
2022.acl-long.322,2022,ACL,1,1
2022.acl-long.323,2022,ACL,1,0
2022.acl-long.324,2022,ACL,0,0
2022.acl-long.325,2022,ACL,0,0
2022.acl-long.326,2022,ACL,1,0
2022.acl-long.327,2022,ACL,0,0
2022.acl-long.328,2022,ACL,0,0
2022.acl-long.329,2022,ACL,1,1
2022.acl-long.33,2022,ACL,0,0
2022.acl-long.330,2022,ACL,1,1
2022.acl-long.331,2022,ACL,1,1
2022.acl-long.332,2022,ACL,1,1
2022.acl-long.333,2022,ACL,1,1
2022.acl-long.334,2022,ACL,1,1
2022.acl-long.335,2022,ACL,0,0
2022.acl-long.336,2022,ACL,0,0
2022.acl-long.337,2022,ACL,1,1
2022.acl-long.338,2022,ACL,0,0
2022.acl-long.339,2022,ACL,1,0
2022.acl-long.34,2022,ACL,0,0
2022.acl-long.340,2022,ACL,1,1
2022.acl-long.341,2022,ACL,0,0
2022.acl-long.342,2022,ACL,0,0
2022.acl-long.343,2022,ACL,0,0
2022.acl-long.344,2022,ACL,1,1
2022.acl-long.345,2022,ACL,0,0
2022.acl-long.346,2022,ACL,0,0
2022.acl-long.347,2022,ACL,1,1
2022.acl-long.348,2022,ACL,1,1
2022.acl-long.349,2022,ACL,1,1
2022.acl-long.35,2022,ACL,0,0
2022.acl-long.350,2022,ACL,0,0
2022.acl-long.351,2022,ACL,1,1
2022.acl-long.352,2022,ACL,1,0
2022.acl-long.353,2022,ACL,1,1
2022.acl-long.354,2022,ACL,1,1
2022.acl-long.355,2022,ACL,1,1
2022.acl-long.356,2022,ACL,1,1
2022.acl-long.357,2022,ACL,1,0
2022.acl-long.358,2022,ACL,1,0
2022.acl-long.359,2022,ACL,0,0
2022.acl-long.36,2022,ACL,0,0
2022.acl-long.360,2022,ACL,1,1
2022.acl-long.361,2022,ACL,0,0
2022.acl-long.362,2022,ACL,0,0
2022.acl-long.363,2022,ACL,0,0
2022.acl-long.364,2022,ACL,1,0
2022.acl-long.365,2022,ACL,0,0
2022.acl-long.366,2022,ACL,0,0
2022.acl-long.367,2022,ACL,1,0
2022.acl-long.368,2022,ACL,1,1
2022.acl-long.369,2022,ACL,0,0
2022.acl-long.37,2022,ACL,0,0
2022.acl-long.370,2022,ACL,1,1
2022.acl-long.371,2022,ACL,0,0
2022.acl-long.372,2022,ACL,0,0
2022.acl-long.373,2022,ACL,0,0
2022.acl-long.374,2022,ACL,0,0
2022.acl-long.375,2022,ACL,1,1
2022.acl-long.376,2022,ACL,0,0
2022.acl-long.377,2022,ACL,0,0
2022.acl-long.378,2022,ACL,1,1
2022.acl-long.379,2022,ACL,0,0
2022.acl-long.38,2022,ACL,0,0
2022.acl-long.380,2022,ACL,0,0
2022.acl-long.381,2022,ACL,0,0
2022.acl-long.382,2022,ACL,1,0
2022.acl-long.383,2022,ACL,1,1
2022.acl-long.384,2022,ACL,1,1
2022.acl-long.385,2022,ACL,0,0
2022.acl-long.386,2022,ACL,1,1
2022.acl-long.387,2022,ACL,0,0
2022.acl-long.388,2022,ACL,0,0
2022.acl-long.389,2022,ACL,1,1
2022.acl-long.39,2022,ACL,0,0
2022.acl-long.390,2022,ACL,1,1
2022.acl-long.391,2022,ACL,0,0
2022.acl-long.392,2022,ACL,0,0
2022.acl-long.393,2022,ACL,1,1
2022.acl-long.394,2022,ACL,0,0
2022.acl-long.395,2022,ACL,1,1
2022.acl-long.396,2022,ACL,0,0
2022.acl-long.397,2022,ACL,1,1
2022.acl-long.398,2022,ACL,1,0
2022.acl-long.399,2022,ACL,0,0
2022.acl-long.4,2022,ACL,1,1
2022.acl-long.40,2022,ACL,0,0
2022.acl-long.400,2022,ACL,1,1
2022.acl-long.401,2022,ACL,0,0
2022.acl-long.402,2022,ACL,0,0
2022.acl-long.403,2022,ACL,0,0
2022.acl-long.404,2022,ACL,0,0
2022.acl-long.405,2022,ACL,1,1
2022.acl-long.406,2022,ACL,1,1
2022.acl-long.407,2022,ACL,0,0
2022.acl-long.408,2022,ACL,0,0
2022.acl-long.409,2022,ACL,1,1
2022.acl-long.41,2022,ACL,0,0
2022.acl-long.410,2022,ACL,1,0
2022.acl-long.411,2022,ACL,0,0
2022.acl-long.412,2022,ACL,1,1
2022.acl-long.413,2022,ACL,0,0
2022.acl-long.414,2022,ACL,1,1
2022.acl-long.415,2022,ACL,0,0
2022.acl-long.416,2022,ACL,1,1
2022.acl-long.417,2022,ACL,0,0
2022.acl-long.418,2022,ACL,0,0
2022.acl-long.419,2022,ACL,0,0
2022.acl-long.42,2022,ACL,1,1
2022.acl-long.420,2022,ACL,1,1
2022.acl-long.421,2022,ACL,0,0
2022.acl-long.422,2022,ACL,0,0
2022.acl-long.423,2022,ACL,0,0
2022.acl-long.424,2022,ACL,1,1
2022.acl-long.425,2022,ACL,0,0
2022.acl-long.426,2022,ACL,0,0
2022.acl-long.427,2022,ACL,1,1
2022.acl-long.428,2022,ACL,0,0
2022.acl-long.429,2022,ACL,0,0
2022.acl-long.43,2022,ACL,1,0
2022.acl-long.430,2022,ACL,0,0
2022.acl-long.431,2022,ACL,0,0
2022.acl-long.432,2022,ACL,0,0
2022.acl-long.433,2022,ACL,0,0
2022.acl-long.434,2022,ACL,0,0
2022.acl-long.435,2022,ACL,1,1
2022.acl-long.436,2022,ACL,1,1
2022.acl-long.437,2022,ACL,1,1
2022.acl-long.438,2022,ACL,0,0
2022.acl-long.439,2022,ACL,1,1
2022.acl-long.44,2022,ACL,0,0
2022.acl-long.440,2022,ACL,0,0
2022.acl-long.441,2022,ACL,1,1
2022.acl-long.442,2022,ACL,1,1
2022.acl-long.443,2022,ACL,0,0
2022.acl-long.444,2022,ACL,1,0
2022.acl-long.445,2022,ACL,0,0
2022.acl-long.446,2022,ACL,1,1
2022.acl-long.447,2022,ACL,0,0
2022.acl-long.448,2022,ACL,0,0
2022.acl-long.449,2022,ACL,0,0
2022.acl-long.45,2022,ACL,1,1
2022.acl-long.450,2022,ACL,1,1
2022.acl-long.451,2022,ACL,1,1
2022.acl-long.452,2022,ACL,0,0
2022.acl-long.453,2022,ACL,1,0
2022.acl-long.454,2022,ACL,0,0
2022.acl-long.455,2022,ACL,0,0
2022.acl-long.456,2022,ACL,0,0
2022.acl-long.457,2022,ACL,0,0
2022.acl-long.458,2022,ACL,0,0
2022.acl-long.459,2022,ACL,1,0
2022.acl-long.46,2022,ACL,0,0
2022.acl-long.460,2022,ACL,1,1
2022.acl-long.461,2022,ACL,0,0
2022.acl-long.462,2022,ACL,0,0
2022.acl-long.463,2022,ACL,0,0
2022.acl-long.464,2022,ACL,0,0
2022.acl-long.465,2022,ACL,0,0
2022.acl-long.466,2022,ACL,1,1
2022.acl-long.467,2022,ACL,0,0
2022.acl-long.468,2022,ACL,1,1
2022.acl-long.469,2022,ACL,0,0
2022.acl-long.47,2022,ACL,0,0
2022.acl-long.470,2022,ACL,0,0
2022.acl-long.471,2022,ACL,0,0
2022.acl-long.472,2022,ACL,1,1
2022.acl-long.473,2022,ACL,0,0
2022.acl-long.474,2022,ACL,1,1
2022.acl-long.475,2022,ACL,0,0
2022.acl-long.476,2022,ACL,0,0
2022.acl-long.477,2022,ACL,1,1
2022.acl-long.478,2022,ACL,1,1
2022.acl-long.479,2022,ACL,0,0
2022.acl-long.48,2022,ACL,1,1
2022.acl-long.480,2022,ACL,1,1
2022.acl-long.481,2022,ACL,0,0
2022.acl-long.482,2022,ACL,0,0
2022.acl-long.483,2022,ACL,0,0
2022.acl-long.484,2022,ACL,1,0
2022.acl-long.485,2022,ACL,1,1
2022.acl-long.486,2022,ACL,1,1
2022.acl-long.487,2022,ACL,1,1
2022.acl-long.488,2022,ACL,0,0
2022.acl-long.489,2022,ACL,1,0
2022.acl-long.49,2022,ACL,1,0
2022.acl-long.490,2022,ACL,0,0
2022.acl-long.491,2022,ACL,0,0
2022.acl-long.492,2022,ACL,0,0
2022.acl-long.493,2022,ACL,1,1
2022.acl-long.494,2022,ACL,1,0
2022.acl-long.495,2022,ACL,1,0
2022.acl-long.496,2022,ACL,1,1
2022.acl-long.497,2022,ACL,1,0
2022.acl-long.498,2022,ACL,0,0
2022.acl-long.499,2022,ACL,1,1
2022.acl-long.5,2022,ACL,1,1
2022.acl-long.50,2022,ACL,1,1
2022.acl-long.500,2022,ACL,0,0
2022.acl-long.501,2022,ACL,0,0
2022.acl-long.502,2022,ACL,0,0
2022.acl-long.503,2022,ACL,0,0
2022.acl-long.504,2022,ACL,1,0
2022.acl-long.505,2022,ACL,1,1
2022.acl-long.506,2022,ACL,0,0
2022.acl-long.507,2022,ACL,1,1
2022.acl-long.508,2022,ACL,0,0
2022.acl-long.509,2022,ACL,0,0
2022.acl-long.51,2022,ACL,0,0
2022.acl-long.510,2022,ACL,0,0
2022.acl-long.511,2022,ACL,1,1
2022.acl-long.512,2022,ACL,0,0
2022.acl-long.513,2022,ACL,0,0
2022.acl-long.514,2022,ACL,0,0
2022.acl-long.515,2022,ACL,1,1
2022.acl-long.516,2022,ACL,0,0
2022.acl-long.517,2022,ACL,0,0
2022.acl-long.518,2022,ACL,0,0
2022.acl-long.519,2022,ACL,1,1
2022.acl-long.52,2022,ACL,0,0
2022.acl-long.520,2022,ACL,1,0
2022.acl-long.521,2022,ACL,0,0
2022.acl-long.522,2022,ACL,1,0
2022.acl-long.523,2022,ACL,0,0
2022.acl-long.524,2022,ACL,0,0
2022.acl-long.525,2022,ACL,1,1
2022.acl-long.526,2022,ACL,1,1
2022.acl-long.527,2022,ACL,0,0
2022.acl-long.528,2022,ACL,1,1
2022.acl-long.529,2022,ACL,0,0
2022.acl-long.53,2022,ACL,0,0
2022.acl-long.530,2022,ACL,0,0
2022.acl-long.531,2022,ACL,0,0
2022.acl-long.532,2022,ACL,1,1
2022.acl-long.533,2022,ACL,0,0
2022.acl-long.534,2022,ACL,1,1
2022.acl-long.535,2022,ACL,1,1
2022.acl-long.536,2022,ACL,0,0
2022.acl-long.537,2022,ACL,1,0
2022.acl-long.538,2022,ACL,1,1
2022.acl-long.539,2022,ACL,0,0
2022.acl-long.54,2022,ACL,0,0
2022.acl-long.540,2022,ACL,0,0
2022.acl-long.541,2022,ACL,0,0
2022.acl-long.542,2022,ACL,0,0
2022.acl-long.543,2022,ACL,0,0
2022.acl-long.544,2022,ACL,0,0
2022.acl-long.545,2022,ACL,1,0
2022.acl-long.546,2022,ACL,1,1
2022.acl-long.547,2022,ACL,0,0
2022.acl-long.548,2022,ACL,0,0
2022.acl-long.549,2022,ACL,1,1
2022.acl-long.55,2022,ACL,1,1
2022.acl-long.550,2022,ACL,1,0
2022.acl-long.551,2022,ACL,1,1
2022.acl-long.552,2022,ACL,1,0
2022.acl-long.553,2022,ACL,0,0
2022.acl-long.554,2022,ACL,1,0
2022.acl-long.555,2022,ACL,0,0
2022.acl-long.556,2022,ACL,0,0
2022.acl-long.557,2022,ACL,0,0
2022.acl-long.558,2022,ACL,1,1
2022.acl-long.559,2022,ACL,0,0
2022.acl-long.56,2022,ACL,1,0
2022.acl-long.560,2022,ACL,1,1
2022.acl-long.561,2022,ACL,0,0
2022.acl-long.562,2022,ACL,1,1
2022.acl-long.563,2022,ACL,0,0
2022.acl-long.564,2022,ACL,1,1
2022.acl-long.565,2022,ACL,0,0
2022.acl-long.566,2022,ACL,1,0
2022.acl-long.567,2022,ACL,0,0
2022.acl-long.568,2022,ACL,0,0
2022.acl-long.569,2022,ACL,1,0
2022.acl-long.57,2022,ACL,1,1
2022.acl-long.570,2022,ACL,0,0
2022.acl-long.571,2022,ACL,0,0
2022.acl-long.572,2022,ACL,1,0
2022.acl-long.573,2022,ACL,0,0
2022.acl-long.574,2022,ACL,1,1
2022.acl-long.575,2022,ACL,0,0
2022.acl-long.576,2022,ACL,1,1
2022.acl-long.577,2022,ACL,0,0
2022.acl-long.578,2022,ACL,0,0
2022.acl-long.579,2022,ACL,0,0
2022.acl-long.58,2022,ACL,1,0
2022.acl-long.580,2022,ACL,1,0
2022.acl-long.581,2022,ACL,1,0
2022.acl-long.582,2022,ACL,1,1
2022.acl-long.583,2022,ACL,0,0
2022.acl-long.584,2022,ACL,1,0
2022.acl-long.585,2022,ACL,0,0
2022.acl-long.586,2022,ACL,0,0
2022.acl-long.587,2022,ACL,1,1
2022.acl-long.588,2022,ACL,1,1
2022.acl-long.589,2022,ACL,0,0
2022.acl-long.59,2022,ACL,0,0
2022.acl-long.590,2022,ACL,1,1
2022.acl-long.591,2022,ACL,0,0
2022.acl-long.592,2022,ACL,1,1
2022.acl-long.593,2022,ACL,0,0
2022.acl-long.594,2022,ACL,1,0
2022.acl-long.595,2022,ACL,0,0
2022.acl-long.596,2022,ACL,0,0
2022.acl-long.597,2022,ACL,0,0
2022.acl-long.598,2022,ACL,0,0
2022.acl-long.599,2022,ACL,0,0
2022.acl-long.6,2022,ACL,0,0
2022.acl-long.60,2022,ACL,0,0
2022.acl-long.600,2022,ACL,0,0
2022.acl-long.601,2022,ACL,0,0
2022.acl-long.602,2022,ACL,1,0
2022.acl-long.603,2022,ACL,0,0
2022.acl-long.61,2022,ACL,0,0
2022.acl-long.62,2022,ACL,0,0
2022.acl-long.63,2022,ACL,1,0
2022.acl-long.64,2022,ACL,0,0
2022.acl-long.65,2022,ACL,1,1
2022.acl-long.66,2022,ACL,1,1
2022.acl-long.67,2022,ACL,1,1
2022.acl-long.68,2022,ACL,0,0
2022.acl-long.69,2022,ACL,1,1
2022.acl-long.7,2022,ACL,0,0
2022.acl-long.70,2022,ACL,0,0
2022.acl-long.71,2022,ACL,0,0
2022.acl-long.72,2022,ACL,1,1
2022.acl-long.73,2022,ACL,0,0
2022.acl-long.74,2022,ACL,0,0
2022.acl-long.75,2022,ACL,1,0
2022.acl-long.76,2022,ACL,1,1
2022.acl-long.77,2022,ACL,1,0
2022.acl-long.78,2022,ACL,1,1
2022.acl-long.79,2022,ACL,0,0
2022.acl-long.8,2022,ACL,0,0
2022.acl-long.80,2022,ACL,0,0
2022.acl-long.81,2022,ACL,0,0
2022.acl-long.82,2022,ACL,1,1
2022.acl-long.83,2022,ACL,1,0
2022.acl-long.84,2022,ACL,0,0
2022.acl-long.85,2022,ACL,1,1
2022.acl-long.86,2022,ACL,1,1
2022.acl-long.87,2022,ACL,1,0
2022.acl-long.88,2022,ACL,0,0
2022.acl-long.89,2022,ACL,0,0
2022.acl-long.9,2022,ACL,0,0
2022.acl-long.90,2022,ACL,1,1
2022.acl-long.91,2022,ACL,1,1
2022.acl-long.92,2022,ACL,0,0
2022.acl-long.93,2022,ACL,1,1
2022.acl-long.94,2022,ACL,0,0
2022.acl-long.95,2022,ACL,0,0
2022.acl-long.96,2022,ACL,0,0
2022.acl-long.97,2022,ACL,1,0
2022.acl-long.98,2022,ACL,1,0
2022.acl-long.99,2022,ACL,0,0
2022.emnlp-main.1,2022,EMNLP,0,0
2022.emnlp-main.10,2022,EMNLP,0,0
2022.emnlp-main.100,2022,EMNLP,0,0
2022.emnlp-main.101,2022,EMNLP,1,0
2022.emnlp-main.102,2022,EMNLP,1,0
2022.emnlp-main.103,2022,EMNLP,1,1
2022.emnlp-main.104,2022,EMNLP,0,0
2022.emnlp-main.105,2022,EMNLP,1,1
2022.emnlp-main.106,2022,EMNLP,1,1
2022.emnlp-main.107,2022,EMNLP,1,1
2022.emnlp-main.108,2022,EMNLP,1,1
2022.emnlp-main.109,2022,EMNLP,0,0
2022.emnlp-main.11,2022,EMNLP,1,1
2022.emnlp-main.110,2022,EMNLP,1,0
2022.emnlp-main.111,2022,EMNLP,0,0
2022.emnlp-main.112,2022,EMNLP,1,1
2022.emnlp-main.113,2022,EMNLP,1,1
2022.emnlp-main.114,2022,EMNLP,1,1
2022.emnlp-main.115,2022,EMNLP,1,1
2022.emnlp-main.116,2022,EMNLP,1,0
2022.emnlp-main.117,2022,EMNLP,1,1
2022.emnlp-main.118,2022,EMNLP,0,0
2022.emnlp-main.119,2022,EMNLP,1,1
2022.emnlp-main.12,2022,EMNLP,1,0
2022.emnlp-main.120,2022,EMNLP,1,1
2022.emnlp-main.121,2022,EMNLP,0,0
2022.emnlp-main.122,2022,EMNLP,1,0
2022.emnlp-main.123,2022,EMNLP,1,0
2022.emnlp-main.124,2022,EMNLP,0,0
2022.emnlp-main.125,2022,EMNLP,1,1
2022.emnlp-main.126,2022,EMNLP,0,0
2022.emnlp-main.127,2022,EMNLP,0,0
2022.emnlp-main.128,2022,EMNLP,0,0
2022.emnlp-main.129,2022,EMNLP,1,1
2022.emnlp-main.13,2022,EMNLP,0,0
2022.emnlp-main.130,2022,EMNLP,1,1
2022.emnlp-main.131,2022,EMNLP,1,1
2022.emnlp-main.132,2022,EMNLP,0,0
2022.emnlp-main.133,2022,EMNLP,0,0
2022.emnlp-main.134,2022,EMNLP,1,1
2022.emnlp-main.135,2022,EMNLP,0,0
2022.emnlp-main.136,2022,EMNLP,0,0
2022.emnlp-main.137,2022,EMNLP,1,0
2022.emnlp-main.138,2022,EMNLP,0,0
2022.emnlp-main.139,2022,EMNLP,0,0
2022.emnlp-main.14,2022,EMNLP,1,1
2022.emnlp-main.140,2022,EMNLP,1,1
2022.emnlp-main.141,2022,EMNLP,1,1
2022.emnlp-main.142,2022,EMNLP,0,0
2022.emnlp-main.143,2022,EMNLP,1,1
2022.emnlp-main.144,2022,EMNLP,1,0
2022.emnlp-main.145,2022,EMNLP,1,1
2022.emnlp-main.146,2022,EMNLP,1,0
2022.emnlp-main.147,2022,EMNLP,0,0
2022.emnlp-main.148,2022,EMNLP,1,0
2022.emnlp-main.149,2022,EMNLP,1,1
2022.emnlp-main.15,2022,EMNLP,1,1
2022.emnlp-main.150,2022,EMNLP,0,0
2022.emnlp-main.151,2022,EMNLP,1,1
2022.emnlp-main.152,2022,EMNLP,0,0
2022.emnlp-main.153,2022,EMNLP,1,1
2022.emnlp-main.154,2022,EMNLP,0,0
2022.emnlp-main.155,2022,EMNLP,0,0
2022.emnlp-main.156,2022,EMNLP,0,0
2022.emnlp-main.157,2022,EMNLP,1,1
2022.emnlp-main.158,2022,EMNLP,1,1
2022.emnlp-main.159,2022,EMNLP,1,1
2022.emnlp-main.16,2022,EMNLP,1,0
2022.emnlp-main.160,2022,EMNLP,0,0
2022.emnlp-main.161,2022,EMNLP,1,1
2022.emnlp-main.162,2022,EMNLP,1,1
2022.emnlp-main.163,2022,EMNLP,0,0
2022.emnlp-main.164,2022,EMNLP,0,0
2022.emnlp-main.165,2022,EMNLP,0,0
2022.emnlp-main.166,2022,EMNLP,1,1
2022.emnlp-main.167,2022,EMNLP,1,1
2022.emnlp-main.168,2022,EMNLP,0,0
2022.emnlp-main.169,2022,EMNLP,1,0
2022.emnlp-main.17,2022,EMNLP,0,0
2022.emnlp-main.170,2022,EMNLP,1,1
2022.emnlp-main.171,2022,EMNLP,1,1
2022.emnlp-main.172,2022,EMNLP,1,1
2022.emnlp-main.173,2022,EMNLP,0,0
2022.emnlp-main.174,2022,EMNLP,0,0
2022.emnlp-main.175,2022,EMNLP,1,1
2022.emnlp-main.176,2022,EMNLP,0,0
2022.emnlp-main.177,2022,EMNLP,0,0
2022.emnlp-main.178,2022,EMNLP,1,0
2022.emnlp-main.179,2022,EMNLP,1,1
2022.emnlp-main.18,2022,EMNLP,1,0
2022.emnlp-main.180,2022,EMNLP,0,0
2022.emnlp-main.181,2022,EMNLP,1,1
2022.emnlp-main.182,2022,EMNLP,0,0
2022.emnlp-main.183,2022,EMNLP,0,0
2022.emnlp-main.184,2022,EMNLP,1,1
2022.emnlp-main.185,2022,EMNLP,1,1
2022.emnlp-main.186,2022,EMNLP,0,0
2022.emnlp-main.187,2022,EMNLP,1,1
2022.emnlp-main.188,2022,EMNLP,1,1
2022.emnlp-main.189,2022,EMNLP,1,1
2022.emnlp-main.19,2022,EMNLP,0,0
2022.emnlp-main.190,2022,EMNLP,0,0
2022.emnlp-main.191,2022,EMNLP,1,1
2022.emnlp-main.192,2022,EMNLP,0,0
2022.emnlp-main.193,2022,EMNLP,0,0
2022.emnlp-main.194,2022,EMNLP,1,1
2022.emnlp-main.195,2022,EMNLP,1,1
2022.emnlp-main.196,2022,EMNLP,0,0
2022.emnlp-main.197,2022,EMNLP,1,1
2022.emnlp-main.198,2022,EMNLP,1,1
2022.emnlp-main.199,2022,EMNLP,1,0
2022.emnlp-main.2,2022,EMNLP,1,1
2022.emnlp-main.20,2022,EMNLP,0,0
2022.emnlp-main.200,2022,EMNLP,1,0
2022.emnlp-main.201,2022,EMNLP,1,1
2022.emnlp-main.202,2022,EMNLP,1,0
2022.emnlp-main.203,2022,EMNLP,1,1
2022.emnlp-main.204,2022,EMNLP,1,0
2022.emnlp-main.205,2022,EMNLP,1,1
2022.emnlp-main.206,2022,EMNLP,0,0
2022.emnlp-main.207,2022,EMNLP,1,1
2022.emnlp-main.208,2022,EMNLP,0,0
2022.emnlp-main.209,2022,EMNLP,1,0
2022.emnlp-main.21,2022,EMNLP,1,1
2022.emnlp-main.210,2022,EMNLP,1,1
2022.emnlp-main.211,2022,EMNLP,1,1
2022.emnlp-main.212,2022,EMNLP,1,0
2022.emnlp-main.213,2022,EMNLP,1,1
2022.emnlp-main.214,2022,EMNLP,0,0
2022.emnlp-main.215,2022,EMNLP,0,0
2022.emnlp-main.216,2022,EMNLP,1,0
2022.emnlp-main.217,2022,EMNLP,1,0
2022.emnlp-main.218,2022,EMNLP,0,0
2022.emnlp-main.219,2022,EMNLP,1,1
2022.emnlp-main.22,2022,EMNLP,1,1
2022.emnlp-main.220,2022,EMNLP,1,1
2022.emnlp-main.221,2022,EMNLP,0,0
2022.emnlp-main.222,2022,EMNLP,1,0
2022.emnlp-main.223,2022,EMNLP,1,1
2022.emnlp-main.224,2022,EMNLP,0,0
2022.emnlp-main.225,2022,EMNLP,0,0
2022.emnlp-main.226,2022,EMNLP,0,0
2022.emnlp-main.227,2022,EMNLP,1,1
2022.emnlp-main.228,2022,EMNLP,1,0
2022.emnlp-main.229,2022,EMNLP,1,1
2022.emnlp-main.23,2022,EMNLP,0,0
2022.emnlp-main.230,2022,EMNLP,1,0
2022.emnlp-main.231,2022,EMNLP,1,0
2022.emnlp-main.232,2022,EMNLP,0,0
2022.emnlp-main.233,2022,EMNLP,1,1
2022.emnlp-main.234,2022,EMNLP,1,1
2022.emnlp-main.235,2022,EMNLP,0,0
2022.emnlp-main.236,2022,EMNLP,1,0
2022.emnlp-main.237,2022,EMNLP,0,0
2022.emnlp-main.238,2022,EMNLP,0,0
2022.emnlp-main.239,2022,EMNLP,0,0
2022.emnlp-main.24,2022,EMNLP,1,1
2022.emnlp-main.240,2022,EMNLP,1,1
2022.emnlp-main.241,2022,EMNLP,1,0
2022.emnlp-main.242,2022,EMNLP,0,0
2022.emnlp-main.243,2022,EMNLP,0,0
2022.emnlp-main.244,2022,EMNLP,1,1
2022.emnlp-main.245,2022,EMNLP,1,1
2022.emnlp-main.246,2022,EMNLP,0,0
2022.emnlp-main.247,2022,EMNLP,1,1
2022.emnlp-main.248,2022,EMNLP,0,0
2022.emnlp-main.249,2022,EMNLP,1,1
2022.emnlp-main.25,2022,EMNLP,0,0
2022.emnlp-main.250,2022,EMNLP,1,1
2022.emnlp-main.251,2022,EMNLP,0,0
2022.emnlp-main.252,2022,EMNLP,0,0
2022.emnlp-main.253,2022,EMNLP,1,0
2022.emnlp-main.254,2022,EMNLP,1,1
2022.emnlp-main.255,2022,EMNLP,0,0
2022.emnlp-main.256,2022,EMNLP,0,0
2022.emnlp-main.257,2022,EMNLP,1,0
2022.emnlp-main.258,2022,EMNLP,1,1
2022.emnlp-main.259,2022,EMNLP,1,1
2022.emnlp-main.26,2022,EMNLP,1,0
2022.emnlp-main.260,2022,EMNLP,0,0
2022.emnlp-main.261,2022,EMNLP,1,0
2022.emnlp-main.262,2022,EMNLP,1,0
2022.emnlp-main.263,2022,EMNLP,0,0
2022.emnlp-main.264,2022,EMNLP,1,1
2022.emnlp-main.265,2022,EMNLP,1,1
2022.emnlp-main.266,2022,EMNLP,1,0
2022.emnlp-main.267,2022,EMNLP,1,1
2022.emnlp-main.268,2022,EMNLP,0,0
2022.emnlp-main.269,2022,EMNLP,0,0
2022.emnlp-main.27,2022,EMNLP,0,0
2022.emnlp-main.270,2022,EMNLP,1,1
2022.emnlp-main.271,2022,EMNLP,1,1
2022.emnlp-main.272,2022,EMNLP,1,0
2022.emnlp-main.273,2022,EMNLP,1,1
2022.emnlp-main.274,2022,EMNLP,0,0
2022.emnlp-main.275,2022,EMNLP,1,1
2022.emnlp-main.276,2022,EMNLP,1,1
2022.emnlp-main.277,2022,EMNLP,0,0
2022.emnlp-main.278,2022,EMNLP,1,1
2022.emnlp-main.279,2022,EMNLP,1,1
2022.emnlp-main.28,2022,EMNLP,1,0
2022.emnlp-main.280,2022,EMNLP,1,0
2022.emnlp-main.281,2022,EMNLP,0,0
2022.emnlp-main.282,2022,EMNLP,1,1
2022.emnlp-main.283,2022,EMNLP,1,1
2022.emnlp-main.284,2022,EMNLP,1,1
2022.emnlp-main.285,2022,EMNLP,1,1
2022.emnlp-main.286,2022,EMNLP,1,1
2022.emnlp-main.287,2022,EMNLP,1,1
2022.emnlp-main.288,2022,EMNLP,0,0
2022.emnlp-main.289,2022,EMNLP,1,1
2022.emnlp-main.29,2022,EMNLP,1,0
2022.emnlp-main.290,2022,EMNLP,1,0
2022.emnlp-main.291,2022,EMNLP,1,1
2022.emnlp-main.292,2022,EMNLP,1,1
2022.emnlp-main.293,2022,EMNLP,1,1
2022.emnlp-main.294,2022,EMNLP,1,1
2022.emnlp-main.295,2022,EMNLP,1,0
2022.emnlp-main.296,2022,EMNLP,0,0
2022.emnlp-main.297,2022,EMNLP,1,0
2022.emnlp-main.298,2022,EMNLP,1,0
2022.emnlp-main.299,2022,EMNLP,0,0
2022.emnlp-main.3,2022,EMNLP,0,0
2022.emnlp-main.30,2022,EMNLP,1,0
2022.emnlp-main.300,2022,EMNLP,1,1
2022.emnlp-main.301,2022,EMNLP,1,0
2022.emnlp-main.302,2022,EMNLP,0,0
2022.emnlp-main.303,2022,EMNLP,0,0
2022.emnlp-main.304,2022,EMNLP,1,1
2022.emnlp-main.305,2022,EMNLP,1,1
2022.emnlp-main.306,2022,EMNLP,1,1
2022.emnlp-main.307,2022,EMNLP,1,1
2022.emnlp-main.308,2022,EMNLP,0,0
2022.emnlp-main.309,2022,EMNLP,0,0
2022.emnlp-main.31,2022,EMNLP,1,0
2022.emnlp-main.310,2022,EMNLP,1,1
2022.emnlp-main.311,2022,EMNLP,1,1
2022.emnlp-main.312,2022,EMNLP,0,0
2022.emnlp-main.313,2022,EMNLP,0,0
2022.emnlp-main.314,2022,EMNLP,0,0
2022.emnlp-main.315,2022,EMNLP,1,0
2022.emnlp-main.316,2022,EMNLP,1,1
2022.emnlp-main.317,2022,EMNLP,0,0
2022.emnlp-main.318,2022,EMNLP,0,0
2022.emnlp-main.319,2022,EMNLP,1,0
2022.emnlp-main.32,2022,EMNLP,1,1
2022.emnlp-main.320,2022,EMNLP,0,0
2022.emnlp-main.321,2022,EMNLP,0,0
2022.emnlp-main.322,2022,EMNLP,0,0
2022.emnlp-main.323,2022,EMNLP,1,0
2022.emnlp-main.324,2022,EMNLP,1,1
2022.emnlp-main.325,2022,EMNLP,0,0
2022.emnlp-main.326,2022,EMNLP,1,1
2022.emnlp-main.327,2022,EMNLP,1,1
2022.emnlp-main.328,2022,EMNLP,1,1
2022.emnlp-main.329,2022,EMNLP,0,0
2022.emnlp-main.33,2022,EMNLP,1,1
2022.emnlp-main.330,2022,EMNLP,1,1
2022.emnlp-main.331,2022,EMNLP,1,1
2022.emnlp-main.332,2022,EMNLP,1,1
2022.emnlp-main.333,2022,EMNLP,0,0
2022.emnlp-main.334,2022,EMNLP,1,0
2022.emnlp-main.335,2022,EMNLP,1,0
2022.emnlp-main.336,2022,EMNLP,0,0
2022.emnlp-main.337,2022,EMNLP,1,0
2022.emnlp-main.338,2022,EMNLP,0,0
2022.emnlp-main.339,2022,EMNLP,0,0
2022.emnlp-main.34,2022,EMNLP,1,1
2022.emnlp-main.340,2022,EMNLP,1,1
2022.emnlp-main.341,2022,EMNLP,1,1
2022.emnlp-main.342,2022,EMNLP,1,1
2022.emnlp-main.343,2022,EMNLP,1,1
2022.emnlp-main.344,2022,EMNLP,1,1
2022.emnlp-main.345,2022,EMNLP,0,0
2022.emnlp-main.346,2022,EMNLP,1,1
2022.emnlp-main.347,2022,EMNLP,0,0
2022.emnlp-main.348,2022,EMNLP,0,0
2022.emnlp-main.349,2022,EMNLP,1,0
2022.emnlp-main.35,2022,EMNLP,1,1
2022.emnlp-main.350,2022,EMNLP,1,1
2022.emnlp-main.351,2022,EMNLP,0,0
2022.emnlp-main.352,2022,EMNLP,1,1
2022.emnlp-main.353,2022,EMNLP,0,0
2022.emnlp-main.354,2022,EMNLP,0,0
2022.emnlp-main.355,2022,EMNLP,1,1
2022.emnlp-main.356,2022,EMNLP,0,0
2022.emnlp-main.357,2022,EMNLP,1,1
2022.emnlp-main.358,2022,EMNLP,0,0
2022.emnlp-main.359,2022,EMNLP,0,0
2022.emnlp-main.36,2022,EMNLP,0,0
2022.emnlp-main.360,2022,EMNLP,1,1
2022.emnlp-main.361,2022,EMNLP,1,0
2022.emnlp-main.362,2022,EMNLP,1,1
2022.emnlp-main.363,2022,EMNLP,0,0
2022.emnlp-main.364,2022,EMNLP,0,0
2022.emnlp-main.365,2022,EMNLP,1,1
2022.emnlp-main.366,2022,EMNLP,1,1
2022.emnlp-main.367,2022,EMNLP,1,1
2022.emnlp-main.368,2022,EMNLP,1,1
2022.emnlp-main.369,2022,EMNLP,0,0
2022.emnlp-main.37,2022,EMNLP,0,0
2022.emnlp-main.370,2022,EMNLP,1,0
2022.emnlp-main.371,2022,EMNLP,0,0
2022.emnlp-main.372,2022,EMNLP,1,1
2022.emnlp-main.373,2022,EMNLP,1,1
2022.emnlp-main.374,2022,EMNLP,0,0
2022.emnlp-main.375,2022,EMNLP,0,0
2022.emnlp-main.376,2022,EMNLP,1,1
2022.emnlp-main.377,2022,EMNLP,1,1
2022.emnlp-main.378,2022,EMNLP,1,1
2022.emnlp-main.379,2022,EMNLP,0,0
2022.emnlp-main.38,2022,EMNLP,1,1
2022.emnlp-main.380,2022,EMNLP,0,0
2022.emnlp-main.381,2022,EMNLP,0,0
2022.emnlp-main.382,2022,EMNLP,1,1
2022.emnlp-main.383,2022,EMNLP,0,0
2022.emnlp-main.384,2022,EMNLP,0,0
2022.emnlp-main.385,2022,EMNLP,0,0
2022.emnlp-main.386,2022,EMNLP,1,0
2022.emnlp-main.387,2022,EMNLP,0,0
2022.emnlp-main.388,2022,EMNLP,1,0
2022.emnlp-main.389,2022,EMNLP,0,0
2022.emnlp-main.39,2022,EMNLP,0,0
2022.emnlp-main.390,2022,EMNLP,1,1
2022.emnlp-main.391,2022,EMNLP,1,1
2022.emnlp-main.392,2022,EMNLP,0,0
2022.emnlp-main.393,2022,EMNLP,1,1
2022.emnlp-main.394,2022,EMNLP,1,1
2022.emnlp-main.395,2022,EMNLP,1,1
2022.emnlp-main.396,2022,EMNLP,1,1
2022.emnlp-main.397,2022,EMNLP,1,0
2022.emnlp-main.398,2022,EMNLP,0,0
2022.emnlp-main.399,2022,EMNLP,0,0
2022.emnlp-main.4,2022,EMNLP,0,0
2022.emnlp-main.40,2022,EMNLP,0,0
2022.emnlp-main.400,2022,EMNLP,0,0
2022.emnlp-main.401,2022,EMNLP,0,0
2022.emnlp-main.402,2022,EMNLP,0,0
2022.emnlp-main.403,2022,EMNLP,1,1
2022.emnlp-main.404,2022,EMNLP,1,0
2022.emnlp-main.405,2022,EMNLP,1,0
2022.emnlp-main.406,2022,EMNLP,0,0
2022.emnlp-main.407,2022,EMNLP,0,0
2022.emnlp-main.408,2022,EMNLP,1,1
2022.emnlp-main.409,2022,EMNLP,1,1
2022.emnlp-main.41,2022,EMNLP,1,1
2022.emnlp-main.410,2022,EMNLP,0,0
2022.emnlp-main.411,2022,EMNLP,1,1
2022.emnlp-main.412,2022,EMNLP,0,0
2022.emnlp-main.413,2022,EMNLP,0,0
2022.emnlp-main.414,2022,EMNLP,0,0
2022.emnlp-main.415,2022,EMNLP,1,1
2022.emnlp-main.416,2022,EMNLP,1,1
2022.emnlp-main.417,2022,EMNLP,1,1
2022.emnlp-main.418,2022,EMNLP,1,1
2022.emnlp-main.419,2022,EMNLP,1,0
2022.emnlp-main.42,2022,EMNLP,1,1
2022.emnlp-main.420,2022,EMNLP,1,1
2022.emnlp-main.421,2022,EMNLP,1,0
2022.emnlp-main.422,2022,EMNLP,1,0
2022.emnlp-main.423,2022,EMNLP,1,1
2022.emnlp-main.424,2022,EMNLP,1,1
2022.emnlp-main.425,2022,EMNLP,0,0
2022.emnlp-main.426,2022,EMNLP,1,0
2022.emnlp-main.427,2022,EMNLP,1,1
2022.emnlp-main.428,2022,EMNLP,1,1
2022.emnlp-main.429,2022,EMNLP,0,0
2022.emnlp-main.43,2022,EMNLP,1,1
2022.emnlp-main.430,2022,EMNLP,0,0
2022.emnlp-main.431,2022,EMNLP,1,0
2022.emnlp-main.432,2022,EMNLP,0,0
2022.emnlp-main.433,2022,EMNLP,0,0
2022.emnlp-main.434,2022,EMNLP,0,0
2022.emnlp-main.435,2022,EMNLP,0,0
2022.emnlp-main.436,2022,EMNLP,1,0
2022.emnlp-main.437,2022,EMNLP,0,0
2022.emnlp-main.438,2022,EMNLP,1,1
2022.emnlp-main.439,2022,EMNLP,1,1
2022.emnlp-main.44,2022,EMNLP,0,0
2022.emnlp-main.440,2022,EMNLP,0,0
2022.emnlp-main.441,2022,EMNLP,1,0
2022.emnlp-main.442,2022,EMNLP,1,0
2022.emnlp-main.443,2022,EMNLP,0,0
2022.emnlp-main.444,2022,EMNLP,1,1
2022.emnlp-main.445,2022,EMNLP,1,1
2022.emnlp-main.446,2022,EMNLP,1,1
2022.emnlp-main.447,2022,EMNLP,0,0
2022.emnlp-main.448,2022,EMNLP,1,1
2022.emnlp-main.449,2022,EMNLP,0,0
2022.emnlp-main.45,2022,EMNLP,0,0
2022.emnlp-main.450,2022,EMNLP,1,0
2022.emnlp-main.451,2022,EMNLP,1,1
2022.emnlp-main.452,2022,EMNLP,0,0
2022.emnlp-main.453,2022,EMNLP,1,0
2022.emnlp-main.454,2022,EMNLP,0,0
2022.emnlp-main.455,2022,EMNLP,0,0
2022.emnlp-main.456,2022,EMNLP,1,1
2022.emnlp-main.457,2022,EMNLP,0,0
2022.emnlp-main.458,2022,EMNLP,1,1
2022.emnlp-main.459,2022,EMNLP,1,1
2022.emnlp-main.46,2022,EMNLP,1,1
2022.emnlp-main.460,2022,EMNLP,1,1
2022.emnlp-main.461,2022,EMNLP,1,1
2022.emnlp-main.462,2022,EMNLP,1,1
2022.emnlp-main.463,2022,EMNLP,1,1
2022.emnlp-main.464,2022,EMNLP,1,1
2022.emnlp-main.465,2022,EMNLP,1,1
2022.emnlp-main.466,2022,EMNLP,1,1
2022.emnlp-main.467,2022,EMNLP,0,0
2022.emnlp-main.468,2022,EMNLP,1,1
2022.emnlp-main.469,2022,EMNLP,1,1
2022.emnlp-main.47,2022,EMNLP,1,0
2022.emnlp-main.470,2022,EMNLP,0,0
2022.emnlp-main.471,2022,EMNLP,1,1
2022.emnlp-main.472,2022,EMNLP,0,0
2022.emnlp-main.473,2022,EMNLP,1,1
2022.emnlp-main.474,2022,EMNLP,1,1
2022.emnlp-main.475,2022,EMNLP,1,1
2022.emnlp-main.476,2022,EMNLP,1,0
2022.emnlp-main.477,2022,EMNLP,1,1
2022.emnlp-main.478,2022,EMNLP,0,0
2022.emnlp-main.479,2022,EMNLP,0,0
2022.emnlp-main.48,2022,EMNLP,0,0
2022.emnlp-main.480,2022,EMNLP,1,0
2022.emnlp-main.481,2022,EMNLP,0,0
2022.emnlp-main.482,2022,EMNLP,0,0
2022.emnlp-main.483,2022,EMNLP,1,1
2022.emnlp-main.484,2022,EMNLP,1,1
2022.emnlp-main.485,2022,EMNLP,1,0
2022.emnlp-main.486,2022,EMNLP,0,0
2022.emnlp-main.487,2022,EMNLP,1,0
2022.emnlp-main.488,2022,EMNLP,1,1
2022.emnlp-main.489,2022,EMNLP,1,1
2022.emnlp-main.49,2022,EMNLP,0,0
2022.emnlp-main.490,2022,EMNLP,1,1
2022.emnlp-main.491,2022,EMNLP,0,0
2022.emnlp-main.492,2022,EMNLP,0,0
2022.emnlp-main.493,2022,EMNLP,0,0
2022.emnlp-main.494,2022,EMNLP,1,1
2022.emnlp-main.495,2022,EMNLP,1,1
2022.emnlp-main.496,2022,EMNLP,0,0
2022.emnlp-main.497,2022,EMNLP,1,1
2022.emnlp-main.498,2022,EMNLP,1,1
2022.emnlp-main.499,2022,EMNLP,0,0
2022.emnlp-main.5,2022,EMNLP,1,1
2022.emnlp-main.50,2022,EMNLP,1,1
2022.emnlp-main.500,2022,EMNLP,1,1
2022.emnlp-main.501,2022,EMNLP,0,0
2022.emnlp-main.502,2022,EMNLP,1,1
2022.emnlp-main.503,2022,EMNLP,0,0
2022.emnlp-main.504,2022,EMNLP,0,0
2022.emnlp-main.505,2022,EMNLP,1,1
2022.emnlp-main.506,2022,EMNLP,1,0
2022.emnlp-main.507,2022,EMNLP,0,0
2022.emnlp-main.508,2022,EMNLP,1,1
2022.emnlp-main.509,2022,EMNLP,1,1
2022.emnlp-main.51,2022,EMNLP,0,0
2022.emnlp-main.510,2022,EMNLP,0,0
2022.emnlp-main.511,2022,EMNLP,1,1
2022.emnlp-main.512,2022,EMNLP,0,0
2022.emnlp-main.513,2022,EMNLP,1,1
2022.emnlp-main.514,2022,EMNLP,1,0
2022.emnlp-main.515,2022,EMNLP,1,1
2022.emnlp-main.516,2022,EMNLP,0,0
2022.emnlp-main.517,2022,EMNLP,0,0
2022.emnlp-main.518,2022,EMNLP,1,1
2022.emnlp-main.519,2022,EMNLP,1,1
2022.emnlp-main.52,2022,EMNLP,1,1
2022.emnlp-main.520,2022,EMNLP,1,1
2022.emnlp-main.521,2022,EMNLP,1,0
2022.emnlp-main.522,2022,EMNLP,0,0
2022.emnlp-main.523,2022,EMNLP,0,0
2022.emnlp-main.524,2022,EMNLP,0,0
2022.emnlp-main.525,2022,EMNLP,1,0
2022.emnlp-main.526,2022,EMNLP,1,1
2022.emnlp-main.527,2022,EMNLP,1,1
2022.emnlp-main.528,2022,EMNLP,0,0
2022.emnlp-main.529,2022,EMNLP,1,1
2022.emnlp-main.53,2022,EMNLP,1,1
2022.emnlp-main.530,2022,EMNLP,1,1
2022.emnlp-main.531,2022,EMNLP,0,0
2022.emnlp-main.532,2022,EMNLP,0,0
2022.emnlp-main.533,2022,EMNLP,0,0
2022.emnlp-main.534,2022,EMNLP,1,0
2022.emnlp-main.535,2022,EMNLP,0,0
2022.emnlp-main.536,2022,EMNLP,1,1
2022.emnlp-main.537,2022,EMNLP,1,1
2022.emnlp-main.538,2022,EMNLP,1,1
2022.emnlp-main.539,2022,EMNLP,0,0
2022.emnlp-main.54,2022,EMNLP,0,0
2022.emnlp-main.540,2022,EMNLP,0,0
2022.emnlp-main.541,2022,EMNLP,1,1
2022.emnlp-main.542,2022,EMNLP,1,1
2022.emnlp-main.543,2022,EMNLP,0,0
2022.emnlp-main.544,2022,EMNLP,0,0
2022.emnlp-main.545,2022,EMNLP,0,0
2022.emnlp-main.546,2022,EMNLP,1,1
2022.emnlp-main.547,2022,EMNLP,0,0
2022.emnlp-main.548,2022,EMNLP,1,1
2022.emnlp-main.549,2022,EMNLP,0,0
2022.emnlp-main.55,2022,EMNLP,0,0
2022.emnlp-main.550,2022,EMNLP,1,1
2022.emnlp-main.551,2022,EMNLP,1,1
2022.emnlp-main.552,2022,EMNLP,0,0
2022.emnlp-main.553,2022,EMNLP,0,0
2022.emnlp-main.554,2022,EMNLP,0,0
2022.emnlp-main.555,2022,EMNLP,1,1
2022.emnlp-main.556,2022,EMNLP,1,1
2022.emnlp-main.557,2022,EMNLP,1,1
2022.emnlp-main.558,2022,EMNLP,0,0
2022.emnlp-main.559,2022,EMNLP,0,0
2022.emnlp-main.56,2022,EMNLP,0,0
2022.emnlp-main.560,2022,EMNLP,1,1
2022.emnlp-main.561,2022,EMNLP,0,0
2022.emnlp-main.562,2022,EMNLP,0,0
2022.emnlp-main.563,2022,EMNLP,0,0
2022.emnlp-main.564,2022,EMNLP,1,1
2022.emnlp-main.565,2022,EMNLP,1,1
2022.emnlp-main.566,2022,EMNLP,0,0
2022.emnlp-main.567,2022,EMNLP,0,0
2022.emnlp-main.568,2022,EMNLP,0,0
2022.emnlp-main.569,2022,EMNLP,1,1
2022.emnlp-main.57,2022,EMNLP,0,0
2022.emnlp-main.570,2022,EMNLP,1,1
2022.emnlp-main.571,2022,EMNLP,1,1
2022.emnlp-main.572,2022,EMNLP,1,0
2022.emnlp-main.573,2022,EMNLP,0,0
2022.emnlp-main.574,2022,EMNLP,1,1
2022.emnlp-main.575,2022,EMNLP,0,0
2022.emnlp-main.576,2022,EMNLP,1,0
2022.emnlp-main.577,2022,EMNLP,1,1
2022.emnlp-main.578,2022,EMNLP,0,0
2022.emnlp-main.579,2022,EMNLP,1,1
2022.emnlp-main.58,2022,EMNLP,1,0
2022.emnlp-main.580,2022,EMNLP,0,0
2022.emnlp-main.581,2022,EMNLP,1,1
2022.emnlp-main.582,2022,EMNLP,0,0
2022.emnlp-main.583,2022,EMNLP,1,1
2022.emnlp-main.584,2022,EMNLP,1,1
2022.emnlp-main.585,2022,EMNLP,0,0
2022.emnlp-main.586,2022,EMNLP,1,0
2022.emnlp-main.587,2022,EMNLP,0,0
2022.emnlp-main.588,2022,EMNLP,0,0
2022.emnlp-main.589,2022,EMNLP,0,0
2022.emnlp-main.59,2022,EMNLP,1,0
2022.emnlp-main.590,2022,EMNLP,1,1
2022.emnlp-main.591,2022,EMNLP,1,1
2022.emnlp-main.592,2022,EMNLP,1,1
2022.emnlp-main.593,2022,EMNLP,1,1
2022.emnlp-main.594,2022,EMNLP,1,1
2022.emnlp-main.595,2022,EMNLP,0,0
2022.emnlp-main.596,2022,EMNLP,0,0
2022.emnlp-main.597,2022,EMNLP,0,0
2022.emnlp-main.598,2022,EMNLP,0,0
2022.emnlp-main.599,2022,EMNLP,0,0
2022.emnlp-main.6,2022,EMNLP,1,1
2022.emnlp-main.60,2022,EMNLP,1,1
2022.emnlp-main.600,2022,EMNLP,0,0
2022.emnlp-main.601,2022,EMNLP,0,0
2022.emnlp-main.602,2022,EMNLP,1,1
2022.emnlp-main.603,2022,EMNLP,0,0
2022.emnlp-main.604,2022,EMNLP,1,0
2022.emnlp-main.605,2022,EMNLP,1,1
2022.emnlp-main.606,2022,EMNLP,0,0
2022.emnlp-main.607,2022,EMNLP,1,0
2022.emnlp-main.608,2022,EMNLP,1,1
2022.emnlp-main.609,2022,EMNLP,0,0
2022.emnlp-main.61,2022,EMNLP,1,0
2022.emnlp-main.610,2022,EMNLP,1,0
2022.emnlp-main.611,2022,EMNLP,0,0
2022.emnlp-main.612,2022,EMNLP,0,0
2022.emnlp-main.613,2022,EMNLP,1,0
2022.emnlp-main.614,2022,EMNLP,0,0
2022.emnlp-main.615,2022,EMNLP,1,1
2022.emnlp-main.616,2022,EMNLP,1,1
2022.emnlp-main.617,2022,EMNLP,1,1
2022.emnlp-main.618,2022,EMNLP,0,0
2022.emnlp-main.619,2022,EMNLP,0,0
2022.emnlp-main.62,2022,EMNLP,0,0
2022.emnlp-main.620,2022,EMNLP,1,0
2022.emnlp-main.621,2022,EMNLP,0,0
2022.emnlp-main.622,2022,EMNLP,0,0
2022.emnlp-main.623,2022,EMNLP,1,1
2022.emnlp-main.624,2022,EMNLP,0,0
2022.emnlp-main.625,2022,EMNLP,1,1
2022.emnlp-main.626,2022,EMNLP,0,0
2022.emnlp-main.627,2022,EMNLP,1,0
2022.emnlp-main.628,2022,EMNLP,1,1
2022.emnlp-main.629,2022,EMNLP,1,0
2022.emnlp-main.63,2022,EMNLP,1,1
2022.emnlp-main.630,2022,EMNLP,0,0
2022.emnlp-main.631,2022,EMNLP,1,1
2022.emnlp-main.632,2022,EMNLP,0,0
2022.emnlp-main.633,2022,EMNLP,0,0
2022.emnlp-main.634,2022,EMNLP,0,0
2022.emnlp-main.635,2022,EMNLP,0,0
2022.emnlp-main.636,2022,EMNLP,1,1
2022.emnlp-main.637,2022,EMNLP,1,0
2022.emnlp-main.638,2022,EMNLP,0,0
2022.emnlp-main.639,2022,EMNLP,1,1
2022.emnlp-main.64,2022,EMNLP,0,0
2022.emnlp-main.640,2022,EMNLP,0,0
2022.emnlp-main.641,2022,EMNLP,1,1
2022.emnlp-main.642,2022,EMNLP,1,1
2022.emnlp-main.643,2022,EMNLP,1,1
2022.emnlp-main.644,2022,EMNLP,0,0
2022.emnlp-main.645,2022,EMNLP,1,1
2022.emnlp-main.646,2022,EMNLP,1,1
2022.emnlp-main.647,2022,EMNLP,1,1
2022.emnlp-main.648,2022,EMNLP,0,0
2022.emnlp-main.649,2022,EMNLP,0,0
2022.emnlp-main.65,2022,EMNLP,1,1
2022.emnlp-main.650,2022,EMNLP,1,1
2022.emnlp-main.651,2022,EMNLP,1,1
2022.emnlp-main.652,2022,EMNLP,0,0
2022.emnlp-main.653,2022,EMNLP,1,1
2022.emnlp-main.654,2022,EMNLP,1,1
2022.emnlp-main.655,2022,EMNLP,0,0
2022.emnlp-main.656,2022,EMNLP,1,0
2022.emnlp-main.657,2022,EMNLP,1,1
2022.emnlp-main.658,2022,EMNLP,1,1
2022.emnlp-main.659,2022,EMNLP,1,1
2022.emnlp-main.66,2022,EMNLP,1,1
2022.emnlp-main.660,2022,EMNLP,0,0
2022.emnlp-main.661,2022,EMNLP,1,1
2022.emnlp-main.662,2022,EMNLP,1,0
2022.emnlp-main.663,2022,EMNLP,1,1
2022.emnlp-main.664,2022,EMNLP,1,0
2022.emnlp-main.665,2022,EMNLP,1,1
2022.emnlp-main.666,2022,EMNLP,1,1
2022.emnlp-main.667,2022,EMNLP,1,0
2022.emnlp-main.668,2022,EMNLP,0,0
2022.emnlp-main.669,2022,EMNLP,0,0
2022.emnlp-main.67,2022,EMNLP,1,1
2022.emnlp-main.670,2022,EMNLP,1,0
2022.emnlp-main.671,2022,EMNLP,0,0
2022.emnlp-main.672,2022,EMNLP,0,0
2022.emnlp-main.673,2022,EMNLP,1,0
2022.emnlp-main.674,2022,EMNLP,1,0
2022.emnlp-main.675,2022,EMNLP,1,1
2022.emnlp-main.676,2022,EMNLP,1,1
2022.emnlp-main.677,2022,EMNLP,0,0
2022.emnlp-main.678,2022,EMNLP,1,1
2022.emnlp-main.679,2022,EMNLP,0,0
2022.emnlp-main.68,2022,EMNLP,0,0
2022.emnlp-main.680,2022,EMNLP,1,1
2022.emnlp-main.681,2022,EMNLP,0,0
2022.emnlp-main.682,2022,EMNLP,1,0
2022.emnlp-main.683,2022,EMNLP,1,0
2022.emnlp-main.684,2022,EMNLP,0,0
2022.emnlp-main.685,2022,EMNLP,0,0
2022.emnlp-main.686,2022,EMNLP,0,0
2022.emnlp-main.687,2022,EMNLP,1,1
2022.emnlp-main.688,2022,EMNLP,0,0
2022.emnlp-main.689,2022,EMNLP,1,0
2022.emnlp-main.69,2022,EMNLP,1,1
2022.emnlp-main.690,2022,EMNLP,0,0
2022.emnlp-main.691,2022,EMNLP,1,1
2022.emnlp-main.692,2022,EMNLP,1,1
2022.emnlp-main.693,2022,EMNLP,1,1
2022.emnlp-main.694,2022,EMNLP,1,1
2022.emnlp-main.695,2022,EMNLP,0,0
2022.emnlp-main.696,2022,EMNLP,1,1
2022.emnlp-main.697,2022,EMNLP,1,1
2022.emnlp-main.698,2022,EMNLP,1,1
2022.emnlp-main.699,2022,EMNLP,1,1
2022.emnlp-main.7,2022,EMNLP,1,1
2022.emnlp-main.70,2022,EMNLP,1,1
2022.emnlp-main.700,2022,EMNLP,1,1
2022.emnlp-main.701,2022,EMNLP,0,0
2022.emnlp-main.702,2022,EMNLP,1,1
2022.emnlp-main.703,2022,EMNLP,1,1
2022.emnlp-main.704,2022,EMNLP,0,0
2022.emnlp-main.705,2022,EMNLP,1,1
2022.emnlp-main.706,2022,EMNLP,1,0
2022.emnlp-main.707,2022,EMNLP,1,1
2022.emnlp-main.708,2022,EMNLP,1,1
2022.emnlp-main.709,2022,EMNLP,1,1
2022.emnlp-main.71,2022,EMNLP,1,1
2022.emnlp-main.710,2022,EMNLP,0,0
2022.emnlp-main.711,2022,EMNLP,1,0
2022.emnlp-main.712,2022,EMNLP,1,1
2022.emnlp-main.713,2022,EMNLP,0,0
2022.emnlp-main.714,2022,EMNLP,0,0
2022.emnlp-main.715,2022,EMNLP,1,1
2022.emnlp-main.716,2022,EMNLP,1,1
2022.emnlp-main.717,2022,EMNLP,1,1
2022.emnlp-main.718,2022,EMNLP,1,1
2022.emnlp-main.719,2022,EMNLP,1,1
2022.emnlp-main.72,2022,EMNLP,0,0
2022.emnlp-main.720,2022,EMNLP,1,1
2022.emnlp-main.721,2022,EMNLP,0,0
2022.emnlp-main.722,2022,EMNLP,0,0
2022.emnlp-main.723,2022,EMNLP,1,1
2022.emnlp-main.724,2022,EMNLP,1,1
2022.emnlp-main.725,2022,EMNLP,0,0
2022.emnlp-main.726,2022,EMNLP,0,0
2022.emnlp-main.727,2022,EMNLP,1,1
2022.emnlp-main.728,2022,EMNLP,1,0
2022.emnlp-main.729,2022,EMNLP,0,0
2022.emnlp-main.73,2022,EMNLP,1,1
2022.emnlp-main.730,2022,EMNLP,1,1
2022.emnlp-main.731,2022,EMNLP,0,0
2022.emnlp-main.732,2022,EMNLP,1,0
2022.emnlp-main.733,2022,EMNLP,1,1
2022.emnlp-main.734,2022,EMNLP,1,1
2022.emnlp-main.735,2022,EMNLP,1,1
2022.emnlp-main.736,2022,EMNLP,1,0
2022.emnlp-main.737,2022,EMNLP,1,1
2022.emnlp-main.738,2022,EMNLP,1,1
2022.emnlp-main.739,2022,EMNLP,1,1
2022.emnlp-main.74,2022,EMNLP,1,1
2022.emnlp-main.740,2022,EMNLP,1,1
2022.emnlp-main.741,2022,EMNLP,1,1
2022.emnlp-main.742,2022,EMNLP,1,1
2022.emnlp-main.743,2022,EMNLP,1,0
2022.emnlp-main.744,2022,EMNLP,1,0
2022.emnlp-main.745,2022,EMNLP,1,0
2022.emnlp-main.746,2022,EMNLP,1,0
2022.emnlp-main.747,2022,EMNLP,0,0
2022.emnlp-main.748,2022,EMNLP,1,0
2022.emnlp-main.749,2022,EMNLP,1,1
2022.emnlp-main.75,2022,EMNLP,1,1
2022.emnlp-main.750,2022,EMNLP,1,1
2022.emnlp-main.751,2022,EMNLP,0,0
2022.emnlp-main.752,2022,EMNLP,1,1
2022.emnlp-main.753,2022,EMNLP,1,1
2022.emnlp-main.754,2022,EMNLP,1,0
2022.emnlp-main.755,2022,EMNLP,0,0
2022.emnlp-main.756,2022,EMNLP,1,0
2022.emnlp-main.757,2022,EMNLP,1,0
2022.emnlp-main.758,2022,EMNLP,0,0
2022.emnlp-main.759,2022,EMNLP,0,0
2022.emnlp-main.76,2022,EMNLP,0,0
2022.emnlp-main.760,2022,EMNLP,0,0
2022.emnlp-main.761,2022,EMNLP,0,0
2022.emnlp-main.762,2022,EMNLP,1,1
2022.emnlp-main.763,2022,EMNLP,1,1
2022.emnlp-main.764,2022,EMNLP,0,0
2022.emnlp-main.765,2022,EMNLP,1,0
2022.emnlp-main.766,2022,EMNLP,1,1
2022.emnlp-main.767,2022,EMNLP,0,0
2022.emnlp-main.768,2022,EMNLP,1,1
2022.emnlp-main.769,2022,EMNLP,1,1
2022.emnlp-main.77,2022,EMNLP,0,0
2022.emnlp-main.770,2022,EMNLP,1,1
2022.emnlp-main.771,2022,EMNLP,0,0
2022.emnlp-main.772,2022,EMNLP,1,1
2022.emnlp-main.773,2022,EMNLP,1,1
2022.emnlp-main.774,2022,EMNLP,0,0
2022.emnlp-main.775,2022,EMNLP,1,0
2022.emnlp-main.776,2022,EMNLP,1,1
2022.emnlp-main.777,2022,EMNLP,1,1
2022.emnlp-main.778,2022,EMNLP,1,0
2022.emnlp-main.779,2022,EMNLP,1,1
2022.emnlp-main.78,2022,EMNLP,1,1
2022.emnlp-main.780,2022,EMNLP,0,0
2022.emnlp-main.781,2022,EMNLP,0,0
2022.emnlp-main.782,2022,EMNLP,1,0
2022.emnlp-main.783,2022,EMNLP,1,0
2022.emnlp-main.784,2022,EMNLP,1,0
2022.emnlp-main.785,2022,EMNLP,0,0
2022.emnlp-main.786,2022,EMNLP,1,1
2022.emnlp-main.787,2022,EMNLP,0,0
2022.emnlp-main.788,2022,EMNLP,0,0
2022.emnlp-main.789,2022,EMNLP,0,0
2022.emnlp-main.79,2022,EMNLP,1,0
2022.emnlp-main.790,2022,EMNLP,0,0
2022.emnlp-main.791,2022,EMNLP,1,1
2022.emnlp-main.792,2022,EMNLP,0,0
2022.emnlp-main.793,2022,EMNLP,1,0
2022.emnlp-main.794,2022,EMNLP,1,1
2022.emnlp-main.795,2022,EMNLP,1,0
2022.emnlp-main.796,2022,EMNLP,0,0
2022.emnlp-main.797,2022,EMNLP,0,0
2022.emnlp-main.798,2022,EMNLP,0,0
2022.emnlp-main.799,2022,EMNLP,0,0
2022.emnlp-main.8,2022,EMNLP,1,0
2022.emnlp-main.80,2022,EMNLP,0,0
2022.emnlp-main.800,2022,EMNLP,1,1
2022.emnlp-main.801,2022,EMNLP,1,1
2022.emnlp-main.802,2022,EMNLP,1,1
2022.emnlp-main.803,2022,EMNLP,1,1
2022.emnlp-main.805,2022,EMNLP,1,1
2022.emnlp-main.806,2022,EMNLP,1,1
2022.emnlp-main.807,2022,EMNLP,1,1
2022.emnlp-main.808,2022,EMNLP,0,0
2022.emnlp-main.809,2022,EMNLP,0,0
2022.emnlp-main.81,2022,EMNLP,0,0
2022.emnlp-main.810,2022,EMNLP,0,0
2022.emnlp-main.811,2022,EMNLP,1,0
2022.emnlp-main.812,2022,EMNLP,0,0
2022.emnlp-main.813,2022,EMNLP,0,0
2022.emnlp-main.814,2022,EMNLP,0,0
2022.emnlp-main.815,2022,EMNLP,1,1
2022.emnlp-main.816,2022,EMNLP,1,1
2022.emnlp-main.817,2022,EMNLP,1,0
2022.emnlp-main.818,2022,EMNLP,0,0
2022.emnlp-main.819,2022,EMNLP,1,1
2022.emnlp-main.82,2022,EMNLP,0,0
2022.emnlp-main.820,2022,EMNLP,1,0
2022.emnlp-main.821,2022,EMNLP,1,1
2022.emnlp-main.822,2022,EMNLP,0,0
2022.emnlp-main.823,2022,EMNLP,1,1
2022.emnlp-main.824,2022,EMNLP,1,0
2022.emnlp-main.825,2022,EMNLP,0,0
2022.emnlp-main.826,2022,EMNLP,0,0
2022.emnlp-main.827,2022,EMNLP,1,1
2022.emnlp-main.828,2022,EMNLP,1,1
2022.emnlp-main.83,2022,EMNLP,1,1
2022.emnlp-main.84,2022,EMNLP,0,0
2022.emnlp-main.85,2022,EMNLP,1,1
2022.emnlp-main.86,2022,EMNLP,1,1
2022.emnlp-main.87,2022,EMNLP,1,1
2022.emnlp-main.88,2022,EMNLP,1,0
2022.emnlp-main.89,2022,EMNLP,0,0
2022.emnlp-main.9,2022,EMNLP,1,0
2022.emnlp-main.90,2022,EMNLP,0,0
2022.emnlp-main.91,2022,EMNLP,1,0
2022.emnlp-main.92,2022,EMNLP,0,0
2022.emnlp-main.93,2022,EMNLP,0,0
2022.emnlp-main.94,2022,EMNLP,1,1
2022.emnlp-main.95,2022,EMNLP,1,1
2022.emnlp-main.96,2022,EMNLP,1,1
2022.emnlp-main.97,2022,EMNLP,0,0
2022.emnlp-main.98,2022,EMNLP,1,1
2022.emnlp-main.99,2022,EMNLP,1,1
2022.naacl-main.1,2022,NAACL,0,0
2022.naacl-main.10,2022,NAACL,0,0
2022.naacl-main.100,2022,NAACL,0,0
2022.naacl-main.101,2022,NAACL,1,1
2022.naacl-main.102,2022,NAACL,0,0
2022.naacl-main.103,2022,NAACL,0,0
2022.naacl-main.104,2022,NAACL,1,1
2022.naacl-main.105,2022,NAACL,0,0
2022.naacl-main.106,2022,NAACL,0,0
2022.naacl-main.107,2022,NAACL,0,0
2022.naacl-main.108,2022,NAACL,1,1
2022.naacl-main.109,2022,NAACL,1,1
2022.naacl-main.11,2022,NAACL,0,0
2022.naacl-main.110,2022,NAACL,1,1
2022.naacl-main.111,2022,NAACL,0,0
2022.naacl-main.112,2022,NAACL,1,1
2022.naacl-main.113,2022,NAACL,0,0
2022.naacl-main.114,2022,NAACL,0,0
2022.naacl-main.115,2022,NAACL,0,0
2022.naacl-main.116,2022,NAACL,1,0
2022.naacl-main.117,2022,NAACL,0,0
2022.naacl-main.118,2022,NAACL,0,0
2022.naacl-main.119,2022,NAACL,0,0
2022.naacl-main.12,2022,NAACL,1,1
2022.naacl-main.120,2022,NAACL,1,1
2022.naacl-main.121,2022,NAACL,0,0
2022.naacl-main.122,2022,NAACL,0,0
2022.naacl-main.123,2022,NAACL,0,0
2022.naacl-main.124,2022,NAACL,0,0
2022.naacl-main.125,2022,NAACL,1,1
2022.naacl-main.126,2022,NAACL,1,1
2022.naacl-main.127,2022,NAACL,0,0
2022.naacl-main.128,2022,NAACL,0,0
2022.naacl-main.129,2022,NAACL,1,1
2022.naacl-main.13,2022,NAACL,0,0
2022.naacl-main.130,2022,NAACL,1,1
2022.naacl-main.131,2022,NAACL,0,0
2022.naacl-main.132,2022,NAACL,0,0
2022.naacl-main.133,2022,NAACL,1,1
2022.naacl-main.134,2022,NAACL,0,0
2022.naacl-main.135,2022,NAACL,0,0
2022.naacl-main.136,2022,NAACL,0,0
2022.naacl-main.137,2022,NAACL,0,0
2022.naacl-main.138,2022,NAACL,1,1
2022.naacl-main.139,2022,NAACL,1,1
2022.naacl-main.14,2022,NAACL,0,0
2022.naacl-main.140,2022,NAACL,0,0
2022.naacl-main.141,2022,NAACL,0,0
2022.naacl-main.142,2022,NAACL,0,0
2022.naacl-main.143,2022,NAACL,0,0
2022.naacl-main.144,2022,NAACL,1,1
2022.naacl-main.145,2022,NAACL,1,1
2022.naacl-main.146,2022,NAACL,0,0
2022.naacl-main.147,2022,NAACL,0,0
2022.naacl-main.148,2022,NAACL,1,1
2022.naacl-main.149,2022,NAACL,1,0
2022.naacl-main.15,2022,NAACL,1,1
2022.naacl-main.150,2022,NAACL,0,0
2022.naacl-main.151,2022,NAACL,1,1
2022.naacl-main.152,2022,NAACL,0,0
2022.naacl-main.153,2022,NAACL,0,0
2022.naacl-main.154,2022,NAACL,0,0
2022.naacl-main.155,2022,NAACL,0,0
2022.naacl-main.156,2022,NAACL,0,0
2022.naacl-main.157,2022,NAACL,0,0
2022.naacl-main.158,2022,NAACL,0,0
2022.naacl-main.159,2022,NAACL,1,1
2022.naacl-main.16,2022,NAACL,0,0
2022.naacl-main.160,2022,NAACL,0,0
2022.naacl-main.161,2022,NAACL,0,0
2022.naacl-main.162,2022,NAACL,0,0
2022.naacl-main.163,2022,NAACL,1,0
2022.naacl-main.164,2022,NAACL,0,0
2022.naacl-main.165,2022,NAACL,0,0
2022.naacl-main.166,2022,NAACL,0,0
2022.naacl-main.167,2022,NAACL,0,0
2022.naacl-main.168,2022,NAACL,1,1
2022.naacl-main.169,2022,NAACL,0,0
2022.naacl-main.17,2022,NAACL,0,0
2022.naacl-main.170,2022,NAACL,0,0
2022.naacl-main.171,2022,NAACL,0,0
2022.naacl-main.172,2022,NAACL,1,0
2022.naacl-main.173,2022,NAACL,0,0
2022.naacl-main.174,2022,NAACL,0,0
2022.naacl-main.175,2022,NAACL,0,0
2022.naacl-main.176,2022,NAACL,1,1
2022.naacl-main.177,2022,NAACL,0,0
2022.naacl-main.178,2022,NAACL,0,0
2022.naacl-main.179,2022,NAACL,1,0
2022.naacl-main.18,2022,NAACL,1,1
2022.naacl-main.180,2022,NAACL,1,1
2022.naacl-main.181,2022,NAACL,0,0
2022.naacl-main.182,2022,NAACL,0,0
2022.naacl-main.183,2022,NAACL,0,0
2022.naacl-main.184,2022,NAACL,0,0
2022.naacl-main.185,2022,NAACL,0,0
2022.naacl-main.186,2022,NAACL,1,1
2022.naacl-main.187,2022,NAACL,0,0
2022.naacl-main.188,2022,NAACL,1,1
2022.naacl-main.189,2022,NAACL,0,0
2022.naacl-main.19,2022,NAACL,0,0
2022.naacl-main.190,2022,NAACL,1,0
2022.naacl-main.191,2022,NAACL,1,1
2022.naacl-main.192,2022,NAACL,1,1
2022.naacl-main.193,2022,NAACL,1,1
2022.naacl-main.194,2022,NAACL,1,1
2022.naacl-main.195,2022,NAACL,0,0
2022.naacl-main.196,2022,NAACL,0,0
2022.naacl-main.197,2022,NAACL,1,0
2022.naacl-main.198,2022,NAACL,0,0
2022.naacl-main.199,2022,NAACL,0,0
2022.naacl-main.2,2022,NAACL,0,0
2022.naacl-main.20,2022,NAACL,0,0
2022.naacl-main.200,2022,NAACL,1,1
2022.naacl-main.201,2022,NAACL,0,0
2022.naacl-main.202,2022,NAACL,0,0
2022.naacl-main.203,2022,NAACL,0,0
2022.naacl-main.204,2022,NAACL,1,0
2022.naacl-main.205,2022,NAACL,0,0
2022.naacl-main.206,2022,NAACL,0,0
2022.naacl-main.207,2022,NAACL,1,1
2022.naacl-main.208,2022,NAACL,0,0
2022.naacl-main.209,2022,NAACL,0,0
2022.naacl-main.21,2022,NAACL,0,0
2022.naacl-main.210,2022,NAACL,0,0
2022.naacl-main.211,2022,NAACL,0,0
2022.naacl-main.212,2022,NAACL,0,0
2022.naacl-main.213,2022,NAACL,0,0
2022.naacl-main.214,2022,NAACL,0,0
2022.naacl-main.215,2022,NAACL,0,0
2022.naacl-main.216,2022,NAACL,0,0
2022.naacl-main.217,2022,NAACL,0,0
2022.naacl-main.218,2022,NAACL,1,1
2022.naacl-main.219,2022,NAACL,1,1
2022.naacl-main.22,2022,NAACL,0,0
2022.naacl-main.220,2022,NAACL,0,0
2022.naacl-main.221,2022,NAACL,0,0
2022.naacl-main.222,2022,NAACL,0,0
2022.naacl-main.223,2022,NAACL,1,1
2022.naacl-main.224,2022,NAACL,0,0
2022.naacl-main.225,2022,NAACL,0,0
2022.naacl-main.226,2022,NAACL,0,0
2022.naacl-main.227,2022,NAACL,1,1
2022.naacl-main.228,2022,NAACL,1,1
2022.naacl-main.229,2022,NAACL,1,0
2022.naacl-main.23,2022,NAACL,1,0
2022.naacl-main.230,2022,NAACL,0,0
2022.naacl-main.231,2022,NAACL,0,0
2022.naacl-main.232,2022,NAACL,0,0
2022.naacl-main.233,2022,NAACL,0,0
2022.naacl-main.234,2022,NAACL,1,1
2022.naacl-main.235,2022,NAACL,1,1
2022.naacl-main.236,2022,NAACL,0,0
2022.naacl-main.237,2022,NAACL,0,0
2022.naacl-main.238,2022,NAACL,1,1
2022.naacl-main.239,2022,NAACL,0,0
2022.naacl-main.24,2022,NAACL,0,0
2022.naacl-main.240,2022,NAACL,0,0
2022.naacl-main.241,2022,NAACL,0,0
2022.naacl-main.242,2022,NAACL,0,0
2022.naacl-main.243,2022,NAACL,0,0
2022.naacl-main.244,2022,NAACL,0,0
2022.naacl-main.245,2022,NAACL,0,0
2022.naacl-main.246,2022,NAACL,0,0
2022.naacl-main.247,2022,NAACL,0,0
2022.naacl-main.248,2022,NAACL,0,0
2022.naacl-main.249,2022,NAACL,0,0
2022.naacl-main.25,2022,NAACL,1,0
2022.naacl-main.250,2022,NAACL,0,0
2022.naacl-main.251,2022,NAACL,1,0
2022.naacl-main.252,2022,NAACL,0,0
2022.naacl-main.253,2022,NAACL,0,0
2022.naacl-main.254,2022,NAACL,0,0
2022.naacl-main.255,2022,NAACL,1,1
2022.naacl-main.256,2022,NAACL,0,0
2022.naacl-main.257,2022,NAACL,1,0
2022.naacl-main.258,2022,NAACL,0,0
2022.naacl-main.259,2022,NAACL,0,0
2022.naacl-main.26,2022,NAACL,0,0
2022.naacl-main.260,2022,NAACL,0,0
2022.naacl-main.261,2022,NAACL,0,0
2022.naacl-main.262,2022,NAACL,0,0
2022.naacl-main.263,2022,NAACL,1,1
2022.naacl-main.264,2022,NAACL,0,0
2022.naacl-main.265,2022,NAACL,0,0
2022.naacl-main.266,2022,NAACL,1,0
2022.naacl-main.267,2022,NAACL,0,0
2022.naacl-main.268,2022,NAACL,0,0
2022.naacl-main.269,2022,NAACL,0,0
2022.naacl-main.27,2022,NAACL,0,0
2022.naacl-main.270,2022,NAACL,0,0
2022.naacl-main.271,2022,NAACL,1,1
2022.naacl-main.272,2022,NAACL,1,1
2022.naacl-main.273,2022,NAACL,0,0
2022.naacl-main.274,2022,NAACL,0,0
2022.naacl-main.275,2022,NAACL,1,0
2022.naacl-main.276,2022,NAACL,0,0
2022.naacl-main.277,2022,NAACL,0,0
2022.naacl-main.278,2022,NAACL,0,0
2022.naacl-main.279,2022,NAACL,1,1
2022.naacl-main.28,2022,NAACL,0,0
2022.naacl-main.280,2022,NAACL,0,0
2022.naacl-main.281,2022,NAACL,0,0
2022.naacl-main.282,2022,NAACL,0,0
2022.naacl-main.283,2022,NAACL,1,1
2022.naacl-main.284,2022,NAACL,1,1
2022.naacl-main.285,2022,NAACL,0,0
2022.naacl-main.286,2022,NAACL,0,0
2022.naacl-main.287,2022,NAACL,0,0
2022.naacl-main.288,2022,NAACL,0,0
2022.naacl-main.289,2022,NAACL,1,1
2022.naacl-main.29,2022,NAACL,0,0
2022.naacl-main.290,2022,NAACL,0,0
2022.naacl-main.291,2022,NAACL,1,1
2022.naacl-main.292,2022,NAACL,0,0
2022.naacl-main.293,2022,NAACL,0,0
2022.naacl-main.294,2022,NAACL,0,0
2022.naacl-main.295,2022,NAACL,1,0
2022.naacl-main.296,2022,NAACL,0,0
2022.naacl-main.297,2022,NAACL,0,0
2022.naacl-main.298,2022,NAACL,0,0
2022.naacl-main.299,2022,NAACL,0,0
2022.naacl-main.3,2022,NAACL,1,1
2022.naacl-main.30,2022,NAACL,1,1
2022.naacl-main.300,2022,NAACL,0,0
2022.naacl-main.301,2022,NAACL,0,0
2022.naacl-main.302,2022,NAACL,0,0
2022.naacl-main.303,2022,NAACL,0,0
2022.naacl-main.304,2022,NAACL,0,0
2022.naacl-main.305,2022,NAACL,0,0
2022.naacl-main.306,2022,NAACL,0,0
2022.naacl-main.307,2022,NAACL,0,0
2022.naacl-main.308,2022,NAACL,0,0
2022.naacl-main.309,2022,NAACL,0,0
2022.naacl-main.31,2022,NAACL,0,0
2022.naacl-main.310,2022,NAACL,1,0
2022.naacl-main.311,2022,NAACL,0,0
2022.naacl-main.312,2022,NAACL,0,0
2022.naacl-main.313,2022,NAACL,0,0
2022.naacl-main.314,2022,NAACL,1,1
2022.naacl-main.315,2022,NAACL,0,0
2022.naacl-main.316,2022,NAACL,1,1
2022.naacl-main.317,2022,NAACL,1,1
2022.naacl-main.318,2022,NAACL,0,0
2022.naacl-main.319,2022,NAACL,1,1
2022.naacl-main.32,2022,NAACL,0,0
2022.naacl-main.320,2022,NAACL,0,0
2022.naacl-main.321,2022,NAACL,0,0
2022.naacl-main.322,2022,NAACL,1,1
2022.naacl-main.323,2022,NAACL,1,1
2022.naacl-main.324,2022,NAACL,0,0
2022.naacl-main.325,2022,NAACL,0,0
2022.naacl-main.326,2022,NAACL,0,0
2022.naacl-main.327,2022,NAACL,0,0
2022.naacl-main.328,2022,NAACL,1,1
2022.naacl-main.329,2022,NAACL,0,0
2022.naacl-main.33,2022,NAACL,0,0
2022.naacl-main.330,2022,NAACL,0,0
2022.naacl-main.331,2022,NAACL,1,1
2022.naacl-main.332,2022,NAACL,0,0
2022.naacl-main.333,2022,NAACL,1,1
2022.naacl-main.334,2022,NAACL,0,0
2022.naacl-main.335,2022,NAACL,1,1
2022.naacl-main.336,2022,NAACL,0,0
2022.naacl-main.337,2022,NAACL,0,0
2022.naacl-main.338,2022,NAACL,0,0
2022.naacl-main.339,2022,NAACL,0,0
2022.naacl-main.34,2022,NAACL,0,0
2022.naacl-main.340,2022,NAACL,0,0
2022.naacl-main.341,2022,NAACL,0,0
2022.naacl-main.342,2022,NAACL,0,0
2022.naacl-main.343,2022,NAACL,0,0
2022.naacl-main.344,2022,NAACL,1,0
2022.naacl-main.345,2022,NAACL,0,0
2022.naacl-main.346,2022,NAACL,1,1
2022.naacl-main.347,2022,NAACL,0,0
2022.naacl-main.348,2022,NAACL,0,0
2022.naacl-main.349,2022,NAACL,0,0
2022.naacl-main.35,2022,NAACL,0,0
2022.naacl-main.350,2022,NAACL,1,0
2022.naacl-main.351,2022,NAACL,0,0
2022.naacl-main.352,2022,NAACL,1,1
2022.naacl-main.353,2022,NAACL,0,0
2022.naacl-main.354,2022,NAACL,0,0
2022.naacl-main.355,2022,NAACL,0,0
2022.naacl-main.356,2022,NAACL,0,0
2022.naacl-main.357,2022,NAACL,0,0
2022.naacl-main.358,2022,NAACL,0,0
2022.naacl-main.359,2022,NAACL,0,0
2022.naacl-main.36,2022,NAACL,0,0
2022.naacl-main.360,2022,NAACL,0,0
2022.naacl-main.361,2022,NAACL,1,1
2022.naacl-main.362,2022,NAACL,0,0
2022.naacl-main.363,2022,NAACL,0,0
2022.naacl-main.364,2022,NAACL,1,1
2022.naacl-main.365,2022,NAACL,0,0
2022.naacl-main.366,2022,NAACL,1,0
2022.naacl-main.367,2022,NAACL,1,1
2022.naacl-main.368,2022,NAACL,0,0
2022.naacl-main.369,2022,NAACL,0,0
2022.naacl-main.37,2022,NAACL,0,0
2022.naacl-main.370,2022,NAACL,0,0
2022.naacl-main.371,2022,NAACL,0,0
2022.naacl-main.372,2022,NAACL,0,0
2022.naacl-main.373,2022,NAACL,0,0
2022.naacl-main.374,2022,NAACL,0,0
2022.naacl-main.375,2022,NAACL,0,0
2022.naacl-main.376,2022,NAACL,0,0
2022.naacl-main.377,2022,NAACL,0,0
2022.naacl-main.378,2022,NAACL,0,0
2022.naacl-main.379,2022,NAACL,0,0
2022.naacl-main.38,2022,NAACL,0,0
2022.naacl-main.380,2022,NAACL,1,1
2022.naacl-main.381,2022,NAACL,0,0
2022.naacl-main.382,2022,NAACL,0,0
2022.naacl-main.383,2022,NAACL,0,0
2022.naacl-main.384,2022,NAACL,1,1
2022.naacl-main.385,2022,NAACL,0,0
2022.naacl-main.386,2022,NAACL,0,0
2022.naacl-main.387,2022,NAACL,1,1
2022.naacl-main.388,2022,NAACL,0,0
2022.naacl-main.389,2022,NAACL,0,0
2022.naacl-main.39,2022,NAACL,0,0
2022.naacl-main.390,2022,NAACL,0,0
2022.naacl-main.391,2022,NAACL,0,0
2022.naacl-main.392,2022,NAACL,0,0
2022.naacl-main.393,2022,NAACL,0,0
2022.naacl-main.394,2022,NAACL,0,0
2022.naacl-main.395,2022,NAACL,0,0
2022.naacl-main.396,2022,NAACL,0,0
2022.naacl-main.397,2022,NAACL,0,0
2022.naacl-main.398,2022,NAACL,0,0
2022.naacl-main.399,2022,NAACL,1,1
2022.naacl-main.4,2022,NAACL,0,0
2022.naacl-main.40,2022,NAACL,0,0
2022.naacl-main.400,2022,NAACL,0,0
2022.naacl-main.401,2022,NAACL,0,0
2022.naacl-main.402,2022,NAACL,0,0
2022.naacl-main.403,2022,NAACL,0,0
2022.naacl-main.404,2022,NAACL,0,0
2022.naacl-main.405,2022,NAACL,0,0
2022.naacl-main.406,2022,NAACL,0,0
2022.naacl-main.407,2022,NAACL,0,0
2022.naacl-main.408,2022,NAACL,1,1
2022.naacl-main.409,2022,NAACL,0,0
2022.naacl-main.41,2022,NAACL,0,0
2022.naacl-main.410,2022,NAACL,0,0
2022.naacl-main.411,2022,NAACL,1,0
2022.naacl-main.412,2022,NAACL,0,0
2022.naacl-main.413,2022,NAACL,1,0
2022.naacl-main.414,2022,NAACL,0,0
2022.naacl-main.415,2022,NAACL,0,0
2022.naacl-main.416,2022,NAACL,0,0
2022.naacl-main.417,2022,NAACL,0,0
2022.naacl-main.418,2022,NAACL,0,0
2022.naacl-main.419,2022,NAACL,0,0
2022.naacl-main.42,2022,NAACL,1,0
2022.naacl-main.420,2022,NAACL,0,0
2022.naacl-main.421,2022,NAACL,0,0
2022.naacl-main.422,2022,NAACL,0,0
2022.naacl-main.423,2022,NAACL,0,0
2022.naacl-main.424,2022,NAACL,0,0
2022.naacl-main.425,2022,NAACL,0,0
2022.naacl-main.426,2022,NAACL,0,0
2022.naacl-main.427,2022,NAACL,0,0
2022.naacl-main.428,2022,NAACL,0,0
2022.naacl-main.429,2022,NAACL,0,0
2022.naacl-main.43,2022,NAACL,0,0
2022.naacl-main.430,2022,NAACL,0,0
2022.naacl-main.431,2022,NAACL,0,0
2022.naacl-main.432,2022,NAACL,0,0
2022.naacl-main.433,2022,NAACL,0,0
2022.naacl-main.434,2022,NAACL,0,0
2022.naacl-main.435,2022,NAACL,0,0
2022.naacl-main.436,2022,NAACL,0,0
2022.naacl-main.437,2022,NAACL,0,0
2022.naacl-main.438,2022,NAACL,0,0
2022.naacl-main.439,2022,NAACL,0,0
2022.naacl-main.44,2022,NAACL,1,1
2022.naacl-main.440,2022,NAACL,0,0
2022.naacl-main.441,2022,NAACL,1,1
2022.naacl-main.442,2022,NAACL,0,0
2022.naacl-main.45,2022,NAACL,0,0
2022.naacl-main.46,2022,NAACL,0,0
2022.naacl-main.47,2022,NAACL,0,0
2022.naacl-main.48,2022,NAACL,0,0
2022.naacl-main.49,2022,NAACL,0,0
2022.naacl-main.5,2022,NAACL,0,0
2022.naacl-main.50,2022,NAACL,0,0
2022.naacl-main.51,2022,NAACL,0,0
2022.naacl-main.52,2022,NAACL,0,0
2022.naacl-main.53,2022,NAACL,0,0
2022.naacl-main.54,2022,NAACL,0,0
2022.naacl-main.55,2022,NAACL,1,1
2022.naacl-main.56,2022,NAACL,0,0
2022.naacl-main.57,2022,NAACL,0,0
2022.naacl-main.58,2022,NAACL,1,1
2022.naacl-main.59,2022,NAACL,0,0
2022.naacl-main.6,2022,NAACL,1,0
2022.naacl-main.60,2022,NAACL,0,0
2022.naacl-main.61,2022,NAACL,1,1
2022.naacl-main.62,2022,NAACL,0,0
2022.naacl-main.63,2022,NAACL,0,0
2022.naacl-main.64,2022,NAACL,0,0
2022.naacl-main.65,2022,NAACL,0,0
2022.naacl-main.66,2022,NAACL,1,0
2022.naacl-main.67,2022,NAACL,1,1
2022.naacl-main.68,2022,NAACL,1,1
2022.naacl-main.69,2022,NAACL,0,0
2022.naacl-main.7,2022,NAACL,0,0
2022.naacl-main.70,2022,NAACL,0,0
2022.naacl-main.71,2022,NAACL,0,0
2022.naacl-main.72,2022,NAACL,0,0
2022.naacl-main.73,2022,NAACL,0,0
2022.naacl-main.74,2022,NAACL,0,0
2022.naacl-main.75,2022,NAACL,0,0
2022.naacl-main.76,2022,NAACL,0,0
2022.naacl-main.77,2022,NAACL,0,0
2022.naacl-main.78,2022,NAACL,0,0
2022.naacl-main.79,2022,NAACL,0,0
2022.naacl-main.8,2022,NAACL,0,0
2022.naacl-main.80,2022,NAACL,1,1
2022.naacl-main.81,2022,NAACL,0,0
2022.naacl-main.82,2022,NAACL,0,0
2022.naacl-main.83,2022,NAACL,0,0
2022.naacl-main.84,2022,NAACL,1,1
2022.naacl-main.85,2022,NAACL,0,0
2022.naacl-main.86,2022,NAACL,0,0
2022.naacl-main.87,2022,NAACL,0,0
2022.naacl-main.88,2022,NAACL,0,0
2022.naacl-main.89,2022,NAACL,0,0
2022.naacl-main.9,2022,NAACL,1,0
2022.naacl-main.90,2022,NAACL,0,0
2022.naacl-main.91,2022,NAACL,0,0
2022.naacl-main.92,2022,NAACL,0,0
2022.naacl-main.93,2022,NAACL,1,1
2022.naacl-main.94,2022,NAACL,1,1
2022.naacl-main.95,2022,NAACL,0,0
2022.naacl-main.96,2022,NAACL,0,0
2022.naacl-main.97,2022,NAACL,1,1
2022.naacl-main.98,2022,NAACL,0,0
2022.naacl-main.99,2022,NAACL,0,0
2023.acl-long.1,2023,ACL,1,1
2023.acl-long.10,2023,ACL,1,1
2023.acl-long.100,2023,ACL,0,0
2023.acl-long.101,2023,ACL,0,0
2023.acl-long.102,2023,ACL,1,1
2023.acl-long.103,2023,ACL,1,0
2023.acl-long.104,2023,ACL,0,0
2023.acl-long.105,2023,ACL,0,0
2023.acl-long.106,2023,ACL,0,0
2023.acl-long.107,2023,ACL,0,0
2023.acl-long.108,2023,ACL,0,0
2023.acl-long.109,2023,ACL,0,0
2023.acl-long.11,2023,ACL,1,1
2023.acl-long.110,2023,ACL,1,1
2023.acl-long.111,2023,ACL,0,0
2023.acl-long.112,2023,ACL,1,1
2023.acl-long.113,2023,ACL,0,0
2023.acl-long.114,2023,ACL,0,0
2023.acl-long.115,2023,ACL,1,0
2023.acl-long.116,2023,ACL,0,0
2023.acl-long.117,2023,ACL,1,0
2023.acl-long.118,2023,ACL,1,1
2023.acl-long.119,2023,ACL,1,0
2023.acl-long.12,2023,ACL,1,1
2023.acl-long.120,2023,ACL,1,0
2023.acl-long.121,2023,ACL,0,0
2023.acl-long.122,2023,ACL,1,0
2023.acl-long.123,2023,ACL,1,0
2023.acl-long.124,2023,ACL,1,1
2023.acl-long.125,2023,ACL,1,1
2023.acl-long.126,2023,ACL,0,0
2023.acl-long.127,2023,ACL,1,0
2023.acl-long.128,2023,ACL,1,1
2023.acl-long.129,2023,ACL,1,0
2023.acl-long.13,2023,ACL,1,1
2023.acl-long.130,2023,ACL,0,0
2023.acl-long.131,2023,ACL,0,0
2023.acl-long.132,2023,ACL,1,1
2023.acl-long.133,2023,ACL,0,0
2023.acl-long.134,2023,ACL,1,0
2023.acl-long.135,2023,ACL,0,0
2023.acl-long.136,2023,ACL,1,1
2023.acl-long.137,2023,ACL,0,0
2023.acl-long.138,2023,ACL,0,0
2023.acl-long.139,2023,ACL,1,0
2023.acl-long.14,2023,ACL,0,0
2023.acl-long.140,2023,ACL,1,1
2023.acl-long.141,2023,ACL,1,0
2023.acl-long.142,2023,ACL,0,0
2023.acl-long.143,2023,ACL,1,0
2023.acl-long.144,2023,ACL,0,0
2023.acl-long.145,2023,ACL,0,0
2023.acl-long.146,2023,ACL,1,0
2023.acl-long.147,2023,ACL,0,0
2023.acl-long.148,2023,ACL,1,1
2023.acl-long.149,2023,ACL,0,0
2023.acl-long.15,2023,ACL,1,1
2023.acl-long.150,2023,ACL,0,0
2023.acl-long.151,2023,ACL,0,0
2023.acl-long.152,2023,ACL,0,0
2023.acl-long.153,2023,ACL,0,0
2023.acl-long.154,2023,ACL,1,1
2023.acl-long.155,2023,ACL,1,1
2023.acl-long.156,2023,ACL,1,1
2023.acl-long.157,2023,ACL,1,0
2023.acl-long.158,2023,ACL,0,0
2023.acl-long.159,2023,ACL,1,1
2023.acl-long.16,2023,ACL,1,1
2023.acl-long.160,2023,ACL,1,1
2023.acl-long.161,2023,ACL,0,0
2023.acl-long.162,2023,ACL,1,1
2023.acl-long.163,2023,ACL,0,0
2023.acl-long.164,2023,ACL,0,0
2023.acl-long.165,2023,ACL,1,1
2023.acl-long.166,2023,ACL,0,0
2023.acl-long.167,2023,ACL,0,0
2023.acl-long.168,2023,ACL,1,0
2023.acl-long.169,2023,ACL,0,0
2023.acl-long.17,2023,ACL,1,1
2023.acl-long.170,2023,ACL,1,1
2023.acl-long.171,2023,ACL,0,0
2023.acl-long.172,2023,ACL,1,0
2023.acl-long.173,2023,ACL,0,0
2023.acl-long.174,2023,ACL,0,0
2023.acl-long.175,2023,ACL,0,0
2023.acl-long.176,2023,ACL,0,0
2023.acl-long.177,2023,ACL,1,1
2023.acl-long.178,2023,ACL,1,1
2023.acl-long.179,2023,ACL,1,1
2023.acl-long.18,2023,ACL,1,1
2023.acl-long.180,2023,ACL,1,1
2023.acl-long.181,2023,ACL,1,0
2023.acl-long.182,2023,ACL,1,1
2023.acl-long.183,2023,ACL,1,1
2023.acl-long.184,2023,ACL,1,1
2023.acl-long.185,2023,ACL,1,1
2023.acl-long.186,2023,ACL,0,0
2023.acl-long.187,2023,ACL,0,0
2023.acl-long.188,2023,ACL,0,0
2023.acl-long.189,2023,ACL,1,1
2023.acl-long.19,2023,ACL,1,1
2023.acl-long.190,2023,ACL,1,0
2023.acl-long.191,2023,ACL,1,1
2023.acl-long.192,2023,ACL,0,0
2023.acl-long.193,2023,ACL,1,1
2023.acl-long.194,2023,ACL,0,0
2023.acl-long.195,2023,ACL,1,1
2023.acl-long.196,2023,ACL,0,0
2023.acl-long.197,2023,ACL,1,1
2023.acl-long.198,2023,ACL,1,1
2023.acl-long.199,2023,ACL,0,0
2023.acl-long.2,2023,ACL,1,0
2023.acl-long.20,2023,ACL,0,0
2023.acl-long.200,2023,ACL,1,1
2023.acl-long.201,2023,ACL,0,0
2023.acl-long.202,2023,ACL,0,0
2023.acl-long.203,2023,ACL,1,1
2023.acl-long.204,2023,ACL,0,0
2023.acl-long.205,2023,ACL,0,0
2023.acl-long.206,2023,ACL,0,0
2023.acl-long.207,2023,ACL,1,0
2023.acl-long.208,2023,ACL,1,1
2023.acl-long.209,2023,ACL,1,1
2023.acl-long.21,2023,ACL,0,0
2023.acl-long.210,2023,ACL,1,1
2023.acl-long.211,2023,ACL,1,0
2023.acl-long.212,2023,ACL,1,1
2023.acl-long.213,2023,ACL,1,1
2023.acl-long.214,2023,ACL,0,0
2023.acl-long.215,2023,ACL,1,1
2023.acl-long.216,2023,ACL,1,0
2023.acl-long.217,2023,ACL,1,0
2023.acl-long.218,2023,ACL,1,1
2023.acl-long.219,2023,ACL,0,0
2023.acl-long.22,2023,ACL,1,0
2023.acl-long.220,2023,ACL,1,1
2023.acl-long.221,2023,ACL,1,0
2023.acl-long.222,2023,ACL,0,0
2023.acl-long.223,2023,ACL,0,0
2023.acl-long.224,2023,ACL,1,1
2023.acl-long.225,2023,ACL,0,0
2023.acl-long.226,2023,ACL,1,1
2023.acl-long.227,2023,ACL,1,1
2023.acl-long.228,2023,ACL,0,0
2023.acl-long.229,2023,ACL,0,0
2023.acl-long.23,2023,ACL,0,0
2023.acl-long.230,2023,ACL,0,0
2023.acl-long.231,2023,ACL,0,0
2023.acl-long.232,2023,ACL,0,0
2023.acl-long.233,2023,ACL,1,1
2023.acl-long.234,2023,ACL,0,0
2023.acl-long.235,2023,ACL,1,1
2023.acl-long.236,2023,ACL,0,0
2023.acl-long.237,2023,ACL,1,1
2023.acl-long.238,2023,ACL,1,1
2023.acl-long.239,2023,ACL,1,1
2023.acl-long.24,2023,ACL,1,1
2023.acl-long.240,2023,ACL,1,1
2023.acl-long.241,2023,ACL,1,1
2023.acl-long.242,2023,ACL,1,1
2023.acl-long.243,2023,ACL,1,1
2023.acl-long.244,2023,ACL,0,0
2023.acl-long.245,2023,ACL,1,1
2023.acl-long.246,2023,ACL,0,0
2023.acl-long.247,2023,ACL,1,1
2023.acl-long.248,2023,ACL,1,1
2023.acl-long.249,2023,ACL,1,1
2023.acl-long.25,2023,ACL,0,0
2023.acl-long.250,2023,ACL,1,1
2023.acl-long.251,2023,ACL,1,1
2023.acl-long.252,2023,ACL,1,1
2023.acl-long.253,2023,ACL,1,1
2023.acl-long.254,2023,ACL,0,0
2023.acl-long.255,2023,ACL,1,1
2023.acl-long.256,2023,ACL,1,1
2023.acl-long.257,2023,ACL,1,1
2023.acl-long.258,2023,ACL,1,1
2023.acl-long.259,2023,ACL,1,1
2023.acl-long.26,2023,ACL,1,0
2023.acl-long.260,2023,ACL,1,1
2023.acl-long.261,2023,ACL,1,1
2023.acl-long.262,2023,ACL,1,1
2023.acl-long.263,2023,ACL,1,1
2023.acl-long.264,2023,ACL,1,0
2023.acl-long.265,2023,ACL,0,0
2023.acl-long.266,2023,ACL,0,0
2023.acl-long.267,2023,ACL,1,1
2023.acl-long.268,2023,ACL,0,0
2023.acl-long.269,2023,ACL,1,1
2023.acl-long.27,2023,ACL,1,1
2023.acl-long.270,2023,ACL,1,1
2023.acl-long.271,2023,ACL,1,1
2023.acl-long.272,2023,ACL,1,1
2023.acl-long.273,2023,ACL,1,1
2023.acl-long.274,2023,ACL,1,1
2023.acl-long.275,2023,ACL,1,1
2023.acl-long.276,2023,ACL,0,0
2023.acl-long.277,2023,ACL,1,1
2023.acl-long.278,2023,ACL,1,1
2023.acl-long.279,2023,ACL,0,0
2023.acl-long.28,2023,ACL,0,0
2023.acl-long.280,2023,ACL,1,1
2023.acl-long.281,2023,ACL,1,1
2023.acl-long.282,2023,ACL,1,1
2023.acl-long.283,2023,ACL,1,1
2023.acl-long.284,2023,ACL,0,0
2023.acl-long.285,2023,ACL,1,1
2023.acl-long.286,2023,ACL,0,0
2023.acl-long.287,2023,ACL,0,0
2023.acl-long.288,2023,ACL,1,1
2023.acl-long.289,2023,ACL,1,1
2023.acl-long.29,2023,ACL,1,1
2023.acl-long.290,2023,ACL,0,0
2023.acl-long.291,2023,ACL,0,0
2023.acl-long.292,2023,ACL,0,0
2023.acl-long.293,2023,ACL,0,0
2023.acl-long.294,2023,ACL,0,0
2023.acl-long.295,2023,ACL,1,1
2023.acl-long.296,2023,ACL,1,1
2023.acl-long.297,2023,ACL,0,0
2023.acl-long.298,2023,ACL,1,0
2023.acl-long.299,2023,ACL,1,1
2023.acl-long.3,2023,ACL,1,1
2023.acl-long.30,2023,ACL,0,0
2023.acl-long.300,2023,ACL,1,1
2023.acl-long.301,2023,ACL,0,0
2023.acl-long.302,2023,ACL,1,1
2023.acl-long.303,2023,ACL,1,0
2023.acl-long.304,2023,ACL,0,0
2023.acl-long.305,2023,ACL,1,0
2023.acl-long.306,2023,ACL,0,0
2023.acl-long.307,2023,ACL,0,0
2023.acl-long.308,2023,ACL,1,0
2023.acl-long.309,2023,ACL,0,0
2023.acl-long.31,2023,ACL,1,1
2023.acl-long.310,2023,ACL,1,0
2023.acl-long.311,2023,ACL,1,1
2023.acl-long.312,2023,ACL,0,0
2023.acl-long.313,2023,ACL,0,0
2023.acl-long.314,2023,ACL,1,1
2023.acl-long.315,2023,ACL,1,1
2023.acl-long.316,2023,ACL,0,0
2023.acl-long.317,2023,ACL,1,1
2023.acl-long.318,2023,ACL,1,0
2023.acl-long.319,2023,ACL,1,0
2023.acl-long.32,2023,ACL,1,1
2023.acl-long.320,2023,ACL,0,0
2023.acl-long.321,2023,ACL,0,0
2023.acl-long.322,2023,ACL,1,1
2023.acl-long.323,2023,ACL,0,0
2023.acl-long.324,2023,ACL,1,0
2023.acl-long.325,2023,ACL,1,1
2023.acl-long.326,2023,ACL,0,0
2023.acl-long.327,2023,ACL,1,1
2023.acl-long.328,2023,ACL,1,1
2023.acl-long.329,2023,ACL,1,0
2023.acl-long.33,2023,ACL,0,0
2023.acl-long.330,2023,ACL,1,1
2023.acl-long.331,2023,ACL,0,0
2023.acl-long.332,2023,ACL,0,0
2023.acl-long.333,2023,ACL,0,0
2023.acl-long.334,2023,ACL,1,1
2023.acl-long.335,2023,ACL,0,0
2023.acl-long.336,2023,ACL,1,1
2023.acl-long.337,2023,ACL,1,1
2023.acl-long.338,2023,ACL,0,0
2023.acl-long.339,2023,ACL,0,0
2023.acl-long.34,2023,ACL,1,0
2023.acl-long.340,2023,ACL,1,0
2023.acl-long.341,2023,ACL,0,0
2023.acl-long.342,2023,ACL,1,1
2023.acl-long.343,2023,ACL,0,0
2023.acl-long.344,2023,ACL,0,0
2023.acl-long.345,2023,ACL,1,1
2023.acl-long.346,2023,ACL,1,0
2023.acl-long.347,2023,ACL,1,1
2023.acl-long.348,2023,ACL,1,1
2023.acl-long.349,2023,ACL,0,0
2023.acl-long.35,2023,ACL,0,0
2023.acl-long.350,2023,ACL,0,0
2023.acl-long.351,2023,ACL,1,1
2023.acl-long.352,2023,ACL,0,0
2023.acl-long.353,2023,ACL,1,0
2023.acl-long.354,2023,ACL,0,0
2023.acl-long.355,2023,ACL,1,1
2023.acl-long.356,2023,ACL,1,1
2023.acl-long.357,2023,ACL,1,1
2023.acl-long.358,2023,ACL,0,0
2023.acl-long.359,2023,ACL,0,0
2023.acl-long.36,2023,ACL,0,0
2023.acl-long.360,2023,ACL,1,1
2023.acl-long.361,2023,ACL,0,0
2023.acl-long.362,2023,ACL,1,0
2023.acl-long.363,2023,ACL,1,1
2023.acl-long.364,2023,ACL,1,1
2023.acl-long.365,2023,ACL,1,1
2023.acl-long.366,2023,ACL,1,1
2023.acl-long.367,2023,ACL,1,1
2023.acl-long.368,2023,ACL,1,1
2023.acl-long.369,2023,ACL,1,1
2023.acl-long.37,2023,ACL,0,0
2023.acl-long.370,2023,ACL,0,0
2023.acl-long.371,2023,ACL,1,1
2023.acl-long.372,2023,ACL,1,0
2023.acl-long.373,2023,ACL,1,0
2023.acl-long.374,2023,ACL,1,1
2023.acl-long.375,2023,ACL,0,0
2023.acl-long.376,2023,ACL,1,1
2023.acl-long.377,2023,ACL,1,1
2023.acl-long.378,2023,ACL,1,0
2023.acl-long.379,2023,ACL,1,1
2023.acl-long.38,2023,ACL,1,1
2023.acl-long.380,2023,ACL,1,1
2023.acl-long.381,2023,ACL,0,0
2023.acl-long.382,2023,ACL,1,1
2023.acl-long.383,2023,ACL,1,1
2023.acl-long.384,2023,ACL,1,1
2023.acl-long.385,2023,ACL,0,0
2023.acl-long.386,2023,ACL,0,0
2023.acl-long.387,2023,ACL,1,1
2023.acl-long.388,2023,ACL,1,1
2023.acl-long.389,2023,ACL,1,1
2023.acl-long.39,2023,ACL,0,0
2023.acl-long.390,2023,ACL,0,0
2023.acl-long.391,2023,ACL,1,1
2023.acl-long.392,2023,ACL,1,0
2023.acl-long.393,2023,ACL,1,0
2023.acl-long.394,2023,ACL,1,1
2023.acl-long.395,2023,ACL,1,1
2023.acl-long.396,2023,ACL,0,0
2023.acl-long.397,2023,ACL,1,1
2023.acl-long.398,2023,ACL,0,0
2023.acl-long.399,2023,ACL,1,1
2023.acl-long.4,2023,ACL,0,0
2023.acl-long.40,2023,ACL,1,1
2023.acl-long.400,2023,ACL,0,0
2023.acl-long.401,2023,ACL,1,1
2023.acl-long.402,2023,ACL,1,1
2023.acl-long.403,2023,ACL,1,1
2023.acl-long.404,2023,ACL,1,0
2023.acl-long.405,2023,ACL,1,1
2023.acl-long.406,2023,ACL,1,1
2023.acl-long.407,2023,ACL,1,1
2023.acl-long.408,2023,ACL,1,1
2023.acl-long.409,2023,ACL,0,0
2023.acl-long.41,2023,ACL,1,1
2023.acl-long.410,2023,ACL,1,1
2023.acl-long.411,2023,ACL,0,0
2023.acl-long.412,2023,ACL,1,0
2023.acl-long.413,2023,ACL,0,0
2023.acl-long.414,2023,ACL,1,0
2023.acl-long.415,2023,ACL,1,1
2023.acl-long.416,2023,ACL,1,1
2023.acl-long.417,2023,ACL,1,1
2023.acl-long.418,2023,ACL,1,1
2023.acl-long.419,2023,ACL,0,0
2023.acl-long.42,2023,ACL,1,1
2023.acl-long.420,2023,ACL,0,0
2023.acl-long.421,2023,ACL,1,1
2023.acl-long.422,2023,ACL,0,0
2023.acl-long.423,2023,ACL,1,1
2023.acl-long.424,2023,ACL,1,1
2023.acl-long.425,2023,ACL,1,1
2023.acl-long.426,2023,ACL,1,1
2023.acl-long.427,2023,ACL,0,0
2023.acl-long.428,2023,ACL,1,1
2023.acl-long.429,2023,ACL,0,0
2023.acl-long.43,2023,ACL,1,1
2023.acl-long.430,2023,ACL,0,0
2023.acl-long.431,2023,ACL,1,0
2023.acl-long.432,2023,ACL,0,0
2023.acl-long.433,2023,ACL,1,0
2023.acl-long.434,2023,ACL,1,0
2023.acl-long.435,2023,ACL,0,0
2023.acl-long.436,2023,ACL,1,1
2023.acl-long.437,2023,ACL,0,0
2023.acl-long.438,2023,ACL,1,1
2023.acl-long.439,2023,ACL,1,1
2023.acl-long.44,2023,ACL,1,1
2023.acl-long.440,2023,ACL,1,0
2023.acl-long.441,2023,ACL,0,0
2023.acl-long.442,2023,ACL,0,0
2023.acl-long.443,2023,ACL,1,0
2023.acl-long.444,2023,ACL,0,0
2023.acl-long.445,2023,ACL,1,1
2023.acl-long.446,2023,ACL,1,1
2023.acl-long.447,2023,ACL,1,1
2023.acl-long.448,2023,ACL,1,1
2023.acl-long.449,2023,ACL,1,1
2023.acl-long.45,2023,ACL,1,1
2023.acl-long.450,2023,ACL,1,0
2023.acl-long.451,2023,ACL,1,1
2023.acl-long.452,2023,ACL,1,1
2023.acl-long.453,2023,ACL,1,1
2023.acl-long.454,2023,ACL,0,0
2023.acl-long.455,2023,ACL,1,0
2023.acl-long.456,2023,ACL,1,0
2023.acl-long.457,2023,ACL,1,0
2023.acl-long.458,2023,ACL,1,1
2023.acl-long.459,2023,ACL,0,0
2023.acl-long.46,2023,ACL,1,0
2023.acl-long.460,2023,ACL,0,0
2023.acl-long.461,2023,ACL,1,1
2023.acl-long.462,2023,ACL,1,1
2023.acl-long.463,2023,ACL,0,0
2023.acl-long.464,2023,ACL,1,1
2023.acl-long.465,2023,ACL,1,0
2023.acl-long.466,2023,ACL,1,1
2023.acl-long.467,2023,ACL,1,1
2023.acl-long.468,2023,ACL,1,1
2023.acl-long.469,2023,ACL,0,0
2023.acl-long.47,2023,ACL,0,0
2023.acl-long.470,2023,ACL,1,1
2023.acl-long.471,2023,ACL,1,0
2023.acl-long.472,2023,ACL,1,1
2023.acl-long.473,2023,ACL,1,1
2023.acl-long.474,2023,ACL,0,0
2023.acl-long.475,2023,ACL,1,1
2023.acl-long.476,2023,ACL,1,1
2023.acl-long.477,2023,ACL,0,0
2023.acl-long.478,2023,ACL,1,1
2023.acl-long.479,2023,ACL,1,1
2023.acl-long.48,2023,ACL,1,0
2023.acl-long.480,2023,ACL,0,0
2023.acl-long.481,2023,ACL,1,1
2023.acl-long.482,2023,ACL,0,0
2023.acl-long.483,2023,ACL,1,1
2023.acl-long.484,2023,ACL,1,0
2023.acl-long.485,2023,ACL,1,1
2023.acl-long.486,2023,ACL,1,1
2023.acl-long.487,2023,ACL,1,1
2023.acl-long.488,2023,ACL,1,0
2023.acl-long.489,2023,ACL,0,0
2023.acl-long.49,2023,ACL,0,0
2023.acl-long.490,2023,ACL,1,0
2023.acl-long.491,2023,ACL,0,0
2023.acl-long.492,2023,ACL,1,1
2023.acl-long.493,2023,ACL,1,1
2023.acl-long.494,2023,ACL,0,0
2023.acl-long.495,2023,ACL,1,1
2023.acl-long.496,2023,ACL,1,1
2023.acl-long.497,2023,ACL,1,1
2023.acl-long.498,2023,ACL,1,1
2023.acl-long.499,2023,ACL,0,0
2023.acl-long.5,2023,ACL,0,0
2023.acl-long.50,2023,ACL,1,1
2023.acl-long.500,2023,ACL,1,1
2023.acl-long.501,2023,ACL,1,0
2023.acl-long.502,2023,ACL,1,1
2023.acl-long.503,2023,ACL,0,0
2023.acl-long.504,2023,ACL,1,1
2023.acl-long.505,2023,ACL,0,0
2023.acl-long.506,2023,ACL,1,1
2023.acl-long.507,2023,ACL,1,0
2023.acl-long.508,2023,ACL,0,0
2023.acl-long.509,2023,ACL,1,1
2023.acl-long.51,2023,ACL,0,0
2023.acl-long.510,2023,ACL,1,1
2023.acl-long.511,2023,ACL,0,0
2023.acl-long.512,2023,ACL,1,1
2023.acl-long.513,2023,ACL,0,0
2023.acl-long.514,2023,ACL,1,0
2023.acl-long.515,2023,ACL,1,1
2023.acl-long.516,2023,ACL,1,0
2023.acl-long.517,2023,ACL,1,1
2023.acl-long.518,2023,ACL,1,1
2023.acl-long.519,2023,ACL,1,1
2023.acl-long.52,2023,ACL,0,0
2023.acl-long.520,2023,ACL,1,1
2023.acl-long.521,2023,ACL,0,0
2023.acl-long.522,2023,ACL,1,1
2023.acl-long.523,2023,ACL,0,0
2023.acl-long.524,2023,ACL,0,0
2023.acl-long.525,2023,ACL,1,1
2023.acl-long.526,2023,ACL,1,0
2023.acl-long.527,2023,ACL,1,1
2023.acl-long.528,2023,ACL,0,0
2023.acl-long.529,2023,ACL,0,0
2023.acl-long.53,2023,ACL,1,1
2023.acl-long.530,2023,ACL,0,0
2023.acl-long.531,2023,ACL,1,1
2023.acl-long.532,2023,ACL,1,0
2023.acl-long.533,2023,ACL,1,1
2023.acl-long.534,2023,ACL,1,0
2023.acl-long.535,2023,ACL,1,1
2023.acl-long.536,2023,ACL,1,1
2023.acl-long.537,2023,ACL,1,1
2023.acl-long.538,2023,ACL,1,1
2023.acl-long.539,2023,ACL,1,1
2023.acl-long.54,2023,ACL,1,1
2023.acl-long.540,2023,ACL,1,1
2023.acl-long.541,2023,ACL,1,0
2023.acl-long.542,2023,ACL,1,1
2023.acl-long.543,2023,ACL,0,0
2023.acl-long.544,2023,ACL,1,1
2023.acl-long.545,2023,ACL,0,0
2023.acl-long.546,2023,ACL,1,1
2023.acl-long.547,2023,ACL,0,0
2023.acl-long.548,2023,ACL,0,0
2023.acl-long.549,2023,ACL,0,0
2023.acl-long.55,2023,ACL,1,0
2023.acl-long.550,2023,ACL,0,0
2023.acl-long.551,2023,ACL,1,1
2023.acl-long.552,2023,ACL,0,0
2023.acl-long.553,2023,ACL,1,1
2023.acl-long.554,2023,ACL,0,0
2023.acl-long.555,2023,ACL,1,1
2023.acl-long.556,2023,ACL,1,0
2023.acl-long.557,2023,ACL,0,0
2023.acl-long.558,2023,ACL,1,1
2023.acl-long.559,2023,ACL,0,0
2023.acl-long.56,2023,ACL,1,1
2023.acl-long.560,2023,ACL,0,0
2023.acl-long.561,2023,ACL,1,1
2023.acl-long.562,2023,ACL,0,0
2023.acl-long.563,2023,ACL,1,1
2023.acl-long.564,2023,ACL,1,0
2023.acl-long.565,2023,ACL,1,1
2023.acl-long.566,2023,ACL,0,0
2023.acl-long.567,2023,ACL,1,1
2023.acl-long.568,2023,ACL,0,0
2023.acl-long.569,2023,ACL,1,1
2023.acl-long.57,2023,ACL,1,0
2023.acl-long.570,2023,ACL,1,1
2023.acl-long.571,2023,ACL,1,1
2023.acl-long.572,2023,ACL,1,1
2023.acl-long.573,2023,ACL,1,1
2023.acl-long.574,2023,ACL,0,0
2023.acl-long.575,2023,ACL,1,1
2023.acl-long.576,2023,ACL,1,1
2023.acl-long.577,2023,ACL,1,1
2023.acl-long.578,2023,ACL,1,0
2023.acl-long.579,2023,ACL,1,0
2023.acl-long.58,2023,ACL,0,0
2023.acl-long.580,2023,ACL,1,0
2023.acl-long.581,2023,ACL,0,0
2023.acl-long.582,2023,ACL,1,0
2023.acl-long.583,2023,ACL,1,1
2023.acl-long.584,2023,ACL,1,0
2023.acl-long.585,2023,ACL,1,1
2023.acl-long.586,2023,ACL,0,0
2023.acl-long.587,2023,ACL,1,1
2023.acl-long.588,2023,ACL,0,0
2023.acl-long.589,2023,ACL,0,0
2023.acl-long.59,2023,ACL,0,0
2023.acl-long.590,2023,ACL,0,0
2023.acl-long.591,2023,ACL,1,0
2023.acl-long.592,2023,ACL,1,1
2023.acl-long.593,2023,ACL,1,1
2023.acl-long.594,2023,ACL,1,1
2023.acl-long.595,2023,ACL,1,1
2023.acl-long.596,2023,ACL,1,1
2023.acl-long.597,2023,ACL,0,0
2023.acl-long.598,2023,ACL,0,0
2023.acl-long.599,2023,ACL,1,1
2023.acl-long.6,2023,ACL,1,1
2023.acl-long.60,2023,ACL,1,1
2023.acl-long.600,2023,ACL,1,1
2023.acl-long.601,2023,ACL,1,1
2023.acl-long.602,2023,ACL,0,0
2023.acl-long.603,2023,ACL,1,0
2023.acl-long.604,2023,ACL,1,1
2023.acl-long.605,2023,ACL,1,1
2023.acl-long.606,2023,ACL,1,1
2023.acl-long.607,2023,ACL,1,1
2023.acl-long.608,2023,ACL,1,1
2023.acl-long.609,2023,ACL,1,0
2023.acl-long.61,2023,ACL,1,1
2023.acl-long.610,2023,ACL,0,0
2023.acl-long.611,2023,ACL,1,1
2023.acl-long.612,2023,ACL,1,0
2023.acl-long.613,2023,ACL,0,0
2023.acl-long.614,2023,ACL,1,1
2023.acl-long.615,2023,ACL,1,1
2023.acl-long.616,2023,ACL,1,0
2023.acl-long.617,2023,ACL,1,0
2023.acl-long.618,2023,ACL,1,1
2023.acl-long.619,2023,ACL,0,0
2023.acl-long.62,2023,ACL,1,1
2023.acl-long.620,2023,ACL,0,0
2023.acl-long.621,2023,ACL,1,1
2023.acl-long.622,2023,ACL,0,0
2023.acl-long.623,2023,ACL,1,1
2023.acl-long.624,2023,ACL,1,1
2023.acl-long.625,2023,ACL,1,1
2023.acl-long.626,2023,ACL,0,0
2023.acl-long.627,2023,ACL,1,1
2023.acl-long.628,2023,ACL,1,1
2023.acl-long.629,2023,ACL,0,0
2023.acl-long.63,2023,ACL,1,1
2023.acl-long.630,2023,ACL,1,1
2023.acl-long.631,2023,ACL,0,0
2023.acl-long.632,2023,ACL,0,0
2023.acl-long.633,2023,ACL,0,0
2023.acl-long.634,2023,ACL,1,1
2023.acl-long.635,2023,ACL,0,0
2023.acl-long.636,2023,ACL,1,1
2023.acl-long.637,2023,ACL,1,1
2023.acl-long.638,2023,ACL,0,0
2023.acl-long.639,2023,ACL,1,1
2023.acl-long.64,2023,ACL,0,0
2023.acl-long.640,2023,ACL,1,1
2023.acl-long.641,2023,ACL,1,1
2023.acl-long.642,2023,ACL,1,1
2023.acl-long.643,2023,ACL,1,1
2023.acl-long.644,2023,ACL,1,1
2023.acl-long.645,2023,ACL,1,1
2023.acl-long.646,2023,ACL,1,1
2023.acl-long.647,2023,ACL,1,1
2023.acl-long.648,2023,ACL,0,0
2023.acl-long.649,2023,ACL,1,1
2023.acl-long.65,2023,ACL,1,1
2023.acl-long.650,2023,ACL,0,0
2023.acl-long.651,2023,ACL,1,1
2023.acl-long.652,2023,ACL,1,0
2023.acl-long.653,2023,ACL,1,1
2023.acl-long.654,2023,ACL,1,0
2023.acl-long.655,2023,ACL,0,0
2023.acl-long.656,2023,ACL,1,1
2023.acl-long.657,2023,ACL,1,1
2023.acl-long.658,2023,ACL,1,1
2023.acl-long.659,2023,ACL,0,0
2023.acl-long.66,2023,ACL,1,1
2023.acl-long.660,2023,ACL,0,0
2023.acl-long.661,2023,ACL,1,1
2023.acl-long.662,2023,ACL,1,1
2023.acl-long.663,2023,ACL,1,1
2023.acl-long.664,2023,ACL,0,0
2023.acl-long.665,2023,ACL,1,0
2023.acl-long.666,2023,ACL,1,1
2023.acl-long.667,2023,ACL,0,0
2023.acl-long.668,2023,ACL,0,0
2023.acl-long.669,2023,ACL,0,0
2023.acl-long.67,2023,ACL,1,0
2023.acl-long.670,2023,ACL,1,1
2023.acl-long.671,2023,ACL,1,1
2023.acl-long.672,2023,ACL,1,1
2023.acl-long.673,2023,ACL,0,0
2023.acl-long.674,2023,ACL,0,0
2023.acl-long.675,2023,ACL,0,0
2023.acl-long.676,2023,ACL,1,1
2023.acl-long.677,2023,ACL,1,1
2023.acl-long.678,2023,ACL,1,1
2023.acl-long.679,2023,ACL,1,1
2023.acl-long.68,2023,ACL,0,0
2023.acl-long.680,2023,ACL,1,1
2023.acl-long.681,2023,ACL,1,1
2023.acl-long.682,2023,ACL,1,1
2023.acl-long.683,2023,ACL,1,1
2023.acl-long.684,2023,ACL,1,1
2023.acl-long.685,2023,ACL,1,0
2023.acl-long.686,2023,ACL,1,1
2023.acl-long.687,2023,ACL,1,1
2023.acl-long.688,2023,ACL,1,1
2023.acl-long.689,2023,ACL,1,0
2023.acl-long.69,2023,ACL,1,1
2023.acl-long.690,2023,ACL,0,0
2023.acl-long.691,2023,ACL,0,0
2023.acl-long.692,2023,ACL,1,1
2023.acl-long.693,2023,ACL,1,0
2023.acl-long.694,2023,ACL,0,0
2023.acl-long.695,2023,ACL,1,1
2023.acl-long.696,2023,ACL,1,1
2023.acl-long.697,2023,ACL,0,0
2023.acl-long.698,2023,ACL,1,1
2023.acl-long.699,2023,ACL,1,0
2023.acl-long.7,2023,ACL,0,0
2023.acl-long.70,2023,ACL,1,1
2023.acl-long.700,2023,ACL,1,1
2023.acl-long.701,2023,ACL,1,1
2023.acl-long.702,2023,ACL,1,1
2023.acl-long.703,2023,ACL,1,0
2023.acl-long.704,2023,ACL,1,1
2023.acl-long.705,2023,ACL,1,0
2023.acl-long.706,2023,ACL,1,1
2023.acl-long.707,2023,ACL,1,1
2023.acl-long.708,2023,ACL,1,1
2023.acl-long.709,2023,ACL,1,1
2023.acl-long.71,2023,ACL,1,1
2023.acl-long.710,2023,ACL,1,0
2023.acl-long.711,2023,ACL,0,0
2023.acl-long.712,2023,ACL,0,0
2023.acl-long.713,2023,ACL,1,1
2023.acl-long.714,2023,ACL,0,0
2023.acl-long.715,2023,ACL,1,1
2023.acl-long.716,2023,ACL,0,0
2023.acl-long.717,2023,ACL,1,1
2023.acl-long.718,2023,ACL,1,1
2023.acl-long.719,2023,ACL,1,1
2023.acl-long.72,2023,ACL,0,0
2023.acl-long.720,2023,ACL,1,1
2023.acl-long.721,2023,ACL,1,1
2023.acl-long.722,2023,ACL,1,1
2023.acl-long.723,2023,ACL,1,1
2023.acl-long.724,2023,ACL,1,1
2023.acl-long.725,2023,ACL,1,1
2023.acl-long.726,2023,ACL,0,0
2023.acl-long.727,2023,ACL,1,1
2023.acl-long.728,2023,ACL,1,1
2023.acl-long.729,2023,ACL,0,0
2023.acl-long.73,2023,ACL,0,0
2023.acl-long.730,2023,ACL,0,0
2023.acl-long.731,2023,ACL,1,1
2023.acl-long.732,2023,ACL,1,1
2023.acl-long.733,2023,ACL,1,1
2023.acl-long.734,2023,ACL,0,0
2023.acl-long.735,2023,ACL,0,0
2023.acl-long.736,2023,ACL,0,0
2023.acl-long.737,2023,ACL,1,1
2023.acl-long.738,2023,ACL,1,1
2023.acl-long.739,2023,ACL,1,0
2023.acl-long.74,2023,ACL,1,1
2023.acl-long.740,2023,ACL,1,1
2023.acl-long.741,2023,ACL,1,0
2023.acl-long.742,2023,ACL,0,0
2023.acl-long.743,2023,ACL,1,1
2023.acl-long.744,2023,ACL,1,1
2023.acl-long.745,2023,ACL,1,1
2023.acl-long.746,2023,ACL,0,0
2023.acl-long.747,2023,ACL,1,1
2023.acl-long.748,2023,ACL,1,0
2023.acl-long.749,2023,ACL,1,1
2023.acl-long.75,2023,ACL,0,0
2023.acl-long.750,2023,ACL,0,0
2023.acl-long.751,2023,ACL,1,1
2023.acl-long.752,2023,ACL,0,0
2023.acl-long.753,2023,ACL,1,1
2023.acl-long.754,2023,ACL,0,0
2023.acl-long.755,2023,ACL,1,1
2023.acl-long.756,2023,ACL,1,1
2023.acl-long.757,2023,ACL,0,0
2023.acl-long.758,2023,ACL,1,1
2023.acl-long.759,2023,ACL,0,0
2023.acl-long.76,2023,ACL,1,1
2023.acl-long.760,2023,ACL,1,1
2023.acl-long.761,2023,ACL,1,0
2023.acl-long.762,2023,ACL,0,0
2023.acl-long.763,2023,ACL,1,1
2023.acl-long.764,2023,ACL,1,1
2023.acl-long.765,2023,ACL,0,0
2023.acl-long.766,2023,ACL,1,0
2023.acl-long.767,2023,ACL,0,0
2023.acl-long.768,2023,ACL,0,0
2023.acl-long.769,2023,ACL,1,0
2023.acl-long.77,2023,ACL,1,1
2023.acl-long.770,2023,ACL,0,0
2023.acl-long.771,2023,ACL,1,1
2023.acl-long.772,2023,ACL,1,1
2023.acl-long.773,2023,ACL,0,0
2023.acl-long.774,2023,ACL,0,0
2023.acl-long.775,2023,ACL,1,1
2023.acl-long.776,2023,ACL,0,0
2023.acl-long.777,2023,ACL,0,0
2023.acl-long.778,2023,ACL,0,0
2023.acl-long.779,2023,ACL,1,0
2023.acl-long.78,2023,ACL,1,1
2023.acl-long.780,2023,ACL,0,0
2023.acl-long.781,2023,ACL,1,0
2023.acl-long.782,2023,ACL,0,0
2023.acl-long.783,2023,ACL,1,0
2023.acl-long.784,2023,ACL,0,0
2023.acl-long.785,2023,ACL,1,1
2023.acl-long.786,2023,ACL,1,1
2023.acl-long.787,2023,ACL,0,0
2023.acl-long.788,2023,ACL,1,1
2023.acl-long.789,2023,ACL,1,0
2023.acl-long.79,2023,ACL,0,0
2023.acl-long.790,2023,ACL,1,0
2023.acl-long.791,2023,ACL,1,0
2023.acl-long.792,2023,ACL,0,0
2023.acl-long.793,2023,ACL,1,0
2023.acl-long.794,2023,ACL,0,0
2023.acl-long.795,2023,ACL,1,1
2023.acl-long.796,2023,ACL,1,0
2023.acl-long.797,2023,ACL,0,0
2023.acl-long.798,2023,ACL,1,1
2023.acl-long.799,2023,ACL,1,1
2023.acl-long.8,2023,ACL,1,1
2023.acl-long.80,2023,ACL,0,0
2023.acl-long.800,2023,ACL,1,1
2023.acl-long.801,2023,ACL,0,0
2023.acl-long.802,2023,ACL,1,1
2023.acl-long.803,2023,ACL,0,0
2023.acl-long.804,2023,ACL,0,0
2023.acl-long.805,2023,ACL,0,0
2023.acl-long.806,2023,ACL,1,1
2023.acl-long.807,2023,ACL,0,0
2023.acl-long.808,2023,ACL,0,0
2023.acl-long.809,2023,ACL,0,0
2023.acl-long.81,2023,ACL,1,0
2023.acl-long.810,2023,ACL,1,0
2023.acl-long.811,2023,ACL,1,0
2023.acl-long.812,2023,ACL,1,1
2023.acl-long.813,2023,ACL,0,0
2023.acl-long.814,2023,ACL,0,0
2023.acl-long.815,2023,ACL,1,0
2023.acl-long.816,2023,ACL,1,1
2023.acl-long.817,2023,ACL,0,0
2023.acl-long.818,2023,ACL,1,1
2023.acl-long.819,2023,ACL,1,1
2023.acl-long.82,2023,ACL,1,1
2023.acl-long.820,2023,ACL,1,1
2023.acl-long.821,2023,ACL,1,1
2023.acl-long.822,2023,ACL,0,0
2023.acl-long.823,2023,ACL,1,0
2023.acl-long.824,2023,ACL,0,0
2023.acl-long.825,2023,ACL,1,1
2023.acl-long.826,2023,ACL,1,1
2023.acl-long.827,2023,ACL,1,1
2023.acl-long.828,2023,ACL,0,0
2023.acl-long.829,2023,ACL,1,1
2023.acl-long.83,2023,ACL,0,0
2023.acl-long.830,2023,ACL,0,0
2023.acl-long.831,2023,ACL,0,0
2023.acl-long.832,2023,ACL,0,0
2023.acl-long.833,2023,ACL,1,0
2023.acl-long.834,2023,ACL,1,1
2023.acl-long.835,2023,ACL,0,0
2023.acl-long.836,2023,ACL,1,1
2023.acl-long.837,2023,ACL,1,1
2023.acl-long.838,2023,ACL,1,1
2023.acl-long.839,2023,ACL,0,0
2023.acl-long.84,2023,ACL,0,0
2023.acl-long.840,2023,ACL,1,0
2023.acl-long.841,2023,ACL,1,0
2023.acl-long.842,2023,ACL,1,1
2023.acl-long.843,2023,ACL,1,1
2023.acl-long.844,2023,ACL,1,1
2023.acl-long.845,2023,ACL,0,0
2023.acl-long.846,2023,ACL,1,1
2023.acl-long.847,2023,ACL,0,0
2023.acl-long.848,2023,ACL,1,1
2023.acl-long.849,2023,ACL,1,1
2023.acl-long.85,2023,ACL,0,0
2023.acl-long.850,2023,ACL,0,0
2023.acl-long.851,2023,ACL,0,0
2023.acl-long.852,2023,ACL,1,1
2023.acl-long.853,2023,ACL,1,1
2023.acl-long.854,2023,ACL,1,1
2023.acl-long.855,2023,ACL,0,0
2023.acl-long.856,2023,ACL,1,1
2023.acl-long.857,2023,ACL,1,1
2023.acl-long.858,2023,ACL,1,0
2023.acl-long.859,2023,ACL,0,0
2023.acl-long.86,2023,ACL,1,1
2023.acl-long.860,2023,ACL,1,1
2023.acl-long.861,2023,ACL,1,1
2023.acl-long.862,2023,ACL,1,1
2023.acl-long.863,2023,ACL,1,1
2023.acl-long.864,2023,ACL,0,0
2023.acl-long.865,2023,ACL,0,0
2023.acl-long.866,2023,ACL,0,0
2023.acl-long.867,2023,ACL,1,1
2023.acl-long.868,2023,ACL,1,1
2023.acl-long.869,2023,ACL,1,0
2023.acl-long.87,2023,ACL,0,0
2023.acl-long.870,2023,ACL,0,0
2023.acl-long.871,2023,ACL,0,0
2023.acl-long.872,2023,ACL,1,0
2023.acl-long.873,2023,ACL,1,1
2023.acl-long.874,2023,ACL,1,0
2023.acl-long.875,2023,ACL,1,1
2023.acl-long.876,2023,ACL,1,1
2023.acl-long.877,2023,ACL,1,1
2023.acl-long.878,2023,ACL,0,0
2023.acl-long.879,2023,ACL,1,1
2023.acl-long.88,2023,ACL,1,1
2023.acl-long.880,2023,ACL,1,1
2023.acl-long.881,2023,ACL,1,0
2023.acl-long.882,2023,ACL,1,1
2023.acl-long.883,2023,ACL,0,0
2023.acl-long.884,2023,ACL,1,1
2023.acl-long.885,2023,ACL,1,1
2023.acl-long.886,2023,ACL,1,0
2023.acl-long.887,2023,ACL,0,0
2023.acl-long.888,2023,ACL,1,1
2023.acl-long.889,2023,ACL,1,1
2023.acl-long.89,2023,ACL,1,1
2023.acl-long.890,2023,ACL,1,1
2023.acl-long.891,2023,ACL,0,0
2023.acl-long.892,2023,ACL,1,1
2023.acl-long.893,2023,ACL,0,0
2023.acl-long.894,2023,ACL,0,0
2023.acl-long.895,2023,ACL,0,0
2023.acl-long.896,2023,ACL,1,1
2023.acl-long.897,2023,ACL,0,0
2023.acl-long.898,2023,ACL,1,1
2023.acl-long.899,2023,ACL,1,1
2023.acl-long.9,2023,ACL,0,0
2023.acl-long.90,2023,ACL,0,0
2023.acl-long.900,2023,ACL,0,0
2023.acl-long.901,2023,ACL,1,0
2023.acl-long.902,2023,ACL,0,0
2023.acl-long.903,2023,ACL,0,0
2023.acl-long.904,2023,ACL,0,0
2023.acl-long.905,2023,ACL,1,1
2023.acl-long.906,2023,ACL,0,0
2023.acl-long.907,2023,ACL,0,0
2023.acl-long.908,2023,ACL,1,0
2023.acl-long.909,2023,ACL,0,0
2023.acl-long.91,2023,ACL,1,1
2023.acl-long.910,2023,ACL,0,0
2023.acl-long.911,2023,ACL,0,0
2023.acl-long.92,2023,ACL,1,1
2023.acl-long.93,2023,ACL,1,1
2023.acl-long.94,2023,ACL,0,0
2023.acl-long.95,2023,ACL,1,1
2023.acl-long.96,2023,ACL,1,0
2023.acl-long.97,2023,ACL,1,1
2023.acl-long.98,2023,ACL,0,0
2023.acl-long.99,2023,ACL,0,0
2023.emnlp-main.1,2023,EMNLP,0,0
2023.emnlp-main.10,2023,EMNLP,0,0
2023.emnlp-main.100,2023,EMNLP,0,0
2023.emnlp-main.1000,2023,EMNLP,0,0
2023.emnlp-main.1001,2023,EMNLP,0,0
2023.emnlp-main.1002,2023,EMNLP,1,1
2023.emnlp-main.1003,2023,EMNLP,1,1
2023.emnlp-main.1004,2023,EMNLP,1,1
2023.emnlp-main.1005,2023,EMNLP,1,1
2023.emnlp-main.1006,2023,EMNLP,0,0
2023.emnlp-main.1007,2023,EMNLP,0,0
2023.emnlp-main.1008,2023,EMNLP,0,0
2023.emnlp-main.1009,2023,EMNLP,0,0
2023.emnlp-main.101,2023,EMNLP,0,0
2023.emnlp-main.1010,2023,EMNLP,1,1
2023.emnlp-main.1011,2023,EMNLP,1,1
2023.emnlp-main.1012,2023,EMNLP,1,1
2023.emnlp-main.1013,2023,EMNLP,0,0
2023.emnlp-main.1014,2023,EMNLP,1,0
2023.emnlp-main.1015,2023,EMNLP,0,0
2023.emnlp-main.1016,2023,EMNLP,0,0
2023.emnlp-main.1017,2023,EMNLP,0,0
2023.emnlp-main.1018,2023,EMNLP,1,0
2023.emnlp-main.1019,2023,EMNLP,1,1
2023.emnlp-main.102,2023,EMNLP,0,0
2023.emnlp-main.1020,2023,EMNLP,1,0
2023.emnlp-main.1021,2023,EMNLP,1,1
2023.emnlp-main.1022,2023,EMNLP,0,0
2023.emnlp-main.1023,2023,EMNLP,0,0
2023.emnlp-main.1024,2023,EMNLP,0,0
2023.emnlp-main.1025,2023,EMNLP,1,0
2023.emnlp-main.1026,2023,EMNLP,0,0
2023.emnlp-main.1027,2023,EMNLP,1,1
2023.emnlp-main.1028,2023,EMNLP,1,1
2023.emnlp-main.1029,2023,EMNLP,1,1
2023.emnlp-main.103,2023,EMNLP,0,0
2023.emnlp-main.1030,2023,EMNLP,1,1
2023.emnlp-main.1031,2023,EMNLP,1,1
2023.emnlp-main.1032,2023,EMNLP,1,0
2023.emnlp-main.1033,2023,EMNLP,1,1
2023.emnlp-main.1034,2023,EMNLP,1,1
2023.emnlp-main.1035,2023,EMNLP,1,0
2023.emnlp-main.1036,2023,EMNLP,0,0
2023.emnlp-main.1037,2023,EMNLP,0,0
2023.emnlp-main.1038,2023,EMNLP,1,1
2023.emnlp-main.1039,2023,EMNLP,1,1
2023.emnlp-main.104,2023,EMNLP,0,0
2023.emnlp-main.1040,2023,EMNLP,0,0
2023.emnlp-main.1041,2023,EMNLP,0,0
2023.emnlp-main.1042,2023,EMNLP,0,0
2023.emnlp-main.1043,2023,EMNLP,1,1
2023.emnlp-main.1044,2023,EMNLP,1,1
2023.emnlp-main.1045,2023,EMNLP,0,0
2023.emnlp-main.1046,2023,EMNLP,1,1
2023.emnlp-main.1047,2023,EMNLP,0,0
2023.emnlp-main.105,2023,EMNLP,0,0
2023.emnlp-main.106,2023,EMNLP,0,0
2023.emnlp-main.107,2023,EMNLP,0,0
2023.emnlp-main.108,2023,EMNLP,1,1
2023.emnlp-main.109,2023,EMNLP,0,0
2023.emnlp-main.11,2023,EMNLP,0,0
2023.emnlp-main.110,2023,EMNLP,1,1
2023.emnlp-main.111,2023,EMNLP,1,1
2023.emnlp-main.112,2023,EMNLP,1,1
2023.emnlp-main.113,2023,EMNLP,0,0
2023.emnlp-main.114,2023,EMNLP,0,0
2023.emnlp-main.115,2023,EMNLP,0,0
2023.emnlp-main.116,2023,EMNLP,0,0
2023.emnlp-main.117,2023,EMNLP,1,1
2023.emnlp-main.118,2023,EMNLP,1,1
2023.emnlp-main.119,2023,EMNLP,0,0
2023.emnlp-main.12,2023,EMNLP,1,1
2023.emnlp-main.120,2023,EMNLP,1,1
2023.emnlp-main.121,2023,EMNLP,1,1
2023.emnlp-main.122,2023,EMNLP,0,0
2023.emnlp-main.123,2023,EMNLP,1,0
2023.emnlp-main.124,2023,EMNLP,0,0
2023.emnlp-main.125,2023,EMNLP,0,0
2023.emnlp-main.126,2023,EMNLP,0,0
2023.emnlp-main.127,2023,EMNLP,0,0
2023.emnlp-main.128,2023,EMNLP,1,1
2023.emnlp-main.129,2023,EMNLP,1,0
2023.emnlp-main.13,2023,EMNLP,0,0
2023.emnlp-main.130,2023,EMNLP,0,0
2023.emnlp-main.131,2023,EMNLP,0,0
2023.emnlp-main.132,2023,EMNLP,0,0
2023.emnlp-main.133,2023,EMNLP,1,1
2023.emnlp-main.134,2023,EMNLP,1,1
2023.emnlp-main.135,2023,EMNLP,1,1
2023.emnlp-main.136,2023,EMNLP,0,0
2023.emnlp-main.137,2023,EMNLP,0,0
2023.emnlp-main.138,2023,EMNLP,1,1
2023.emnlp-main.139,2023,EMNLP,1,1
2023.emnlp-main.14,2023,EMNLP,0,0
2023.emnlp-main.140,2023,EMNLP,1,1
2023.emnlp-main.141,2023,EMNLP,1,1
2023.emnlp-main.142,2023,EMNLP,0,0
2023.emnlp-main.143,2023,EMNLP,1,1
2023.emnlp-main.144,2023,EMNLP,1,0
2023.emnlp-main.145,2023,EMNLP,1,1
2023.emnlp-main.146,2023,EMNLP,0,0
2023.emnlp-main.147,2023,EMNLP,1,0
2023.emnlp-main.148,2023,EMNLP,0,0
2023.emnlp-main.149,2023,EMNLP,0,0
2023.emnlp-main.15,2023,EMNLP,0,0
2023.emnlp-main.150,2023,EMNLP,0,0
2023.emnlp-main.151,2023,EMNLP,0,0
2023.emnlp-main.152,2023,EMNLP,0,0
2023.emnlp-main.153,2023,EMNLP,0,0
2023.emnlp-main.154,2023,EMNLP,0,0
2023.emnlp-main.155,2023,EMNLP,0,0
2023.emnlp-main.156,2023,EMNLP,0,0
2023.emnlp-main.157,2023,EMNLP,0,0
2023.emnlp-main.158,2023,EMNLP,0,0
2023.emnlp-main.159,2023,EMNLP,0,0
2023.emnlp-main.16,2023,EMNLP,0,0
2023.emnlp-main.160,2023,EMNLP,0,0
2023.emnlp-main.161,2023,EMNLP,1,1
2023.emnlp-main.162,2023,EMNLP,0,0
2023.emnlp-main.163,2023,EMNLP,0,0
2023.emnlp-main.164,2023,EMNLP,1,1
2023.emnlp-main.165,2023,EMNLP,0,0
2023.emnlp-main.166,2023,EMNLP,0,0
2023.emnlp-main.167,2023,EMNLP,0,0
2023.emnlp-main.168,2023,EMNLP,1,1
2023.emnlp-main.169,2023,EMNLP,0,0
2023.emnlp-main.17,2023,EMNLP,0,0
2023.emnlp-main.170,2023,EMNLP,1,0
2023.emnlp-main.171,2023,EMNLP,1,1
2023.emnlp-main.172,2023,EMNLP,1,0
2023.emnlp-main.173,2023,EMNLP,0,0
2023.emnlp-main.174,2023,EMNLP,1,0
2023.emnlp-main.175,2023,EMNLP,1,0
2023.emnlp-main.176,2023,EMNLP,0,0
2023.emnlp-main.177,2023,EMNLP,1,1
2023.emnlp-main.178,2023,EMNLP,1,0
2023.emnlp-main.179,2023,EMNLP,1,1
2023.emnlp-main.18,2023,EMNLP,0,0
2023.emnlp-main.180,2023,EMNLP,0,0
2023.emnlp-main.181,2023,EMNLP,1,1
2023.emnlp-main.182,2023,EMNLP,1,1
2023.emnlp-main.183,2023,EMNLP,1,1
2023.emnlp-main.184,2023,EMNLP,0,0
2023.emnlp-main.185,2023,EMNLP,1,1
2023.emnlp-main.186,2023,EMNLP,1,1
2023.emnlp-main.187,2023,EMNLP,1,0
2023.emnlp-main.188,2023,EMNLP,0,0
2023.emnlp-main.189,2023,EMNLP,1,1
2023.emnlp-main.19,2023,EMNLP,0,0
2023.emnlp-main.190,2023,EMNLP,0,0
2023.emnlp-main.191,2023,EMNLP,1,1
2023.emnlp-main.192,2023,EMNLP,0,0
2023.emnlp-main.193,2023,EMNLP,0,0
2023.emnlp-main.194,2023,EMNLP,0,0
2023.emnlp-main.195,2023,EMNLP,0,0
2023.emnlp-main.196,2023,EMNLP,0,0
2023.emnlp-main.197,2023,EMNLP,1,0
2023.emnlp-main.198,2023,EMNLP,1,1
2023.emnlp-main.199,2023,EMNLP,1,1
2023.emnlp-main.2,2023,EMNLP,0,0
2023.emnlp-main.20,2023,EMNLP,0,0
2023.emnlp-main.200,2023,EMNLP,1,1
2023.emnlp-main.201,2023,EMNLP,0,0
2023.emnlp-main.202,2023,EMNLP,0,0
2023.emnlp-main.203,2023,EMNLP,0,0
2023.emnlp-main.204,2023,EMNLP,0,0
2023.emnlp-main.205,2023,EMNLP,0,0
2023.emnlp-main.206,2023,EMNLP,0,0
2023.emnlp-main.207,2023,EMNLP,1,0
2023.emnlp-main.208,2023,EMNLP,1,1
2023.emnlp-main.209,2023,EMNLP,0,0
2023.emnlp-main.21,2023,EMNLP,1,0
2023.emnlp-main.210,2023,EMNLP,0,0
2023.emnlp-main.211,2023,EMNLP,1,1
2023.emnlp-main.212,2023,EMNLP,0,0
2023.emnlp-main.213,2023,EMNLP,0,0
2023.emnlp-main.214,2023,EMNLP,1,1
2023.emnlp-main.215,2023,EMNLP,0,0
2023.emnlp-main.216,2023,EMNLP,0,0
2023.emnlp-main.217,2023,EMNLP,1,1
2023.emnlp-main.218,2023,EMNLP,1,1
2023.emnlp-main.219,2023,EMNLP,1,1
2023.emnlp-main.22,2023,EMNLP,1,1
2023.emnlp-main.220,2023,EMNLP,0,0
2023.emnlp-main.221,2023,EMNLP,1,1
2023.emnlp-main.222,2023,EMNLP,1,0
2023.emnlp-main.223,2023,EMNLP,1,1
2023.emnlp-main.224,2023,EMNLP,0,0
2023.emnlp-main.225,2023,EMNLP,1,1
2023.emnlp-main.226,2023,EMNLP,0,0
2023.emnlp-main.227,2023,EMNLP,1,1
2023.emnlp-main.228,2023,EMNLP,0,0
2023.emnlp-main.229,2023,EMNLP,0,0
2023.emnlp-main.23,2023,EMNLP,0,0
2023.emnlp-main.230,2023,EMNLP,1,0
2023.emnlp-main.231,2023,EMNLP,1,1
2023.emnlp-main.232,2023,EMNLP,1,1
2023.emnlp-main.233,2023,EMNLP,1,0
2023.emnlp-main.234,2023,EMNLP,0,0
2023.emnlp-main.235,2023,EMNLP,1,0
2023.emnlp-main.236,2023,EMNLP,1,1
2023.emnlp-main.237,2023,EMNLP,0,0
2023.emnlp-main.238,2023,EMNLP,0,0
2023.emnlp-main.239,2023,EMNLP,0,0
2023.emnlp-main.24,2023,EMNLP,0,0
2023.emnlp-main.240,2023,EMNLP,0,0
2023.emnlp-main.241,2023,EMNLP,0,0
2023.emnlp-main.242,2023,EMNLP,0,0
2023.emnlp-main.243,2023,EMNLP,1,0
2023.emnlp-main.244,2023,EMNLP,1,1
2023.emnlp-main.245,2023,EMNLP,1,0
2023.emnlp-main.246,2023,EMNLP,0,0
2023.emnlp-main.247,2023,EMNLP,1,1
2023.emnlp-main.248,2023,EMNLP,0,0
2023.emnlp-main.249,2023,EMNLP,1,1
2023.emnlp-main.25,2023,EMNLP,1,1
2023.emnlp-main.250,2023,EMNLP,1,1
2023.emnlp-main.251,2023,EMNLP,1,1
2023.emnlp-main.252,2023,EMNLP,1,0
2023.emnlp-main.253,2023,EMNLP,0,0
2023.emnlp-main.254,2023,EMNLP,1,1
2023.emnlp-main.255,2023,EMNLP,1,1
2023.emnlp-main.256,2023,EMNLP,0,0
2023.emnlp-main.257,2023,EMNLP,0,0
2023.emnlp-main.258,2023,EMNLP,0,0
2023.emnlp-main.259,2023,EMNLP,1,1
2023.emnlp-main.26,2023,EMNLP,0,0
2023.emnlp-main.260,2023,EMNLP,0,0
2023.emnlp-main.261,2023,EMNLP,1,1
2023.emnlp-main.262,2023,EMNLP,1,1
2023.emnlp-main.263,2023,EMNLP,0,0
2023.emnlp-main.264,2023,EMNLP,1,1
2023.emnlp-main.265,2023,EMNLP,1,1
2023.emnlp-main.266,2023,EMNLP,0,0
2023.emnlp-main.267,2023,EMNLP,1,1
2023.emnlp-main.268,2023,EMNLP,1,1
2023.emnlp-main.269,2023,EMNLP,1,0
2023.emnlp-main.27,2023,EMNLP,1,1
2023.emnlp-main.270,2023,EMNLP,1,1
2023.emnlp-main.271,2023,EMNLP,1,1
2023.emnlp-main.272,2023,EMNLP,0,0
2023.emnlp-main.273,2023,EMNLP,0,0
2023.emnlp-main.274,2023,EMNLP,0,0
2023.emnlp-main.275,2023,EMNLP,1,1
2023.emnlp-main.276,2023,EMNLP,0,0
2023.emnlp-main.277,2023,EMNLP,0,0
2023.emnlp-main.278,2023,EMNLP,0,0
2023.emnlp-main.279,2023,EMNLP,1,1
2023.emnlp-main.28,2023,EMNLP,1,0
2023.emnlp-main.280,2023,EMNLP,0,0
2023.emnlp-main.281,2023,EMNLP,1,0
2023.emnlp-main.282,2023,EMNLP,0,0
2023.emnlp-main.283,2023,EMNLP,0,0
2023.emnlp-main.284,2023,EMNLP,1,1
2023.emnlp-main.285,2023,EMNLP,1,1
2023.emnlp-main.286,2023,EMNLP,1,1
2023.emnlp-main.287,2023,EMNLP,0,0
2023.emnlp-main.288,2023,EMNLP,1,1
2023.emnlp-main.289,2023,EMNLP,1,1
2023.emnlp-main.29,2023,EMNLP,1,1
2023.emnlp-main.290,2023,EMNLP,0,0
2023.emnlp-main.291,2023,EMNLP,0,0
2023.emnlp-main.292,2023,EMNLP,0,0
2023.emnlp-main.293,2023,EMNLP,0,0
2023.emnlp-main.294,2023,EMNLP,0,0
2023.emnlp-main.295,2023,EMNLP,1,1
2023.emnlp-main.296,2023,EMNLP,1,1
2023.emnlp-main.297,2023,EMNLP,1,1
2023.emnlp-main.298,2023,EMNLP,0,0
2023.emnlp-main.299,2023,EMNLP,0,0
2023.emnlp-main.3,2023,EMNLP,0,0
2023.emnlp-main.30,2023,EMNLP,1,1
2023.emnlp-main.300,2023,EMNLP,1,1
2023.emnlp-main.301,2023,EMNLP,1,1
2023.emnlp-main.302,2023,EMNLP,1,0
2023.emnlp-main.303,2023,EMNLP,1,1
2023.emnlp-main.304,2023,EMNLP,1,0
2023.emnlp-main.305,2023,EMNLP,0,0
2023.emnlp-main.306,2023,EMNLP,0,0
2023.emnlp-main.307,2023,EMNLP,1,1
2023.emnlp-main.308,2023,EMNLP,0,0
2023.emnlp-main.309,2023,EMNLP,0,0
2023.emnlp-main.31,2023,EMNLP,1,1
2023.emnlp-main.310,2023,EMNLP,1,1
2023.emnlp-main.311,2023,EMNLP,0,0
2023.emnlp-main.312,2023,EMNLP,0,0
2023.emnlp-main.313,2023,EMNLP,1,0
2023.emnlp-main.314,2023,EMNLP,0,0
2023.emnlp-main.315,2023,EMNLP,1,1
2023.emnlp-main.316,2023,EMNLP,1,1
2023.emnlp-main.317,2023,EMNLP,1,0
2023.emnlp-main.318,2023,EMNLP,1,0
2023.emnlp-main.319,2023,EMNLP,0,0
2023.emnlp-main.32,2023,EMNLP,0,0
2023.emnlp-main.320,2023,EMNLP,0,0
2023.emnlp-main.321,2023,EMNLP,0,0
2023.emnlp-main.322,2023,EMNLP,0,0
2023.emnlp-main.323,2023,EMNLP,0,0
2023.emnlp-main.324,2023,EMNLP,0,0
2023.emnlp-main.325,2023,EMNLP,0,0
2023.emnlp-main.326,2023,EMNLP,0,0
2023.emnlp-main.327,2023,EMNLP,0,0
2023.emnlp-main.328,2023,EMNLP,0,0
2023.emnlp-main.329,2023,EMNLP,1,1
2023.emnlp-main.33,2023,EMNLP,0,0
2023.emnlp-main.330,2023,EMNLP,1,1
2023.emnlp-main.331,2023,EMNLP,0,0
2023.emnlp-main.332,2023,EMNLP,0,0
2023.emnlp-main.333,2023,EMNLP,1,1
2023.emnlp-main.334,2023,EMNLP,0,0
2023.emnlp-main.335,2023,EMNLP,0,0
2023.emnlp-main.336,2023,EMNLP,1,1
2023.emnlp-main.337,2023,EMNLP,1,0
2023.emnlp-main.338,2023,EMNLP,1,1
2023.emnlp-main.339,2023,EMNLP,0,0
2023.emnlp-main.34,2023,EMNLP,0,0
2023.emnlp-main.340,2023,EMNLP,0,0
2023.emnlp-main.341,2023,EMNLP,1,1
2023.emnlp-main.342,2023,EMNLP,1,1
2023.emnlp-main.343,2023,EMNLP,0,0
2023.emnlp-main.344,2023,EMNLP,0,0
2023.emnlp-main.345,2023,EMNLP,0,0
2023.emnlp-main.346,2023,EMNLP,1,1
2023.emnlp-main.347,2023,EMNLP,1,1
2023.emnlp-main.348,2023,EMNLP,0,0
2023.emnlp-main.349,2023,EMNLP,0,0
2023.emnlp-main.35,2023,EMNLP,0,0
2023.emnlp-main.350,2023,EMNLP,0,0
2023.emnlp-main.351,2023,EMNLP,1,1
2023.emnlp-main.352,2023,EMNLP,0,0
2023.emnlp-main.353,2023,EMNLP,1,0
2023.emnlp-main.354,2023,EMNLP,1,1
2023.emnlp-main.355,2023,EMNLP,1,1
2023.emnlp-main.356,2023,EMNLP,0,0
2023.emnlp-main.357,2023,EMNLP,1,0
2023.emnlp-main.358,2023,EMNLP,0,0
2023.emnlp-main.359,2023,EMNLP,1,1
2023.emnlp-main.36,2023,EMNLP,0,0
2023.emnlp-main.360,2023,EMNLP,0,0
2023.emnlp-main.361,2023,EMNLP,0,0
2023.emnlp-main.362,2023,EMNLP,1,1
2023.emnlp-main.363,2023,EMNLP,0,0
2023.emnlp-main.364,2023,EMNLP,0,0
2023.emnlp-main.365,2023,EMNLP,0,0
2023.emnlp-main.366,2023,EMNLP,1,1
2023.emnlp-main.367,2023,EMNLP,1,1
2023.emnlp-main.368,2023,EMNLP,1,1
2023.emnlp-main.369,2023,EMNLP,1,0
2023.emnlp-main.37,2023,EMNLP,0,0
2023.emnlp-main.370,2023,EMNLP,1,1
2023.emnlp-main.371,2023,EMNLP,0,0
2023.emnlp-main.372,2023,EMNLP,0,0
2023.emnlp-main.373,2023,EMNLP,0,0
2023.emnlp-main.374,2023,EMNLP,1,1
2023.emnlp-main.375,2023,EMNLP,1,1
2023.emnlp-main.376,2023,EMNLP,0,0
2023.emnlp-main.377,2023,EMNLP,1,1
2023.emnlp-main.378,2023,EMNLP,0,0
2023.emnlp-main.379,2023,EMNLP,0,0
2023.emnlp-main.38,2023,EMNLP,0,0
2023.emnlp-main.380,2023,EMNLP,1,0
2023.emnlp-main.381,2023,EMNLP,1,1
2023.emnlp-main.382,2023,EMNLP,0,0
2023.emnlp-main.383,2023,EMNLP,1,1
2023.emnlp-main.384,2023,EMNLP,0,0
2023.emnlp-main.385,2023,EMNLP,1,1
2023.emnlp-main.386,2023,EMNLP,1,0
2023.emnlp-main.387,2023,EMNLP,1,0
2023.emnlp-main.388,2023,EMNLP,0,0
2023.emnlp-main.389,2023,EMNLP,0,0
2023.emnlp-main.39,2023,EMNLP,0,0
2023.emnlp-main.390,2023,EMNLP,0,0
2023.emnlp-main.391,2023,EMNLP,0,0
2023.emnlp-main.392,2023,EMNLP,0,0
2023.emnlp-main.393,2023,EMNLP,0,0
2023.emnlp-main.394,2023,EMNLP,0,0
2023.emnlp-main.395,2023,EMNLP,1,1
2023.emnlp-main.396,2023,EMNLP,0,0
2023.emnlp-main.397,2023,EMNLP,0,0
2023.emnlp-main.398,2023,EMNLP,0,0
2023.emnlp-main.399,2023,EMNLP,0,0
2023.emnlp-main.4,2023,EMNLP,1,1
2023.emnlp-main.40,2023,EMNLP,1,1
2023.emnlp-main.400,2023,EMNLP,1,1
2023.emnlp-main.401,2023,EMNLP,0,0
2023.emnlp-main.402,2023,EMNLP,1,1
2023.emnlp-main.403,2023,EMNLP,1,0
2023.emnlp-main.404,2023,EMNLP,1,1
2023.emnlp-main.405,2023,EMNLP,1,1
2023.emnlp-main.406,2023,EMNLP,0,0
2023.emnlp-main.407,2023,EMNLP,0,0
2023.emnlp-main.408,2023,EMNLP,1,1
2023.emnlp-main.409,2023,EMNLP,1,1
2023.emnlp-main.41,2023,EMNLP,0,0
2023.emnlp-main.410,2023,EMNLP,1,1
2023.emnlp-main.411,2023,EMNLP,0,0
2023.emnlp-main.412,2023,EMNLP,0,0
2023.emnlp-main.413,2023,EMNLP,1,1
2023.emnlp-main.414,2023,EMNLP,0,0
2023.emnlp-main.415,2023,EMNLP,1,1
2023.emnlp-main.416,2023,EMNLP,1,1
2023.emnlp-main.417,2023,EMNLP,1,1
2023.emnlp-main.418,2023,EMNLP,1,1
2023.emnlp-main.419,2023,EMNLP,0,0
2023.emnlp-main.42,2023,EMNLP,0,0
2023.emnlp-main.420,2023,EMNLP,1,0
2023.emnlp-main.421,2023,EMNLP,0,0
2023.emnlp-main.422,2023,EMNLP,1,1
2023.emnlp-main.423,2023,EMNLP,0,0
2023.emnlp-main.424,2023,EMNLP,1,1
2023.emnlp-main.425,2023,EMNLP,1,1
2023.emnlp-main.426,2023,EMNLP,0,0
2023.emnlp-main.427,2023,EMNLP,0,0
2023.emnlp-main.428,2023,EMNLP,0,0
2023.emnlp-main.429,2023,EMNLP,1,0
2023.emnlp-main.43,2023,EMNLP,1,1
2023.emnlp-main.430,2023,EMNLP,1,1
2023.emnlp-main.431,2023,EMNLP,1,1
2023.emnlp-main.432,2023,EMNLP,1,1
2023.emnlp-main.433,2023,EMNLP,1,1
2023.emnlp-main.434,2023,EMNLP,0,0
2023.emnlp-main.435,2023,EMNLP,1,1
2023.emnlp-main.436,2023,EMNLP,1,1
2023.emnlp-main.437,2023,EMNLP,1,1
2023.emnlp-main.438,2023,EMNLP,1,0
2023.emnlp-main.439,2023,EMNLP,0,0
2023.emnlp-main.44,2023,EMNLP,1,1
2023.emnlp-main.440,2023,EMNLP,1,1
2023.emnlp-main.441,2023,EMNLP,1,1
2023.emnlp-main.442,2023,EMNLP,0,0
2023.emnlp-main.443,2023,EMNLP,1,1
2023.emnlp-main.444,2023,EMNLP,1,0
2023.emnlp-main.445,2023,EMNLP,0,0
2023.emnlp-main.446,2023,EMNLP,0,0
2023.emnlp-main.447,2023,EMNLP,1,1
2023.emnlp-main.448,2023,EMNLP,0,0
2023.emnlp-main.449,2023,EMNLP,0,0
2023.emnlp-main.45,2023,EMNLP,1,1
2023.emnlp-main.450,2023,EMNLP,1,0
2023.emnlp-main.451,2023,EMNLP,1,1
2023.emnlp-main.452,2023,EMNLP,1,1
2023.emnlp-main.453,2023,EMNLP,0,0
2023.emnlp-main.454,2023,EMNLP,0,0
2023.emnlp-main.455,2023,EMNLP,0,0
2023.emnlp-main.456,2023,EMNLP,1,1
2023.emnlp-main.457,2023,EMNLP,1,0
2023.emnlp-main.458,2023,EMNLP,0,0
2023.emnlp-main.459,2023,EMNLP,1,1
2023.emnlp-main.46,2023,EMNLP,1,1
2023.emnlp-main.460,2023,EMNLP,0,0
2023.emnlp-main.461,2023,EMNLP,0,0
2023.emnlp-main.462,2023,EMNLP,0,0
2023.emnlp-main.463,2023,EMNLP,0,0
2023.emnlp-main.464,2023,EMNLP,0,0
2023.emnlp-main.465,2023,EMNLP,1,0
2023.emnlp-main.466,2023,EMNLP,0,0
2023.emnlp-main.467,2023,EMNLP,0,0
2023.emnlp-main.468,2023,EMNLP,1,1
2023.emnlp-main.469,2023,EMNLP,0,0
2023.emnlp-main.47,2023,EMNLP,0,0
2023.emnlp-main.470,2023,EMNLP,1,1
2023.emnlp-main.471,2023,EMNLP,1,0
2023.emnlp-main.472,2023,EMNLP,0,0
2023.emnlp-main.473,2023,EMNLP,1,0
2023.emnlp-main.474,2023,EMNLP,0,0
2023.emnlp-main.475,2023,EMNLP,0,0
2023.emnlp-main.476,2023,EMNLP,1,1
2023.emnlp-main.477,2023,EMNLP,1,1
2023.emnlp-main.478,2023,EMNLP,0,0
2023.emnlp-main.479,2023,EMNLP,1,1
2023.emnlp-main.48,2023,EMNLP,0,0
2023.emnlp-main.480,2023,EMNLP,1,1
2023.emnlp-main.481,2023,EMNLP,1,1
2023.emnlp-main.482,2023,EMNLP,1,1
2023.emnlp-main.483,2023,EMNLP,0,0
2023.emnlp-main.484,2023,EMNLP,1,1
2023.emnlp-main.485,2023,EMNLP,1,0
2023.emnlp-main.486,2023,EMNLP,0,0
2023.emnlp-main.487,2023,EMNLP,0,0
2023.emnlp-main.488,2023,EMNLP,0,0
2023.emnlp-main.489,2023,EMNLP,0,0
2023.emnlp-main.49,2023,EMNLP,1,1
2023.emnlp-main.490,2023,EMNLP,1,1
2023.emnlp-main.491,2023,EMNLP,0,0
2023.emnlp-main.492,2023,EMNLP,1,1
2023.emnlp-main.493,2023,EMNLP,0,0
2023.emnlp-main.494,2023,EMNLP,0,0
2023.emnlp-main.495,2023,EMNLP,0,0
2023.emnlp-main.496,2023,EMNLP,1,1
2023.emnlp-main.497,2023,EMNLP,0,0
2023.emnlp-main.498,2023,EMNLP,1,1
2023.emnlp-main.499,2023,EMNLP,1,1
2023.emnlp-main.5,2023,EMNLP,0,0
2023.emnlp-main.50,2023,EMNLP,1,1
2023.emnlp-main.500,2023,EMNLP,0,0
2023.emnlp-main.501,2023,EMNLP,1,1
2023.emnlp-main.502,2023,EMNLP,0,0
2023.emnlp-main.503,2023,EMNLP,1,1
2023.emnlp-main.504,2023,EMNLP,0,0
2023.emnlp-main.505,2023,EMNLP,1,1
2023.emnlp-main.506,2023,EMNLP,0,0
2023.emnlp-main.507,2023,EMNLP,1,1
2023.emnlp-main.508,2023,EMNLP,0,0
2023.emnlp-main.509,2023,EMNLP,1,1
2023.emnlp-main.51,2023,EMNLP,0,0
2023.emnlp-main.510,2023,EMNLP,0,0
2023.emnlp-main.511,2023,EMNLP,0,0
2023.emnlp-main.512,2023,EMNLP,0,0
2023.emnlp-main.513,2023,EMNLP,0,0
2023.emnlp-main.514,2023,EMNLP,1,1
2023.emnlp-main.515,2023,EMNLP,1,1
2023.emnlp-main.516,2023,EMNLP,0,0
2023.emnlp-main.517,2023,EMNLP,0,0
2023.emnlp-main.518,2023,EMNLP,1,0
2023.emnlp-main.519,2023,EMNLP,0,0
2023.emnlp-main.52,2023,EMNLP,1,1
2023.emnlp-main.520,2023,EMNLP,0,0
2023.emnlp-main.521,2023,EMNLP,1,1
2023.emnlp-main.522,2023,EMNLP,0,0
2023.emnlp-main.523,2023,EMNLP,0,0
2023.emnlp-main.524,2023,EMNLP,1,1
2023.emnlp-main.525,2023,EMNLP,0,0
2023.emnlp-main.526,2023,EMNLP,0,0
2023.emnlp-main.527,2023,EMNLP,1,0
2023.emnlp-main.528,2023,EMNLP,1,1
2023.emnlp-main.529,2023,EMNLP,0,0
2023.emnlp-main.53,2023,EMNLP,0,0
2023.emnlp-main.530,2023,EMNLP,1,1
2023.emnlp-main.531,2023,EMNLP,1,1
2023.emnlp-main.532,2023,EMNLP,1,1
2023.emnlp-main.533,2023,EMNLP,0,0
2023.emnlp-main.534,2023,EMNLP,0,0
2023.emnlp-main.535,2023,EMNLP,1,1
2023.emnlp-main.536,2023,EMNLP,0,0
2023.emnlp-main.537,2023,EMNLP,1,1
2023.emnlp-main.538,2023,EMNLP,0,0
2023.emnlp-main.539,2023,EMNLP,0,0
2023.emnlp-main.54,2023,EMNLP,0,0
2023.emnlp-main.540,2023,EMNLP,1,1
2023.emnlp-main.541,2023,EMNLP,0,0
2023.emnlp-main.542,2023,EMNLP,0,0
2023.emnlp-main.543,2023,EMNLP,0,0
2023.emnlp-main.544,2023,EMNLP,0,0
2023.emnlp-main.545,2023,EMNLP,1,1
2023.emnlp-main.546,2023,EMNLP,0,0
2023.emnlp-main.547,2023,EMNLP,1,1
2023.emnlp-main.548,2023,EMNLP,1,1
2023.emnlp-main.549,2023,EMNLP,0,0
2023.emnlp-main.55,2023,EMNLP,1,1
2023.emnlp-main.550,2023,EMNLP,0,0
2023.emnlp-main.551,2023,EMNLP,0,0
2023.emnlp-main.552,2023,EMNLP,0,0
2023.emnlp-main.553,2023,EMNLP,1,1
2023.emnlp-main.554,2023,EMNLP,1,1
2023.emnlp-main.555,2023,EMNLP,0,0
2023.emnlp-main.556,2023,EMNLP,0,0
2023.emnlp-main.557,2023,EMNLP,0,0
2023.emnlp-main.558,2023,EMNLP,0,0
2023.emnlp-main.559,2023,EMNLP,1,0
2023.emnlp-main.56,2023,EMNLP,1,1
2023.emnlp-main.560,2023,EMNLP,1,1
2023.emnlp-main.561,2023,EMNLP,1,1
2023.emnlp-main.562,2023,EMNLP,0,0
2023.emnlp-main.563,2023,EMNLP,1,1
2023.emnlp-main.564,2023,EMNLP,1,1
2023.emnlp-main.565,2023,EMNLP,1,1
2023.emnlp-main.566,2023,EMNLP,1,1
2023.emnlp-main.567,2023,EMNLP,1,1
2023.emnlp-main.568,2023,EMNLP,0,0
2023.emnlp-main.569,2023,EMNLP,0,0
2023.emnlp-main.57,2023,EMNLP,0,0
2023.emnlp-main.570,2023,EMNLP,1,1
2023.emnlp-main.571,2023,EMNLP,0,0
2023.emnlp-main.572,2023,EMNLP,0,0
2023.emnlp-main.573,2023,EMNLP,0,0
2023.emnlp-main.574,2023,EMNLP,0,0
2023.emnlp-main.575,2023,EMNLP,0,0
2023.emnlp-main.576,2023,EMNLP,0,0
2023.emnlp-main.577,2023,EMNLP,0,0
2023.emnlp-main.578,2023,EMNLP,1,0
2023.emnlp-main.579,2023,EMNLP,0,0
2023.emnlp-main.58,2023,EMNLP,1,1
2023.emnlp-main.580,2023,EMNLP,0,0
2023.emnlp-main.581,2023,EMNLP,0,0
2023.emnlp-main.582,2023,EMNLP,0,0
2023.emnlp-main.583,2023,EMNLP,0,0
2023.emnlp-main.584,2023,EMNLP,0,0
2023.emnlp-main.585,2023,EMNLP,0,0
2023.emnlp-main.586,2023,EMNLP,0,0
2023.emnlp-main.587,2023,EMNLP,1,1
2023.emnlp-main.588,2023,EMNLP,0,0
2023.emnlp-main.589,2023,EMNLP,0,0
2023.emnlp-main.59,2023,EMNLP,1,1
2023.emnlp-main.590,2023,EMNLP,0,0
2023.emnlp-main.591,2023,EMNLP,0,0
2023.emnlp-main.592,2023,EMNLP,0,0
2023.emnlp-main.593,2023,EMNLP,0,0
2023.emnlp-main.594,2023,EMNLP,0,0
2023.emnlp-main.595,2023,EMNLP,1,1
2023.emnlp-main.596,2023,EMNLP,0,0
2023.emnlp-main.597,2023,EMNLP,1,0
2023.emnlp-main.598,2023,EMNLP,0,0
2023.emnlp-main.599,2023,EMNLP,0,0
2023.emnlp-main.6,2023,EMNLP,0,0
2023.emnlp-main.60,2023,EMNLP,1,1
2023.emnlp-main.600,2023,EMNLP,1,1
2023.emnlp-main.601,2023,EMNLP,1,1
2023.emnlp-main.602,2023,EMNLP,1,1
2023.emnlp-main.603,2023,EMNLP,0,0
2023.emnlp-main.604,2023,EMNLP,0,0
2023.emnlp-main.605,2023,EMNLP,1,1
2023.emnlp-main.606,2023,EMNLP,0,0
2023.emnlp-main.607,2023,EMNLP,0,0
2023.emnlp-main.608,2023,EMNLP,0,0
2023.emnlp-main.609,2023,EMNLP,0,0
2023.emnlp-main.61,2023,EMNLP,0,0
2023.emnlp-main.610,2023,EMNLP,1,1
2023.emnlp-main.611,2023,EMNLP,1,1
2023.emnlp-main.612,2023,EMNLP,1,1
2023.emnlp-main.613,2023,EMNLP,0,0
2023.emnlp-main.614,2023,EMNLP,0,0
2023.emnlp-main.615,2023,EMNLP,0,0
2023.emnlp-main.616,2023,EMNLP,1,1
2023.emnlp-main.617,2023,EMNLP,1,1
2023.emnlp-main.618,2023,EMNLP,1,1
2023.emnlp-main.619,2023,EMNLP,1,1
2023.emnlp-main.62,2023,EMNLP,1,1
2023.emnlp-main.620,2023,EMNLP,0,0
2023.emnlp-main.621,2023,EMNLP,0,0
2023.emnlp-main.622,2023,EMNLP,1,0
2023.emnlp-main.623,2023,EMNLP,0,0
2023.emnlp-main.624,2023,EMNLP,0,0
2023.emnlp-main.625,2023,EMNLP,0,0
2023.emnlp-main.626,2023,EMNLP,0,0
2023.emnlp-main.627,2023,EMNLP,1,1
2023.emnlp-main.628,2023,EMNLP,1,1
2023.emnlp-main.629,2023,EMNLP,0,0
2023.emnlp-main.63,2023,EMNLP,0,0
2023.emnlp-main.630,2023,EMNLP,0,0
2023.emnlp-main.631,2023,EMNLP,1,1
2023.emnlp-main.632,2023,EMNLP,1,1
2023.emnlp-main.633,2023,EMNLP,1,1
2023.emnlp-main.634,2023,EMNLP,0,0
2023.emnlp-main.635,2023,EMNLP,0,0
2023.emnlp-main.636,2023,EMNLP,0,0
2023.emnlp-main.637,2023,EMNLP,0,0
2023.emnlp-main.638,2023,EMNLP,1,1
2023.emnlp-main.639,2023,EMNLP,0,0
2023.emnlp-main.64,2023,EMNLP,0,0
2023.emnlp-main.640,2023,EMNLP,0,0
2023.emnlp-main.641,2023,EMNLP,0,0
2023.emnlp-main.642,2023,EMNLP,0,0
2023.emnlp-main.643,2023,EMNLP,0,0
2023.emnlp-main.644,2023,EMNLP,0,0
2023.emnlp-main.645,2023,EMNLP,0,0
2023.emnlp-main.646,2023,EMNLP,0,0
2023.emnlp-main.647,2023,EMNLP,0,0
2023.emnlp-main.648,2023,EMNLP,0,0
2023.emnlp-main.649,2023,EMNLP,1,0
2023.emnlp-main.65,2023,EMNLP,0,0
2023.emnlp-main.650,2023,EMNLP,0,0
2023.emnlp-main.651,2023,EMNLP,1,1
2023.emnlp-main.652,2023,EMNLP,1,1
2023.emnlp-main.653,2023,EMNLP,1,1
2023.emnlp-main.654,2023,EMNLP,0,0
2023.emnlp-main.655,2023,EMNLP,0,0
2023.emnlp-main.656,2023,EMNLP,0,0
2023.emnlp-main.657,2023,EMNLP,0,0
2023.emnlp-main.658,2023,EMNLP,0,0
2023.emnlp-main.659,2023,EMNLP,1,1
2023.emnlp-main.66,2023,EMNLP,0,0
2023.emnlp-main.660,2023,EMNLP,0,0
2023.emnlp-main.661,2023,EMNLP,0,0
2023.emnlp-main.662,2023,EMNLP,0,0
2023.emnlp-main.663,2023,EMNLP,1,1
2023.emnlp-main.664,2023,EMNLP,0,0
2023.emnlp-main.665,2023,EMNLP,0,0
2023.emnlp-main.666,2023,EMNLP,1,0
2023.emnlp-main.667,2023,EMNLP,0,0
2023.emnlp-main.668,2023,EMNLP,1,1
2023.emnlp-main.669,2023,EMNLP,0,0
2023.emnlp-main.67,2023,EMNLP,0,0
2023.emnlp-main.670,2023,EMNLP,1,1
2023.emnlp-main.671,2023,EMNLP,0,0
2023.emnlp-main.672,2023,EMNLP,1,1
2023.emnlp-main.673,2023,EMNLP,0,0
2023.emnlp-main.674,2023,EMNLP,0,0
2023.emnlp-main.675,2023,EMNLP,1,1
2023.emnlp-main.676,2023,EMNLP,0,0
2023.emnlp-main.677,2023,EMNLP,0,0
2023.emnlp-main.678,2023,EMNLP,0,0
2023.emnlp-main.679,2023,EMNLP,1,1
2023.emnlp-main.68,2023,EMNLP,1,1
2023.emnlp-main.680,2023,EMNLP,0,0
2023.emnlp-main.681,2023,EMNLP,0,0
2023.emnlp-main.682,2023,EMNLP,1,1
2023.emnlp-main.683,2023,EMNLP,0,0
2023.emnlp-main.684,2023,EMNLP,1,1
2023.emnlp-main.685,2023,EMNLP,0,0
2023.emnlp-main.686,2023,EMNLP,1,1
2023.emnlp-main.687,2023,EMNLP,1,1
2023.emnlp-main.688,2023,EMNLP,1,1
2023.emnlp-main.689,2023,EMNLP,1,1
2023.emnlp-main.69,2023,EMNLP,0,0
2023.emnlp-main.690,2023,EMNLP,0,0
2023.emnlp-main.691,2023,EMNLP,1,1
2023.emnlp-main.692,2023,EMNLP,1,1
2023.emnlp-main.693,2023,EMNLP,1,1
2023.emnlp-main.694,2023,EMNLP,1,1
2023.emnlp-main.695,2023,EMNLP,1,1
2023.emnlp-main.696,2023,EMNLP,1,1
2023.emnlp-main.697,2023,EMNLP,1,1
2023.emnlp-main.698,2023,EMNLP,0,0
2023.emnlp-main.699,2023,EMNLP,1,0
2023.emnlp-main.7,2023,EMNLP,1,1
2023.emnlp-main.70,2023,EMNLP,1,1
2023.emnlp-main.700,2023,EMNLP,0,0
2023.emnlp-main.701,2023,EMNLP,0,0
2023.emnlp-main.702,2023,EMNLP,1,1
2023.emnlp-main.703,2023,EMNLP,1,1
2023.emnlp-main.704,2023,EMNLP,1,1
2023.emnlp-main.705,2023,EMNLP,1,1
2023.emnlp-main.706,2023,EMNLP,1,1
2023.emnlp-main.707,2023,EMNLP,1,1
2023.emnlp-main.708,2023,EMNLP,1,1
2023.emnlp-main.709,2023,EMNLP,0,0
2023.emnlp-main.71,2023,EMNLP,0,0
2023.emnlp-main.710,2023,EMNLP,0,0
2023.emnlp-main.711,2023,EMNLP,1,1
2023.emnlp-main.712,2023,EMNLP,0,0
2023.emnlp-main.713,2023,EMNLP,1,1
2023.emnlp-main.714,2023,EMNLP,1,0
2023.emnlp-main.715,2023,EMNLP,1,1
2023.emnlp-main.716,2023,EMNLP,1,1
2023.emnlp-main.717,2023,EMNLP,1,1
2023.emnlp-main.718,2023,EMNLP,0,0
2023.emnlp-main.719,2023,EMNLP,1,1
2023.emnlp-main.72,2023,EMNLP,1,1
2023.emnlp-main.720,2023,EMNLP,0,0
2023.emnlp-main.721,2023,EMNLP,0,0
2023.emnlp-main.722,2023,EMNLP,1,1
2023.emnlp-main.723,2023,EMNLP,1,1
2023.emnlp-main.724,2023,EMNLP,0,0
2023.emnlp-main.725,2023,EMNLP,0,0
2023.emnlp-main.726,2023,EMNLP,0,0
2023.emnlp-main.727,2023,EMNLP,1,0
2023.emnlp-main.728,2023,EMNLP,1,1
2023.emnlp-main.729,2023,EMNLP,0,0
2023.emnlp-main.73,2023,EMNLP,1,0
2023.emnlp-main.730,2023,EMNLP,0,0
2023.emnlp-main.731,2023,EMNLP,0,0
2023.emnlp-main.732,2023,EMNLP,1,1
2023.emnlp-main.733,2023,EMNLP,0,0
2023.emnlp-main.734,2023,EMNLP,1,0
2023.emnlp-main.735,2023,EMNLP,1,1
2023.emnlp-main.736,2023,EMNLP,1,1
2023.emnlp-main.737,2023,EMNLP,0,0
2023.emnlp-main.738,2023,EMNLP,1,1
2023.emnlp-main.739,2023,EMNLP,1,1
2023.emnlp-main.74,2023,EMNLP,1,1
2023.emnlp-main.740,2023,EMNLP,0,0
2023.emnlp-main.741,2023,EMNLP,0,0
2023.emnlp-main.742,2023,EMNLP,1,1
2023.emnlp-main.743,2023,EMNLP,0,0
2023.emnlp-main.744,2023,EMNLP,1,0
2023.emnlp-main.745,2023,EMNLP,1,1
2023.emnlp-main.746,2023,EMNLP,0,0
2023.emnlp-main.747,2023,EMNLP,0,0
2023.emnlp-main.748,2023,EMNLP,0,0
2023.emnlp-main.749,2023,EMNLP,1,1
2023.emnlp-main.75,2023,EMNLP,0,0
2023.emnlp-main.750,2023,EMNLP,1,0
2023.emnlp-main.751,2023,EMNLP,0,0
2023.emnlp-main.752,2023,EMNLP,1,1
2023.emnlp-main.753,2023,EMNLP,0,0
2023.emnlp-main.754,2023,EMNLP,0,0
2023.emnlp-main.755,2023,EMNLP,0,0
2023.emnlp-main.756,2023,EMNLP,0,0
2023.emnlp-main.757,2023,EMNLP,1,0
2023.emnlp-main.758,2023,EMNLP,1,1
2023.emnlp-main.759,2023,EMNLP,1,1
2023.emnlp-main.76,2023,EMNLP,1,1
2023.emnlp-main.760,2023,EMNLP,0,0
2023.emnlp-main.761,2023,EMNLP,1,1
2023.emnlp-main.762,2023,EMNLP,0,0
2023.emnlp-main.763,2023,EMNLP,0,0
2023.emnlp-main.764,2023,EMNLP,1,1
2023.emnlp-main.765,2023,EMNLP,0,0
2023.emnlp-main.766,2023,EMNLP,0,0
2023.emnlp-main.767,2023,EMNLP,1,1
2023.emnlp-main.768,2023,EMNLP,1,1
2023.emnlp-main.769,2023,EMNLP,1,0
2023.emnlp-main.77,2023,EMNLP,1,0
2023.emnlp-main.770,2023,EMNLP,0,0
2023.emnlp-main.771,2023,EMNLP,0,0
2023.emnlp-main.772,2023,EMNLP,0,0
2023.emnlp-main.773,2023,EMNLP,0,0
2023.emnlp-main.774,2023,EMNLP,0,0
2023.emnlp-main.775,2023,EMNLP,1,1
2023.emnlp-main.776,2023,EMNLP,1,0
2023.emnlp-main.777,2023,EMNLP,0,0
2023.emnlp-main.778,2023,EMNLP,0,0
2023.emnlp-main.779,2023,EMNLP,0,0
2023.emnlp-main.78,2023,EMNLP,0,0
2023.emnlp-main.780,2023,EMNLP,1,1
2023.emnlp-main.781,2023,EMNLP,1,1
2023.emnlp-main.782,2023,EMNLP,1,1
2023.emnlp-main.783,2023,EMNLP,0,0
2023.emnlp-main.784,2023,EMNLP,0,0
2023.emnlp-main.785,2023,EMNLP,1,1
2023.emnlp-main.786,2023,EMNLP,1,1
2023.emnlp-main.787,2023,EMNLP,0,0
2023.emnlp-main.788,2023,EMNLP,0,0
2023.emnlp-main.789,2023,EMNLP,1,1
2023.emnlp-main.79,2023,EMNLP,1,1
2023.emnlp-main.790,2023,EMNLP,1,1
2023.emnlp-main.791,2023,EMNLP,0,0
2023.emnlp-main.792,2023,EMNLP,1,1
2023.emnlp-main.793,2023,EMNLP,0,0
2023.emnlp-main.794,2023,EMNLP,1,1
2023.emnlp-main.795,2023,EMNLP,0,0
2023.emnlp-main.796,2023,EMNLP,1,0
2023.emnlp-main.797,2023,EMNLP,0,0
2023.emnlp-main.798,2023,EMNLP,0,0
2023.emnlp-main.799,2023,EMNLP,0,0
2023.emnlp-main.8,2023,EMNLP,0,0
2023.emnlp-main.80,2023,EMNLP,0,0
2023.emnlp-main.800,2023,EMNLP,1,1
2023.emnlp-main.801,2023,EMNLP,1,0
2023.emnlp-main.802,2023,EMNLP,1,1
2023.emnlp-main.803,2023,EMNLP,0,0
2023.emnlp-main.804,2023,EMNLP,1,1
2023.emnlp-main.805,2023,EMNLP,1,1
2023.emnlp-main.806,2023,EMNLP,0,0
2023.emnlp-main.807,2023,EMNLP,1,1
2023.emnlp-main.808,2023,EMNLP,0,0
2023.emnlp-main.809,2023,EMNLP,1,1
2023.emnlp-main.81,2023,EMNLP,0,0
2023.emnlp-main.810,2023,EMNLP,1,1
2023.emnlp-main.811,2023,EMNLP,1,0
2023.emnlp-main.812,2023,EMNLP,1,1
2023.emnlp-main.813,2023,EMNLP,1,1
2023.emnlp-main.814,2023,EMNLP,1,1
2023.emnlp-main.815,2023,EMNLP,0,0
2023.emnlp-main.816,2023,EMNLP,1,1
2023.emnlp-main.817,2023,EMNLP,1,1
2023.emnlp-main.818,2023,EMNLP,0,0
2023.emnlp-main.819,2023,EMNLP,0,0
2023.emnlp-main.82,2023,EMNLP,0,0
2023.emnlp-main.820,2023,EMNLP,1,1
2023.emnlp-main.821,2023,EMNLP,1,1
2023.emnlp-main.822,2023,EMNLP,0,0
2023.emnlp-main.823,2023,EMNLP,0,0
2023.emnlp-main.824,2023,EMNLP,0,0
2023.emnlp-main.825,2023,EMNLP,1,1
2023.emnlp-main.826,2023,EMNLP,1,1
2023.emnlp-main.827,2023,EMNLP,0,0
2023.emnlp-main.828,2023,EMNLP,0,0
2023.emnlp-main.829,2023,EMNLP,1,1
2023.emnlp-main.83,2023,EMNLP,1,1
2023.emnlp-main.830,2023,EMNLP,0,0
2023.emnlp-main.831,2023,EMNLP,1,1
2023.emnlp-main.832,2023,EMNLP,1,1
2023.emnlp-main.833,2023,EMNLP,1,0
2023.emnlp-main.834,2023,EMNLP,0,0
2023.emnlp-main.835,2023,EMNLP,1,0
2023.emnlp-main.836,2023,EMNLP,1,1
2023.emnlp-main.837,2023,EMNLP,1,0
2023.emnlp-main.838,2023,EMNLP,1,1
2023.emnlp-main.839,2023,EMNLP,1,1
2023.emnlp-main.84,2023,EMNLP,1,1
2023.emnlp-main.840,2023,EMNLP,0,0
2023.emnlp-main.841,2023,EMNLP,0,0
2023.emnlp-main.842,2023,EMNLP,0,0
2023.emnlp-main.843,2023,EMNLP,0,0
2023.emnlp-main.844,2023,EMNLP,0,0
2023.emnlp-main.845,2023,EMNLP,1,1
2023.emnlp-main.846,2023,EMNLP,1,1
2023.emnlp-main.847,2023,EMNLP,0,0
2023.emnlp-main.848,2023,EMNLP,0,0
2023.emnlp-main.849,2023,EMNLP,1,1
2023.emnlp-main.85,2023,EMNLP,1,0
2023.emnlp-main.850,2023,EMNLP,0,0
2023.emnlp-main.851,2023,EMNLP,0,0
2023.emnlp-main.852,2023,EMNLP,1,1
2023.emnlp-main.853,2023,EMNLP,0,0
2023.emnlp-main.854,2023,EMNLP,0,0
2023.emnlp-main.855,2023,EMNLP,0,0
2023.emnlp-main.856,2023,EMNLP,0,0
2023.emnlp-main.857,2023,EMNLP,0,0
2023.emnlp-main.858,2023,EMNLP,1,1
2023.emnlp-main.859,2023,EMNLP,0,0
2023.emnlp-main.86,2023,EMNLP,1,0
2023.emnlp-main.860,2023,EMNLP,1,1
2023.emnlp-main.861,2023,EMNLP,1,0
2023.emnlp-main.862,2023,EMNLP,0,0
2023.emnlp-main.863,2023,EMNLP,0,0
2023.emnlp-main.864,2023,EMNLP,0,0
2023.emnlp-main.865,2023,EMNLP,1,1
2023.emnlp-main.866,2023,EMNLP,0,0
2023.emnlp-main.867,2023,EMNLP,1,0
2023.emnlp-main.868,2023,EMNLP,0,0
2023.emnlp-main.869,2023,EMNLP,0,0
2023.emnlp-main.87,2023,EMNLP,0,0
2023.emnlp-main.870,2023,EMNLP,1,1
2023.emnlp-main.871,2023,EMNLP,1,0
2023.emnlp-main.872,2023,EMNLP,0,0
2023.emnlp-main.873,2023,EMNLP,1,1
2023.emnlp-main.874,2023,EMNLP,0,0
2023.emnlp-main.875,2023,EMNLP,0,0
2023.emnlp-main.876,2023,EMNLP,1,1
2023.emnlp-main.877,2023,EMNLP,1,1
2023.emnlp-main.878,2023,EMNLP,0,0
2023.emnlp-main.879,2023,EMNLP,1,0
2023.emnlp-main.88,2023,EMNLP,0,0
2023.emnlp-main.880,2023,EMNLP,1,1
2023.emnlp-main.881,2023,EMNLP,0,0
2023.emnlp-main.882,2023,EMNLP,1,1
2023.emnlp-main.883,2023,EMNLP,0,0
2023.emnlp-main.884,2023,EMNLP,1,1
2023.emnlp-main.885,2023,EMNLP,0,0
2023.emnlp-main.886,2023,EMNLP,0,0
2023.emnlp-main.887,2023,EMNLP,0,0
2023.emnlp-main.888,2023,EMNLP,1,1
2023.emnlp-main.889,2023,EMNLP,1,1
2023.emnlp-main.89,2023,EMNLP,0,0
2023.emnlp-main.890,2023,EMNLP,0,0
2023.emnlp-main.891,2023,EMNLP,0,0
2023.emnlp-main.892,2023,EMNLP,1,1
2023.emnlp-main.893,2023,EMNLP,1,1
2023.emnlp-main.894,2023,EMNLP,0,0
2023.emnlp-main.895,2023,EMNLP,0,0
2023.emnlp-main.896,2023,EMNLP,0,0
2023.emnlp-main.897,2023,EMNLP,0,0
2023.emnlp-main.898,2023,EMNLP,0,0
2023.emnlp-main.899,2023,EMNLP,0,0
2023.emnlp-main.9,2023,EMNLP,1,1
2023.emnlp-main.90,2023,EMNLP,1,0
2023.emnlp-main.900,2023,EMNLP,1,1
2023.emnlp-main.901,2023,EMNLP,0,0
2023.emnlp-main.902,2023,EMNLP,1,0
2023.emnlp-main.903,2023,EMNLP,1,0
2023.emnlp-main.904,2023,EMNLP,0,0
2023.emnlp-main.905,2023,EMNLP,1,1
2023.emnlp-main.906,2023,EMNLP,1,1
2023.emnlp-main.907,2023,EMNLP,1,1
2023.emnlp-main.908,2023,EMNLP,1,1
2023.emnlp-main.909,2023,EMNLP,1,1
2023.emnlp-main.91,2023,EMNLP,0,0
2023.emnlp-main.910,2023,EMNLP,0,0
2023.emnlp-main.911,2023,EMNLP,1,0
2023.emnlp-main.912,2023,EMNLP,0,0
2023.emnlp-main.913,2023,EMNLP,0,0
2023.emnlp-main.914,2023,EMNLP,0,0
2023.emnlp-main.915,2023,EMNLP,1,1
2023.emnlp-main.916,2023,EMNLP,0,0
2023.emnlp-main.917,2023,EMNLP,1,1
2023.emnlp-main.918,2023,EMNLP,1,1
2023.emnlp-main.919,2023,EMNLP,1,1
2023.emnlp-main.92,2023,EMNLP,0,0
2023.emnlp-main.920,2023,EMNLP,0,0
2023.emnlp-main.921,2023,EMNLP,0,0
2023.emnlp-main.922,2023,EMNLP,1,1
2023.emnlp-main.923,2023,EMNLP,1,1
2023.emnlp-main.924,2023,EMNLP,1,0
2023.emnlp-main.925,2023,EMNLP,1,1
2023.emnlp-main.926,2023,EMNLP,0,0
2023.emnlp-main.927,2023,EMNLP,1,1
2023.emnlp-main.928,2023,EMNLP,0,0
2023.emnlp-main.929,2023,EMNLP,0,0
2023.emnlp-main.93,2023,EMNLP,1,1
2023.emnlp-main.930,2023,EMNLP,1,1
2023.emnlp-main.931,2023,EMNLP,0,0
2023.emnlp-main.932,2023,EMNLP,1,1
2023.emnlp-main.933,2023,EMNLP,0,0
2023.emnlp-main.934,2023,EMNLP,1,0
2023.emnlp-main.935,2023,EMNLP,1,0
2023.emnlp-main.936,2023,EMNLP,0,0
2023.emnlp-main.937,2023,EMNLP,0,0
2023.emnlp-main.938,2023,EMNLP,0,0
2023.emnlp-main.939,2023,EMNLP,1,0
2023.emnlp-main.94,2023,EMNLP,0,0
2023.emnlp-main.940,2023,EMNLP,0,0
2023.emnlp-main.941,2023,EMNLP,0,0
2023.emnlp-main.942,2023,EMNLP,0,0
2023.emnlp-main.943,2023,EMNLP,0,0
2023.emnlp-main.944,2023,EMNLP,1,1
2023.emnlp-main.945,2023,EMNLP,0,0
2023.emnlp-main.946,2023,EMNLP,0,0
2023.emnlp-main.947,2023,EMNLP,0,0
2023.emnlp-main.948,2023,EMNLP,0,0
2023.emnlp-main.949,2023,EMNLP,0,0
2023.emnlp-main.95,2023,EMNLP,1,1
2023.emnlp-main.950,2023,EMNLP,0,0
2023.emnlp-main.951,2023,EMNLP,1,1
2023.emnlp-main.952,2023,EMNLP,0,0
2023.emnlp-main.953,2023,EMNLP,1,0
2023.emnlp-main.954,2023,EMNLP,1,0
2023.emnlp-main.955,2023,EMNLP,1,1
2023.emnlp-main.956,2023,EMNLP,0,0
2023.emnlp-main.957,2023,EMNLP,1,1
2023.emnlp-main.958,2023,EMNLP,1,1
2023.emnlp-main.959,2023,EMNLP,0,0
2023.emnlp-main.96,2023,EMNLP,1,1
2023.emnlp-main.960,2023,EMNLP,1,1
2023.emnlp-main.961,2023,EMNLP,1,1
2023.emnlp-main.962,2023,EMNLP,0,0
2023.emnlp-main.963,2023,EMNLP,0,0
2023.emnlp-main.964,2023,EMNLP,1,1
2023.emnlp-main.965,2023,EMNLP,0,0
2023.emnlp-main.966,2023,EMNLP,1,1
2023.emnlp-main.967,2023,EMNLP,0,0
2023.emnlp-main.968,2023,EMNLP,0,0
2023.emnlp-main.969,2023,EMNLP,1,1
2023.emnlp-main.97,2023,EMNLP,1,1
2023.emnlp-main.970,2023,EMNLP,1,1
2023.emnlp-main.971,2023,EMNLP,0,0
2023.emnlp-main.972,2023,EMNLP,0,0
2023.emnlp-main.973,2023,EMNLP,1,1
2023.emnlp-main.974,2023,EMNLP,0,0
2023.emnlp-main.975,2023,EMNLP,0,0
2023.emnlp-main.976,2023,EMNLP,1,1
2023.emnlp-main.977,2023,EMNLP,1,1
2023.emnlp-main.978,2023,EMNLP,0,0
2023.emnlp-main.979,2023,EMNLP,1,1
2023.emnlp-main.98,2023,EMNLP,1,1
2023.emnlp-main.980,2023,EMNLP,0,0
2023.emnlp-main.981,2023,EMNLP,0,0
2023.emnlp-main.982,2023,EMNLP,1,0
2023.emnlp-main.983,2023,EMNLP,0,0
2023.emnlp-main.984,2023,EMNLP,1,1
2023.emnlp-main.985,2023,EMNLP,1,1
2023.emnlp-main.986,2023,EMNLP,1,1
2023.emnlp-main.987,2023,EMNLP,1,0
2023.emnlp-main.988,2023,EMNLP,1,1
2023.emnlp-main.989,2023,EMNLP,0,0
2023.emnlp-main.99,2023,EMNLP,0,0
2023.emnlp-main.990,2023,EMNLP,0,0
2023.emnlp-main.991,2023,EMNLP,0,0
2023.emnlp-main.992,2023,EMNLP,1,1
2023.emnlp-main.993,2023,EMNLP,0,0
2023.emnlp-main.994,2023,EMNLP,1,1
2023.emnlp-main.995,2023,EMNLP,1,1
2023.emnlp-main.996,2023,EMNLP,0,0
2023.emnlp-main.997,2023,EMNLP,0,0
2023.emnlp-main.998,2023,EMNLP,0,0
2023.emnlp-main.999,2023,EMNLP,1,0
2024.acl-long.1,2024,ACL,1,1
2024.acl-long.10,2024,ACL,1,1
2024.acl-long.100,2024,ACL,1,1
2024.acl-long.101,2024,ACL,1,1
2024.acl-long.102,2024,ACL,0,0
2024.acl-long.103,2024,ACL,1,1
2024.acl-long.104,2024,ACL,1,1
2024.acl-long.105,2024,ACL,1,1
2024.acl-long.106,2024,ACL,0,0
2024.acl-long.107,2024,ACL,1,1
2024.acl-long.108,2024,ACL,0,0
2024.acl-long.109,2024,ACL,0,0
2024.acl-long.11,2024,ACL,0,0
2024.acl-long.110,2024,ACL,0,0
2024.acl-long.111,2024,ACL,0,0
2024.acl-long.112,2024,ACL,0,0
2024.acl-long.113,2024,ACL,1,0
2024.acl-long.114,2024,ACL,0,0
2024.acl-long.115,2024,ACL,0,0
2024.acl-long.116,2024,ACL,0,0
2024.acl-long.117,2024,ACL,0,0
2024.acl-long.118,2024,ACL,1,1
2024.acl-long.119,2024,ACL,0,0
2024.acl-long.12,2024,ACL,1,1
2024.acl-long.120,2024,ACL,0,0
2024.acl-long.121,2024,ACL,0,0
2024.acl-long.122,2024,ACL,1,1
2024.acl-long.123,2024,ACL,0,0
2024.acl-long.124,2024,ACL,0,0
2024.acl-long.125,2024,ACL,1,1
2024.acl-long.126,2024,ACL,0,0
2024.acl-long.127,2024,ACL,1,0
2024.acl-long.128,2024,ACL,1,1
2024.acl-long.129,2024,ACL,1,1
2024.acl-long.13,2024,ACL,0,0
2024.acl-long.130,2024,ACL,1,1
2024.acl-long.131,2024,ACL,1,1
2024.acl-long.132,2024,ACL,0,0
2024.acl-long.133,2024,ACL,0,0
2024.acl-long.134,2024,ACL,1,1
2024.acl-long.135,2024,ACL,1,1
2024.acl-long.136,2024,ACL,1,1
2024.acl-long.137,2024,ACL,0,0
2024.acl-long.138,2024,ACL,0,0
2024.acl-long.139,2024,ACL,1,1
2024.acl-long.14,2024,ACL,0,0
2024.acl-long.140,2024,ACL,1,1
2024.acl-long.141,2024,ACL,1,1
2024.acl-long.142,2024,ACL,1,1
2024.acl-long.143,2024,ACL,1,1
2024.acl-long.144,2024,ACL,1,1
2024.acl-long.145,2024,ACL,0,0
2024.acl-long.146,2024,ACL,0,0
2024.acl-long.147,2024,ACL,1,1
2024.acl-long.148,2024,ACL,1,1
2024.acl-long.149,2024,ACL,1,1
2024.acl-long.15,2024,ACL,0,0
2024.acl-long.150,2024,ACL,0,0
2024.acl-long.151,2024,ACL,1,1
2024.acl-long.152,2024,ACL,0,0
2024.acl-long.153,2024,ACL,0,0
2024.acl-long.154,2024,ACL,1,1
2024.acl-long.155,2024,ACL,0,0
2024.acl-long.156,2024,ACL,1,1
2024.acl-long.157,2024,ACL,0,0
2024.acl-long.158,2024,ACL,0,0
2024.acl-long.159,2024,ACL,1,1
2024.acl-long.16,2024,ACL,1,0
2024.acl-long.160,2024,ACL,1,1
2024.acl-long.161,2024,ACL,0,0
2024.acl-long.162,2024,ACL,0,0
2024.acl-long.163,2024,ACL,1,1
2024.acl-long.164,2024,ACL,0,0
2024.acl-long.165,2024,ACL,1,1
2024.acl-long.166,2024,ACL,1,0
2024.acl-long.167,2024,ACL,1,1
2024.acl-long.168,2024,ACL,1,0
2024.acl-long.169,2024,ACL,0,0
2024.acl-long.17,2024,ACL,0,0
2024.acl-long.170,2024,ACL,0,0
2024.acl-long.171,2024,ACL,1,1
2024.acl-long.172,2024,ACL,1,1
2024.acl-long.173,2024,ACL,1,1
2024.acl-long.174,2024,ACL,1,1
2024.acl-long.175,2024,ACL,0,0
2024.acl-long.176,2024,ACL,1,1
2024.acl-long.177,2024,ACL,0,0
2024.acl-long.178,2024,ACL,1,1
2024.acl-long.179,2024,ACL,1,1
2024.acl-long.18,2024,ACL,1,1
2024.acl-long.180,2024,ACL,1,1
2024.acl-long.181,2024,ACL,1,1
2024.acl-long.182,2024,ACL,1,1
2024.acl-long.183,2024,ACL,1,1
2024.acl-long.184,2024,ACL,1,1
2024.acl-long.185,2024,ACL,1,1
2024.acl-long.186,2024,ACL,1,1
2024.acl-long.187,2024,ACL,1,1
2024.acl-long.188,2024,ACL,0,0
2024.acl-long.189,2024,ACL,0,0
2024.acl-long.19,2024,ACL,1,1
2024.acl-long.190,2024,ACL,1,1
2024.acl-long.191,2024,ACL,0,0
2024.acl-long.192,2024,ACL,0,0
2024.acl-long.193,2024,ACL,0,0
2024.acl-long.194,2024,ACL,1,1
2024.acl-long.195,2024,ACL,0,0
2024.acl-long.196,2024,ACL,0,0
2024.acl-long.197,2024,ACL,1,1
2024.acl-long.198,2024,ACL,0,0
2024.acl-long.199,2024,ACL,0,0
2024.acl-long.2,2024,ACL,0,0
2024.acl-long.20,2024,ACL,0,0
2024.acl-long.200,2024,ACL,1,1
2024.acl-long.201,2024,ACL,1,1
2024.acl-long.202,2024,ACL,1,1
2024.acl-long.203,2024,ACL,0,0
2024.acl-long.204,2024,ACL,1,1
2024.acl-long.205,2024,ACL,0,0
2024.acl-long.206,2024,ACL,1,1
2024.acl-long.207,2024,ACL,1,1
2024.acl-long.208,2024,ACL,0,0
2024.acl-long.209,2024,ACL,0,0
2024.acl-long.21,2024,ACL,1,1
2024.acl-long.210,2024,ACL,0,0
2024.acl-long.211,2024,ACL,1,0
2024.acl-long.212,2024,ACL,1,1
2024.acl-long.213,2024,ACL,1,1
2024.acl-long.214,2024,ACL,1,1
2024.acl-long.215,2024,ACL,0,0
2024.acl-long.216,2024,ACL,0,0
2024.acl-long.217,2024,ACL,1,1
2024.acl-long.218,2024,ACL,0,0
2024.acl-long.219,2024,ACL,1,1
2024.acl-long.22,2024,ACL,0,0
2024.acl-long.220,2024,ACL,0,0
2024.acl-long.221,2024,ACL,1,1
2024.acl-long.222,2024,ACL,0,0
2024.acl-long.223,2024,ACL,0,0
2024.acl-long.224,2024,ACL,0,0
2024.acl-long.225,2024,ACL,0,0
2024.acl-long.226,2024,ACL,0,0
2024.acl-long.227,2024,ACL,1,1
2024.acl-long.228,2024,ACL,1,1
2024.acl-long.229,2024,ACL,1,1
2024.acl-long.23,2024,ACL,0,0
2024.acl-long.230,2024,ACL,0,0
2024.acl-long.231,2024,ACL,1,1
2024.acl-long.232,2024,ACL,1,1
2024.acl-long.233,2024,ACL,1,1
2024.acl-long.234,2024,ACL,1,1
2024.acl-long.235,2024,ACL,0,0
2024.acl-long.236,2024,ACL,1,1
2024.acl-long.237,2024,ACL,0,0
2024.acl-long.238,2024,ACL,0,0
2024.acl-long.239,2024,ACL,1,1
2024.acl-long.24,2024,ACL,1,1
2024.acl-long.240,2024,ACL,1,0
2024.acl-long.241,2024,ACL,0,0
2024.acl-long.242,2024,ACL,0,0
2024.acl-long.243,2024,ACL,0,0
2024.acl-long.244,2024,ACL,1,1
2024.acl-long.245,2024,ACL,0,0
2024.acl-long.246,2024,ACL,0,0
2024.acl-long.247,2024,ACL,0,0
2024.acl-long.248,2024,ACL,0,0
2024.acl-long.249,2024,ACL,0,0
2024.acl-long.25,2024,ACL,0,0
2024.acl-long.250,2024,ACL,0,0
2024.acl-long.251,2024,ACL,1,1
2024.acl-long.252,2024,ACL,0,0
2024.acl-long.253,2024,ACL,1,1
2024.acl-long.254,2024,ACL,0,0
2024.acl-long.255,2024,ACL,1,1
2024.acl-long.256,2024,ACL,1,1
2024.acl-long.257,2024,ACL,1,1
2024.acl-long.258,2024,ACL,1,1
2024.acl-long.259,2024,ACL,0,0
2024.acl-long.26,2024,ACL,1,1
2024.acl-long.260,2024,ACL,0,0
2024.acl-long.261,2024,ACL,0,0
2024.acl-long.262,2024,ACL,1,1
2024.acl-long.263,2024,ACL,1,1
2024.acl-long.264,2024,ACL,1,1
2024.acl-long.265,2024,ACL,1,1
2024.acl-long.266,2024,ACL,1,0
2024.acl-long.267,2024,ACL,0,0
2024.acl-long.268,2024,ACL,1,1
2024.acl-long.269,2024,ACL,1,1
2024.acl-long.27,2024,ACL,1,1
2024.acl-long.270,2024,ACL,1,1
2024.acl-long.271,2024,ACL,0,0
2024.acl-long.272,2024,ACL,1,1
2024.acl-long.273,2024,ACL,1,1
2024.acl-long.274,2024,ACL,1,1
2024.acl-long.275,2024,ACL,1,0
2024.acl-long.276,2024,ACL,1,1
2024.acl-long.277,2024,ACL,1,1
2024.acl-long.278,2024,ACL,0,0
2024.acl-long.279,2024,ACL,1,0
2024.acl-long.28,2024,ACL,0,0
2024.acl-long.280,2024,ACL,1,0
2024.acl-long.281,2024,ACL,0,0
2024.acl-long.282,2024,ACL,1,0
2024.acl-long.283,2024,ACL,0,0
2024.acl-long.284,2024,ACL,1,1
2024.acl-long.285,2024,ACL,1,1
2024.acl-long.286,2024,ACL,1,1
2024.acl-long.287,2024,ACL,1,0
2024.acl-long.288,2024,ACL,0,0
2024.acl-long.289,2024,ACL,1,1
2024.acl-long.29,2024,ACL,1,0
2024.acl-long.290,2024,ACL,0,0
2024.acl-long.291,2024,ACL,1,1
2024.acl-long.292,2024,ACL,0,0
2024.acl-long.293,2024,ACL,0,0
2024.acl-long.294,2024,ACL,0,0
2024.acl-long.295,2024,ACL,0,0
2024.acl-long.296,2024,ACL,0,0
2024.acl-long.297,2024,ACL,0,0
2024.acl-long.298,2024,ACL,1,1
2024.acl-long.299,2024,ACL,1,1
2024.acl-long.3,2024,ACL,0,0
2024.acl-long.30,2024,ACL,1,1
2024.acl-long.300,2024,ACL,0,0
2024.acl-long.301,2024,ACL,1,1
2024.acl-long.302,2024,ACL,1,1
2024.acl-long.303,2024,ACL,0,0
2024.acl-long.304,2024,ACL,1,1
2024.acl-long.305,2024,ACL,0,0
2024.acl-long.306,2024,ACL,0,0
2024.acl-long.307,2024,ACL,0,0
2024.acl-long.308,2024,ACL,1,1
2024.acl-long.309,2024,ACL,0,0
2024.acl-long.31,2024,ACL,1,1
2024.acl-long.310,2024,ACL,1,1
2024.acl-long.311,2024,ACL,1,1
2024.acl-long.312,2024,ACL,1,0
2024.acl-long.313,2024,ACL,0,0
2024.acl-long.314,2024,ACL,0,0
2024.acl-long.315,2024,ACL,0,0
2024.acl-long.316,2024,ACL,1,1
2024.acl-long.317,2024,ACL,1,0
2024.acl-long.318,2024,ACL,0,0
2024.acl-long.319,2024,ACL,1,0
2024.acl-long.32,2024,ACL,1,0
2024.acl-long.320,2024,ACL,1,1
2024.acl-long.321,2024,ACL,1,1
2024.acl-long.322,2024,ACL,1,1
2024.acl-long.323,2024,ACL,1,1
2024.acl-long.324,2024,ACL,1,1
2024.acl-long.325,2024,ACL,1,1
2024.acl-long.326,2024,ACL,1,1
2024.acl-long.327,2024,ACL,1,1
2024.acl-long.328,2024,ACL,1,1
2024.acl-long.329,2024,ACL,0,0
2024.acl-long.33,2024,ACL,0,0
2024.acl-long.330,2024,ACL,1,0
2024.acl-long.331,2024,ACL,1,1
2024.acl-long.332,2024,ACL,1,0
2024.acl-long.333,2024,ACL,1,1
2024.acl-long.334,2024,ACL,1,1
2024.acl-long.335,2024,ACL,1,0
2024.acl-long.336,2024,ACL,0,0
2024.acl-long.337,2024,ACL,0,0
2024.acl-long.338,2024,ACL,0,0
2024.acl-long.339,2024,ACL,1,1
2024.acl-long.34,2024,ACL,1,1
2024.acl-long.340,2024,ACL,0,0
2024.acl-long.341,2024,ACL,1,1
2024.acl-long.342,2024,ACL,1,1
2024.acl-long.343,2024,ACL,1,1
2024.acl-long.344,2024,ACL,0,0
2024.acl-long.345,2024,ACL,0,0
2024.acl-long.346,2024,ACL,1,1
2024.acl-long.347,2024,ACL,1,0
2024.acl-long.348,2024,ACL,1,1
2024.acl-long.349,2024,ACL,1,1
2024.acl-long.35,2024,ACL,1,1
2024.acl-long.350,2024,ACL,0,0
2024.acl-long.351,2024,ACL,1,1
2024.acl-long.352,2024,ACL,1,1
2024.acl-long.353,2024,ACL,1,1
2024.acl-long.354,2024,ACL,0,0
2024.acl-long.355,2024,ACL,1,0
2024.acl-long.356,2024,ACL,0,0
2024.acl-long.357,2024,ACL,0,0
2024.acl-long.358,2024,ACL,1,1
2024.acl-long.359,2024,ACL,1,1
2024.acl-long.36,2024,ACL,1,1
2024.acl-long.360,2024,ACL,1,1
2024.acl-long.361,2024,ACL,0,0
2024.acl-long.362,2024,ACL,1,1
2024.acl-long.363,2024,ACL,0,0
2024.acl-long.364,2024,ACL,1,1
2024.acl-long.365,2024,ACL,0,0
2024.acl-long.366,2024,ACL,1,0
2024.acl-long.367,2024,ACL,0,0
2024.acl-long.368,2024,ACL,0,0
2024.acl-long.369,2024,ACL,0,0
2024.acl-long.37,2024,ACL,1,0
2024.acl-long.370,2024,ACL,0,0
2024.acl-long.371,2024,ACL,0,0
2024.acl-long.372,2024,ACL,0,0
2024.acl-long.373,2024,ACL,1,1
2024.acl-long.374,2024,ACL,1,0
2024.acl-long.375,2024,ACL,1,1
2024.acl-long.376,2024,ACL,0,0
2024.acl-long.377,2024,ACL,1,0
2024.acl-long.378,2024,ACL,1,1
2024.acl-long.379,2024,ACL,1,1
2024.acl-long.38,2024,ACL,1,1
2024.acl-long.380,2024,ACL,0,0
2024.acl-long.381,2024,ACL,1,1
2024.acl-long.382,2024,ACL,1,1
2024.acl-long.383,2024,ACL,1,1
2024.acl-long.384,2024,ACL,0,0
2024.acl-long.385,2024,ACL,0,0
2024.acl-long.386,2024,ACL,0,0
2024.acl-long.387,2024,ACL,1,1
2024.acl-long.388,2024,ACL,0,0
2024.acl-long.389,2024,ACL,0,0
2024.acl-long.39,2024,ACL,0,0
2024.acl-long.390,2024,ACL,1,1
2024.acl-long.391,2024,ACL,1,1
2024.acl-long.392,2024,ACL,1,1
2024.acl-long.393,2024,ACL,1,0
2024.acl-long.394,2024,ACL,1,1
2024.acl-long.395,2024,ACL,0,0
2024.acl-long.396,2024,ACL,1,1
2024.acl-long.397,2024,ACL,1,1
2024.acl-long.398,2024,ACL,1,1
2024.acl-long.399,2024,ACL,1,1
2024.acl-long.4,2024,ACL,1,1
2024.acl-long.40,2024,ACL,1,1
2024.acl-long.400,2024,ACL,0,0
2024.acl-long.401,2024,ACL,1,1
2024.acl-long.402,2024,ACL,0,0
2024.acl-long.403,2024,ACL,0,0
2024.acl-long.404,2024,ACL,0,0
2024.acl-long.405,2024,ACL,1,1
2024.acl-long.406,2024,ACL,1,1
2024.acl-long.407,2024,ACL,0,0
2024.acl-long.408,2024,ACL,1,1
2024.acl-long.409,2024,ACL,1,1
2024.acl-long.41,2024,ACL,0,0
2024.acl-long.410,2024,ACL,1,1
2024.acl-long.411,2024,ACL,1,1
2024.acl-long.412,2024,ACL,0,0
2024.acl-long.413,2024,ACL,0,0
2024.acl-long.414,2024,ACL,1,1
2024.acl-long.415,2024,ACL,1,1
2024.acl-long.416,2024,ACL,1,1
2024.acl-long.417,2024,ACL,1,1
2024.acl-long.418,2024,ACL,1,1
2024.acl-long.419,2024,ACL,1,0
2024.acl-long.42,2024,ACL,0,0
2024.acl-long.420,2024,ACL,0,0
2024.acl-long.421,2024,ACL,0,0
2024.acl-long.422,2024,ACL,0,0
2024.acl-long.423,2024,ACL,1,1
2024.acl-long.424,2024,ACL,0,0
2024.acl-long.425,2024,ACL,1,1
2024.acl-long.426,2024,ACL,0,0
2024.acl-long.427,2024,ACL,1,1
2024.acl-long.428,2024,ACL,1,1
2024.acl-long.429,2024,ACL,1,1
2024.acl-long.43,2024,ACL,1,1
2024.acl-long.430,2024,ACL,1,1
2024.acl-long.431,2024,ACL,1,0
2024.acl-long.432,2024,ACL,1,1
2024.acl-long.433,2024,ACL,1,0
2024.acl-long.434,2024,ACL,1,1
2024.acl-long.435,2024,ACL,0,0
2024.acl-long.436,2024,ACL,1,1
2024.acl-long.437,2024,ACL,1,1
2024.acl-long.438,2024,ACL,1,1
2024.acl-long.439,2024,ACL,0,0
2024.acl-long.44,2024,ACL,0,0
2024.acl-long.440,2024,ACL,0,0
2024.acl-long.441,2024,ACL,1,0
2024.acl-long.442,2024,ACL,1,1
2024.acl-long.443,2024,ACL,1,1
2024.acl-long.444,2024,ACL,1,1
2024.acl-long.445,2024,ACL,1,1
2024.acl-long.446,2024,ACL,0,0
2024.acl-long.447,2024,ACL,0,0
2024.acl-long.448,2024,ACL,1,1
2024.acl-long.449,2024,ACL,0,0
2024.acl-long.45,2024,ACL,1,1
2024.acl-long.450,2024,ACL,1,1
2024.acl-long.451,2024,ACL,1,1
2024.acl-long.452,2024,ACL,1,1
2024.acl-long.453,2024,ACL,1,1
2024.acl-long.454,2024,ACL,0,0
2024.acl-long.455,2024,ACL,0,0
2024.acl-long.456,2024,ACL,0,0
2024.acl-long.457,2024,ACL,1,1
2024.acl-long.458,2024,ACL,0,0
2024.acl-long.459,2024,ACL,1,1
2024.acl-long.46,2024,ACL,0,0
2024.acl-long.460,2024,ACL,0,0
2024.acl-long.461,2024,ACL,0,0
2024.acl-long.462,2024,ACL,1,1
2024.acl-long.463,2024,ACL,1,1
2024.acl-long.464,2024,ACL,1,1
2024.acl-long.465,2024,ACL,0,0
2024.acl-long.466,2024,ACL,0,0
2024.acl-long.467,2024,ACL,1,1
2024.acl-long.468,2024,ACL,1,1
2024.acl-long.469,2024,ACL,0,0
2024.acl-long.47,2024,ACL,0,0
2024.acl-long.470,2024,ACL,1,1
2024.acl-long.471,2024,ACL,1,1
2024.acl-long.472,2024,ACL,0,0
2024.acl-long.473,2024,ACL,1,1
2024.acl-long.474,2024,ACL,1,1
2024.acl-long.475,2024,ACL,0,0
2024.acl-long.476,2024,ACL,0,0
2024.acl-long.477,2024,ACL,1,1
2024.acl-long.478,2024,ACL,1,1
2024.acl-long.479,2024,ACL,1,1
2024.acl-long.48,2024,ACL,1,1
2024.acl-long.480,2024,ACL,1,0
2024.acl-long.481,2024,ACL,1,1
2024.acl-long.482,2024,ACL,1,1
2024.acl-long.483,2024,ACL,0,0
2024.acl-long.484,2024,ACL,1,1
2024.acl-long.485,2024,ACL,1,1
2024.acl-long.486,2024,ACL,1,1
2024.acl-long.487,2024,ACL,1,0
2024.acl-long.488,2024,ACL,1,1
2024.acl-long.489,2024,ACL,1,1
2024.acl-long.49,2024,ACL,0,0
2024.acl-long.490,2024,ACL,1,0
2024.acl-long.491,2024,ACL,1,1
2024.acl-long.492,2024,ACL,0,0
2024.acl-long.493,2024,ACL,1,1
2024.acl-long.494,2024,ACL,1,1
2024.acl-long.495,2024,ACL,1,1
2024.acl-long.496,2024,ACL,1,1
2024.acl-long.497,2024,ACL,0,0
2024.acl-long.498,2024,ACL,0,0
2024.acl-long.499,2024,ACL,1,1
2024.acl-long.5,2024,ACL,0,0
2024.acl-long.50,2024,ACL,0,0
2024.acl-long.500,2024,ACL,1,1
2024.acl-long.501,2024,ACL,0,0
2024.acl-long.502,2024,ACL,0,0
2024.acl-long.503,2024,ACL,1,1
2024.acl-long.504,2024,ACL,1,1
2024.acl-long.505,2024,ACL,1,1
2024.acl-long.506,2024,ACL,1,1
2024.acl-long.507,2024,ACL,0,0
2024.acl-long.508,2024,ACL,0,0
2024.acl-long.509,2024,ACL,1,1
2024.acl-long.51,2024,ACL,1,1
2024.acl-long.510,2024,ACL,0,0
2024.acl-long.511,2024,ACL,0,0
2024.acl-long.512,2024,ACL,1,1
2024.acl-long.513,2024,ACL,1,1
2024.acl-long.514,2024,ACL,1,1
2024.acl-long.515,2024,ACL,1,1
2024.acl-long.516,2024,ACL,0,0
2024.acl-long.517,2024,ACL,0,0
2024.acl-long.518,2024,ACL,0,0
2024.acl-long.519,2024,ACL,0,0
2024.acl-long.52,2024,ACL,1,1
2024.acl-long.520,2024,ACL,0,0
2024.acl-long.521,2024,ACL,1,0
2024.acl-long.522,2024,ACL,1,1
2024.acl-long.523,2024,ACL,1,1
2024.acl-long.524,2024,ACL,1,0
2024.acl-long.525,2024,ACL,1,1
2024.acl-long.526,2024,ACL,1,1
2024.acl-long.527,2024,ACL,1,1
2024.acl-long.528,2024,ACL,0,0
2024.acl-long.529,2024,ACL,0,0
2024.acl-long.53,2024,ACL,1,0
2024.acl-long.530,2024,ACL,1,1
2024.acl-long.531,2024,ACL,1,1
2024.acl-long.532,2024,ACL,0,0
2024.acl-long.533,2024,ACL,1,1
2024.acl-long.534,2024,ACL,1,0
2024.acl-long.535,2024,ACL,1,1
2024.acl-long.536,2024,ACL,1,1
2024.acl-long.537,2024,ACL,1,1
2024.acl-long.538,2024,ACL,1,1
2024.acl-long.539,2024,ACL,1,1
2024.acl-long.54,2024,ACL,0,0
2024.acl-long.540,2024,ACL,1,1
2024.acl-long.541,2024,ACL,0,0
2024.acl-long.542,2024,ACL,1,1
2024.acl-long.543,2024,ACL,0,0
2024.acl-long.544,2024,ACL,1,1
2024.acl-long.545,2024,ACL,1,0
2024.acl-long.546,2024,ACL,0,0
2024.acl-long.547,2024,ACL,1,1
2024.acl-long.548,2024,ACL,1,0
2024.acl-long.549,2024,ACL,1,1
2024.acl-long.55,2024,ACL,1,1
2024.acl-long.550,2024,ACL,1,1
2024.acl-long.551,2024,ACL,1,1
2024.acl-long.552,2024,ACL,0,0
2024.acl-long.553,2024,ACL,1,1
2024.acl-long.554,2024,ACL,1,0
2024.acl-long.555,2024,ACL,1,1
2024.acl-long.556,2024,ACL,0,0
2024.acl-long.557,2024,ACL,0,0
2024.acl-long.558,2024,ACL,0,0
2024.acl-long.559,2024,ACL,0,0
2024.acl-long.56,2024,ACL,1,1
2024.acl-long.560,2024,ACL,0,0
2024.acl-long.561,2024,ACL,1,1
2024.acl-long.562,2024,ACL,0,0
2024.acl-long.563,2024,ACL,0,0
2024.acl-long.564,2024,ACL,0,0
2024.acl-long.565,2024,ACL,0,0
2024.acl-long.566,2024,ACL,1,1
2024.acl-long.567,2024,ACL,1,1
2024.acl-long.568,2024,ACL,1,1
2024.acl-long.569,2024,ACL,1,1
2024.acl-long.57,2024,ACL,0,0
2024.acl-long.570,2024,ACL,1,1
2024.acl-long.571,2024,ACL,0,0
2024.acl-long.572,2024,ACL,0,0
2024.acl-long.573,2024,ACL,0,0
2024.acl-long.574,2024,ACL,0,0
2024.acl-long.575,2024,ACL,1,1
2024.acl-long.576,2024,ACL,0,0
2024.acl-long.577,2024,ACL,1,1
2024.acl-long.578,2024,ACL,1,1
2024.acl-long.579,2024,ACL,1,1
2024.acl-long.58,2024,ACL,0,0
2024.acl-long.580,2024,ACL,0,0
2024.acl-long.581,2024,ACL,1,0
2024.acl-long.582,2024,ACL,1,1
2024.acl-long.583,2024,ACL,1,1
2024.acl-long.584,2024,ACL,0,0
2024.acl-long.585,2024,ACL,1,1
2024.acl-long.586,2024,ACL,0,0
2024.acl-long.587,2024,ACL,1,1
2024.acl-long.588,2024,ACL,1,1
2024.acl-long.589,2024,ACL,1,1
2024.acl-long.59,2024,ACL,1,1
2024.acl-long.590,2024,ACL,1,1
2024.acl-long.591,2024,ACL,1,1
2024.acl-long.592,2024,ACL,1,0
2024.acl-long.593,2024,ACL,1,1
2024.acl-long.594,2024,ACL,0,0
2024.acl-long.595,2024,ACL,1,0
2024.acl-long.596,2024,ACL,1,1
2024.acl-long.597,2024,ACL,1,0
2024.acl-long.598,2024,ACL,0,0
2024.acl-long.599,2024,ACL,0,0
2024.acl-long.6,2024,ACL,1,1
2024.acl-long.60,2024,ACL,0,0
2024.acl-long.600,2024,ACL,0,0
2024.acl-long.601,2024,ACL,1,1
2024.acl-long.602,2024,ACL,1,1
2024.acl-long.603,2024,ACL,1,1
2024.acl-long.604,2024,ACL,0,0
2024.acl-long.605,2024,ACL,1,1
2024.acl-long.606,2024,ACL,0,0
2024.acl-long.607,2024,ACL,1,1
2024.acl-long.608,2024,ACL,1,1
2024.acl-long.609,2024,ACL,1,1
2024.acl-long.61,2024,ACL,1,1
2024.acl-long.610,2024,ACL,0,0
2024.acl-long.611,2024,ACL,0,0
2024.acl-long.612,2024,ACL,0,0
2024.acl-long.613,2024,ACL,0,0
2024.acl-long.614,2024,ACL,1,1
2024.acl-long.615,2024,ACL,0,0
2024.acl-long.616,2024,ACL,1,1
2024.acl-long.617,2024,ACL,1,1
2024.acl-long.618,2024,ACL,1,1
2024.acl-long.619,2024,ACL,1,1
2024.acl-long.62,2024,ACL,1,1
2024.acl-long.620,2024,ACL,0,0
2024.acl-long.621,2024,ACL,0,0
2024.acl-long.622,2024,ACL,1,1
2024.acl-long.623,2024,ACL,1,0
2024.acl-long.624,2024,ACL,0,0
2024.acl-long.625,2024,ACL,1,1
2024.acl-long.626,2024,ACL,1,0
2024.acl-long.627,2024,ACL,1,1
2024.acl-long.628,2024,ACL,0,0
2024.acl-long.629,2024,ACL,0,0
2024.acl-long.63,2024,ACL,0,0
2024.acl-long.630,2024,ACL,1,1
2024.acl-long.631,2024,ACL,1,0
2024.acl-long.632,2024,ACL,1,1
2024.acl-long.633,2024,ACL,1,1
2024.acl-long.634,2024,ACL,0,0
2024.acl-long.635,2024,ACL,0,0
2024.acl-long.636,2024,ACL,0,0
2024.acl-long.637,2024,ACL,1,0
2024.acl-long.638,2024,ACL,0,0
2024.acl-long.639,2024,ACL,1,1
2024.acl-long.64,2024,ACL,1,0
2024.acl-long.640,2024,ACL,0,0
2024.acl-long.641,2024,ACL,1,1
2024.acl-long.642,2024,ACL,1,1
2024.acl-long.643,2024,ACL,1,1
2024.acl-long.644,2024,ACL,1,1
2024.acl-long.645,2024,ACL,0,0
2024.acl-long.646,2024,ACL,1,1
2024.acl-long.647,2024,ACL,0,0
2024.acl-long.648,2024,ACL,0,0
2024.acl-long.649,2024,ACL,1,1
2024.acl-long.65,2024,ACL,0,0
2024.acl-long.650,2024,ACL,0,0
2024.acl-long.651,2024,ACL,0,0
2024.acl-long.652,2024,ACL,0,0
2024.acl-long.653,2024,ACL,1,1
2024.acl-long.654,2024,ACL,0,0
2024.acl-long.655,2024,ACL,0,0
2024.acl-long.656,2024,ACL,0,0
2024.acl-long.657,2024,ACL,0,0
2024.acl-long.658,2024,ACL,1,1
2024.acl-long.659,2024,ACL,0,0
2024.acl-long.66,2024,ACL,1,1
2024.acl-long.660,2024,ACL,0,0
2024.acl-long.661,2024,ACL,0,0
2024.acl-long.662,2024,ACL,0,0
2024.acl-long.663,2024,ACL,1,1
2024.acl-long.664,2024,ACL,0,0
2024.acl-long.665,2024,ACL,0,0
2024.acl-long.666,2024,ACL,0,0
2024.acl-long.667,2024,ACL,0,0
2024.acl-long.668,2024,ACL,1,0
2024.acl-long.669,2024,ACL,1,0
2024.acl-long.67,2024,ACL,0,0
2024.acl-long.670,2024,ACL,1,1
2024.acl-long.671,2024,ACL,0,0
2024.acl-long.672,2024,ACL,0,0
2024.acl-long.673,2024,ACL,1,1
2024.acl-long.674,2024,ACL,1,1
2024.acl-long.675,2024,ACL,0,0
2024.acl-long.676,2024,ACL,0,0
2024.acl-long.677,2024,ACL,0,0
2024.acl-long.678,2024,ACL,1,1
2024.acl-long.679,2024,ACL,1,1
2024.acl-long.68,2024,ACL,0,0
2024.acl-long.680,2024,ACL,1,1
2024.acl-long.681,2024,ACL,1,1
2024.acl-long.682,2024,ACL,0,0
2024.acl-long.683,2024,ACL,0,0
2024.acl-long.684,2024,ACL,1,0
2024.acl-long.685,2024,ACL,1,1
2024.acl-long.686,2024,ACL,0,0
2024.acl-long.687,2024,ACL,1,1
2024.acl-long.688,2024,ACL,0,0
2024.acl-long.689,2024,ACL,0,0
2024.acl-long.69,2024,ACL,1,1
2024.acl-long.690,2024,ACL,1,1
2024.acl-long.691,2024,ACL,1,1
2024.acl-long.692,2024,ACL,0,0
2024.acl-long.693,2024,ACL,0,0
2024.acl-long.694,2024,ACL,0,0
2024.acl-long.695,2024,ACL,1,1
2024.acl-long.696,2024,ACL,1,1
2024.acl-long.697,2024,ACL,0,0
2024.acl-long.698,2024,ACL,1,1
2024.acl-long.699,2024,ACL,0,0
2024.acl-long.7,2024,ACL,1,1
2024.acl-long.70,2024,ACL,1,0
2024.acl-long.700,2024,ACL,1,1
2024.acl-long.701,2024,ACL,1,1
2024.acl-long.702,2024,ACL,0,0
2024.acl-long.703,2024,ACL,0,0
2024.acl-long.704,2024,ACL,1,1
2024.acl-long.705,2024,ACL,0,0
2024.acl-long.706,2024,ACL,0,0
2024.acl-long.707,2024,ACL,1,1
2024.acl-long.708,2024,ACL,1,1
2024.acl-long.709,2024,ACL,0,0
2024.acl-long.71,2024,ACL,1,1
2024.acl-long.710,2024,ACL,1,1
2024.acl-long.711,2024,ACL,0,0
2024.acl-long.712,2024,ACL,1,1
2024.acl-long.713,2024,ACL,0,0
2024.acl-long.714,2024,ACL,0,0
2024.acl-long.715,2024,ACL,1,1
2024.acl-long.716,2024,ACL,1,0
2024.acl-long.717,2024,ACL,0,0
2024.acl-long.718,2024,ACL,1,1
2024.acl-long.719,2024,ACL,1,0
2024.acl-long.72,2024,ACL,1,1
2024.acl-long.720,2024,ACL,1,1
2024.acl-long.721,2024,ACL,1,1
2024.acl-long.722,2024,ACL,1,1
2024.acl-long.723,2024,ACL,1,1
2024.acl-long.724,2024,ACL,1,1
2024.acl-long.725,2024,ACL,1,1
2024.acl-long.726,2024,ACL,0,0
2024.acl-long.727,2024,ACL,1,1
2024.acl-long.728,2024,ACL,0,0
2024.acl-long.729,2024,ACL,1,1
2024.acl-long.73,2024,ACL,0,0
2024.acl-long.730,2024,ACL,1,1
2024.acl-long.731,2024,ACL,1,1
2024.acl-long.732,2024,ACL,1,1
2024.acl-long.733,2024,ACL,1,1
2024.acl-long.734,2024,ACL,1,1
2024.acl-long.735,2024,ACL,1,1
2024.acl-long.736,2024,ACL,1,1
2024.acl-long.737,2024,ACL,0,0
2024.acl-long.738,2024,ACL,1,1
2024.acl-long.739,2024,ACL,1,0
2024.acl-long.74,2024,ACL,1,1
2024.acl-long.740,2024,ACL,1,1
2024.acl-long.741,2024,ACL,1,1
2024.acl-long.742,2024,ACL,0,0
2024.acl-long.743,2024,ACL,0,0
2024.acl-long.744,2024,ACL,0,0
2024.acl-long.745,2024,ACL,0,0
2024.acl-long.746,2024,ACL,0,0
2024.acl-long.747,2024,ACL,1,1
2024.acl-long.748,2024,ACL,1,0
2024.acl-long.749,2024,ACL,1,1
2024.acl-long.75,2024,ACL,1,1
2024.acl-long.750,2024,ACL,0,0
2024.acl-long.751,2024,ACL,1,1
2024.acl-long.752,2024,ACL,1,1
2024.acl-long.753,2024,ACL,0,0
2024.acl-long.754,2024,ACL,0,0
2024.acl-long.755,2024,ACL,0,0
2024.acl-long.756,2024,ACL,0,0
2024.acl-long.757,2024,ACL,1,1
2024.acl-long.758,2024,ACL,1,1
2024.acl-long.759,2024,ACL,1,1
2024.acl-long.76,2024,ACL,0,0
2024.acl-long.760,2024,ACL,1,0
2024.acl-long.761,2024,ACL,0,0
2024.acl-long.762,2024,ACL,0,0
2024.acl-long.763,2024,ACL,0,0
2024.acl-long.764,2024,ACL,1,1
2024.acl-long.765,2024,ACL,1,1
2024.acl-long.766,2024,ACL,1,1
2024.acl-long.767,2024,ACL,1,1
2024.acl-long.768,2024,ACL,1,1
2024.acl-long.769,2024,ACL,0,0
2024.acl-long.77,2024,ACL,0,0
2024.acl-long.770,2024,ACL,0,0
2024.acl-long.771,2024,ACL,1,0
2024.acl-long.772,2024,ACL,1,1
2024.acl-long.773,2024,ACL,0,0
2024.acl-long.774,2024,ACL,1,1
2024.acl-long.775,2024,ACL,1,1
2024.acl-long.776,2024,ACL,1,1
2024.acl-long.777,2024,ACL,0,0
2024.acl-long.778,2024,ACL,0,0
2024.acl-long.779,2024,ACL,1,1
2024.acl-long.78,2024,ACL,1,1
2024.acl-long.780,2024,ACL,1,1
2024.acl-long.781,2024,ACL,1,1
2024.acl-long.782,2024,ACL,0,0
2024.acl-long.783,2024,ACL,0,0
2024.acl-long.784,2024,ACL,1,0
2024.acl-long.785,2024,ACL,1,0
2024.acl-long.786,2024,ACL,1,1
2024.acl-long.787,2024,ACL,1,0
2024.acl-long.788,2024,ACL,1,0
2024.acl-long.789,2024,ACL,0,0
2024.acl-long.79,2024,ACL,0,0
2024.acl-long.790,2024,ACL,0,0
2024.acl-long.791,2024,ACL,1,1
2024.acl-long.792,2024,ACL,0,0
2024.acl-long.793,2024,ACL,1,1
2024.acl-long.794,2024,ACL,1,0
2024.acl-long.795,2024,ACL,1,0
2024.acl-long.796,2024,ACL,1,1
2024.acl-long.797,2024,ACL,0,0
2024.acl-long.798,2024,ACL,0,0
2024.acl-long.799,2024,ACL,1,1
2024.acl-long.8,2024,ACL,0,0
2024.acl-long.80,2024,ACL,1,1
2024.acl-long.800,2024,ACL,0,0
2024.acl-long.801,2024,ACL,1,1
2024.acl-long.802,2024,ACL,0,0
2024.acl-long.803,2024,ACL,1,1
2024.acl-long.804,2024,ACL,1,1
2024.acl-long.805,2024,ACL,1,0
2024.acl-long.806,2024,ACL,1,1
2024.acl-long.807,2024,ACL,0,0
2024.acl-long.808,2024,ACL,0,0
2024.acl-long.809,2024,ACL,0,0
2024.acl-long.81,2024,ACL,0,0
2024.acl-long.810,2024,ACL,0,0
2024.acl-long.811,2024,ACL,1,1
2024.acl-long.812,2024,ACL,0,0
2024.acl-long.813,2024,ACL,1,1
2024.acl-long.814,2024,ACL,1,1
2024.acl-long.815,2024,ACL,0,0
2024.acl-long.816,2024,ACL,1,1
2024.acl-long.817,2024,ACL,1,1
2024.acl-long.818,2024,ACL,0,0
2024.acl-long.819,2024,ACL,1,1
2024.acl-long.82,2024,ACL,1,1
2024.acl-long.820,2024,ACL,0,0
2024.acl-long.821,2024,ACL,1,1
2024.acl-long.822,2024,ACL,0,0
2024.acl-long.823,2024,ACL,1,0
2024.acl-long.824,2024,ACL,1,1
2024.acl-long.825,2024,ACL,1,1
2024.acl-long.826,2024,ACL,0,0
2024.acl-long.827,2024,ACL,0,0
2024.acl-long.828,2024,ACL,1,1
2024.acl-long.829,2024,ACL,0,0
2024.acl-long.83,2024,ACL,1,1
2024.acl-long.830,2024,ACL,0,0
2024.acl-long.831,2024,ACL,1,1
2024.acl-long.832,2024,ACL,0,0
2024.acl-long.833,2024,ACL,0,0
2024.acl-long.834,2024,ACL,1,1
2024.acl-long.835,2024,ACL,0,0
2024.acl-long.836,2024,ACL,0,0
2024.acl-long.837,2024,ACL,0,0
2024.acl-long.838,2024,ACL,1,1
2024.acl-long.839,2024,ACL,0,0
2024.acl-long.84,2024,ACL,1,1
2024.acl-long.840,2024,ACL,1,1
2024.acl-long.841,2024,ACL,1,1
2024.acl-long.842,2024,ACL,1,1
2024.acl-long.843,2024,ACL,0,0
2024.acl-long.844,2024,ACL,0,0
2024.acl-long.845,2024,ACL,0,0
2024.acl-long.846,2024,ACL,0,0
2024.acl-long.847,2024,ACL,0,0
2024.acl-long.848,2024,ACL,1,1
2024.acl-long.849,2024,ACL,1,1
2024.acl-long.85,2024,ACL,0,0
2024.acl-long.850,2024,ACL,0,0
2024.acl-long.851,2024,ACL,1,1
2024.acl-long.852,2024,ACL,0,0
2024.acl-long.853,2024,ACL,1,1
2024.acl-long.854,2024,ACL,1,1
2024.acl-long.855,2024,ACL,0,0
2024.acl-long.856,2024,ACL,0,0
2024.acl-long.857,2024,ACL,1,0
2024.acl-long.858,2024,ACL,0,0
2024.acl-long.859,2024,ACL,1,1
2024.acl-long.86,2024,ACL,1,1
2024.acl-long.860,2024,ACL,1,1
2024.acl-long.861,2024,ACL,0,0
2024.acl-long.862,2024,ACL,1,1
2024.acl-long.863,2024,ACL,0,0
2024.acl-long.864,2024,ACL,1,1
2024.acl-long.87,2024,ACL,1,1
2024.acl-long.88,2024,ACL,0,0
2024.acl-long.89,2024,ACL,1,1
2024.acl-long.9,2024,ACL,1,1
2024.acl-long.90,2024,ACL,1,1
2024.acl-long.91,2024,ACL,1,0
2024.acl-long.92,2024,ACL,0,0
2024.acl-long.93,2024,ACL,1,1
2024.acl-long.94,2024,ACL,0,0
2024.acl-long.95,2024,ACL,0,0
2024.acl-long.96,2024,ACL,1,1
2024.acl-long.97,2024,ACL,1,1
2024.acl-long.98,2024,ACL,0,0
2024.acl-long.99,2024,ACL,0,0
2024.emnlp-main.1,2024,EMNLP,1,1
2024.emnlp-main.10,2024,EMNLP,0,0
2024.emnlp-main.100,2024,EMNLP,0,0
2024.emnlp-main.1000,2024,EMNLP,1,1
2024.emnlp-main.1001,2024,EMNLP,0,0
2024.emnlp-main.1002,2024,EMNLP,0,0
2024.emnlp-main.1003,2024,EMNLP,1,0
2024.emnlp-main.1004,2024,EMNLP,0,0
2024.emnlp-main.1005,2024,EMNLP,0,0
2024.emnlp-main.1006,2024,EMNLP,0,0
2024.emnlp-main.1007,2024,EMNLP,1,1
2024.emnlp-main.1008,2024,EMNLP,1,1
2024.emnlp-main.1009,2024,EMNLP,0,0
2024.emnlp-main.101,2024,EMNLP,0,0
2024.emnlp-main.1010,2024,EMNLP,1,1
2024.emnlp-main.1011,2024,EMNLP,0,0
2024.emnlp-main.1012,2024,EMNLP,0,0
2024.emnlp-main.1013,2024,EMNLP,1,1
2024.emnlp-main.1014,2024,EMNLP,1,1
2024.emnlp-main.1015,2024,EMNLP,1,0
2024.emnlp-main.1016,2024,EMNLP,1,1
2024.emnlp-main.1017,2024,EMNLP,1,1
2024.emnlp-main.1018,2024,EMNLP,1,1
2024.emnlp-main.1019,2024,EMNLP,0,0
2024.emnlp-main.102,2024,EMNLP,1,0
2024.emnlp-main.1020,2024,EMNLP,0,0
2024.emnlp-main.1021,2024,EMNLP,1,1
2024.emnlp-main.1022,2024,EMNLP,0,0
2024.emnlp-main.1023,2024,EMNLP,1,0
2024.emnlp-main.1024,2024,EMNLP,0,0
2024.emnlp-main.1025,2024,EMNLP,0,0
2024.emnlp-main.1026,2024,EMNLP,0,0
2024.emnlp-main.1027,2024,EMNLP,0,0
2024.emnlp-main.1028,2024,EMNLP,0,0
2024.emnlp-main.1029,2024,EMNLP,0,0
2024.emnlp-main.103,2024,EMNLP,0,0
2024.emnlp-main.1030,2024,EMNLP,1,0
2024.emnlp-main.1031,2024,EMNLP,1,0
2024.emnlp-main.1032,2024,EMNLP,0,0
2024.emnlp-main.1033,2024,EMNLP,0,0
2024.emnlp-main.1034,2024,EMNLP,0,0
2024.emnlp-main.1035,2024,EMNLP,0,0
2024.emnlp-main.1036,2024,EMNLP,1,1
2024.emnlp-main.1037,2024,EMNLP,1,1
2024.emnlp-main.1038,2024,EMNLP,1,1
2024.emnlp-main.1039,2024,EMNLP,0,0
2024.emnlp-main.104,2024,EMNLP,0,0
2024.emnlp-main.1040,2024,EMNLP,1,0
2024.emnlp-main.1041,2024,EMNLP,0,0
2024.emnlp-main.1042,2024,EMNLP,0,0
2024.emnlp-main.1043,2024,EMNLP,1,0
2024.emnlp-main.1044,2024,EMNLP,1,0
2024.emnlp-main.1045,2024,EMNLP,1,0
2024.emnlp-main.1046,2024,EMNLP,0,0
2024.emnlp-main.1047,2024,EMNLP,1,0
2024.emnlp-main.1048,2024,EMNLP,1,0
2024.emnlp-main.1049,2024,EMNLP,1,1
2024.emnlp-main.105,2024,EMNLP,0,0
2024.emnlp-main.1050,2024,EMNLP,0,0
2024.emnlp-main.1051,2024,EMNLP,0,0
2024.emnlp-main.1052,2024,EMNLP,1,1
2024.emnlp-main.1053,2024,EMNLP,1,1
2024.emnlp-main.1054,2024,EMNLP,0,0
2024.emnlp-main.1055,2024,EMNLP,1,0
2024.emnlp-main.1056,2024,EMNLP,1,0
2024.emnlp-main.1057,2024,EMNLP,0,0
2024.emnlp-main.1058,2024,EMNLP,1,0
2024.emnlp-main.1059,2024,EMNLP,0,0
2024.emnlp-main.106,2024,EMNLP,0,0
2024.emnlp-main.1060,2024,EMNLP,0,0
2024.emnlp-main.1061,2024,EMNLP,1,1
2024.emnlp-main.1062,2024,EMNLP,1,1
2024.emnlp-main.1063,2024,EMNLP,0,0
2024.emnlp-main.1064,2024,EMNLP,0,0
2024.emnlp-main.1065,2024,EMNLP,0,0
2024.emnlp-main.1066,2024,EMNLP,1,1
2024.emnlp-main.1067,2024,EMNLP,0,0
2024.emnlp-main.1068,2024,EMNLP,1,1
2024.emnlp-main.1069,2024,EMNLP,0,0
2024.emnlp-main.107,2024,EMNLP,1,1
2024.emnlp-main.1070,2024,EMNLP,1,1
2024.emnlp-main.1071,2024,EMNLP,0,0
2024.emnlp-main.1072,2024,EMNLP,0,0
2024.emnlp-main.1073,2024,EMNLP,1,1
2024.emnlp-main.1074,2024,EMNLP,1,1
2024.emnlp-main.1075,2024,EMNLP,1,1
2024.emnlp-main.1076,2024,EMNLP,1,1
2024.emnlp-main.1077,2024,EMNLP,1,1
2024.emnlp-main.1078,2024,EMNLP,0,0
2024.emnlp-main.1079,2024,EMNLP,0,0
2024.emnlp-main.108,2024,EMNLP,0,0
2024.emnlp-main.1080,2024,EMNLP,1,1
2024.emnlp-main.1081,2024,EMNLP,1,1
2024.emnlp-main.1082,2024,EMNLP,0,0
2024.emnlp-main.1083,2024,EMNLP,0,0
2024.emnlp-main.1084,2024,EMNLP,0,0
2024.emnlp-main.1085,2024,EMNLP,1,1
2024.emnlp-main.1086,2024,EMNLP,0,0
2024.emnlp-main.1087,2024,EMNLP,1,0
2024.emnlp-main.1088,2024,EMNLP,0,0
2024.emnlp-main.1089,2024,EMNLP,1,0
2024.emnlp-main.109,2024,EMNLP,0,0
2024.emnlp-main.1090,2024,EMNLP,0,0
2024.emnlp-main.1091,2024,EMNLP,1,1
2024.emnlp-main.1092,2024,EMNLP,1,1
2024.emnlp-main.1093,2024,EMNLP,0,0
2024.emnlp-main.1094,2024,EMNLP,1,1
2024.emnlp-main.1095,2024,EMNLP,1,1
2024.emnlp-main.1096,2024,EMNLP,0,0
2024.emnlp-main.1097,2024,EMNLP,0,0
2024.emnlp-main.1098,2024,EMNLP,1,1
2024.emnlp-main.1099,2024,EMNLP,1,0
2024.emnlp-main.11,2024,EMNLP,0,0
2024.emnlp-main.110,2024,EMNLP,1,1
2024.emnlp-main.1100,2024,EMNLP,1,1
2024.emnlp-main.1101,2024,EMNLP,0,0
2024.emnlp-main.1102,2024,EMNLP,0,0
2024.emnlp-main.1103,2024,EMNLP,1,0
2024.emnlp-main.1104,2024,EMNLP,0,0
2024.emnlp-main.1105,2024,EMNLP,0,0
2024.emnlp-main.1106,2024,EMNLP,1,0
2024.emnlp-main.1107,2024,EMNLP,0,0
2024.emnlp-main.1108,2024,EMNLP,0,0
2024.emnlp-main.1109,2024,EMNLP,1,0
2024.emnlp-main.111,2024,EMNLP,0,0
2024.emnlp-main.1110,2024,EMNLP,0,0
2024.emnlp-main.1111,2024,EMNLP,1,0
2024.emnlp-main.1112,2024,EMNLP,0,0
2024.emnlp-main.1113,2024,EMNLP,0,0
2024.emnlp-main.1114,2024,EMNLP,1,1
2024.emnlp-main.1115,2024,EMNLP,1,1
2024.emnlp-main.1116,2024,EMNLP,1,1
2024.emnlp-main.1117,2024,EMNLP,0,0
2024.emnlp-main.1118,2024,EMNLP,1,1
2024.emnlp-main.1119,2024,EMNLP,0,0
2024.emnlp-main.112,2024,EMNLP,1,1
2024.emnlp-main.1120,2024,EMNLP,1,1
2024.emnlp-main.1121,2024,EMNLP,1,1
2024.emnlp-main.1122,2024,EMNLP,1,1
2024.emnlp-main.1123,2024,EMNLP,1,0
2024.emnlp-main.1124,2024,EMNLP,0,0
2024.emnlp-main.1125,2024,EMNLP,1,0
2024.emnlp-main.1126,2024,EMNLP,0,0
2024.emnlp-main.1127,2024,EMNLP,0,0
2024.emnlp-main.1128,2024,EMNLP,0,0
2024.emnlp-main.1129,2024,EMNLP,1,1
2024.emnlp-main.113,2024,EMNLP,1,0
2024.emnlp-main.1130,2024,EMNLP,0,0
2024.emnlp-main.1131,2024,EMNLP,1,1
2024.emnlp-main.1132,2024,EMNLP,1,1
2024.emnlp-main.1133,2024,EMNLP,0,0
2024.emnlp-main.1134,2024,EMNLP,1,1
2024.emnlp-main.1135,2024,EMNLP,0,0
2024.emnlp-main.1136,2024,EMNLP,1,1
2024.emnlp-main.1137,2024,EMNLP,1,1
2024.emnlp-main.1138,2024,EMNLP,1,1
2024.emnlp-main.1139,2024,EMNLP,0,0
2024.emnlp-main.114,2024,EMNLP,0,0
2024.emnlp-main.1140,2024,EMNLP,0,0
2024.emnlp-main.1141,2024,EMNLP,1,1
2024.emnlp-main.1142,2024,EMNLP,0,0
2024.emnlp-main.1143,2024,EMNLP,0,0
2024.emnlp-main.1144,2024,EMNLP,1,1
2024.emnlp-main.1145,2024,EMNLP,1,0
2024.emnlp-main.1146,2024,EMNLP,0,0
2024.emnlp-main.1147,2024,EMNLP,0,0
2024.emnlp-main.1148,2024,EMNLP,1,1
2024.emnlp-main.1149,2024,EMNLP,0,0
2024.emnlp-main.115,2024,EMNLP,1,1
2024.emnlp-main.1150,2024,EMNLP,1,1
2024.emnlp-main.1151,2024,EMNLP,1,1
2024.emnlp-main.1152,2024,EMNLP,0,0
2024.emnlp-main.1153,2024,EMNLP,1,1
2024.emnlp-main.1154,2024,EMNLP,1,1
2024.emnlp-main.1155,2024,EMNLP,0,0
2024.emnlp-main.1156,2024,EMNLP,1,1
2024.emnlp-main.1157,2024,EMNLP,1,0
2024.emnlp-main.1158,2024,EMNLP,0,0
2024.emnlp-main.1159,2024,EMNLP,1,0
2024.emnlp-main.116,2024,EMNLP,0,0
2024.emnlp-main.1160,2024,EMNLP,0,0
2024.emnlp-main.1161,2024,EMNLP,0,0
2024.emnlp-main.1162,2024,EMNLP,0,0
2024.emnlp-main.1163,2024,EMNLP,0,0
2024.emnlp-main.1164,2024,EMNLP,1,1
2024.emnlp-main.1165,2024,EMNLP,0,0
2024.emnlp-main.1166,2024,EMNLP,0,0
2024.emnlp-main.1167,2024,EMNLP,0,0
2024.emnlp-main.1168,2024,EMNLP,1,1
2024.emnlp-main.1169,2024,EMNLP,1,0
2024.emnlp-main.117,2024,EMNLP,1,1
2024.emnlp-main.1170,2024,EMNLP,0,0
2024.emnlp-main.1171,2024,EMNLP,1,0
2024.emnlp-main.1172,2024,EMNLP,1,1
2024.emnlp-main.1173,2024,EMNLP,0,0
2024.emnlp-main.1174,2024,EMNLP,0,0
2024.emnlp-main.1175,2024,EMNLP,0,0
2024.emnlp-main.1176,2024,EMNLP,1,0
2024.emnlp-main.1177,2024,EMNLP,1,1
2024.emnlp-main.1178,2024,EMNLP,1,1
2024.emnlp-main.1179,2024,EMNLP,1,0
2024.emnlp-main.118,2024,EMNLP,0,0
2024.emnlp-main.1180,2024,EMNLP,0,0
2024.emnlp-main.1181,2024,EMNLP,0,0
2024.emnlp-main.1182,2024,EMNLP,0,0
2024.emnlp-main.1183,2024,EMNLP,1,0
2024.emnlp-main.1184,2024,EMNLP,0,0
2024.emnlp-main.1185,2024,EMNLP,1,0
2024.emnlp-main.1186,2024,EMNLP,1,0
2024.emnlp-main.1187,2024,EMNLP,1,1
2024.emnlp-main.1188,2024,EMNLP,1,0
2024.emnlp-main.1189,2024,EMNLP,0,0
2024.emnlp-main.119,2024,EMNLP,1,1
2024.emnlp-main.1190,2024,EMNLP,0,0
2024.emnlp-main.1191,2024,EMNLP,1,1
2024.emnlp-main.1192,2024,EMNLP,1,1
2024.emnlp-main.1193,2024,EMNLP,0,0
2024.emnlp-main.1194,2024,EMNLP,1,1
2024.emnlp-main.1195,2024,EMNLP,0,0
2024.emnlp-main.1196,2024,EMNLP,1,1
2024.emnlp-main.1197,2024,EMNLP,1,1
2024.emnlp-main.1198,2024,EMNLP,0,0
2024.emnlp-main.1199,2024,EMNLP,0,0
2024.emnlp-main.12,2024,EMNLP,0,0
2024.emnlp-main.120,2024,EMNLP,1,1
2024.emnlp-main.1200,2024,EMNLP,0,0
2024.emnlp-main.1201,2024,EMNLP,1,1
2024.emnlp-main.1202,2024,EMNLP,1,0
2024.emnlp-main.1203,2024,EMNLP,1,0
2024.emnlp-main.1204,2024,EMNLP,1,1
2024.emnlp-main.1205,2024,EMNLP,1,0
2024.emnlp-main.1206,2024,EMNLP,0,0
2024.emnlp-main.1207,2024,EMNLP,0,0
2024.emnlp-main.1208,2024,EMNLP,0,0
2024.emnlp-main.1209,2024,EMNLP,1,1
2024.emnlp-main.121,2024,EMNLP,0,0
2024.emnlp-main.1210,2024,EMNLP,0,0
2024.emnlp-main.1211,2024,EMNLP,1,1
2024.emnlp-main.1212,2024,EMNLP,0,0
2024.emnlp-main.1213,2024,EMNLP,1,1
2024.emnlp-main.1214,2024,EMNLP,1,1
2024.emnlp-main.1215,2024,EMNLP,1,1
2024.emnlp-main.1216,2024,EMNLP,1,1
2024.emnlp-main.1217,2024,EMNLP,0,0
2024.emnlp-main.1218,2024,EMNLP,1,1
2024.emnlp-main.1219,2024,EMNLP,0,0
2024.emnlp-main.122,2024,EMNLP,0,0
2024.emnlp-main.1220,2024,EMNLP,0,0
2024.emnlp-main.1221,2024,EMNLP,1,1
2024.emnlp-main.1222,2024,EMNLP,1,1
2024.emnlp-main.1223,2024,EMNLP,1,0
2024.emnlp-main.1224,2024,EMNLP,0,0
2024.emnlp-main.1225,2024,EMNLP,1,1
2024.emnlp-main.1226,2024,EMNLP,0,0
2024.emnlp-main.1227,2024,EMNLP,0,0
2024.emnlp-main.1228,2024,EMNLP,0,0
2024.emnlp-main.1229,2024,EMNLP,0,0
2024.emnlp-main.123,2024,EMNLP,1,1
2024.emnlp-main.1230,2024,EMNLP,0,0
2024.emnlp-main.1231,2024,EMNLP,1,1
2024.emnlp-main.1232,2024,EMNLP,0,0
2024.emnlp-main.1233,2024,EMNLP,0,0
2024.emnlp-main.1234,2024,EMNLP,1,0
2024.emnlp-main.1235,2024,EMNLP,0,0
2024.emnlp-main.1236,2024,EMNLP,1,1
2024.emnlp-main.1237,2024,EMNLP,1,1
2024.emnlp-main.1238,2024,EMNLP,1,1
2024.emnlp-main.1239,2024,EMNLP,1,0
2024.emnlp-main.124,2024,EMNLP,1,1
2024.emnlp-main.1240,2024,EMNLP,0,0
2024.emnlp-main.1241,2024,EMNLP,1,1
2024.emnlp-main.1242,2024,EMNLP,1,1
2024.emnlp-main.1243,2024,EMNLP,0,0
2024.emnlp-main.1244,2024,EMNLP,1,1
2024.emnlp-main.1245,2024,EMNLP,1,0
2024.emnlp-main.1246,2024,EMNLP,0,0
2024.emnlp-main.1247,2024,EMNLP,0,0
2024.emnlp-main.1248,2024,EMNLP,0,0
2024.emnlp-main.1249,2024,EMNLP,1,1
2024.emnlp-main.125,2024,EMNLP,0,0
2024.emnlp-main.1250,2024,EMNLP,0,0
2024.emnlp-main.1251,2024,EMNLP,0,0
2024.emnlp-main.1252,2024,EMNLP,1,0
2024.emnlp-main.1253,2024,EMNLP,1,1
2024.emnlp-main.1254,2024,EMNLP,1,1
2024.emnlp-main.1255,2024,EMNLP,1,1
2024.emnlp-main.1256,2024,EMNLP,1,1
2024.emnlp-main.1257,2024,EMNLP,1,1
2024.emnlp-main.1258,2024,EMNLP,0,0
2024.emnlp-main.1259,2024,EMNLP,1,1
2024.emnlp-main.126,2024,EMNLP,0,0
2024.emnlp-main.1260,2024,EMNLP,1,1
2024.emnlp-main.1261,2024,EMNLP,1,0
2024.emnlp-main.1262,2024,EMNLP,1,1
2024.emnlp-main.1263,2024,EMNLP,0,0
2024.emnlp-main.1264,2024,EMNLP,1,1
2024.emnlp-main.1265,2024,EMNLP,1,1
2024.emnlp-main.1266,2024,EMNLP,1,1
2024.emnlp-main.1267,2024,EMNLP,1,1
2024.emnlp-main.1268,2024,EMNLP,0,0
2024.emnlp-main.127,2024,EMNLP,1,1
2024.emnlp-main.128,2024,EMNLP,0,0
2024.emnlp-main.129,2024,EMNLP,1,1
2024.emnlp-main.13,2024,EMNLP,1,1
2024.emnlp-main.130,2024,EMNLP,1,0
2024.emnlp-main.131,2024,EMNLP,1,0
2024.emnlp-main.132,2024,EMNLP,1,1
2024.emnlp-main.133,2024,EMNLP,0,0
2024.emnlp-main.134,2024,EMNLP,1,1
2024.emnlp-main.135,2024,EMNLP,0,0
2024.emnlp-main.136,2024,EMNLP,1,1
2024.emnlp-main.137,2024,EMNLP,1,1
2024.emnlp-main.138,2024,EMNLP,1,1
2024.emnlp-main.139,2024,EMNLP,1,1
2024.emnlp-main.14,2024,EMNLP,0,0
2024.emnlp-main.140,2024,EMNLP,0,0
2024.emnlp-main.141,2024,EMNLP,0,0
2024.emnlp-main.142,2024,EMNLP,0,0
2024.emnlp-main.143,2024,EMNLP,1,1
2024.emnlp-main.144,2024,EMNLP,1,1
2024.emnlp-main.145,2024,EMNLP,1,1
2024.emnlp-main.146,2024,EMNLP,0,0
2024.emnlp-main.147,2024,EMNLP,1,1
2024.emnlp-main.148,2024,EMNLP,1,1
2024.emnlp-main.149,2024,EMNLP,1,1
2024.emnlp-main.15,2024,EMNLP,1,1
2024.emnlp-main.150,2024,EMNLP,0,0
2024.emnlp-main.151,2024,EMNLP,0,0
2024.emnlp-main.152,2024,EMNLP,1,1
2024.emnlp-main.153,2024,EMNLP,1,0
2024.emnlp-main.154,2024,EMNLP,1,1
2024.emnlp-main.155,2024,EMNLP,0,0
2024.emnlp-main.156,2024,EMNLP,0,0
2024.emnlp-main.157,2024,EMNLP,1,1
2024.emnlp-main.158,2024,EMNLP,0,0
2024.emnlp-main.159,2024,EMNLP,1,1
2024.emnlp-main.16,2024,EMNLP,1,1
2024.emnlp-main.160,2024,EMNLP,1,1
2024.emnlp-main.161,2024,EMNLP,0,0
2024.emnlp-main.162,2024,EMNLP,0,0
2024.emnlp-main.163,2024,EMNLP,1,1
2024.emnlp-main.164,2024,EMNLP,0,0
2024.emnlp-main.165,2024,EMNLP,1,1
2024.emnlp-main.166,2024,EMNLP,1,1
2024.emnlp-main.167,2024,EMNLP,0,0
2024.emnlp-main.168,2024,EMNLP,0,0
2024.emnlp-main.169,2024,EMNLP,0,0
2024.emnlp-main.17,2024,EMNLP,0,0
2024.emnlp-main.170,2024,EMNLP,1,1
2024.emnlp-main.171,2024,EMNLP,0,0
2024.emnlp-main.172,2024,EMNLP,1,1
2024.emnlp-main.173,2024,EMNLP,0,0
2024.emnlp-main.174,2024,EMNLP,0,0
2024.emnlp-main.175,2024,EMNLP,0,0
2024.emnlp-main.176,2024,EMNLP,1,1
2024.emnlp-main.177,2024,EMNLP,1,0
2024.emnlp-main.178,2024,EMNLP,0,0
2024.emnlp-main.179,2024,EMNLP,0,0
2024.emnlp-main.18,2024,EMNLP,0,0
2024.emnlp-main.180,2024,EMNLP,1,0
2024.emnlp-main.181,2024,EMNLP,0,0
2024.emnlp-main.182,2024,EMNLP,1,1
2024.emnlp-main.183,2024,EMNLP,1,0
2024.emnlp-main.184,2024,EMNLP,0,0
2024.emnlp-main.185,2024,EMNLP,0,0
2024.emnlp-main.186,2024,EMNLP,1,1
2024.emnlp-main.187,2024,EMNLP,1,1
2024.emnlp-main.188,2024,EMNLP,1,1
2024.emnlp-main.189,2024,EMNLP,0,0
2024.emnlp-main.19,2024,EMNLP,1,0
2024.emnlp-main.190,2024,EMNLP,1,1
2024.emnlp-main.191,2024,EMNLP,0,0
2024.emnlp-main.192,2024,EMNLP,1,0
2024.emnlp-main.193,2024,EMNLP,0,0
2024.emnlp-main.194,2024,EMNLP,0,0
2024.emnlp-main.195,2024,EMNLP,1,1
2024.emnlp-main.196,2024,EMNLP,1,1
2024.emnlp-main.197,2024,EMNLP,1,1
2024.emnlp-main.198,2024,EMNLP,1,0
2024.emnlp-main.199,2024,EMNLP,1,1
2024.emnlp-main.2,2024,EMNLP,1,1
2024.emnlp-main.20,2024,EMNLP,1,1
2024.emnlp-main.200,2024,EMNLP,1,1
2024.emnlp-main.201,2024,EMNLP,0,0
2024.emnlp-main.202,2024,EMNLP,1,1
2024.emnlp-main.203,2024,EMNLP,1,1
2024.emnlp-main.204,2024,EMNLP,1,1
2024.emnlp-main.205,2024,EMNLP,1,1
2024.emnlp-main.206,2024,EMNLP,1,1
2024.emnlp-main.207,2024,EMNLP,1,0
2024.emnlp-main.208,2024,EMNLP,0,0
2024.emnlp-main.209,2024,EMNLP,0,0
2024.emnlp-main.21,2024,EMNLP,0,0
2024.emnlp-main.210,2024,EMNLP,1,1
2024.emnlp-main.211,2024,EMNLP,0,0
2024.emnlp-main.212,2024,EMNLP,1,1
2024.emnlp-main.213,2024,EMNLP,0,0
2024.emnlp-main.214,2024,EMNLP,1,1
2024.emnlp-main.215,2024,EMNLP,0,0
2024.emnlp-main.216,2024,EMNLP,0,0
2024.emnlp-main.217,2024,EMNLP,0,0
2024.emnlp-main.218,2024,EMNLP,1,1
2024.emnlp-main.219,2024,EMNLP,0,0
2024.emnlp-main.22,2024,EMNLP,1,0
2024.emnlp-main.220,2024,EMNLP,1,1
2024.emnlp-main.221,2024,EMNLP,1,1
2024.emnlp-main.222,2024,EMNLP,0,0
2024.emnlp-main.223,2024,EMNLP,1,1
2024.emnlp-main.224,2024,EMNLP,1,1
2024.emnlp-main.225,2024,EMNLP,1,1
2024.emnlp-main.226,2024,EMNLP,1,1
2024.emnlp-main.227,2024,EMNLP,1,1
2024.emnlp-main.228,2024,EMNLP,0,0
2024.emnlp-main.229,2024,EMNLP,1,1
2024.emnlp-main.23,2024,EMNLP,0,0
2024.emnlp-main.230,2024,EMNLP,1,0
2024.emnlp-main.231,2024,EMNLP,1,0
2024.emnlp-main.232,2024,EMNLP,1,1
2024.emnlp-main.233,2024,EMNLP,0,0
2024.emnlp-main.234,2024,EMNLP,1,1
2024.emnlp-main.235,2024,EMNLP,1,0
2024.emnlp-main.236,2024,EMNLP,1,0
2024.emnlp-main.237,2024,EMNLP,1,1
2024.emnlp-main.238,2024,EMNLP,0,0
2024.emnlp-main.239,2024,EMNLP,0,0
2024.emnlp-main.24,2024,EMNLP,1,1
2024.emnlp-main.240,2024,EMNLP,0,0
2024.emnlp-main.241,2024,EMNLP,1,1
2024.emnlp-main.242,2024,EMNLP,0,0
2024.emnlp-main.243,2024,EMNLP,0,0
2024.emnlp-main.244,2024,EMNLP,0,0
2024.emnlp-main.245,2024,EMNLP,0,0
2024.emnlp-main.246,2024,EMNLP,0,0
2024.emnlp-main.247,2024,EMNLP,1,0
2024.emnlp-main.248,2024,EMNLP,1,1
2024.emnlp-main.249,2024,EMNLP,1,1
2024.emnlp-main.25,2024,EMNLP,0,0
2024.emnlp-main.250,2024,EMNLP,1,1
2024.emnlp-main.251,2024,EMNLP,1,1
2024.emnlp-main.252,2024,EMNLP,1,1
2024.emnlp-main.253,2024,EMNLP,1,1
2024.emnlp-main.254,2024,EMNLP,1,0
2024.emnlp-main.255,2024,EMNLP,1,0
2024.emnlp-main.256,2024,EMNLP,1,1
2024.emnlp-main.257,2024,EMNLP,0,0
2024.emnlp-main.258,2024,EMNLP,0,0
2024.emnlp-main.259,2024,EMNLP,0,0
2024.emnlp-main.26,2024,EMNLP,1,1
2024.emnlp-main.260,2024,EMNLP,1,1
2024.emnlp-main.261,2024,EMNLP,0,0
2024.emnlp-main.262,2024,EMNLP,1,1
2024.emnlp-main.263,2024,EMNLP,0,0
2024.emnlp-main.264,2024,EMNLP,1,1
2024.emnlp-main.265,2024,EMNLP,1,1
2024.emnlp-main.266,2024,EMNLP,0,0
2024.emnlp-main.267,2024,EMNLP,1,1
2024.emnlp-main.268,2024,EMNLP,1,1
2024.emnlp-main.269,2024,EMNLP,1,1
2024.emnlp-main.27,2024,EMNLP,0,0
2024.emnlp-main.270,2024,EMNLP,1,1
2024.emnlp-main.271,2024,EMNLP,1,1
2024.emnlp-main.272,2024,EMNLP,0,0
2024.emnlp-main.273,2024,EMNLP,1,1
2024.emnlp-main.274,2024,EMNLP,1,0
2024.emnlp-main.275,2024,EMNLP,0,0
2024.emnlp-main.276,2024,EMNLP,1,1
2024.emnlp-main.277,2024,EMNLP,1,1
2024.emnlp-main.278,2024,EMNLP,1,0
2024.emnlp-main.279,2024,EMNLP,0,0
2024.emnlp-main.28,2024,EMNLP,1,0
2024.emnlp-main.280,2024,EMNLP,1,0
2024.emnlp-main.281,2024,EMNLP,0,0
2024.emnlp-main.282,2024,EMNLP,1,1
2024.emnlp-main.283,2024,EMNLP,1,1
2024.emnlp-main.284,2024,EMNLP,1,1
2024.emnlp-main.285,2024,EMNLP,1,1
2024.emnlp-main.286,2024,EMNLP,0,0
2024.emnlp-main.287,2024,EMNLP,0,0
2024.emnlp-main.288,2024,EMNLP,1,1
2024.emnlp-main.289,2024,EMNLP,0,0
2024.emnlp-main.29,2024,EMNLP,0,0
2024.emnlp-main.290,2024,EMNLP,0,0
2024.emnlp-main.291,2024,EMNLP,1,1
2024.emnlp-main.292,2024,EMNLP,1,1
2024.emnlp-main.293,2024,EMNLP,0,0
2024.emnlp-main.294,2024,EMNLP,1,1
2024.emnlp-main.295,2024,EMNLP,0,0
2024.emnlp-main.296,2024,EMNLP,1,1
2024.emnlp-main.297,2024,EMNLP,1,1
2024.emnlp-main.298,2024,EMNLP,1,0
2024.emnlp-main.299,2024,EMNLP,1,0
2024.emnlp-main.3,2024,EMNLP,0,0
2024.emnlp-main.30,2024,EMNLP,0,0
2024.emnlp-main.300,2024,EMNLP,0,0
2024.emnlp-main.301,2024,EMNLP,1,0
2024.emnlp-main.302,2024,EMNLP,1,1
2024.emnlp-main.303,2024,EMNLP,1,1
2024.emnlp-main.304,2024,EMNLP,0,0
2024.emnlp-main.305,2024,EMNLP,0,0
2024.emnlp-main.306,2024,EMNLP,1,1
2024.emnlp-main.307,2024,EMNLP,1,1
2024.emnlp-main.308,2024,EMNLP,0,0
2024.emnlp-main.309,2024,EMNLP,1,1
2024.emnlp-main.31,2024,EMNLP,1,1
2024.emnlp-main.310,2024,EMNLP,0,0
2024.emnlp-main.311,2024,EMNLP,1,1
2024.emnlp-main.312,2024,EMNLP,1,1
2024.emnlp-main.313,2024,EMNLP,1,0
2024.emnlp-main.314,2024,EMNLP,1,1
2024.emnlp-main.315,2024,EMNLP,1,1
2024.emnlp-main.316,2024,EMNLP,1,1
2024.emnlp-main.317,2024,EMNLP,1,1
2024.emnlp-main.318,2024,EMNLP,1,0
2024.emnlp-main.319,2024,EMNLP,0,0
2024.emnlp-main.32,2024,EMNLP,1,0
2024.emnlp-main.320,2024,EMNLP,1,0
2024.emnlp-main.321,2024,EMNLP,1,1
2024.emnlp-main.322,2024,EMNLP,1,1
2024.emnlp-main.323,2024,EMNLP,0,0
2024.emnlp-main.324,2024,EMNLP,1,1
2024.emnlp-main.325,2024,EMNLP,1,1
2024.emnlp-main.326,2024,EMNLP,0,0
2024.emnlp-main.327,2024,EMNLP,1,1
2024.emnlp-main.328,2024,EMNLP,0,0
2024.emnlp-main.329,2024,EMNLP,0,0
2024.emnlp-main.33,2024,EMNLP,1,1
2024.emnlp-main.330,2024,EMNLP,1,0
2024.emnlp-main.331,2024,EMNLP,0,0
2024.emnlp-main.332,2024,EMNLP,1,1
2024.emnlp-main.333,2024,EMNLP,0,0
2024.emnlp-main.334,2024,EMNLP,1,0
2024.emnlp-main.335,2024,EMNLP,1,1
2024.emnlp-main.336,2024,EMNLP,1,1
2024.emnlp-main.337,2024,EMNLP,0,0
2024.emnlp-main.338,2024,EMNLP,1,1
2024.emnlp-main.339,2024,EMNLP,1,1
2024.emnlp-main.34,2024,EMNLP,1,0
2024.emnlp-main.340,2024,EMNLP,1,1
2024.emnlp-main.341,2024,EMNLP,1,1
2024.emnlp-main.342,2024,EMNLP,1,1
2024.emnlp-main.343,2024,EMNLP,1,1
2024.emnlp-main.344,2024,EMNLP,1,1
2024.emnlp-main.345,2024,EMNLP,1,1
2024.emnlp-main.346,2024,EMNLP,0,0
2024.emnlp-main.347,2024,EMNLP,0,0
2024.emnlp-main.348,2024,EMNLP,1,1
2024.emnlp-main.349,2024,EMNLP,1,1
2024.emnlp-main.35,2024,EMNLP,0,0
2024.emnlp-main.350,2024,EMNLP,1,1
2024.emnlp-main.351,2024,EMNLP,1,0
2024.emnlp-main.352,2024,EMNLP,1,1
2024.emnlp-main.353,2024,EMNLP,0,0
2024.emnlp-main.354,2024,EMNLP,0,0
2024.emnlp-main.355,2024,EMNLP,1,1
2024.emnlp-main.356,2024,EMNLP,1,1
2024.emnlp-main.357,2024,EMNLP,0,0
2024.emnlp-main.358,2024,EMNLP,1,1
2024.emnlp-main.359,2024,EMNLP,0,0
2024.emnlp-main.36,2024,EMNLP,1,1
2024.emnlp-main.360,2024,EMNLP,0,0
2024.emnlp-main.361,2024,EMNLP,1,1
2024.emnlp-main.362,2024,EMNLP,1,1
2024.emnlp-main.363,2024,EMNLP,1,0
2024.emnlp-main.364,2024,EMNLP,0,0
2024.emnlp-main.365,2024,EMNLP,1,1
2024.emnlp-main.366,2024,EMNLP,1,1
2024.emnlp-main.367,2024,EMNLP,1,0
2024.emnlp-main.368,2024,EMNLP,0,0
2024.emnlp-main.369,2024,EMNLP,0,0
2024.emnlp-main.37,2024,EMNLP,1,1
2024.emnlp-main.370,2024,EMNLP,1,0
2024.emnlp-main.371,2024,EMNLP,1,1
2024.emnlp-main.372,2024,EMNLP,1,1
2024.emnlp-main.373,2024,EMNLP,1,1
2024.emnlp-main.374,2024,EMNLP,1,1
2024.emnlp-main.375,2024,EMNLP,0,0
2024.emnlp-main.376,2024,EMNLP,1,0
2024.emnlp-main.377,2024,EMNLP,0,0
2024.emnlp-main.378,2024,EMNLP,0,0
2024.emnlp-main.379,2024,EMNLP,0,0
2024.emnlp-main.38,2024,EMNLP,1,1
2024.emnlp-main.380,2024,EMNLP,0,0
2024.emnlp-main.381,2024,EMNLP,0,0
2024.emnlp-main.382,2024,EMNLP,0,0
2024.emnlp-main.383,2024,EMNLP,0,0
2024.emnlp-main.384,2024,EMNLP,1,1
2024.emnlp-main.385,2024,EMNLP,0,0
2024.emnlp-main.386,2024,EMNLP,0,0
2024.emnlp-main.387,2024,EMNLP,0,0
2024.emnlp-main.388,2024,EMNLP,1,1
2024.emnlp-main.389,2024,EMNLP,1,1
2024.emnlp-main.39,2024,EMNLP,1,0
2024.emnlp-main.390,2024,EMNLP,0,0
2024.emnlp-main.391,2024,EMNLP,0,0
2024.emnlp-main.392,2024,EMNLP,1,1
2024.emnlp-main.393,2024,EMNLP,1,1
2024.emnlp-main.394,2024,EMNLP,1,1
2024.emnlp-main.395,2024,EMNLP,0,0
2024.emnlp-main.396,2024,EMNLP,0,0
2024.emnlp-main.397,2024,EMNLP,1,1
2024.emnlp-main.398,2024,EMNLP,0,0
2024.emnlp-main.399,2024,EMNLP,1,0
2024.emnlp-main.4,2024,EMNLP,1,0
2024.emnlp-main.40,2024,EMNLP,1,1
2024.emnlp-main.400,2024,EMNLP,0,0
2024.emnlp-main.401,2024,EMNLP,0,0
2024.emnlp-main.402,2024,EMNLP,0,0
2024.emnlp-main.403,2024,EMNLP,0,0
2024.emnlp-main.404,2024,EMNLP,1,0
2024.emnlp-main.405,2024,EMNLP,1,1
2024.emnlp-main.406,2024,EMNLP,1,1
2024.emnlp-main.407,2024,EMNLP,1,1
2024.emnlp-main.408,2024,EMNLP,0,0
2024.emnlp-main.409,2024,EMNLP,1,1
2024.emnlp-main.41,2024,EMNLP,0,0
2024.emnlp-main.410,2024,EMNLP,0,0
2024.emnlp-main.411,2024,EMNLP,1,0
2024.emnlp-main.412,2024,EMNLP,0,0
2024.emnlp-main.413,2024,EMNLP,1,1
2024.emnlp-main.414,2024,EMNLP,1,1
2024.emnlp-main.415,2024,EMNLP,0,0
2024.emnlp-main.416,2024,EMNLP,0,0
2024.emnlp-main.417,2024,EMNLP,0,0
2024.emnlp-main.418,2024,EMNLP,1,1
2024.emnlp-main.419,2024,EMNLP,1,0
2024.emnlp-main.42,2024,EMNLP,1,0
2024.emnlp-main.420,2024,EMNLP,1,0
2024.emnlp-main.421,2024,EMNLP,0,0
2024.emnlp-main.422,2024,EMNLP,1,1
2024.emnlp-main.423,2024,EMNLP,0,0
2024.emnlp-main.424,2024,EMNLP,1,1
2024.emnlp-main.425,2024,EMNLP,0,0
2024.emnlp-main.426,2024,EMNLP,1,1
2024.emnlp-main.427,2024,EMNLP,0,0
2024.emnlp-main.428,2024,EMNLP,1,1
2024.emnlp-main.429,2024,EMNLP,1,1
2024.emnlp-main.43,2024,EMNLP,1,1
2024.emnlp-main.430,2024,EMNLP,1,0
2024.emnlp-main.431,2024,EMNLP,1,1
2024.emnlp-main.432,2024,EMNLP,1,1
2024.emnlp-main.433,2024,EMNLP,0,0
2024.emnlp-main.434,2024,EMNLP,1,1
2024.emnlp-main.435,2024,EMNLP,1,0
2024.emnlp-main.436,2024,EMNLP,1,0
2024.emnlp-main.437,2024,EMNLP,1,1
2024.emnlp-main.438,2024,EMNLP,1,0
2024.emnlp-main.439,2024,EMNLP,0,0
2024.emnlp-main.44,2024,EMNLP,1,0
2024.emnlp-main.440,2024,EMNLP,0,0
2024.emnlp-main.441,2024,EMNLP,0,0
2024.emnlp-main.442,2024,EMNLP,1,1
2024.emnlp-main.443,2024,EMNLP,0,0
2024.emnlp-main.444,2024,EMNLP,0,0
2024.emnlp-main.445,2024,EMNLP,1,0
2024.emnlp-main.446,2024,EMNLP,1,1
2024.emnlp-main.447,2024,EMNLP,0,0
2024.emnlp-main.448,2024,EMNLP,1,1
2024.emnlp-main.449,2024,EMNLP,1,1
2024.emnlp-main.45,2024,EMNLP,1,1
2024.emnlp-main.450,2024,EMNLP,1,1
2024.emnlp-main.451,2024,EMNLP,1,1
2024.emnlp-main.452,2024,EMNLP,1,0
2024.emnlp-main.453,2024,EMNLP,1,1
2024.emnlp-main.454,2024,EMNLP,1,1
2024.emnlp-main.455,2024,EMNLP,1,1
2024.emnlp-main.456,2024,EMNLP,0,0
2024.emnlp-main.457,2024,EMNLP,1,1
2024.emnlp-main.458,2024,EMNLP,1,1
2024.emnlp-main.459,2024,EMNLP,1,1
2024.emnlp-main.46,2024,EMNLP,1,1
2024.emnlp-main.460,2024,EMNLP,0,0
2024.emnlp-main.461,2024,EMNLP,0,0
2024.emnlp-main.462,2024,EMNLP,0,0
2024.emnlp-main.463,2024,EMNLP,1,0
2024.emnlp-main.464,2024,EMNLP,1,1
2024.emnlp-main.465,2024,EMNLP,0,0
2024.emnlp-main.466,2024,EMNLP,1,1
2024.emnlp-main.467,2024,EMNLP,1,1
2024.emnlp-main.468,2024,EMNLP,0,0
2024.emnlp-main.469,2024,EMNLP,1,1
2024.emnlp-main.47,2024,EMNLP,1,1
2024.emnlp-main.470,2024,EMNLP,1,1
2024.emnlp-main.471,2024,EMNLP,1,1
2024.emnlp-main.472,2024,EMNLP,1,1
2024.emnlp-main.473,2024,EMNLP,0,0
2024.emnlp-main.474,2024,EMNLP,0,0
2024.emnlp-main.475,2024,EMNLP,1,1
2024.emnlp-main.476,2024,EMNLP,1,1
2024.emnlp-main.477,2024,EMNLP,0,0
2024.emnlp-main.478,2024,EMNLP,1,0
2024.emnlp-main.479,2024,EMNLP,0,0
2024.emnlp-main.48,2024,EMNLP,1,1
2024.emnlp-main.480,2024,EMNLP,0,0
2024.emnlp-main.481,2024,EMNLP,1,1
2024.emnlp-main.482,2024,EMNLP,0,0
2024.emnlp-main.483,2024,EMNLP,1,1
2024.emnlp-main.484,2024,EMNLP,1,1
2024.emnlp-main.485,2024,EMNLP,1,1
2024.emnlp-main.486,2024,EMNLP,0,0
2024.emnlp-main.487,2024,EMNLP,0,0
2024.emnlp-main.488,2024,EMNLP,1,1
2024.emnlp-main.489,2024,EMNLP,1,1
2024.emnlp-main.49,2024,EMNLP,1,1
2024.emnlp-main.490,2024,EMNLP,0,0
2024.emnlp-main.491,2024,EMNLP,1,1
2024.emnlp-main.492,2024,EMNLP,0,0
2024.emnlp-main.493,2024,EMNLP,1,1
2024.emnlp-main.494,2024,EMNLP,1,1
2024.emnlp-main.495,2024,EMNLP,1,1
2024.emnlp-main.496,2024,EMNLP,1,1
2024.emnlp-main.497,2024,EMNLP,1,1
2024.emnlp-main.498,2024,EMNLP,0,0
2024.emnlp-main.499,2024,EMNLP,1,1
2024.emnlp-main.5,2024,EMNLP,1,1
2024.emnlp-main.50,2024,EMNLP,0,0
2024.emnlp-main.500,2024,EMNLP,1,0
2024.emnlp-main.501,2024,EMNLP,1,1
2024.emnlp-main.502,2024,EMNLP,0,0
2024.emnlp-main.503,2024,EMNLP,0,0
2024.emnlp-main.504,2024,EMNLP,1,1
2024.emnlp-main.505,2024,EMNLP,1,1
2024.emnlp-main.506,2024,EMNLP,1,0
2024.emnlp-main.507,2024,EMNLP,1,1
2024.emnlp-main.508,2024,EMNLP,1,1
2024.emnlp-main.509,2024,EMNLP,0,0
2024.emnlp-main.51,2024,EMNLP,1,0
2024.emnlp-main.510,2024,EMNLP,0,0
2024.emnlp-main.511,2024,EMNLP,0,0
2024.emnlp-main.512,2024,EMNLP,1,1
2024.emnlp-main.513,2024,EMNLP,1,0
2024.emnlp-main.514,2024,EMNLP,0,0
2024.emnlp-main.515,2024,EMNLP,1,1
2024.emnlp-main.516,2024,EMNLP,0,0
2024.emnlp-main.517,2024,EMNLP,1,0
2024.emnlp-main.518,2024,EMNLP,1,1
2024.emnlp-main.519,2024,EMNLP,0,0
2024.emnlp-main.52,2024,EMNLP,1,1
2024.emnlp-main.520,2024,EMNLP,1,1
2024.emnlp-main.521,2024,EMNLP,1,1
2024.emnlp-main.522,2024,EMNLP,0,0
2024.emnlp-main.523,2024,EMNLP,1,1
2024.emnlp-main.524,2024,EMNLP,0,0
2024.emnlp-main.525,2024,EMNLP,1,1
2024.emnlp-main.526,2024,EMNLP,1,0
2024.emnlp-main.527,2024,EMNLP,1,1
2024.emnlp-main.528,2024,EMNLP,1,0
2024.emnlp-main.529,2024,EMNLP,0,0
2024.emnlp-main.53,2024,EMNLP,1,1
2024.emnlp-main.530,2024,EMNLP,0,0
2024.emnlp-main.531,2024,EMNLP,1,1
2024.emnlp-main.532,2024,EMNLP,0,0
2024.emnlp-main.533,2024,EMNLP,1,1
2024.emnlp-main.534,2024,EMNLP,0,0
2024.emnlp-main.535,2024,EMNLP,1,1
2024.emnlp-main.536,2024,EMNLP,0,0
2024.emnlp-main.537,2024,EMNLP,1,0
2024.emnlp-main.538,2024,EMNLP,0,0
2024.emnlp-main.539,2024,EMNLP,1,0
2024.emnlp-main.54,2024,EMNLP,1,1
2024.emnlp-main.540,2024,EMNLP,1,1
2024.emnlp-main.541,2024,EMNLP,1,1
2024.emnlp-main.542,2024,EMNLP,1,0
2024.emnlp-main.543,2024,EMNLP,1,0
2024.emnlp-main.544,2024,EMNLP,1,1
2024.emnlp-main.545,2024,EMNLP,1,1
2024.emnlp-main.546,2024,EMNLP,1,1
2024.emnlp-main.547,2024,EMNLP,1,1
2024.emnlp-main.548,2024,EMNLP,1,1
2024.emnlp-main.549,2024,EMNLP,0,0
2024.emnlp-main.55,2024,EMNLP,0,0
2024.emnlp-main.550,2024,EMNLP,0,0
2024.emnlp-main.551,2024,EMNLP,1,1
2024.emnlp-main.552,2024,EMNLP,0,0
2024.emnlp-main.553,2024,EMNLP,0,0
2024.emnlp-main.554,2024,EMNLP,0,0
2024.emnlp-main.555,2024,EMNLP,1,0
2024.emnlp-main.556,2024,EMNLP,1,1
2024.emnlp-main.557,2024,EMNLP,0,0
2024.emnlp-main.558,2024,EMNLP,1,0
2024.emnlp-main.559,2024,EMNLP,0,0
2024.emnlp-main.56,2024,EMNLP,1,0
2024.emnlp-main.560,2024,EMNLP,1,0
2024.emnlp-main.561,2024,EMNLP,1,1
2024.emnlp-main.562,2024,EMNLP,1,1
2024.emnlp-main.563,2024,EMNLP,1,0
2024.emnlp-main.564,2024,EMNLP,0,0
2024.emnlp-main.565,2024,EMNLP,0,0
2024.emnlp-main.566,2024,EMNLP,1,1
2024.emnlp-main.567,2024,EMNLP,1,1
2024.emnlp-main.568,2024,EMNLP,1,1
2024.emnlp-main.569,2024,EMNLP,1,0
2024.emnlp-main.57,2024,EMNLP,1,1
2024.emnlp-main.570,2024,EMNLP,1,1
2024.emnlp-main.571,2024,EMNLP,1,1
2024.emnlp-main.572,2024,EMNLP,1,1
2024.emnlp-main.573,2024,EMNLP,0,0
2024.emnlp-main.574,2024,EMNLP,1,1
2024.emnlp-main.575,2024,EMNLP,1,1
2024.emnlp-main.576,2024,EMNLP,1,1
2024.emnlp-main.577,2024,EMNLP,1,1
2024.emnlp-main.578,2024,EMNLP,1,0
2024.emnlp-main.579,2024,EMNLP,0,0
2024.emnlp-main.58,2024,EMNLP,1,1
2024.emnlp-main.580,2024,EMNLP,1,1
2024.emnlp-main.581,2024,EMNLP,1,1
2024.emnlp-main.582,2024,EMNLP,0,0
2024.emnlp-main.583,2024,EMNLP,1,1
2024.emnlp-main.584,2024,EMNLP,1,0
2024.emnlp-main.585,2024,EMNLP,1,1
2024.emnlp-main.586,2024,EMNLP,0,0
2024.emnlp-main.587,2024,EMNLP,0,0
2024.emnlp-main.588,2024,EMNLP,1,1
2024.emnlp-main.589,2024,EMNLP,1,0
2024.emnlp-main.59,2024,EMNLP,0,0
2024.emnlp-main.590,2024,EMNLP,0,0
2024.emnlp-main.591,2024,EMNLP,0,0
2024.emnlp-main.592,2024,EMNLP,1,0
2024.emnlp-main.593,2024,EMNLP,0,0
2024.emnlp-main.594,2024,EMNLP,1,1
2024.emnlp-main.595,2024,EMNLP,1,1
2024.emnlp-main.596,2024,EMNLP,0,0
2024.emnlp-main.597,2024,EMNLP,1,0
2024.emnlp-main.598,2024,EMNLP,1,0
2024.emnlp-main.599,2024,EMNLP,1,1
2024.emnlp-main.6,2024,EMNLP,0,0
2024.emnlp-main.60,2024,EMNLP,1,1
2024.emnlp-main.600,2024,EMNLP,0,0
2024.emnlp-main.601,2024,EMNLP,0,0
2024.emnlp-main.602,2024,EMNLP,1,1
2024.emnlp-main.603,2024,EMNLP,0,0
2024.emnlp-main.604,2024,EMNLP,0,0
2024.emnlp-main.605,2024,EMNLP,0,0
2024.emnlp-main.606,2024,EMNLP,0,0
2024.emnlp-main.607,2024,EMNLP,1,1
2024.emnlp-main.608,2024,EMNLP,1,1
2024.emnlp-main.609,2024,EMNLP,0,0
2024.emnlp-main.61,2024,EMNLP,0,0
2024.emnlp-main.610,2024,EMNLP,1,1
2024.emnlp-main.611,2024,EMNLP,1,1
2024.emnlp-main.612,2024,EMNLP,0,0
2024.emnlp-main.613,2024,EMNLP,1,1
2024.emnlp-main.614,2024,EMNLP,1,1
2024.emnlp-main.615,2024,EMNLP,0,0
2024.emnlp-main.616,2024,EMNLP,1,1
2024.emnlp-main.617,2024,EMNLP,1,1
2024.emnlp-main.618,2024,EMNLP,0,0
2024.emnlp-main.619,2024,EMNLP,1,1
2024.emnlp-main.62,2024,EMNLP,1,1
2024.emnlp-main.620,2024,EMNLP,1,0
2024.emnlp-main.621,2024,EMNLP,1,1
2024.emnlp-main.622,2024,EMNLP,0,0
2024.emnlp-main.623,2024,EMNLP,1,1
2024.emnlp-main.624,2024,EMNLP,0,0
2024.emnlp-main.625,2024,EMNLP,0,0
2024.emnlp-main.626,2024,EMNLP,1,1
2024.emnlp-main.627,2024,EMNLP,1,1
2024.emnlp-main.628,2024,EMNLP,1,1
2024.emnlp-main.629,2024,EMNLP,1,1
2024.emnlp-main.63,2024,EMNLP,1,1
2024.emnlp-main.630,2024,EMNLP,0,0
2024.emnlp-main.631,2024,EMNLP,0,0
2024.emnlp-main.632,2024,EMNLP,0,0
2024.emnlp-main.633,2024,EMNLP,1,1
2024.emnlp-main.634,2024,EMNLP,0,0
2024.emnlp-main.635,2024,EMNLP,1,1
2024.emnlp-main.636,2024,EMNLP,1,1
2024.emnlp-main.637,2024,EMNLP,1,0
2024.emnlp-main.638,2024,EMNLP,1,0
2024.emnlp-main.639,2024,EMNLP,1,1
2024.emnlp-main.64,2024,EMNLP,1,1
2024.emnlp-main.640,2024,EMNLP,1,1
2024.emnlp-main.641,2024,EMNLP,0,0
2024.emnlp-main.642,2024,EMNLP,1,1
2024.emnlp-main.643,2024,EMNLP,1,1
2024.emnlp-main.644,2024,EMNLP,1,1
2024.emnlp-main.645,2024,EMNLP,1,0
2024.emnlp-main.646,2024,EMNLP,0,0
2024.emnlp-main.647,2024,EMNLP,1,1
2024.emnlp-main.648,2024,EMNLP,1,1
2024.emnlp-main.649,2024,EMNLP,1,1
2024.emnlp-main.65,2024,EMNLP,1,1
2024.emnlp-main.650,2024,EMNLP,0,0
2024.emnlp-main.651,2024,EMNLP,0,0
2024.emnlp-main.652,2024,EMNLP,1,1
2024.emnlp-main.653,2024,EMNLP,1,1
2024.emnlp-main.654,2024,EMNLP,0,0
2024.emnlp-main.655,2024,EMNLP,1,0
2024.emnlp-main.656,2024,EMNLP,1,1
2024.emnlp-main.657,2024,EMNLP,0,0
2024.emnlp-main.658,2024,EMNLP,1,1
2024.emnlp-main.659,2024,EMNLP,1,1
2024.emnlp-main.66,2024,EMNLP,1,1
2024.emnlp-main.660,2024,EMNLP,0,0
2024.emnlp-main.661,2024,EMNLP,0,0
2024.emnlp-main.662,2024,EMNLP,0,0
2024.emnlp-main.663,2024,EMNLP,1,1
2024.emnlp-main.664,2024,EMNLP,0,0
2024.emnlp-main.665,2024,EMNLP,1,1
2024.emnlp-main.666,2024,EMNLP,1,1
2024.emnlp-main.667,2024,EMNLP,1,1
2024.emnlp-main.668,2024,EMNLP,1,1
2024.emnlp-main.669,2024,EMNLP,1,1
2024.emnlp-main.67,2024,EMNLP,1,1
2024.emnlp-main.670,2024,EMNLP,0,0
2024.emnlp-main.671,2024,EMNLP,0,0
2024.emnlp-main.672,2024,EMNLP,0,0
2024.emnlp-main.673,2024,EMNLP,1,0
2024.emnlp-main.674,2024,EMNLP,0,0
2024.emnlp-main.675,2024,EMNLP,1,1
2024.emnlp-main.676,2024,EMNLP,1,1
2024.emnlp-main.677,2024,EMNLP,1,1
2024.emnlp-main.678,2024,EMNLP,1,1
2024.emnlp-main.679,2024,EMNLP,0,0
2024.emnlp-main.68,2024,EMNLP,1,1
2024.emnlp-main.680,2024,EMNLP,1,1
2024.emnlp-main.681,2024,EMNLP,1,1
2024.emnlp-main.682,2024,EMNLP,1,1
2024.emnlp-main.683,2024,EMNLP,1,0
2024.emnlp-main.684,2024,EMNLP,1,1
2024.emnlp-main.685,2024,EMNLP,1,1
2024.emnlp-main.686,2024,EMNLP,0,0
2024.emnlp-main.687,2024,EMNLP,1,1
2024.emnlp-main.688,2024,EMNLP,1,1
2024.emnlp-main.689,2024,EMNLP,0,0
2024.emnlp-main.69,2024,EMNLP,1,1
2024.emnlp-main.690,2024,EMNLP,1,1
2024.emnlp-main.691,2024,EMNLP,0,0
2024.emnlp-main.692,2024,EMNLP,0,0
2024.emnlp-main.693,2024,EMNLP,1,1
2024.emnlp-main.694,2024,EMNLP,1,1
2024.emnlp-main.695,2024,EMNLP,1,1
2024.emnlp-main.696,2024,EMNLP,1,1
2024.emnlp-main.697,2024,EMNLP,1,1
2024.emnlp-main.698,2024,EMNLP,1,1
2024.emnlp-main.699,2024,EMNLP,1,1
2024.emnlp-main.7,2024,EMNLP,1,0
2024.emnlp-main.70,2024,EMNLP,0,0
2024.emnlp-main.700,2024,EMNLP,0,0
2024.emnlp-main.701,2024,EMNLP,1,0
2024.emnlp-main.702,2024,EMNLP,1,1
2024.emnlp-main.703,2024,EMNLP,1,1
2024.emnlp-main.704,2024,EMNLP,0,0
2024.emnlp-main.705,2024,EMNLP,0,0
2024.emnlp-main.706,2024,EMNLP,1,1
2024.emnlp-main.707,2024,EMNLP,0,0
2024.emnlp-main.708,2024,EMNLP,0,0
2024.emnlp-main.709,2024,EMNLP,0,0
2024.emnlp-main.71,2024,EMNLP,1,1
2024.emnlp-main.710,2024,EMNLP,1,1
2024.emnlp-main.711,2024,EMNLP,0,0
2024.emnlp-main.712,2024,EMNLP,1,0
2024.emnlp-main.713,2024,EMNLP,0,0
2024.emnlp-main.714,2024,EMNLP,0,0
2024.emnlp-main.715,2024,EMNLP,0,0
2024.emnlp-main.716,2024,EMNLP,0,0
2024.emnlp-main.717,2024,EMNLP,0,0
2024.emnlp-main.718,2024,EMNLP,1,1
2024.emnlp-main.719,2024,EMNLP,1,1
2024.emnlp-main.72,2024,EMNLP,0,0
2024.emnlp-main.720,2024,EMNLP,1,1
2024.emnlp-main.721,2024,EMNLP,1,0
2024.emnlp-main.722,2024,EMNLP,1,1
2024.emnlp-main.723,2024,EMNLP,0,0
2024.emnlp-main.724,2024,EMNLP,1,1
2024.emnlp-main.725,2024,EMNLP,1,1
2024.emnlp-main.726,2024,EMNLP,1,1
2024.emnlp-main.727,2024,EMNLP,0,0
2024.emnlp-main.728,2024,EMNLP,1,0
2024.emnlp-main.729,2024,EMNLP,1,1
2024.emnlp-main.73,2024,EMNLP,1,1
2024.emnlp-main.730,2024,EMNLP,0,0
2024.emnlp-main.731,2024,EMNLP,1,1
2024.emnlp-main.732,2024,EMNLP,1,1
2024.emnlp-main.733,2024,EMNLP,0,0
2024.emnlp-main.734,2024,EMNLP,1,1
2024.emnlp-main.735,2024,EMNLP,1,1
2024.emnlp-main.736,2024,EMNLP,0,0
2024.emnlp-main.737,2024,EMNLP,1,1
2024.emnlp-main.738,2024,EMNLP,1,0
2024.emnlp-main.739,2024,EMNLP,1,1
2024.emnlp-main.74,2024,EMNLP,1,1
2024.emnlp-main.740,2024,EMNLP,1,0
2024.emnlp-main.741,2024,EMNLP,0,0
2024.emnlp-main.742,2024,EMNLP,1,1
2024.emnlp-main.743,2024,EMNLP,1,1
2024.emnlp-main.744,2024,EMNLP,1,1
2024.emnlp-main.745,2024,EMNLP,0,0
2024.emnlp-main.746,2024,EMNLP,1,1
2024.emnlp-main.747,2024,EMNLP,0,0
2024.emnlp-main.748,2024,EMNLP,1,0
2024.emnlp-main.749,2024,EMNLP,1,1
2024.emnlp-main.75,2024,EMNLP,1,1
2024.emnlp-main.750,2024,EMNLP,0,0
2024.emnlp-main.751,2024,EMNLP,1,0
2024.emnlp-main.752,2024,EMNLP,0,0
2024.emnlp-main.753,2024,EMNLP,1,1
2024.emnlp-main.754,2024,EMNLP,1,0
2024.emnlp-main.755,2024,EMNLP,1,1
2024.emnlp-main.756,2024,EMNLP,0,0
2024.emnlp-main.757,2024,EMNLP,1,1
2024.emnlp-main.758,2024,EMNLP,1,1
2024.emnlp-main.759,2024,EMNLP,1,1
2024.emnlp-main.76,2024,EMNLP,1,0
2024.emnlp-main.760,2024,EMNLP,1,1
2024.emnlp-main.761,2024,EMNLP,0,0
2024.emnlp-main.762,2024,EMNLP,1,1
2024.emnlp-main.763,2024,EMNLP,0,0
2024.emnlp-main.764,2024,EMNLP,0,0
2024.emnlp-main.765,2024,EMNLP,1,0
2024.emnlp-main.766,2024,EMNLP,0,0
2024.emnlp-main.767,2024,EMNLP,0,0
2024.emnlp-main.768,2024,EMNLP,1,1
2024.emnlp-main.769,2024,EMNLP,1,1
2024.emnlp-main.77,2024,EMNLP,1,1
2024.emnlp-main.770,2024,EMNLP,1,1
2024.emnlp-main.771,2024,EMNLP,0,0
2024.emnlp-main.772,2024,EMNLP,1,1
2024.emnlp-main.773,2024,EMNLP,1,0
2024.emnlp-main.774,2024,EMNLP,0,0
2024.emnlp-main.775,2024,EMNLP,1,1
2024.emnlp-main.776,2024,EMNLP,1,0
2024.emnlp-main.777,2024,EMNLP,1,1
2024.emnlp-main.778,2024,EMNLP,0,0
2024.emnlp-main.779,2024,EMNLP,1,0
2024.emnlp-main.78,2024,EMNLP,1,1
2024.emnlp-main.780,2024,EMNLP,1,1
2024.emnlp-main.781,2024,EMNLP,1,0
2024.emnlp-main.782,2024,EMNLP,1,1
2024.emnlp-main.783,2024,EMNLP,0,0
2024.emnlp-main.784,2024,EMNLP,1,1
2024.emnlp-main.785,2024,EMNLP,1,1
2024.emnlp-main.786,2024,EMNLP,1,1
2024.emnlp-main.787,2024,EMNLP,0,0
2024.emnlp-main.788,2024,EMNLP,1,1
2024.emnlp-main.789,2024,EMNLP,0,0
2024.emnlp-main.79,2024,EMNLP,1,1
2024.emnlp-main.790,2024,EMNLP,0,0
2024.emnlp-main.791,2024,EMNLP,1,1
2024.emnlp-main.792,2024,EMNLP,1,1
2024.emnlp-main.793,2024,EMNLP,1,1
2024.emnlp-main.794,2024,EMNLP,1,1
2024.emnlp-main.795,2024,EMNLP,0,0
2024.emnlp-main.796,2024,EMNLP,0,0
2024.emnlp-main.797,2024,EMNLP,1,1
2024.emnlp-main.798,2024,EMNLP,1,1
2024.emnlp-main.799,2024,EMNLP,0,0
2024.emnlp-main.8,2024,EMNLP,1,1
2024.emnlp-main.80,2024,EMNLP,1,1
2024.emnlp-main.800,2024,EMNLP,0,0
2024.emnlp-main.801,2024,EMNLP,1,1
2024.emnlp-main.802,2024,EMNLP,0,0
2024.emnlp-main.803,2024,EMNLP,1,1
2024.emnlp-main.804,2024,EMNLP,1,1
2024.emnlp-main.805,2024,EMNLP,0,0
2024.emnlp-main.806,2024,EMNLP,1,0
2024.emnlp-main.807,2024,EMNLP,1,0
2024.emnlp-main.808,2024,EMNLP,1,0
2024.emnlp-main.809,2024,EMNLP,0,0
2024.emnlp-main.81,2024,EMNLP,1,1
2024.emnlp-main.810,2024,EMNLP,1,1
2024.emnlp-main.811,2024,EMNLP,1,0
2024.emnlp-main.812,2024,EMNLP,0,0
2024.emnlp-main.813,2024,EMNLP,1,1
2024.emnlp-main.814,2024,EMNLP,0,0
2024.emnlp-main.815,2024,EMNLP,1,1
2024.emnlp-main.816,2024,EMNLP,1,1
2024.emnlp-main.817,2024,EMNLP,1,1
2024.emnlp-main.818,2024,EMNLP,1,1
2024.emnlp-main.819,2024,EMNLP,1,1
2024.emnlp-main.82,2024,EMNLP,1,1
2024.emnlp-main.820,2024,EMNLP,1,1
2024.emnlp-main.821,2024,EMNLP,0,0
2024.emnlp-main.822,2024,EMNLP,0,0
2024.emnlp-main.823,2024,EMNLP,1,1
2024.emnlp-main.824,2024,EMNLP,1,1
2024.emnlp-main.825,2024,EMNLP,0,0
2024.emnlp-main.826,2024,EMNLP,0,0
2024.emnlp-main.827,2024,EMNLP,0,0
2024.emnlp-main.828,2024,EMNLP,1,0
2024.emnlp-main.829,2024,EMNLP,0,0
2024.emnlp-main.83,2024,EMNLP,1,1
2024.emnlp-main.830,2024,EMNLP,0,0
2024.emnlp-main.831,2024,EMNLP,1,1
2024.emnlp-main.832,2024,EMNLP,1,1
2024.emnlp-main.833,2024,EMNLP,0,0
2024.emnlp-main.834,2024,EMNLP,1,0
2024.emnlp-main.835,2024,EMNLP,1,1
2024.emnlp-main.836,2024,EMNLP,1,1
2024.emnlp-main.837,2024,EMNLP,1,1
2024.emnlp-main.838,2024,EMNLP,1,1
2024.emnlp-main.839,2024,EMNLP,1,1
2024.emnlp-main.84,2024,EMNLP,1,0
2024.emnlp-main.840,2024,EMNLP,0,0
2024.emnlp-main.841,2024,EMNLP,1,1
2024.emnlp-main.842,2024,EMNLP,0,0
2024.emnlp-main.843,2024,EMNLP,0,0
2024.emnlp-main.844,2024,EMNLP,0,0
2024.emnlp-main.845,2024,EMNLP,1,0
2024.emnlp-main.846,2024,EMNLP,0,0
2024.emnlp-main.847,2024,EMNLP,1,1
2024.emnlp-main.848,2024,EMNLP,1,1
2024.emnlp-main.849,2024,EMNLP,1,0
2024.emnlp-main.85,2024,EMNLP,1,1
2024.emnlp-main.850,2024,EMNLP,0,0
2024.emnlp-main.851,2024,EMNLP,1,0
2024.emnlp-main.852,2024,EMNLP,1,1
2024.emnlp-main.853,2024,EMNLP,1,1
2024.emnlp-main.854,2024,EMNLP,1,1
2024.emnlp-main.855,2024,EMNLP,1,1
2024.emnlp-main.856,2024,EMNLP,1,0
2024.emnlp-main.857,2024,EMNLP,0,0
2024.emnlp-main.858,2024,EMNLP,0,0
2024.emnlp-main.859,2024,EMNLP,1,1
2024.emnlp-main.86,2024,EMNLP,0,0
2024.emnlp-main.860,2024,EMNLP,0,0
2024.emnlp-main.861,2024,EMNLP,0,0
2024.emnlp-main.862,2024,EMNLP,1,0
2024.emnlp-main.863,2024,EMNLP,1,1
2024.emnlp-main.864,2024,EMNLP,1,1
2024.emnlp-main.865,2024,EMNLP,0,0
2024.emnlp-main.866,2024,EMNLP,0,0
2024.emnlp-main.867,2024,EMNLP,1,1
2024.emnlp-main.868,2024,EMNLP,1,0
2024.emnlp-main.869,2024,EMNLP,0,0
2024.emnlp-main.87,2024,EMNLP,1,1
2024.emnlp-main.870,2024,EMNLP,1,1
2024.emnlp-main.871,2024,EMNLP,1,1
2024.emnlp-main.872,2024,EMNLP,0,0
2024.emnlp-main.873,2024,EMNLP,1,1
2024.emnlp-main.874,2024,EMNLP,0,0
2024.emnlp-main.875,2024,EMNLP,1,1
2024.emnlp-main.876,2024,EMNLP,1,1
2024.emnlp-main.877,2024,EMNLP,0,0
2024.emnlp-main.878,2024,EMNLP,1,1
2024.emnlp-main.879,2024,EMNLP,1,1
2024.emnlp-main.88,2024,EMNLP,1,1
2024.emnlp-main.880,2024,EMNLP,1,1
2024.emnlp-main.881,2024,EMNLP,1,1
2024.emnlp-main.882,2024,EMNLP,0,0
2024.emnlp-main.883,2024,EMNLP,1,1
2024.emnlp-main.884,2024,EMNLP,1,0
2024.emnlp-main.885,2024,EMNLP,1,1
2024.emnlp-main.886,2024,EMNLP,1,1
2024.emnlp-main.887,2024,EMNLP,1,1
2024.emnlp-main.888,2024,EMNLP,0,0
2024.emnlp-main.889,2024,EMNLP,1,1
2024.emnlp-main.89,2024,EMNLP,1,0
2024.emnlp-main.890,2024,EMNLP,1,1
2024.emnlp-main.891,2024,EMNLP,1,1
2024.emnlp-main.892,2024,EMNLP,1,1
2024.emnlp-main.893,2024,EMNLP,1,0
2024.emnlp-main.894,2024,EMNLP,0,0
2024.emnlp-main.895,2024,EMNLP,1,1
2024.emnlp-main.896,2024,EMNLP,1,1
2024.emnlp-main.897,2024,EMNLP,1,1
2024.emnlp-main.898,2024,EMNLP,1,0
2024.emnlp-main.899,2024,EMNLP,0,0
2024.emnlp-main.9,2024,EMNLP,1,1
2024.emnlp-main.90,2024,EMNLP,0,0
2024.emnlp-main.900,2024,EMNLP,0,0
2024.emnlp-main.901,2024,EMNLP,1,0
2024.emnlp-main.902,2024,EMNLP,0,0
2024.emnlp-main.903,2024,EMNLP,0,0
2024.emnlp-main.904,2024,EMNLP,0,0
2024.emnlp-main.905,2024,EMNLP,1,1
2024.emnlp-main.906,2024,EMNLP,0,0
2024.emnlp-main.907,2024,EMNLP,0,0
2024.emnlp-main.908,2024,EMNLP,0,0
2024.emnlp-main.909,2024,EMNLP,0,0
2024.emnlp-main.91,2024,EMNLP,1,0
2024.emnlp-main.910,2024,EMNLP,0,0
2024.emnlp-main.911,2024,EMNLP,0,0
2024.emnlp-main.912,2024,EMNLP,0,0
2024.emnlp-main.913,2024,EMNLP,0,0
2024.emnlp-main.914,2024,EMNLP,1,1
2024.emnlp-main.915,2024,EMNLP,0,0
2024.emnlp-main.916,2024,EMNLP,1,0
2024.emnlp-main.917,2024,EMNLP,1,1
2024.emnlp-main.918,2024,EMNLP,0,0
2024.emnlp-main.919,2024,EMNLP,1,1
2024.emnlp-main.92,2024,EMNLP,1,1
2024.emnlp-main.920,2024,EMNLP,1,1
2024.emnlp-main.921,2024,EMNLP,0,0
2024.emnlp-main.922,2024,EMNLP,1,1
2024.emnlp-main.923,2024,EMNLP,1,1
2024.emnlp-main.924,2024,EMNLP,0,0
2024.emnlp-main.925,2024,EMNLP,1,1
2024.emnlp-main.926,2024,EMNLP,0,0
2024.emnlp-main.927,2024,EMNLP,1,1
2024.emnlp-main.928,2024,EMNLP,1,1
2024.emnlp-main.929,2024,EMNLP,1,1
2024.emnlp-main.93,2024,EMNLP,1,1
2024.emnlp-main.930,2024,EMNLP,0,0
2024.emnlp-main.931,2024,EMNLP,0,0
2024.emnlp-main.932,2024,EMNLP,0,0
2024.emnlp-main.933,2024,EMNLP,1,1
2024.emnlp-main.934,2024,EMNLP,1,0
2024.emnlp-main.935,2024,EMNLP,0,0
2024.emnlp-main.936,2024,EMNLP,1,1
2024.emnlp-main.937,2024,EMNLP,1,1
2024.emnlp-main.938,2024,EMNLP,0,0
2024.emnlp-main.939,2024,EMNLP,1,1
2024.emnlp-main.94,2024,EMNLP,1,1
2024.emnlp-main.940,2024,EMNLP,1,1
2024.emnlp-main.941,2024,EMNLP,1,1
2024.emnlp-main.942,2024,EMNLP,0,0
2024.emnlp-main.943,2024,EMNLP,1,0
2024.emnlp-main.944,2024,EMNLP,1,1
2024.emnlp-main.945,2024,EMNLP,1,1
2024.emnlp-main.946,2024,EMNLP,1,1
2024.emnlp-main.947,2024,EMNLP,1,1
2024.emnlp-main.948,2024,EMNLP,1,1
2024.emnlp-main.949,2024,EMNLP,0,0
2024.emnlp-main.95,2024,EMNLP,0,0
2024.emnlp-main.950,2024,EMNLP,0,0
2024.emnlp-main.951,2024,EMNLP,0,0
2024.emnlp-main.952,2024,EMNLP,1,1
2024.emnlp-main.953,2024,EMNLP,0,0
2024.emnlp-main.954,2024,EMNLP,1,1
2024.emnlp-main.955,2024,EMNLP,1,0
2024.emnlp-main.956,2024,EMNLP,0,0
2024.emnlp-main.957,2024,EMNLP,1,1
2024.emnlp-main.958,2024,EMNLP,1,1
2024.emnlp-main.959,2024,EMNLP,1,1
2024.emnlp-main.96,2024,EMNLP,0,0
2024.emnlp-main.960,2024,EMNLP,1,1
2024.emnlp-main.961,2024,EMNLP,1,0
2024.emnlp-main.962,2024,EMNLP,1,1
2024.emnlp-main.963,2024,EMNLP,1,1
2024.emnlp-main.964,2024,EMNLP,1,1
2024.emnlp-main.965,2024,EMNLP,0,0
2024.emnlp-main.966,2024,EMNLP,1,1
2024.emnlp-main.967,2024,EMNLP,0,0
2024.emnlp-main.968,2024,EMNLP,0,0
2024.emnlp-main.969,2024,EMNLP,0,0
2024.emnlp-main.97,2024,EMNLP,0,0
2024.emnlp-main.970,2024,EMNLP,1,0
2024.emnlp-main.971,2024,EMNLP,1,1
2024.emnlp-main.972,2024,EMNLP,1,1
2024.emnlp-main.973,2024,EMNLP,0,0
2024.emnlp-main.974,2024,EMNLP,1,1
2024.emnlp-main.975,2024,EMNLP,1,1
2024.emnlp-main.976,2024,EMNLP,1,1
2024.emnlp-main.977,2024,EMNLP,1,1
2024.emnlp-main.978,2024,EMNLP,0,0
2024.emnlp-main.979,2024,EMNLP,1,1
2024.emnlp-main.98,2024,EMNLP,1,1
2024.emnlp-main.980,2024,EMNLP,1,1
2024.emnlp-main.981,2024,EMNLP,0,0
2024.emnlp-main.982,2024,EMNLP,0,0
2024.emnlp-main.983,2024,EMNLP,0,0
2024.emnlp-main.984,2024,EMNLP,0,0
2024.emnlp-main.985,2024,EMNLP,1,0
2024.emnlp-main.986,2024,EMNLP,0,0
2024.emnlp-main.987,2024,EMNLP,0,0
2024.emnlp-main.988,2024,EMNLP,0,0
2024.emnlp-main.989,2024,EMNLP,0,0
2024.emnlp-main.99,2024,EMNLP,1,1
2024.emnlp-main.990,2024,EMNLP,1,0
2024.emnlp-main.991,2024,EMNLP,0,0
2024.emnlp-main.992,2024,EMNLP,0,0
2024.emnlp-main.993,2024,EMNLP,1,1
2024.emnlp-main.994,2024,EMNLP,1,1
2024.emnlp-main.995,2024,EMNLP,1,1
2024.emnlp-main.996,2024,EMNLP,0,0
2024.emnlp-main.997,2024,EMNLP,1,1
2024.emnlp-main.998,2024,EMNLP,1,1
2024.emnlp-main.999,2024,EMNLP,1,0
2024.naacl-long.1,2024,NAACL,0,0
2024.naacl-long.10,2024,NAACL,0,0
2024.naacl-long.100,2024,NAACL,0,0
2024.naacl-long.101,2024,NAACL,0,0
2024.naacl-long.102,2024,NAACL,0,0
2024.naacl-long.103,2024,NAACL,0,0
2024.naacl-long.104,2024,NAACL,0,0
2024.naacl-long.105,2024,NAACL,0,0
2024.naacl-long.106,2024,NAACL,0,0
2024.naacl-long.107,2024,NAACL,0,0
2024.naacl-long.108,2024,NAACL,0,0
2024.naacl-long.109,2024,NAACL,1,1
2024.naacl-long.11,2024,NAACL,0,0
2024.naacl-long.110,2024,NAACL,1,1
2024.naacl-long.111,2024,NAACL,0,0
2024.naacl-long.112,2024,NAACL,0,0
2024.naacl-long.113,2024,NAACL,0,0
2024.naacl-long.114,2024,NAACL,0,0
2024.naacl-long.115,2024,NAACL,0,0
2024.naacl-long.116,2024,NAACL,0,0
2024.naacl-long.117,2024,NAACL,0,0
2024.naacl-long.118,2024,NAACL,1,1
2024.naacl-long.119,2024,NAACL,0,0
2024.naacl-long.12,2024,NAACL,0,0
2024.naacl-long.120,2024,NAACL,0,0
2024.naacl-long.121,2024,NAACL,0,0
2024.naacl-long.122,2024,NAACL,0,0
2024.naacl-long.123,2024,NAACL,1,1
2024.naacl-long.124,2024,NAACL,1,1
2024.naacl-long.125,2024,NAACL,1,0
2024.naacl-long.126,2024,NAACL,0,0
2024.naacl-long.127,2024,NAACL,0,0
2024.naacl-long.128,2024,NAACL,0,0
2024.naacl-long.129,2024,NAACL,0,0
2024.naacl-long.13,2024,NAACL,0,0
2024.naacl-long.130,2024,NAACL,0,0
2024.naacl-long.131,2024,NAACL,0,0
2024.naacl-long.132,2024,NAACL,0,0
2024.naacl-long.133,2024,NAACL,0,0
2024.naacl-long.134,2024,NAACL,0,0
2024.naacl-long.135,2024,NAACL,0,0
2024.naacl-long.136,2024,NAACL,0,0
2024.naacl-long.137,2024,NAACL,1,1
2024.naacl-long.138,2024,NAACL,0,0
2024.naacl-long.139,2024,NAACL,0,0
2024.naacl-long.14,2024,NAACL,0,0
2024.naacl-long.140,2024,NAACL,0,0
2024.naacl-long.141,2024,NAACL,0,0
2024.naacl-long.142,2024,NAACL,0,0
2024.naacl-long.143,2024,NAACL,0,0
2024.naacl-long.144,2024,NAACL,0,0
2024.naacl-long.145,2024,NAACL,0,0
2024.naacl-long.146,2024,NAACL,0,0
2024.naacl-long.147,2024,NAACL,0,0
2024.naacl-long.148,2024,NAACL,0,0
2024.naacl-long.149,2024,NAACL,0,0
2024.naacl-long.15,2024,NAACL,1,1
2024.naacl-long.150,2024,NAACL,0,0
2024.naacl-long.151,2024,NAACL,0,0
2024.naacl-long.152,2024,NAACL,0,0
2024.naacl-long.153,2024,NAACL,0,0
2024.naacl-long.154,2024,NAACL,0,0
2024.naacl-long.155,2024,NAACL,0,0
2024.naacl-long.156,2024,NAACL,0,0
2024.naacl-long.157,2024,NAACL,1,1
2024.naacl-long.158,2024,NAACL,0,0
2024.naacl-long.159,2024,NAACL,0,0
2024.naacl-long.16,2024,NAACL,0,0
2024.naacl-long.160,2024,NAACL,0,0
2024.naacl-long.161,2024,NAACL,1,1
2024.naacl-long.162,2024,NAACL,0,0
2024.naacl-long.163,2024,NAACL,0,0
2024.naacl-long.164,2024,NAACL,0,0
2024.naacl-long.165,2024,NAACL,0,0
2024.naacl-long.166,2024,NAACL,1,1
2024.naacl-long.167,2024,NAACL,0,0
2024.naacl-long.168,2024,NAACL,0,0
2024.naacl-long.169,2024,NAACL,0,0
2024.naacl-long.17,2024,NAACL,0,0
2024.naacl-long.170,2024,NAACL,1,1
2024.naacl-long.171,2024,NAACL,0,0
2024.naacl-long.172,2024,NAACL,0,0
2024.naacl-long.173,2024,NAACL,0,0
2024.naacl-long.174,2024,NAACL,0,0
2024.naacl-long.175,2024,NAACL,0,0
2024.naacl-long.176,2024,NAACL,0,0
2024.naacl-long.177,2024,NAACL,1,1
2024.naacl-long.178,2024,NAACL,1,1
2024.naacl-long.179,2024,NAACL,0,0
2024.naacl-long.18,2024,NAACL,0,0
2024.naacl-long.180,2024,NAACL,1,1
2024.naacl-long.181,2024,NAACL,0,0
2024.naacl-long.182,2024,NAACL,1,0
2024.naacl-long.183,2024,NAACL,0,0
2024.naacl-long.184,2024,NAACL,0,0
2024.naacl-long.185,2024,NAACL,0,0
2024.naacl-long.186,2024,NAACL,0,0
2024.naacl-long.187,2024,NAACL,0,0
2024.naacl-long.188,2024,NAACL,0,0
2024.naacl-long.189,2024,NAACL,1,1
2024.naacl-long.19,2024,NAACL,0,0
2024.naacl-long.190,2024,NAACL,0,0
2024.naacl-long.191,2024,NAACL,1,1
2024.naacl-long.192,2024,NAACL,0,0
2024.naacl-long.193,2024,NAACL,0,0
2024.naacl-long.194,2024,NAACL,0,0
2024.naacl-long.195,2024,NAACL,0,0
2024.naacl-long.196,2024,NAACL,0,0
2024.naacl-long.197,2024,NAACL,0,0
2024.naacl-long.198,2024,NAACL,0,0
2024.naacl-long.199,2024,NAACL,0,0
2024.naacl-long.2,2024,NAACL,0,0
2024.naacl-long.20,2024,NAACL,0,0
2024.naacl-long.200,2024,NAACL,0,0
2024.naacl-long.201,2024,NAACL,0,0
2024.naacl-long.202,2024,NAACL,0,0
2024.naacl-long.203,2024,NAACL,0,0
2024.naacl-long.204,2024,NAACL,1,1
2024.naacl-long.205,2024,NAACL,1,0
2024.naacl-long.206,2024,NAACL,0,0
2024.naacl-long.207,2024,NAACL,0,0
2024.naacl-long.208,2024,NAACL,1,1
2024.naacl-long.209,2024,NAACL,0,0
2024.naacl-long.21,2024,NAACL,0,0
2024.naacl-long.210,2024,NAACL,0,0
2024.naacl-long.211,2024,NAACL,0,0
2024.naacl-long.212,2024,NAACL,1,1
2024.naacl-long.213,2024,NAACL,0,0
2024.naacl-long.214,2024,NAACL,0,0
2024.naacl-long.215,2024,NAACL,0,0
2024.naacl-long.216,2024,NAACL,0,0
2024.naacl-long.217,2024,NAACL,0,0
2024.naacl-long.218,2024,NAACL,1,1
2024.naacl-long.219,2024,NAACL,0,0
2024.naacl-long.22,2024,NAACL,0,0
2024.naacl-long.220,2024,NAACL,1,0
2024.naacl-long.221,2024,NAACL,0,0
2024.naacl-long.222,2024,NAACL,1,1
2024.naacl-long.223,2024,NAACL,0,0
2024.naacl-long.224,2024,NAACL,0,0
2024.naacl-long.225,2024,NAACL,0,0
2024.naacl-long.226,2024,NAACL,0,0
2024.naacl-long.227,2024,NAACL,0,0
2024.naacl-long.228,2024,NAACL,0,0
2024.naacl-long.229,2024,NAACL,1,0
2024.naacl-long.23,2024,NAACL,0,0
2024.naacl-long.230,2024,NAACL,0,0
2024.naacl-long.231,2024,NAACL,0,0
2024.naacl-long.232,2024,NAACL,0,0
2024.naacl-long.233,2024,NAACL,0,0
2024.naacl-long.234,2024,NAACL,0,0
2024.naacl-long.235,2024,NAACL,0,0
2024.naacl-long.236,2024,NAACL,0,0
2024.naacl-long.237,2024,NAACL,0,0
2024.naacl-long.238,2024,NAACL,0,0
2024.naacl-long.239,2024,NAACL,1,1
2024.naacl-long.24,2024,NAACL,0,0
2024.naacl-long.240,2024,NAACL,0,0
2024.naacl-long.241,2024,NAACL,0,0
2024.naacl-long.242,2024,NAACL,0,0
2024.naacl-long.243,2024,NAACL,1,1
2024.naacl-long.244,2024,NAACL,0,0
2024.naacl-long.245,2024,NAACL,0,0
2024.naacl-long.246,2024,NAACL,1,1
2024.naacl-long.247,2024,NAACL,0,0
2024.naacl-long.248,2024,NAACL,0,0
2024.naacl-long.249,2024,NAACL,0,0
2024.naacl-long.25,2024,NAACL,0,0
2024.naacl-long.250,2024,NAACL,1,1
2024.naacl-long.251,2024,NAACL,1,1
2024.naacl-long.252,2024,NAACL,1,1
2024.naacl-long.253,2024,NAACL,0,0
2024.naacl-long.254,2024,NAACL,0,0
2024.naacl-long.255,2024,NAACL,0,0
2024.naacl-long.256,2024,NAACL,1,1
2024.naacl-long.257,2024,NAACL,0,0
2024.naacl-long.258,2024,NAACL,0,0
2024.naacl-long.259,2024,NAACL,1,1
2024.naacl-long.26,2024,NAACL,0,0
2024.naacl-long.260,2024,NAACL,0,0
2024.naacl-long.261,2024,NAACL,0,0
2024.naacl-long.262,2024,NAACL,1,1
2024.naacl-long.263,2024,NAACL,1,1
2024.naacl-long.264,2024,NAACL,0,0
2024.naacl-long.265,2024,NAACL,0,0
2024.naacl-long.266,2024,NAACL,0,0
2024.naacl-long.267,2024,NAACL,0,0
2024.naacl-long.268,2024,NAACL,0,0
2024.naacl-long.269,2024,NAACL,0,0
2024.naacl-long.27,2024,NAACL,1,1
2024.naacl-long.270,2024,NAACL,1,0
2024.naacl-long.271,2024,NAACL,1,1
2024.naacl-long.272,2024,NAACL,1,1
2024.naacl-long.273,2024,NAACL,0,0
2024.naacl-long.274,2024,NAACL,0,0
2024.naacl-long.275,2024,NAACL,0,0
2024.naacl-long.276,2024,NAACL,1,0
2024.naacl-long.277,2024,NAACL,0,0
2024.naacl-long.278,2024,NAACL,0,0
2024.naacl-long.279,2024,NAACL,0,0
2024.naacl-long.28,2024,NAACL,1,1
2024.naacl-long.280,2024,NAACL,0,0
2024.naacl-long.281,2024,NAACL,1,0
2024.naacl-long.282,2024,NAACL,0,0
2024.naacl-long.283,2024,NAACL,0,0
2024.naacl-long.284,2024,NAACL,0,0
2024.naacl-long.285,2024,NAACL,1,1
2024.naacl-long.286,2024,NAACL,0,0
2024.naacl-long.287,2024,NAACL,1,1
2024.naacl-long.288,2024,NAACL,1,1
2024.naacl-long.289,2024,NAACL,0,0
2024.naacl-long.29,2024,NAACL,0,0
2024.naacl-long.290,2024,NAACL,0,0
2024.naacl-long.291,2024,NAACL,0,0
2024.naacl-long.292,2024,NAACL,0,0
2024.naacl-long.293,2024,NAACL,0,0
2024.naacl-long.294,2024,NAACL,0,0
2024.naacl-long.295,2024,NAACL,1,1
2024.naacl-long.296,2024,NAACL,1,0
2024.naacl-long.297,2024,NAACL,0,0
2024.naacl-long.298,2024,NAACL,1,1
2024.naacl-long.299,2024,NAACL,1,1
2024.naacl-long.3,2024,NAACL,0,0
2024.naacl-long.30,2024,NAACL,0,0
2024.naacl-long.300,2024,NAACL,1,1
2024.naacl-long.301,2024,NAACL,0,0
2024.naacl-long.302,2024,NAACL,0,0
2024.naacl-long.303,2024,NAACL,1,1
2024.naacl-long.304,2024,NAACL,1,1
2024.naacl-long.305,2024,NAACL,1,1
2024.naacl-long.306,2024,NAACL,0,0
2024.naacl-long.307,2024,NAACL,0,0
2024.naacl-long.308,2024,NAACL,1,1
2024.naacl-long.309,2024,NAACL,1,1
2024.naacl-long.31,2024,NAACL,0,0
2024.naacl-long.310,2024,NAACL,0,0
2024.naacl-long.311,2024,NAACL,1,0
2024.naacl-long.312,2024,NAACL,0,0
2024.naacl-long.313,2024,NAACL,0,0
2024.naacl-long.314,2024,NAACL,1,1
2024.naacl-long.315,2024,NAACL,1,0
2024.naacl-long.316,2024,NAACL,1,1
2024.naacl-long.317,2024,NAACL,0,0
2024.naacl-long.318,2024,NAACL,0,0
2024.naacl-long.319,2024,NAACL,0,0
2024.naacl-long.32,2024,NAACL,1,1
2024.naacl-long.320,2024,NAACL,0,0
2024.naacl-long.321,2024,NAACL,1,1
2024.naacl-long.322,2024,NAACL,1,1
2024.naacl-long.323,2024,NAACL,0,0
2024.naacl-long.324,2024,NAACL,0,0
2024.naacl-long.325,2024,NAACL,1,0
2024.naacl-long.326,2024,NAACL,1,1
2024.naacl-long.327,2024,NAACL,1,1
2024.naacl-long.328,2024,NAACL,1,1
2024.naacl-long.329,2024,NAACL,1,0
2024.naacl-long.33,2024,NAACL,0,0
2024.naacl-long.330,2024,NAACL,1,0
2024.naacl-long.331,2024,NAACL,1,1
2024.naacl-long.332,2024,NAACL,0,0
2024.naacl-long.333,2024,NAACL,1,1
2024.naacl-long.334,2024,NAACL,1,1
2024.naacl-long.335,2024,NAACL,1,1
2024.naacl-long.336,2024,NAACL,1,1
2024.naacl-long.337,2024,NAACL,0,0
2024.naacl-long.338,2024,NAACL,1,1
2024.naacl-long.339,2024,NAACL,1,1
2024.naacl-long.34,2024,NAACL,0,0
2024.naacl-long.340,2024,NAACL,0,0
2024.naacl-long.341,2024,NAACL,1,0
2024.naacl-long.342,2024,NAACL,1,1
2024.naacl-long.343,2024,NAACL,1,1
2024.naacl-long.344,2024,NAACL,0,0
2024.naacl-long.345,2024,NAACL,1,0
2024.naacl-long.346,2024,NAACL,1,1
2024.naacl-long.347,2024,NAACL,0,0
2024.naacl-long.348,2024,NAACL,1,1
2024.naacl-long.349,2024,NAACL,1,1
2024.naacl-long.35,2024,NAACL,0,0
2024.naacl-long.350,2024,NAACL,0,0
2024.naacl-long.351,2024,NAACL,1,1
2024.naacl-long.352,2024,NAACL,0,0
2024.naacl-long.353,2024,NAACL,1,1
2024.naacl-long.354,2024,NAACL,1,0
2024.naacl-long.355,2024,NAACL,1,1
2024.naacl-long.356,2024,NAACL,1,1
2024.naacl-long.357,2024,NAACL,1,0
2024.naacl-long.358,2024,NAACL,0,0
2024.naacl-long.359,2024,NAACL,1,0
2024.naacl-long.36,2024,NAACL,0,0
2024.naacl-long.360,2024,NAACL,1,1
2024.naacl-long.361,2024,NAACL,0,0
2024.naacl-long.362,2024,NAACL,0,0
2024.naacl-long.363,2024,NAACL,1,1
2024.naacl-long.364,2024,NAACL,1,1
2024.naacl-long.365,2024,NAACL,0,0
2024.naacl-long.366,2024,NAACL,0,0
2024.naacl-long.367,2024,NAACL,0,0
2024.naacl-long.368,2024,NAACL,1,1
2024.naacl-long.369,2024,NAACL,1,1
2024.naacl-long.37,2024,NAACL,0,0
2024.naacl-long.370,2024,NAACL,1,1
2024.naacl-long.371,2024,NAACL,0,0
2024.naacl-long.372,2024,NAACL,1,1
2024.naacl-long.373,2024,NAACL,1,1
2024.naacl-long.374,2024,NAACL,1,1
2024.naacl-long.375,2024,NAACL,0,0
2024.naacl-long.376,2024,NAACL,1,1
2024.naacl-long.377,2024,NAACL,0,0
2024.naacl-long.378,2024,NAACL,1,0
2024.naacl-long.379,2024,NAACL,0,0
2024.naacl-long.38,2024,NAACL,1,0
2024.naacl-long.380,2024,NAACL,0,0
2024.naacl-long.381,2024,NAACL,0,0
2024.naacl-long.382,2024,NAACL,1,1
2024.naacl-long.383,2024,NAACL,0,0
2024.naacl-long.384,2024,NAACL,1,1
2024.naacl-long.385,2024,NAACL,0,0
2024.naacl-long.386,2024,NAACL,0,0
2024.naacl-long.387,2024,NAACL,1,1
2024.naacl-long.388,2024,NAACL,1,0
2024.naacl-long.389,2024,NAACL,1,0
2024.naacl-long.39,2024,NAACL,0,0
2024.naacl-long.390,2024,NAACL,1,1
2024.naacl-long.391,2024,NAACL,0,0
2024.naacl-long.392,2024,NAACL,0,0
2024.naacl-long.393,2024,NAACL,1,0
2024.naacl-long.394,2024,NAACL,1,0
2024.naacl-long.395,2024,NAACL,0,0
2024.naacl-long.396,2024,NAACL,1,0
2024.naacl-long.397,2024,NAACL,1,0
2024.naacl-long.398,2024,NAACL,1,1
2024.naacl-long.399,2024,NAACL,1,1
2024.naacl-long.4,2024,NAACL,0,0
2024.naacl-long.40,2024,NAACL,0,0
2024.naacl-long.400,2024,NAACL,0,0
2024.naacl-long.401,2024,NAACL,1,1
2024.naacl-long.402,2024,NAACL,0,0
2024.naacl-long.403,2024,NAACL,0,0
2024.naacl-long.404,2024,NAACL,0,0
2024.naacl-long.405,2024,NAACL,0,0
2024.naacl-long.406,2024,NAACL,1,1
2024.naacl-long.407,2024,NAACL,1,0
2024.naacl-long.408,2024,NAACL,1,1
2024.naacl-long.409,2024,NAACL,1,0
2024.naacl-long.41,2024,NAACL,0,0
2024.naacl-long.410,2024,NAACL,1,0
2024.naacl-long.411,2024,NAACL,0,0
2024.naacl-long.412,2024,NAACL,1,1
2024.naacl-long.413,2024,NAACL,0,0
2024.naacl-long.414,2024,NAACL,1,1
2024.naacl-long.415,2024,NAACL,0,0
2024.naacl-long.416,2024,NAACL,1,1
2024.naacl-long.417,2024,NAACL,1,1
2024.naacl-long.418,2024,NAACL,0,0
2024.naacl-long.419,2024,NAACL,0,0
2024.naacl-long.42,2024,NAACL,1,1
2024.naacl-long.420,2024,NAACL,1,1
2024.naacl-long.421,2024,NAACL,0,0
2024.naacl-long.422,2024,NAACL,0,0
2024.naacl-long.423,2024,NAACL,1,1
2024.naacl-long.424,2024,NAACL,0,0
2024.naacl-long.425,2024,NAACL,0,0
2024.naacl-long.426,2024,NAACL,0,0
2024.naacl-long.427,2024,NAACL,1,1
2024.naacl-long.428,2024,NAACL,0,0
2024.naacl-long.429,2024,NAACL,1,1
2024.naacl-long.43,2024,NAACL,0,0
2024.naacl-long.430,2024,NAACL,0,0
2024.naacl-long.431,2024,NAACL,0,0
2024.naacl-long.432,2024,NAACL,1,1
2024.naacl-long.433,2024,NAACL,1,1
2024.naacl-long.434,2024,NAACL,0,0
2024.naacl-long.435,2024,NAACL,0,0
2024.naacl-long.436,2024,NAACL,1,1
2024.naacl-long.437,2024,NAACL,0,0
2024.naacl-long.438,2024,NAACL,0,0
2024.naacl-long.439,2024,NAACL,0,0
2024.naacl-long.44,2024,NAACL,0,0
2024.naacl-long.440,2024,NAACL,1,1
2024.naacl-long.441,2024,NAACL,1,0
2024.naacl-long.442,2024,NAACL,0,0
2024.naacl-long.443,2024,NAACL,1,1
2024.naacl-long.444,2024,NAACL,0,0
2024.naacl-long.445,2024,NAACL,1,1
2024.naacl-long.446,2024,NAACL,1,1
2024.naacl-long.447,2024,NAACL,0,0
2024.naacl-long.448,2024,NAACL,0,0
2024.naacl-long.449,2024,NAACL,1,1
2024.naacl-long.45,2024,NAACL,1,1
2024.naacl-long.450,2024,NAACL,1,1
2024.naacl-long.451,2024,NAACL,0,0
2024.naacl-long.452,2024,NAACL,1,1
2024.naacl-long.453,2024,NAACL,0,0
2024.naacl-long.454,2024,NAACL,1,0
2024.naacl-long.455,2024,NAACL,1,1
2024.naacl-long.456,2024,NAACL,0,0
2024.naacl-long.457,2024,NAACL,1,1
2024.naacl-long.458,2024,NAACL,0,0
2024.naacl-long.459,2024,NAACL,1,1
2024.naacl-long.46,2024,NAACL,0,0
2024.naacl-long.460,2024,NAACL,1,1
2024.naacl-long.461,2024,NAACL,1,1
2024.naacl-long.462,2024,NAACL,1,1
2024.naacl-long.463,2024,NAACL,0,0
2024.naacl-long.464,2024,NAACL,1,1
2024.naacl-long.465,2024,NAACL,1,1
2024.naacl-long.466,2024,NAACL,0,0
2024.naacl-long.467,2024,NAACL,1,1
2024.naacl-long.468,2024,NAACL,0,0
2024.naacl-long.469,2024,NAACL,0,0
2024.naacl-long.47,2024,NAACL,0,0
2024.naacl-long.470,2024,NAACL,0,0
2024.naacl-long.471,2024,NAACL,0,0
2024.naacl-long.472,2024,NAACL,1,1
2024.naacl-long.473,2024,NAACL,1,0
2024.naacl-long.474,2024,NAACL,0,0
2024.naacl-long.475,2024,NAACL,1,1
2024.naacl-long.476,2024,NAACL,1,1
2024.naacl-long.477,2024,NAACL,0,0
2024.naacl-long.478,2024,NAACL,1,0
2024.naacl-long.479,2024,NAACL,1,1
2024.naacl-long.48,2024,NAACL,1,1
2024.naacl-long.480,2024,NAACL,1,1
2024.naacl-long.481,2024,NAACL,0,0
2024.naacl-long.482,2024,NAACL,0,0
2024.naacl-long.483,2024,NAACL,1,1
2024.naacl-long.484,2024,NAACL,1,1
2024.naacl-long.485,2024,NAACL,0,0
2024.naacl-long.486,2024,NAACL,1,1
2024.naacl-long.487,2024,NAACL,1,1
2024.naacl-long.49,2024,NAACL,0,0
2024.naacl-long.5,2024,NAACL,0,0
2024.naacl-long.50,2024,NAACL,0,0
2024.naacl-long.51,2024,NAACL,0,0
2024.naacl-long.52,2024,NAACL,0,0
2024.naacl-long.53,2024,NAACL,0,0
2024.naacl-long.54,2024,NAACL,1,1
2024.naacl-long.55,2024,NAACL,0,0
2024.naacl-long.56,2024,NAACL,0,0
2024.naacl-long.57,2024,NAACL,0,0
2024.naacl-long.58,2024,NAACL,1,1
2024.naacl-long.59,2024,NAACL,1,1
2024.naacl-long.6,2024,NAACL,0,0
2024.naacl-long.60,2024,NAACL,0,0
2024.naacl-long.61,2024,NAACL,0,0
2024.naacl-long.62,2024,NAACL,0,0
2024.naacl-long.63,2024,NAACL,0,0
2024.naacl-long.64,2024,NAACL,1,1
2024.naacl-long.65,2024,NAACL,0,0
2024.naacl-long.66,2024,NAACL,1,1
2024.naacl-long.67,2024,NAACL,0,0
2024.naacl-long.68,2024,NAACL,0,0
2024.naacl-long.69,2024,NAACL,0,0
2024.naacl-long.7,2024,NAACL,1,0
2024.naacl-long.70,2024,NAACL,0,0
2024.naacl-long.71,2024,NAACL,0,0
2024.naacl-long.72,2024,NAACL,0,0
2024.naacl-long.73,2024,NAACL,0,0
2024.naacl-long.74,2024,NAACL,0,0
2024.naacl-long.75,2024,NAACL,0,0
2024.naacl-long.76,2024,NAACL,0,0
2024.naacl-long.77,2024,NAACL,1,1
2024.naacl-long.78,2024,NAACL,0,0
2024.naacl-long.79,2024,NAACL,0,0
2024.naacl-long.8,2024,NAACL,1,0
2024.naacl-long.80,2024,NAACL,0,0
2024.naacl-long.81,2024,NAACL,0,0
2024.naacl-long.82,2024,NAACL,0,0
2024.naacl-long.83,2024,NAACL,0,0
2024.naacl-long.84,2024,NAACL,0,0
2024.naacl-long.85,2024,NAACL,0,0
2024.naacl-long.86,2024,NAACL,1,1
2024.naacl-long.87,2024,NAACL,0,0
2024.naacl-long.88,2024,NAACL,0,0
2024.naacl-long.89,2024,NAACL,0,0
2024.naacl-long.9,2024,NAACL,0,0
2024.naacl-long.90,2024,NAACL,0,0
2024.naacl-long.91,2024,NAACL,0,0
2024.naacl-long.92,2024,NAACL,0,0
2024.naacl-long.93,2024,NAACL,0,0
2024.naacl-long.94,2024,NAACL,0,0
2024.naacl-long.95,2024,NAACL,0,0
2024.naacl-long.96,2024,NAACL,0,0
2024.naacl-long.97,2024,NAACL,0,0
2024.naacl-long.98,2024,NAACL,0,0
2024.naacl-long.99,2024,NAACL,0,0
2025.acl-long.1,2025,ACL,0,0
2025.acl-long.10,2025,ACL,1,1
2025.acl-long.100,2025,ACL,1,0
2025.acl-long.1000,2025,ACL,0,0
2025.acl-long.1001,2025,ACL,0,0
2025.acl-long.1002,2025,ACL,0,0
2025.acl-long.1003,2025,ACL,1,1
2025.acl-long.1004,2025,ACL,0,0
2025.acl-long.1005,2025,ACL,0,0
2025.acl-long.1006,2025,ACL,0,0
2025.acl-long.1007,2025,ACL,1,1
2025.acl-long.1008,2025,ACL,1,1
2025.acl-long.1009,2025,ACL,1,1
2025.acl-long.101,2025,ACL,1,1
2025.acl-long.1010,2025,ACL,1,1
2025.acl-long.1011,2025,ACL,0,0
2025.acl-long.1012,2025,ACL,1,1
2025.acl-long.1013,2025,ACL,1,1
2025.acl-long.1014,2025,ACL,1,1
2025.acl-long.1015,2025,ACL,1,1
2025.acl-long.1016,2025,ACL,1,1
2025.acl-long.1017,2025,ACL,1,1
2025.acl-long.1018,2025,ACL,0,0
2025.acl-long.1019,2025,ACL,0,0
2025.acl-long.102,2025,ACL,0,0
2025.acl-long.1020,2025,ACL,1,1
2025.acl-long.1021,2025,ACL,1,1
2025.acl-long.1022,2025,ACL,0,0
2025.acl-long.1023,2025,ACL,1,1
2025.acl-long.1024,2025,ACL,1,1
2025.acl-long.1025,2025,ACL,1,1
2025.acl-long.1026,2025,ACL,0,0
2025.acl-long.1027,2025,ACL,0,0
2025.acl-long.1028,2025,ACL,1,0
2025.acl-long.1029,2025,ACL,1,1
2025.acl-long.103,2025,ACL,0,0
2025.acl-long.1030,2025,ACL,1,1
2025.acl-long.1031,2025,ACL,1,1
2025.acl-long.1032,2025,ACL,1,1
2025.acl-long.1033,2025,ACL,1,1
2025.acl-long.1034,2025,ACL,0,0
2025.acl-long.1035,2025,ACL,1,1
2025.acl-long.1036,2025,ACL,1,1
2025.acl-long.1037,2025,ACL,0,0
2025.acl-long.1038,2025,ACL,1,1
2025.acl-long.1039,2025,ACL,1,1
2025.acl-long.104,2025,ACL,1,1
2025.acl-long.1040,2025,ACL,1,1
2025.acl-long.1041,2025,ACL,1,0
2025.acl-long.1042,2025,ACL,0,0
2025.acl-long.1043,2025,ACL,1,1
2025.acl-long.1044,2025,ACL,0,0
2025.acl-long.1045,2025,ACL,1,1
2025.acl-long.1046,2025,ACL,1,1
2025.acl-long.1047,2025,ACL,0,0
2025.acl-long.1048,2025,ACL,1,1
2025.acl-long.1049,2025,ACL,1,1
2025.acl-long.105,2025,ACL,1,1
2025.acl-long.1050,2025,ACL,1,1
2025.acl-long.1051,2025,ACL,1,1
2025.acl-long.1052,2025,ACL,1,1
2025.acl-long.1053,2025,ACL,0,0
2025.acl-long.1054,2025,ACL,1,1
2025.acl-long.1055,2025,ACL,0,0
2025.acl-long.1056,2025,ACL,0,0
2025.acl-long.1057,2025,ACL,0,0
2025.acl-long.1058,2025,ACL,0,0
2025.acl-long.1059,2025,ACL,1,1
2025.acl-long.106,2025,ACL,0,0
2025.acl-long.1060,2025,ACL,1,1
2025.acl-long.1061,2025,ACL,0,0
2025.acl-long.1062,2025,ACL,0,0
2025.acl-long.1063,2025,ACL,1,1
2025.acl-long.1064,2025,ACL,1,0
2025.acl-long.1065,2025,ACL,1,1
2025.acl-long.1066,2025,ACL,0,0
2025.acl-long.1067,2025,ACL,0,0
2025.acl-long.1068,2025,ACL,1,1
2025.acl-long.1069,2025,ACL,0,0
2025.acl-long.107,2025,ACL,0,0
2025.acl-long.1070,2025,ACL,1,0
2025.acl-long.1071,2025,ACL,0,0
2025.acl-long.1072,2025,ACL,0,0
2025.acl-long.1073,2025,ACL,1,1
2025.acl-long.1074,2025,ACL,1,1
2025.acl-long.1075,2025,ACL,1,1
2025.acl-long.1076,2025,ACL,0,0
2025.acl-long.1077,2025,ACL,1,1
2025.acl-long.1078,2025,ACL,0,0
2025.acl-long.1079,2025,ACL,0,0
2025.acl-long.108,2025,ACL,1,0
2025.acl-long.1080,2025,ACL,1,1
2025.acl-long.1081,2025,ACL,1,1
2025.acl-long.1082,2025,ACL,1,1
2025.acl-long.1083,2025,ACL,0,0
2025.acl-long.1084,2025,ACL,1,1
2025.acl-long.1085,2025,ACL,0,0
2025.acl-long.1086,2025,ACL,0,0
2025.acl-long.1087,2025,ACL,0,0
2025.acl-long.1088,2025,ACL,1,1
2025.acl-long.1089,2025,ACL,0,0
2025.acl-long.109,2025,ACL,1,0
2025.acl-long.1090,2025,ACL,1,1
2025.acl-long.1091,2025,ACL,1,1
2025.acl-long.1092,2025,ACL,1,1
2025.acl-long.1093,2025,ACL,0,0
2025.acl-long.1094,2025,ACL,1,1
2025.acl-long.1095,2025,ACL,1,1
2025.acl-long.1096,2025,ACL,1,0
2025.acl-long.1097,2025,ACL,1,1
2025.acl-long.1098,2025,ACL,1,1
2025.acl-long.1099,2025,ACL,0,0
2025.acl-long.11,2025,ACL,1,1
2025.acl-long.110,2025,ACL,1,0
2025.acl-long.1100,2025,ACL,0,0
2025.acl-long.1101,2025,ACL,1,1
2025.acl-long.1102,2025,ACL,1,1
2025.acl-long.1103,2025,ACL,1,1
2025.acl-long.1104,2025,ACL,0,0
2025.acl-long.1105,2025,ACL,0,0
2025.acl-long.1106,2025,ACL,1,1
2025.acl-long.1107,2025,ACL,1,1
2025.acl-long.1108,2025,ACL,1,1
2025.acl-long.1109,2025,ACL,1,1
2025.acl-long.111,2025,ACL,1,1
2025.acl-long.1110,2025,ACL,1,1
2025.acl-long.1111,2025,ACL,0,0
2025.acl-long.1112,2025,ACL,0,0
2025.acl-long.1113,2025,ACL,0,0
2025.acl-long.1114,2025,ACL,1,1
2025.acl-long.1115,2025,ACL,1,0
2025.acl-long.1116,2025,ACL,0,0
2025.acl-long.1117,2025,ACL,1,1
2025.acl-long.1118,2025,ACL,0,0
2025.acl-long.1119,2025,ACL,1,1
2025.acl-long.112,2025,ACL,0,0
2025.acl-long.1120,2025,ACL,0,0
2025.acl-long.1121,2025,ACL,1,1
2025.acl-long.1122,2025,ACL,1,1
2025.acl-long.1123,2025,ACL,1,1
2025.acl-long.1124,2025,ACL,1,1
2025.acl-long.1125,2025,ACL,0,0
2025.acl-long.1126,2025,ACL,1,1
2025.acl-long.1127,2025,ACL,1,1
2025.acl-long.1128,2025,ACL,1,1
2025.acl-long.1129,2025,ACL,1,0
2025.acl-long.113,2025,ACL,1,0
2025.acl-long.1130,2025,ACL,0,0
2025.acl-long.1131,2025,ACL,1,0
2025.acl-long.1132,2025,ACL,1,1
2025.acl-long.1133,2025,ACL,1,1
2025.acl-long.1134,2025,ACL,0,0
2025.acl-long.1135,2025,ACL,1,1
2025.acl-long.1136,2025,ACL,0,0
2025.acl-long.1137,2025,ACL,1,1
2025.acl-long.1138,2025,ACL,1,1
2025.acl-long.1139,2025,ACL,0,0
2025.acl-long.114,2025,ACL,1,1
2025.acl-long.1140,2025,ACL,0,0
2025.acl-long.1141,2025,ACL,0,0
2025.acl-long.1142,2025,ACL,1,1
2025.acl-long.1143,2025,ACL,1,1
2025.acl-long.1144,2025,ACL,0,0
2025.acl-long.1145,2025,ACL,0,0
2025.acl-long.1146,2025,ACL,1,1
2025.acl-long.1147,2025,ACL,0,0
2025.acl-long.1148,2025,ACL,1,1
2025.acl-long.1149,2025,ACL,1,1
2025.acl-long.115,2025,ACL,1,0
2025.acl-long.1150,2025,ACL,0,0
2025.acl-long.1151,2025,ACL,1,1
2025.acl-long.1152,2025,ACL,1,1
2025.acl-long.1153,2025,ACL,1,1
2025.acl-long.1154,2025,ACL,1,1
2025.acl-long.1155,2025,ACL,1,1
2025.acl-long.1156,2025,ACL,1,1
2025.acl-long.1157,2025,ACL,1,1
2025.acl-long.1158,2025,ACL,1,1
2025.acl-long.1159,2025,ACL,1,0
2025.acl-long.116,2025,ACL,1,1
2025.acl-long.1160,2025,ACL,0,0
2025.acl-long.1161,2025,ACL,1,1
2025.acl-long.1162,2025,ACL,1,1
2025.acl-long.1163,2025,ACL,0,0
2025.acl-long.1164,2025,ACL,1,1
2025.acl-long.1165,2025,ACL,1,1
2025.acl-long.1166,2025,ACL,1,1
2025.acl-long.1167,2025,ACL,0,0
2025.acl-long.1168,2025,ACL,1,1
2025.acl-long.1169,2025,ACL,1,1
2025.acl-long.117,2025,ACL,0,0
2025.acl-long.1170,2025,ACL,1,0
2025.acl-long.1171,2025,ACL,0,0
2025.acl-long.1172,2025,ACL,0,0
2025.acl-long.1173,2025,ACL,1,1
2025.acl-long.1174,2025,ACL,1,1
2025.acl-long.1175,2025,ACL,1,1
2025.acl-long.1176,2025,ACL,1,1
2025.acl-long.1177,2025,ACL,0,0
2025.acl-long.1178,2025,ACL,0,0
2025.acl-long.1179,2025,ACL,0,0
2025.acl-long.118,2025,ACL,1,1
2025.acl-long.1180,2025,ACL,1,0
2025.acl-long.1181,2025,ACL,1,0
2025.acl-long.1182,2025,ACL,1,1
2025.acl-long.1183,2025,ACL,1,1
2025.acl-long.1184,2025,ACL,0,0
2025.acl-long.1185,2025,ACL,1,1
2025.acl-long.1186,2025,ACL,0,0
2025.acl-long.1187,2025,ACL,0,0
2025.acl-long.1188,2025,ACL,0,0
2025.acl-long.1189,2025,ACL,1,0
2025.acl-long.119,2025,ACL,0,0
2025.acl-long.1190,2025,ACL,0,0
2025.acl-long.1191,2025,ACL,1,1
2025.acl-long.1192,2025,ACL,0,0
2025.acl-long.1193,2025,ACL,1,1
2025.acl-long.1194,2025,ACL,1,0
2025.acl-long.1195,2025,ACL,1,1
2025.acl-long.1196,2025,ACL,1,1
2025.acl-long.1197,2025,ACL,1,0
2025.acl-long.1198,2025,ACL,1,1
2025.acl-long.1199,2025,ACL,1,1
2025.acl-long.12,2025,ACL,1,1
2025.acl-long.120,2025,ACL,1,1
2025.acl-long.1200,2025,ACL,1,1
2025.acl-long.1201,2025,ACL,0,0
2025.acl-long.1202,2025,ACL,1,1
2025.acl-long.1203,2025,ACL,1,1
2025.acl-long.1204,2025,ACL,0,0
2025.acl-long.1205,2025,ACL,0,0
2025.acl-long.1206,2025,ACL,1,1
2025.acl-long.1207,2025,ACL,0,0
2025.acl-long.1208,2025,ACL,1,1
2025.acl-long.1209,2025,ACL,0,0
2025.acl-long.121,2025,ACL,1,0
2025.acl-long.1210,2025,ACL,1,1
2025.acl-long.1211,2025,ACL,1,1
2025.acl-long.1212,2025,ACL,1,1
2025.acl-long.1213,2025,ACL,0,0
2025.acl-long.1214,2025,ACL,1,1
2025.acl-long.1215,2025,ACL,1,1
2025.acl-long.1216,2025,ACL,0,0
2025.acl-long.1217,2025,ACL,0,0
2025.acl-long.1218,2025,ACL,0,0
2025.acl-long.1219,2025,ACL,0,0
2025.acl-long.122,2025,ACL,0,0
2025.acl-long.1220,2025,ACL,1,1
2025.acl-long.1221,2025,ACL,1,1
2025.acl-long.1222,2025,ACL,0,0
2025.acl-long.1223,2025,ACL,1,1
2025.acl-long.1224,2025,ACL,0,0
2025.acl-long.1225,2025,ACL,1,1
2025.acl-long.1226,2025,ACL,1,1
2025.acl-long.1227,2025,ACL,0,0
2025.acl-long.1228,2025,ACL,1,1
2025.acl-long.1229,2025,ACL,1,1
2025.acl-long.123,2025,ACL,1,1
2025.acl-long.1230,2025,ACL,0,0
2025.acl-long.1231,2025,ACL,1,1
2025.acl-long.1232,2025,ACL,1,1
2025.acl-long.1233,2025,ACL,0,0
2025.acl-long.1234,2025,ACL,0,0
2025.acl-long.1235,2025,ACL,1,1
2025.acl-long.1236,2025,ACL,1,1
2025.acl-long.1237,2025,ACL,0,0
2025.acl-long.1238,2025,ACL,1,1
2025.acl-long.1239,2025,ACL,1,1
2025.acl-long.124,2025,ACL,1,1
2025.acl-long.1240,2025,ACL,1,0
2025.acl-long.1241,2025,ACL,1,1
2025.acl-long.1242,2025,ACL,1,1
2025.acl-long.1243,2025,ACL,0,0
2025.acl-long.1244,2025,ACL,0,0
2025.acl-long.1245,2025,ACL,0,0
2025.acl-long.1246,2025,ACL,0,0
2025.acl-long.1247,2025,ACL,0,0
2025.acl-long.1248,2025,ACL,1,0
2025.acl-long.1249,2025,ACL,0,0
2025.acl-long.125,2025,ACL,1,0
2025.acl-long.1250,2025,ACL,1,1
2025.acl-long.1251,2025,ACL,1,1
2025.acl-long.1252,2025,ACL,1,1
2025.acl-long.1253,2025,ACL,1,1
2025.acl-long.1254,2025,ACL,0,0
2025.acl-long.1255,2025,ACL,0,0
2025.acl-long.1256,2025,ACL,0,0
2025.acl-long.1257,2025,ACL,1,1
2025.acl-long.1258,2025,ACL,0,0
2025.acl-long.1259,2025,ACL,0,0
2025.acl-long.126,2025,ACL,1,1
2025.acl-long.1260,2025,ACL,1,1
2025.acl-long.1261,2025,ACL,0,0
2025.acl-long.1262,2025,ACL,0,0
2025.acl-long.1263,2025,ACL,1,1
2025.acl-long.1264,2025,ACL,1,0
2025.acl-long.1265,2025,ACL,0,0
2025.acl-long.1266,2025,ACL,1,1
2025.acl-long.1267,2025,ACL,1,1
2025.acl-long.1268,2025,ACL,0,0
2025.acl-long.1269,2025,ACL,1,1
2025.acl-long.127,2025,ACL,1,1
2025.acl-long.1270,2025,ACL,1,1
2025.acl-long.1271,2025,ACL,1,1
2025.acl-long.1272,2025,ACL,0,0
2025.acl-long.1273,2025,ACL,1,1
2025.acl-long.1274,2025,ACL,0,0
2025.acl-long.1275,2025,ACL,0,0
2025.acl-long.1276,2025,ACL,1,1
2025.acl-long.1277,2025,ACL,1,0
2025.acl-long.1278,2025,ACL,0,0
2025.acl-long.1279,2025,ACL,0,0
2025.acl-long.128,2025,ACL,1,0
2025.acl-long.1280,2025,ACL,1,1
2025.acl-long.1281,2025,ACL,0,0
2025.acl-long.1282,2025,ACL,1,1
2025.acl-long.1283,2025,ACL,1,0
2025.acl-long.1284,2025,ACL,1,1
2025.acl-long.1285,2025,ACL,0,0
2025.acl-long.1286,2025,ACL,1,1
2025.acl-long.1287,2025,ACL,0,0
2025.acl-long.1288,2025,ACL,0,0
2025.acl-long.1289,2025,ACL,1,1
2025.acl-long.129,2025,ACL,0,0
2025.acl-long.1290,2025,ACL,0,0
2025.acl-long.1291,2025,ACL,0,0
2025.acl-long.1292,2025,ACL,0,0
2025.acl-long.1293,2025,ACL,0,0
2025.acl-long.1294,2025,ACL,1,0
2025.acl-long.1295,2025,ACL,0,0
2025.acl-long.1296,2025,ACL,1,1
2025.acl-long.1297,2025,ACL,1,1
2025.acl-long.1298,2025,ACL,0,0
2025.acl-long.1299,2025,ACL,1,1
2025.acl-long.13,2025,ACL,0,0
2025.acl-long.130,2025,ACL,0,0
2025.acl-long.1300,2025,ACL,1,1
2025.acl-long.1301,2025,ACL,0,0
2025.acl-long.1302,2025,ACL,1,1
2025.acl-long.1303,2025,ACL,0,0
2025.acl-long.1304,2025,ACL,1,1
2025.acl-long.1305,2025,ACL,1,1
2025.acl-long.1306,2025,ACL,0,0
2025.acl-long.1307,2025,ACL,1,0
2025.acl-long.1308,2025,ACL,0,0
2025.acl-long.1309,2025,ACL,0,0
2025.acl-long.131,2025,ACL,1,1
2025.acl-long.1310,2025,ACL,1,1
2025.acl-long.1311,2025,ACL,1,1
2025.acl-long.1312,2025,ACL,1,1
2025.acl-long.1313,2025,ACL,0,0
2025.acl-long.1314,2025,ACL,1,1
2025.acl-long.1315,2025,ACL,0,0
2025.acl-long.1316,2025,ACL,1,1
2025.acl-long.1317,2025,ACL,1,1
2025.acl-long.1318,2025,ACL,0,0
2025.acl-long.1319,2025,ACL,1,1
2025.acl-long.132,2025,ACL,1,1
2025.acl-long.1320,2025,ACL,0,0
2025.acl-long.1321,2025,ACL,0,0
2025.acl-long.1322,2025,ACL,0,0
2025.acl-long.1323,2025,ACL,1,1
2025.acl-long.1324,2025,ACL,1,1
2025.acl-long.1325,2025,ACL,1,1
2025.acl-long.1326,2025,ACL,1,1
2025.acl-long.1327,2025,ACL,1,1
2025.acl-long.1328,2025,ACL,1,1
2025.acl-long.1329,2025,ACL,1,1
2025.acl-long.133,2025,ACL,0,0
2025.acl-long.1330,2025,ACL,1,0
2025.acl-long.1331,2025,ACL,1,1
2025.acl-long.1332,2025,ACL,1,1
2025.acl-long.1333,2025,ACL,1,1
2025.acl-long.1334,2025,ACL,0,0
2025.acl-long.1335,2025,ACL,1,1
2025.acl-long.1336,2025,ACL,1,1
2025.acl-long.1337,2025,ACL,1,1
2025.acl-long.1338,2025,ACL,1,1
2025.acl-long.1339,2025,ACL,1,1
2025.acl-long.134,2025,ACL,1,1
2025.acl-long.1340,2025,ACL,1,1
2025.acl-long.1341,2025,ACL,1,1
2025.acl-long.1342,2025,ACL,1,1
2025.acl-long.1343,2025,ACL,0,0
2025.acl-long.1344,2025,ACL,0,0
2025.acl-long.1345,2025,ACL,1,0
2025.acl-long.1346,2025,ACL,1,1
2025.acl-long.1347,2025,ACL,1,1
2025.acl-long.1348,2025,ACL,1,1
2025.acl-long.1349,2025,ACL,0,0
2025.acl-long.135,2025,ACL,1,1
2025.acl-long.1350,2025,ACL,1,1
2025.acl-long.1351,2025,ACL,0,0
2025.acl-long.1352,2025,ACL,1,1
2025.acl-long.1353,2025,ACL,1,1
2025.acl-long.1354,2025,ACL,0,0
2025.acl-long.1355,2025,ACL,1,1
2025.acl-long.1356,2025,ACL,0,0
2025.acl-long.1357,2025,ACL,1,0
2025.acl-long.1358,2025,ACL,1,1
2025.acl-long.1359,2025,ACL,0,0
2025.acl-long.136,2025,ACL,0,0
2025.acl-long.1360,2025,ACL,1,1
2025.acl-long.1361,2025,ACL,0,0
2025.acl-long.1362,2025,ACL,0,0
2025.acl-long.1363,2025,ACL,1,1
2025.acl-long.1364,2025,ACL,0,0
2025.acl-long.1365,2025,ACL,0,0
2025.acl-long.1366,2025,ACL,1,1
2025.acl-long.1367,2025,ACL,1,0
2025.acl-long.1368,2025,ACL,1,1
2025.acl-long.1369,2025,ACL,1,1
2025.acl-long.137,2025,ACL,1,1
2025.acl-long.1370,2025,ACL,1,0
2025.acl-long.1371,2025,ACL,1,1
2025.acl-long.1372,2025,ACL,1,1
2025.acl-long.1373,2025,ACL,1,1
2025.acl-long.1374,2025,ACL,1,1
2025.acl-long.1375,2025,ACL,1,1
2025.acl-long.1376,2025,ACL,1,1
2025.acl-long.1377,2025,ACL,0,0
2025.acl-long.1378,2025,ACL,0,0
2025.acl-long.1379,2025,ACL,1,1
2025.acl-long.138,2025,ACL,1,1
2025.acl-long.1380,2025,ACL,1,1
2025.acl-long.1381,2025,ACL,0,0
2025.acl-long.1382,2025,ACL,1,1
2025.acl-long.1383,2025,ACL,0,0
2025.acl-long.1384,2025,ACL,0,0
2025.acl-long.1385,2025,ACL,1,1
2025.acl-long.1386,2025,ACL,0,0
2025.acl-long.1387,2025,ACL,1,1
2025.acl-long.1388,2025,ACL,1,1
2025.acl-long.1389,2025,ACL,1,1
2025.acl-long.139,2025,ACL,1,0
2025.acl-long.1390,2025,ACL,1,1
2025.acl-long.1391,2025,ACL,1,1
2025.acl-long.1392,2025,ACL,0,0
2025.acl-long.1393,2025,ACL,1,1
2025.acl-long.1394,2025,ACL,1,1
2025.acl-long.1395,2025,ACL,1,1
2025.acl-long.1396,2025,ACL,0,0
2025.acl-long.1397,2025,ACL,1,1
2025.acl-long.1398,2025,ACL,1,1
2025.acl-long.1399,2025,ACL,1,0
2025.acl-long.14,2025,ACL,1,1
2025.acl-long.140,2025,ACL,0,0
2025.acl-long.1400,2025,ACL,0,0
2025.acl-long.1401,2025,ACL,1,1
2025.acl-long.1402,2025,ACL,1,1
2025.acl-long.1403,2025,ACL,1,1
2025.acl-long.1404,2025,ACL,1,1
2025.acl-long.1405,2025,ACL,1,1
2025.acl-long.1406,2025,ACL,0,0
2025.acl-long.1407,2025,ACL,1,0
2025.acl-long.1408,2025,ACL,1,1
2025.acl-long.1409,2025,ACL,0,0
2025.acl-long.141,2025,ACL,0,0
2025.acl-long.1410,2025,ACL,1,1
2025.acl-long.1411,2025,ACL,1,1
2025.acl-long.1412,2025,ACL,0,0
2025.acl-long.1413,2025,ACL,1,1
2025.acl-long.1414,2025,ACL,1,1
2025.acl-long.1415,2025,ACL,0,0
2025.acl-long.1416,2025,ACL,0,0
2025.acl-long.1417,2025,ACL,1,1
2025.acl-long.1418,2025,ACL,1,1
2025.acl-long.1419,2025,ACL,1,1
2025.acl-long.142,2025,ACL,0,0
2025.acl-long.1420,2025,ACL,1,1
2025.acl-long.1421,2025,ACL,1,1
2025.acl-long.1422,2025,ACL,1,1
2025.acl-long.1423,2025,ACL,0,0
2025.acl-long.1424,2025,ACL,0,0
2025.acl-long.1425,2025,ACL,1,1
2025.acl-long.1426,2025,ACL,1,1
2025.acl-long.1427,2025,ACL,1,1
2025.acl-long.1428,2025,ACL,0,0
2025.acl-long.1429,2025,ACL,1,0
2025.acl-long.143,2025,ACL,1,1
2025.acl-long.1430,2025,ACL,0,0
2025.acl-long.1431,2025,ACL,0,0
2025.acl-long.1432,2025,ACL,1,1
2025.acl-long.1433,2025,ACL,1,1
2025.acl-long.1434,2025,ACL,1,1
2025.acl-long.1435,2025,ACL,0,0
2025.acl-long.1436,2025,ACL,0,0
2025.acl-long.1437,2025,ACL,1,1
2025.acl-long.1438,2025,ACL,0,0
2025.acl-long.1439,2025,ACL,0,0
2025.acl-long.144,2025,ACL,0,0
2025.acl-long.1440,2025,ACL,1,1
2025.acl-long.1441,2025,ACL,1,1
2025.acl-long.1442,2025,ACL,0,0
2025.acl-long.1443,2025,ACL,1,1
2025.acl-long.1444,2025,ACL,1,1
2025.acl-long.1445,2025,ACL,1,1
2025.acl-long.1446,2025,ACL,1,1
2025.acl-long.1447,2025,ACL,1,1
2025.acl-long.1448,2025,ACL,1,1
2025.acl-long.1449,2025,ACL,1,1
2025.acl-long.145,2025,ACL,0,0
2025.acl-long.1450,2025,ACL,1,1
2025.acl-long.1451,2025,ACL,1,0
2025.acl-long.1452,2025,ACL,1,1
2025.acl-long.1453,2025,ACL,0,0
2025.acl-long.1454,2025,ACL,0,0
2025.acl-long.1455,2025,ACL,1,1
2025.acl-long.1456,2025,ACL,1,1
2025.acl-long.1457,2025,ACL,1,1
2025.acl-long.1458,2025,ACL,1,1
2025.acl-long.1459,2025,ACL,1,1
2025.acl-long.146,2025,ACL,0,0
2025.acl-long.1460,2025,ACL,0,0
2025.acl-long.1461,2025,ACL,0,0
2025.acl-long.1462,2025,ACL,1,1
2025.acl-long.1463,2025,ACL,0,0
2025.acl-long.1464,2025,ACL,0,0
2025.acl-long.1465,2025,ACL,0,0
2025.acl-long.1466,2025,ACL,0,0
2025.acl-long.1467,2025,ACL,1,1
2025.acl-long.1468,2025,ACL,0,0
2025.acl-long.1469,2025,ACL,1,1
2025.acl-long.147,2025,ACL,1,1
2025.acl-long.1470,2025,ACL,1,0
2025.acl-long.1471,2025,ACL,0,0
2025.acl-long.1472,2025,ACL,1,1
2025.acl-long.1473,2025,ACL,1,1
2025.acl-long.1474,2025,ACL,0,0
2025.acl-long.1475,2025,ACL,1,1
2025.acl-long.1476,2025,ACL,0,0
2025.acl-long.1477,2025,ACL,0,0
2025.acl-long.1478,2025,ACL,1,1
2025.acl-long.1479,2025,ACL,1,1
2025.acl-long.148,2025,ACL,1,1
2025.acl-long.1480,2025,ACL,1,0
2025.acl-long.1481,2025,ACL,0,0
2025.acl-long.1482,2025,ACL,1,1
2025.acl-long.1483,2025,ACL,1,1
2025.acl-long.1484,2025,ACL,0,0
2025.acl-long.1485,2025,ACL,1,1
2025.acl-long.1486,2025,ACL,0,0
2025.acl-long.1487,2025,ACL,0,0
2025.acl-long.1488,2025,ACL,1,0
2025.acl-long.1489,2025,ACL,1,1
2025.acl-long.149,2025,ACL,1,1
2025.acl-long.1490,2025,ACL,0,0
2025.acl-long.1491,2025,ACL,1,1
2025.acl-long.1492,2025,ACL,1,1
2025.acl-long.1493,2025,ACL,0,0
2025.acl-long.1494,2025,ACL,1,0
2025.acl-long.1495,2025,ACL,1,1
2025.acl-long.1496,2025,ACL,1,1
2025.acl-long.1497,2025,ACL,1,1
2025.acl-long.1498,2025,ACL,0,0
2025.acl-long.1499,2025,ACL,1,1
2025.acl-long.15,2025,ACL,0,0
2025.acl-long.150,2025,ACL,1,1
2025.acl-long.1500,2025,ACL,1,1
2025.acl-long.1501,2025,ACL,1,1
2025.acl-long.1502,2025,ACL,0,0
2025.acl-long.1503,2025,ACL,0,0
2025.acl-long.1504,2025,ACL,0,0
2025.acl-long.1505,2025,ACL,0,0
2025.acl-long.1506,2025,ACL,0,0
2025.acl-long.1507,2025,ACL,0,0
2025.acl-long.1508,2025,ACL,1,1
2025.acl-long.1509,2025,ACL,0,0
2025.acl-long.151,2025,ACL,0,0
2025.acl-long.1510,2025,ACL,0,0
2025.acl-long.1511,2025,ACL,0,0
2025.acl-long.1512,2025,ACL,0,0
2025.acl-long.1513,2025,ACL,0,0
2025.acl-long.1514,2025,ACL,1,0
2025.acl-long.1515,2025,ACL,1,1
2025.acl-long.1516,2025,ACL,1,1
2025.acl-long.1517,2025,ACL,0,0
2025.acl-long.1518,2025,ACL,0,0
2025.acl-long.1519,2025,ACL,1,1
2025.acl-long.152,2025,ACL,0,0
2025.acl-long.1520,2025,ACL,0,0
2025.acl-long.1521,2025,ACL,1,1
2025.acl-long.1522,2025,ACL,0,0
2025.acl-long.1523,2025,ACL,1,1
2025.acl-long.1524,2025,ACL,1,1
2025.acl-long.1525,2025,ACL,1,1
2025.acl-long.1526,2025,ACL,1,1
2025.acl-long.1527,2025,ACL,1,1
2025.acl-long.1528,2025,ACL,1,1
2025.acl-long.1529,2025,ACL,1,1
2025.acl-long.153,2025,ACL,0,0
2025.acl-long.1530,2025,ACL,1,1
2025.acl-long.1531,2025,ACL,0,0
2025.acl-long.1532,2025,ACL,1,1
2025.acl-long.1533,2025,ACL,1,1
2025.acl-long.1534,2025,ACL,1,1
2025.acl-long.1535,2025,ACL,1,1
2025.acl-long.1536,2025,ACL,0,0
2025.acl-long.1537,2025,ACL,0,0
2025.acl-long.1538,2025,ACL,0,0
2025.acl-long.1539,2025,ACL,1,1
2025.acl-long.154,2025,ACL,0,0
2025.acl-long.1540,2025,ACL,0,0
2025.acl-long.1541,2025,ACL,1,0
2025.acl-long.1542,2025,ACL,1,1
2025.acl-long.1543,2025,ACL,1,1
2025.acl-long.1544,2025,ACL,1,1
2025.acl-long.1545,2025,ACL,0,0
2025.acl-long.1546,2025,ACL,1,1
2025.acl-long.1547,2025,ACL,1,1
2025.acl-long.1548,2025,ACL,0,0
2025.acl-long.1549,2025,ACL,0,0
2025.acl-long.155,2025,ACL,1,1
2025.acl-long.1550,2025,ACL,1,1
2025.acl-long.1551,2025,ACL,1,1
2025.acl-long.1552,2025,ACL,0,0
2025.acl-long.1553,2025,ACL,1,1
2025.acl-long.1554,2025,ACL,1,1
2025.acl-long.1555,2025,ACL,0,0
2025.acl-long.1557,2025,ACL,1,1
2025.acl-long.1558,2025,ACL,1,1
2025.acl-long.1559,2025,ACL,1,1
2025.acl-long.156,2025,ACL,1,1
2025.acl-long.1560,2025,ACL,0,0
2025.acl-long.1561,2025,ACL,1,1
2025.acl-long.1562,2025,ACL,1,1
2025.acl-long.1563,2025,ACL,1,0
2025.acl-long.1564,2025,ACL,0,0
2025.acl-long.1565,2025,ACL,1,1
2025.acl-long.1566,2025,ACL,1,1
2025.acl-long.1567,2025,ACL,0,0
2025.acl-long.1568,2025,ACL,1,1
2025.acl-long.1569,2025,ACL,0,0
2025.acl-long.157,2025,ACL,1,1
2025.acl-long.1570,2025,ACL,1,0
2025.acl-long.1571,2025,ACL,0,0
2025.acl-long.1572,2025,ACL,0,0
2025.acl-long.1573,2025,ACL,1,1
2025.acl-long.1574,2025,ACL,1,1
2025.acl-long.1575,2025,ACL,0,0
2025.acl-long.1576,2025,ACL,0,0
2025.acl-long.1577,2025,ACL,1,1
2025.acl-long.1578,2025,ACL,1,1
2025.acl-long.1579,2025,ACL,0,0
2025.acl-long.158,2025,ACL,1,1
2025.acl-long.1580,2025,ACL,1,1
2025.acl-long.1581,2025,ACL,0,0
2025.acl-long.1582,2025,ACL,1,1
2025.acl-long.1583,2025,ACL,1,1
2025.acl-long.1584,2025,ACL,1,0
2025.acl-long.1585,2025,ACL,1,1
2025.acl-long.1586,2025,ACL,1,1
2025.acl-long.1587,2025,ACL,1,1
2025.acl-long.1588,2025,ACL,0,0
2025.acl-long.1589,2025,ACL,1,1
2025.acl-long.159,2025,ACL,0,0
2025.acl-long.1590,2025,ACL,0,0
2025.acl-long.1591,2025,ACL,1,1
2025.acl-long.1592,2025,ACL,1,1
2025.acl-long.1593,2025,ACL,1,1
2025.acl-long.1594,2025,ACL,0,0
2025.acl-long.1595,2025,ACL,1,0
2025.acl-long.1596,2025,ACL,1,1
2025.acl-long.1597,2025,ACL,1,0
2025.acl-long.1598,2025,ACL,1,1
2025.acl-long.1599,2025,ACL,1,0
2025.acl-long.16,2025,ACL,1,1
2025.acl-long.160,2025,ACL,1,1
2025.acl-long.1600,2025,ACL,1,1
2025.acl-long.1601,2025,ACL,0,0
2025.acl-long.1602,2025,ACL,1,0
2025.acl-long.1603,2025,ACL,1,1
2025.acl-long.161,2025,ACL,1,1
2025.acl-long.162,2025,ACL,0,0
2025.acl-long.163,2025,ACL,1,1
2025.acl-long.164,2025,ACL,1,0
2025.acl-long.165,2025,ACL,1,0
2025.acl-long.166,2025,ACL,0,0
2025.acl-long.167,2025,ACL,1,1
2025.acl-long.168,2025,ACL,1,1
2025.acl-long.169,2025,ACL,0,0
2025.acl-long.17,2025,ACL,1,1
2025.acl-long.170,2025,ACL,0,0
2025.acl-long.171,2025,ACL,0,0
2025.acl-long.172,2025,ACL,1,1
2025.acl-long.173,2025,ACL,1,1
2025.acl-long.174,2025,ACL,0,0
2025.acl-long.175,2025,ACL,0,0
2025.acl-long.176,2025,ACL,1,1
2025.acl-long.177,2025,ACL,0,0
2025.acl-long.178,2025,ACL,1,1
2025.acl-long.179,2025,ACL,1,1
2025.acl-long.18,2025,ACL,0,0
2025.acl-long.180,2025,ACL,0,0
2025.acl-long.181,2025,ACL,1,0
2025.acl-long.182,2025,ACL,1,1
2025.acl-long.183,2025,ACL,0,0
2025.acl-long.184,2025,ACL,0,0
2025.acl-long.185,2025,ACL,1,1
2025.acl-long.186,2025,ACL,1,1
2025.acl-long.187,2025,ACL,1,1
2025.acl-long.188,2025,ACL,1,1
2025.acl-long.189,2025,ACL,0,0
2025.acl-long.19,2025,ACL,0,0
2025.acl-long.190,2025,ACL,1,0
2025.acl-long.191,2025,ACL,1,0
2025.acl-long.192,2025,ACL,1,1
2025.acl-long.193,2025,ACL,1,1
2025.acl-long.194,2025,ACL,1,1
2025.acl-long.195,2025,ACL,1,1
2025.acl-long.196,2025,ACL,1,1
2025.acl-long.197,2025,ACL,0,0
2025.acl-long.198,2025,ACL,1,1
2025.acl-long.199,2025,ACL,0,0
2025.acl-long.2,2025,ACL,1,1
2025.acl-long.20,2025,ACL,0,0
2025.acl-long.200,2025,ACL,1,1
2025.acl-long.201,2025,ACL,0,0
2025.acl-long.202,2025,ACL,0,0
2025.acl-long.203,2025,ACL,1,1
2025.acl-long.204,2025,ACL,0,0
2025.acl-long.205,2025,ACL,0,0
2025.acl-long.206,2025,ACL,1,1
2025.acl-long.207,2025,ACL,0,0
2025.acl-long.208,2025,ACL,1,1
2025.acl-long.209,2025,ACL,1,1
2025.acl-long.21,2025,ACL,1,1
2025.acl-long.210,2025,ACL,1,1
2025.acl-long.211,2025,ACL,1,1
2025.acl-long.212,2025,ACL,1,1
2025.acl-long.213,2025,ACL,0,0
2025.acl-long.214,2025,ACL,1,1
2025.acl-long.215,2025,ACL,0,0
2025.acl-long.216,2025,ACL,1,1
2025.acl-long.217,2025,ACL,0,0
2025.acl-long.218,2025,ACL,1,1
2025.acl-long.219,2025,ACL,0,0
2025.acl-long.22,2025,ACL,0,0
2025.acl-long.220,2025,ACL,1,1
2025.acl-long.221,2025,ACL,1,1
2025.acl-long.222,2025,ACL,1,1
2025.acl-long.223,2025,ACL,0,0
2025.acl-long.224,2025,ACL,0,0
2025.acl-long.225,2025,ACL,1,1
2025.acl-long.226,2025,ACL,1,1
2025.acl-long.227,2025,ACL,1,1
2025.acl-long.228,2025,ACL,0,0
2025.acl-long.229,2025,ACL,0,0
2025.acl-long.23,2025,ACL,0,0
2025.acl-long.230,2025,ACL,1,1
2025.acl-long.231,2025,ACL,1,1
2025.acl-long.232,2025,ACL,0,0
2025.acl-long.233,2025,ACL,1,1
2025.acl-long.234,2025,ACL,0,0
2025.acl-long.235,2025,ACL,0,0
2025.acl-long.236,2025,ACL,1,0
2025.acl-long.237,2025,ACL,1,1
2025.acl-long.238,2025,ACL,0,0
2025.acl-long.239,2025,ACL,1,1
2025.acl-long.24,2025,ACL,1,1
2025.acl-long.240,2025,ACL,1,1
2025.acl-long.241,2025,ACL,0,0
2025.acl-long.242,2025,ACL,1,1
2025.acl-long.243,2025,ACL,0,0
2025.acl-long.244,2025,ACL,1,1
2025.acl-long.245,2025,ACL,1,0
2025.acl-long.246,2025,ACL,1,1
2025.acl-long.247,2025,ACL,0,0
2025.acl-long.248,2025,ACL,0,0
2025.acl-long.249,2025,ACL,0,0
2025.acl-long.25,2025,ACL,1,1
2025.acl-long.250,2025,ACL,1,1
2025.acl-long.251,2025,ACL,0,0
2025.acl-long.252,2025,ACL,0,0
2025.acl-long.253,2025,ACL,0,0
2025.acl-long.254,2025,ACL,1,1
2025.acl-long.255,2025,ACL,1,1
2025.acl-long.256,2025,ACL,0,0
2025.acl-long.257,2025,ACL,1,1
2025.acl-long.258,2025,ACL,1,1
2025.acl-long.259,2025,ACL,0,0
2025.acl-long.26,2025,ACL,0,0
2025.acl-long.260,2025,ACL,0,0
2025.acl-long.261,2025,ACL,1,1
2025.acl-long.262,2025,ACL,0,0
2025.acl-long.263,2025,ACL,0,0
2025.acl-long.264,2025,ACL,1,1
2025.acl-long.265,2025,ACL,1,1
2025.acl-long.266,2025,ACL,1,1
2025.acl-long.267,2025,ACL,1,1
2025.acl-long.268,2025,ACL,1,1
2025.acl-long.269,2025,ACL,1,1
2025.acl-long.27,2025,ACL,0,0
2025.acl-long.270,2025,ACL,1,1
2025.acl-long.271,2025,ACL,0,0
2025.acl-long.272,2025,ACL,1,1
2025.acl-long.273,2025,ACL,1,1
2025.acl-long.274,2025,ACL,1,1
2025.acl-long.275,2025,ACL,0,0
2025.acl-long.276,2025,ACL,0,0
2025.acl-long.277,2025,ACL,1,1
2025.acl-long.278,2025,ACL,1,1
2025.acl-long.279,2025,ACL,0,0
2025.acl-long.28,2025,ACL,1,1
2025.acl-long.280,2025,ACL,1,0
2025.acl-long.281,2025,ACL,0,0
2025.acl-long.282,2025,ACL,1,1
2025.acl-long.283,2025,ACL,1,1
2025.acl-long.284,2025,ACL,0,0
2025.acl-long.285,2025,ACL,1,1
2025.acl-long.286,2025,ACL,0,0
2025.acl-long.287,2025,ACL,1,1
2025.acl-long.288,2025,ACL,1,1
2025.acl-long.289,2025,ACL,0,0
2025.acl-long.29,2025,ACL,1,1
2025.acl-long.290,2025,ACL,1,1
2025.acl-long.291,2025,ACL,1,1
2025.acl-long.292,2025,ACL,0,0
2025.acl-long.293,2025,ACL,0,0
2025.acl-long.294,2025,ACL,1,1
2025.acl-long.295,2025,ACL,1,1
2025.acl-long.296,2025,ACL,0,0
2025.acl-long.297,2025,ACL,1,1
2025.acl-long.298,2025,ACL,1,1
2025.acl-long.299,2025,ACL,1,1
2025.acl-long.3,2025,ACL,1,1
2025.acl-long.30,2025,ACL,0,0
2025.acl-long.300,2025,ACL,0,0
2025.acl-long.301,2025,ACL,1,1
2025.acl-long.302,2025,ACL,0,0
2025.acl-long.303,2025,ACL,1,0
2025.acl-long.304,2025,ACL,1,1
2025.acl-long.305,2025,ACL,1,1
2025.acl-long.306,2025,ACL,0,0
2025.acl-long.307,2025,ACL,0,0
2025.acl-long.308,2025,ACL,1,1
2025.acl-long.309,2025,ACL,1,0
2025.acl-long.31,2025,ACL,1,1
2025.acl-long.310,2025,ACL,0,0
2025.acl-long.311,2025,ACL,0,0
2025.acl-long.312,2025,ACL,1,1
2025.acl-long.313,2025,ACL,1,1
2025.acl-long.314,2025,ACL,1,1
2025.acl-long.315,2025,ACL,1,1
2025.acl-long.316,2025,ACL,0,0
2025.acl-long.317,2025,ACL,1,1
2025.acl-long.318,2025,ACL,1,1
2025.acl-long.319,2025,ACL,1,1
2025.acl-long.32,2025,ACL,0,0
2025.acl-long.320,2025,ACL,1,1
2025.acl-long.321,2025,ACL,1,1
2025.acl-long.322,2025,ACL,1,1
2025.acl-long.323,2025,ACL,1,1
2025.acl-long.324,2025,ACL,1,1
2025.acl-long.325,2025,ACL,1,1
2025.acl-long.326,2025,ACL,1,1
2025.acl-long.327,2025,ACL,1,1
2025.acl-long.328,2025,ACL,0,0
2025.acl-long.329,2025,ACL,1,0
2025.acl-long.33,2025,ACL,1,0
2025.acl-long.330,2025,ACL,1,0
2025.acl-long.331,2025,ACL,1,1
2025.acl-long.332,2025,ACL,1,1
2025.acl-long.333,2025,ACL,1,1
2025.acl-long.334,2025,ACL,1,1
2025.acl-long.335,2025,ACL,1,1
2025.acl-long.336,2025,ACL,1,1
2025.acl-long.337,2025,ACL,1,1
2025.acl-long.338,2025,ACL,1,1
2025.acl-long.339,2025,ACL,0,0
2025.acl-long.34,2025,ACL,0,0
2025.acl-long.340,2025,ACL,1,1
2025.acl-long.341,2025,ACL,0,0
2025.acl-long.342,2025,ACL,1,1
2025.acl-long.343,2025,ACL,1,1
2025.acl-long.344,2025,ACL,1,1
2025.acl-long.345,2025,ACL,1,1
2025.acl-long.346,2025,ACL,1,1
2025.acl-long.347,2025,ACL,1,1
2025.acl-long.348,2025,ACL,0,0
2025.acl-long.349,2025,ACL,0,0
2025.acl-long.35,2025,ACL,0,0
2025.acl-long.350,2025,ACL,1,1
2025.acl-long.351,2025,ACL,1,1
2025.acl-long.352,2025,ACL,0,0
2025.acl-long.353,2025,ACL,1,1
2025.acl-long.354,2025,ACL,0,0
2025.acl-long.355,2025,ACL,0,0
2025.acl-long.356,2025,ACL,0,0
2025.acl-long.357,2025,ACL,0,0
2025.acl-long.358,2025,ACL,1,1
2025.acl-long.359,2025,ACL,0,0
2025.acl-long.36,2025,ACL,1,1
2025.acl-long.360,2025,ACL,0,0
2025.acl-long.361,2025,ACL,0,0
2025.acl-long.362,2025,ACL,0,0
2025.acl-long.363,2025,ACL,1,1
2025.acl-long.364,2025,ACL,0,0
2025.acl-long.365,2025,ACL,1,1
2025.acl-long.366,2025,ACL,1,1
2025.acl-long.367,2025,ACL,1,1
2025.acl-long.368,2025,ACL,0,0
2025.acl-long.369,2025,ACL,0,0
2025.acl-long.37,2025,ACL,0,0
2025.acl-long.370,2025,ACL,0,0
2025.acl-long.371,2025,ACL,1,1
2025.acl-long.372,2025,ACL,0,0
2025.acl-long.373,2025,ACL,1,1
2025.acl-long.374,2025,ACL,0,0
2025.acl-long.375,2025,ACL,0,0
2025.acl-long.376,2025,ACL,1,1
2025.acl-long.377,2025,ACL,0,0
2025.acl-long.378,2025,ACL,1,1
2025.acl-long.379,2025,ACL,0,0
2025.acl-long.38,2025,ACL,1,1
2025.acl-long.380,2025,ACL,0,0
2025.acl-long.381,2025,ACL,1,1
2025.acl-long.382,2025,ACL,1,1
2025.acl-long.383,2025,ACL,1,0
2025.acl-long.384,2025,ACL,1,1
2025.acl-long.385,2025,ACL,1,1
2025.acl-long.386,2025,ACL,1,1
2025.acl-long.387,2025,ACL,1,1
2025.acl-long.388,2025,ACL,0,0
2025.acl-long.389,2025,ACL,0,0
2025.acl-long.39,2025,ACL,1,1
2025.acl-long.390,2025,ACL,1,1
2025.acl-long.391,2025,ACL,1,1
2025.acl-long.392,2025,ACL,1,1
2025.acl-long.393,2025,ACL,0,0
2025.acl-long.394,2025,ACL,0,0
2025.acl-long.395,2025,ACL,0,0
2025.acl-long.396,2025,ACL,0,0
2025.acl-long.397,2025,ACL,1,1
2025.acl-long.398,2025,ACL,1,1
2025.acl-long.399,2025,ACL,1,1
2025.acl-long.4,2025,ACL,1,1
2025.acl-long.40,2025,ACL,0,0
2025.acl-long.400,2025,ACL,0,0
2025.acl-long.401,2025,ACL,0,0
2025.acl-long.402,2025,ACL,1,1
2025.acl-long.403,2025,ACL,0,0
2025.acl-long.404,2025,ACL,1,1
2025.acl-long.405,2025,ACL,1,1
2025.acl-long.406,2025,ACL,0,0
2025.acl-long.407,2025,ACL,1,1
2025.acl-long.408,2025,ACL,1,1
2025.acl-long.409,2025,ACL,0,0
2025.acl-long.41,2025,ACL,1,1
2025.acl-long.410,2025,ACL,0,0
2025.acl-long.411,2025,ACL,0,0
2025.acl-long.412,2025,ACL,0,0
2025.acl-long.413,2025,ACL,1,1
2025.acl-long.414,2025,ACL,1,0
2025.acl-long.415,2025,ACL,0,0
2025.acl-long.416,2025,ACL,0,0
2025.acl-long.417,2025,ACL,0,0
2025.acl-long.418,2025,ACL,0,0
2025.acl-long.419,2025,ACL,0,0
2025.acl-long.42,2025,ACL,1,1
2025.acl-long.420,2025,ACL,0,0
2025.acl-long.421,2025,ACL,0,0
2025.acl-long.422,2025,ACL,1,1
2025.acl-long.423,2025,ACL,0,0
2025.acl-long.424,2025,ACL,0,0
2025.acl-long.425,2025,ACL,0,0
2025.acl-long.426,2025,ACL,0,0
2025.acl-long.427,2025,ACL,0,0
2025.acl-long.428,2025,ACL,0,0
2025.acl-long.429,2025,ACL,0,0
2025.acl-long.43,2025,ACL,0,0
2025.acl-long.430,2025,ACL,1,0
2025.acl-long.431,2025,ACL,1,0
2025.acl-long.432,2025,ACL,0,0
2025.acl-long.433,2025,ACL,1,0
2025.acl-long.434,2025,ACL,0,0
2025.acl-long.435,2025,ACL,0,0
2025.acl-long.436,2025,ACL,0,0
2025.acl-long.437,2025,ACL,0,0
2025.acl-long.438,2025,ACL,1,1
2025.acl-long.439,2025,ACL,1,0
2025.acl-long.44,2025,ACL,1,1
2025.acl-long.440,2025,ACL,0,0
2025.acl-long.441,2025,ACL,0,0
2025.acl-long.442,2025,ACL,1,1
2025.acl-long.443,2025,ACL,0,0
2025.acl-long.444,2025,ACL,0,0
2025.acl-long.445,2025,ACL,1,1
2025.acl-long.446,2025,ACL,1,1
2025.acl-long.447,2025,ACL,0,0
2025.acl-long.448,2025,ACL,0,0
2025.acl-long.449,2025,ACL,0,0
2025.acl-long.45,2025,ACL,0,0
2025.acl-long.450,2025,ACL,0,0
2025.acl-long.451,2025,ACL,1,1
2025.acl-long.452,2025,ACL,0,0
2025.acl-long.453,2025,ACL,0,0
2025.acl-long.454,2025,ACL,1,1
2025.acl-long.455,2025,ACL,0,0
2025.acl-long.456,2025,ACL,0,0
2025.acl-long.457,2025,ACL,0,0
2025.acl-long.458,2025,ACL,1,1
2025.acl-long.459,2025,ACL,1,1
2025.acl-long.46,2025,ACL,1,1
2025.acl-long.460,2025,ACL,1,1
2025.acl-long.461,2025,ACL,0,0
2025.acl-long.462,2025,ACL,1,1
2025.acl-long.463,2025,ACL,0,0
2025.acl-long.464,2025,ACL,1,0
2025.acl-long.465,2025,ACL,1,1
2025.acl-long.466,2025,ACL,1,1
2025.acl-long.467,2025,ACL,0,0
2025.acl-long.468,2025,ACL,1,1
2025.acl-long.469,2025,ACL,1,0
2025.acl-long.47,2025,ACL,1,1
2025.acl-long.470,2025,ACL,0,0
2025.acl-long.471,2025,ACL,1,1
2025.acl-long.472,2025,ACL,0,0
2025.acl-long.473,2025,ACL,1,1
2025.acl-long.474,2025,ACL,0,0
2025.acl-long.475,2025,ACL,1,1
2025.acl-long.476,2025,ACL,1,1
2025.acl-long.477,2025,ACL,1,1
2025.acl-long.478,2025,ACL,1,0
2025.acl-long.479,2025,ACL,1,1
2025.acl-long.48,2025,ACL,1,1
2025.acl-long.480,2025,ACL,0,0
2025.acl-long.481,2025,ACL,0,0
2025.acl-long.482,2025,ACL,1,1
2025.acl-long.483,2025,ACL,1,0
2025.acl-long.484,2025,ACL,1,1
2025.acl-long.485,2025,ACL,0,0
2025.acl-long.486,2025,ACL,1,0
2025.acl-long.487,2025,ACL,1,1
2025.acl-long.488,2025,ACL,0,0
2025.acl-long.489,2025,ACL,1,1
2025.acl-long.49,2025,ACL,0,0
2025.acl-long.490,2025,ACL,0,0
2025.acl-long.491,2025,ACL,0,0
2025.acl-long.492,2025,ACL,1,1
2025.acl-long.493,2025,ACL,1,1
2025.acl-long.494,2025,ACL,1,1
2025.acl-long.495,2025,ACL,0,0
2025.acl-long.496,2025,ACL,0,0
2025.acl-long.497,2025,ACL,1,1
2025.acl-long.498,2025,ACL,1,1
2025.acl-long.499,2025,ACL,0,0
2025.acl-long.5,2025,ACL,0,0
2025.acl-long.50,2025,ACL,1,1
2025.acl-long.500,2025,ACL,1,1
2025.acl-long.501,2025,ACL,1,1
2025.acl-long.502,2025,ACL,1,1
2025.acl-long.503,2025,ACL,1,1
2025.acl-long.504,2025,ACL,1,1
2025.acl-long.505,2025,ACL,1,1
2025.acl-long.506,2025,ACL,0,0
2025.acl-long.507,2025,ACL,0,0
2025.acl-long.508,2025,ACL,0,0
2025.acl-long.509,2025,ACL,1,1
2025.acl-long.51,2025,ACL,1,1
2025.acl-long.510,2025,ACL,1,1
2025.acl-long.511,2025,ACL,1,1
2025.acl-long.512,2025,ACL,1,1
2025.acl-long.513,2025,ACL,1,1
2025.acl-long.514,2025,ACL,0,0
2025.acl-long.515,2025,ACL,1,0
2025.acl-long.516,2025,ACL,1,1
2025.acl-long.517,2025,ACL,1,1
2025.acl-long.518,2025,ACL,1,1
2025.acl-long.519,2025,ACL,1,1
2025.acl-long.52,2025,ACL,1,1
2025.acl-long.520,2025,ACL,1,1
2025.acl-long.521,2025,ACL,0,0
2025.acl-long.522,2025,ACL,0,0
2025.acl-long.523,2025,ACL,1,1
2025.acl-long.524,2025,ACL,1,1
2025.acl-long.525,2025,ACL,1,1
2025.acl-long.526,2025,ACL,1,1
2025.acl-long.527,2025,ACL,1,1
2025.acl-long.528,2025,ACL,0,0
2025.acl-long.529,2025,ACL,1,0
2025.acl-long.53,2025,ACL,1,1
2025.acl-long.530,2025,ACL,1,1
2025.acl-long.531,2025,ACL,1,1
2025.acl-long.532,2025,ACL,0,0
2025.acl-long.533,2025,ACL,1,1
2025.acl-long.534,2025,ACL,1,1
2025.acl-long.535,2025,ACL,1,1
2025.acl-long.536,2025,ACL,1,1
2025.acl-long.537,2025,ACL,1,1
2025.acl-long.538,2025,ACL,0,0
2025.acl-long.539,2025,ACL,1,1
2025.acl-long.54,2025,ACL,1,1
2025.acl-long.540,2025,ACL,1,1
2025.acl-long.541,2025,ACL,1,1
2025.acl-long.542,2025,ACL,1,1
2025.acl-long.543,2025,ACL,1,1
2025.acl-long.544,2025,ACL,1,1
2025.acl-long.545,2025,ACL,1,1
2025.acl-long.546,2025,ACL,0,0
2025.acl-long.547,2025,ACL,1,1
2025.acl-long.548,2025,ACL,0,0
2025.acl-long.549,2025,ACL,0,0
2025.acl-long.55,2025,ACL,1,1
2025.acl-long.550,2025,ACL,1,0
2025.acl-long.551,2025,ACL,1,1
2025.acl-long.552,2025,ACL,1,1
2025.acl-long.553,2025,ACL,1,1
2025.acl-long.554,2025,ACL,1,1
2025.acl-long.555,2025,ACL,1,1
2025.acl-long.556,2025,ACL,1,1
2025.acl-long.557,2025,ACL,0,0
2025.acl-long.558,2025,ACL,1,1
2025.acl-long.559,2025,ACL,1,1
2025.acl-long.56,2025,ACL,1,1
2025.acl-long.560,2025,ACL,1,1
2025.acl-long.561,2025,ACL,1,0
2025.acl-long.562,2025,ACL,0,0
2025.acl-long.563,2025,ACL,0,0
2025.acl-long.564,2025,ACL,0,0
2025.acl-long.565,2025,ACL,1,1
2025.acl-long.566,2025,ACL,1,1
2025.acl-long.567,2025,ACL,0,0
2025.acl-long.568,2025,ACL,1,0
2025.acl-long.569,2025,ACL,1,0
2025.acl-long.57,2025,ACL,1,1
2025.acl-long.570,2025,ACL,1,1
2025.acl-long.571,2025,ACL,1,1
2025.acl-long.572,2025,ACL,1,1
2025.acl-long.573,2025,ACL,1,1
2025.acl-long.574,2025,ACL,0,0
2025.acl-long.575,2025,ACL,0,0
2025.acl-long.576,2025,ACL,1,1
2025.acl-long.577,2025,ACL,0,0
2025.acl-long.578,2025,ACL,1,1
2025.acl-long.579,2025,ACL,1,1
2025.acl-long.58,2025,ACL,1,1
2025.acl-long.580,2025,ACL,1,1
2025.acl-long.581,2025,ACL,1,1
2025.acl-long.582,2025,ACL,0,0
2025.acl-long.583,2025,ACL,1,1
2025.acl-long.584,2025,ACL,1,1
2025.acl-long.585,2025,ACL,1,1
2025.acl-long.586,2025,ACL,1,1
2025.acl-long.587,2025,ACL,1,1
2025.acl-long.588,2025,ACL,1,1
2025.acl-long.589,2025,ACL,0,0
2025.acl-long.59,2025,ACL,1,1
2025.acl-long.590,2025,ACL,0,0
2025.acl-long.591,2025,ACL,1,1
2025.acl-long.592,2025,ACL,0,0
2025.acl-long.593,2025,ACL,0,0
2025.acl-long.594,2025,ACL,0,0
2025.acl-long.595,2025,ACL,1,1
2025.acl-long.596,2025,ACL,1,1
2025.acl-long.597,2025,ACL,1,0
2025.acl-long.598,2025,ACL,1,1
2025.acl-long.599,2025,ACL,1,1
2025.acl-long.6,2025,ACL,1,1
2025.acl-long.60,2025,ACL,1,1
2025.acl-long.600,2025,ACL,0,0
2025.acl-long.601,2025,ACL,0,0
2025.acl-long.602,2025,ACL,1,1
2025.acl-long.603,2025,ACL,0,0
2025.acl-long.604,2025,ACL,0,0
2025.acl-long.605,2025,ACL,1,1
2025.acl-long.606,2025,ACL,1,1
2025.acl-long.607,2025,ACL,0,0
2025.acl-long.608,2025,ACL,1,1
2025.acl-long.609,2025,ACL,0,0
2025.acl-long.61,2025,ACL,1,1
2025.acl-long.610,2025,ACL,1,1
2025.acl-long.611,2025,ACL,0,0
2025.acl-long.612,2025,ACL,0,0
2025.acl-long.613,2025,ACL,1,1
2025.acl-long.614,2025,ACL,1,1
2025.acl-long.615,2025,ACL,1,1
2025.acl-long.616,2025,ACL,1,1
2025.acl-long.617,2025,ACL,1,1
2025.acl-long.618,2025,ACL,0,0
2025.acl-long.619,2025,ACL,1,1
2025.acl-long.62,2025,ACL,1,1
2025.acl-long.620,2025,ACL,0,0
2025.acl-long.621,2025,ACL,1,1
2025.acl-long.622,2025,ACL,0,0
2025.acl-long.623,2025,ACL,1,0
2025.acl-long.624,2025,ACL,0,0
2025.acl-long.625,2025,ACL,1,1
2025.acl-long.626,2025,ACL,1,1
2025.acl-long.627,2025,ACL,0,0
2025.acl-long.628,2025,ACL,0,0
2025.acl-long.629,2025,ACL,1,1
2025.acl-long.63,2025,ACL,1,1
2025.acl-long.630,2025,ACL,1,1
2025.acl-long.631,2025,ACL,1,1
2025.acl-long.632,2025,ACL,1,1
2025.acl-long.633,2025,ACL,1,1
2025.acl-long.634,2025,ACL,0,0
2025.acl-long.635,2025,ACL,1,1
2025.acl-long.636,2025,ACL,1,1
2025.acl-long.637,2025,ACL,1,1
2025.acl-long.638,2025,ACL,1,1
2025.acl-long.639,2025,ACL,1,1
2025.acl-long.64,2025,ACL,1,1
2025.acl-long.640,2025,ACL,1,0
2025.acl-long.641,2025,ACL,1,1
2025.acl-long.642,2025,ACL,1,1
2025.acl-long.643,2025,ACL,1,1
2025.acl-long.644,2025,ACL,1,1
2025.acl-long.645,2025,ACL,1,0
2025.acl-long.646,2025,ACL,0,0
2025.acl-long.647,2025,ACL,1,0
2025.acl-long.648,2025,ACL,1,1
2025.acl-long.649,2025,ACL,1,1
2025.acl-long.65,2025,ACL,1,1
2025.acl-long.650,2025,ACL,0,0
2025.acl-long.651,2025,ACL,1,1
2025.acl-long.652,2025,ACL,1,1
2025.acl-long.653,2025,ACL,1,1
2025.acl-long.654,2025,ACL,1,1
2025.acl-long.655,2025,ACL,0,0
2025.acl-long.656,2025,ACL,0,0
2025.acl-long.657,2025,ACL,1,1
2025.acl-long.658,2025,ACL,1,1
2025.acl-long.659,2025,ACL,1,1
2025.acl-long.66,2025,ACL,0,0
2025.acl-long.660,2025,ACL,1,1
2025.acl-long.661,2025,ACL,1,1
2025.acl-long.662,2025,ACL,1,1
2025.acl-long.663,2025,ACL,1,1
2025.acl-long.664,2025,ACL,0,0
2025.acl-long.665,2025,ACL,0,0
2025.acl-long.666,2025,ACL,1,0
2025.acl-long.667,2025,ACL,1,1
2025.acl-long.668,2025,ACL,1,1
2025.acl-long.669,2025,ACL,1,1
2025.acl-long.67,2025,ACL,1,1
2025.acl-long.670,2025,ACL,0,0
2025.acl-long.671,2025,ACL,1,1
2025.acl-long.672,2025,ACL,1,0
2025.acl-long.673,2025,ACL,1,1
2025.acl-long.674,2025,ACL,1,1
2025.acl-long.675,2025,ACL,1,1
2025.acl-long.676,2025,ACL,1,1
2025.acl-long.677,2025,ACL,0,0
2025.acl-long.678,2025,ACL,1,1
2025.acl-long.679,2025,ACL,1,1
2025.acl-long.68,2025,ACL,1,0
2025.acl-long.680,2025,ACL,0,0
2025.acl-long.681,2025,ACL,1,1
2025.acl-long.682,2025,ACL,0,0
2025.acl-long.683,2025,ACL,0,0
2025.acl-long.684,2025,ACL,1,1
2025.acl-long.685,2025,ACL,1,1
2025.acl-long.686,2025,ACL,1,1
2025.acl-long.687,2025,ACL,0,0
2025.acl-long.688,2025,ACL,1,1
2025.acl-long.689,2025,ACL,1,1
2025.acl-long.69,2025,ACL,1,0
2025.acl-long.690,2025,ACL,1,1
2025.acl-long.691,2025,ACL,0,0
2025.acl-long.692,2025,ACL,1,0
2025.acl-long.693,2025,ACL,1,1
2025.acl-long.694,2025,ACL,1,1
2025.acl-long.695,2025,ACL,0,0
2025.acl-long.696,2025,ACL,1,1
2025.acl-long.697,2025,ACL,0,0
2025.acl-long.698,2025,ACL,1,1
2025.acl-long.699,2025,ACL,1,1
2025.acl-long.7,2025,ACL,0,0
2025.acl-long.70,2025,ACL,1,1
2025.acl-long.700,2025,ACL,1,0
2025.acl-long.701,2025,ACL,0,0
2025.acl-long.702,2025,ACL,1,1
2025.acl-long.703,2025,ACL,1,1
2025.acl-long.704,2025,ACL,1,1
2025.acl-long.705,2025,ACL,0,0
2025.acl-long.706,2025,ACL,0,0
2025.acl-long.707,2025,ACL,0,0
2025.acl-long.708,2025,ACL,0,0
2025.acl-long.709,2025,ACL,0,0
2025.acl-long.71,2025,ACL,0,0
2025.acl-long.710,2025,ACL,1,1
2025.acl-long.711,2025,ACL,0,0
2025.acl-long.712,2025,ACL,1,1
2025.acl-long.713,2025,ACL,1,1
2025.acl-long.714,2025,ACL,1,1
2025.acl-long.715,2025,ACL,0,0
2025.acl-long.716,2025,ACL,0,0
2025.acl-long.717,2025,ACL,1,0
2025.acl-long.718,2025,ACL,0,0
2025.acl-long.719,2025,ACL,1,1
2025.acl-long.72,2025,ACL,0,0
2025.acl-long.720,2025,ACL,1,1
2025.acl-long.721,2025,ACL,1,1
2025.acl-long.722,2025,ACL,1,1
2025.acl-long.723,2025,ACL,1,1
2025.acl-long.724,2025,ACL,0,0
2025.acl-long.725,2025,ACL,1,1
2025.acl-long.726,2025,ACL,1,1
2025.acl-long.727,2025,ACL,1,0
2025.acl-long.728,2025,ACL,0,0
2025.acl-long.729,2025,ACL,1,1
2025.acl-long.73,2025,ACL,0,0
2025.acl-long.730,2025,ACL,1,1
2025.acl-long.731,2025,ACL,0,0
2025.acl-long.732,2025,ACL,1,1
2025.acl-long.733,2025,ACL,1,1
2025.acl-long.734,2025,ACL,1,1
2025.acl-long.735,2025,ACL,1,1
2025.acl-long.736,2025,ACL,0,0
2025.acl-long.737,2025,ACL,0,0
2025.acl-long.738,2025,ACL,0,0
2025.acl-long.739,2025,ACL,0,0
2025.acl-long.74,2025,ACL,1,1
2025.acl-long.740,2025,ACL,1,0
2025.acl-long.741,2025,ACL,1,1
2025.acl-long.742,2025,ACL,1,1
2025.acl-long.743,2025,ACL,1,1
2025.acl-long.744,2025,ACL,0,0
2025.acl-long.745,2025,ACL,0,0
2025.acl-long.746,2025,ACL,1,1
2025.acl-long.747,2025,ACL,1,1
2025.acl-long.748,2025,ACL,1,1
2025.acl-long.749,2025,ACL,1,0
2025.acl-long.75,2025,ACL,0,0
2025.acl-long.750,2025,ACL,0,0
2025.acl-long.751,2025,ACL,0,0
2025.acl-long.752,2025,ACL,1,1
2025.acl-long.753,2025,ACL,1,1
2025.acl-long.754,2025,ACL,1,1
2025.acl-long.755,2025,ACL,0,0
2025.acl-long.756,2025,ACL,1,0
2025.acl-long.757,2025,ACL,0,0
2025.acl-long.758,2025,ACL,0,0
2025.acl-long.759,2025,ACL,0,0
2025.acl-long.76,2025,ACL,0,0
2025.acl-long.760,2025,ACL,0,0
2025.acl-long.761,2025,ACL,1,1
2025.acl-long.762,2025,ACL,0,0
2025.acl-long.763,2025,ACL,0,0
2025.acl-long.764,2025,ACL,1,1
2025.acl-long.765,2025,ACL,0,0
2025.acl-long.766,2025,ACL,0,0
2025.acl-long.767,2025,ACL,0,0
2025.acl-long.768,2025,ACL,0,0
2025.acl-long.769,2025,ACL,1,1
2025.acl-long.77,2025,ACL,1,1
2025.acl-long.770,2025,ACL,1,1
2025.acl-long.771,2025,ACL,1,1
2025.acl-long.772,2025,ACL,1,1
2025.acl-long.773,2025,ACL,1,1
2025.acl-long.774,2025,ACL,0,0
2025.acl-long.775,2025,ACL,0,0
2025.acl-long.776,2025,ACL,1,1
2025.acl-long.777,2025,ACL,0,0
2025.acl-long.778,2025,ACL,0,0
2025.acl-long.779,2025,ACL,0,0
2025.acl-long.78,2025,ACL,0,0
2025.acl-long.780,2025,ACL,1,0
2025.acl-long.781,2025,ACL,1,1
2025.acl-long.782,2025,ACL,0,0
2025.acl-long.783,2025,ACL,1,1
2025.acl-long.784,2025,ACL,1,1
2025.acl-long.785,2025,ACL,1,1
2025.acl-long.786,2025,ACL,1,1
2025.acl-long.787,2025,ACL,1,1
2025.acl-long.788,2025,ACL,0,0
2025.acl-long.789,2025,ACL,0,0
2025.acl-long.79,2025,ACL,1,1
2025.acl-long.790,2025,ACL,1,1
2025.acl-long.791,2025,ACL,0,0
2025.acl-long.792,2025,ACL,1,1
2025.acl-long.793,2025,ACL,0,0
2025.acl-long.794,2025,ACL,1,1
2025.acl-long.795,2025,ACL,0,0
2025.acl-long.796,2025,ACL,1,1
2025.acl-long.797,2025,ACL,0,0
2025.acl-long.798,2025,ACL,1,1
2025.acl-long.799,2025,ACL,1,1
2025.acl-long.8,2025,ACL,1,1
2025.acl-long.80,2025,ACL,0,0
2025.acl-long.800,2025,ACL,1,1
2025.acl-long.801,2025,ACL,1,1
2025.acl-long.802,2025,ACL,0,0
2025.acl-long.803,2025,ACL,0,0
2025.acl-long.804,2025,ACL,1,1
2025.acl-long.805,2025,ACL,0,0
2025.acl-long.806,2025,ACL,1,1
2025.acl-long.807,2025,ACL,1,1
2025.acl-long.808,2025,ACL,1,1
2025.acl-long.809,2025,ACL,1,1
2025.acl-long.81,2025,ACL,0,0
2025.acl-long.810,2025,ACL,0,0
2025.acl-long.811,2025,ACL,1,0
2025.acl-long.812,2025,ACL,1,1
2025.acl-long.813,2025,ACL,1,1
2025.acl-long.814,2025,ACL,0,0
2025.acl-long.815,2025,ACL,1,1
2025.acl-long.816,2025,ACL,0,0
2025.acl-long.817,2025,ACL,1,1
2025.acl-long.818,2025,ACL,0,0
2025.acl-long.819,2025,ACL,1,1
2025.acl-long.82,2025,ACL,1,1
2025.acl-long.820,2025,ACL,0,0
2025.acl-long.821,2025,ACL,1,1
2025.acl-long.822,2025,ACL,0,0
2025.acl-long.823,2025,ACL,0,0
2025.acl-long.824,2025,ACL,1,0
2025.acl-long.825,2025,ACL,1,1
2025.acl-long.826,2025,ACL,1,1
2025.acl-long.827,2025,ACL,1,0
2025.acl-long.828,2025,ACL,0,0
2025.acl-long.829,2025,ACL,1,1
2025.acl-long.83,2025,ACL,1,0
2025.acl-long.830,2025,ACL,0,0
2025.acl-long.831,2025,ACL,0,0
2025.acl-long.832,2025,ACL,0,0
2025.acl-long.833,2025,ACL,1,1
2025.acl-long.834,2025,ACL,0,0
2025.acl-long.835,2025,ACL,1,1
2025.acl-long.836,2025,ACL,0,0
2025.acl-long.837,2025,ACL,1,1
2025.acl-long.838,2025,ACL,1,1
2025.acl-long.839,2025,ACL,1,1
2025.acl-long.84,2025,ACL,1,0
2025.acl-long.840,2025,ACL,1,1
2025.acl-long.841,2025,ACL,0,0
2025.acl-long.842,2025,ACL,0,0
2025.acl-long.843,2025,ACL,0,0
2025.acl-long.844,2025,ACL,0,0
2025.acl-long.845,2025,ACL,1,1
2025.acl-long.846,2025,ACL,1,1
2025.acl-long.847,2025,ACL,1,1
2025.acl-long.848,2025,ACL,0,0
2025.acl-long.849,2025,ACL,1,1
2025.acl-long.85,2025,ACL,1,1
2025.acl-long.850,2025,ACL,0,0
2025.acl-long.851,2025,ACL,1,1
2025.acl-long.852,2025,ACL,0,0
2025.acl-long.853,2025,ACL,1,1
2025.acl-long.854,2025,ACL,1,1
2025.acl-long.855,2025,ACL,0,0
2025.acl-long.856,2025,ACL,1,1
2025.acl-long.857,2025,ACL,0,0
2025.acl-long.858,2025,ACL,0,0
2025.acl-long.859,2025,ACL,0,0
2025.acl-long.86,2025,ACL,0,0
2025.acl-long.860,2025,ACL,1,0
2025.acl-long.861,2025,ACL,1,1
2025.acl-long.862,2025,ACL,1,1
2025.acl-long.863,2025,ACL,1,1
2025.acl-long.864,2025,ACL,1,1
2025.acl-long.865,2025,ACL,1,1
2025.acl-long.866,2025,ACL,1,1
2025.acl-long.867,2025,ACL,0,0
2025.acl-long.868,2025,ACL,0,0
2025.acl-long.869,2025,ACL,1,0
2025.acl-long.87,2025,ACL,0,0
2025.acl-long.870,2025,ACL,0,0
2025.acl-long.871,2025,ACL,1,1
2025.acl-long.872,2025,ACL,0,0
2025.acl-long.873,2025,ACL,0,0
2025.acl-long.874,2025,ACL,0,0
2025.acl-long.875,2025,ACL,1,1
2025.acl-long.876,2025,ACL,0,0
2025.acl-long.877,2025,ACL,1,1
2025.acl-long.878,2025,ACL,1,1
2025.acl-long.879,2025,ACL,0,0
2025.acl-long.88,2025,ACL,1,1
2025.acl-long.880,2025,ACL,1,1
2025.acl-long.881,2025,ACL,1,1
2025.acl-long.882,2025,ACL,0,0
2025.acl-long.883,2025,ACL,1,1
2025.acl-long.884,2025,ACL,0,0
2025.acl-long.885,2025,ACL,1,1
2025.acl-long.886,2025,ACL,1,1
2025.acl-long.887,2025,ACL,0,0
2025.acl-long.888,2025,ACL,1,1
2025.acl-long.889,2025,ACL,1,1
2025.acl-long.89,2025,ACL,1,1
2025.acl-long.890,2025,ACL,1,1
2025.acl-long.891,2025,ACL,0,0
2025.acl-long.892,2025,ACL,0,0
2025.acl-long.893,2025,ACL,1,1
2025.acl-long.894,2025,ACL,1,0
2025.acl-long.895,2025,ACL,0,0
2025.acl-long.896,2025,ACL,0,0
2025.acl-long.897,2025,ACL,1,1
2025.acl-long.898,2025,ACL,0,0
2025.acl-long.899,2025,ACL,1,1
2025.acl-long.9,2025,ACL,1,1
2025.acl-long.90,2025,ACL,0,0
2025.acl-long.900,2025,ACL,1,1
2025.acl-long.901,2025,ACL,0,0
2025.acl-long.902,2025,ACL,1,1
2025.acl-long.903,2025,ACL,1,1
2025.acl-long.904,2025,ACL,0,0
2025.acl-long.905,2025,ACL,0,0
2025.acl-long.906,2025,ACL,1,1
2025.acl-long.907,2025,ACL,0,0
2025.acl-long.908,2025,ACL,1,1
2025.acl-long.909,2025,ACL,1,1
2025.acl-long.91,2025,ACL,0,0
2025.acl-long.910,2025,ACL,0,0
2025.acl-long.911,2025,ACL,0,0
2025.acl-long.912,2025,ACL,1,1
2025.acl-long.913,2025,ACL,1,0
2025.acl-long.914,2025,ACL,0,0
2025.acl-long.915,2025,ACL,1,1
2025.acl-long.916,2025,ACL,0,0
2025.acl-long.917,2025,ACL,1,1
2025.acl-long.918,2025,ACL,1,1
2025.acl-long.919,2025,ACL,0,0
2025.acl-long.92,2025,ACL,1,1
2025.acl-long.920,2025,ACL,1,1
2025.acl-long.921,2025,ACL,0,0
2025.acl-long.922,2025,ACL,0,0
2025.acl-long.923,2025,ACL,0,0
2025.acl-long.924,2025,ACL,1,1
2025.acl-long.925,2025,ACL,0,0
2025.acl-long.926,2025,ACL,1,1
2025.acl-long.927,2025,ACL,1,1
2025.acl-long.928,2025,ACL,1,1
2025.acl-long.929,2025,ACL,1,1
2025.acl-long.93,2025,ACL,0,0
2025.acl-long.930,2025,ACL,0,0
2025.acl-long.931,2025,ACL,1,1
2025.acl-long.932,2025,ACL,0,0
2025.acl-long.933,2025,ACL,1,1
2025.acl-long.934,2025,ACL,0,0
2025.acl-long.935,2025,ACL,0,0
2025.acl-long.936,2025,ACL,0,0
2025.acl-long.937,2025,ACL,1,1
2025.acl-long.938,2025,ACL,1,1
2025.acl-long.939,2025,ACL,0,0
2025.acl-long.94,2025,ACL,1,1
2025.acl-long.940,2025,ACL,1,1
2025.acl-long.941,2025,ACL,0,0
2025.acl-long.942,2025,ACL,1,1
2025.acl-long.943,2025,ACL,1,0
2025.acl-long.944,2025,ACL,1,1
2025.acl-long.945,2025,ACL,1,1
2025.acl-long.946,2025,ACL,1,0
2025.acl-long.947,2025,ACL,1,1
2025.acl-long.948,2025,ACL,1,1
2025.acl-long.949,2025,ACL,0,0
2025.acl-long.95,2025,ACL,1,1
2025.acl-long.950,2025,ACL,1,1
2025.acl-long.951,2025,ACL,1,1
2025.acl-long.952,2025,ACL,1,1
2025.acl-long.953,2025,ACL,0,0
2025.acl-long.954,2025,ACL,1,1
2025.acl-long.955,2025,ACL,0,0
2025.acl-long.956,2025,ACL,1,0
2025.acl-long.957,2025,ACL,1,1
2025.acl-long.958,2025,ACL,0,0
2025.acl-long.959,2025,ACL,1,1
2025.acl-long.96,2025,ACL,0,0
2025.acl-long.960,2025,ACL,1,1
2025.acl-long.961,2025,ACL,1,1
2025.acl-long.962,2025,ACL,1,1
2025.acl-long.963,2025,ACL,0,0
2025.acl-long.964,2025,ACL,0,0
2025.acl-long.965,2025,ACL,0,0
2025.acl-long.966,2025,ACL,0,0
2025.acl-long.967,2025,ACL,1,1
2025.acl-long.968,2025,ACL,1,1
2025.acl-long.969,2025,ACL,0,0
2025.acl-long.97,2025,ACL,0,0
2025.acl-long.970,2025,ACL,0,0
2025.acl-long.971,2025,ACL,1,1
2025.acl-long.972,2025,ACL,1,1
2025.acl-long.973,2025,ACL,1,1
2025.acl-long.974,2025,ACL,1,0
2025.acl-long.975,2025,ACL,1,1
2025.acl-long.976,2025,ACL,0,0
2025.acl-long.977,2025,ACL,0,0
2025.acl-long.978,2025,ACL,0,0
2025.acl-long.979,2025,ACL,1,1
2025.acl-long.98,2025,ACL,0,0
2025.acl-long.980,2025,ACL,1,1
2025.acl-long.981,2025,ACL,0,0
2025.acl-long.982,2025,ACL,1,1
2025.acl-long.983,2025,ACL,1,1
2025.acl-long.984,2025,ACL,1,1
2025.acl-long.985,2025,ACL,1,1
2025.acl-long.986,2025,ACL,1,1
2025.acl-long.987,2025,ACL,0,0
2025.acl-long.988,2025,ACL,0,0
2025.acl-long.989,2025,ACL,1,0
2025.acl-long.99,2025,ACL,1,1
2025.acl-long.990,2025,ACL,1,1
2025.acl-long.991,2025,ACL,0,0
2025.acl-long.992,2025,ACL,1,1
2025.acl-long.993,2025,ACL,1,1
2025.acl-long.994,2025,ACL,1,1
2025.acl-long.995,2025,ACL,1,1
2025.acl-long.996,2025,ACL,0,0
2025.acl-long.997,2025,ACL,1,1
2025.acl-long.998,2025,ACL,0,0
2025.acl-long.999,2025,ACL,1,1
2025.emnlp-main.1,2025,EMNLP,1,1
2025.emnlp-main.10,2025,EMNLP,0,0
2025.emnlp-main.100,2025,EMNLP,1,1
2025.emnlp-main.1000,2025,EMNLP,0,0
2025.emnlp-main.1001,2025,EMNLP,0,0
2025.emnlp-main.1002,2025,EMNLP,1,1
2025.emnlp-main.1003,2025,EMNLP,1,1
2025.emnlp-main.1004,2025,EMNLP,1,1
2025.emnlp-main.1005,2025,EMNLP,1,1
2025.emnlp-main.1006,2025,EMNLP,0,0
2025.emnlp-main.1007,2025,EMNLP,0,0
2025.emnlp-main.1008,2025,EMNLP,1,1
2025.emnlp-main.1009,2025,EMNLP,1,1
2025.emnlp-main.101,2025,EMNLP,1,1
2025.emnlp-main.1010,2025,EMNLP,1,1
2025.emnlp-main.1011,2025,EMNLP,1,1
2025.emnlp-main.1012,2025,EMNLP,0,0
2025.emnlp-main.1013,2025,EMNLP,0,0
2025.emnlp-main.1014,2025,EMNLP,1,0
2025.emnlp-main.1015,2025,EMNLP,0,0
2025.emnlp-main.1016,2025,EMNLP,1,1
2025.emnlp-main.1017,2025,EMNLP,0,0
2025.emnlp-main.1018,2025,EMNLP,1,1
2025.emnlp-main.1019,2025,EMNLP,0,0
2025.emnlp-main.102,2025,EMNLP,0,0
2025.emnlp-main.1020,2025,EMNLP,1,1
2025.emnlp-main.1021,2025,EMNLP,0,0
2025.emnlp-main.1022,2025,EMNLP,1,1
2025.emnlp-main.1023,2025,EMNLP,0,0
2025.emnlp-main.1024,2025,EMNLP,0,0
2025.emnlp-main.1025,2025,EMNLP,1,1
2025.emnlp-main.1026,2025,EMNLP,1,1
2025.emnlp-main.1027,2025,EMNLP,1,1
2025.emnlp-main.1028,2025,EMNLP,1,1
2025.emnlp-main.1029,2025,EMNLP,1,1
2025.emnlp-main.103,2025,EMNLP,1,1
2025.emnlp-main.1030,2025,EMNLP,1,1
2025.emnlp-main.1031,2025,EMNLP,0,0
2025.emnlp-main.1032,2025,EMNLP,0,0
2025.emnlp-main.1033,2025,EMNLP,0,0
2025.emnlp-main.1034,2025,EMNLP,1,0
2025.emnlp-main.1035,2025,EMNLP,1,0
2025.emnlp-main.1036,2025,EMNLP,0,0
2025.emnlp-main.1037,2025,EMNLP,1,1
2025.emnlp-main.1038,2025,EMNLP,1,0
2025.emnlp-main.1039,2025,EMNLP,0,0
2025.emnlp-main.104,2025,EMNLP,0,0
2025.emnlp-main.1040,2025,EMNLP,1,1
2025.emnlp-main.1041,2025,EMNLP,1,1
2025.emnlp-main.1042,2025,EMNLP,0,0
2025.emnlp-main.1043,2025,EMNLP,1,1
2025.emnlp-main.1044,2025,EMNLP,1,1
2025.emnlp-main.1045,2025,EMNLP,1,1
2025.emnlp-main.1046,2025,EMNLP,1,1
2025.emnlp-main.1047,2025,EMNLP,1,1
2025.emnlp-main.1048,2025,EMNLP,1,1
2025.emnlp-main.1049,2025,EMNLP,0,0
2025.emnlp-main.105,2025,EMNLP,1,1
2025.emnlp-main.1050,2025,EMNLP,1,1
2025.emnlp-main.1051,2025,EMNLP,0,0
2025.emnlp-main.1052,2025,EMNLP,0,0
2025.emnlp-main.1053,2025,EMNLP,0,0
2025.emnlp-main.1054,2025,EMNLP,0,0
2025.emnlp-main.1055,2025,EMNLP,0,0
2025.emnlp-main.1056,2025,EMNLP,0,0
2025.emnlp-main.1057,2025,EMNLP,0,0
2025.emnlp-main.1058,2025,EMNLP,1,1
2025.emnlp-main.1059,2025,EMNLP,1,1
2025.emnlp-main.106,2025,EMNLP,0,0
2025.emnlp-main.1060,2025,EMNLP,0,0
2025.emnlp-main.1061,2025,EMNLP,1,1
2025.emnlp-main.1062,2025,EMNLP,1,1
2025.emnlp-main.1063,2025,EMNLP,1,0
2025.emnlp-main.1064,2025,EMNLP,1,1
2025.emnlp-main.1065,2025,EMNLP,0,0
2025.emnlp-main.1066,2025,EMNLP,1,1
2025.emnlp-main.1067,2025,EMNLP,1,1
2025.emnlp-main.1068,2025,EMNLP,1,1
2025.emnlp-main.1069,2025,EMNLP,0,0
2025.emnlp-main.107,2025,EMNLP,0,0
2025.emnlp-main.1070,2025,EMNLP,0,0
2025.emnlp-main.1071,2025,EMNLP,1,1
2025.emnlp-main.1072,2025,EMNLP,1,1
2025.emnlp-main.1073,2025,EMNLP,0,0
2025.emnlp-main.1074,2025,EMNLP,1,1
2025.emnlp-main.1075,2025,EMNLP,1,1
2025.emnlp-main.1076,2025,EMNLP,1,1
2025.emnlp-main.1077,2025,EMNLP,1,1
2025.emnlp-main.1078,2025,EMNLP,1,1
2025.emnlp-main.1079,2025,EMNLP,0,0
2025.emnlp-main.108,2025,EMNLP,1,1
2025.emnlp-main.1080,2025,EMNLP,1,1
2025.emnlp-main.1081,2025,EMNLP,1,0
2025.emnlp-main.1082,2025,EMNLP,1,1
2025.emnlp-main.1083,2025,EMNLP,1,1
2025.emnlp-main.1084,2025,EMNLP,1,1
2025.emnlp-main.1085,2025,EMNLP,1,1
2025.emnlp-main.1086,2025,EMNLP,1,1
2025.emnlp-main.1087,2025,EMNLP,1,1
2025.emnlp-main.1088,2025,EMNLP,1,1
2025.emnlp-main.1089,2025,EMNLP,1,0
2025.emnlp-main.109,2025,EMNLP,0,0
2025.emnlp-main.1090,2025,EMNLP,1,1
2025.emnlp-main.1091,2025,EMNLP,0,0
2025.emnlp-main.1092,2025,EMNLP,0,0
2025.emnlp-main.1093,2025,EMNLP,1,0
2025.emnlp-main.1094,2025,EMNLP,1,1
2025.emnlp-main.1095,2025,EMNLP,1,1
2025.emnlp-main.1096,2025,EMNLP,1,1
2025.emnlp-main.1097,2025,EMNLP,1,1
2025.emnlp-main.1098,2025,EMNLP,1,0
2025.emnlp-main.1099,2025,EMNLP,0,0
2025.emnlp-main.11,2025,EMNLP,1,1
2025.emnlp-main.110,2025,EMNLP,1,1
2025.emnlp-main.1100,2025,EMNLP,0,0
2025.emnlp-main.1101,2025,EMNLP,0,0
2025.emnlp-main.1102,2025,EMNLP,1,1
2025.emnlp-main.1103,2025,EMNLP,0,0
2025.emnlp-main.1104,2025,EMNLP,0,0
2025.emnlp-main.1105,2025,EMNLP,0,0
2025.emnlp-main.1106,2025,EMNLP,1,1
2025.emnlp-main.1107,2025,EMNLP,0,0
2025.emnlp-main.1108,2025,EMNLP,1,1
2025.emnlp-main.1109,2025,EMNLP,1,1
2025.emnlp-main.111,2025,EMNLP,1,1
2025.emnlp-main.1110,2025,EMNLP,1,0
2025.emnlp-main.1111,2025,EMNLP,1,1
2025.emnlp-main.1112,2025,EMNLP,1,1
2025.emnlp-main.1113,2025,EMNLP,0,0
2025.emnlp-main.1114,2025,EMNLP,1,1
2025.emnlp-main.1115,2025,EMNLP,1,1
2025.emnlp-main.1116,2025,EMNLP,1,1
2025.emnlp-main.1117,2025,EMNLP,0,0
2025.emnlp-main.1118,2025,EMNLP,1,1
2025.emnlp-main.1119,2025,EMNLP,0,0
2025.emnlp-main.112,2025,EMNLP,1,1
2025.emnlp-main.1120,2025,EMNLP,1,1
2025.emnlp-main.1121,2025,EMNLP,0,0
2025.emnlp-main.1122,2025,EMNLP,0,0
2025.emnlp-main.1123,2025,EMNLP,1,1
2025.emnlp-main.1124,2025,EMNLP,0,0
2025.emnlp-main.1125,2025,EMNLP,0,0
2025.emnlp-main.1126,2025,EMNLP,0,0
2025.emnlp-main.1127,2025,EMNLP,1,1
2025.emnlp-main.1128,2025,EMNLP,1,1
2025.emnlp-main.1129,2025,EMNLP,1,1
2025.emnlp-main.113,2025,EMNLP,1,1
2025.emnlp-main.1130,2025,EMNLP,0,0
2025.emnlp-main.1131,2025,EMNLP,0,0
2025.emnlp-main.1132,2025,EMNLP,1,1
2025.emnlp-main.1133,2025,EMNLP,0,0
2025.emnlp-main.1134,2025,EMNLP,0,0
2025.emnlp-main.1135,2025,EMNLP,0,0
2025.emnlp-main.1136,2025,EMNLP,1,1
2025.emnlp-main.1137,2025,EMNLP,0,0
2025.emnlp-main.1138,2025,EMNLP,0,0
2025.emnlp-main.1139,2025,EMNLP,0,0
2025.emnlp-main.114,2025,EMNLP,1,1
2025.emnlp-main.1140,2025,EMNLP,0,0
2025.emnlp-main.1141,2025,EMNLP,1,1
2025.emnlp-main.1142,2025,EMNLP,1,1
2025.emnlp-main.1143,2025,EMNLP,0,0
2025.emnlp-main.1144,2025,EMNLP,1,1
2025.emnlp-main.1145,2025,EMNLP,0,0
2025.emnlp-main.1146,2025,EMNLP,0,0
2025.emnlp-main.1147,2025,EMNLP,0,0
2025.emnlp-main.1148,2025,EMNLP,1,1
2025.emnlp-main.1149,2025,EMNLP,1,1
2025.emnlp-main.115,2025,EMNLP,1,1
2025.emnlp-main.1150,2025,EMNLP,0,0
2025.emnlp-main.1151,2025,EMNLP,0,0
2025.emnlp-main.1152,2025,EMNLP,0,0
2025.emnlp-main.1153,2025,EMNLP,1,1
2025.emnlp-main.1154,2025,EMNLP,1,1
2025.emnlp-main.1155,2025,EMNLP,1,1
2025.emnlp-main.1156,2025,EMNLP,0,0
2025.emnlp-main.1157,2025,EMNLP,1,0
2025.emnlp-main.1158,2025,EMNLP,0,0
2025.emnlp-main.1159,2025,EMNLP,1,1
2025.emnlp-main.116,2025,EMNLP,0,0
2025.emnlp-main.1160,2025,EMNLP,0,0
2025.emnlp-main.1161,2025,EMNLP,1,1
2025.emnlp-main.1162,2025,EMNLP,0,0
2025.emnlp-main.1163,2025,EMNLP,1,1
2025.emnlp-main.1164,2025,EMNLP,0,0
2025.emnlp-main.1165,2025,EMNLP,1,1
2025.emnlp-main.1166,2025,EMNLP,1,1
2025.emnlp-main.1167,2025,EMNLP,1,1
2025.emnlp-main.1168,2025,EMNLP,0,0
2025.emnlp-main.1169,2025,EMNLP,1,1
2025.emnlp-main.117,2025,EMNLP,0,0
2025.emnlp-main.1170,2025,EMNLP,0,0
2025.emnlp-main.1171,2025,EMNLP,0,0
2025.emnlp-main.1172,2025,EMNLP,0,0
2025.emnlp-main.1173,2025,EMNLP,1,0
2025.emnlp-main.1174,2025,EMNLP,1,1
2025.emnlp-main.1175,2025,EMNLP,0,0
2025.emnlp-main.1176,2025,EMNLP,0,0
2025.emnlp-main.1177,2025,EMNLP,0,0
2025.emnlp-main.1178,2025,EMNLP,0,0
2025.emnlp-main.1179,2025,EMNLP,1,1
2025.emnlp-main.118,2025,EMNLP,1,1
2025.emnlp-main.1180,2025,EMNLP,1,1
2025.emnlp-main.1181,2025,EMNLP,0,0
2025.emnlp-main.1182,2025,EMNLP,0,0
2025.emnlp-main.1183,2025,EMNLP,0,0
2025.emnlp-main.1184,2025,EMNLP,0,0
2025.emnlp-main.1185,2025,EMNLP,1,1
2025.emnlp-main.1186,2025,EMNLP,1,1
2025.emnlp-main.1187,2025,EMNLP,1,1
2025.emnlp-main.1188,2025,EMNLP,1,0
2025.emnlp-main.1189,2025,EMNLP,1,1
2025.emnlp-main.119,2025,EMNLP,0,0
2025.emnlp-main.1190,2025,EMNLP,0,0
2025.emnlp-main.1191,2025,EMNLP,0,0
2025.emnlp-main.1192,2025,EMNLP,0,0
2025.emnlp-main.1193,2025,EMNLP,0,0
2025.emnlp-main.1194,2025,EMNLP,0,0
2025.emnlp-main.1195,2025,EMNLP,0,0
2025.emnlp-main.1196,2025,EMNLP,0,0
2025.emnlp-main.1197,2025,EMNLP,1,1
2025.emnlp-main.1198,2025,EMNLP,1,1
2025.emnlp-main.1199,2025,EMNLP,0,0
2025.emnlp-main.12,2025,EMNLP,0,0
2025.emnlp-main.120,2025,EMNLP,1,1
2025.emnlp-main.1200,2025,EMNLP,1,1
2025.emnlp-main.1201,2025,EMNLP,1,1
2025.emnlp-main.1202,2025,EMNLP,0,0
2025.emnlp-main.1203,2025,EMNLP,1,1
2025.emnlp-main.1204,2025,EMNLP,1,1
2025.emnlp-main.1205,2025,EMNLP,1,0
2025.emnlp-main.1206,2025,EMNLP,1,0
2025.emnlp-main.1207,2025,EMNLP,0,0
2025.emnlp-main.1208,2025,EMNLP,0,0
2025.emnlp-main.1209,2025,EMNLP,1,1
2025.emnlp-main.121,2025,EMNLP,1,0
2025.emnlp-main.1210,2025,EMNLP,0,0
2025.emnlp-main.1211,2025,EMNLP,1,1
2025.emnlp-main.1212,2025,EMNLP,1,1
2025.emnlp-main.1213,2025,EMNLP,0,0
2025.emnlp-main.1214,2025,EMNLP,1,1
2025.emnlp-main.1215,2025,EMNLP,1,1
2025.emnlp-main.1216,2025,EMNLP,0,0
2025.emnlp-main.1217,2025,EMNLP,0,0
2025.emnlp-main.1218,2025,EMNLP,1,1
2025.emnlp-main.1219,2025,EMNLP,1,1
2025.emnlp-main.122,2025,EMNLP,1,1
2025.emnlp-main.1220,2025,EMNLP,1,1
2025.emnlp-main.1221,2025,EMNLP,1,1
2025.emnlp-main.1222,2025,EMNLP,1,1
2025.emnlp-main.1223,2025,EMNLP,0,0
2025.emnlp-main.1224,2025,EMNLP,0,0
2025.emnlp-main.1225,2025,EMNLP,0,0
2025.emnlp-main.1226,2025,EMNLP,1,1
2025.emnlp-main.1227,2025,EMNLP,0,0
2025.emnlp-main.1228,2025,EMNLP,1,1
2025.emnlp-main.1229,2025,EMNLP,1,0
2025.emnlp-main.123,2025,EMNLP,1,0
2025.emnlp-main.1230,2025,EMNLP,0,0
2025.emnlp-main.1231,2025,EMNLP,1,1
2025.emnlp-main.1232,2025,EMNLP,1,1
2025.emnlp-main.1233,2025,EMNLP,0,0
2025.emnlp-main.1234,2025,EMNLP,0,0
2025.emnlp-main.1235,2025,EMNLP,1,1
2025.emnlp-main.1236,2025,EMNLP,1,1
2025.emnlp-main.1237,2025,EMNLP,0,0
2025.emnlp-main.1238,2025,EMNLP,1,1
2025.emnlp-main.1239,2025,EMNLP,1,1
2025.emnlp-main.124,2025,EMNLP,0,0
2025.emnlp-main.1240,2025,EMNLP,0,0
2025.emnlp-main.1241,2025,EMNLP,1,1
2025.emnlp-main.1242,2025,EMNLP,1,1
2025.emnlp-main.1243,2025,EMNLP,0,0
2025.emnlp-main.1244,2025,EMNLP,0,0
2025.emnlp-main.1245,2025,EMNLP,1,1
2025.emnlp-main.1246,2025,EMNLP,1,1
2025.emnlp-main.1247,2025,EMNLP,0,0
2025.emnlp-main.1248,2025,EMNLP,1,1
2025.emnlp-main.1249,2025,EMNLP,0,0
2025.emnlp-main.125,2025,EMNLP,1,1
2025.emnlp-main.1250,2025,EMNLP,0,0
2025.emnlp-main.1251,2025,EMNLP,0,0
2025.emnlp-main.1252,2025,EMNLP,1,1
2025.emnlp-main.1253,2025,EMNLP,1,1
2025.emnlp-main.1254,2025,EMNLP,1,1
2025.emnlp-main.1255,2025,EMNLP,0,0
2025.emnlp-main.1256,2025,EMNLP,1,1
2025.emnlp-main.1257,2025,EMNLP,0,0
2025.emnlp-main.1258,2025,EMNLP,0,0
2025.emnlp-main.1259,2025,EMNLP,0,0
2025.emnlp-main.126,2025,EMNLP,1,0
2025.emnlp-main.1260,2025,EMNLP,1,1
2025.emnlp-main.1261,2025,EMNLP,1,1
2025.emnlp-main.1262,2025,EMNLP,0,0
2025.emnlp-main.1263,2025,EMNLP,1,0
2025.emnlp-main.1264,2025,EMNLP,1,1
2025.emnlp-main.1265,2025,EMNLP,0,0
2025.emnlp-main.1266,2025,EMNLP,0,0
2025.emnlp-main.1267,2025,EMNLP,1,1
2025.emnlp-main.1268,2025,EMNLP,0,0
2025.emnlp-main.1269,2025,EMNLP,1,1
2025.emnlp-main.127,2025,EMNLP,1,1
2025.emnlp-main.1270,2025,EMNLP,0,0
2025.emnlp-main.1271,2025,EMNLP,1,1
2025.emnlp-main.1272,2025,EMNLP,0,0
2025.emnlp-main.1273,2025,EMNLP,0,0
2025.emnlp-main.1274,2025,EMNLP,1,0
2025.emnlp-main.1275,2025,EMNLP,0,0
2025.emnlp-main.1276,2025,EMNLP,0,0
2025.emnlp-main.1277,2025,EMNLP,1,1
2025.emnlp-main.1278,2025,EMNLP,0,0
2025.emnlp-main.1279,2025,EMNLP,0,0
2025.emnlp-main.128,2025,EMNLP,0,0
2025.emnlp-main.1280,2025,EMNLP,0,0
2025.emnlp-main.1281,2025,EMNLP,1,1
2025.emnlp-main.1282,2025,EMNLP,0,0
2025.emnlp-main.1283,2025,EMNLP,1,0
2025.emnlp-main.1284,2025,EMNLP,1,0
2025.emnlp-main.1285,2025,EMNLP,1,1
2025.emnlp-main.1286,2025,EMNLP,1,1
2025.emnlp-main.1287,2025,EMNLP,0,0
2025.emnlp-main.1288,2025,EMNLP,1,1
2025.emnlp-main.1289,2025,EMNLP,1,1
2025.emnlp-main.129,2025,EMNLP,0,0
2025.emnlp-main.1290,2025,EMNLP,0,0
2025.emnlp-main.1291,2025,EMNLP,0,0
2025.emnlp-main.1292,2025,EMNLP,1,1
2025.emnlp-main.1293,2025,EMNLP,0,0
2025.emnlp-main.1294,2025,EMNLP,1,1
2025.emnlp-main.1295,2025,EMNLP,1,1
2025.emnlp-main.1296,2025,EMNLP,0,0
2025.emnlp-main.1297,2025,EMNLP,0,0
2025.emnlp-main.1298,2025,EMNLP,1,1
2025.emnlp-main.1299,2025,EMNLP,0,0
2025.emnlp-main.13,2025,EMNLP,0,0
2025.emnlp-main.130,2025,EMNLP,0,0
2025.emnlp-main.1300,2025,EMNLP,1,1
2025.emnlp-main.1301,2025,EMNLP,1,1
2025.emnlp-main.1302,2025,EMNLP,0,0
2025.emnlp-main.1303,2025,EMNLP,0,0
2025.emnlp-main.1304,2025,EMNLP,0,0
2025.emnlp-main.1305,2025,EMNLP,1,1
2025.emnlp-main.1306,2025,EMNLP,1,1
2025.emnlp-main.1307,2025,EMNLP,0,0
2025.emnlp-main.1308,2025,EMNLP,1,1
2025.emnlp-main.1309,2025,EMNLP,1,1
2025.emnlp-main.131,2025,EMNLP,1,1
2025.emnlp-main.1310,2025,EMNLP,1,1
2025.emnlp-main.1311,2025,EMNLP,0,0
2025.emnlp-main.1312,2025,EMNLP,1,0
2025.emnlp-main.1313,2025,EMNLP,1,1
2025.emnlp-main.1314,2025,EMNLP,0,0
2025.emnlp-main.1315,2025,EMNLP,1,0
2025.emnlp-main.1316,2025,EMNLP,0,0
2025.emnlp-main.1317,2025,EMNLP,1,1
2025.emnlp-main.1318,2025,EMNLP,1,1
2025.emnlp-main.1319,2025,EMNLP,0,0
2025.emnlp-main.132,2025,EMNLP,0,0
2025.emnlp-main.1320,2025,EMNLP,1,1
2025.emnlp-main.1321,2025,EMNLP,1,0
2025.emnlp-main.1322,2025,EMNLP,1,0
2025.emnlp-main.1323,2025,EMNLP,0,0
2025.emnlp-main.1324,2025,EMNLP,1,1
2025.emnlp-main.1325,2025,EMNLP,0,0
2025.emnlp-main.1326,2025,EMNLP,1,1
2025.emnlp-main.1327,2025,EMNLP,0,0
2025.emnlp-main.1328,2025,EMNLP,0,0
2025.emnlp-main.1329,2025,EMNLP,1,1
2025.emnlp-main.133,2025,EMNLP,1,0
2025.emnlp-main.1330,2025,EMNLP,0,0
2025.emnlp-main.1331,2025,EMNLP,0,0
2025.emnlp-main.1332,2025,EMNLP,0,0
2025.emnlp-main.1333,2025,EMNLP,0,0
2025.emnlp-main.1334,2025,EMNLP,0,0
2025.emnlp-main.1335,2025,EMNLP,1,1
2025.emnlp-main.1336,2025,EMNLP,0,0
2025.emnlp-main.1337,2025,EMNLP,1,1
2025.emnlp-main.1338,2025,EMNLP,1,1
2025.emnlp-main.1339,2025,EMNLP,0,0
2025.emnlp-main.134,2025,EMNLP,1,1
2025.emnlp-main.1340,2025,EMNLP,1,1
2025.emnlp-main.1341,2025,EMNLP,1,1
2025.emnlp-main.1342,2025,EMNLP,0,0
2025.emnlp-main.1343,2025,EMNLP,0,0
2025.emnlp-main.1344,2025,EMNLP,1,1
2025.emnlp-main.1345,2025,EMNLP,1,1
2025.emnlp-main.1346,2025,EMNLP,0,0
2025.emnlp-main.1347,2025,EMNLP,1,1
2025.emnlp-main.1348,2025,EMNLP,0,0
2025.emnlp-main.1349,2025,EMNLP,0,0
2025.emnlp-main.135,2025,EMNLP,0,0
2025.emnlp-main.1350,2025,EMNLP,0,0
2025.emnlp-main.1351,2025,EMNLP,1,1
2025.emnlp-main.1352,2025,EMNLP,1,1
2025.emnlp-main.1353,2025,EMNLP,1,1
2025.emnlp-main.1354,2025,EMNLP,1,1
2025.emnlp-main.1355,2025,EMNLP,0,0
2025.emnlp-main.1356,2025,EMNLP,0,0
2025.emnlp-main.1357,2025,EMNLP,1,1
2025.emnlp-main.1358,2025,EMNLP,0,0
2025.emnlp-main.1359,2025,EMNLP,0,0
2025.emnlp-main.136,2025,EMNLP,1,1
2025.emnlp-main.1360,2025,EMNLP,1,1
2025.emnlp-main.1361,2025,EMNLP,0,0
2025.emnlp-main.1362,2025,EMNLP,1,0
2025.emnlp-main.1363,2025,EMNLP,0,0
2025.emnlp-main.1364,2025,EMNLP,1,1
2025.emnlp-main.1365,2025,EMNLP,1,0
2025.emnlp-main.1366,2025,EMNLP,1,1
2025.emnlp-main.1367,2025,EMNLP,1,1
2025.emnlp-main.1368,2025,EMNLP,1,1
2025.emnlp-main.1369,2025,EMNLP,1,1
2025.emnlp-main.137,2025,EMNLP,1,1
2025.emnlp-main.1370,2025,EMNLP,0,0
2025.emnlp-main.1371,2025,EMNLP,1,1
2025.emnlp-main.1372,2025,EMNLP,1,1
2025.emnlp-main.1373,2025,EMNLP,1,1
2025.emnlp-main.1374,2025,EMNLP,1,1
2025.emnlp-main.1375,2025,EMNLP,1,1
2025.emnlp-main.1376,2025,EMNLP,1,1
2025.emnlp-main.1377,2025,EMNLP,1,0
2025.emnlp-main.1378,2025,EMNLP,1,1
2025.emnlp-main.1379,2025,EMNLP,1,1
2025.emnlp-main.138,2025,EMNLP,0,0
2025.emnlp-main.1380,2025,EMNLP,1,1
2025.emnlp-main.1381,2025,EMNLP,1,1
2025.emnlp-main.1382,2025,EMNLP,1,1
2025.emnlp-main.1383,2025,EMNLP,1,1
2025.emnlp-main.1384,2025,EMNLP,0,0
2025.emnlp-main.1385,2025,EMNLP,0,0
2025.emnlp-main.1386,2025,EMNLP,1,1
2025.emnlp-main.1387,2025,EMNLP,1,1
2025.emnlp-main.1388,2025,EMNLP,0,0
2025.emnlp-main.1389,2025,EMNLP,0,0
2025.emnlp-main.139,2025,EMNLP,1,1
2025.emnlp-main.1390,2025,EMNLP,1,1
2025.emnlp-main.1391,2025,EMNLP,0,0
2025.emnlp-main.1392,2025,EMNLP,1,1
2025.emnlp-main.1393,2025,EMNLP,1,1
2025.emnlp-main.1394,2025,EMNLP,1,1
2025.emnlp-main.1395,2025,EMNLP,0,0
2025.emnlp-main.1396,2025,EMNLP,1,1
2025.emnlp-main.1397,2025,EMNLP,1,1
2025.emnlp-main.1398,2025,EMNLP,0,0
2025.emnlp-main.1399,2025,EMNLP,1,1
2025.emnlp-main.14,2025,EMNLP,1,1
2025.emnlp-main.140,2025,EMNLP,1,0
2025.emnlp-main.1400,2025,EMNLP,0,0
2025.emnlp-main.1401,2025,EMNLP,0,0
2025.emnlp-main.1402,2025,EMNLP,0,0
2025.emnlp-main.1403,2025,EMNLP,0,0
2025.emnlp-main.1404,2025,EMNLP,0,0
2025.emnlp-main.1405,2025,EMNLP,0,0
2025.emnlp-main.1406,2025,EMNLP,1,1
2025.emnlp-main.1407,2025,EMNLP,0,0
2025.emnlp-main.1408,2025,EMNLP,1,1
2025.emnlp-main.1409,2025,EMNLP,0,0
2025.emnlp-main.141,2025,EMNLP,0,0
2025.emnlp-main.1410,2025,EMNLP,0,0
2025.emnlp-main.1411,2025,EMNLP,0,0
2025.emnlp-main.1412,2025,EMNLP,1,1
2025.emnlp-main.1413,2025,EMNLP,0,0
2025.emnlp-main.1414,2025,EMNLP,0,0
2025.emnlp-main.1415,2025,EMNLP,0,0
2025.emnlp-main.1416,2025,EMNLP,0,0
2025.emnlp-main.1417,2025,EMNLP,0,0
2025.emnlp-main.1418,2025,EMNLP,1,1
2025.emnlp-main.1419,2025,EMNLP,0,0
2025.emnlp-main.142,2025,EMNLP,0,0
2025.emnlp-main.1420,2025,EMNLP,1,1
2025.emnlp-main.1421,2025,EMNLP,1,1
2025.emnlp-main.1422,2025,EMNLP,1,1
2025.emnlp-main.1423,2025,EMNLP,1,1
2025.emnlp-main.1424,2025,EMNLP,0,0
2025.emnlp-main.1425,2025,EMNLP,1,0
2025.emnlp-main.1426,2025,EMNLP,1,0
2025.emnlp-main.1427,2025,EMNLP,0,0
2025.emnlp-main.1428,2025,EMNLP,1,1
2025.emnlp-main.1429,2025,EMNLP,0,0
2025.emnlp-main.143,2025,EMNLP,1,1
2025.emnlp-main.1430,2025,EMNLP,1,0
2025.emnlp-main.1431,2025,EMNLP,0,0
2025.emnlp-main.1432,2025,EMNLP,1,0
2025.emnlp-main.1433,2025,EMNLP,1,1
2025.emnlp-main.1434,2025,EMNLP,1,1
2025.emnlp-main.1435,2025,EMNLP,1,1
2025.emnlp-main.1436,2025,EMNLP,0,0
2025.emnlp-main.1437,2025,EMNLP,1,1
2025.emnlp-main.1438,2025,EMNLP,0,0
2025.emnlp-main.1439,2025,EMNLP,0,0
2025.emnlp-main.144,2025,EMNLP,1,1
2025.emnlp-main.1440,2025,EMNLP,1,1
2025.emnlp-main.1441,2025,EMNLP,0,0
2025.emnlp-main.1442,2025,EMNLP,1,1
2025.emnlp-main.1443,2025,EMNLP,1,1
2025.emnlp-main.1444,2025,EMNLP,1,1
2025.emnlp-main.1445,2025,EMNLP,0,0
2025.emnlp-main.1446,2025,EMNLP,1,1
2025.emnlp-main.1447,2025,EMNLP,1,1
2025.emnlp-main.1448,2025,EMNLP,0,0
2025.emnlp-main.1449,2025,EMNLP,0,0
2025.emnlp-main.145,2025,EMNLP,0,0
2025.emnlp-main.1450,2025,EMNLP,1,1
2025.emnlp-main.1451,2025,EMNLP,0,0
2025.emnlp-main.1452,2025,EMNLP,0,0
2025.emnlp-main.1453,2025,EMNLP,1,0
2025.emnlp-main.1454,2025,EMNLP,1,1
2025.emnlp-main.1455,2025,EMNLP,0,0
2025.emnlp-main.1456,2025,EMNLP,1,1
2025.emnlp-main.1457,2025,EMNLP,0,0
2025.emnlp-main.1458,2025,EMNLP,1,0
2025.emnlp-main.1459,2025,EMNLP,1,1
2025.emnlp-main.146,2025,EMNLP,1,0
2025.emnlp-main.1460,2025,EMNLP,1,1
2025.emnlp-main.1461,2025,EMNLP,1,1
2025.emnlp-main.1462,2025,EMNLP,1,1
2025.emnlp-main.1463,2025,EMNLP,0,0
2025.emnlp-main.1464,2025,EMNLP,0,0
2025.emnlp-main.1465,2025,EMNLP,1,1
2025.emnlp-main.1466,2025,EMNLP,1,1
2025.emnlp-main.1467,2025,EMNLP,0,0
2025.emnlp-main.1468,2025,EMNLP,1,0
2025.emnlp-main.1469,2025,EMNLP,1,1
2025.emnlp-main.147,2025,EMNLP,1,1
2025.emnlp-main.1470,2025,EMNLP,1,1
2025.emnlp-main.1471,2025,EMNLP,1,1
2025.emnlp-main.1472,2025,EMNLP,0,0
2025.emnlp-main.1473,2025,EMNLP,0,0
2025.emnlp-main.1474,2025,EMNLP,0,0
2025.emnlp-main.1475,2025,EMNLP,0,0
2025.emnlp-main.1476,2025,EMNLP,1,0
2025.emnlp-main.1477,2025,EMNLP,0,0
2025.emnlp-main.1478,2025,EMNLP,1,0
2025.emnlp-main.1479,2025,EMNLP,0,0
2025.emnlp-main.148,2025,EMNLP,1,1
2025.emnlp-main.1480,2025,EMNLP,0,0
2025.emnlp-main.1481,2025,EMNLP,1,1
2025.emnlp-main.1482,2025,EMNLP,0,0
2025.emnlp-main.1483,2025,EMNLP,0,0
2025.emnlp-main.1484,2025,EMNLP,1,1
2025.emnlp-main.1485,2025,EMNLP,1,1
2025.emnlp-main.1486,2025,EMNLP,0,0
2025.emnlp-main.1487,2025,EMNLP,0,0
2025.emnlp-main.1488,2025,EMNLP,0,0
2025.emnlp-main.1489,2025,EMNLP,1,1
2025.emnlp-main.149,2025,EMNLP,0,0
2025.emnlp-main.1490,2025,EMNLP,1,0
2025.emnlp-main.1491,2025,EMNLP,1,1
2025.emnlp-main.1492,2025,EMNLP,1,1
2025.emnlp-main.1493,2025,EMNLP,1,1
2025.emnlp-main.1494,2025,EMNLP,1,1
2025.emnlp-main.1495,2025,EMNLP,1,1
2025.emnlp-main.1496,2025,EMNLP,0,0
2025.emnlp-main.1497,2025,EMNLP,1,1
2025.emnlp-main.1498,2025,EMNLP,1,1
2025.emnlp-main.1499,2025,EMNLP,0,0
2025.emnlp-main.15,2025,EMNLP,1,1
2025.emnlp-main.150,2025,EMNLP,0,0
2025.emnlp-main.1500,2025,EMNLP,1,1
2025.emnlp-main.1501,2025,EMNLP,0,0
2025.emnlp-main.1502,2025,EMNLP,1,0
2025.emnlp-main.1503,2025,EMNLP,0,0
2025.emnlp-main.1504,2025,EMNLP,0,0
2025.emnlp-main.1505,2025,EMNLP,1,0
2025.emnlp-main.1506,2025,EMNLP,0,0
2025.emnlp-main.1507,2025,EMNLP,1,0
2025.emnlp-main.1508,2025,EMNLP,0,0
2025.emnlp-main.1509,2025,EMNLP,1,1
2025.emnlp-main.151,2025,EMNLP,1,1
2025.emnlp-main.1510,2025,EMNLP,1,1
2025.emnlp-main.1511,2025,EMNLP,1,1
2025.emnlp-main.1512,2025,EMNLP,0,0
2025.emnlp-main.1513,2025,EMNLP,1,1
2025.emnlp-main.1514,2025,EMNLP,0,0
2025.emnlp-main.1515,2025,EMNLP,0,0
2025.emnlp-main.1516,2025,EMNLP,1,0
2025.emnlp-main.1517,2025,EMNLP,1,1
2025.emnlp-main.1518,2025,EMNLP,1,0
2025.emnlp-main.1519,2025,EMNLP,1,1
2025.emnlp-main.152,2025,EMNLP,1,1
2025.emnlp-main.1520,2025,EMNLP,1,1
2025.emnlp-main.1521,2025,EMNLP,1,1
2025.emnlp-main.1522,2025,EMNLP,0,0
2025.emnlp-main.1523,2025,EMNLP,0,0
2025.emnlp-main.1524,2025,EMNLP,1,1
2025.emnlp-main.1525,2025,EMNLP,1,1
2025.emnlp-main.1526,2025,EMNLP,0,0
2025.emnlp-main.1527,2025,EMNLP,0,0
2025.emnlp-main.1528,2025,EMNLP,1,1
2025.emnlp-main.1529,2025,EMNLP,1,1
2025.emnlp-main.153,2025,EMNLP,0,0
2025.emnlp-main.1530,2025,EMNLP,1,1
2025.emnlp-main.1531,2025,EMNLP,1,0
2025.emnlp-main.1532,2025,EMNLP,1,1
2025.emnlp-main.1533,2025,EMNLP,0,0
2025.emnlp-main.1534,2025,EMNLP,0,0
2025.emnlp-main.1535,2025,EMNLP,1,1
2025.emnlp-main.1536,2025,EMNLP,1,1
2025.emnlp-main.1537,2025,EMNLP,1,1
2025.emnlp-main.1538,2025,EMNLP,1,1
2025.emnlp-main.1539,2025,EMNLP,0,0
2025.emnlp-main.154,2025,EMNLP,0,0
2025.emnlp-main.1540,2025,EMNLP,1,1
2025.emnlp-main.1541,2025,EMNLP,1,1
2025.emnlp-main.1542,2025,EMNLP,1,1
2025.emnlp-main.1543,2025,EMNLP,0,0
2025.emnlp-main.1544,2025,EMNLP,1,1
2025.emnlp-main.1545,2025,EMNLP,1,1
2025.emnlp-main.1546,2025,EMNLP,1,1
2025.emnlp-main.1547,2025,EMNLP,1,1
2025.emnlp-main.1548,2025,EMNLP,1,1
2025.emnlp-main.1549,2025,EMNLP,1,1
2025.emnlp-main.155,2025,EMNLP,1,1
2025.emnlp-main.1550,2025,EMNLP,1,1
2025.emnlp-main.1551,2025,EMNLP,1,1
2025.emnlp-main.1552,2025,EMNLP,1,1
2025.emnlp-main.1553,2025,EMNLP,0,0
2025.emnlp-main.1554,2025,EMNLP,1,0
2025.emnlp-main.1555,2025,EMNLP,1,0
2025.emnlp-main.1556,2025,EMNLP,0,0
2025.emnlp-main.1557,2025,EMNLP,1,1
2025.emnlp-main.1558,2025,EMNLP,1,1
2025.emnlp-main.1559,2025,EMNLP,0,0
2025.emnlp-main.156,2025,EMNLP,0,0
2025.emnlp-main.1560,2025,EMNLP,0,0
2025.emnlp-main.1561,2025,EMNLP,1,0
2025.emnlp-main.1562,2025,EMNLP,0,0
2025.emnlp-main.1563,2025,EMNLP,1,1
2025.emnlp-main.1564,2025,EMNLP,0,0
2025.emnlp-main.1565,2025,EMNLP,0,0
2025.emnlp-main.1566,2025,EMNLP,0,0
2025.emnlp-main.1567,2025,EMNLP,1,1
2025.emnlp-main.1568,2025,EMNLP,1,1
2025.emnlp-main.1569,2025,EMNLP,1,1
2025.emnlp-main.157,2025,EMNLP,0,0
2025.emnlp-main.1570,2025,EMNLP,1,1
2025.emnlp-main.1571,2025,EMNLP,1,1
2025.emnlp-main.1572,2025,EMNLP,1,1
2025.emnlp-main.1573,2025,EMNLP,0,0
2025.emnlp-main.1574,2025,EMNLP,1,1
2025.emnlp-main.1575,2025,EMNLP,0,0
2025.emnlp-main.1576,2025,EMNLP,0,0
2025.emnlp-main.1577,2025,EMNLP,1,1
2025.emnlp-main.1578,2025,EMNLP,1,1
2025.emnlp-main.1579,2025,EMNLP,0,0
2025.emnlp-main.158,2025,EMNLP,0,0
2025.emnlp-main.1580,2025,EMNLP,0,0
2025.emnlp-main.1581,2025,EMNLP,1,1
2025.emnlp-main.1582,2025,EMNLP,0,0
2025.emnlp-main.1583,2025,EMNLP,1,0
2025.emnlp-main.1584,2025,EMNLP,1,1
2025.emnlp-main.1585,2025,EMNLP,1,1
2025.emnlp-main.1586,2025,EMNLP,1,1
2025.emnlp-main.1587,2025,EMNLP,0,0
2025.emnlp-main.1588,2025,EMNLP,1,0
2025.emnlp-main.1589,2025,EMNLP,1,1
2025.emnlp-main.159,2025,EMNLP,0,0
2025.emnlp-main.1590,2025,EMNLP,1,1
2025.emnlp-main.1591,2025,EMNLP,0,0
2025.emnlp-main.1592,2025,EMNLP,1,1
2025.emnlp-main.1593,2025,EMNLP,0,0
2025.emnlp-main.1594,2025,EMNLP,1,1
2025.emnlp-main.1595,2025,EMNLP,1,1
2025.emnlp-main.1596,2025,EMNLP,1,1
2025.emnlp-main.1597,2025,EMNLP,1,1
2025.emnlp-main.1598,2025,EMNLP,0,0
2025.emnlp-main.1599,2025,EMNLP,1,1
2025.emnlp-main.16,2025,EMNLP,1,1
2025.emnlp-main.160,2025,EMNLP,1,1
2025.emnlp-main.1600,2025,EMNLP,0,0
2025.emnlp-main.1601,2025,EMNLP,1,1
2025.emnlp-main.1602,2025,EMNLP,0,0
2025.emnlp-main.1603,2025,EMNLP,0,0
2025.emnlp-main.1604,2025,EMNLP,0,0
2025.emnlp-main.1605,2025,EMNLP,0,0
2025.emnlp-main.1606,2025,EMNLP,1,1
2025.emnlp-main.1607,2025,EMNLP,1,1
2025.emnlp-main.1608,2025,EMNLP,0,0
2025.emnlp-main.1609,2025,EMNLP,1,1
2025.emnlp-main.161,2025,EMNLP,1,1
2025.emnlp-main.1610,2025,EMNLP,1,1
2025.emnlp-main.1611,2025,EMNLP,1,1
2025.emnlp-main.1612,2025,EMNLP,1,1
2025.emnlp-main.1613,2025,EMNLP,1,1
2025.emnlp-main.1614,2025,EMNLP,1,1
2025.emnlp-main.1615,2025,EMNLP,0,0
2025.emnlp-main.1616,2025,EMNLP,0,0
2025.emnlp-main.1617,2025,EMNLP,0,0
2025.emnlp-main.1618,2025,EMNLP,1,0
2025.emnlp-main.1619,2025,EMNLP,1,1
2025.emnlp-main.162,2025,EMNLP,1,1
2025.emnlp-main.1620,2025,EMNLP,0,0
2025.emnlp-main.1621,2025,EMNLP,1,1
2025.emnlp-main.1622,2025,EMNLP,0,0
2025.emnlp-main.1623,2025,EMNLP,0,0
2025.emnlp-main.1624,2025,EMNLP,1,1
2025.emnlp-main.1625,2025,EMNLP,0,0
2025.emnlp-main.1626,2025,EMNLP,1,1
2025.emnlp-main.1627,2025,EMNLP,1,1
2025.emnlp-main.1628,2025,EMNLP,0,0
2025.emnlp-main.1629,2025,EMNLP,1,1
2025.emnlp-main.163,2025,EMNLP,1,1
2025.emnlp-main.1630,2025,EMNLP,1,1
2025.emnlp-main.1631,2025,EMNLP,1,1
2025.emnlp-main.1632,2025,EMNLP,1,0
2025.emnlp-main.1633,2025,EMNLP,0,0
2025.emnlp-main.1634,2025,EMNLP,0,0
2025.emnlp-main.1635,2025,EMNLP,1,1
2025.emnlp-main.1636,2025,EMNLP,1,1
2025.emnlp-main.1637,2025,EMNLP,1,1
2025.emnlp-main.1638,2025,EMNLP,0,0
2025.emnlp-main.1639,2025,EMNLP,0,0
2025.emnlp-main.164,2025,EMNLP,0,0
2025.emnlp-main.1640,2025,EMNLP,0,0
2025.emnlp-main.1641,2025,EMNLP,0,0
2025.emnlp-main.1642,2025,EMNLP,1,1
2025.emnlp-main.1643,2025,EMNLP,1,0
2025.emnlp-main.1644,2025,EMNLP,0,0
2025.emnlp-main.1645,2025,EMNLP,0,0
2025.emnlp-main.1646,2025,EMNLP,1,1
2025.emnlp-main.1647,2025,EMNLP,1,1
2025.emnlp-main.1648,2025,EMNLP,0,0
2025.emnlp-main.1649,2025,EMNLP,0,0
2025.emnlp-main.165,2025,EMNLP,1,1
2025.emnlp-main.1650,2025,EMNLP,0,0
2025.emnlp-main.1651,2025,EMNLP,1,1
2025.emnlp-main.1652,2025,EMNLP,1,1
2025.emnlp-main.1653,2025,EMNLP,0,0
2025.emnlp-main.1654,2025,EMNLP,1,1
2025.emnlp-main.1655,2025,EMNLP,1,0
2025.emnlp-main.1656,2025,EMNLP,0,0
2025.emnlp-main.1657,2025,EMNLP,1,1
2025.emnlp-main.1658,2025,EMNLP,1,1
2025.emnlp-main.1659,2025,EMNLP,1,1
2025.emnlp-main.166,2025,EMNLP,1,0
2025.emnlp-main.1660,2025,EMNLP,0,0
2025.emnlp-main.1661,2025,EMNLP,0,0
2025.emnlp-main.1662,2025,EMNLP,0,0
2025.emnlp-main.1663,2025,EMNLP,0,0
2025.emnlp-main.1664,2025,EMNLP,1,1
2025.emnlp-main.1665,2025,EMNLP,0,0
2025.emnlp-main.1666,2025,EMNLP,1,1
2025.emnlp-main.1667,2025,EMNLP,1,0
2025.emnlp-main.1668,2025,EMNLP,1,1
2025.emnlp-main.1669,2025,EMNLP,1,1
2025.emnlp-main.167,2025,EMNLP,0,0
2025.emnlp-main.1670,2025,EMNLP,0,0
2025.emnlp-main.1671,2025,EMNLP,0,0
2025.emnlp-main.1672,2025,EMNLP,0,0
2025.emnlp-main.1673,2025,EMNLP,1,0
2025.emnlp-main.1674,2025,EMNLP,0,0
2025.emnlp-main.1675,2025,EMNLP,0,0
2025.emnlp-main.1676,2025,EMNLP,0,0
2025.emnlp-main.1677,2025,EMNLP,1,0
2025.emnlp-main.1678,2025,EMNLP,0,0
2025.emnlp-main.1679,2025,EMNLP,0,0
2025.emnlp-main.168,2025,EMNLP,0,0
2025.emnlp-main.1680,2025,EMNLP,0,0
2025.emnlp-main.1681,2025,EMNLP,1,1
2025.emnlp-main.1682,2025,EMNLP,1,1
2025.emnlp-main.1683,2025,EMNLP,0,0
2025.emnlp-main.1684,2025,EMNLP,1,1
2025.emnlp-main.1685,2025,EMNLP,0,0
2025.emnlp-main.1686,2025,EMNLP,0,0
2025.emnlp-main.1687,2025,EMNLP,1,1
2025.emnlp-main.1688,2025,EMNLP,0,0
2025.emnlp-main.1689,2025,EMNLP,0,0
2025.emnlp-main.169,2025,EMNLP,1,1
2025.emnlp-main.1690,2025,EMNLP,1,1
2025.emnlp-main.1691,2025,EMNLP,1,1
2025.emnlp-main.1692,2025,EMNLP,1,1
2025.emnlp-main.1693,2025,EMNLP,0,0
2025.emnlp-main.1694,2025,EMNLP,1,0
2025.emnlp-main.1695,2025,EMNLP,1,1
2025.emnlp-main.1696,2025,EMNLP,0,0
2025.emnlp-main.1697,2025,EMNLP,1,1
2025.emnlp-main.1698,2025,EMNLP,1,1
2025.emnlp-main.1699,2025,EMNLP,0,0
2025.emnlp-main.17,2025,EMNLP,1,1
2025.emnlp-main.170,2025,EMNLP,1,1
2025.emnlp-main.1700,2025,EMNLP,0,0
2025.emnlp-main.1701,2025,EMNLP,1,0
2025.emnlp-main.1702,2025,EMNLP,0,0
2025.emnlp-main.1703,2025,EMNLP,0,0
2025.emnlp-main.1704,2025,EMNLP,0,0
2025.emnlp-main.1705,2025,EMNLP,1,1
2025.emnlp-main.1706,2025,EMNLP,1,1
2025.emnlp-main.1707,2025,EMNLP,1,1
2025.emnlp-main.1708,2025,EMNLP,1,1
2025.emnlp-main.1709,2025,EMNLP,0,0
2025.emnlp-main.171,2025,EMNLP,1,1
2025.emnlp-main.1710,2025,EMNLP,1,0
2025.emnlp-main.1711,2025,EMNLP,1,1
2025.emnlp-main.1712,2025,EMNLP,1,1
2025.emnlp-main.1713,2025,EMNLP,1,1
2025.emnlp-main.1714,2025,EMNLP,0,0
2025.emnlp-main.1715,2025,EMNLP,1,1
2025.emnlp-main.1716,2025,EMNLP,1,1
2025.emnlp-main.1717,2025,EMNLP,0,0
2025.emnlp-main.1718,2025,EMNLP,0,0
2025.emnlp-main.1719,2025,EMNLP,0,0
2025.emnlp-main.172,2025,EMNLP,1,0
2025.emnlp-main.1720,2025,EMNLP,1,1
2025.emnlp-main.1721,2025,EMNLP,1,1
2025.emnlp-main.1722,2025,EMNLP,0,0
2025.emnlp-main.1723,2025,EMNLP,0,0
2025.emnlp-main.1724,2025,EMNLP,1,1
2025.emnlp-main.1725,2025,EMNLP,0,0
2025.emnlp-main.1726,2025,EMNLP,1,1
2025.emnlp-main.1727,2025,EMNLP,1,1
2025.emnlp-main.1728,2025,EMNLP,1,1
2025.emnlp-main.1729,2025,EMNLP,0,0
2025.emnlp-main.173,2025,EMNLP,1,1
2025.emnlp-main.1730,2025,EMNLP,1,1
2025.emnlp-main.1731,2025,EMNLP,0,0
2025.emnlp-main.1732,2025,EMNLP,1,1
2025.emnlp-main.1733,2025,EMNLP,0,0
2025.emnlp-main.1734,2025,EMNLP,1,1
2025.emnlp-main.1735,2025,EMNLP,1,1
2025.emnlp-main.1736,2025,EMNLP,1,1
2025.emnlp-main.1737,2025,EMNLP,1,1
2025.emnlp-main.1738,2025,EMNLP,1,0
2025.emnlp-main.1739,2025,EMNLP,1,1
2025.emnlp-main.174,2025,EMNLP,1,1
2025.emnlp-main.1740,2025,EMNLP,1,1
2025.emnlp-main.1741,2025,EMNLP,1,1
2025.emnlp-main.1742,2025,EMNLP,0,0
2025.emnlp-main.1743,2025,EMNLP,0,0
2025.emnlp-main.1744,2025,EMNLP,0,0
2025.emnlp-main.1745,2025,EMNLP,0,0
2025.emnlp-main.1746,2025,EMNLP,0,0
2025.emnlp-main.1747,2025,EMNLP,1,1
2025.emnlp-main.1748,2025,EMNLP,1,1
2025.emnlp-main.1749,2025,EMNLP,0,0
2025.emnlp-main.175,2025,EMNLP,1,1
2025.emnlp-main.1750,2025,EMNLP,0,0
2025.emnlp-main.1751,2025,EMNLP,1,1
2025.emnlp-main.1752,2025,EMNLP,0,0
2025.emnlp-main.1753,2025,EMNLP,0,0
2025.emnlp-main.1754,2025,EMNLP,1,1
2025.emnlp-main.1755,2025,EMNLP,1,0
2025.emnlp-main.1756,2025,EMNLP,0,0
2025.emnlp-main.1757,2025,EMNLP,0,0
2025.emnlp-main.1758,2025,EMNLP,0,0
2025.emnlp-main.1759,2025,EMNLP,0,0
2025.emnlp-main.176,2025,EMNLP,0,0
2025.emnlp-main.1760,2025,EMNLP,1,1
2025.emnlp-main.1761,2025,EMNLP,1,0
2025.emnlp-main.1762,2025,EMNLP,1,1
2025.emnlp-main.1763,2025,EMNLP,1,1
2025.emnlp-main.1764,2025,EMNLP,0,0
2025.emnlp-main.1765,2025,EMNLP,0,0
2025.emnlp-main.1766,2025,EMNLP,0,0
2025.emnlp-main.1767,2025,EMNLP,0,0
2025.emnlp-main.1768,2025,EMNLP,1,1
2025.emnlp-main.1769,2025,EMNLP,1,1
2025.emnlp-main.177,2025,EMNLP,1,1
2025.emnlp-main.1770,2025,EMNLP,0,0
2025.emnlp-main.1771,2025,EMNLP,0,0
2025.emnlp-main.1772,2025,EMNLP,1,1
2025.emnlp-main.1773,2025,EMNLP,1,0
2025.emnlp-main.1774,2025,EMNLP,0,0
2025.emnlp-main.1775,2025,EMNLP,0,0
2025.emnlp-main.1776,2025,EMNLP,0,0
2025.emnlp-main.1777,2025,EMNLP,0,0
2025.emnlp-main.1778,2025,EMNLP,1,1
2025.emnlp-main.1779,2025,EMNLP,0,0
2025.emnlp-main.178,2025,EMNLP,1,1
2025.emnlp-main.1780,2025,EMNLP,0,0
2025.emnlp-main.1781,2025,EMNLP,1,0
2025.emnlp-main.1782,2025,EMNLP,0,0
2025.emnlp-main.1783,2025,EMNLP,0,0
2025.emnlp-main.1784,2025,EMNLP,0,0
2025.emnlp-main.1785,2025,EMNLP,0,0
2025.emnlp-main.1786,2025,EMNLP,1,1
2025.emnlp-main.1787,2025,EMNLP,0,0
2025.emnlp-main.1788,2025,EMNLP,0,0
2025.emnlp-main.1789,2025,EMNLP,1,1
2025.emnlp-main.179,2025,EMNLP,0,0
2025.emnlp-main.1790,2025,EMNLP,0,0
2025.emnlp-main.1791,2025,EMNLP,0,0
2025.emnlp-main.1792,2025,EMNLP,0,0
2025.emnlp-main.1793,2025,EMNLP,1,1
2025.emnlp-main.1794,2025,EMNLP,0,0
2025.emnlp-main.1795,2025,EMNLP,0,0
2025.emnlp-main.1796,2025,EMNLP,1,1
2025.emnlp-main.1797,2025,EMNLP,1,1
2025.emnlp-main.1798,2025,EMNLP,0,0
2025.emnlp-main.1799,2025,EMNLP,1,1
2025.emnlp-main.18,2025,EMNLP,1,1
2025.emnlp-main.180,2025,EMNLP,1,1
2025.emnlp-main.1800,2025,EMNLP,1,1
2025.emnlp-main.1801,2025,EMNLP,0,0
2025.emnlp-main.1802,2025,EMNLP,1,0
2025.emnlp-main.1803,2025,EMNLP,0,0
2025.emnlp-main.1804,2025,EMNLP,0,0
2025.emnlp-main.1805,2025,EMNLP,1,1
2025.emnlp-main.1806,2025,EMNLP,0,0
2025.emnlp-main.1807,2025,EMNLP,1,1
2025.emnlp-main.1808,2025,EMNLP,1,1
2025.emnlp-main.1809,2025,EMNLP,1,0
2025.emnlp-main.181,2025,EMNLP,0,0
2025.emnlp-main.182,2025,EMNLP,1,1
2025.emnlp-main.183,2025,EMNLP,1,1
2025.emnlp-main.184,2025,EMNLP,0,0
2025.emnlp-main.185,2025,EMNLP,0,0
2025.emnlp-main.186,2025,EMNLP,1,1
2025.emnlp-main.187,2025,EMNLP,0,0
2025.emnlp-main.188,2025,EMNLP,0,0
2025.emnlp-main.189,2025,EMNLP,1,0
2025.emnlp-main.19,2025,EMNLP,1,0
2025.emnlp-main.190,2025,EMNLP,1,1
2025.emnlp-main.191,2025,EMNLP,1,1
2025.emnlp-main.192,2025,EMNLP,1,1
2025.emnlp-main.193,2025,EMNLP,1,1
2025.emnlp-main.194,2025,EMNLP,0,0
2025.emnlp-main.195,2025,EMNLP,1,0
2025.emnlp-main.196,2025,EMNLP,1,1
2025.emnlp-main.197,2025,EMNLP,1,1
2025.emnlp-main.198,2025,EMNLP,0,0
2025.emnlp-main.199,2025,EMNLP,0,0
2025.emnlp-main.2,2025,EMNLP,0,0
2025.emnlp-main.20,2025,EMNLP,1,1
2025.emnlp-main.200,2025,EMNLP,1,1
2025.emnlp-main.201,2025,EMNLP,1,0
2025.emnlp-main.202,2025,EMNLP,1,1
2025.emnlp-main.203,2025,EMNLP,0,0
2025.emnlp-main.204,2025,EMNLP,1,1
2025.emnlp-main.205,2025,EMNLP,1,1
2025.emnlp-main.206,2025,EMNLP,0,0
2025.emnlp-main.207,2025,EMNLP,1,1
2025.emnlp-main.208,2025,EMNLP,1,1
2025.emnlp-main.209,2025,EMNLP,1,1
2025.emnlp-main.21,2025,EMNLP,1,1
2025.emnlp-main.210,2025,EMNLP,1,0
2025.emnlp-main.211,2025,EMNLP,1,1
2025.emnlp-main.212,2025,EMNLP,1,1
2025.emnlp-main.213,2025,EMNLP,1,1
2025.emnlp-main.214,2025,EMNLP,1,1
2025.emnlp-main.215,2025,EMNLP,1,1
2025.emnlp-main.216,2025,EMNLP,1,1
2025.emnlp-main.217,2025,EMNLP,1,1
2025.emnlp-main.218,2025,EMNLP,1,1
2025.emnlp-main.219,2025,EMNLP,1,0
2025.emnlp-main.22,2025,EMNLP,0,0
2025.emnlp-main.220,2025,EMNLP,0,0
2025.emnlp-main.221,2025,EMNLP,1,1
2025.emnlp-main.222,2025,EMNLP,1,1
2025.emnlp-main.223,2025,EMNLP,1,1
2025.emnlp-main.224,2025,EMNLP,0,0
2025.emnlp-main.225,2025,EMNLP,1,1
2025.emnlp-main.226,2025,EMNLP,0,0
2025.emnlp-main.227,2025,EMNLP,0,0
2025.emnlp-main.228,2025,EMNLP,0,0
2025.emnlp-main.229,2025,EMNLP,0,0
2025.emnlp-main.23,2025,EMNLP,1,1
2025.emnlp-main.230,2025,EMNLP,1,1
2025.emnlp-main.231,2025,EMNLP,1,1
2025.emnlp-main.232,2025,EMNLP,1,1
2025.emnlp-main.233,2025,EMNLP,0,0
2025.emnlp-main.234,2025,EMNLP,1,1
2025.emnlp-main.235,2025,EMNLP,0,0
2025.emnlp-main.236,2025,EMNLP,0,0
2025.emnlp-main.237,2025,EMNLP,0,0
2025.emnlp-main.238,2025,EMNLP,0,0
2025.emnlp-main.239,2025,EMNLP,1,1
2025.emnlp-main.24,2025,EMNLP,1,1
2025.emnlp-main.240,2025,EMNLP,1,1
2025.emnlp-main.241,2025,EMNLP,1,1
2025.emnlp-main.242,2025,EMNLP,0,0
2025.emnlp-main.243,2025,EMNLP,1,1
2025.emnlp-main.244,2025,EMNLP,1,1
2025.emnlp-main.245,2025,EMNLP,1,1
2025.emnlp-main.246,2025,EMNLP,0,0
2025.emnlp-main.247,2025,EMNLP,1,1
2025.emnlp-main.248,2025,EMNLP,1,1
2025.emnlp-main.249,2025,EMNLP,0,0
2025.emnlp-main.25,2025,EMNLP,0,0
2025.emnlp-main.250,2025,EMNLP,0,0
2025.emnlp-main.251,2025,EMNLP,1,1
2025.emnlp-main.252,2025,EMNLP,1,1
2025.emnlp-main.253,2025,EMNLP,1,1
2025.emnlp-main.254,2025,EMNLP,0,0
2025.emnlp-main.255,2025,EMNLP,1,1
2025.emnlp-main.256,2025,EMNLP,1,1
2025.emnlp-main.257,2025,EMNLP,1,1
2025.emnlp-main.258,2025,EMNLP,1,1
2025.emnlp-main.259,2025,EMNLP,1,1
2025.emnlp-main.26,2025,EMNLP,1,0
2025.emnlp-main.260,2025,EMNLP,1,1
2025.emnlp-main.261,2025,EMNLP,1,1
2025.emnlp-main.262,2025,EMNLP,1,1
2025.emnlp-main.263,2025,EMNLP,0,0
2025.emnlp-main.264,2025,EMNLP,1,1
2025.emnlp-main.265,2025,EMNLP,1,1
2025.emnlp-main.266,2025,EMNLP,1,1
2025.emnlp-main.267,2025,EMNLP,0,0
2025.emnlp-main.268,2025,EMNLP,1,1
2025.emnlp-main.269,2025,EMNLP,1,1
2025.emnlp-main.27,2025,EMNLP,1,1
2025.emnlp-main.270,2025,EMNLP,0,0
2025.emnlp-main.271,2025,EMNLP,1,1
2025.emnlp-main.272,2025,EMNLP,1,1
2025.emnlp-main.273,2025,EMNLP,0,0
2025.emnlp-main.274,2025,EMNLP,0,0
2025.emnlp-main.275,2025,EMNLP,1,1
2025.emnlp-main.276,2025,EMNLP,1,1
2025.emnlp-main.277,2025,EMNLP,0,0
2025.emnlp-main.278,2025,EMNLP,0,0
2025.emnlp-main.279,2025,EMNLP,0,0
2025.emnlp-main.28,2025,EMNLP,0,0
2025.emnlp-main.280,2025,EMNLP,1,1
2025.emnlp-main.281,2025,EMNLP,0,0
2025.emnlp-main.282,2025,EMNLP,0,0
2025.emnlp-main.283,2025,EMNLP,1,1
2025.emnlp-main.284,2025,EMNLP,1,1
2025.emnlp-main.285,2025,EMNLP,1,1
2025.emnlp-main.286,2025,EMNLP,1,1
2025.emnlp-main.287,2025,EMNLP,1,1
2025.emnlp-main.288,2025,EMNLP,1,1
2025.emnlp-main.289,2025,EMNLP,0,0
2025.emnlp-main.29,2025,EMNLP,0,0
2025.emnlp-main.290,2025,EMNLP,0,0
2025.emnlp-main.291,2025,EMNLP,0,0
2025.emnlp-main.292,2025,EMNLP,0,0
2025.emnlp-main.293,2025,EMNLP,1,1
2025.emnlp-main.294,2025,EMNLP,1,1
2025.emnlp-main.295,2025,EMNLP,0,0
2025.emnlp-main.296,2025,EMNLP,0,0
2025.emnlp-main.297,2025,EMNLP,1,1
2025.emnlp-main.298,2025,EMNLP,1,1
2025.emnlp-main.299,2025,EMNLP,1,1
2025.emnlp-main.3,2025,EMNLP,1,1
2025.emnlp-main.30,2025,EMNLP,0,0
2025.emnlp-main.300,2025,EMNLP,1,1
2025.emnlp-main.301,2025,EMNLP,1,1
2025.emnlp-main.302,2025,EMNLP,1,1
2025.emnlp-main.303,2025,EMNLP,1,1
2025.emnlp-main.304,2025,EMNLP,1,1
2025.emnlp-main.305,2025,EMNLP,1,1
2025.emnlp-main.306,2025,EMNLP,1,1
2025.emnlp-main.307,2025,EMNLP,0,0
2025.emnlp-main.308,2025,EMNLP,1,1
2025.emnlp-main.309,2025,EMNLP,1,1
2025.emnlp-main.31,2025,EMNLP,1,0
2025.emnlp-main.310,2025,EMNLP,1,1
2025.emnlp-main.311,2025,EMNLP,1,1
2025.emnlp-main.312,2025,EMNLP,1,1
2025.emnlp-main.313,2025,EMNLP,1,1
2025.emnlp-main.314,2025,EMNLP,0,0
2025.emnlp-main.315,2025,EMNLP,0,0
2025.emnlp-main.316,2025,EMNLP,0,0
2025.emnlp-main.317,2025,EMNLP,1,1
2025.emnlp-main.318,2025,EMNLP,0,0
2025.emnlp-main.319,2025,EMNLP,0,0
2025.emnlp-main.32,2025,EMNLP,1,1
2025.emnlp-main.320,2025,EMNLP,1,1
2025.emnlp-main.321,2025,EMNLP,0,0
2025.emnlp-main.322,2025,EMNLP,0,0
2025.emnlp-main.323,2025,EMNLP,0,0
2025.emnlp-main.324,2025,EMNLP,0,0
2025.emnlp-main.325,2025,EMNLP,0,0
2025.emnlp-main.326,2025,EMNLP,1,0
2025.emnlp-main.327,2025,EMNLP,1,1
2025.emnlp-main.328,2025,EMNLP,1,1
2025.emnlp-main.329,2025,EMNLP,0,0
2025.emnlp-main.33,2025,EMNLP,1,0
2025.emnlp-main.330,2025,EMNLP,1,1
2025.emnlp-main.331,2025,EMNLP,0,0
2025.emnlp-main.332,2025,EMNLP,0,0
2025.emnlp-main.333,2025,EMNLP,1,0
2025.emnlp-main.334,2025,EMNLP,1,1
2025.emnlp-main.335,2025,EMNLP,0,0
2025.emnlp-main.336,2025,EMNLP,1,1
2025.emnlp-main.337,2025,EMNLP,1,0
2025.emnlp-main.338,2025,EMNLP,1,1
2025.emnlp-main.339,2025,EMNLP,1,1
2025.emnlp-main.34,2025,EMNLP,0,0
2025.emnlp-main.340,2025,EMNLP,1,1
2025.emnlp-main.341,2025,EMNLP,1,1
2025.emnlp-main.342,2025,EMNLP,0,0
2025.emnlp-main.343,2025,EMNLP,1,1
2025.emnlp-main.344,2025,EMNLP,0,0
2025.emnlp-main.345,2025,EMNLP,1,1
2025.emnlp-main.346,2025,EMNLP,0,0
2025.emnlp-main.347,2025,EMNLP,0,0
2025.emnlp-main.348,2025,EMNLP,1,1
2025.emnlp-main.349,2025,EMNLP,0,0
2025.emnlp-main.35,2025,EMNLP,1,0
2025.emnlp-main.350,2025,EMNLP,1,1
2025.emnlp-main.351,2025,EMNLP,0,0
2025.emnlp-main.352,2025,EMNLP,0,0
2025.emnlp-main.353,2025,EMNLP,1,0
2025.emnlp-main.354,2025,EMNLP,1,1
2025.emnlp-main.355,2025,EMNLP,1,1
2025.emnlp-main.356,2025,EMNLP,1,1
2025.emnlp-main.357,2025,EMNLP,1,1
2025.emnlp-main.358,2025,EMNLP,0,0
2025.emnlp-main.359,2025,EMNLP,1,1
2025.emnlp-main.36,2025,EMNLP,1,1
2025.emnlp-main.360,2025,EMNLP,0,0
2025.emnlp-main.361,2025,EMNLP,1,1
2025.emnlp-main.362,2025,EMNLP,0,0
2025.emnlp-main.363,2025,EMNLP,0,0
2025.emnlp-main.364,2025,EMNLP,0,0
2025.emnlp-main.365,2025,EMNLP,0,0
2025.emnlp-main.366,2025,EMNLP,1,1
2025.emnlp-main.367,2025,EMNLP,0,0
2025.emnlp-main.368,2025,EMNLP,1,1
2025.emnlp-main.369,2025,EMNLP,0,0
2025.emnlp-main.37,2025,EMNLP,1,1
2025.emnlp-main.370,2025,EMNLP,1,1
2025.emnlp-main.371,2025,EMNLP,1,1
2025.emnlp-main.372,2025,EMNLP,1,1
2025.emnlp-main.373,2025,EMNLP,1,1
2025.emnlp-main.374,2025,EMNLP,1,1
2025.emnlp-main.375,2025,EMNLP,1,1
2025.emnlp-main.376,2025,EMNLP,0,0
2025.emnlp-main.377,2025,EMNLP,1,1
2025.emnlp-main.378,2025,EMNLP,1,1
2025.emnlp-main.379,2025,EMNLP,0,0
2025.emnlp-main.38,2025,EMNLP,1,1
2025.emnlp-main.380,2025,EMNLP,1,1
2025.emnlp-main.381,2025,EMNLP,1,1
2025.emnlp-main.382,2025,EMNLP,1,1
2025.emnlp-main.383,2025,EMNLP,0,0
2025.emnlp-main.384,2025,EMNLP,1,1
2025.emnlp-main.385,2025,EMNLP,0,0
2025.emnlp-main.386,2025,EMNLP,0,0
2025.emnlp-main.387,2025,EMNLP,0,0
2025.emnlp-main.388,2025,EMNLP,1,1
2025.emnlp-main.389,2025,EMNLP,1,1
2025.emnlp-main.39,2025,EMNLP,0,0
2025.emnlp-main.390,2025,EMNLP,0,0
2025.emnlp-main.391,2025,EMNLP,0,0
2025.emnlp-main.392,2025,EMNLP,1,1
2025.emnlp-main.393,2025,EMNLP,1,1
2025.emnlp-main.394,2025,EMNLP,0,0
2025.emnlp-main.395,2025,EMNLP,0,0
2025.emnlp-main.396,2025,EMNLP,1,1
2025.emnlp-main.397,2025,EMNLP,0,0
2025.emnlp-main.398,2025,EMNLP,1,1
2025.emnlp-main.399,2025,EMNLP,1,1
2025.emnlp-main.4,2025,EMNLP,1,1
2025.emnlp-main.40,2025,EMNLP,0,0
2025.emnlp-main.400,2025,EMNLP,0,0
2025.emnlp-main.401,2025,EMNLP,1,1
2025.emnlp-main.402,2025,EMNLP,1,0
2025.emnlp-main.403,2025,EMNLP,1,1
2025.emnlp-main.404,2025,EMNLP,1,1
2025.emnlp-main.405,2025,EMNLP,1,1
2025.emnlp-main.406,2025,EMNLP,1,1
2025.emnlp-main.407,2025,EMNLP,1,1
2025.emnlp-main.408,2025,EMNLP,1,1
2025.emnlp-main.409,2025,EMNLP,1,1
2025.emnlp-main.41,2025,EMNLP,0,0
2025.emnlp-main.410,2025,EMNLP,1,1
2025.emnlp-main.411,2025,EMNLP,1,1
2025.emnlp-main.412,2025,EMNLP,1,1
2025.emnlp-main.413,2025,EMNLP,1,1
2025.emnlp-main.414,2025,EMNLP,1,1
2025.emnlp-main.415,2025,EMNLP,1,1
2025.emnlp-main.416,2025,EMNLP,1,1
2025.emnlp-main.417,2025,EMNLP,1,1
2025.emnlp-main.418,2025,EMNLP,1,1
2025.emnlp-main.419,2025,EMNLP,1,1
2025.emnlp-main.42,2025,EMNLP,1,1
2025.emnlp-main.420,2025,EMNLP,1,0
2025.emnlp-main.421,2025,EMNLP,0,0
2025.emnlp-main.422,2025,EMNLP,1,1
2025.emnlp-main.423,2025,EMNLP,0,0
2025.emnlp-main.424,2025,EMNLP,0,0
2025.emnlp-main.425,2025,EMNLP,0,0
2025.emnlp-main.426,2025,EMNLP,0,0
2025.emnlp-main.427,2025,EMNLP,1,1
2025.emnlp-main.428,2025,EMNLP,0,0
2025.emnlp-main.429,2025,EMNLP,1,1
2025.emnlp-main.43,2025,EMNLP,1,1
2025.emnlp-main.430,2025,EMNLP,1,1
2025.emnlp-main.431,2025,EMNLP,0,0
2025.emnlp-main.432,2025,EMNLP,1,0
2025.emnlp-main.433,2025,EMNLP,1,0
2025.emnlp-main.434,2025,EMNLP,1,0
2025.emnlp-main.435,2025,EMNLP,1,1
2025.emnlp-main.436,2025,EMNLP,1,1
2025.emnlp-main.437,2025,EMNLP,1,1
2025.emnlp-main.438,2025,EMNLP,1,1
2025.emnlp-main.439,2025,EMNLP,0,0
2025.emnlp-main.44,2025,EMNLP,1,1
2025.emnlp-main.440,2025,EMNLP,1,1
2025.emnlp-main.441,2025,EMNLP,1,1
2025.emnlp-main.442,2025,EMNLP,1,1
2025.emnlp-main.443,2025,EMNLP,1,1
2025.emnlp-main.444,2025,EMNLP,0,0
2025.emnlp-main.445,2025,EMNLP,0,0
2025.emnlp-main.446,2025,EMNLP,0,0
2025.emnlp-main.447,2025,EMNLP,1,1
2025.emnlp-main.448,2025,EMNLP,1,1
2025.emnlp-main.449,2025,EMNLP,1,1
2025.emnlp-main.45,2025,EMNLP,0,0
2025.emnlp-main.450,2025,EMNLP,1,1
2025.emnlp-main.451,2025,EMNLP,0,0
2025.emnlp-main.452,2025,EMNLP,1,1
2025.emnlp-main.453,2025,EMNLP,1,1
2025.emnlp-main.454,2025,EMNLP,0,0
2025.emnlp-main.455,2025,EMNLP,1,1
2025.emnlp-main.456,2025,EMNLP,1,1
2025.emnlp-main.457,2025,EMNLP,1,1
2025.emnlp-main.458,2025,EMNLP,0,0
2025.emnlp-main.459,2025,EMNLP,1,1
2025.emnlp-main.46,2025,EMNLP,0,0
2025.emnlp-main.460,2025,EMNLP,0,0
2025.emnlp-main.461,2025,EMNLP,1,1
2025.emnlp-main.462,2025,EMNLP,0,0
2025.emnlp-main.463,2025,EMNLP,0,0
2025.emnlp-main.464,2025,EMNLP,1,1
2025.emnlp-main.465,2025,EMNLP,0,0
2025.emnlp-main.466,2025,EMNLP,1,1
2025.emnlp-main.467,2025,EMNLP,1,1
2025.emnlp-main.468,2025,EMNLP,1,1
2025.emnlp-main.469,2025,EMNLP,1,1
2025.emnlp-main.47,2025,EMNLP,1,1
2025.emnlp-main.470,2025,EMNLP,1,1
2025.emnlp-main.471,2025,EMNLP,0,0
2025.emnlp-main.472,2025,EMNLP,1,1
2025.emnlp-main.473,2025,EMNLP,1,1
2025.emnlp-main.474,2025,EMNLP,1,0
2025.emnlp-main.475,2025,EMNLP,1,1
2025.emnlp-main.476,2025,EMNLP,1,1
2025.emnlp-main.477,2025,EMNLP,1,1
2025.emnlp-main.478,2025,EMNLP,0,0
2025.emnlp-main.479,2025,EMNLP,1,0
2025.emnlp-main.48,2025,EMNLP,1,1
2025.emnlp-main.480,2025,EMNLP,0,0
2025.emnlp-main.481,2025,EMNLP,1,1
2025.emnlp-main.482,2025,EMNLP,0,0
2025.emnlp-main.483,2025,EMNLP,0,0
2025.emnlp-main.484,2025,EMNLP,0,0
2025.emnlp-main.485,2025,EMNLP,0,0
2025.emnlp-main.486,2025,EMNLP,1,1
2025.emnlp-main.487,2025,EMNLP,0,0
2025.emnlp-main.488,2025,EMNLP,1,1
2025.emnlp-main.489,2025,EMNLP,1,1
2025.emnlp-main.49,2025,EMNLP,1,1
2025.emnlp-main.490,2025,EMNLP,1,1
2025.emnlp-main.491,2025,EMNLP,1,1
2025.emnlp-main.492,2025,EMNLP,1,1
2025.emnlp-main.493,2025,EMNLP,0,0
2025.emnlp-main.494,2025,EMNLP,1,1
2025.emnlp-main.495,2025,EMNLP,0,0
2025.emnlp-main.496,2025,EMNLP,0,0
2025.emnlp-main.497,2025,EMNLP,0,0
2025.emnlp-main.498,2025,EMNLP,0,0
2025.emnlp-main.499,2025,EMNLP,0,0
2025.emnlp-main.5,2025,EMNLP,0,0
2025.emnlp-main.50,2025,EMNLP,0,0
2025.emnlp-main.500,2025,EMNLP,1,1
2025.emnlp-main.501,2025,EMNLP,0,0
2025.emnlp-main.502,2025,EMNLP,1,0
2025.emnlp-main.503,2025,EMNLP,1,0
2025.emnlp-main.504,2025,EMNLP,1,0
2025.emnlp-main.505,2025,EMNLP,1,0
2025.emnlp-main.506,2025,EMNLP,1,1
2025.emnlp-main.507,2025,EMNLP,1,1
2025.emnlp-main.508,2025,EMNLP,1,1
2025.emnlp-main.509,2025,EMNLP,0,0
2025.emnlp-main.51,2025,EMNLP,0,0
2025.emnlp-main.510,2025,EMNLP,1,1
2025.emnlp-main.511,2025,EMNLP,0,0
2025.emnlp-main.512,2025,EMNLP,0,0
2025.emnlp-main.513,2025,EMNLP,1,1
2025.emnlp-main.514,2025,EMNLP,0,0
2025.emnlp-main.515,2025,EMNLP,1,0
2025.emnlp-main.516,2025,EMNLP,1,1
2025.emnlp-main.517,2025,EMNLP,0,0
2025.emnlp-main.518,2025,EMNLP,1,0
2025.emnlp-main.519,2025,EMNLP,1,1
2025.emnlp-main.52,2025,EMNLP,1,0
2025.emnlp-main.520,2025,EMNLP,1,1
2025.emnlp-main.521,2025,EMNLP,1,1
2025.emnlp-main.522,2025,EMNLP,0,0
2025.emnlp-main.523,2025,EMNLP,0,0
2025.emnlp-main.524,2025,EMNLP,0,0
2025.emnlp-main.525,2025,EMNLP,1,1
2025.emnlp-main.526,2025,EMNLP,1,1
2025.emnlp-main.527,2025,EMNLP,1,1
2025.emnlp-main.528,2025,EMNLP,1,1
2025.emnlp-main.529,2025,EMNLP,0,0
2025.emnlp-main.53,2025,EMNLP,0,0
2025.emnlp-main.530,2025,EMNLP,1,1
2025.emnlp-main.531,2025,EMNLP,1,1
2025.emnlp-main.532,2025,EMNLP,0,0
2025.emnlp-main.533,2025,EMNLP,0,0
2025.emnlp-main.534,2025,EMNLP,0,0
2025.emnlp-main.535,2025,EMNLP,0,0
2025.emnlp-main.536,2025,EMNLP,0,0
2025.emnlp-main.537,2025,EMNLP,1,1
2025.emnlp-main.538,2025,EMNLP,0,0
2025.emnlp-main.539,2025,EMNLP,1,1
2025.emnlp-main.54,2025,EMNLP,1,1
2025.emnlp-main.540,2025,EMNLP,1,1
2025.emnlp-main.541,2025,EMNLP,1,1
2025.emnlp-main.542,2025,EMNLP,0,0
2025.emnlp-main.543,2025,EMNLP,1,1
2025.emnlp-main.544,2025,EMNLP,1,1
2025.emnlp-main.545,2025,EMNLP,1,1
2025.emnlp-main.546,2025,EMNLP,1,1
2025.emnlp-main.547,2025,EMNLP,1,1
2025.emnlp-main.548,2025,EMNLP,1,1
2025.emnlp-main.549,2025,EMNLP,1,1
2025.emnlp-main.55,2025,EMNLP,1,1
2025.emnlp-main.550,2025,EMNLP,0,0
2025.emnlp-main.551,2025,EMNLP,1,1
2025.emnlp-main.552,2025,EMNLP,0,0
2025.emnlp-main.553,2025,EMNLP,0,0
2025.emnlp-main.554,2025,EMNLP,1,1
2025.emnlp-main.555,2025,EMNLP,1,1
2025.emnlp-main.556,2025,EMNLP,1,1
2025.emnlp-main.557,2025,EMNLP,0,0
2025.emnlp-main.558,2025,EMNLP,1,1
2025.emnlp-main.559,2025,EMNLP,0,0
2025.emnlp-main.56,2025,EMNLP,0,0
2025.emnlp-main.560,2025,EMNLP,1,1
2025.emnlp-main.561,2025,EMNLP,0,0
2025.emnlp-main.562,2025,EMNLP,1,0
2025.emnlp-main.563,2025,EMNLP,1,1
2025.emnlp-main.564,2025,EMNLP,1,0
2025.emnlp-main.565,2025,EMNLP,0,0
2025.emnlp-main.566,2025,EMNLP,0,0
2025.emnlp-main.567,2025,EMNLP,0,0
2025.emnlp-main.568,2025,EMNLP,0,0
2025.emnlp-main.569,2025,EMNLP,1,1
2025.emnlp-main.57,2025,EMNLP,1,0
2025.emnlp-main.570,2025,EMNLP,1,1
2025.emnlp-main.571,2025,EMNLP,1,1
2025.emnlp-main.572,2025,EMNLP,1,1
2025.emnlp-main.573,2025,EMNLP,1,1
2025.emnlp-main.574,2025,EMNLP,0,0
2025.emnlp-main.575,2025,EMNLP,1,1
2025.emnlp-main.576,2025,EMNLP,0,0
2025.emnlp-main.577,2025,EMNLP,1,1
2025.emnlp-main.578,2025,EMNLP,0,0
2025.emnlp-main.579,2025,EMNLP,1,0
2025.emnlp-main.58,2025,EMNLP,0,0
2025.emnlp-main.580,2025,EMNLP,0,0
2025.emnlp-main.581,2025,EMNLP,0,0
2025.emnlp-main.582,2025,EMNLP,1,1
2025.emnlp-main.583,2025,EMNLP,0,0
2025.emnlp-main.584,2025,EMNLP,0,0
2025.emnlp-main.585,2025,EMNLP,1,1
2025.emnlp-main.586,2025,EMNLP,0,0
2025.emnlp-main.587,2025,EMNLP,1,1
2025.emnlp-main.588,2025,EMNLP,1,1
2025.emnlp-main.589,2025,EMNLP,1,1
2025.emnlp-main.59,2025,EMNLP,1,1
2025.emnlp-main.590,2025,EMNLP,1,1
2025.emnlp-main.591,2025,EMNLP,0,0
2025.emnlp-main.592,2025,EMNLP,1,1
2025.emnlp-main.593,2025,EMNLP,0,0
2025.emnlp-main.594,2025,EMNLP,0,0
2025.emnlp-main.595,2025,EMNLP,1,0
2025.emnlp-main.596,2025,EMNLP,0,0
2025.emnlp-main.597,2025,EMNLP,1,1
2025.emnlp-main.598,2025,EMNLP,1,1
2025.emnlp-main.599,2025,EMNLP,0,0
2025.emnlp-main.6,2025,EMNLP,0,0
2025.emnlp-main.60,2025,EMNLP,1,1
2025.emnlp-main.600,2025,EMNLP,0,0
2025.emnlp-main.601,2025,EMNLP,1,1
2025.emnlp-main.602,2025,EMNLP,1,1
2025.emnlp-main.603,2025,EMNLP,0,0
2025.emnlp-main.604,2025,EMNLP,1,1
2025.emnlp-main.605,2025,EMNLP,1,1
2025.emnlp-main.606,2025,EMNLP,0,0
2025.emnlp-main.607,2025,EMNLP,1,1
2025.emnlp-main.608,2025,EMNLP,1,1
2025.emnlp-main.609,2025,EMNLP,1,0
2025.emnlp-main.61,2025,EMNLP,1,1
2025.emnlp-main.610,2025,EMNLP,0,0
2025.emnlp-main.611,2025,EMNLP,1,0
2025.emnlp-main.612,2025,EMNLP,1,1
2025.emnlp-main.613,2025,EMNLP,1,1
2025.emnlp-main.614,2025,EMNLP,0,0
2025.emnlp-main.615,2025,EMNLP,1,1
2025.emnlp-main.616,2025,EMNLP,0,0
2025.emnlp-main.617,2025,EMNLP,1,1
2025.emnlp-main.618,2025,EMNLP,0,0
2025.emnlp-main.619,2025,EMNLP,0,0
2025.emnlp-main.62,2025,EMNLP,1,1
2025.emnlp-main.620,2025,EMNLP,1,1
2025.emnlp-main.621,2025,EMNLP,0,0
2025.emnlp-main.622,2025,EMNLP,1,1
2025.emnlp-main.623,2025,EMNLP,0,0
2025.emnlp-main.624,2025,EMNLP,1,1
2025.emnlp-main.625,2025,EMNLP,1,1
2025.emnlp-main.626,2025,EMNLP,1,0
2025.emnlp-main.627,2025,EMNLP,0,0
2025.emnlp-main.628,2025,EMNLP,0,0
2025.emnlp-main.629,2025,EMNLP,1,1
2025.emnlp-main.63,2025,EMNLP,0,0
2025.emnlp-main.630,2025,EMNLP,0,0
2025.emnlp-main.631,2025,EMNLP,1,0
2025.emnlp-main.632,2025,EMNLP,0,0
2025.emnlp-main.633,2025,EMNLP,0,0
2025.emnlp-main.634,2025,EMNLP,1,1
2025.emnlp-main.635,2025,EMNLP,0,0
2025.emnlp-main.636,2025,EMNLP,1,0
2025.emnlp-main.637,2025,EMNLP,1,1
2025.emnlp-main.638,2025,EMNLP,1,1
2025.emnlp-main.639,2025,EMNLP,1,1
2025.emnlp-main.64,2025,EMNLP,1,1
2025.emnlp-main.640,2025,EMNLP,0,0
2025.emnlp-main.641,2025,EMNLP,1,1
2025.emnlp-main.642,2025,EMNLP,1,0
2025.emnlp-main.643,2025,EMNLP,1,1
2025.emnlp-main.644,2025,EMNLP,1,1
2025.emnlp-main.645,2025,EMNLP,1,1
2025.emnlp-main.646,2025,EMNLP,1,1
2025.emnlp-main.647,2025,EMNLP,1,0
2025.emnlp-main.648,2025,EMNLP,0,0
2025.emnlp-main.649,2025,EMNLP,1,1
2025.emnlp-main.65,2025,EMNLP,1,1
2025.emnlp-main.650,2025,EMNLP,1,1
2025.emnlp-main.651,2025,EMNLP,0,0
2025.emnlp-main.652,2025,EMNLP,0,0
2025.emnlp-main.653,2025,EMNLP,1,1
2025.emnlp-main.654,2025,EMNLP,0,0
2025.emnlp-main.655,2025,EMNLP,0,0
2025.emnlp-main.656,2025,EMNLP,1,1
2025.emnlp-main.657,2025,EMNLP,1,0
2025.emnlp-main.658,2025,EMNLP,1,0
2025.emnlp-main.659,2025,EMNLP,0,0
2025.emnlp-main.66,2025,EMNLP,0,0
2025.emnlp-main.660,2025,EMNLP,0,0
2025.emnlp-main.661,2025,EMNLP,0,0
2025.emnlp-main.662,2025,EMNLP,0,0
2025.emnlp-main.663,2025,EMNLP,0,0
2025.emnlp-main.664,2025,EMNLP,0,0
2025.emnlp-main.665,2025,EMNLP,1,1
2025.emnlp-main.666,2025,EMNLP,1,1
2025.emnlp-main.667,2025,EMNLP,0,0
2025.emnlp-main.668,2025,EMNLP,0,0
2025.emnlp-main.669,2025,EMNLP,0,0
2025.emnlp-main.67,2025,EMNLP,1,1
2025.emnlp-main.670,2025,EMNLP,1,1
2025.emnlp-main.671,2025,EMNLP,1,1
2025.emnlp-main.672,2025,EMNLP,1,1
2025.emnlp-main.673,2025,EMNLP,1,1
2025.emnlp-main.674,2025,EMNLP,1,1
2025.emnlp-main.675,2025,EMNLP,0,0
2025.emnlp-main.676,2025,EMNLP,1,1
2025.emnlp-main.677,2025,EMNLP,1,1
2025.emnlp-main.678,2025,EMNLP,1,1
2025.emnlp-main.679,2025,EMNLP,1,1
2025.emnlp-main.68,2025,EMNLP,1,0
2025.emnlp-main.680,2025,EMNLP,1,1
2025.emnlp-main.681,2025,EMNLP,1,1
2025.emnlp-main.682,2025,EMNLP,1,1
2025.emnlp-main.683,2025,EMNLP,1,1
2025.emnlp-main.684,2025,EMNLP,1,1
2025.emnlp-main.685,2025,EMNLP,1,1
2025.emnlp-main.686,2025,EMNLP,1,1
2025.emnlp-main.687,2025,EMNLP,1,1
2025.emnlp-main.688,2025,EMNLP,0,0
2025.emnlp-main.689,2025,EMNLP,1,1
2025.emnlp-main.69,2025,EMNLP,0,0
2025.emnlp-main.690,2025,EMNLP,0,0
2025.emnlp-main.691,2025,EMNLP,1,1
2025.emnlp-main.692,2025,EMNLP,1,1
2025.emnlp-main.693,2025,EMNLP,0,0
2025.emnlp-main.694,2025,EMNLP,1,1
2025.emnlp-main.695,2025,EMNLP,1,1
2025.emnlp-main.696,2025,EMNLP,1,1
2025.emnlp-main.697,2025,EMNLP,1,1
2025.emnlp-main.698,2025,EMNLP,0,0
2025.emnlp-main.699,2025,EMNLP,1,1
2025.emnlp-main.7,2025,EMNLP,1,0
2025.emnlp-main.70,2025,EMNLP,1,1
2025.emnlp-main.700,2025,EMNLP,0,0
2025.emnlp-main.701,2025,EMNLP,1,1
2025.emnlp-main.702,2025,EMNLP,0,0
2025.emnlp-main.703,2025,EMNLP,1,1
2025.emnlp-main.704,2025,EMNLP,1,0
2025.emnlp-main.705,2025,EMNLP,1,1
2025.emnlp-main.706,2025,EMNLP,1,1
2025.emnlp-main.707,2025,EMNLP,0,0
2025.emnlp-main.708,2025,EMNLP,1,1
2025.emnlp-main.709,2025,EMNLP,1,1
2025.emnlp-main.71,2025,EMNLP,0,0
2025.emnlp-main.710,2025,EMNLP,0,0
2025.emnlp-main.711,2025,EMNLP,1,1
2025.emnlp-main.712,2025,EMNLP,0,0
2025.emnlp-main.713,2025,EMNLP,1,1
2025.emnlp-main.714,2025,EMNLP,1,1
2025.emnlp-main.715,2025,EMNLP,0,0
2025.emnlp-main.716,2025,EMNLP,0,0
2025.emnlp-main.717,2025,EMNLP,0,0
2025.emnlp-main.718,2025,EMNLP,1,1
2025.emnlp-main.719,2025,EMNLP,1,1
2025.emnlp-main.72,2025,EMNLP,1,1
2025.emnlp-main.720,2025,EMNLP,1,1
2025.emnlp-main.721,2025,EMNLP,1,1
2025.emnlp-main.722,2025,EMNLP,0,0
2025.emnlp-main.723,2025,EMNLP,0,0
2025.emnlp-main.724,2025,EMNLP,1,1
2025.emnlp-main.725,2025,EMNLP,1,1
2025.emnlp-main.726,2025,EMNLP,1,1
2025.emnlp-main.727,2025,EMNLP,1,1
2025.emnlp-main.728,2025,EMNLP,1,0
2025.emnlp-main.729,2025,EMNLP,0,0
2025.emnlp-main.73,2025,EMNLP,1,1
2025.emnlp-main.730,2025,EMNLP,0,0
2025.emnlp-main.731,2025,EMNLP,1,1
2025.emnlp-main.732,2025,EMNLP,0,0
2025.emnlp-main.733,2025,EMNLP,1,1
2025.emnlp-main.734,2025,EMNLP,1,1
2025.emnlp-main.735,2025,EMNLP,1,1
2025.emnlp-main.736,2025,EMNLP,1,1
2025.emnlp-main.737,2025,EMNLP,0,0
2025.emnlp-main.738,2025,EMNLP,1,1
2025.emnlp-main.739,2025,EMNLP,1,1
2025.emnlp-main.74,2025,EMNLP,1,1
2025.emnlp-main.740,2025,EMNLP,1,1
2025.emnlp-main.741,2025,EMNLP,1,1
2025.emnlp-main.742,2025,EMNLP,0,0
2025.emnlp-main.743,2025,EMNLP,1,1
2025.emnlp-main.744,2025,EMNLP,1,0
2025.emnlp-main.745,2025,EMNLP,1,1
2025.emnlp-main.746,2025,EMNLP,0,0
2025.emnlp-main.747,2025,EMNLP,1,1
2025.emnlp-main.748,2025,EMNLP,1,1
2025.emnlp-main.749,2025,EMNLP,1,1
2025.emnlp-main.75,2025,EMNLP,1,1
2025.emnlp-main.750,2025,EMNLP,0,0
2025.emnlp-main.751,2025,EMNLP,1,1
2025.emnlp-main.752,2025,EMNLP,0,0
2025.emnlp-main.753,2025,EMNLP,0,0
2025.emnlp-main.754,2025,EMNLP,1,0
2025.emnlp-main.755,2025,EMNLP,0,0
2025.emnlp-main.756,2025,EMNLP,0,0
2025.emnlp-main.757,2025,EMNLP,0,0
2025.emnlp-main.758,2025,EMNLP,1,0
2025.emnlp-main.759,2025,EMNLP,0,0
2025.emnlp-main.76,2025,EMNLP,1,0
2025.emnlp-main.760,2025,EMNLP,0,0
2025.emnlp-main.761,2025,EMNLP,0,0
2025.emnlp-main.762,2025,EMNLP,1,1
2025.emnlp-main.763,2025,EMNLP,0,0
2025.emnlp-main.764,2025,EMNLP,0,0
2025.emnlp-main.765,2025,EMNLP,1,1
2025.emnlp-main.766,2025,EMNLP,0,0
2025.emnlp-main.767,2025,EMNLP,0,0
2025.emnlp-main.768,2025,EMNLP,1,1
2025.emnlp-main.769,2025,EMNLP,0,0
2025.emnlp-main.77,2025,EMNLP,0,0
2025.emnlp-main.770,2025,EMNLP,1,1
2025.emnlp-main.771,2025,EMNLP,1,0
2025.emnlp-main.772,2025,EMNLP,0,0
2025.emnlp-main.773,2025,EMNLP,1,1
2025.emnlp-main.774,2025,EMNLP,0,0
2025.emnlp-main.775,2025,EMNLP,1,1
2025.emnlp-main.776,2025,EMNLP,1,1
2025.emnlp-main.777,2025,EMNLP,1,1
2025.emnlp-main.778,2025,EMNLP,1,1
2025.emnlp-main.779,2025,EMNLP,0,0
2025.emnlp-main.78,2025,EMNLP,1,0
2025.emnlp-main.780,2025,EMNLP,1,1
2025.emnlp-main.781,2025,EMNLP,1,0
2025.emnlp-main.782,2025,EMNLP,1,1
2025.emnlp-main.783,2025,EMNLP,1,1
2025.emnlp-main.784,2025,EMNLP,0,0
2025.emnlp-main.785,2025,EMNLP,0,0
2025.emnlp-main.786,2025,EMNLP,0,0
2025.emnlp-main.787,2025,EMNLP,0,0
2025.emnlp-main.788,2025,EMNLP,1,1
2025.emnlp-main.789,2025,EMNLP,1,1
2025.emnlp-main.79,2025,EMNLP,0,0
2025.emnlp-main.790,2025,EMNLP,1,1
2025.emnlp-main.791,2025,EMNLP,1,0
2025.emnlp-main.792,2025,EMNLP,0,0
2025.emnlp-main.793,2025,EMNLP,1,0
2025.emnlp-main.794,2025,EMNLP,0,0
2025.emnlp-main.795,2025,EMNLP,1,1
2025.emnlp-main.796,2025,EMNLP,1,1
2025.emnlp-main.797,2025,EMNLP,1,1
2025.emnlp-main.798,2025,EMNLP,0,0
2025.emnlp-main.799,2025,EMNLP,1,0
2025.emnlp-main.8,2025,EMNLP,1,1
2025.emnlp-main.80,2025,EMNLP,0,0
2025.emnlp-main.800,2025,EMNLP,0,0
2025.emnlp-main.801,2025,EMNLP,0,0
2025.emnlp-main.802,2025,EMNLP,0,0
2025.emnlp-main.803,2025,EMNLP,0,0
2025.emnlp-main.804,2025,EMNLP,0,0
2025.emnlp-main.805,2025,EMNLP,0,0
2025.emnlp-main.806,2025,EMNLP,0,0
2025.emnlp-main.807,2025,EMNLP,1,1
2025.emnlp-main.808,2025,EMNLP,0,0
2025.emnlp-main.809,2025,EMNLP,1,1
2025.emnlp-main.81,2025,EMNLP,1,0
2025.emnlp-main.810,2025,EMNLP,1,1
2025.emnlp-main.811,2025,EMNLP,0,0
2025.emnlp-main.812,2025,EMNLP,0,0
2025.emnlp-main.813,2025,EMNLP,0,0
2025.emnlp-main.814,2025,EMNLP,0,0
2025.emnlp-main.815,2025,EMNLP,1,1
2025.emnlp-main.816,2025,EMNLP,0,0
2025.emnlp-main.817,2025,EMNLP,0,0
2025.emnlp-main.818,2025,EMNLP,0,0
2025.emnlp-main.819,2025,EMNLP,0,0
2025.emnlp-main.82,2025,EMNLP,1,1
2025.emnlp-main.820,2025,EMNLP,0,0
2025.emnlp-main.821,2025,EMNLP,0,0
2025.emnlp-main.822,2025,EMNLP,1,0
2025.emnlp-main.823,2025,EMNLP,1,0
2025.emnlp-main.824,2025,EMNLP,0,0
2025.emnlp-main.825,2025,EMNLP,1,1
2025.emnlp-main.826,2025,EMNLP,0,0
2025.emnlp-main.827,2025,EMNLP,0,0
2025.emnlp-main.828,2025,EMNLP,0,0
2025.emnlp-main.829,2025,EMNLP,1,1
2025.emnlp-main.83,2025,EMNLP,0,0
2025.emnlp-main.830,2025,EMNLP,1,1
2025.emnlp-main.831,2025,EMNLP,0,0
2025.emnlp-main.832,2025,EMNLP,1,0
2025.emnlp-main.833,2025,EMNLP,1,1
2025.emnlp-main.834,2025,EMNLP,0,0
2025.emnlp-main.835,2025,EMNLP,1,1
2025.emnlp-main.836,2025,EMNLP,0,0
2025.emnlp-main.837,2025,EMNLP,1,1
2025.emnlp-main.838,2025,EMNLP,0,0
2025.emnlp-main.839,2025,EMNLP,1,1
2025.emnlp-main.84,2025,EMNLP,0,0
2025.emnlp-main.840,2025,EMNLP,0,0
2025.emnlp-main.841,2025,EMNLP,1,1
2025.emnlp-main.842,2025,EMNLP,1,1
2025.emnlp-main.843,2025,EMNLP,0,0
2025.emnlp-main.844,2025,EMNLP,0,0
2025.emnlp-main.845,2025,EMNLP,1,1
2025.emnlp-main.846,2025,EMNLP,1,0
2025.emnlp-main.847,2025,EMNLP,1,1
2025.emnlp-main.848,2025,EMNLP,1,1
2025.emnlp-main.849,2025,EMNLP,1,1
2025.emnlp-main.85,2025,EMNLP,1,1
2025.emnlp-main.850,2025,EMNLP,0,0
2025.emnlp-main.851,2025,EMNLP,0,0
2025.emnlp-main.852,2025,EMNLP,0,0
2025.emnlp-main.853,2025,EMNLP,0,0
2025.emnlp-main.854,2025,EMNLP,1,1
2025.emnlp-main.855,2025,EMNLP,1,1
2025.emnlp-main.856,2025,EMNLP,1,1
2025.emnlp-main.857,2025,EMNLP,1,1
2025.emnlp-main.858,2025,EMNLP,1,1
2025.emnlp-main.859,2025,EMNLP,1,1
2025.emnlp-main.86,2025,EMNLP,0,0
2025.emnlp-main.860,2025,EMNLP,1,1
2025.emnlp-main.861,2025,EMNLP,0,0
2025.emnlp-main.862,2025,EMNLP,0,0
2025.emnlp-main.863,2025,EMNLP,1,1
2025.emnlp-main.864,2025,EMNLP,1,1
2025.emnlp-main.865,2025,EMNLP,0,0
2025.emnlp-main.866,2025,EMNLP,0,0
2025.emnlp-main.867,2025,EMNLP,1,1
2025.emnlp-main.868,2025,EMNLP,1,1
2025.emnlp-main.869,2025,EMNLP,1,1
2025.emnlp-main.87,2025,EMNLP,1,1
2025.emnlp-main.870,2025,EMNLP,0,0
2025.emnlp-main.871,2025,EMNLP,1,1
2025.emnlp-main.872,2025,EMNLP,1,1
2025.emnlp-main.873,2025,EMNLP,1,1
2025.emnlp-main.874,2025,EMNLP,1,1
2025.emnlp-main.875,2025,EMNLP,0,0
2025.emnlp-main.876,2025,EMNLP,0,0
2025.emnlp-main.877,2025,EMNLP,0,0
2025.emnlp-main.878,2025,EMNLP,0,0
2025.emnlp-main.879,2025,EMNLP,1,1
2025.emnlp-main.88,2025,EMNLP,1,1
2025.emnlp-main.880,2025,EMNLP,1,1
2025.emnlp-main.881,2025,EMNLP,1,1
2025.emnlp-main.882,2025,EMNLP,1,1
2025.emnlp-main.883,2025,EMNLP,1,1
2025.emnlp-main.884,2025,EMNLP,1,1
2025.emnlp-main.885,2025,EMNLP,0,0
2025.emnlp-main.886,2025,EMNLP,1,1
2025.emnlp-main.887,2025,EMNLP,0,0
2025.emnlp-main.888,2025,EMNLP,0,0
2025.emnlp-main.889,2025,EMNLP,1,1
2025.emnlp-main.89,2025,EMNLP,1,0
2025.emnlp-main.890,2025,EMNLP,0,0
2025.emnlp-main.891,2025,EMNLP,1,0
2025.emnlp-main.892,2025,EMNLP,0,0
2025.emnlp-main.893,2025,EMNLP,0,0
2025.emnlp-main.894,2025,EMNLP,0,0
2025.emnlp-main.895,2025,EMNLP,0,0
2025.emnlp-main.896,2025,EMNLP,0,0
2025.emnlp-main.897,2025,EMNLP,1,1
2025.emnlp-main.898,2025,EMNLP,1,1
2025.emnlp-main.899,2025,EMNLP,0,0
2025.emnlp-main.9,2025,EMNLP,1,0
2025.emnlp-main.90,2025,EMNLP,0,0
2025.emnlp-main.900,2025,EMNLP,1,1
2025.emnlp-main.901,2025,EMNLP,1,1
2025.emnlp-main.902,2025,EMNLP,0,0
2025.emnlp-main.903,2025,EMNLP,1,1
2025.emnlp-main.904,2025,EMNLP,0,0
2025.emnlp-main.905,2025,EMNLP,1,1
2025.emnlp-main.906,2025,EMNLP,1,1
2025.emnlp-main.907,2025,EMNLP,0,0
2025.emnlp-main.908,2025,EMNLP,0,0
2025.emnlp-main.909,2025,EMNLP,1,1
2025.emnlp-main.91,2025,EMNLP,1,0
2025.emnlp-main.910,2025,EMNLP,0,0
2025.emnlp-main.911,2025,EMNLP,1,1
2025.emnlp-main.912,2025,EMNLP,1,1
2025.emnlp-main.913,2025,EMNLP,1,0
2025.emnlp-main.914,2025,EMNLP,1,1
2025.emnlp-main.915,2025,EMNLP,1,1
2025.emnlp-main.916,2025,EMNLP,1,1
2025.emnlp-main.917,2025,EMNLP,0,0
2025.emnlp-main.918,2025,EMNLP,1,1
2025.emnlp-main.919,2025,EMNLP,0,0
2025.emnlp-main.92,2025,EMNLP,0,0
2025.emnlp-main.920,2025,EMNLP,1,1
2025.emnlp-main.921,2025,EMNLP,0,0
2025.emnlp-main.922,2025,EMNLP,0,0
2025.emnlp-main.923,2025,EMNLP,0,0
2025.emnlp-main.924,2025,EMNLP,0,0
2025.emnlp-main.925,2025,EMNLP,1,1
2025.emnlp-main.926,2025,EMNLP,1,0
2025.emnlp-main.927,2025,EMNLP,1,1
2025.emnlp-main.928,2025,EMNLP,0,0
2025.emnlp-main.929,2025,EMNLP,1,1
2025.emnlp-main.93,2025,EMNLP,1,1
2025.emnlp-main.930,2025,EMNLP,1,1
2025.emnlp-main.931,2025,EMNLP,1,1
2025.emnlp-main.932,2025,EMNLP,1,1
2025.emnlp-main.933,2025,EMNLP,0,0
2025.emnlp-main.934,2025,EMNLP,0,0
2025.emnlp-main.935,2025,EMNLP,0,0
2025.emnlp-main.936,2025,EMNLP,1,1
2025.emnlp-main.937,2025,EMNLP,1,1
2025.emnlp-main.938,2025,EMNLP,0,0
2025.emnlp-main.939,2025,EMNLP,1,1
2025.emnlp-main.94,2025,EMNLP,0,0
2025.emnlp-main.940,2025,EMNLP,1,1
2025.emnlp-main.941,2025,EMNLP,1,0
2025.emnlp-main.942,2025,EMNLP,0,0
2025.emnlp-main.943,2025,EMNLP,1,1
2025.emnlp-main.944,2025,EMNLP,0,0
2025.emnlp-main.945,2025,EMNLP,1,1
2025.emnlp-main.946,2025,EMNLP,1,1
2025.emnlp-main.947,2025,EMNLP,1,1
2025.emnlp-main.948,2025,EMNLP,0,0
2025.emnlp-main.949,2025,EMNLP,1,0
2025.emnlp-main.95,2025,EMNLP,1,0
2025.emnlp-main.950,2025,EMNLP,1,1
2025.emnlp-main.951,2025,EMNLP,1,0
2025.emnlp-main.952,2025,EMNLP,1,1
2025.emnlp-main.953,2025,EMNLP,0,0
2025.emnlp-main.954,2025,EMNLP,1,0
2025.emnlp-main.955,2025,EMNLP,0,0
2025.emnlp-main.956,2025,EMNLP,1,1
2025.emnlp-main.957,2025,EMNLP,1,1
2025.emnlp-main.958,2025,EMNLP,1,1
2025.emnlp-main.959,2025,EMNLP,0,0
2025.emnlp-main.96,2025,EMNLP,1,1
2025.emnlp-main.960,2025,EMNLP,1,1
2025.emnlp-main.961,2025,EMNLP,1,1
2025.emnlp-main.962,2025,EMNLP,0,0
2025.emnlp-main.963,2025,EMNLP,0,0
2025.emnlp-main.964,2025,EMNLP,1,1
2025.emnlp-main.965,2025,EMNLP,1,1
2025.emnlp-main.966,2025,EMNLP,0,0
2025.emnlp-main.967,2025,EMNLP,1,1
2025.emnlp-main.968,2025,EMNLP,1,0
2025.emnlp-main.969,2025,EMNLP,0,0
2025.emnlp-main.97,2025,EMNLP,1,1
2025.emnlp-main.970,2025,EMNLP,1,1
2025.emnlp-main.971,2025,EMNLP,1,1
2025.emnlp-main.972,2025,EMNLP,1,1
2025.emnlp-main.973,2025,EMNLP,0,0
2025.emnlp-main.974,2025,EMNLP,0,0
2025.emnlp-main.975,2025,EMNLP,1,1
2025.emnlp-main.976,2025,EMNLP,1,1
2025.emnlp-main.977,2025,EMNLP,0,0
2025.emnlp-main.978,2025,EMNLP,0,0
2025.emnlp-main.979,2025,EMNLP,1,1
2025.emnlp-main.98,2025,EMNLP,1,1
2025.emnlp-main.980,2025,EMNLP,1,1
2025.emnlp-main.981,2025,EMNLP,1,1
2025.emnlp-main.982,2025,EMNLP,1,1
2025.emnlp-main.983,2025,EMNLP,1,1
2025.emnlp-main.984,2025,EMNLP,0,0
2025.emnlp-main.985,2025,EMNLP,1,1
2025.emnlp-main.986,2025,EMNLP,1,1
2025.emnlp-main.987,2025,EMNLP,0,0
2025.emnlp-main.988,2025,EMNLP,0,0
2025.emnlp-main.989,2025,EMNLP,1,1
2025.emnlp-main.99,2025,EMNLP,1,1
2025.emnlp-main.990,2025,EMNLP,0,0
2025.emnlp-main.991,2025,EMNLP,1,1
2025.emnlp-main.992,2025,EMNLP,1,1
2025.emnlp-main.993,2025,EMNLP,1,0
2025.emnlp-main.994,2025,EMNLP,0,0
2025.emnlp-main.995,2025,EMNLP,1,1
2025.emnlp-main.996,2025,EMNLP,0,0
2025.emnlp-main.997,2025,EMNLP,0,0
2025.emnlp-main.998,2025,EMNLP,1,1
2025.emnlp-main.999,2025,EMNLP,0,0
2025.naacl-long.1,2025,NAACL,0,0
2025.naacl-long.10,2025,NAACL,0,0
2025.naacl-long.100,2025,NAACL,0,0
2025.naacl-long.101,2025,NAACL,0,0
2025.naacl-long.102,2025,NAACL,0,0
2025.naacl-long.103,2025,NAACL,0,0
2025.naacl-long.104,2025,NAACL,0,0
2025.naacl-long.105,2025,NAACL,0,0
2025.naacl-long.106,2025,NAACL,0,0
2025.naacl-long.107,2025,NAACL,1,0
2025.naacl-long.108,2025,NAACL,0,0
2025.naacl-long.109,2025,NAACL,0,0
2025.naacl-long.11,2025,NAACL,0,0
2025.naacl-long.110,2025,NAACL,0,0
2025.naacl-long.111,2025,NAACL,0,0
2025.naacl-long.112,2025,NAACL,0,0
2025.naacl-long.113,2025,NAACL,0,0
2025.naacl-long.114,2025,NAACL,0,0
2025.naacl-long.115,2025,NAACL,0,0
2025.naacl-long.116,2025,NAACL,1,0
2025.naacl-long.117,2025,NAACL,0,0
2025.naacl-long.118,2025,NAACL,0,0
2025.naacl-long.119,2025,NAACL,0,0
2025.naacl-long.12,2025,NAACL,0,0
2025.naacl-long.120,2025,NAACL,0,0
2025.naacl-long.121,2025,NAACL,0,0
2025.naacl-long.122,2025,NAACL,0,0
2025.naacl-long.123,2025,NAACL,0,0
2025.naacl-long.124,2025,NAACL,0,0
2025.naacl-long.125,2025,NAACL,0,0
2025.naacl-long.126,2025,NAACL,0,0
2025.naacl-long.127,2025,NAACL,0,0
2025.naacl-long.128,2025,NAACL,0,0
2025.naacl-long.129,2025,NAACL,0,0
2025.naacl-long.13,2025,NAACL,0,0
2025.naacl-long.130,2025,NAACL,1,0
2025.naacl-long.131,2025,NAACL,0,0
2025.naacl-long.132,2025,NAACL,0,0
2025.naacl-long.133,2025,NAACL,0,0
2025.naacl-long.134,2025,NAACL,0,0
2025.naacl-long.135,2025,NAACL,0,0
2025.naacl-long.136,2025,NAACL,0,0
2025.naacl-long.137,2025,NAACL,0,0
2025.naacl-long.138,2025,NAACL,1,1
2025.naacl-long.139,2025,NAACL,0,0
2025.naacl-long.14,2025,NAACL,0,0
2025.naacl-long.140,2025,NAACL,0,0
2025.naacl-long.141,2025,NAACL,0,0
2025.naacl-long.142,2025,NAACL,0,0
2025.naacl-long.143,2025,NAACL,0,0
2025.naacl-long.144,2025,NAACL,0,0
2025.naacl-long.145,2025,NAACL,0,0
2025.naacl-long.146,2025,NAACL,0,0
2025.naacl-long.147,2025,NAACL,1,1
2025.naacl-long.148,2025,NAACL,0,0
2025.naacl-long.149,2025,NAACL,1,1
2025.naacl-long.15,2025,NAACL,0,0
2025.naacl-long.150,2025,NAACL,0,0
2025.naacl-long.151,2025,NAACL,0,0
2025.naacl-long.152,2025,NAACL,0,0
2025.naacl-long.153,2025,NAACL,0,0
2025.naacl-long.154,2025,NAACL,1,1
2025.naacl-long.155,2025,NAACL,1,0
2025.naacl-long.156,2025,NAACL,0,0
2025.naacl-long.157,2025,NAACL,0,0
2025.naacl-long.158,2025,NAACL,1,1
2025.naacl-long.159,2025,NAACL,0,0
2025.naacl-long.16,2025,NAACL,1,1
2025.naacl-long.160,2025,NAACL,0,0
2025.naacl-long.161,2025,NAACL,0,0
2025.naacl-long.162,2025,NAACL,0,0
2025.naacl-long.163,2025,NAACL,0,0
2025.naacl-long.164,2025,NAACL,0,0
2025.naacl-long.165,2025,NAACL,0,0
2025.naacl-long.166,2025,NAACL,1,1
2025.naacl-long.167,2025,NAACL,0,0
2025.naacl-long.168,2025,NAACL,1,1
2025.naacl-long.169,2025,NAACL,1,1
2025.naacl-long.17,2025,NAACL,0,0
2025.naacl-long.170,2025,NAACL,0,0
2025.naacl-long.171,2025,NAACL,0,0
2025.naacl-long.172,2025,NAACL,0,0
2025.naacl-long.173,2025,NAACL,0,0
2025.naacl-long.174,2025,NAACL,0,0
2025.naacl-long.175,2025,NAACL,0,0
2025.naacl-long.176,2025,NAACL,0,0
2025.naacl-long.177,2025,NAACL,0,0
2025.naacl-long.178,2025,NAACL,0,0
2025.naacl-long.179,2025,NAACL,0,0
2025.naacl-long.18,2025,NAACL,0,0
2025.naacl-long.180,2025,NAACL,0,0
2025.naacl-long.181,2025,NAACL,0,0
2025.naacl-long.182,2025,NAACL,0,0
2025.naacl-long.183,2025,NAACL,1,0
2025.naacl-long.184,2025,NAACL,0,0
2025.naacl-long.185,2025,NAACL,0,0
2025.naacl-long.186,2025,NAACL,0,0
2025.naacl-long.187,2025,NAACL,0,0
2025.naacl-long.188,2025,NAACL,0,0
2025.naacl-long.189,2025,NAACL,0,0
2025.naacl-long.19,2025,NAACL,0,0
2025.naacl-long.190,2025,NAACL,0,0
2025.naacl-long.191,2025,NAACL,0,0
2025.naacl-long.192,2025,NAACL,0,0
2025.naacl-long.193,2025,NAACL,1,1
2025.naacl-long.194,2025,NAACL,0,0
2025.naacl-long.195,2025,NAACL,0,0
2025.naacl-long.196,2025,NAACL,0,0
2025.naacl-long.197,2025,NAACL,0,0
2025.naacl-long.198,2025,NAACL,0,0
2025.naacl-long.199,2025,NAACL,1,1
2025.naacl-long.2,2025,NAACL,0,0
2025.naacl-long.20,2025,NAACL,0,0
2025.naacl-long.200,2025,NAACL,0,0
2025.naacl-long.201,2025,NAACL,1,1
2025.naacl-long.202,2025,NAACL,1,1
2025.naacl-long.203,2025,NAACL,0,0
2025.naacl-long.204,2025,NAACL,0,0
2025.naacl-long.205,2025,NAACL,0,0
2025.naacl-long.206,2025,NAACL,0,0
2025.naacl-long.207,2025,NAACL,0,0
2025.naacl-long.208,2025,NAACL,0,0
2025.naacl-long.209,2025,NAACL,0,0
2025.naacl-long.21,2025,NAACL,0,0
2025.naacl-long.210,2025,NAACL,0,0
2025.naacl-long.211,2025,NAACL,1,1
2025.naacl-long.212,2025,NAACL,0,0
2025.naacl-long.213,2025,NAACL,1,1
2025.naacl-long.214,2025,NAACL,0,0
2025.naacl-long.215,2025,NAACL,0,0
2025.naacl-long.216,2025,NAACL,0,0
2025.naacl-long.217,2025,NAACL,1,1
2025.naacl-long.218,2025,NAACL,0,0
2025.naacl-long.219,2025,NAACL,0,0
2025.naacl-long.22,2025,NAACL,0,0
2025.naacl-long.220,2025,NAACL,0,0
2025.naacl-long.221,2025,NAACL,0,0
2025.naacl-long.222,2025,NAACL,0,0
2025.naacl-long.223,2025,NAACL,0,0
2025.naacl-long.224,2025,NAACL,0,0
2025.naacl-long.225,2025,NAACL,0,0
2025.naacl-long.226,2025,NAACL,0,0
2025.naacl-long.227,2025,NAACL,0,0
2025.naacl-long.228,2025,NAACL,0,0
2025.naacl-long.229,2025,NAACL,0,0
2025.naacl-long.23,2025,NAACL,0,0
2025.naacl-long.230,2025,NAACL,0,0
2025.naacl-long.231,2025,NAACL,0,0
2025.naacl-long.232,2025,NAACL,1,1
2025.naacl-long.233,2025,NAACL,0,0
2025.naacl-long.234,2025,NAACL,1,1
2025.naacl-long.235,2025,NAACL,0,0
2025.naacl-long.236,2025,NAACL,0,0
2025.naacl-long.237,2025,NAACL,0,0
2025.naacl-long.238,2025,NAACL,0,0
2025.naacl-long.239,2025,NAACL,0,0
2025.naacl-long.24,2025,NAACL,1,1
2025.naacl-long.240,2025,NAACL,0,0
2025.naacl-long.241,2025,NAACL,1,1
2025.naacl-long.242,2025,NAACL,0,0
2025.naacl-long.243,2025,NAACL,0,0
2025.naacl-long.244,2025,NAACL,0,0
2025.naacl-long.245,2025,NAACL,1,1
2025.naacl-long.246,2025,NAACL,0,0
2025.naacl-long.247,2025,NAACL,0,0
2025.naacl-long.248,2025,NAACL,0,0
2025.naacl-long.249,2025,NAACL,0,0
2025.naacl-long.25,2025,NAACL,0,0
2025.naacl-long.250,2025,NAACL,0,0
2025.naacl-long.251,2025,NAACL,0,0
2025.naacl-long.252,2025,NAACL,0,0
2025.naacl-long.253,2025,NAACL,0,0
2025.naacl-long.254,2025,NAACL,0,0
2025.naacl-long.255,2025,NAACL,0,0
2025.naacl-long.256,2025,NAACL,0,0
2025.naacl-long.257,2025,NAACL,0,0
2025.naacl-long.258,2025,NAACL,0,0
2025.naacl-long.259,2025,NAACL,1,1
2025.naacl-long.26,2025,NAACL,0,0
2025.naacl-long.260,2025,NAACL,0,0
2025.naacl-long.261,2025,NAACL,1,1
2025.naacl-long.262,2025,NAACL,1,1
2025.naacl-long.263,2025,NAACL,1,1
2025.naacl-long.264,2025,NAACL,0,0
2025.naacl-long.265,2025,NAACL,1,1
2025.naacl-long.266,2025,NAACL,0,0
2025.naacl-long.267,2025,NAACL,0,0
2025.naacl-long.268,2025,NAACL,0,0
2025.naacl-long.269,2025,NAACL,1,1
2025.naacl-long.27,2025,NAACL,0,0
2025.naacl-long.270,2025,NAACL,1,1
2025.naacl-long.271,2025,NAACL,1,1
2025.naacl-long.272,2025,NAACL,1,1
2025.naacl-long.273,2025,NAACL,0,0
2025.naacl-long.274,2025,NAACL,1,1
2025.naacl-long.275,2025,NAACL,0,0
2025.naacl-long.276,2025,NAACL,0,0
2025.naacl-long.277,2025,NAACL,1,1
2025.naacl-long.278,2025,NAACL,0,0
2025.naacl-long.279,2025,NAACL,0,0
2025.naacl-long.28,2025,NAACL,0,0
2025.naacl-long.280,2025,NAACL,1,1
2025.naacl-long.281,2025,NAACL,0,0
2025.naacl-long.282,2025,NAACL,1,1
2025.naacl-long.283,2025,NAACL,1,0
2025.naacl-long.284,2025,NAACL,1,1
2025.naacl-long.285,2025,NAACL,0,0
2025.naacl-long.286,2025,NAACL,1,1
2025.naacl-long.287,2025,NAACL,0,0
2025.naacl-long.288,2025,NAACL,1,1
2025.naacl-long.289,2025,NAACL,0,0
2025.naacl-long.29,2025,NAACL,0,0
2025.naacl-long.290,2025,NAACL,0,0
2025.naacl-long.291,2025,NAACL,1,1
2025.naacl-long.292,2025,NAACL,0,0
2025.naacl-long.293,2025,NAACL,1,1
2025.naacl-long.294,2025,NAACL,0,0
2025.naacl-long.295,2025,NAACL,0,0
2025.naacl-long.296,2025,NAACL,0,0
2025.naacl-long.297,2025,NAACL,1,1
2025.naacl-long.298,2025,NAACL,1,1
2025.naacl-long.299,2025,NAACL,0,0
2025.naacl-long.3,2025,NAACL,1,1
2025.naacl-long.30,2025,NAACL,1,1
2025.naacl-long.300,2025,NAACL,1,1
2025.naacl-long.301,2025,NAACL,0,0
2025.naacl-long.302,2025,NAACL,1,1
2025.naacl-long.303,2025,NAACL,1,1
2025.naacl-long.304,2025,NAACL,1,1
2025.naacl-long.305,2025,NAACL,1,0
2025.naacl-long.306,2025,NAACL,1,1
2025.naacl-long.307,2025,NAACL,0,0
2025.naacl-long.308,2025,NAACL,1,1
2025.naacl-long.309,2025,NAACL,1,1
2025.naacl-long.31,2025,NAACL,1,1
2025.naacl-long.310,2025,NAACL,1,1
2025.naacl-long.311,2025,NAACL,0,0
2025.naacl-long.312,2025,NAACL,1,1
2025.naacl-long.313,2025,NAACL,1,1
2025.naacl-long.314,2025,NAACL,0,0
2025.naacl-long.315,2025,NAACL,1,1
2025.naacl-long.316,2025,NAACL,0,0
2025.naacl-long.317,2025,NAACL,0,0
2025.naacl-long.318,2025,NAACL,0,0
2025.naacl-long.319,2025,NAACL,1,1
2025.naacl-long.32,2025,NAACL,0,0
2025.naacl-long.320,2025,NAACL,1,1
2025.naacl-long.321,2025,NAACL,1,1
2025.naacl-long.322,2025,NAACL,0,0
2025.naacl-long.323,2025,NAACL,1,1
2025.naacl-long.324,2025,NAACL,0,0
2025.naacl-long.325,2025,NAACL,1,1
2025.naacl-long.326,2025,NAACL,1,1
2025.naacl-long.327,2025,NAACL,1,1
2025.naacl-long.328,2025,NAACL,1,1
2025.naacl-long.329,2025,NAACL,1,1
2025.naacl-long.33,2025,NAACL,0,0
2025.naacl-long.330,2025,NAACL,1,1
2025.naacl-long.331,2025,NAACL,0,0
2025.naacl-long.332,2025,NAACL,1,1
2025.naacl-long.333,2025,NAACL,1,1
2025.naacl-long.334,2025,NAACL,1,1
2025.naacl-long.335,2025,NAACL,1,1
2025.naacl-long.336,2025,NAACL,0,0
2025.naacl-long.337,2025,NAACL,0,0
2025.naacl-long.338,2025,NAACL,1,1
2025.naacl-long.339,2025,NAACL,1,1
2025.naacl-long.34,2025,NAACL,1,1
2025.naacl-long.340,2025,NAACL,1,1
2025.naacl-long.341,2025,NAACL,0,0
2025.naacl-long.342,2025,NAACL,0,0
2025.naacl-long.343,2025,NAACL,1,0
2025.naacl-long.344,2025,NAACL,0,0
2025.naacl-long.345,2025,NAACL,0,0
2025.naacl-long.346,2025,NAACL,1,1
2025.naacl-long.347,2025,NAACL,0,0
2025.naacl-long.348,2025,NAACL,0,0
2025.naacl-long.349,2025,NAACL,1,1
2025.naacl-long.35,2025,NAACL,0,0
2025.naacl-long.350,2025,NAACL,1,1
2025.naacl-long.351,2025,NAACL,1,1
2025.naacl-long.352,2025,NAACL,0,0
2025.naacl-long.353,2025,NAACL,0,0
2025.naacl-long.354,2025,NAACL,0,0
2025.naacl-long.355,2025,NAACL,1,1
2025.naacl-long.356,2025,NAACL,0,0
2025.naacl-long.357,2025,NAACL,0,0
2025.naacl-long.358,2025,NAACL,1,1
2025.naacl-long.359,2025,NAACL,0,0
2025.naacl-long.36,2025,NAACL,0,0
2025.naacl-long.360,2025,NAACL,0,0
2025.naacl-long.361,2025,NAACL,0,0
2025.naacl-long.362,2025,NAACL,1,0
2025.naacl-long.363,2025,NAACL,1,1
2025.naacl-long.364,2025,NAACL,0,0
2025.naacl-long.365,2025,NAACL,1,1
2025.naacl-long.366,2025,NAACL,1,1
2025.naacl-long.367,2025,NAACL,0,0
2025.naacl-long.368,2025,NAACL,0,0
2025.naacl-long.369,2025,NAACL,1,1
2025.naacl-long.37,2025,NAACL,0,0
2025.naacl-long.370,2025,NAACL,1,1
2025.naacl-long.371,2025,NAACL,1,1
2025.naacl-long.372,2025,NAACL,0,0
2025.naacl-long.373,2025,NAACL,1,1
2025.naacl-long.374,2025,NAACL,1,1
2025.naacl-long.375,2025,NAACL,1,1
2025.naacl-long.376,2025,NAACL,1,1
2025.naacl-long.377,2025,NAACL,0,0
2025.naacl-long.378,2025,NAACL,1,1
2025.naacl-long.379,2025,NAACL,0,0
2025.naacl-long.38,2025,NAACL,0,0
2025.naacl-long.380,2025,NAACL,1,1
2025.naacl-long.381,2025,NAACL,0,0
2025.naacl-long.382,2025,NAACL,0,0
2025.naacl-long.383,2025,NAACL,0,0
2025.naacl-long.384,2025,NAACL,0,0
2025.naacl-long.385,2025,NAACL,1,1
2025.naacl-long.386,2025,NAACL,1,1
2025.naacl-long.387,2025,NAACL,1,1
2025.naacl-long.388,2025,NAACL,0,0
2025.naacl-long.389,2025,NAACL,1,0
2025.naacl-long.39,2025,NAACL,1,1
2025.naacl-long.390,2025,NAACL,1,1
2025.naacl-long.391,2025,NAACL,0,0
2025.naacl-long.392,2025,NAACL,0,0
2025.naacl-long.393,2025,NAACL,1,1
2025.naacl-long.394,2025,NAACL,0,0
2025.naacl-long.395,2025,NAACL,1,1
2025.naacl-long.396,2025,NAACL,0,0
2025.naacl-long.397,2025,NAACL,0,0
2025.naacl-long.398,2025,NAACL,0,0
2025.naacl-long.399,2025,NAACL,1,1
2025.naacl-long.4,2025,NAACL,0,0
2025.naacl-long.40,2025,NAACL,0,0
2025.naacl-long.400,2025,NAACL,0,0
2025.naacl-long.401,2025,NAACL,1,1
2025.naacl-long.402,2025,NAACL,1,1
2025.naacl-long.403,2025,NAACL,1,1
2025.naacl-long.404,2025,NAACL,0,0
2025.naacl-long.405,2025,NAACL,0,0
2025.naacl-long.406,2025,NAACL,1,0
2025.naacl-long.407,2025,NAACL,0,0
2025.naacl-long.408,2025,NAACL,0,0
2025.naacl-long.409,2025,NAACL,0,0
2025.naacl-long.41,2025,NAACL,0,0
2025.naacl-long.410,2025,NAACL,1,1
2025.naacl-long.411,2025,NAACL,0,0
2025.naacl-long.412,2025,NAACL,1,0
2025.naacl-long.413,2025,NAACL,0,0
2025.naacl-long.414,2025,NAACL,0,0
2025.naacl-long.415,2025,NAACL,1,0
2025.naacl-long.416,2025,NAACL,1,1
2025.naacl-long.417,2025,NAACL,0,0
2025.naacl-long.418,2025,NAACL,1,1
2025.naacl-long.419,2025,NAACL,1,1
2025.naacl-long.42,2025,NAACL,0,0
2025.naacl-long.420,2025,NAACL,0,0
2025.naacl-long.421,2025,NAACL,1,1
2025.naacl-long.422,2025,NAACL,0,0
2025.naacl-long.423,2025,NAACL,1,1
2025.naacl-long.424,2025,NAACL,1,0
2025.naacl-long.425,2025,NAACL,0,0
2025.naacl-long.426,2025,NAACL,1,1
2025.naacl-long.427,2025,NAACL,0,0
2025.naacl-long.428,2025,NAACL,1,1
2025.naacl-long.429,2025,NAACL,1,1
2025.naacl-long.43,2025,NAACL,0,0
2025.naacl-long.430,2025,NAACL,1,1
2025.naacl-long.431,2025,NAACL,1,1
2025.naacl-long.432,2025,NAACL,1,0
2025.naacl-long.433,2025,NAACL,0,0
2025.naacl-long.434,2025,NAACL,0,0
2025.naacl-long.435,2025,NAACL,1,1
2025.naacl-long.436,2025,NAACL,1,1
2025.naacl-long.437,2025,NAACL,1,1
2025.naacl-long.438,2025,NAACL,1,1
2025.naacl-long.439,2025,NAACL,1,1
2025.naacl-long.44,2025,NAACL,0,0
2025.naacl-long.440,2025,NAACL,0,0
2025.naacl-long.441,2025,NAACL,1,1
2025.naacl-long.442,2025,NAACL,1,1
2025.naacl-long.443,2025,NAACL,0,0
2025.naacl-long.444,2025,NAACL,1,1
2025.naacl-long.445,2025,NAACL,1,1
2025.naacl-long.446,2025,NAACL,1,1
2025.naacl-long.447,2025,NAACL,0,0
2025.naacl-long.448,2025,NAACL,1,1
2025.naacl-long.449,2025,NAACL,0,0
2025.naacl-long.45,2025,NAACL,0,0
2025.naacl-long.450,2025,NAACL,1,0
2025.naacl-long.451,2025,NAACL,1,1
2025.naacl-long.452,2025,NAACL,1,1
2025.naacl-long.453,2025,NAACL,0,0
2025.naacl-long.454,2025,NAACL,1,1
2025.naacl-long.455,2025,NAACL,0,0
2025.naacl-long.456,2025,NAACL,0,0
2025.naacl-long.457,2025,NAACL,1,1
2025.naacl-long.458,2025,NAACL,0,0
2025.naacl-long.459,2025,NAACL,1,1
2025.naacl-long.46,2025,NAACL,0,0
2025.naacl-long.460,2025,NAACL,1,1
2025.naacl-long.461,2025,NAACL,0,0
2025.naacl-long.462,2025,NAACL,0,0
2025.naacl-long.463,2025,NAACL,0,0
2025.naacl-long.464,2025,NAACL,1,1
2025.naacl-long.465,2025,NAACL,1,1
2025.naacl-long.466,2025,NAACL,0,0
2025.naacl-long.467,2025,NAACL,0,0
2025.naacl-long.468,2025,NAACL,1,0
2025.naacl-long.469,2025,NAACL,0,0
2025.naacl-long.47,2025,NAACL,0,0
2025.naacl-long.470,2025,NAACL,1,1
2025.naacl-long.471,2025,NAACL,1,1
2025.naacl-long.472,2025,NAACL,1,1
2025.naacl-long.473,2025,NAACL,0,0
2025.naacl-long.474,2025,NAACL,1,1
2025.naacl-long.475,2025,NAACL,0,0
2025.naacl-long.476,2025,NAACL,0,0
2025.naacl-long.477,2025,NAACL,0,0
2025.naacl-long.478,2025,NAACL,0,0
2025.naacl-long.479,2025,NAACL,1,1
2025.naacl-long.48,2025,NAACL,0,0
2025.naacl-long.480,2025,NAACL,1,1
2025.naacl-long.481,2025,NAACL,0,0
2025.naacl-long.482,2025,NAACL,1,1
2025.naacl-long.483,2025,NAACL,0,0
2025.naacl-long.484,2025,NAACL,1,1
2025.naacl-long.485,2025,NAACL,0,0
2025.naacl-long.486,2025,NAACL,0,0
2025.naacl-long.487,2025,NAACL,0,0
2025.naacl-long.488,2025,NAACL,1,1
2025.naacl-long.489,2025,NAACL,1,1
2025.naacl-long.49,2025,NAACL,0,0
2025.naacl-long.490,2025,NAACL,1,1
2025.naacl-long.491,2025,NAACL,1,0
2025.naacl-long.492,2025,NAACL,1,1
2025.naacl-long.493,2025,NAACL,0,0
2025.naacl-long.494,2025,NAACL,1,1
2025.naacl-long.495,2025,NAACL,1,0
2025.naacl-long.496,2025,NAACL,0,0
2025.naacl-long.497,2025,NAACL,1,1
2025.naacl-long.498,2025,NAACL,0,0
2025.naacl-long.499,2025,NAACL,1,1
2025.naacl-long.5,2025,NAACL,1,1
2025.naacl-long.50,2025,NAACL,1,1
2025.naacl-long.500,2025,NAACL,0,0
2025.naacl-long.501,2025,NAACL,1,1
2025.naacl-long.502,2025,NAACL,0,0
2025.naacl-long.503,2025,NAACL,1,1
2025.naacl-long.504,2025,NAACL,0,0
2025.naacl-long.505,2025,NAACL,0,0
2025.naacl-long.506,2025,NAACL,1,1
2025.naacl-long.507,2025,NAACL,0,0
2025.naacl-long.508,2025,NAACL,0,0
2025.naacl-long.509,2025,NAACL,1,1
2025.naacl-long.51,2025,NAACL,0,0
2025.naacl-long.510,2025,NAACL,0,0
2025.naacl-long.511,2025,NAACL,0,0
2025.naacl-long.512,2025,NAACL,0,0
2025.naacl-long.513,2025,NAACL,1,1
2025.naacl-long.514,2025,NAACL,1,1
2025.naacl-long.515,2025,NAACL,1,1
2025.naacl-long.516,2025,NAACL,1,1
2025.naacl-long.517,2025,NAACL,1,0
2025.naacl-long.518,2025,NAACL,1,1
2025.naacl-long.519,2025,NAACL,1,0
2025.naacl-long.52,2025,NAACL,1,0
2025.naacl-long.520,2025,NAACL,0,0
2025.naacl-long.521,2025,NAACL,1,1
2025.naacl-long.522,2025,NAACL,0,0
2025.naacl-long.523,2025,NAACL,1,0
2025.naacl-long.524,2025,NAACL,1,1
2025.naacl-long.525,2025,NAACL,0,0
2025.naacl-long.526,2025,NAACL,1,1
2025.naacl-long.527,2025,NAACL,1,1
2025.naacl-long.528,2025,NAACL,1,0
2025.naacl-long.529,2025,NAACL,1,1
2025.naacl-long.53,2025,NAACL,0,0
2025.naacl-long.530,2025,NAACL,0,0
2025.naacl-long.531,2025,NAACL,1,1
2025.naacl-long.532,2025,NAACL,1,0
2025.naacl-long.533,2025,NAACL,1,1
2025.naacl-long.534,2025,NAACL,1,1
2025.naacl-long.535,2025,NAACL,0,0
2025.naacl-long.536,2025,NAACL,1,1
2025.naacl-long.537,2025,NAACL,1,1
2025.naacl-long.538,2025,NAACL,0,0
2025.naacl-long.539,2025,NAACL,1,0
2025.naacl-long.54,2025,NAACL,0,0
2025.naacl-long.540,2025,NAACL,1,1
2025.naacl-long.541,2025,NAACL,1,1
2025.naacl-long.542,2025,NAACL,1,1
2025.naacl-long.543,2025,NAACL,1,0
2025.naacl-long.544,2025,NAACL,0,0
2025.naacl-long.545,2025,NAACL,1,1
2025.naacl-long.546,2025,NAACL,1,1
2025.naacl-long.547,2025,NAACL,1,1
2025.naacl-long.548,2025,NAACL,0,0
2025.naacl-long.549,2025,NAACL,0,0
2025.naacl-long.55,2025,NAACL,1,1
2025.naacl-long.550,2025,NAACL,1,0
2025.naacl-long.551,2025,NAACL,1,0
2025.naacl-long.552,2025,NAACL,1,1
2025.naacl-long.553,2025,NAACL,1,1
2025.naacl-long.554,2025,NAACL,1,0
2025.naacl-long.555,2025,NAACL,1,1
2025.naacl-long.556,2025,NAACL,0,0
2025.naacl-long.557,2025,NAACL,1,1
2025.naacl-long.558,2025,NAACL,0,0
2025.naacl-long.559,2025,NAACL,0,0
2025.naacl-long.56,2025,NAACL,0,0
2025.naacl-long.560,2025,NAACL,1,1
2025.naacl-long.561,2025,NAACL,0,0
2025.naacl-long.562,2025,NAACL,0,0
2025.naacl-long.563,2025,NAACL,0,0
2025.naacl-long.564,2025,NAACL,0,0
2025.naacl-long.565,2025,NAACL,1,1
2025.naacl-long.566,2025,NAACL,0,0
2025.naacl-long.567,2025,NAACL,1,0
2025.naacl-long.568,2025,NAACL,1,0
2025.naacl-long.569,2025,NAACL,1,1
2025.naacl-long.57,2025,NAACL,0,0
2025.naacl-long.570,2025,NAACL,1,1
2025.naacl-long.571,2025,NAACL,1,1
2025.naacl-long.572,2025,NAACL,0,0
2025.naacl-long.573,2025,NAACL,0,0
2025.naacl-long.574,2025,NAACL,1,0
2025.naacl-long.575,2025,NAACL,1,1
2025.naacl-long.576,2025,NAACL,1,1
2025.naacl-long.577,2025,NAACL,1,1
2025.naacl-long.578,2025,NAACL,1,0
2025.naacl-long.579,2025,NAACL,1,1
2025.naacl-long.58,2025,NAACL,1,1
2025.naacl-long.580,2025,NAACL,1,1
2025.naacl-long.581,2025,NAACL,0,0
2025.naacl-long.582,2025,NAACL,0,0
2025.naacl-long.583,2025,NAACL,0,0
2025.naacl-long.584,2025,NAACL,0,0
2025.naacl-long.585,2025,NAACL,1,1
2025.naacl-long.586,2025,NAACL,0,0
2025.naacl-long.587,2025,NAACL,1,1
2025.naacl-long.588,2025,NAACL,1,1
2025.naacl-long.589,2025,NAACL,1,1
2025.naacl-long.59,2025,NAACL,0,0
2025.naacl-long.590,2025,NAACL,1,1
2025.naacl-long.591,2025,NAACL,0,0
2025.naacl-long.592,2025,NAACL,0,0
2025.naacl-long.593,2025,NAACL,0,0
2025.naacl-long.594,2025,NAACL,1,1
2025.naacl-long.595,2025,NAACL,0,0
2025.naacl-long.596,2025,NAACL,1,1
2025.naacl-long.597,2025,NAACL,1,1
2025.naacl-long.598,2025,NAACL,0,0
2025.naacl-long.599,2025,NAACL,1,1
2025.naacl-long.6,2025,NAACL,0,0
2025.naacl-long.60,2025,NAACL,0,0
2025.naacl-long.600,2025,NAACL,1,1
2025.naacl-long.601,2025,NAACL,1,1
2025.naacl-long.602,2025,NAACL,1,1
2025.naacl-long.603,2025,NAACL,1,0
2025.naacl-long.604,2025,NAACL,0,0
2025.naacl-long.605,2025,NAACL,0,0
2025.naacl-long.606,2025,NAACL,1,0
2025.naacl-long.607,2025,NAACL,0,0
2025.naacl-long.608,2025,NAACL,0,0
2025.naacl-long.609,2025,NAACL,0,0
2025.naacl-long.61,2025,NAACL,0,0
2025.naacl-long.610,2025,NAACL,1,1
2025.naacl-long.611,2025,NAACL,1,1
2025.naacl-long.612,2025,NAACL,1,1
2025.naacl-long.613,2025,NAACL,0,0
2025.naacl-long.614,2025,NAACL,0,0
2025.naacl-long.615,2025,NAACL,0,0
2025.naacl-long.616,2025,NAACL,1,1
2025.naacl-long.617,2025,NAACL,0,0
2025.naacl-long.618,2025,NAACL,1,0
2025.naacl-long.619,2025,NAACL,1,1
2025.naacl-long.62,2025,NAACL,0,0
2025.naacl-long.620,2025,NAACL,0,0
2025.naacl-long.621,2025,NAACL,0,0
2025.naacl-long.622,2025,NAACL,1,1
2025.naacl-long.623,2025,NAACL,0,0
2025.naacl-long.624,2025,NAACL,1,1
2025.naacl-long.625,2025,NAACL,1,1
2025.naacl-long.626,2025,NAACL,1,1
2025.naacl-long.627,2025,NAACL,0,0
2025.naacl-long.628,2025,NAACL,1,1
2025.naacl-long.629,2025,NAACL,1,1
2025.naacl-long.63,2025,NAACL,1,1
2025.naacl-long.630,2025,NAACL,1,1
2025.naacl-long.631,2025,NAACL,0,0
2025.naacl-long.632,2025,NAACL,1,1
2025.naacl-long.633,2025,NAACL,0,0
2025.naacl-long.634,2025,NAACL,1,1
2025.naacl-long.635,2025,NAACL,0,0
2025.naacl-long.636,2025,NAACL,1,1
2025.naacl-long.637,2025,NAACL,0,0
2025.naacl-long.64,2025,NAACL,0,0
2025.naacl-long.65,2025,NAACL,0,0
2025.naacl-long.66,2025,NAACL,0,0
2025.naacl-long.67,2025,NAACL,0,0
2025.naacl-long.68,2025,NAACL,1,1
2025.naacl-long.69,2025,NAACL,0,0
2025.naacl-long.7,2025,NAACL,0,0
2025.naacl-long.70,2025,NAACL,0,0
2025.naacl-long.71,2025,NAACL,0,0
2025.naacl-long.72,2025,NAACL,0,0
2025.naacl-long.73,2025,NAACL,1,1
2025.naacl-long.74,2025,NAACL,0,0
2025.naacl-long.75,2025,NAACL,0,0
2025.naacl-long.76,2025,NAACL,0,0
2025.naacl-long.77,2025,NAACL,0,0
2025.naacl-long.78,2025,NAACL,0,0
2025.naacl-long.79,2025,NAACL,0,0
2025.naacl-long.8,2025,NAACL,0,0
2025.naacl-long.80,2025,NAACL,0,0
2025.naacl-long.81,2025,NAACL,0,0
2025.naacl-long.82,2025,NAACL,0,0
2025.naacl-long.83,2025,NAACL,0,0
2025.naacl-long.84,2025,NAACL,0,0
2025.naacl-long.85,2025,NAACL,0,0
2025.naacl-long.86,2025,NAACL,1,1
2025.naacl-long.87,2025,NAACL,0,0
2025.naacl-long.88,2025,NAACL,0,0
2025.naacl-long.89,2025,NAACL,0,0
2025.naacl-long.9,2025,NAACL,0,0
2025.naacl-long.90,2025,NAACL,0,0
2025.naacl-long.91,2025,NAACL,1,1
2025.naacl-long.92,2025,NAACL,0,0
2025.naacl-long.93,2025,NAACL,0,0
2025.naacl-long.94,2025,NAACL,0,0
2025.naacl-long.95,2025,NAACL,0,0
2025.naacl-long.96,2025,NAACL,0,0
2025.naacl-long.97,2025,NAACL,0,0
2025.naacl-long.98,2025,NAACL,0,0
2025.naacl-long.99,2025,NAACL,0,0
