paper_id,country_code,year,paper_venue,compute_tflops,log10_compute_tflops,year_p80_cutoff_tflops,is_year_top20_compute,country_count_per_paper
2020.acl-main.388,AU,2020,ACL,113.8,2.056142262059052,448.0,0,2
2020.acl-main.731,AU,2020,ACL,48.6,1.6866362692622934,448.0,0,2
2020.emnlp-main.147,AU,2020,EMNLP,113.8,2.056142262059052,448.0,0,1
2020.emnlp-main.152,AU,2020,EMNLP,11.76,1.0704073217401198,448.0,0,3
2020.emnlp-main.235,AU,2020,EMNLP,112.0,2.0492180226701815,448.0,0,1
2020.emnlp-main.271,AU,2020,EMNLP,8.126,0.9098768179903928,448.0,0,1
2020.emnlp-main.497,AU,2020,EMNLP,112.0,2.0492180226701815,448.0,0,1
2020.emnlp-main.722,AU,2020,EMNLP,112.0,2.0492180226701815,448.0,0,2
2020.emnlp-main.438,BG,2020,EMNLP,89.2,1.9503648543761232,448.0,0,3
2020.acl-main.204,CA,2020,ACL,9.526,0.9789105771755716,448.0,0,1
2020.acl-main.220,CA,2020,ACL,53.528,1.7285810168713744,448.0,0,2
2020.acl-main.246,CA,2020,ACL,130.5,2.1156105116742996,448.0,0,1
2020.acl-main.586,CA,2020,ACL,896.0,2.9523080096621253,448.0,1,2
2020.acl-main.665,CA,2020,ACL,22.68,1.355643050220869,448.0,0,2
2020.emnlp-main.15,CA,2020,EMNLP,8.126,0.9098768179903928,448.0,0,4
2020.emnlp-main.230,CA,2020,EMNLP,22.68,1.355643050220869,448.0,0,2
2020.emnlp-main.325,CA,2020,EMNLP,9.526,0.9789105771755716,448.0,0,3
2020.emnlp-main.38,CA,2020,EMNLP,448.0,2.651278013998144,448.0,1,2
2020.emnlp-main.403,CA,2020,EMNLP,38.104,1.580970568503534,448.0,0,1
2020.emnlp-main.462,CA,2020,EMNLP,224.0,2.3502480183341627,448.0,0,1
2020.emnlp-main.492,CA,2020,EMNLP,112.0,2.0492180226701815,448.0,0,1
2020.emnlp-main.506,CA,2020,EMNLP,448.0,2.651278013998144,448.0,1,1
2020.emnlp-main.541,CA,2020,EMNLP,11.34,1.0546130545568877,448.0,0,2
2020.emnlp-main.644,CA,2020,EMNLP,17.746,1.2491004771829224,448.0,0,1
2020.emnlp-main.646,CA,2020,EMNLP,312.0,2.494154594018443,448.0,0,2
2020.emnlp-main.744,CA,2020,EMNLP,130.5,2.1156105116742996,448.0,0,2
2020.emnlp-main.748,CA,2020,EMNLP,1792.0,3.2533380053261065,448.0,1,1
2020.emnlp-main.749,CA,2020,EMNLP,440.0,2.6434526764861874,448.0,0,2
2020.emnlp-main.97,CA,2020,EMNLP,522.0,2.717670503002262,448.0,1,2
2020.acl-main.145,CH,2020,ACL,35.492,1.5501304728469034,448.0,0,2
2020.acl-main.149,CH,2020,ACL,152.416,2.1830305598314963,448.0,0,5
2020.emnlp-main.15,CH,2020,EMNLP,8.126,0.9098768179903928,448.0,0,4
2020.emnlp-main.174,CH,2020,EMNLP,112.0,2.0492180226701815,448.0,0,2
2020.emnlp-main.246,CH,2020,EMNLP,12.15,1.084576277934331,448.0,0,2
2020.emnlp-main.390,CH,2020,EMNLP,2496.0,3.397244581010386,448.0,1,3
2020.emnlp-main.415,CH,2020,EMNLP,952.8,2.979001748474721,448.0,1,2
2020.emnlp-main.491,CH,2020,EMNLP,11.34,1.0546130545568877,448.0,0,2
2020.emnlp-main.519,CH,2020,EMNLP,896.0,2.9523080096621253,448.0,1,3
2020.emnlp-main.616,CH,2020,EMNLP,113.8,2.056142262059052,448.0,0,3
2020.acl-main.119,CN,2020,ACL,5.704,0.7561795168438091,448.0,0,1
2020.acl-main.121,CN,2020,ACL,12.15,1.084576277934331,448.0,0,1
2020.acl-main.125,CN,2020,ACL,47.04,1.672467313068082,448.0,0,1
2020.acl-main.15,CN,2020,ACL,227.6,2.3571722577230334,448.0,0,2
2020.acl-main.167,CN,2020,ACL,112.0,2.0492180226701815,448.0,0,2
2020.acl-main.21,CN,2020,ACL,227.6,2.3571722577230334,448.0,0,1
2020.acl-main.23,CN,2020,ACL,8.873,0.9480704815189411,448.0,0,2
2020.acl-main.235,CN,2020,ACL,112.0,2.0492180226701815,448.0,0,2
2020.acl-main.24,CN,2020,ACL,6272.0,3.797406049676382,448.0,1,1
2020.acl-main.241,CN,2020,ACL,11.76,1.0704073217401198,448.0,0,1
2020.acl-main.247,CN,2020,ACL,152.416,2.1830305598314963,448.0,0,2
2020.acl-main.254,CN,2020,ACL,6.691,0.8254910298794309,448.0,0,2
2020.acl-main.277,CN,2020,ACL,11.76,1.0704073217401198,448.0,0,1
2020.acl-main.299,CN,2020,ACL,12.15,1.084576277934331,448.0,0,1
2020.acl-main.302,CN,2020,ACL,11.34,1.0546130545568877,448.0,0,1
2020.acl-main.306,CN,2020,ACL,113.8,2.056142262059052,448.0,0,2
2020.acl-main.319,CN,2020,ACL,11.34,1.0546130545568877,448.0,0,1
2020.acl-main.322,CN,2020,ACL,14.9,1.173186268412274,448.0,0,1
2020.acl-main.323,CN,2020,ACL,22.68,1.355643050220869,448.0,0,2
2020.acl-main.324,CN,2020,ACL,896.0,2.9523080096621253,448.0,1,2
2020.acl-main.340,CN,2020,ACL,11.34,1.0546130545568877,448.0,0,1
2020.acl-main.344,CN,2020,ACL,47.04,1.672467313068082,448.0,0,1
2020.acl-main.350,CN,2020,ACL,224.0,2.3502480183341627,448.0,0,2
2020.acl-main.36,CN,2020,ACL,90.72,1.9577030415488315,448.0,0,1
2020.acl-main.37,CN,2020,ACL,22.68,1.355643050220869,448.0,0,2
2020.acl-main.370,CN,2020,ACL,9.526,0.9789105771755716,448.0,0,1
2020.acl-main.38,CN,2020,ACL,22.68,1.355643050220869,448.0,0,2
2020.acl-main.388,CN,2020,ACL,113.8,2.056142262059052,448.0,0,2
2020.acl-main.397,CN,2020,ACL,227.6,2.3571722577230334,448.0,0,1
2020.acl-main.40,CN,2020,ACL,76.208,1.8820005641675153,448.0,0,1
2020.acl-main.469,CN,2020,ACL,448.0,2.651278013998144,448.0,1,2
2020.acl-main.510,CN,2020,ACL,6.832,0.8345478576809486,448.0,0,1
2020.acl-main.522,CN,2020,ACL,112.0,2.0492180226701815,448.0,0,2
2020.acl-main.523,CN,2020,ACL,9.526,0.9789105771755716,448.0,0,1
2020.acl-main.528,CN,2020,ACL,6.691,0.8254910298794309,448.0,0,1
2020.acl-main.539,CN,2020,ACL,47.04,1.672467313068082,448.0,0,2
2020.acl-main.552,CN,2020,ACL,896.0,2.9523080096621253,448.0,1,1
2020.acl-main.553,CN,2020,ACL,113.8,2.056142262059052,448.0,0,1
2020.acl-main.555,CN,2020,ACL,448.0,2.651278013998144,448.0,1,1
2020.acl-main.595,CN,2020,ACL,112.0,2.0492180226701815,448.0,0,1
2020.acl-main.599,CN,2020,ACL,47.04,1.672467313068082,448.0,0,2
2020.acl-main.604,CN,2020,ACL,47.04,1.672467313068082,448.0,0,2
2020.acl-main.616,CN,2020,ACL,455.2,2.6582022533870147,448.0,1,2
2020.acl-main.638,CN,2020,ACL,9.526,0.9789105771755716,448.0,0,1
2020.acl-main.640,CN,2020,ACL,11.34,1.0546130545568877,448.0,0,1
2020.acl-main.670,CN,2020,ACL,110.0,2.041392685158225,448.0,0,2
2020.acl-main.78,CN,2020,ACL,11.34,1.0546130545568877,448.0,0,1
2020.acl-main.9,CN,2020,ACL,896.0,2.9523080096621253,448.0,1,1
2020.emnlp-main.108,CN,2020,EMNLP,130.5,2.1156105116742996,448.0,0,2
2020.emnlp-main.111,CN,2020,EMNLP,448.0,2.651278013998144,448.0,1,1
2020.emnlp-main.114,CN,2020,EMNLP,19.052,1.2799405728395528,448.0,0,2
2020.emnlp-main.124,CN,2020,EMNLP,112.0,2.0492180226701815,448.0,0,2
2020.emnlp-main.129,CN,2020,EMNLP,910.4,2.959232249050996,448.0,1,1
2020.emnlp-main.130,CN,2020,EMNLP,9.526,0.9789105771755716,448.0,0,2
2020.emnlp-main.132,CN,2020,EMNLP,130.5,2.1156105116742996,448.0,0,1
2020.emnlp-main.144,CN,2020,EMNLP,113.8,2.056142262059052,448.0,0,1
2020.emnlp-main.150,CN,2020,EMNLP,448.0,2.651278013998144,448.0,1,1
2020.emnlp-main.152,CN,2020,EMNLP,11.76,1.0704073217401198,448.0,0,3
2020.emnlp-main.164,CN,2020,EMNLP,113.8,2.056142262059052,448.0,0,1
2020.emnlp-main.165,CN,2020,EMNLP,113.8,2.056142262059052,448.0,0,1
2020.emnlp-main.166,CN,2020,EMNLP,11.76,1.0704073217401198,448.0,0,1
2020.emnlp-main.169,CN,2020,EMNLP,8.873,0.9480704815189411,448.0,0,3
2020.emnlp-main.175,CN,2020,EMNLP,48.6,1.6866362692622934,448.0,0,1
2020.emnlp-main.176,CN,2020,EMNLP,448.0,2.651278013998144,448.0,1,1
2020.emnlp-main.179,CN,2020,EMNLP,2496.0,3.397244581010386,448.0,1,2
2020.emnlp-main.181,CN,2020,EMNLP,11.34,1.0546130545568877,448.0,0,1
2020.emnlp-main.188,CN,2020,EMNLP,16.252,1.210906813654374,448.0,0,1
2020.emnlp-main.191,CN,2020,EMNLP,6.691,0.8254910298794309,448.0,0,3
2020.emnlp-main.193,CN,2020,EMNLP,47.04,1.672467313068082,448.0,0,2
2020.emnlp-main.216,CN,2020,EMNLP,76.208,1.8820005641675153,448.0,0,1
2020.emnlp-main.226,CN,2020,EMNLP,17920.0,4.253338005326106,448.0,1,2
2020.emnlp-main.227,CN,2020,EMNLP,112.0,2.0492180226701815,448.0,0,1
2020.emnlp-main.228,CN,2020,EMNLP,48.6,1.6866362692622934,448.0,0,1
2020.emnlp-main.233,CN,2020,EMNLP,112.0,2.0492180226701815,448.0,0,1
2020.emnlp-main.238,CN,2020,EMNLP,112.0,2.0492180226701815,448.0,0,1
2020.emnlp-main.243,CN,2020,EMNLP,112.0,2.0492180226701815,448.0,0,1
2020.emnlp-main.250,CN,2020,EMNLP,9.526,0.9789105771755716,448.0,0,1
2020.emnlp-main.265,CN,2020,EMNLP,113.8,2.056142262059052,448.0,0,1
2020.emnlp-main.269,CN,2020,EMNLP,448.0,2.651278013998144,448.0,1,2
2020.emnlp-main.273,CN,2020,EMNLP,112.0,2.0492180226701815,448.0,0,1
2020.emnlp-main.277,CN,2020,EMNLP,90.72,1.9577030415488315,448.0,0,1
2020.emnlp-main.278,CN,2020,EMNLP,112.0,2.0492180226701815,448.0,0,1
2020.emnlp-main.279,CN,2020,EMNLP,107.0,2.0293837776852097,448.0,0,2
2020.emnlp-main.282,CN,2020,EMNLP,4.981,0.6973165417323833,448.0,0,2
2020.emnlp-main.291,CN,2020,EMNLP,11.34,1.0546130545568877,448.0,0,1
2020.emnlp-main.295,CN,2020,EMNLP,224.0,2.3502480183341627,448.0,0,1
2020.emnlp-main.297,CN,2020,EMNLP,896.0,2.9523080096621253,448.0,1,2
2020.emnlp-main.298,CN,2020,EMNLP,455.2,2.6582022533870147,448.0,1,2
2020.emnlp-main.300,CN,2020,EMNLP,113.8,2.056142262059052,448.0,0,1
2020.emnlp-main.309,CN,2020,EMNLP,113.8,2.056142262059052,448.0,0,1
2020.emnlp-main.313,CN,2020,EMNLP,1000.0,3.0,448.0,1,1
2020.emnlp-main.318,CN,2020,EMNLP,5.046,0.7029472461815558,448.0,0,1
2020.emnlp-main.32,CN,2020,EMNLP,112.0,2.0492180226701815,448.0,0,1
2020.emnlp-main.35,CN,2020,EMNLP,455.2,2.6582022533870147,448.0,1,2
2020.emnlp-main.372,CN,2020,EMNLP,112.0,2.0492180226701815,448.0,0,2
2020.emnlp-main.411,CN,2020,EMNLP,112.0,2.0492180226701815,448.0,0,2
2020.emnlp-main.444,CN,2020,EMNLP,448.0,2.651278013998144,448.0,1,1
2020.emnlp-main.474,CN,2020,EMNLP,19.052,1.2799405728395528,448.0,0,1
2020.emnlp-main.486,CN,2020,EMNLP,11.34,1.0546130545568877,448.0,0,2
2020.emnlp-main.488,CN,2020,EMNLP,112.0,2.0492180226701815,448.0,0,3
2020.emnlp-main.499,CN,2020,EMNLP,12.15,1.084576277934331,448.0,0,1
2020.emnlp-main.511,CN,2020,EMNLP,11.34,1.0546130545568877,448.0,0,2
2020.emnlp-main.514,CN,2020,EMNLP,112.0,2.0492180226701815,448.0,0,1
2020.emnlp-main.515,CN,2020,EMNLP,6.691,0.8254910298794309,448.0,0,2
2020.emnlp-main.531,CN,2020,EMNLP,112.0,2.0492180226701815,448.0,0,2
2020.emnlp-main.535,CN,2020,EMNLP,2688.0,3.429429264381788,448.0,1,3
2020.emnlp-main.538,CN,2020,EMNLP,1248.0,3.0962145853464054,448.0,1,1
2020.emnlp-main.544,CN,2020,EMNLP,11.34,1.0546130545568877,448.0,0,1
2020.emnlp-main.548,CN,2020,EMNLP,9.526,0.9789105771755716,448.0,0,2
2020.emnlp-main.555,CN,2020,EMNLP,113.8,2.056142262059052,448.0,0,1
2020.emnlp-main.56,CN,2020,EMNLP,224.0,2.3502480183341627,448.0,0,2
2020.emnlp-main.566,CN,2020,EMNLP,448.0,2.651278013998144,448.0,1,1
2020.emnlp-main.567,CN,2020,EMNLP,455.2,2.6582022533870147,448.0,1,1
2020.emnlp-main.569,CN,2020,EMNLP,112.0,2.0492180226701815,448.0,0,2
2020.emnlp-main.57,CN,2020,EMNLP,130.5,2.1156105116742996,448.0,0,2
2020.emnlp-main.570,CN,2020,EMNLP,112.0,2.0492180226701815,448.0,0,1
2020.emnlp-main.581,CN,2020,EMNLP,896.0,2.9523080096621253,448.0,1,1
2020.emnlp-main.582,CN,2020,EMNLP,113.8,2.056142262059052,448.0,0,1
2020.emnlp-main.633,CN,2020,EMNLP,112.0,2.0492180226701815,448.0,0,2
2020.emnlp-main.700,CN,2020,EMNLP,1792.0,3.2533380053261065,448.0,1,1
2020.emnlp-main.72,CN,2020,EMNLP,119.2,2.076276255404218,448.0,0,1
2020.emnlp-main.729,CN,2020,EMNLP,107.0,2.0293837776852097,448.0,0,1
2020.emnlp-main.738,CN,2020,EMNLP,1248.0,3.0962145853464054,448.0,1,1
2020.emnlp-main.740,CN,2020,EMNLP,9.526,0.9789105771755716,448.0,0,1
2020.emnlp-main.752,CN,2020,EMNLP,11.34,1.0546130545568877,448.0,0,1
2020.emnlp-main.77,CN,2020,EMNLP,2496.0,3.397244581010386,448.0,1,1
2020.emnlp-main.78,CN,2020,EMNLP,94.08,1.9734973087320633,448.0,0,1
2020.emnlp-main.80,CN,2020,EMNLP,448.0,2.651278013998144,448.0,1,2
2020.emnlp-main.81,CN,2020,EMNLP,38.104,1.580970568503534,448.0,0,1
2020.emnlp-main.90,CN,2020,EMNLP,112.0,2.0492180226701815,448.0,0,3
2020.emnlp-main.92,CN,2020,EMNLP,113.8,2.056142262059052,448.0,0,1
2020.emnlp-main.99,CN,2020,EMNLP,1248.0,3.0962145853464054,448.0,1,2
2020.acl-main.133,DE,2020,ACL,9.526,0.9789105771755716,448.0,0,1
2020.acl-main.145,DE,2020,ACL,35.492,1.5501304728469034,448.0,0,2
2020.acl-main.167,DE,2020,ACL,112.0,2.0492180226701815,448.0,0,2
2020.acl-main.323,DE,2020,ACL,22.68,1.355643050220869,448.0,0,2
2020.acl-main.368,DE,2020,ACL,11.34,1.0546130545568877,448.0,0,1
2020.acl-main.37,DE,2020,ACL,22.68,1.355643050220869,448.0,0,2
2020.acl-main.38,DE,2020,ACL,22.68,1.355643050220869,448.0,0,2
2020.acl-main.624,DE,2020,ACL,107.0,2.0293837776852097,448.0,0,1
2020.emnlp-main.110,DE,2020,EMNLP,9.526,0.9789105771755716,448.0,0,1
2020.emnlp-main.174,DE,2020,EMNLP,112.0,2.0492180226701815,448.0,0,2
2020.emnlp-main.194,DE,2020,EMNLP,130.5,2.1156105116742996,448.0,0,1
2020.emnlp-main.203,DE,2020,EMNLP,45.36,1.6566730458848502,448.0,0,1
2020.emnlp-main.214,DE,2020,EMNLP,910.4,2.959232249050996,448.0,1,1
2020.emnlp-main.26,DE,2020,EMNLP,11.34,1.0546130545568877,448.0,0,1
2020.emnlp-main.316,DE,2020,EMNLP,11.34,1.0546130545568877,448.0,0,2
2020.emnlp-main.323,DE,2020,EMNLP,112.0,2.0492180226701815,448.0,0,1
2020.emnlp-main.358,DE,2020,EMNLP,90.72,1.9577030415488315,448.0,0,1
2020.emnlp-main.365,DE,2020,EMNLP,1792.0,3.2533380053261065,448.0,1,1
2020.emnlp-main.396,DE,2020,EMNLP,11.34,1.0546130545568877,448.0,0,1
2020.emnlp-main.423,DE,2020,EMNLP,45.36,1.6566730458848502,448.0,0,2
2020.emnlp-main.434,DE,2020,EMNLP,224.0,2.3502480183341627,448.0,0,1
2020.emnlp-main.479,DE,2020,EMNLP,113.8,2.056142262059052,448.0,0,2
2020.emnlp-main.535,DE,2020,EMNLP,2688.0,3.429429264381788,448.0,1,3
2020.emnlp-main.575,DE,2020,EMNLP,1248.0,3.0962145853464054,448.0,1,1
2020.emnlp-main.577,DE,2020,EMNLP,8.873,0.9480704815189411,448.0,0,2
2020.emnlp-main.596,DE,2020,EMNLP,112.0,2.0492180226701815,448.0,0,1
2020.emnlp-main.604,DE,2020,EMNLP,23.52,1.3714373174041008,448.0,0,1
2020.acl-main.149,DK,2020,ACL,152.416,2.1830305598314963,448.0,0,5
2020.acl-main.215,DK,2020,ACL,11.34,1.0546130545568877,448.0,0,1
2020.acl-main.648,DK,2020,ACL,107.0,2.0293837776852097,448.0,0,2
2020.emnlp-main.256,DK,2020,EMNLP,261.0,2.416640507338281,448.0,0,1
2020.emnlp-main.263,DK,2020,EMNLP,6.691,0.8254910298794309,448.0,0,1
2020.emnlp-main.639,DK,2020,EMNLP,6.691,0.8254910298794309,448.0,0,1
2020.emnlp-main.441,ES,2020,EMNLP,113.8,2.056142262059052,448.0,0,1
2020.emnlp-main.584,FI,2020,EMNLP,2496.0,3.397244581010386,448.0,1,4
2020.acl-main.144,FR,2020,ACL,9.526,0.9789105771755716,448.0,0,1
2020.acl-main.156,FR,2020,ACL,45.36,1.6566730458848502,448.0,0,1
2020.emnlp-main.301,FR,2020,EMNLP,112.0,2.0492180226701815,448.0,0,1
2020.emnlp-main.580,FR,2020,EMNLP,1792.0,3.2533380053261065,448.0,1,3
2020.emnlp-main.632,FR,2020,EMNLP,112.0,2.0492180226701815,448.0,0,1
2020.acl-main.129,GB,2020,ACL,107.0,2.0293837776852097,448.0,0,1
2020.acl-main.149,GB,2020,ACL,152.416,2.1830305598314963,448.0,0,5
2020.acl-main.227,GB,2020,ACL,9.526,0.9789105771755716,448.0,0,2
2020.emnlp-main.1,GB,2020,EMNLP,12.15,1.084576277934331,448.0,0,2
2020.emnlp-main.125,GB,2020,EMNLP,112.0,2.0492180226701815,448.0,0,2
2020.emnlp-main.15,GB,2020,EMNLP,8.126,0.9098768179903928,448.0,0,4
2020.emnlp-main.169,GB,2020,EMNLP,8.873,0.9480704815189411,448.0,0,3
2020.emnlp-main.184,GB,2020,EMNLP,113.8,2.056142262059052,448.0,0,2
2020.emnlp-main.187,GB,2020,EMNLP,38.104,1.580970568503534,448.0,0,1
2020.emnlp-main.2,GB,2020,EMNLP,12.15,1.084576277934331,448.0,0,2
2020.emnlp-main.24,GB,2020,EMNLP,113.8,2.056142262059052,448.0,0,1
2020.emnlp-main.244,GB,2020,EMNLP,6.691,0.8254910298794309,448.0,0,1
2020.emnlp-main.253,GB,2020,EMNLP,227.6,2.3571722577230334,448.0,0,1
2020.emnlp-main.296,GB,2020,EMNLP,45.36,1.6566730458848502,448.0,0,1
2020.emnlp-main.315,GB,2020,EMNLP,113.8,2.056142262059052,448.0,0,2
2020.emnlp-main.316,GB,2020,EMNLP,11.34,1.0546130545568877,448.0,0,2
2020.emnlp-main.325,GB,2020,EMNLP,9.526,0.9789105771755716,448.0,0,3
2020.emnlp-main.333,GB,2020,EMNLP,11.34,1.0546130545568877,448.0,0,1
2020.emnlp-main.337,GB,2020,EMNLP,455.2,2.6582022533870147,448.0,1,2
2020.emnlp-main.351,GB,2020,EMNLP,428.0,2.6314437690131722,448.0,0,2
2020.emnlp-main.390,GB,2020,EMNLP,2496.0,3.397244581010386,448.0,1,3
2020.emnlp-main.402,GB,2020,EMNLP,312.0,2.494154594018443,448.0,0,1
2020.emnlp-main.415,GB,2020,EMNLP,952.8,2.979001748474721,448.0,1,2
2020.emnlp-main.470,GB,2020,EMNLP,8.126,0.9098768179903928,448.0,0,2
2020.emnlp-main.519,GB,2020,EMNLP,896.0,2.9523080096621253,448.0,1,3
2020.emnlp-main.573,GB,2020,EMNLP,11.34,1.0546130545568877,448.0,0,1
2020.emnlp-main.580,GB,2020,EMNLP,1792.0,3.2533380053261065,448.0,1,3
2020.emnlp-main.584,GB,2020,EMNLP,2496.0,3.397244581010386,448.0,1,4
2020.emnlp-main.607,GB,2020,EMNLP,11.34,1.0546130545568877,448.0,0,2
2020.emnlp-main.616,GB,2020,EMNLP,113.8,2.056142262059052,448.0,0,3
2020.emnlp-main.623,GB,2020,EMNLP,113.8,2.056142262059052,448.0,0,1
2020.emnlp-main.677,GB,2020,EMNLP,8.873,0.9480704815189411,448.0,0,1
2020.emnlp-main.692,GB,2020,EMNLP,112.0,2.0492180226701815,448.0,0,2
2020.emnlp-main.713,GB,2020,EMNLP,7168.0,3.8553979966540686,448.0,1,2
2020.emnlp-main.607,GR,2020,EMNLP,11.34,1.0546130545568877,448.0,0,2
2020.acl-main.665,IE,2020,ACL,22.68,1.355643050220869,448.0,0,2
2020.emnlp-main.184,IE,2020,EMNLP,113.8,2.056142262059052,448.0,0,2
2020.emnlp-main.230,IE,2020,EMNLP,22.68,1.355643050220869,448.0,0,2
2020.acl-main.43,IL,2020,ACL,110.0,2.041392685158225,448.0,0,2
2020.emnlp-main.248,IL,2020,EMNLP,12.15,1.084576277934331,448.0,0,2
2020.emnlp-main.343,IL,2020,EMNLP,224.0,2.3502480183341627,448.0,0,2
2020.emnlp-main.528,IL,2020,EMNLP,130.5,2.1156105116742996,448.0,0,2
2020.emnlp-main.687,IL,2020,EMNLP,672.0,2.8273692730538253,448.0,1,2
2020.emnlp-main.746,IL,2020,EMNLP,110.0,2.041392685158225,448.0,0,2
2020.acl-main.247,IN,2020,ACL,152.416,2.1830305598314963,448.0,0,2
2020.acl-main.771,IN,2020,ACL,11.34,1.0546130545568877,448.0,0,1
2020.emnlp-main.305,IN,2020,EMNLP,5.046,0.7029472461815558,448.0,0,1
2020.emnlp-main.306,IN,2020,EMNLP,112.0,2.0492180226701815,448.0,0,1
2020.emnlp-main.576,IN,2020,EMNLP,38.104,1.580970568503534,448.0,0,1
2020.emnlp-main.619,IN,2020,EMNLP,8.126,0.9098768179903928,448.0,0,1
2020.emnlp-main.676,IN,2020,EMNLP,8.126,0.9098768179903928,448.0,0,1
2020.emnlp-main.711,IN,2020,EMNLP,110.0,2.041392685158225,448.0,0,2
2020.emnlp-main.584,IR,2020,EMNLP,2496.0,3.397244581010386,448.0,1,4
2020.acl-main.496,IT,2020,ACL,112.0,2.0492180226701815,448.0,0,1
2020.emnlp-main.18,IT,2020,EMNLP,224.0,2.3502480183341627,448.0,0,1
2020.emnlp-main.195,IT,2020,EMNLP,6.691,0.8254910298794309,448.0,0,1
2020.emnlp-main.285,IT,2020,EMNLP,11.34,1.0546130545568877,448.0,0,1
2020.emnlp-main.584,IT,2020,EMNLP,2496.0,3.397244581010386,448.0,1,4
2020.emnlp-main.585,IT,2020,EMNLP,113.8,2.056142262059052,448.0,0,1
2020.acl-main.149,JP,2020,ACL,152.416,2.1830305598314963,448.0,0,5
2020.acl-main.324,JP,2020,ACL,896.0,2.9523080096621253,448.0,1,2
2020.emnlp-main.125,JP,2020,EMNLP,112.0,2.0492180226701815,448.0,0,2
2020.emnlp-main.267,JP,2020,EMNLP,8.873,0.9480704815189411,448.0,0,1
2020.emnlp-main.41,JP,2020,EMNLP,224.0,2.3502480183341627,448.0,0,1
2020.emnlp-main.488,JP,2020,EMNLP,112.0,2.0492180226701815,448.0,0,3
2020.emnlp-main.513,JP,2020,EMNLP,214.0,2.330413773349191,448.0,0,1
2020.emnlp-main.523,JP,2020,EMNLP,1792.0,3.2533380053261065,448.0,1,2
2020.emnlp-main.631,JP,2020,EMNLP,112.0,2.0492180226701815,448.0,0,1
2020.emnlp-main.68,JP,2020,EMNLP,1000.0,3.0,448.0,1,1
2020.emnlp-main.130,KE,2020,EMNLP,9.526,0.9789105771755716,448.0,0,2
2020.emnlp-main.120,KR,2020,EMNLP,896.0,2.9523080096621253,448.0,1,2
2020.emnlp-main.189,KR,2020,EMNLP,312.0,2.494154594018443,448.0,0,1
2020.emnlp-main.198,KR,2020,EMNLP,113.8,2.056142262059052,448.0,0,1
2020.emnlp-main.255,KR,2020,EMNLP,26.764,1.4275510212073932,448.0,0,1
2020.emnlp-main.280,KR,2020,EMNLP,112.0,2.0492180226701815,448.0,0,1
2020.emnlp-main.308,KR,2020,EMNLP,22.68,1.355643050220869,448.0,0,1
2020.emnlp-main.352,KR,2020,EMNLP,6.832,0.8345478576809486,448.0,0,2
2020.emnlp-main.448,KR,2020,EMNLP,11.76,1.0704073217401198,448.0,0,2
2020.emnlp-main.476,KR,2020,EMNLP,448.0,2.651278013998144,448.0,1,1
2020.emnlp-main.65,KR,2020,EMNLP,12.15,1.084576277934331,448.0,0,1
2020.emnlp-main.737,KR,2020,EMNLP,330.0,2.5185139398778875,448.0,0,2
2020.emnlp-main.84,KR,2020,EMNLP,6.691,0.8254910298794309,448.0,0,1
2020.acl-main.648,LT,2020,ACL,107.0,2.0293837776852097,448.0,0,2
2020.emnlp-main.80,MO,2020,EMNLP,448.0,2.651278013998144,448.0,1,2
2020.emnlp-main.171,NL,2020,EMNLP,113.8,2.056142262059052,448.0,0,2
2020.emnlp-main.180,NL,2020,EMNLP,112.0,2.0492180226701815,448.0,0,1
2020.emnlp-main.337,NL,2020,EMNLP,455.2,2.6582022533870147,448.0,1,2
2020.emnlp-main.353,NL,2020,EMNLP,11.34,1.0546130545568877,448.0,0,1
2020.emnlp-main.371,NL,2020,EMNLP,112.0,2.0492180226701815,448.0,0,1
2020.emnlp-main.377,NL,2020,EMNLP,11.34,1.0546130545568877,448.0,0,1
2020.emnlp-main.616,NL,2020,EMNLP,113.8,2.056142262059052,448.0,0,3
2020.emnlp-main.197,PK,2020,EMNLP,11.34,1.0546130545568877,448.0,0,1
2020.emnlp-main.171,PT,2020,EMNLP,113.8,2.056142262059052,448.0,0,2
2020.emnlp-main.213,PT,2020,EMNLP,130.5,2.1156105116742996,448.0,0,1
2020.emnlp-main.348,PT,2020,EMNLP,130.5,2.1156105116742996,448.0,0,1
2020.emnlp-main.395,QA,2020,EMNLP,6.691,0.8254910298794309,448.0,0,2
2020.emnlp-main.398,QA,2020,EMNLP,6.691,0.8254910298794309,448.0,0,2
2020.emnlp-main.404,QA,2020,EMNLP,26.764,1.4275510212073932,448.0,0,2
2020.emnlp-main.438,QA,2020,EMNLP,89.2,1.9503648543761232,448.0,0,3
2020.acl-main.301,SG,2020,ACL,11.34,1.0546130545568877,448.0,0,2
2020.acl-main.306,SG,2020,ACL,113.8,2.056142262059052,448.0,0,2
2020.acl-main.522,SG,2020,ACL,112.0,2.0492180226701815,448.0,0,2
2020.emnlp-main.108,SG,2020,EMNLP,130.5,2.1156105116742996,448.0,0,2
2020.emnlp-main.124,SG,2020,EMNLP,112.0,2.0492180226701815,448.0,0,2
2020.emnlp-main.145,SG,2020,EMNLP,2496.0,3.397244581010386,448.0,1,2
2020.emnlp-main.169,SG,2020,EMNLP,8.873,0.9480704815189411,448.0,0,3
2020.emnlp-main.191,SG,2020,EMNLP,6.691,0.8254910298794309,448.0,0,3
2020.emnlp-main.215,SG,2020,EMNLP,11.34,1.0546130545568877,448.0,0,2
2020.emnlp-main.297,SG,2020,EMNLP,896.0,2.9523080096621253,448.0,1,2
2020.emnlp-main.30,SG,2020,EMNLP,1792.0,3.2533380053261065,448.0,1,2
2020.emnlp-main.384,SG,2020,EMNLP,9.526,0.9789105771755716,448.0,0,2
2020.emnlp-main.453,SG,2020,EMNLP,9.526,0.9789105771755716,448.0,0,1
2020.emnlp-main.455,SG,2020,EMNLP,896.0,2.9523080096621253,448.0,1,2
2020.emnlp-main.488,SG,2020,EMNLP,112.0,2.0492180226701815,448.0,0,3
2020.emnlp-main.515,SG,2020,EMNLP,6.691,0.8254910298794309,448.0,0,2
2020.emnlp-main.531,SG,2020,EMNLP,112.0,2.0492180226701815,448.0,0,2
2020.emnlp-main.569,SG,2020,EMNLP,112.0,2.0492180226701815,448.0,0,2
2020.emnlp-main.90,SG,2020,EMNLP,112.0,2.0492180226701815,448.0,0,3
2020.emnlp-main.315,TH,2020,EMNLP,113.8,2.056142262059052,448.0,0,2
2020.emnlp-main.662,TR,2020,EMNLP,112.0,2.0492180226701815,448.0,0,2
2020.acl-main.149,US,2020,ACL,152.416,2.1830305598314963,448.0,0,5
2020.acl-main.15,US,2020,ACL,227.6,2.3571722577230334,448.0,0,2
2020.acl-main.171,US,2020,ACL,448.0,2.651278013998144,448.0,1,1
2020.acl-main.200,US,2020,ACL,9.3,0.9684829485539351,448.0,0,1
2020.acl-main.202,US,2020,ACL,9.526,0.9789105771755716,448.0,0,1
2020.acl-main.207,US,2020,ACL,14.9,1.173186268412274,448.0,0,1
2020.acl-main.220,US,2020,ACL,53.528,1.7285810168713744,448.0,0,2
2020.acl-main.222,US,2020,ACL,7168.0,3.8553979966540686,448.0,1,1
2020.acl-main.227,US,2020,ACL,9.526,0.9789105771755716,448.0,0,2
2020.acl-main.23,US,2020,ACL,8.873,0.9480704815189411,448.0,0,2
2020.acl-main.235,US,2020,ACL,112.0,2.0492180226701815,448.0,0,2
2020.acl-main.238,US,2020,ACL,113.8,2.056142262059052,448.0,0,1
2020.acl-main.253,US,2020,ACL,14336.0,4.15642799231805,448.0,1,1
2020.acl-main.254,US,2020,ACL,6.691,0.8254910298794309,448.0,0,2
2020.acl-main.301,US,2020,ACL,11.34,1.0546130545568877,448.0,0,2
2020.acl-main.350,US,2020,ACL,224.0,2.3502480183341627,448.0,0,2
2020.acl-main.410,US,2020,ACL,8.873,0.9480704815189411,448.0,0,1
2020.acl-main.43,US,2020,ACL,110.0,2.041392685158225,448.0,0,2
2020.acl-main.443,US,2020,ACL,36.45,1.5616975326539935,448.0,0,1
2020.acl-main.451,US,2020,ACL,9.526,0.9789105771755716,448.0,0,1
2020.acl-main.460,US,2020,ACL,6.691,0.8254910298794309,448.0,0,1
2020.acl-main.467,US,2020,ACL,11.76,1.0704073217401198,448.0,0,1
2020.acl-main.469,US,2020,ACL,448.0,2.651278013998144,448.0,1,2
2020.acl-main.471,US,2020,ACL,14.9,1.173186268412274,448.0,0,1
2020.acl-main.504,US,2020,ACL,896.0,2.9523080096621253,448.0,1,1
2020.acl-main.536,US,2020,ACL,896.0,2.9523080096621253,448.0,1,1
2020.acl-main.539,US,2020,ACL,47.04,1.672467313068082,448.0,0,2
2020.acl-main.586,US,2020,ACL,896.0,2.9523080096621253,448.0,1,2
2020.acl-main.593,US,2020,ACL,110.0,2.041392685158225,448.0,0,1
2020.acl-main.599,US,2020,ACL,47.04,1.672467313068082,448.0,0,2
2020.acl-main.604,US,2020,ACL,47.04,1.672467313068082,448.0,0,2
2020.acl-main.616,US,2020,ACL,455.2,2.6582022533870147,448.0,1,2
2020.acl-main.617,US,2020,ACL,9.526,0.9789105771755716,448.0,0,1
2020.acl-main.625,US,2020,ACL,448.0,2.651278013998144,448.0,1,1
2020.acl-main.670,US,2020,ACL,110.0,2.041392685158225,448.0,0,2
2020.acl-main.686,US,2020,ACL,12.15,1.084576277934331,448.0,0,1
2020.acl-main.687,US,2020,ACL,113.8,2.056142262059052,448.0,0,1
2020.acl-main.704,US,2020,ACL,112.0,2.0492180226701815,448.0,0,1
2020.acl-main.705,US,2020,ACL,448.0,2.651278013998144,448.0,1,1
2020.acl-main.718,US,2020,ACL,11.34,1.0546130545568877,448.0,0,1
2020.acl-main.720,US,2020,ACL,113.8,2.056142262059052,448.0,0,1
2020.acl-main.731,US,2020,ACL,48.6,1.6866362692622934,448.0,0,2
2020.acl-main.740,US,2020,ACL,110.0,2.041392685158225,448.0,0,1
2020.acl-main.745,US,2020,ACL,14336.0,4.15642799231805,448.0,1,1
2020.acl-main.747,US,2020,ACL,56000.0,4.748188027006201,448.0,1,1
2020.acl-main.753,US,2020,ACL,896.0,2.9523080096621253,448.0,1,1
2020.emnlp-main.1,US,2020,EMNLP,12.15,1.084576277934331,448.0,0,2
2020.emnlp-main.10,US,2020,EMNLP,1248.0,3.0962145853464054,448.0,1,1
2020.emnlp-main.103,US,2020,EMNLP,107.0,2.0293837776852097,448.0,0,1
2020.emnlp-main.105,US,2020,EMNLP,110.0,2.041392685158225,448.0,0,1
2020.emnlp-main.11,US,2020,EMNLP,448.0,2.651278013998144,448.0,1,1
2020.emnlp-main.113,US,2020,EMNLP,428.0,2.6314437690131722,448.0,0,1
2020.emnlp-main.114,US,2020,EMNLP,19.052,1.2799405728395528,448.0,0,2
2020.emnlp-main.117,US,2020,EMNLP,36.45,1.5616975326539935,448.0,0,1
2020.emnlp-main.120,US,2020,EMNLP,896.0,2.9523080096621253,448.0,1,2
2020.emnlp-main.121,US,2020,EMNLP,8.873,0.9480704815189411,448.0,0,1
2020.emnlp-main.136,US,2020,EMNLP,8.873,0.9480704815189411,448.0,0,1
2020.emnlp-main.140,US,2020,EMNLP,11.34,1.0546130545568877,448.0,0,1
2020.emnlp-main.143,US,2020,EMNLP,107.0,2.0293837776852097,448.0,0,1
2020.emnlp-main.145,US,2020,EMNLP,2496.0,3.397244581010386,448.0,1,2
2020.emnlp-main.148,US,2020,EMNLP,6.691,0.8254910298794309,448.0,0,1
2020.emnlp-main.15,US,2020,EMNLP,8.126,0.9098768179903928,448.0,0,4
2020.emnlp-main.152,US,2020,EMNLP,11.76,1.0704073217401198,448.0,0,3
2020.emnlp-main.154,US,2020,EMNLP,14.9,1.173186268412274,448.0,0,1
2020.emnlp-main.155,US,2020,EMNLP,11.34,1.0546130545568877,448.0,0,1
2020.emnlp-main.158,US,2020,EMNLP,113.8,2.056142262059052,448.0,0,1
2020.emnlp-main.16,US,2020,EMNLP,14.9,1.173186268412274,448.0,0,1
2020.emnlp-main.160,US,2020,EMNLP,2496.0,3.397244581010386,448.0,1,1
2020.emnlp-main.161,US,2020,EMNLP,1792.0,3.2533380053261065,448.0,1,1
2020.emnlp-main.162,US,2020,EMNLP,448.0,2.651278013998144,448.0,1,1
2020.emnlp-main.17,US,2020,EMNLP,45.36,1.6566730458848502,448.0,0,1
2020.emnlp-main.179,US,2020,EMNLP,2496.0,3.397244581010386,448.0,1,2
2020.emnlp-main.19,US,2020,EMNLP,112.0,2.0492180226701815,448.0,0,1
2020.emnlp-main.190,US,2020,EMNLP,112.0,2.0492180226701815,448.0,0,1
2020.emnlp-main.191,US,2020,EMNLP,6.691,0.8254910298794309,448.0,0,3
2020.emnlp-main.193,US,2020,EMNLP,47.04,1.672467313068082,448.0,0,2
2020.emnlp-main.2,US,2020,EMNLP,12.15,1.084576277934331,448.0,0,2
2020.emnlp-main.21,US,2020,EMNLP,112.0,2.0492180226701815,448.0,0,1
2020.emnlp-main.215,US,2020,EMNLP,11.34,1.0546130545568877,448.0,0,2
2020.emnlp-main.217,US,2020,EMNLP,89.2,1.9503648543761232,448.0,0,1
2020.emnlp-main.22,US,2020,EMNLP,110.0,2.041392685158225,448.0,0,1
2020.emnlp-main.226,US,2020,EMNLP,17920.0,4.253338005326106,448.0,1,2
2020.emnlp-main.246,US,2020,EMNLP,12.15,1.084576277934331,448.0,0,2
2020.emnlp-main.248,US,2020,EMNLP,12.15,1.084576277934331,448.0,0,2
2020.emnlp-main.251,US,2020,EMNLP,130.5,2.1156105116742996,448.0,0,1
2020.emnlp-main.264,US,2020,EMNLP,448.0,2.651278013998144,448.0,1,1
2020.emnlp-main.269,US,2020,EMNLP,448.0,2.651278013998144,448.0,1,2
2020.emnlp-main.279,US,2020,EMNLP,107.0,2.0293837776852097,448.0,0,2
2020.emnlp-main.28,US,2020,EMNLP,112.0,2.0492180226701815,448.0,0,1
2020.emnlp-main.282,US,2020,EMNLP,4.981,0.6973165417323833,448.0,0,2
2020.emnlp-main.298,US,2020,EMNLP,455.2,2.6582022533870147,448.0,1,2
2020.emnlp-main.3,US,2020,EMNLP,112.0,2.0492180226701815,448.0,0,1
2020.emnlp-main.30,US,2020,EMNLP,1792.0,3.2533380053261065,448.0,1,2
2020.emnlp-main.31,US,2020,EMNLP,112.0,2.0492180226701815,448.0,0,1
2020.emnlp-main.314,US,2020,EMNLP,11.34,1.0546130545568877,448.0,0,1
2020.emnlp-main.325,US,2020,EMNLP,9.526,0.9789105771755716,448.0,0,3
2020.emnlp-main.327,US,2020,EMNLP,9.526,0.9789105771755716,448.0,0,1
2020.emnlp-main.334,US,2020,EMNLP,112.0,2.0492180226701815,448.0,0,1
2020.emnlp-main.335,US,2020,EMNLP,113.8,2.056142262059052,448.0,0,1
2020.emnlp-main.336,US,2020,EMNLP,19.052,1.2799405728395528,448.0,0,1
2020.emnlp-main.339,US,2020,EMNLP,112.0,2.0492180226701815,448.0,0,1
2020.emnlp-main.34,US,2020,EMNLP,9.526,0.9789105771755716,448.0,0,1
2020.emnlp-main.341,US,2020,EMNLP,110.0,2.041392685158225,448.0,0,1
2020.emnlp-main.342,US,2020,EMNLP,113.8,2.056142262059052,448.0,0,1
2020.emnlp-main.343,US,2020,EMNLP,224.0,2.3502480183341627,448.0,0,2
2020.emnlp-main.344,US,2020,EMNLP,107.0,2.0293837776852097,448.0,0,1
2020.emnlp-main.347,US,2020,EMNLP,8.873,0.9480704815189411,448.0,0,1
2020.emnlp-main.35,US,2020,EMNLP,455.2,2.6582022533870147,448.0,1,2
2020.emnlp-main.351,US,2020,EMNLP,428.0,2.6314437690131722,448.0,0,2
2020.emnlp-main.352,US,2020,EMNLP,6.832,0.8345478576809486,448.0,0,2
2020.emnlp-main.359,US,2020,EMNLP,448.0,2.651278013998144,448.0,1,1
2020.emnlp-main.362,US,2020,EMNLP,130.5,2.1156105116742996,448.0,0,1
2020.emnlp-main.366,US,2020,EMNLP,112.0,2.0492180226701815,448.0,0,1
2020.emnlp-main.370,US,2020,EMNLP,896.0,2.9523080096621253,448.0,1,1
2020.emnlp-main.372,US,2020,EMNLP,112.0,2.0492180226701815,448.0,0,2
2020.emnlp-main.374,US,2020,EMNLP,113.8,2.056142262059052,448.0,0,1
2020.emnlp-main.378,US,2020,EMNLP,1000.0,3.0,448.0,1,1
2020.emnlp-main.38,US,2020,EMNLP,448.0,2.651278013998144,448.0,1,2
2020.emnlp-main.384,US,2020,EMNLP,9.526,0.9789105771755716,448.0,0,2
2020.emnlp-main.389,US,2020,EMNLP,110.0,2.041392685158225,448.0,0,1
2020.emnlp-main.39,US,2020,EMNLP,112.0,2.0492180226701815,448.0,0,1
2020.emnlp-main.390,US,2020,EMNLP,2496.0,3.397244581010386,448.0,1,3
2020.emnlp-main.392,US,2020,EMNLP,11.34,1.0546130545568877,448.0,0,1
2020.emnlp-main.395,US,2020,EMNLP,6.691,0.8254910298794309,448.0,0,2
2020.emnlp-main.398,US,2020,EMNLP,6.691,0.8254910298794309,448.0,0,2
2020.emnlp-main.399,US,2020,EMNLP,12.15,1.084576277934331,448.0,0,1
2020.emnlp-main.40,US,2020,EMNLP,112.0,2.0492180226701815,448.0,0,1
2020.emnlp-main.400,US,2020,EMNLP,2496.0,3.397244581010386,448.0,1,1
2020.emnlp-main.404,US,2020,EMNLP,26.764,1.4275510212073932,448.0,0,2
2020.emnlp-main.406,US,2020,EMNLP,113.8,2.056142262059052,448.0,0,1
2020.emnlp-main.407,US,2020,EMNLP,12.15,1.084576277934331,448.0,0,1
2020.emnlp-main.409,US,2020,EMNLP,112.0,2.0492180226701815,448.0,0,1
2020.emnlp-main.410,US,2020,EMNLP,448.0,2.651278013998144,448.0,1,1
2020.emnlp-main.411,US,2020,EMNLP,112.0,2.0492180226701815,448.0,0,2
2020.emnlp-main.412,US,2020,EMNLP,1248.0,3.0962145853464054,448.0,1,1
2020.emnlp-main.413,US,2020,EMNLP,9.526,0.9789105771755716,448.0,0,1
2020.emnlp-main.414,US,2020,EMNLP,448.0,2.651278013998144,448.0,1,1
2020.emnlp-main.419,US,2020,EMNLP,112.0,2.0492180226701815,448.0,0,1
2020.emnlp-main.421,US,2020,EMNLP,261.0,2.416640507338281,448.0,0,1
2020.emnlp-main.423,US,2020,EMNLP,45.36,1.6566730458848502,448.0,0,2
2020.emnlp-main.424,US,2020,EMNLP,12.15,1.084576277934331,448.0,0,1
2020.emnlp-main.425,US,2020,EMNLP,455.2,2.6582022533870147,448.0,1,1
2020.emnlp-main.426,US,2020,EMNLP,11.34,1.0546130545568877,448.0,0,1
2020.emnlp-main.43,US,2020,EMNLP,112.0,2.0492180226701815,448.0,0,1
2020.emnlp-main.438,US,2020,EMNLP,89.2,1.9503648543761232,448.0,0,3
2020.emnlp-main.439,US,2020,EMNLP,2496.0,3.397244581010386,448.0,1,1
2020.emnlp-main.445,US,2020,EMNLP,8.126,0.9098768179903928,448.0,0,1
2020.emnlp-main.448,US,2020,EMNLP,11.76,1.0704073217401198,448.0,0,2
2020.emnlp-main.45,US,2020,EMNLP,11.34,1.0546130545568877,448.0,0,1
2020.emnlp-main.450,US,2020,EMNLP,455.2,2.6582022533870147,448.0,1,1
2020.emnlp-main.455,US,2020,EMNLP,896.0,2.9523080096621253,448.0,1,2
2020.emnlp-main.46,US,2020,EMNLP,6.691,0.8254910298794309,448.0,0,1
2020.emnlp-main.463,US,2020,EMNLP,1792.0,3.2533380053261065,448.0,1,1
2020.emnlp-main.466,US,2020,EMNLP,112.0,2.0492180226701815,448.0,0,1
2020.emnlp-main.468,US,2020,EMNLP,112.0,2.0492180226701815,448.0,0,1
2020.emnlp-main.470,US,2020,EMNLP,8.126,0.9098768179903928,448.0,0,2
2020.emnlp-main.471,US,2020,EMNLP,2496.0,3.397244581010386,448.0,1,1
2020.emnlp-main.475,US,2020,EMNLP,8.873,0.9480704815189411,448.0,0,1
2020.emnlp-main.479,US,2020,EMNLP,113.8,2.056142262059052,448.0,0,2
2020.emnlp-main.481,US,2020,EMNLP,112.0,2.0492180226701815,448.0,0,1
2020.emnlp-main.482,US,2020,EMNLP,8.873,0.9480704815189411,448.0,0,1
2020.emnlp-main.484,US,2020,EMNLP,1792.0,3.2533380053261065,448.0,1,1
2020.emnlp-main.486,US,2020,EMNLP,11.34,1.0546130545568877,448.0,0,2
2020.emnlp-main.491,US,2020,EMNLP,11.34,1.0546130545568877,448.0,0,2
2020.emnlp-main.501,US,2020,EMNLP,312.0,2.494154594018443,448.0,0,1
2020.emnlp-main.507,US,2020,EMNLP,112.0,2.0492180226701815,448.0,0,1
2020.emnlp-main.510,US,2020,EMNLP,45.36,1.6566730458848502,448.0,0,1
2020.emnlp-main.511,US,2020,EMNLP,11.34,1.0546130545568877,448.0,0,2
2020.emnlp-main.517,US,2020,EMNLP,112.0,2.0492180226701815,448.0,0,1
2020.emnlp-main.519,US,2020,EMNLP,896.0,2.9523080096621253,448.0,1,3
2020.emnlp-main.522,US,2020,EMNLP,896.0,2.9523080096621253,448.0,1,1
2020.emnlp-main.523,US,2020,EMNLP,1792.0,3.2533380053261065,448.0,1,2
2020.emnlp-main.524,US,2020,EMNLP,428.0,2.6314437690131722,448.0,0,1
2020.emnlp-main.525,US,2020,EMNLP,455.2,2.6582022533870147,448.0,1,1
2020.emnlp-main.526,US,2020,EMNLP,7168.0,3.8553979966540686,448.0,1,1
2020.emnlp-main.528,US,2020,EMNLP,130.5,2.1156105116742996,448.0,0,2
2020.emnlp-main.535,US,2020,EMNLP,2688.0,3.429429264381788,448.0,1,3
2020.emnlp-main.541,US,2020,EMNLP,11.34,1.0546130545568877,448.0,0,2
2020.emnlp-main.542,US,2020,EMNLP,130.5,2.1156105116742996,448.0,0,1
2020.emnlp-main.548,US,2020,EMNLP,9.526,0.9789105771755716,448.0,0,2
2020.emnlp-main.55,US,2020,EMNLP,113.8,2.056142262059052,448.0,0,1
2020.emnlp-main.550,US,2020,EMNLP,896.0,2.9523080096621253,448.0,1,1
2020.emnlp-main.558,US,2020,EMNLP,6.691,0.8254910298794309,448.0,0,1
2020.emnlp-main.559,US,2020,EMNLP,113.8,2.056142262059052,448.0,0,1
2020.emnlp-main.56,US,2020,EMNLP,224.0,2.3502480183341627,448.0,0,2
2020.emnlp-main.57,US,2020,EMNLP,130.5,2.1156105116742996,448.0,0,2
2020.emnlp-main.577,US,2020,EMNLP,8.873,0.9480704815189411,448.0,0,2
2020.emnlp-main.580,US,2020,EMNLP,1792.0,3.2533380053261065,448.0,1,3
2020.emnlp-main.602,US,2020,EMNLP,4.709,0.6729286904427224,448.0,0,1
2020.emnlp-main.605,US,2020,EMNLP,11.34,1.0546130545568877,448.0,0,1
2020.emnlp-main.606,US,2020,EMNLP,32.504,1.5119368093183552,448.0,0,1
2020.emnlp-main.609,US,2020,EMNLP,9.526,0.9789105771755716,448.0,0,1
2020.emnlp-main.61,US,2020,EMNLP,11.34,1.0546130545568877,448.0,0,1
2020.emnlp-main.610,US,2020,EMNLP,112.0,2.0492180226701815,448.0,0,1
2020.emnlp-main.614,US,2020,EMNLP,130.5,2.1156105116742996,448.0,0,1
2020.emnlp-main.62,US,2020,EMNLP,2496.0,3.397244581010386,448.0,1,1
2020.emnlp-main.620,US,2020,EMNLP,11.34,1.0546130545568877,448.0,0,1
2020.emnlp-main.621,US,2020,EMNLP,312.0,2.494154594018443,448.0,0,1
2020.emnlp-main.622,US,2020,EMNLP,113.8,2.056142262059052,448.0,0,1
2020.emnlp-main.624,US,2020,EMNLP,2496.0,3.397244581010386,448.0,1,1
2020.emnlp-main.625,US,2020,EMNLP,8.873,0.9480704815189411,448.0,0,1
2020.emnlp-main.626,US,2020,EMNLP,11.34,1.0546130545568877,448.0,0,1
2020.emnlp-main.63,US,2020,EMNLP,224.0,2.3502480183341627,448.0,0,1
2020.emnlp-main.630,US,2020,EMNLP,2496.0,3.397244581010386,448.0,1,1
2020.emnlp-main.633,US,2020,EMNLP,112.0,2.0492180226701815,448.0,0,2
2020.emnlp-main.638,US,2020,EMNLP,8.126,0.9098768179903928,448.0,0,1
2020.emnlp-main.646,US,2020,EMNLP,312.0,2.494154594018443,448.0,0,2
2020.emnlp-main.653,US,2020,EMNLP,6.691,0.8254910298794309,448.0,0,1
2020.emnlp-main.655,US,2020,EMNLP,896.0,2.9523080096621253,448.0,1,1
2020.emnlp-main.66,US,2020,EMNLP,224.0,2.3502480183341627,448.0,0,1
2020.emnlp-main.661,US,2020,EMNLP,448.0,2.651278013998144,448.0,1,1
2020.emnlp-main.662,US,2020,EMNLP,112.0,2.0492180226701815,448.0,0,2
2020.emnlp-main.664,US,2020,EMNLP,14.9,1.173186268412274,448.0,0,1
2020.emnlp-main.672,US,2020,EMNLP,112.0,2.0492180226701815,448.0,0,1
2020.emnlp-main.673,US,2020,EMNLP,12.15,1.084576277934331,448.0,0,1
2020.emnlp-main.684,US,2020,EMNLP,107.0,2.0293837776852097,448.0,0,1
2020.emnlp-main.686,US,2020,EMNLP,112.0,2.0492180226701815,448.0,0,1
2020.emnlp-main.687,US,2020,EMNLP,672.0,2.8273692730538253,448.0,1,2
2020.emnlp-main.688,US,2020,EMNLP,11.34,1.0546130545568877,448.0,0,1
2020.emnlp-main.689,US,2020,EMNLP,9.526,0.9789105771755716,448.0,0,1
2020.emnlp-main.691,US,2020,EMNLP,9.526,0.9789105771755716,448.0,0,1
2020.emnlp-main.692,US,2020,EMNLP,112.0,2.0492180226701815,448.0,0,2
2020.emnlp-main.694,US,2020,EMNLP,112.0,2.0492180226701815,448.0,0,1
2020.emnlp-main.695,US,2020,EMNLP,11.34,1.0546130545568877,448.0,0,1
2020.emnlp-main.696,US,2020,EMNLP,130.5,2.1156105116742996,448.0,0,1
2020.emnlp-main.697,US,2020,EMNLP,1044.0,3.0187004986662433,448.0,1,1
2020.emnlp-main.698,US,2020,EMNLP,112.0,2.0492180226701815,448.0,0,1
2020.emnlp-main.704,US,2020,EMNLP,2496.0,3.397244581010386,448.0,1,1
2020.emnlp-main.706,US,2020,EMNLP,113.8,2.056142262059052,448.0,0,1
2020.emnlp-main.707,US,2020,EMNLP,522.0,2.717670503002262,448.0,1,1
2020.emnlp-main.708,US,2020,EMNLP,2496.0,3.397244581010386,448.0,1,1
2020.emnlp-main.710,US,2020,EMNLP,440.0,2.6434526764861874,448.0,0,1
2020.emnlp-main.711,US,2020,EMNLP,110.0,2.041392685158225,448.0,0,2
2020.emnlp-main.712,US,2020,EMNLP,112.0,2.0492180226701815,448.0,0,1
2020.emnlp-main.713,US,2020,EMNLP,7168.0,3.8553979966540686,448.0,1,2
2020.emnlp-main.715,US,2020,EMNLP,112.0,2.0492180226701815,448.0,0,1
2020.emnlp-main.717,US,2020,EMNLP,12.15,1.084576277934331,448.0,0,1
2020.emnlp-main.722,US,2020,EMNLP,112.0,2.0492180226701815,448.0,0,2
2020.emnlp-main.724,US,2020,EMNLP,45.36,1.6566730458848502,448.0,0,1
2020.emnlp-main.728,US,2020,EMNLP,1792.0,3.2533380053261065,448.0,1,1
2020.emnlp-main.73,US,2020,EMNLP,112.0,2.0492180226701815,448.0,0,1
2020.emnlp-main.730,US,2020,EMNLP,112.0,2.0492180226701815,448.0,0,1
2020.emnlp-main.731,US,2020,EMNLP,8.126,0.9098768179903928,448.0,0,1
2020.emnlp-main.732,US,2020,EMNLP,12.15,1.084576277934331,448.0,0,1
2020.emnlp-main.734,US,2020,EMNLP,59.6,1.7752462597402365,448.0,0,1
2020.emnlp-main.735,US,2020,EMNLP,6.691,0.8254910298794309,448.0,0,1
2020.emnlp-main.737,US,2020,EMNLP,330.0,2.5185139398778875,448.0,0,2
2020.emnlp-main.739,US,2020,EMNLP,6.691,0.8254910298794309,448.0,0,1
2020.emnlp-main.744,US,2020,EMNLP,130.5,2.1156105116742996,448.0,0,2
2020.emnlp-main.746,US,2020,EMNLP,110.0,2.041392685158225,448.0,0,2
2020.emnlp-main.747,US,2020,EMNLP,261.0,2.416640507338281,448.0,0,1
2020.emnlp-main.749,US,2020,EMNLP,440.0,2.6434526764861874,448.0,0,2
2020.emnlp-main.75,US,2020,EMNLP,896.0,2.9523080096621253,448.0,1,1
2020.emnlp-main.750,US,2020,EMNLP,896.0,2.9523080096621253,448.0,1,1
2020.emnlp-main.79,US,2020,EMNLP,130.5,2.1156105116742996,448.0,0,1
2020.emnlp-main.8,US,2020,EMNLP,896.0,2.9523080096621253,448.0,1,1
2020.emnlp-main.87,US,2020,EMNLP,896.0,2.9523080096621253,448.0,1,1
2020.emnlp-main.88,US,2020,EMNLP,107.0,2.0293837776852097,448.0,0,1
2020.emnlp-main.9,US,2020,EMNLP,112.0,2.0492180226701815,448.0,0,1
2020.emnlp-main.90,US,2020,EMNLP,112.0,2.0492180226701815,448.0,0,3
2020.emnlp-main.93,US,2020,EMNLP,11.34,1.0546130545568877,448.0,0,1
2020.emnlp-main.94,US,2020,EMNLP,14.9,1.173186268412274,448.0,0,1
2020.emnlp-main.96,US,2020,EMNLP,569.0,2.7551122663950713,448.0,1,1
2020.emnlp-main.97,US,2020,EMNLP,522.0,2.717670503002262,448.0,1,2
2020.emnlp-main.98,US,2020,EMNLP,455.2,2.6582022533870147,448.0,1,1
2020.emnlp-main.99,US,2020,EMNLP,1248.0,3.0962145853464054,448.0,1,2
2021.acl-long.482,AE,2021,ACL,113.8,2.056142262059052,448.0,0,2
2021.naacl-main.314,AE,2021,NAACL,48.6,1.6866362692622934,448.0,0,2
2021.acl-long.381,AM,2021,ACL,59.54,1.774808830310706,448.0,0,2
2021.emnlp-main.390,AR,2021,EMNLP,11.34,1.0546130545568877,448.0,0,1
2021.emnlp-main.117,AT,2021,EMNLP,113.8,2.056142262059052,448.0,0,1
2021.emnlp-main.751,AT,2021,EMNLP,112.0,2.0492180226701815,448.0,0,2
2021.acl-long.396,AU,2021,ACL,11.76,1.0704073217401198,448.0,0,3
2021.acl-long.447,AU,2021,ACL,45.36,1.6566730458848502,448.0,0,4
2021.emnlp-main.225,AU,2021,EMNLP,224.0,2.3502480183341627,448.0,0,1
2021.emnlp-main.233,AU,2021,EMNLP,312.0,2.494154594018443,448.0,0,1
2021.emnlp-main.260,AU,2021,EMNLP,48.6,1.6866362692622934,448.0,0,2
2021.emnlp-main.268,AU,2021,EMNLP,112.0,2.0492180226701815,448.0,0,1
2021.emnlp-main.270,AU,2021,EMNLP,112.0,2.0492180226701815,448.0,0,2
2021.emnlp-main.282,AU,2021,EMNLP,312.0,2.494154594018443,448.0,0,2
2021.emnlp-main.310,AU,2021,EMNLP,112.0,2.0492180226701815,448.0,0,1
2021.emnlp-main.332,AU,2021,EMNLP,448.0,2.651278013998144,448.0,1,3
2021.emnlp-main.833,AU,2021,EMNLP,448.0,2.651278013998144,448.0,1,1
2021.naacl-main.125,AU,2021,NAACL,112.0,2.0492180226701815,448.0,0,1
2021.naacl-main.161,AU,2021,NAACL,112.0,2.0492180226701815,448.0,0,3
2021.naacl-main.175,AU,2021,NAACL,227.6,2.3571722577230334,448.0,0,1
2021.naacl-main.268,AU,2021,NAACL,19.052,1.2799405728395528,448.0,0,1
2021.naacl-main.467,AU,2021,NAACL,112.0,2.0492180226701815,448.0,0,2
2021.emnlp-main.710,BG,2021,EMNLP,112.0,2.0492180226701815,448.0,0,3
2021.acl-long.163,CA,2021,ACL,9.526,0.9789105771755716,448.0,0,1
2021.acl-long.210,CA,2021,ACL,130.5,2.1156105116742996,448.0,0,4
2021.acl-long.377,CA,2021,ACL,284.0,2.4533183400470375,448.0,0,2
2021.acl-long.396,CA,2021,ACL,11.76,1.0704073217401198,448.0,0,3
2021.acl-long.416,CA,2021,ACL,227.6,2.3571722577230334,448.0,0,2
2021.acl-long.519,CA,2021,ACL,39936.0,4.601364563666311,448.0,1,2
2021.acl-long.569,CA,2021,ACL,896.0,2.9523080096621253,448.0,1,2
2021.acl-long.72,CA,2021,ACL,448.0,2.651278013998144,448.0,1,1
2021.acl-long.84,CA,2021,ACL,112.0,2.0492180226701815,448.0,0,1
2021.acl-long.86,CA,2021,ACL,112.0,2.0492180226701815,448.0,0,2
2021.emnlp-main.168,CA,2021,EMNLP,112.0,2.0492180226701815,448.0,0,2
2021.emnlp-main.227,CA,2021,EMNLP,2496.0,3.397244581010386,448.0,1,1
2021.emnlp-main.230,CA,2021,EMNLP,312.0,2.494154594018443,448.0,0,2
2021.emnlp-main.259,CA,2021,EMNLP,224.0,2.3502480183341627,448.0,0,3
2021.emnlp-main.307,CA,2021,EMNLP,142.0,2.1522883443830563,448.0,0,2
2021.emnlp-main.328,CA,2021,EMNLP,224.0,2.3502480183341627,448.0,0,3
2021.emnlp-main.469,CA,2021,EMNLP,3584.0,3.5543680009900878,448.0,1,2
2021.emnlp-main.516,CA,2021,EMNLP,113.8,2.056142262059052,448.0,0,3
2021.emnlp-main.526,CA,2021,EMNLP,112.0,2.0492180226701815,448.0,0,2
2021.emnlp-main.566,CA,2021,EMNLP,220.0,2.342422680822206,448.0,0,2
2021.emnlp-main.68,CA,2021,EMNLP,130.5,2.1156105116742996,448.0,0,1
2021.emnlp-main.779,CA,2021,EMNLP,312.0,2.494154594018443,448.0,0,1
2021.emnlp-main.809,CA,2021,EMNLP,11.76,1.0704073217401198,448.0,0,2
2021.emnlp-main.818,CA,2021,EMNLP,130.5,2.1156105116742996,448.0,0,3
2021.emnlp-main.86,CA,2021,EMNLP,11.34,1.0546130545568877,448.0,0,2
2021.naacl-main.103,CA,2021,NAACL,112.0,2.0492180226701815,448.0,0,1
2021.naacl-main.138,CA,2021,NAACL,112.0,2.0492180226701815,448.0,0,2
2021.naacl-main.226,CA,2021,NAACL,9.526,0.9789105771755716,448.0,0,2
2021.naacl-main.314,CA,2021,NAACL,48.6,1.6866362692622934,448.0,0,2
2021.acl-long.226,CH,2021,ACL,112.0,2.0492180226701815,448.0,0,2
2021.acl-long.47,CH,2021,ACL,312.0,2.494154594018443,448.0,0,3
2021.emnlp-main.142,CH,2021,EMNLP,53.528,1.7285810168713744,448.0,0,2
2021.emnlp-main.49,CH,2021,EMNLP,125.0,2.0969100130080562,448.0,0,1
2021.emnlp-main.51,CH,2021,EMNLP,112.0,2.0492180226701815,448.0,0,2
2021.emnlp-main.52,CH,2021,EMNLP,312.0,2.494154594018443,448.0,0,3
2021.emnlp-main.670,CH,2021,EMNLP,113.8,2.056142262059052,448.0,0,2
2021.emnlp-main.734,CH,2021,EMNLP,71.0,1.8512583487190752,448.0,0,1
2021.emnlp-main.96,CH,2021,EMNLP,48.6,1.6866362692622934,448.0,0,1
2021.naacl-main.1,CH,2021,NAACL,12.15,1.084576277934331,448.0,0,2
2021.naacl-main.181,CH,2021,NAACL,38.104,1.580970568503534,448.0,0,2
2021.acl-long.11,CN,2021,ACL,896.0,2.9523080096621253,448.0,1,1
2021.acl-long.121,CN,2021,ACL,113.8,2.056142262059052,448.0,0,2
2021.acl-long.123,CN,2021,ACL,113.8,2.056142262059052,448.0,0,1
2021.acl-long.13,CN,2021,ACL,8.873,0.9480704815189411,448.0,0,2
2021.acl-long.14,CN,2021,ACL,112.0,2.0492180226701815,448.0,0,1
2021.acl-long.15,CN,2021,ACL,113.8,2.056142262059052,448.0,0,1
2021.acl-long.155,CN,2021,ACL,112.0,2.0492180226701815,448.0,0,1
2021.acl-long.156,CN,2021,ACL,9.526,0.9789105771755716,448.0,0,2
2021.acl-long.157,CN,2021,ACL,448.0,2.651278013998144,448.0,1,1
2021.acl-long.162,CN,2021,ACL,119.2,2.076276255404218,448.0,0,1
2021.acl-long.172,CN,2021,ACL,112.0,2.0492180226701815,448.0,0,2
2021.acl-long.173,CN,2021,ACL,112.0,2.0492180226701815,448.0,0,1
2021.acl-long.180,CN,2021,ACL,130.5,2.1156105116742996,448.0,0,1
2021.acl-long.181,CN,2021,ACL,3584.0,3.5543680009900878,448.0,1,1
2021.acl-long.188,CN,2021,ACL,71.0,1.8512583487190752,448.0,0,2
2021.acl-long.196,CN,2021,ACL,178.4,2.2513948500401044,448.0,0,1
2021.acl-long.199,CN,2021,ACL,6.691,0.8254910298794309,448.0,0,1
2021.acl-long.20,CN,2021,ACL,71.0,1.8512583487190752,448.0,0,1
2021.acl-long.202,CN,2021,ACL,7168.0,3.8553979966540686,448.0,1,1
2021.acl-long.203,CN,2021,ACL,11.34,1.0546130545568877,448.0,0,1
2021.acl-long.204,CN,2021,ACL,112.0,2.0492180226701815,448.0,0,1
2021.acl-long.205,CN,2021,ACL,71.0,1.8512583487190752,448.0,0,1
2021.acl-long.206,CN,2021,ACL,9.526,0.9789105771755716,448.0,0,1
2021.acl-long.209,CN,2021,ACL,14.9,1.173186268412274,448.0,0,2
2021.acl-long.215,CN,2021,ACL,71.0,1.8512583487190752,448.0,0,2
2021.acl-long.217,CN,2021,ACL,71.0,1.8512583487190752,448.0,0,1
2021.acl-long.218,CN,2021,ACL,113.8,2.056142262059052,448.0,0,1
2021.acl-long.23,CN,2021,ACL,11.34,1.0546130545568877,448.0,0,2
2021.acl-long.230,CN,2021,ACL,455.2,2.6582022533870147,448.0,1,2
2021.acl-long.231,CN,2021,ACL,112.0,2.0492180226701815,448.0,0,1
2021.acl-long.232,CN,2021,ACL,113.8,2.056142262059052,448.0,0,2
2021.acl-long.236,CN,2021,ACL,896.0,2.9523080096621253,448.0,1,1
2021.acl-long.238,CN,2021,ACL,9.526,0.9789105771755716,448.0,0,2
2021.acl-long.253,CN,2021,ACL,896.0,2.9523080096621253,448.0,1,2
2021.acl-long.259,CN,2021,ACL,112.0,2.0492180226701815,448.0,0,1
2021.acl-long.260,CN,2021,ACL,94.08,1.9734973087320633,448.0,0,2
2021.acl-long.264,CN,2021,ACL,112.0,2.0492180226701815,448.0,0,2
2021.acl-long.267,CN,2021,ACL,455.2,2.6582022533870147,448.0,1,1
2021.acl-long.268,CN,2021,ACL,896.0,2.9523080096621253,448.0,1,1
2021.acl-long.27,CN,2021,ACL,11.34,1.0546130545568877,448.0,0,1
2021.acl-long.270,CN,2021,ACL,130.5,2.1156105116742996,448.0,0,1
2021.acl-long.271,CN,2021,ACL,12.15,1.084576277934331,448.0,0,1
2021.acl-long.272,CN,2021,ACL,12.15,1.084576277934331,448.0,0,2
2021.acl-long.273,CN,2021,ACL,113.8,2.056142262059052,448.0,0,1
2021.acl-long.274,CN,2021,ACL,896.0,2.9523080096621253,448.0,1,1
2021.acl-long.276,CN,2021,ACL,48.6,1.6866362692622934,448.0,0,1
2021.acl-long.278,CN,2021,ACL,113.8,2.056142262059052,448.0,0,2
2021.acl-long.285,CN,2021,ACL,113.8,2.056142262059052,448.0,0,2
2021.acl-long.305,CN,2021,ACL,113.8,2.056142262059052,448.0,0,1
2021.acl-long.308,CN,2021,ACL,7168.0,3.8553979966540686,448.0,1,1
2021.acl-long.31,CN,2021,ACL,224.0,2.3502480183341627,448.0,0,1
2021.acl-long.317,CN,2021,ACL,261.0,2.416640507338281,448.0,0,1
2021.acl-long.318,CN,2021,ACL,356.8,2.5524248457040857,448.0,0,1
2021.acl-long.326,CN,2021,ACL,455.2,2.6582022533870147,448.0,1,1
2021.acl-long.342,CN,2021,ACL,112.0,2.0492180226701815,448.0,0,1
2021.acl-long.344,CN,2021,ACL,112.0,2.0492180226701815,448.0,0,2
2021.acl-long.354,CN,2021,ACL,113.8,2.056142262059052,448.0,0,1
2021.acl-long.356,CN,2021,ACL,107.0,2.0293837776852097,448.0,0,1
2021.acl-long.361,CN,2021,ACL,130.5,2.1156105116742996,448.0,0,1
2021.acl-long.365,CN,2021,ACL,112.0,2.0492180226701815,448.0,0,1
2021.acl-long.367,CN,2021,ACL,112.0,2.0492180226701815,448.0,0,2
2021.acl-long.372,CN,2021,ACL,112.0,2.0492180226701815,448.0,0,1
2021.acl-long.377,CN,2021,ACL,284.0,2.4533183400470375,448.0,0,2
2021.acl-long.379,CN,2021,ACL,896.0,2.9523080096621253,448.0,1,2
2021.acl-long.391,CN,2021,ACL,227.6,2.3571722577230334,448.0,0,1
2021.acl-long.392,CN,2021,ACL,112.0,2.0492180226701815,448.0,0,1
2021.acl-long.398,CN,2021,ACL,47.04,1.672467313068082,448.0,0,1
2021.acl-long.402,CN,2021,ACL,110.0,2.041392685158225,448.0,0,2
2021.acl-long.413,CN,2021,ACL,1248.0,3.0962145853464054,448.0,1,2
2021.acl-long.419,CN,2021,ACL,112.0,2.0492180226701815,448.0,0,2
2021.acl-long.42,CN,2021,ACL,896.0,2.9523080096621253,448.0,1,1
2021.acl-long.420,CN,2021,ACL,1792.0,3.2533380053261065,448.0,1,2
2021.acl-long.422,CN,2021,ACL,913.5,2.9607085516885565,448.0,1,2
2021.acl-long.425,CN,2021,ACL,112.0,2.0492180226701815,448.0,0,1
2021.acl-long.43,CN,2021,ACL,896.0,2.9523080096621253,448.0,1,1
2021.acl-long.432,CN,2021,ACL,113.8,2.056142262059052,448.0,0,1
2021.acl-long.435,CN,2021,ACL,47.04,1.672467313068082,448.0,0,2
2021.acl-long.437,CN,2021,ACL,113.8,2.056142262059052,448.0,0,2
2021.acl-long.441,CN,2021,ACL,112.0,2.0492180226701815,448.0,0,4
2021.acl-long.442,CN,2021,ACL,112.0,2.0492180226701815,448.0,0,2
2021.acl-long.443,CN,2021,ACL,112.0,2.0492180226701815,448.0,0,1
2021.acl-long.444,CN,2021,ACL,896.0,2.9523080096621253,448.0,1,1
2021.acl-long.445,CN,2021,ACL,455.2,2.6582022533870147,448.0,1,1
2021.acl-long.446,CN,2021,ACL,455.2,2.6582022533870147,448.0,1,1
2021.acl-long.449,CN,2021,ACL,14.9,1.173186268412274,448.0,0,1
2021.acl-long.451,CN,2021,ACL,71.0,1.8512583487190752,448.0,0,2
2021.acl-long.456,CN,2021,ACL,113.8,2.056142262059052,448.0,0,2
2021.acl-long.462,CN,2021,ACL,896.0,2.9523080096621253,448.0,1,1
2021.acl-long.464,CN,2021,ACL,224.0,2.3502480183341627,448.0,0,1
2021.acl-long.466,CN,2021,ACL,112.0,2.0492180226701815,448.0,0,1
2021.acl-long.467,CN,2021,ACL,9.526,0.9789105771755716,448.0,0,2
2021.acl-long.471,CN,2021,ACL,9.526,0.9789105771755716,448.0,0,2
2021.acl-long.472,CN,2021,ACL,896.0,2.9523080096621253,448.0,1,1
2021.acl-long.473,CN,2021,ACL,11.34,1.0546130545568877,448.0,0,2
2021.acl-long.480,CN,2021,ACL,19.052,1.2799405728395528,448.0,0,1
2021.acl-long.485,CN,2021,ACL,227.6,2.3571722577230334,448.0,0,1
2021.acl-long.486,CN,2021,ACL,112.0,2.0492180226701815,448.0,0,1
2021.acl-long.487,CN,2021,ACL,112.0,2.0492180226701815,448.0,0,2
2021.acl-long.491,CN,2021,ACL,910.4,2.959232249050996,448.0,1,1
2021.acl-long.493,CN,2021,ACL,1792.0,3.2533380053261065,448.0,1,1
2021.acl-long.495,CN,2021,ACL,9.526,0.9789105771755716,448.0,0,1
2021.acl-long.496,CN,2021,ACL,112.0,2.0492180226701815,448.0,0,2
2021.acl-long.497,CN,2021,ACL,112.0,2.0492180226701815,448.0,0,1
2021.acl-long.5,CN,2021,ACL,12.15,1.084576277934331,448.0,0,1
2021.acl-long.501,CN,2021,ACL,130.5,2.1156105116742996,448.0,0,2
2021.acl-long.504,CN,2021,ACL,47.04,1.672467313068082,448.0,0,1
2021.acl-long.51,CN,2021,ACL,6.691,0.8254910298794309,448.0,0,1
2021.acl-long.534,CN,2021,ACL,113.8,2.056142262059052,448.0,0,2
2021.acl-long.538,CN,2021,ACL,261.0,2.416640507338281,448.0,0,1
2021.acl-long.56,CN,2021,ACL,113.8,2.056142262059052,448.0,0,2
2021.acl-long.567,CN,2021,ACL,224.0,2.3502480183341627,448.0,0,1
2021.acl-long.571,CN,2021,ACL,224.0,2.3502480183341627,448.0,0,2
2021.acl-long.6,CN,2021,ACL,59.6,1.7752462597402365,448.0,0,1
2021.acl-long.61,CN,2021,ACL,9.526,0.9789105771755716,448.0,0,1
2021.acl-long.63,CN,2021,ACL,112.0,2.0492180226701815,448.0,0,1
2021.acl-long.83,CN,2021,ACL,113.8,2.056142262059052,448.0,0,1
2021.acl-long.86,CN,2021,ACL,112.0,2.0492180226701815,448.0,0,2
2021.emnlp-main.13,CN,2021,EMNLP,130.5,2.1156105116742996,448.0,0,2
2021.emnlp-main.139,CN,2021,EMNLP,112.0,2.0492180226701815,448.0,0,1
2021.emnlp-main.142,CN,2021,EMNLP,53.528,1.7285810168713744,448.0,0,2
2021.emnlp-main.148,CN,2021,EMNLP,112.0,2.0492180226701815,448.0,0,1
2021.emnlp-main.164,CN,2021,EMNLP,896.0,2.9523080096621253,448.0,1,2
2021.emnlp-main.168,CN,2021,EMNLP,112.0,2.0492180226701815,448.0,0,2
2021.emnlp-main.169,CN,2021,EMNLP,71.0,1.8512583487190752,448.0,0,1
2021.emnlp-main.175,CN,2021,EMNLP,130.5,2.1156105116742996,448.0,0,2
2021.emnlp-main.176,CN,2021,EMNLP,113.8,2.056142262059052,448.0,0,1
2021.emnlp-main.178,CN,2021,EMNLP,448.0,2.651278013998144,448.0,1,1
2021.emnlp-main.182,CN,2021,EMNLP,112.0,2.0492180226701815,448.0,0,1
2021.emnlp-main.185,CN,2021,EMNLP,448.0,2.651278013998144,448.0,1,1
2021.emnlp-main.191,CN,2021,EMNLP,910.4,2.959232249050996,448.0,1,1
2021.emnlp-main.197,CN,2021,EMNLP,113.8,2.056142262059052,448.0,0,1
2021.emnlp-main.198,CN,2021,EMNLP,47.04,1.672467313068082,448.0,0,1
2021.emnlp-main.202,CN,2021,EMNLP,227.6,2.3571722577230334,448.0,0,1
2021.emnlp-main.204,CN,2021,EMNLP,11.76,1.0704073217401198,448.0,0,2
2021.emnlp-main.205,CN,2021,EMNLP,2496.0,3.397244581010386,448.0,1,1
2021.emnlp-main.206,CN,2021,EMNLP,11.76,1.0704073217401198,448.0,0,1
2021.emnlp-main.215,CN,2021,EMNLP,682.8,2.834293512442696,448.0,1,1
2021.emnlp-main.219,CN,2021,EMNLP,113.8,2.056142262059052,448.0,0,1
2021.emnlp-main.221,CN,2021,EMNLP,112.0,2.0492180226701815,448.0,0,1
2021.emnlp-main.222,CN,2021,EMNLP,113.8,2.056142262059052,448.0,0,1
2021.emnlp-main.224,CN,2021,EMNLP,3584.0,3.5543680009900878,448.0,1,1
2021.emnlp-main.226,CN,2021,EMNLP,312.0,2.494154594018443,448.0,0,1
2021.emnlp-main.228,CN,2021,EMNLP,112.0,2.0492180226701815,448.0,0,2
2021.emnlp-main.23,CN,2021,EMNLP,130.0,2.113943352306837,448.0,0,1
2021.emnlp-main.242,CN,2021,EMNLP,112.0,2.0492180226701815,448.0,0,1
2021.emnlp-main.244,CN,2021,EMNLP,113.8,2.056142262059052,448.0,0,2
2021.emnlp-main.246,CN,2021,EMNLP,1792.0,3.2533380053261065,448.0,1,1
2021.emnlp-main.247,CN,2021,EMNLP,112.0,2.0492180226701815,448.0,0,2
2021.emnlp-main.250,CN,2021,EMNLP,284.0,2.4533183400470375,448.0,0,1
2021.emnlp-main.255,CN,2021,EMNLP,2496.0,3.397244581010386,448.0,1,2
2021.emnlp-main.256,CN,2021,EMNLP,448.0,2.651278013998144,448.0,1,1
2021.emnlp-main.257,CN,2021,EMNLP,896.0,2.9523080096621253,448.0,1,2
2021.emnlp-main.258,CN,2021,EMNLP,896.0,2.9523080096621253,448.0,1,1
2021.emnlp-main.259,CN,2021,EMNLP,224.0,2.3502480183341627,448.0,0,3
2021.emnlp-main.260,CN,2021,EMNLP,48.6,1.6866362692622934,448.0,0,2
2021.emnlp-main.262,CN,2021,EMNLP,224.0,2.3502480183341627,448.0,0,1
2021.emnlp-main.264,CN,2021,EMNLP,896.0,2.9523080096621253,448.0,1,1
2021.emnlp-main.265,CN,2021,EMNLP,896.0,2.9523080096621253,448.0,1,1
2021.emnlp-main.269,CN,2021,EMNLP,160.0,2.2041199826559246,448.0,0,2
2021.emnlp-main.270,CN,2021,EMNLP,112.0,2.0492180226701815,448.0,0,2
2021.emnlp-main.272,CN,2021,EMNLP,448.0,2.651278013998144,448.0,1,1
2021.emnlp-main.273,CN,2021,EMNLP,107.0,2.0293837776852097,448.0,0,2
2021.emnlp-main.280,CN,2021,EMNLP,9.526,0.9789105771755716,448.0,0,2
2021.emnlp-main.282,CN,2021,EMNLP,312.0,2.494154594018443,448.0,0,2
2021.emnlp-main.287,CN,2021,EMNLP,284.0,2.4533183400470375,448.0,0,1
2021.emnlp-main.295,CN,2021,EMNLP,261.0,2.416640507338281,448.0,0,1
2021.emnlp-main.296,CN,2021,EMNLP,112.0,2.0492180226701815,448.0,0,1
2021.emnlp-main.298,CN,2021,EMNLP,112.0,2.0492180226701815,448.0,0,1
2021.emnlp-main.299,CN,2021,EMNLP,312.0,2.494154594018443,448.0,0,2
2021.emnlp-main.3,CN,2021,EMNLP,7168.0,3.8553979966540686,448.0,1,1
2021.emnlp-main.307,CN,2021,EMNLP,142.0,2.1522883443830563,448.0,0,2
2021.emnlp-main.309,CN,2021,EMNLP,448.0,2.651278013998144,448.0,1,1
2021.emnlp-main.314,CN,2021,EMNLP,113.8,2.056142262059052,448.0,0,1
2021.emnlp-main.315,CN,2021,EMNLP,71.0,1.8512583487190752,448.0,0,1
2021.emnlp-main.318,CN,2021,EMNLP,130.5,2.1156105116742996,448.0,0,1
2021.emnlp-main.319,CN,2021,EMNLP,112.0,2.0492180226701815,448.0,0,1
2021.emnlp-main.321,CN,2021,EMNLP,112.0,2.0492180226701815,448.0,0,2
2021.emnlp-main.323,CN,2021,EMNLP,448.0,2.651278013998144,448.0,1,1
2021.emnlp-main.326,CN,2021,EMNLP,455.2,2.6582022533870147,448.0,1,1
2021.emnlp-main.331,CN,2021,EMNLP,224.0,2.3502480183341627,448.0,0,2
2021.emnlp-main.332,CN,2021,EMNLP,448.0,2.651278013998144,448.0,1,3
2021.emnlp-main.333,CN,2021,EMNLP,448.0,2.651278013998144,448.0,1,1
2021.emnlp-main.336,CN,2021,EMNLP,2496.0,3.397244581010386,448.0,1,2
2021.emnlp-main.337,CN,2021,EMNLP,500.0,2.6989700043360187,448.0,1,2
2021.emnlp-main.339,CN,2021,EMNLP,11.34,1.0546130545568877,448.0,0,1
2021.emnlp-main.34,CN,2021,EMNLP,89.0,1.9493900066449128,448.0,0,1
2021.emnlp-main.340,CN,2021,EMNLP,2496.0,3.397244581010386,448.0,1,2
2021.emnlp-main.341,CN,2021,EMNLP,11.34,1.0546130545568877,448.0,0,2
2021.emnlp-main.347,CN,2021,EMNLP,107.0,2.0293837776852097,448.0,0,1
2021.emnlp-main.355,CN,2021,EMNLP,1248.0,3.0962145853464054,448.0,1,1
2021.emnlp-main.360,CN,2021,EMNLP,11.34,1.0546130545568877,448.0,0,1
2021.emnlp-main.365,CN,2021,EMNLP,12.15,1.084576277934331,448.0,0,1
2021.emnlp-main.366,CN,2021,EMNLP,455.2,2.6582022533870147,448.0,1,1
2021.emnlp-main.371,CN,2021,EMNLP,8.873,0.9480704815189411,448.0,0,1
2021.emnlp-main.381,CN,2021,EMNLP,569.0,2.7551122663950713,448.0,1,2
2021.emnlp-main.389,CN,2021,EMNLP,448.0,2.651278013998144,448.0,1,2
2021.emnlp-main.4,CN,2021,EMNLP,224.0,2.3502480183341627,448.0,0,1
2021.emnlp-main.413,CN,2021,EMNLP,113.8,2.056142262059052,448.0,0,2
2021.emnlp-main.455,CN,2021,EMNLP,110.0,2.041392685158225,448.0,0,2
2021.emnlp-main.498,CN,2021,EMNLP,112.0,2.0492180226701815,448.0,0,1
2021.emnlp-main.5,CN,2021,EMNLP,112.0,2.0492180226701815,448.0,0,1
2021.emnlp-main.516,CN,2021,EMNLP,113.8,2.056142262059052,448.0,0,3
2021.emnlp-main.519,CN,2021,EMNLP,112.0,2.0492180226701815,448.0,0,2
2021.emnlp-main.526,CN,2021,EMNLP,112.0,2.0492180226701815,448.0,0,2
2021.emnlp-main.581,CN,2021,EMNLP,1248.0,3.0962145853464054,448.0,1,1
2021.emnlp-main.590,CN,2021,EMNLP,112.0,2.0492180226701815,448.0,0,2
2021.emnlp-main.594,CN,2021,EMNLP,110.0,2.041392685158225,448.0,0,2
2021.emnlp-main.6,CN,2021,EMNLP,896.0,2.9523080096621253,448.0,1,1
2021.emnlp-main.606,CN,2021,EMNLP,713.6,2.8534548413680665,448.0,1,2
2021.emnlp-main.617,CN,2021,EMNLP,112.0,2.0492180226701815,448.0,0,2
2021.emnlp-main.622,CN,2021,EMNLP,896.0,2.9523080096621253,448.0,1,2
2021.emnlp-main.630,CN,2021,EMNLP,11.34,1.0546130545568877,448.0,0,1
2021.emnlp-main.637,CN,2021,EMNLP,130.5,2.1156105116742996,448.0,0,1
2021.emnlp-main.640,CN,2021,EMNLP,2496.0,3.397244581010386,448.0,1,1
2021.emnlp-main.641,CN,2021,EMNLP,8.126,0.9098768179903928,448.0,0,1
2021.emnlp-main.655,CN,2021,EMNLP,1248.0,3.0962145853464054,448.0,1,3
2021.emnlp-main.679,CN,2021,EMNLP,112.0,2.0492180226701815,448.0,0,1
2021.emnlp-main.690,CN,2021,EMNLP,13.382,1.1265210255434122,448.0,0,2
2021.emnlp-main.699,CN,2021,EMNLP,896.0,2.9523080096621253,448.0,1,3
2021.emnlp-main.7,CN,2021,EMNLP,142.0,2.1522883443830563,448.0,0,1
2021.emnlp-main.700,CN,2021,EMNLP,113.8,2.056142262059052,448.0,0,2
2021.emnlp-main.707,CN,2021,EMNLP,2496.0,3.397244581010386,448.0,1,1
2021.emnlp-main.711,CN,2021,EMNLP,94.08,1.9734973087320633,448.0,0,1
2021.emnlp-main.716,CN,2021,EMNLP,130.5,2.1156105116742996,448.0,0,2
2021.emnlp-main.724,CN,2021,EMNLP,71.0,1.8512583487190752,448.0,0,2
2021.emnlp-main.729,CN,2021,EMNLP,11.34,1.0546130545568877,448.0,0,1
2021.emnlp-main.730,CN,2021,EMNLP,11.34,1.0546130545568877,448.0,0,1
2021.emnlp-main.732,CN,2021,EMNLP,12.15,1.084576277934331,448.0,0,1
2021.emnlp-main.733,CN,2021,EMNLP,12.15,1.084576277934331,448.0,0,1
2021.emnlp-main.737,CN,2021,EMNLP,112.0,2.0492180226701815,448.0,0,2
2021.emnlp-main.752,CN,2021,EMNLP,856.0,2.932473764677153,448.0,1,1
2021.emnlp-main.760,CN,2021,EMNLP,113.8,2.056142262059052,448.0,0,1
2021.emnlp-main.761,CN,2021,EMNLP,224.0,2.3502480183341627,448.0,0,1
2021.emnlp-main.764,CN,2021,EMNLP,112.0,2.0492180226701815,448.0,0,1
2021.emnlp-main.765,CN,2021,EMNLP,11.34,1.0546130545568877,448.0,0,1
2021.emnlp-main.768,CN,2021,EMNLP,112.0,2.0492180226701815,448.0,0,1
2021.emnlp-main.770,CN,2021,EMNLP,1000.0,3.0,448.0,1,1
2021.emnlp-main.771,CN,2021,EMNLP,448.0,2.651278013998144,448.0,1,1
2021.emnlp-main.772,CN,2021,EMNLP,2496.0,3.397244581010386,448.0,1,1
2021.emnlp-main.773,CN,2021,EMNLP,1792.0,3.2533380053261065,448.0,1,3
2021.emnlp-main.777,CN,2021,EMNLP,112.0,2.0492180226701815,448.0,0,1
2021.emnlp-main.786,CN,2021,EMNLP,112.0,2.0492180226701815,448.0,0,1
2021.emnlp-main.796,CN,2021,EMNLP,112.0,2.0492180226701815,448.0,0,1
2021.emnlp-main.811,CN,2021,EMNLP,112.0,2.0492180226701815,448.0,0,1
2021.emnlp-main.819,CN,2021,EMNLP,107.0,2.0293837776852097,448.0,0,3
2021.emnlp-main.828,CN,2021,EMNLP,896.0,2.9523080096621253,448.0,1,1
2021.emnlp-main.839,CN,2021,EMNLP,130.5,2.1156105116742996,448.0,0,1
2021.emnlp-main.86,CN,2021,EMNLP,11.34,1.0546130545568877,448.0,0,2
2021.emnlp-main.9,CN,2021,EMNLP,112.0,2.0492180226701815,448.0,0,1
2021.emnlp-main.94,CN,2021,EMNLP,910.4,2.959232249050996,448.0,1,2
2021.emnlp-main.95,CN,2021,EMNLP,1248.0,3.0962145853464054,448.0,1,2
2021.naacl-main.111,CN,2021,NAACL,19.052,1.2799405728395528,448.0,0,2
2021.naacl-main.116,CN,2021,NAACL,9.526,0.9789105771755716,448.0,0,1
2021.naacl-main.136,CN,2021,NAACL,7168.0,3.8553979966540686,448.0,1,1
2021.naacl-main.137,CN,2021,NAACL,896.0,2.9523080096621253,448.0,1,1
2021.naacl-main.161,CN,2021,NAACL,112.0,2.0492180226701815,448.0,0,3
2021.naacl-main.271,CN,2021,NAACL,113.8,2.056142262059052,448.0,0,2
2021.naacl-main.285,CN,2021,NAACL,1792.0,3.2533380053261065,448.0,1,1
2021.naacl-main.306,CN,2021,NAACL,8.873,0.9480704815189411,448.0,0,2
2021.naacl-main.312,CN,2021,NAACL,896.0,2.9523080096621253,448.0,1,1
2021.naacl-main.313,CN,2021,NAACL,896.0,2.9523080096621253,448.0,1,1
2021.naacl-main.336,CN,2021,NAACL,428.0,2.6314437690131722,448.0,0,2
2021.naacl-main.367,CN,2021,NAACL,112.0,2.0492180226701815,448.0,0,1
2021.naacl-main.37,CN,2021,NAACL,112.0,2.0492180226701815,448.0,0,2
2021.naacl-main.432,CN,2021,NAACL,112.0,2.0492180226701815,448.0,0,2
2021.naacl-main.454,CN,2021,NAACL,9.526,0.9789105771755716,448.0,0,2
2021.naacl-main.463,CN,2021,NAACL,112.0,2.0492180226701815,448.0,0,1
2021.naacl-main.467,CN,2021,NAACL,112.0,2.0492180226701815,448.0,0,2
2021.naacl-main.471,CN,2021,NAACL,11.34,1.0546130545568877,448.0,0,1
2021.naacl-main.96,CN,2021,NAACL,112.0,2.0492180226701815,448.0,0,2
2021.acl-long.311,CZ,2021,ACL,448.0,2.651278013998144,448.0,1,1
2021.acl-long.36,CZ,2021,ACL,11.34,1.0546130545568877,448.0,0,1
2021.emnlp-main.376,CZ,2021,EMNLP,11.34,1.0546130545568877,448.0,0,1
2021.acl-long.1,DE,2021,ACL,107.0,2.0293837776852097,448.0,0,1
2021.acl-long.126,DE,2021,ACL,89.2,1.9503648543761232,448.0,0,2
2021.acl-long.215,DE,2021,ACL,71.0,1.8512583487190752,448.0,0,2
2021.acl-long.23,DE,2021,ACL,11.34,1.0546130545568877,448.0,0,2
2021.acl-long.243,DE,2021,ACL,312.0,2.494154594018443,448.0,0,2
2021.acl-long.279,DE,2021,ACL,11.34,1.0546130545568877,448.0,0,2
2021.acl-long.352,DE,2021,ACL,110.0,2.041392685158225,448.0,0,2
2021.acl-long.379,DE,2021,ACL,896.0,2.9523080096621253,448.0,1,2
2021.acl-long.386,DE,2021,ACL,112.0,2.0492180226701815,448.0,0,1
2021.acl-long.441,DE,2021,ACL,112.0,2.0492180226701815,448.0,0,4
2021.acl-long.447,DE,2021,ACL,45.36,1.6566730458848502,448.0,0,4
2021.acl-long.524,DE,2021,ACL,428.0,2.6314437690131722,448.0,0,2
2021.acl-long.542,DE,2021,ACL,11.34,1.0546130545568877,448.0,0,2
2021.acl-long.546,DE,2021,ACL,455.2,2.6582022533870147,448.0,1,1
2021.acl-long.71,DE,2021,ACL,448.0,2.651278013998144,448.0,1,2
2021.emnlp-main.32,DE,2021,EMNLP,11.34,1.0546130545568877,448.0,0,1
2021.emnlp-main.380,DE,2021,EMNLP,5060.0,3.7041505168397992,448.0,1,1
2021.emnlp-main.555,DE,2021,EMNLP,22.68,1.355643050220869,448.0,0,1
2021.emnlp-main.556,DE,2021,EMNLP,113.8,2.056142262059052,448.0,0,1
2021.emnlp-main.615,DE,2021,EMNLP,113.8,2.056142262059052,448.0,0,1
2021.emnlp-main.623,DE,2021,EMNLP,112.0,2.0492180226701815,448.0,0,2
2021.emnlp-main.626,DE,2021,EMNLP,112.0,2.0492180226701815,448.0,0,1
2021.emnlp-main.639,DE,2021,EMNLP,130.5,2.1156105116742996,448.0,0,2
2021.emnlp-main.655,DE,2021,EMNLP,1248.0,3.0962145853464054,448.0,1,3
2021.emnlp-main.658,DE,2021,EMNLP,113.8,2.056142262059052,448.0,0,2
2021.emnlp-main.660,DE,2021,EMNLP,112.0,2.0492180226701815,448.0,0,1
2021.emnlp-main.672,DE,2021,EMNLP,68.04,1.8327643049405316,448.0,0,1
2021.emnlp-main.680,DE,2021,EMNLP,1248.0,3.0962145853464054,448.0,1,2
2021.emnlp-main.728,DE,2021,EMNLP,8.873,0.9480704815189411,448.0,0,1
2021.emnlp-main.751,DE,2021,EMNLP,112.0,2.0492180226701815,448.0,0,2
2021.emnlp-main.795,DE,2021,EMNLP,113.8,2.056142262059052,448.0,0,1
2021.emnlp-main.800,DE,2021,EMNLP,112.0,2.0492180226701815,448.0,0,2
2021.emnlp-main.90,DE,2021,EMNLP,11.34,1.0546130545568877,448.0,0,1
2021.emnlp-main.93,DE,2021,EMNLP,71.0,1.8512583487190752,448.0,0,1
2021.naacl-main.185,DE,2021,NAACL,11.34,1.0546130545568877,448.0,0,1
2021.naacl-main.34,DE,2021,NAACL,112.0,2.0492180226701815,448.0,0,1
2021.acl-long.247,DK,2021,ACL,112.0,2.0492180226701815,448.0,0,1
2021.acl-long.474,DK,2021,ACL,112.0,2.0492180226701815,448.0,0,3
2021.emnlp-main.393,DK,2021,EMNLP,312.0,2.494154594018443,448.0,0,1
2021.emnlp-main.559,DK,2021,EMNLP,896.0,2.9523080096621253,448.0,1,3
2021.emnlp-main.59,DK,2021,EMNLP,112.0,2.0492180226701815,448.0,0,2
2021.emnlp-main.710,DK,2021,EMNLP,112.0,2.0492180226701815,448.0,0,3
2021.emnlp-main.775,DK,2021,EMNLP,130.5,2.1156105116742996,448.0,0,2
2021.emnlp-main.79,DK,2021,EMNLP,11.34,1.0546130545568877,448.0,0,2
2021.emnlp-main.818,DK,2021,EMNLP,130.5,2.1156105116742996,448.0,0,3
2021.emnlp-main.845,DK,2021,EMNLP,6.691,0.8254910298794309,448.0,0,1
2021.naacl-main.197,DK,2021,NAACL,112.0,2.0492180226701815,448.0,0,5
2021.acl-long.281,ES,2021,ACL,12.15,1.084576277934331,448.0,0,1
2021.acl-long.441,ES,2021,ACL,112.0,2.0492180226701815,448.0,0,4
2021.emnlp-main.391,ES,2021,EMNLP,12.15,1.084576277934331,448.0,0,3
2021.emnlp-main.717,ES,2021,EMNLP,112.0,2.0492180226701815,448.0,0,2
2021.emnlp-main.825,ES,2021,EMNLP,952.8,2.979001748474721,448.0,1,1
2021.emnlp-main.92,ES,2021,EMNLP,448.0,2.651278013998144,448.0,1,1
2021.acl-long.191,FR,2021,ACL,130.5,2.1156105116742996,448.0,0,1
2021.emnlp-main.110,FR,2021,EMNLP,112.0,2.0492180226701815,448.0,0,2
2021.emnlp-main.391,FR,2021,EMNLP,12.15,1.084576277934331,448.0,0,3
2021.emnlp-main.529,FR,2021,EMNLP,113.8,2.056142262059052,448.0,0,2
2021.emnlp-main.562,FR,2021,EMNLP,113.8,2.056142262059052,448.0,0,1
2021.emnlp-main.656,FR,2021,EMNLP,448.0,2.651278013998144,448.0,1,1
2021.emnlp-main.671,FR,2021,EMNLP,448.0,2.651278013998144,448.0,1,1
2021.emnlp-main.740,FR,2021,EMNLP,28672.0,4.457457987982031,448.0,1,1
2021.emnlp-main.816,FR,2021,EMNLP,113.8,2.056142262059052,448.0,0,1
2021.emnlp-main.817,FR,2021,EMNLP,112.0,2.0492180226701815,448.0,0,1
2021.naacl-main.38,FR,2021,NAACL,1957.5,3.291701770729981,448.0,1,2
2021.acl-long.112,GB,2021,ACL,113.8,2.056142262059052,448.0,0,1
2021.acl-long.120,GB,2021,ACL,110.0,2.041392685158225,448.0,0,2
2021.acl-long.121,GB,2021,ACL,113.8,2.056142262059052,448.0,0,2
2021.acl-long.13,GB,2021,ACL,8.873,0.9480704815189411,448.0,0,2
2021.acl-long.209,GB,2021,ACL,14.9,1.173186268412274,448.0,0,2
2021.acl-long.210,GB,2021,ACL,130.5,2.1156105116742996,448.0,0,4
2021.acl-long.243,GB,2021,ACL,312.0,2.494154594018443,448.0,0,2
2021.acl-long.256,GB,2021,ACL,9.526,0.9789105771755716,448.0,0,1
2021.acl-long.261,GB,2021,ACL,11.34,1.0546130545568877,448.0,0,1
2021.acl-long.279,GB,2021,ACL,11.34,1.0546130545568877,448.0,0,2
2021.acl-long.332,GB,2021,ACL,130.5,2.1156105116742996,448.0,0,1
2021.acl-long.4,GB,2021,ACL,16.252,1.210906813654374,448.0,0,2
2021.acl-long.447,GB,2021,ACL,45.36,1.6566730458848502,448.0,0,4
2021.acl-long.47,GB,2021,ACL,312.0,2.494154594018443,448.0,0,3
2021.acl-long.470,GB,2021,ACL,112.0,2.0492180226701815,448.0,0,1
2021.acl-long.475,GB,2021,ACL,910.4,2.959232249050996,448.0,1,1
2021.acl-long.503,GB,2021,ACL,112.0,2.0492180226701815,448.0,0,1
2021.acl-long.542,GB,2021,ACL,11.34,1.0546130545568877,448.0,0,2
2021.acl-long.79,GB,2021,ACL,8.873,0.9480704815189411,448.0,0,1
2021.emnlp-main.109,GB,2021,EMNLP,227.6,2.3571722577230334,448.0,0,1
2021.emnlp-main.20,GB,2021,EMNLP,89.2,1.9503648543761232,448.0,0,2
2021.emnlp-main.249,GB,2021,EMNLP,250.0,2.3979400086720375,448.0,0,2
2021.emnlp-main.300,GB,2021,EMNLP,130.5,2.1156105116742996,448.0,0,2
2021.emnlp-main.472,GB,2021,EMNLP,107.0,2.0293837776852097,448.0,0,3
2021.emnlp-main.51,GB,2021,EMNLP,112.0,2.0492180226701815,448.0,0,2
2021.emnlp-main.52,GB,2021,EMNLP,312.0,2.494154594018443,448.0,0,3
2021.emnlp-main.524,GB,2021,EMNLP,112.0,2.0492180226701815,448.0,0,1
2021.emnlp-main.536,GB,2021,EMNLP,112.0,2.0492180226701815,448.0,0,1
2021.emnlp-main.54,GB,2021,EMNLP,110.0,2.041392685158225,448.0,0,2
2021.emnlp-main.559,GB,2021,EMNLP,896.0,2.9523080096621253,448.0,1,3
2021.emnlp-main.568,GB,2021,EMNLP,10.1065,1.0046007803329844,448.0,0,2
2021.emnlp-main.604,GB,2021,EMNLP,26.764,1.4275510212073932,448.0,0,2
2021.emnlp-main.614,GB,2021,EMNLP,112.0,2.0492180226701815,448.0,0,1
2021.emnlp-main.620,GB,2021,EMNLP,71.0,1.8512583487190752,448.0,0,1
2021.emnlp-main.636,GB,2021,EMNLP,113.8,2.056142262059052,448.0,0,1
2021.emnlp-main.65,GB,2021,EMNLP,8.873,0.9480704815189411,448.0,0,1
2021.emnlp-main.670,GB,2021,EMNLP,113.8,2.056142262059052,448.0,0,2
2021.emnlp-main.678,GB,2021,EMNLP,1000.0,3.0,448.0,1,2
2021.emnlp-main.686,GB,2021,EMNLP,130.5,2.1156105116742996,448.0,0,2
2021.emnlp-main.687,GB,2021,EMNLP,47.04,1.672467313068082,448.0,0,1
2021.emnlp-main.690,GB,2021,EMNLP,13.382,1.1265210255434122,448.0,0,2
2021.emnlp-main.694,GB,2021,EMNLP,2496.0,3.397244581010386,448.0,1,1
2021.emnlp-main.699,GB,2021,EMNLP,896.0,2.9523080096621253,448.0,1,3
2021.emnlp-main.712,GB,2021,EMNLP,224.0,2.3502480183341627,448.0,0,1
2021.emnlp-main.739,GB,2021,EMNLP,113.8,2.056142262059052,448.0,0,1
2021.emnlp-main.742,GB,2021,EMNLP,35.492,1.5501304728469034,448.0,0,1
2021.emnlp-main.743,GB,2021,EMNLP,455.2,2.6582022533870147,448.0,1,2
2021.emnlp-main.800,GB,2021,EMNLP,112.0,2.0492180226701815,448.0,0,2
2021.emnlp-main.818,GB,2021,EMNLP,130.5,2.1156105116742996,448.0,0,3
2021.emnlp-main.821,GB,2021,EMNLP,112.0,2.0492180226701815,448.0,0,4
2021.emnlp-main.830,GB,2021,EMNLP,896.0,2.9523080096621253,448.0,1,2
2021.emnlp-main.842,GB,2021,EMNLP,8.126,0.9098768179903928,448.0,0,2
2021.emnlp-main.87,GB,2021,EMNLP,113.8,2.056142262059052,448.0,0,1
2021.naacl-main.181,GB,2021,NAACL,38.104,1.580970568503534,448.0,0,2
2021.naacl-main.195,GB,2021,NAACL,896.0,2.9523080096621253,448.0,1,2
2021.naacl-main.220,GB,2021,NAACL,112.0,2.0492180226701815,448.0,0,2
2021.naacl-main.227,GB,2021,NAACL,10.1065,1.0046007803329844,448.0,0,2
2021.naacl-main.264,GB,2021,NAACL,97.512,1.9890580640380175,448.0,0,1
2021.naacl-main.33,GB,2021,NAACL,112.0,2.0492180226701815,448.0,0,1
2021.emnlp-main.559,GR,2021,EMNLP,896.0,2.9523080096621253,448.0,1,3
2021.emnlp-main.755,GR,2021,EMNLP,113.8,2.056142262059052,448.0,0,2
2021.emnlp-main.699,ID,2021,EMNLP,896.0,2.9523080096621253,448.0,1,3
2021.emnlp-main.821,ID,2021,EMNLP,112.0,2.0492180226701815,448.0,0,4
2021.acl-long.147,IE,2021,ACL,113.8,2.056142262059052,448.0,0,1
2021.emnlp-main.340,IE,2021,EMNLP,2496.0,3.397244581010386,448.0,1,2
2021.emnlp-main.648,IE,2021,EMNLP,113.8,2.056142262059052,448.0,0,1
2021.emnlp-main.716,IE,2021,EMNLP,130.5,2.1156105116742996,448.0,0,2
2021.emnlp-main.745,IE,2021,EMNLP,113.8,2.056142262059052,448.0,0,1
2021.acl-long.30,IL,2021,ACL,112.0,2.0492180226701815,448.0,0,2
2021.acl-long.447,IL,2021,ACL,45.36,1.6566730458848502,448.0,0,4
2021.acl-long.74,IL,2021,ACL,8.873,0.9480704815189411,448.0,0,2
2021.acl-long.77,IL,2021,ACL,45.36,1.6566730458848502,448.0,0,2
2021.emnlp-main.108,IL,2021,EMNLP,45.36,1.6566730458848502,448.0,0,2
2021.emnlp-main.115,IL,2021,EMNLP,71.0,1.8512583487190752,448.0,0,2
2021.emnlp-main.116,IL,2021,EMNLP,113.8,2.056142262059052,448.0,0,1
2021.emnlp-main.133,IL,2021,EMNLP,312.0,2.494154594018443,448.0,0,2
2021.emnlp-main.20,IL,2021,EMNLP,89.2,1.9503648543761232,448.0,0,2
2021.emnlp-main.384,IL,2021,EMNLP,77.2,1.8876173003357362,448.0,0,1
2021.emnlp-main.446,IL,2021,EMNLP,2496.0,3.397244581010386,448.0,1,2
2021.emnlp-main.738,IL,2021,EMNLP,6.691,0.8254910298794309,448.0,0,1
2021.emnlp-main.819,IL,2021,EMNLP,107.0,2.0293837776852097,448.0,0,3
2021.emnlp-main.831,IL,2021,EMNLP,1248.0,3.0962145853464054,448.0,1,1
2021.emnlp-main.837,IL,2021,EMNLP,448.0,2.651278013998144,448.0,1,1
2021.emnlp-main.843,IL,2021,EMNLP,856.0,2.932473764677153,448.0,1,2
2021.acl-long.238,IN,2021,ACL,9.526,0.9789105771755716,448.0,0,2
2021.acl-long.299,IN,2021,ACL,112.0,2.0492180226701815,448.0,0,2
2021.acl-long.313,IN,2021,ACL,9.526,0.9789105771755716,448.0,0,1
2021.emnlp-main.328,IN,2021,EMNLP,224.0,2.3502480183341627,448.0,0,3
2021.emnlp-main.342,IN,2021,EMNLP,448.0,2.651278013998144,448.0,1,2
2021.emnlp-main.357,IN,2021,EMNLP,112.0,2.0492180226701815,448.0,0,1
2021.emnlp-main.675,IN,2021,EMNLP,112.0,2.0492180226701815,448.0,0,1
2021.emnlp-main.725,IN,2021,EMNLP,8.126,0.9098768179903928,448.0,0,2
2021.emnlp-main.731,IN,2021,EMNLP,9.526,0.9789105771755716,448.0,0,1
2021.emnlp-main.842,IN,2021,EMNLP,8.126,0.9098768179903928,448.0,0,2
2021.naacl-main.168,IN,2021,NAACL,76.208,1.8820005641675153,448.0,0,1
2021.naacl-main.303,IN,2021,NAACL,9.526,0.9789105771755716,448.0,0,1
2021.naacl-main.343,IN,2021,NAACL,113.8,2.056142262059052,448.0,0,2
2021.naacl-main.418,IN,2021,NAACL,448.0,2.651278013998144,448.0,1,2
2021.acl-long.120,IT,2021,ACL,110.0,2.041392685158225,448.0,0,2
2021.acl-long.224,IT,2021,ACL,65.008,1.8129668049823364,448.0,0,1
2021.acl-long.474,IT,2021,ACL,112.0,2.0492180226701815,448.0,0,3
2021.emnlp-main.112,IT,2021,EMNLP,71.0,1.8512583487190752,448.0,0,1
2021.emnlp-main.127,IT,2021,EMNLP,32.504,1.5119368093183552,448.0,0,1
2021.emnlp-main.602,IT,2021,EMNLP,7168.0,3.8553979966540686,448.0,1,1
2021.emnlp-main.736,IT,2021,EMNLP,14.9,1.173186268412274,448.0,0,1
2021.emnlp-main.775,IT,2021,EMNLP,130.5,2.1156105116742996,448.0,0,2
2021.emnlp-main.780,IT,2021,EMNLP,9.526,0.9789105771755716,448.0,0,1
2021.emnlp-main.79,IT,2021,EMNLP,11.34,1.0546130545568877,448.0,0,2
2021.emnlp-main.821,IT,2021,EMNLP,112.0,2.0492180226701815,448.0,0,4
2021.emnlp-main.822,IT,2021,EMNLP,6.691,0.8254910298794309,448.0,0,1
2021.naacl-main.191,IT,2021,NAACL,227.6,2.3571722577230334,448.0,0,1
2021.naacl-main.197,IT,2021,NAACL,112.0,2.0492180226701815,448.0,0,5
2021.naacl-main.30,IT,2021,NAACL,113.8,2.056142262059052,448.0,0,1
2021.naacl-main.31,IT,2021,NAACL,113.8,2.056142262059052,448.0,0,1
2021.acl-long.164,JP,2021,ACL,1792.0,3.2533380053261065,448.0,1,1
2021.acl-long.226,JP,2021,ACL,112.0,2.0492180226701815,448.0,0,2
2021.acl-long.275,JP,2021,ACL,11.34,1.0546130545568877,448.0,0,1
2021.acl-long.429,JP,2021,ACL,113.8,2.056142262059052,448.0,0,1
2021.emnlp-main.217,JP,2021,EMNLP,112.0,2.0492180226701815,448.0,0,1
2021.emnlp-main.249,JP,2021,EMNLP,250.0,2.3979400086720375,448.0,0,2
2021.emnlp-main.266,JP,2021,EMNLP,125.0,2.0969100130080562,448.0,0,1
2021.emnlp-main.299,JP,2021,EMNLP,312.0,2.494154594018443,448.0,0,2
2021.emnlp-main.308,JP,2021,EMNLP,112.0,2.0492180226701815,448.0,0,1
2021.emnlp-main.490,JP,2021,EMNLP,312.0,2.494154594018443,448.0,0,2
2021.emnlp-main.99,JP,2021,EMNLP,3584.0,3.5543680009900878,448.0,1,2
2021.naacl-main.197,JP,2021,NAACL,112.0,2.0492180226701815,448.0,0,5
2021.naacl-main.461,JP,2021,NAACL,12.15,1.084576277934331,448.0,0,1
2021.acl-long.190,KR,2021,ACL,448.0,2.651278013998144,448.0,1,1
2021.acl-long.197,KR,2021,ACL,12.15,1.084576277934331,448.0,0,1
2021.acl-long.225,KR,2021,ACL,448.0,2.651278013998144,448.0,1,1
2021.acl-long.272,KR,2021,ACL,12.15,1.084576277934331,448.0,0,2
2021.acl-long.287,KR,2021,ACL,224.0,2.3502480183341627,448.0,0,1
2021.acl-long.296,KR,2021,ACL,12.15,1.084576277934331,448.0,0,2
2021.acl-long.434,KR,2021,ACL,12.15,1.084576277934331,448.0,0,1
2021.acl-long.476,KR,2021,ACL,130.5,2.1156105116742996,448.0,0,1
2021.acl-long.478,KR,2021,ACL,130.5,2.1156105116742996,448.0,0,1
2021.acl-long.518,KR,2021,ACL,1320.0,3.12057393120585,448.0,1,2
2021.emnlp-main.1,KR,2021,EMNLP,112.0,2.0492180226701815,448.0,0,1
2021.emnlp-main.138,KR,2021,EMNLP,112.0,2.0492180226701815,448.0,0,1
2021.emnlp-main.170,KR,2021,EMNLP,89.2,1.9503648543761232,448.0,0,1
2021.emnlp-main.180,KR,2021,EMNLP,448.0,2.651278013998144,448.0,1,1
2021.emnlp-main.271,KR,2021,EMNLP,94.08,1.9734973087320633,448.0,0,1
2021.emnlp-main.274,KR,2021,EMNLP,319488.0,5.504454550658255,448.0,1,1
2021.emnlp-main.279,KR,2021,EMNLP,112.0,2.0492180226701815,448.0,0,1
2021.emnlp-main.297,KR,2021,EMNLP,7168.0,3.8553979966540686,448.0,1,2
2021.emnlp-main.358,KR,2021,EMNLP,89.2,1.9503648543761232,448.0,0,1
2021.emnlp-main.36,KR,2021,EMNLP,113.8,2.056142262059052,448.0,0,1
2021.emnlp-main.385,KR,2021,EMNLP,71.0,1.8512583487190752,448.0,0,1
2021.emnlp-main.42,KR,2021,EMNLP,113.8,2.056142262059052,448.0,0,1
2021.emnlp-main.472,KR,2021,EMNLP,107.0,2.0293837776852097,448.0,0,3
2021.emnlp-main.533,KR,2021,EMNLP,448.0,2.651278013998144,448.0,1,2
2021.emnlp-main.674,KR,2021,EMNLP,112.0,2.0492180226701815,448.0,0,1
2021.emnlp-main.78,KR,2021,EMNLP,142.0,2.1522883443830563,448.0,0,1
2021.emnlp-main.787,KR,2021,EMNLP,45.36,1.6566730458848502,448.0,0,2
2021.emnlp-main.834,KR,2021,EMNLP,112.0,2.0492180226701815,448.0,0,2
2021.naacl-main.121,KR,2021,NAACL,713.6,2.8534548413680665,448.0,1,1
2021.naacl-main.141,KR,2021,NAACL,261.0,2.416640507338281,448.0,0,2
2021.naacl-main.212,KR,2021,NAACL,448.0,2.651278013998144,448.0,1,1
2021.emnlp-main.269,LB,2021,EMNLP,160.0,2.2041199826559246,448.0,0,2
2021.emnlp-main.724,LB,2021,EMNLP,71.0,1.8512583487190752,448.0,0,2
2021.naacl-main.226,MA,2021,NAACL,9.526,0.9789105771755716,448.0,0,2
2021.acl-long.210,NL,2021,ACL,130.5,2.1156105116742996,448.0,0,4
2021.acl-long.4,NL,2021,ACL,16.252,1.210906813654374,448.0,0,2
2021.acl-long.409,NL,2021,ACL,112.0,2.0492180226701815,448.0,0,1
2021.emnlp-main.533,NL,2021,EMNLP,448.0,2.651278013998144,448.0,1,2
2021.emnlp-main.547,NL,2021,EMNLP,6.691,0.8254910298794309,448.0,0,1
2021.emnlp-main.604,NL,2021,EMNLP,26.764,1.4275510212073932,448.0,0,2
2021.emnlp-main.652,NL,2021,EMNLP,45.36,1.6566730458848502,448.0,0,1
2021.emnlp-main.743,NL,2021,EMNLP,455.2,2.6582022533870147,448.0,1,2
2021.naacl-main.197,NL,2021,NAACL,112.0,2.0492180226701815,448.0,0,5
2021.acl-long.263,NO,2021,ACL,9.526,0.9789105771755716,448.0,0,2
2021.emnlp-main.59,NO,2021,EMNLP,112.0,2.0492180226701815,448.0,0,2
2021.naacl-main.227,NO,2021,NAACL,10.1065,1.0046007803329844,448.0,0,2
2021.acl-long.437,NZ,2021,ACL,113.8,2.056142262059052,448.0,0,2
2021.acl-long.232,PH,2021,ACL,113.8,2.056142262059052,448.0,0,2
2021.emnlp-main.113,PT,2021,EMNLP,130.5,2.1156105116742996,448.0,0,1
2021.emnlp-main.525,PT,2021,EMNLP,455.2,2.6582022533870147,448.0,1,1
2021.acl-long.177,QA,2021,ACL,448.0,2.651278013998144,448.0,1,2
2021.emnlp-main.110,QA,2021,EMNLP,112.0,2.0492180226701815,448.0,0,2
2021.emnlp-main.710,QA,2021,EMNLP,112.0,2.0492180226701815,448.0,0,3
2021.emnlp-main.605,RU,2021,EMNLP,110.0,2.041392685158225,448.0,0,1
2021.emnlp-main.623,RU,2021,EMNLP,112.0,2.0492180226701815,448.0,0,2
2021.emnlp-main.708,RU,2021,EMNLP,448.0,2.651278013998144,448.0,1,1
2021.emnlp-main.717,RU,2021,EMNLP,112.0,2.0492180226701815,448.0,0,2
2021.acl-long.473,SA,2021,ACL,11.34,1.0546130545568877,448.0,0,2
2021.acl-long.263,SE,2021,ACL,9.526,0.9789105771755716,448.0,0,2
2021.acl-long.413,SE,2021,ACL,1248.0,3.0962145853464054,448.0,1,2
2021.emnlp-main.791,SE,2021,EMNLP,38.104,1.580970568503534,448.0,0,1
2021.acl-long.154,SG,2021,ACL,112.0,2.0492180226701815,448.0,0,2
2021.acl-long.172,SG,2021,ACL,112.0,2.0492180226701815,448.0,0,2
2021.acl-long.255,SG,2021,ACL,112.0,2.0492180226701815,448.0,0,1
2021.acl-long.367,SG,2021,ACL,112.0,2.0492180226701815,448.0,0,2
2021.acl-long.402,SG,2021,ACL,110.0,2.041392685158225,448.0,0,2
2021.acl-long.422,SG,2021,ACL,913.5,2.9607085516885565,448.0,1,2
2021.acl-long.441,SG,2021,ACL,112.0,2.0492180226701815,448.0,0,4
2021.acl-long.450,SG,2021,ACL,11.34,1.0546130545568877,448.0,0,2
2021.acl-long.467,SG,2021,ACL,9.526,0.9789105771755716,448.0,0,2
2021.acl-long.48,SG,2021,ACL,224.0,2.3502480183341627,448.0,0,1
2021.acl-long.487,SG,2021,ACL,112.0,2.0492180226701815,448.0,0,2
2021.acl-long.496,SG,2021,ACL,112.0,2.0492180226701815,448.0,0,2
2021.acl-long.534,SG,2021,ACL,113.8,2.056142262059052,448.0,0,2
2021.emnlp-main.131,SG,2021,EMNLP,896.0,2.9523080096621253,448.0,1,2
2021.emnlp-main.204,SG,2021,EMNLP,11.76,1.0704073217401198,448.0,0,2
2021.emnlp-main.331,SG,2021,EMNLP,224.0,2.3502480183341627,448.0,0,2
2021.emnlp-main.341,SG,2021,EMNLP,11.34,1.0546130545568877,448.0,0,2
2021.emnlp-main.359,SG,2021,EMNLP,130.5,2.1156105116742996,448.0,0,1
2021.emnlp-main.657,SG,2021,EMNLP,110.0,2.041392685158225,448.0,0,1
2021.emnlp-main.685,SG,2021,EMNLP,4992.0,3.6982745766743674,448.0,1,2
2021.emnlp-main.700,SG,2021,EMNLP,113.8,2.056142262059052,448.0,0,2
2021.emnlp-main.723,SG,2021,EMNLP,113.8,2.056142262059052,448.0,0,1
2021.emnlp-main.737,SG,2021,EMNLP,112.0,2.0492180226701815,448.0,0,2
2021.emnlp-main.773,SG,2021,EMNLP,1792.0,3.2533380053261065,448.0,1,3
2021.emnlp-main.8,SG,2021,EMNLP,312.0,2.494154594018443,448.0,0,1
2021.naacl-main.128,SG,2021,NAACL,11.34,1.0546130545568877,448.0,0,2
2021.naacl-main.271,SG,2021,NAACL,113.8,2.056142262059052,448.0,0,2
2021.acl-long.111,US,2021,ACL,17.746,1.2491004771829224,448.0,0,1
2021.acl-long.114,US,2021,ACL,24.3,1.3856062735983121,448.0,0,1
2021.acl-long.118,US,2021,ACL,107.0,2.0293837776852097,448.0,0,1
2021.acl-long.124,US,2021,ACL,6.691,0.8254910298794309,448.0,0,1
2021.acl-long.126,US,2021,ACL,89.2,1.9503648543761232,448.0,0,2
2021.acl-long.130,US,2021,ACL,6.691,0.8254910298794309,448.0,0,1
2021.acl-long.140,US,2021,ACL,896.0,2.9523080096621253,448.0,1,1
2021.acl-long.143,US,2021,ACL,112.0,2.0492180226701815,448.0,0,1
2021.acl-long.154,US,2021,ACL,112.0,2.0492180226701815,448.0,0,2
2021.acl-long.156,US,2021,ACL,9.526,0.9789105771755716,448.0,0,2
2021.acl-long.158,US,2021,ACL,13.382,1.1265210255434122,448.0,0,1
2021.acl-long.160,US,2021,ACL,112.0,2.0492180226701815,448.0,0,1
2021.acl-long.165,US,2021,ACL,214.0,2.330413773349191,448.0,0,1
2021.acl-long.166,US,2021,ACL,448.0,2.651278013998144,448.0,1,1
2021.acl-long.167,US,2021,ACL,22.68,1.355643050220869,448.0,0,1
2021.acl-long.177,US,2021,ACL,448.0,2.651278013998144,448.0,1,2
2021.acl-long.186,US,2021,ACL,682.8,2.834293512442696,448.0,1,1
2021.acl-long.188,US,2021,ACL,71.0,1.8512583487190752,448.0,0,2
2021.acl-long.210,US,2021,ACL,130.5,2.1156105116742996,448.0,0,4
2021.acl-long.230,US,2021,ACL,455.2,2.6582022533870147,448.0,1,2
2021.acl-long.240,US,2021,ACL,1792.0,3.2533380053261065,448.0,1,1
2021.acl-long.252,US,2021,ACL,112.0,2.0492180226701815,448.0,0,1
2021.acl-long.253,US,2021,ACL,896.0,2.9523080096621253,448.0,1,2
2021.acl-long.260,US,2021,ACL,94.08,1.9734973087320633,448.0,0,2
2021.acl-long.262,US,2021,ACL,1120.0,3.0492180226701815,448.0,1,1
2021.acl-long.264,US,2021,ACL,112.0,2.0492180226701815,448.0,0,2
2021.acl-long.278,US,2021,ACL,113.8,2.056142262059052,448.0,0,2
2021.acl-long.282,US,2021,ACL,130.5,2.1156105116742996,448.0,0,1
2021.acl-long.283,US,2021,ACL,70.984,1.8511604685108847,448.0,0,1
2021.acl-long.284,US,2021,ACL,112.0,2.0492180226701815,448.0,0,1
2021.acl-long.285,US,2021,ACL,113.8,2.056142262059052,448.0,0,2
2021.acl-long.296,US,2021,ACL,12.15,1.084576277934331,448.0,0,2
2021.acl-long.299,US,2021,ACL,112.0,2.0492180226701815,448.0,0,2
2021.acl-long.30,US,2021,ACL,112.0,2.0492180226701815,448.0,0,2
2021.acl-long.300,US,2021,ACL,112.0,2.0492180226701815,448.0,0,1
2021.acl-long.303,US,2021,ACL,455.2,2.6582022533870147,448.0,1,1
2021.acl-long.316,US,2021,ACL,112.0,2.0492180226701815,448.0,0,1
2021.acl-long.322,US,2021,ACL,113.8,2.056142262059052,448.0,0,1
2021.acl-long.328,US,2021,ACL,896.0,2.9523080096621253,448.0,1,1
2021.acl-long.330,US,2021,ACL,113.8,2.056142262059052,448.0,0,1
2021.acl-long.331,US,2021,ACL,3584.0,3.5543680009900878,448.0,1,1
2021.acl-long.338,US,2021,ACL,113.8,2.056142262059052,448.0,0,1
2021.acl-long.340,US,2021,ACL,8.873,0.9480704815189411,448.0,0,1
2021.acl-long.344,US,2021,ACL,112.0,2.0492180226701815,448.0,0,2
2021.acl-long.345,US,2021,ACL,130.5,2.1156105116742996,448.0,0,1
2021.acl-long.346,US,2021,ACL,11.34,1.0546130545568877,448.0,0,1
2021.acl-long.349,US,2021,ACL,6.832,0.8345478576809486,448.0,0,1
2021.acl-long.351,US,2021,ACL,112.0,2.0492180226701815,448.0,0,1
2021.acl-long.352,US,2021,ACL,110.0,2.041392685158225,448.0,0,2
2021.acl-long.355,US,2021,ACL,113.8,2.056142262059052,448.0,0,1
2021.acl-long.363,US,2021,ACL,113.8,2.056142262059052,448.0,0,1
2021.acl-long.381,US,2021,ACL,59.54,1.774808830310706,448.0,0,2
2021.acl-long.382,US,2021,ACL,112.0,2.0492180226701815,448.0,0,1
2021.acl-long.384,US,2021,ACL,113.8,2.056142262059052,448.0,0,1
2021.acl-long.387,US,2021,ACL,45.36,1.6566730458848502,448.0,0,1
2021.acl-long.389,US,2021,ACL,6.691,0.8254910298794309,448.0,0,1
2021.acl-long.396,US,2021,ACL,11.76,1.0704073217401198,448.0,0,3
2021.acl-long.411,US,2021,ACL,24.3,1.3856062735983121,448.0,0,1
2021.acl-long.416,US,2021,ACL,227.6,2.3571722577230334,448.0,0,2
2021.acl-long.419,US,2021,ACL,112.0,2.0492180226701815,448.0,0,2
2021.acl-long.420,US,2021,ACL,1792.0,3.2533380053261065,448.0,1,2
2021.acl-long.435,US,2021,ACL,47.04,1.672467313068082,448.0,0,2
2021.acl-long.442,US,2021,ACL,112.0,2.0492180226701815,448.0,0,2
2021.acl-long.450,US,2021,ACL,11.34,1.0546130545568877,448.0,0,2
2021.acl-long.451,US,2021,ACL,71.0,1.8512583487190752,448.0,0,2
2021.acl-long.456,US,2021,ACL,113.8,2.056142262059052,448.0,0,2
2021.acl-long.47,US,2021,ACL,312.0,2.494154594018443,448.0,0,3
2021.acl-long.471,US,2021,ACL,9.526,0.9789105771755716,448.0,0,2
2021.acl-long.474,US,2021,ACL,112.0,2.0492180226701815,448.0,0,3
2021.acl-long.477,US,2021,ACL,1792.0,3.2533380053261065,448.0,1,1
2021.acl-long.482,US,2021,ACL,113.8,2.056142262059052,448.0,0,2
2021.acl-long.488,US,2021,ACL,112.0,2.0492180226701815,448.0,0,1
2021.acl-long.489,US,2021,ACL,112.0,2.0492180226701815,448.0,0,1
2021.acl-long.498,US,2021,ACL,112.0,2.0492180226701815,448.0,0,1
2021.acl-long.501,US,2021,ACL,130.5,2.1156105116742996,448.0,0,2
2021.acl-long.502,US,2021,ACL,110.0,2.041392685158225,448.0,0,1
2021.acl-long.510,US,2021,ACL,112.0,2.0492180226701815,448.0,0,1
2021.acl-long.518,US,2021,ACL,1320.0,3.12057393120585,448.0,1,2
2021.acl-long.519,US,2021,ACL,39936.0,4.601364563666311,448.0,1,2
2021.acl-long.522,US,2021,ACL,89.2,1.9503648543761232,448.0,0,1
2021.acl-long.523,US,2021,ACL,261.0,2.416640507338281,448.0,0,1
2021.acl-long.524,US,2021,ACL,428.0,2.6314437690131722,448.0,0,2
2021.acl-long.531,US,2021,ACL,11.34,1.0546130545568877,448.0,0,1
2021.acl-long.532,US,2021,ACL,261.0,2.416640507338281,448.0,0,1
2021.acl-long.537,US,2021,ACL,112.0,2.0492180226701815,448.0,0,1
2021.acl-long.549,US,2021,ACL,112.0,2.0492180226701815,448.0,0,1
2021.acl-long.552,US,2021,ACL,112.0,2.0492180226701815,448.0,0,1
2021.acl-long.554,US,2021,ACL,110.0,2.041392685158225,448.0,0,1
2021.acl-long.557,US,2021,ACL,113.8,2.056142262059052,448.0,0,1
2021.acl-long.56,US,2021,ACL,113.8,2.056142262059052,448.0,0,2
2021.acl-long.560,US,2021,ACL,261.0,2.416640507338281,448.0,0,1
2021.acl-long.561,US,2021,ACL,112.0,2.0492180226701815,448.0,0,1
2021.acl-long.562,US,2021,ACL,8.873,0.9480704815189411,448.0,0,1
2021.acl-long.569,US,2021,ACL,896.0,2.9523080096621253,448.0,1,2
2021.acl-long.571,US,2021,ACL,224.0,2.3502480183341627,448.0,0,2
2021.acl-long.59,US,2021,ACL,113.8,2.056142262059052,448.0,0,1
2021.acl-long.64,US,2021,ACL,224.0,2.3502480183341627,448.0,0,1
2021.acl-long.71,US,2021,ACL,448.0,2.651278013998144,448.0,1,2
2021.acl-long.74,US,2021,ACL,8.873,0.9480704815189411,448.0,0,2
2021.acl-long.75,US,2021,ACL,896.0,2.9523080096621253,448.0,1,1
2021.acl-long.77,US,2021,ACL,45.36,1.6566730458848502,448.0,0,2
2021.acl-long.82,US,2021,ACL,11.34,1.0546130545568877,448.0,0,1
2021.acl-long.97,US,2021,ACL,896.0,2.9523080096621253,448.0,1,1
2021.emnlp-main.10,US,2021,EMNLP,130.5,2.1156105116742996,448.0,0,1
2021.emnlp-main.101,US,2021,EMNLP,2496.0,3.397244581010386,448.0,1,1
2021.emnlp-main.102,US,2021,EMNLP,45.36,1.6566730458848502,448.0,0,1
2021.emnlp-main.106,US,2021,EMNLP,112.0,2.0492180226701815,448.0,0,1
2021.emnlp-main.108,US,2021,EMNLP,45.36,1.6566730458848502,448.0,0,2
2021.emnlp-main.115,US,2021,EMNLP,71.0,1.8512583487190752,448.0,0,2
2021.emnlp-main.124,US,2021,EMNLP,28672.0,4.457457987982031,448.0,1,1
2021.emnlp-main.13,US,2021,EMNLP,130.5,2.1156105116742996,448.0,0,2
2021.emnlp-main.131,US,2021,EMNLP,896.0,2.9523080096621253,448.0,1,2
2021.emnlp-main.133,US,2021,EMNLP,312.0,2.494154594018443,448.0,0,2
2021.emnlp-main.134,US,2021,EMNLP,107.0,2.0293837776852097,448.0,0,1
2021.emnlp-main.137,US,2021,EMNLP,569.0,2.7551122663950713,448.0,1,1
2021.emnlp-main.140,US,2021,EMNLP,178.4,2.2513948500401044,448.0,0,1
2021.emnlp-main.143,US,2021,EMNLP,112.0,2.0492180226701815,448.0,0,1
2021.emnlp-main.144,US,2021,EMNLP,112.0,2.0492180226701815,448.0,0,1
2021.emnlp-main.145,US,2021,EMNLP,110.0,2.041392685158225,448.0,0,1
2021.emnlp-main.149,US,2021,EMNLP,713.6,2.8534548413680665,448.0,1,1
2021.emnlp-main.151,US,2021,EMNLP,455.2,2.6582022533870147,448.0,1,1
2021.emnlp-main.162,US,2021,EMNLP,312.0,2.494154594018443,448.0,0,1
2021.emnlp-main.163,US,2021,EMNLP,89.2,1.9503648543761232,448.0,0,1
2021.emnlp-main.164,US,2021,EMNLP,896.0,2.9523080096621253,448.0,1,2
2021.emnlp-main.175,US,2021,EMNLP,130.5,2.1156105116742996,448.0,0,2
2021.emnlp-main.189,US,2021,EMNLP,112.0,2.0492180226701815,448.0,0,1
2021.emnlp-main.228,US,2021,EMNLP,112.0,2.0492180226701815,448.0,0,2
2021.emnlp-main.230,US,2021,EMNLP,312.0,2.494154594018443,448.0,0,2
2021.emnlp-main.231,US,2021,EMNLP,2496.0,3.397244581010386,448.0,1,1
2021.emnlp-main.244,US,2021,EMNLP,113.8,2.056142262059052,448.0,0,2
2021.emnlp-main.247,US,2021,EMNLP,112.0,2.0492180226701815,448.0,0,2
2021.emnlp-main.25,US,2021,EMNLP,113.8,2.056142262059052,448.0,0,1
2021.emnlp-main.255,US,2021,EMNLP,2496.0,3.397244581010386,448.0,1,2
2021.emnlp-main.257,US,2021,EMNLP,896.0,2.9523080096621253,448.0,1,2
2021.emnlp-main.259,US,2021,EMNLP,224.0,2.3502480183341627,448.0,0,3
2021.emnlp-main.273,US,2021,EMNLP,107.0,2.0293837776852097,448.0,0,2
2021.emnlp-main.280,US,2021,EMNLP,9.526,0.9789105771755716,448.0,0,2
2021.emnlp-main.297,US,2021,EMNLP,7168.0,3.8553979966540686,448.0,1,2
2021.emnlp-main.300,US,2021,EMNLP,130.5,2.1156105116742996,448.0,0,2
2021.emnlp-main.301,US,2021,EMNLP,896.0,2.9523080096621253,448.0,1,1
2021.emnlp-main.305,US,2021,EMNLP,312.0,2.494154594018443,448.0,0,1
2021.emnlp-main.321,US,2021,EMNLP,112.0,2.0492180226701815,448.0,0,2
2021.emnlp-main.328,US,2021,EMNLP,224.0,2.3502480183341627,448.0,0,3
2021.emnlp-main.332,US,2021,EMNLP,448.0,2.651278013998144,448.0,1,3
2021.emnlp-main.336,US,2021,EMNLP,2496.0,3.397244581010386,448.0,1,2
2021.emnlp-main.337,US,2021,EMNLP,500.0,2.6989700043360187,448.0,1,2
2021.emnlp-main.342,US,2021,EMNLP,448.0,2.651278013998144,448.0,1,2
2021.emnlp-main.352,US,2021,EMNLP,113.8,2.056142262059052,448.0,0,1
2021.emnlp-main.37,US,2021,EMNLP,113.8,2.056142262059052,448.0,0,1
2021.emnlp-main.381,US,2021,EMNLP,569.0,2.7551122663950713,448.0,1,2
2021.emnlp-main.382,US,2021,EMNLP,125.0,2.0969100130080562,448.0,0,1
2021.emnlp-main.387,US,2021,EMNLP,1792.0,3.2533380053261065,448.0,1,1
2021.emnlp-main.389,US,2021,EMNLP,448.0,2.651278013998144,448.0,1,2
2021.emnlp-main.391,US,2021,EMNLP,12.15,1.084576277934331,448.0,0,3
2021.emnlp-main.395,US,2021,EMNLP,11.34,1.0546130545568877,448.0,0,1
2021.emnlp-main.397,US,2021,EMNLP,113.8,2.056142262059052,448.0,0,1
2021.emnlp-main.406,US,2021,EMNLP,312.0,2.494154594018443,448.0,0,1
2021.emnlp-main.410,US,2021,EMNLP,107.0,2.0293837776852097,448.0,0,1
2021.emnlp-main.412,US,2021,EMNLP,448.0,2.651278013998144,448.0,1,1
2021.emnlp-main.413,US,2021,EMNLP,113.8,2.056142262059052,448.0,0,2
2021.emnlp-main.420,US,2021,EMNLP,107.0,2.0293837776852097,448.0,0,1
2021.emnlp-main.422,US,2021,EMNLP,112.0,2.0492180226701815,448.0,0,1
2021.emnlp-main.424,US,2021,EMNLP,12.15,1.084576277934331,448.0,0,1
2021.emnlp-main.425,US,2021,EMNLP,89.2,1.9503648543761232,448.0,0,1
2021.emnlp-main.426,US,2021,EMNLP,107.0,2.0293837776852097,448.0,0,1
2021.emnlp-main.427,US,2021,EMNLP,1248.0,3.0962145853464054,448.0,1,2
2021.emnlp-main.428,US,2021,EMNLP,112.0,2.0492180226701815,448.0,0,1
2021.emnlp-main.43,US,2021,EMNLP,107.0,2.0293837776852097,448.0,0,1
2021.emnlp-main.430,US,2021,EMNLP,312.0,2.494154594018443,448.0,0,1
2021.emnlp-main.433,US,2021,EMNLP,112.0,2.0492180226701815,448.0,0,1
2021.emnlp-main.436,US,2021,EMNLP,107.0,2.0293837776852097,448.0,0,1
2021.emnlp-main.44,US,2021,EMNLP,312.0,2.494154594018443,448.0,0,1
2021.emnlp-main.441,US,2021,EMNLP,110.0,2.041392685158225,448.0,0,1
2021.emnlp-main.446,US,2021,EMNLP,2496.0,3.397244581010386,448.0,1,2
2021.emnlp-main.449,US,2021,EMNLP,125.0,2.0969100130080562,448.0,0,1
2021.emnlp-main.450,US,2021,EMNLP,261.0,2.416640507338281,448.0,0,1
2021.emnlp-main.451,US,2021,EMNLP,312.0,2.494154594018443,448.0,0,1
2021.emnlp-main.455,US,2021,EMNLP,110.0,2.041392685158225,448.0,0,2
2021.emnlp-main.456,US,2021,EMNLP,312.0,2.494154594018443,448.0,0,1
2021.emnlp-main.459,US,2021,EMNLP,113.8,2.056142262059052,448.0,0,1
2021.emnlp-main.460,US,2021,EMNLP,35.492,1.5501304728469034,448.0,0,1
2021.emnlp-main.469,US,2021,EMNLP,3584.0,3.5543680009900878,448.0,1,2
2021.emnlp-main.47,US,2021,EMNLP,112.0,2.0492180226701815,448.0,0,1
2021.emnlp-main.471,US,2021,EMNLP,112.0,2.0492180226701815,448.0,0,1
2021.emnlp-main.472,US,2021,EMNLP,107.0,2.0293837776852097,448.0,0,3
2021.emnlp-main.477,US,2021,EMNLP,22.68,1.355643050220869,448.0,0,1
2021.emnlp-main.479,US,2021,EMNLP,2496.0,3.397244581010386,448.0,1,1
2021.emnlp-main.480,US,2021,EMNLP,896.0,2.9523080096621253,448.0,1,1
2021.emnlp-main.484,US,2021,EMNLP,110.0,2.041392685158225,448.0,0,1
2021.emnlp-main.485,US,2021,EMNLP,112.0,2.0492180226701815,448.0,0,1
2021.emnlp-main.489,US,2021,EMNLP,448.0,2.651278013998144,448.0,1,1
2021.emnlp-main.490,US,2021,EMNLP,312.0,2.494154594018443,448.0,0,2
2021.emnlp-main.493,US,2021,EMNLP,440.0,2.6434526764861874,448.0,0,1
2021.emnlp-main.495,US,2021,EMNLP,113.8,2.056142262059052,448.0,0,1
2021.emnlp-main.496,US,2021,EMNLP,455.2,2.6582022533870147,448.0,1,1
2021.emnlp-main.497,US,2021,EMNLP,312.0,2.494154594018443,448.0,0,1
2021.emnlp-main.503,US,2021,EMNLP,11.34,1.0546130545568877,448.0,0,1
2021.emnlp-main.504,US,2021,EMNLP,312.0,2.494154594018443,448.0,0,1
2021.emnlp-main.505,US,2021,EMNLP,112.0,2.0492180226701815,448.0,0,1
2021.emnlp-main.506,US,2021,EMNLP,261.0,2.416640507338281,448.0,0,1
2021.emnlp-main.507,US,2021,EMNLP,112.0,2.0492180226701815,448.0,0,1
2021.emnlp-main.508,US,2021,EMNLP,113.8,2.056142262059052,448.0,0,1
2021.emnlp-main.509,US,2021,EMNLP,6.691,0.8254910298794309,448.0,0,1
2021.emnlp-main.510,US,2021,EMNLP,6.691,0.8254910298794309,448.0,0,1
2021.emnlp-main.511,US,2021,EMNLP,112.0,2.0492180226701815,448.0,0,1
2021.emnlp-main.512,US,2021,EMNLP,119.1,2.0759117614827773,448.0,0,1
2021.emnlp-main.513,US,2021,EMNLP,214.0,2.330413773349191,448.0,0,1
2021.emnlp-main.515,US,2021,EMNLP,8.126,0.9098768179903928,448.0,0,1
2021.emnlp-main.516,US,2021,EMNLP,113.8,2.056142262059052,448.0,0,3
2021.emnlp-main.517,US,2021,EMNLP,880.0,2.9444826721501687,448.0,1,1
2021.emnlp-main.518,US,2021,EMNLP,113.8,2.056142262059052,448.0,0,1
2021.emnlp-main.519,US,2021,EMNLP,112.0,2.0492180226701815,448.0,0,2
2021.emnlp-main.52,US,2021,EMNLP,312.0,2.494154594018443,448.0,0,3
2021.emnlp-main.520,US,2021,EMNLP,224.0,2.3502480183341627,448.0,0,1
2021.emnlp-main.521,US,2021,EMNLP,112.0,2.0492180226701815,448.0,0,1
2021.emnlp-main.527,US,2021,EMNLP,112.0,2.0492180226701815,448.0,0,1
2021.emnlp-main.529,US,2021,EMNLP,113.8,2.056142262059052,448.0,0,2
2021.emnlp-main.53,US,2021,EMNLP,118.5,2.0737183503461227,448.0,0,1
2021.emnlp-main.531,US,2021,EMNLP,14.9,1.173186268412274,448.0,0,1
2021.emnlp-main.532,US,2021,EMNLP,312.0,2.494154594018443,448.0,0,1
2021.emnlp-main.534,US,2021,EMNLP,455.2,2.6582022533870147,448.0,1,1
2021.emnlp-main.538,US,2021,EMNLP,130.5,2.1156105116742996,448.0,0,1
2021.emnlp-main.54,US,2021,EMNLP,110.0,2.041392685158225,448.0,0,2
2021.emnlp-main.540,US,2021,EMNLP,9.526,0.9789105771755716,448.0,0,1
2021.emnlp-main.541,US,2021,EMNLP,2496.0,3.397244581010386,448.0,1,1
2021.emnlp-main.543,US,2021,EMNLP,119.1,2.0759117614827773,448.0,0,1
2021.emnlp-main.544,US,2021,EMNLP,896.0,2.9523080096621253,448.0,1,1
2021.emnlp-main.546,US,2021,EMNLP,112.0,2.0492180226701815,448.0,0,1
2021.emnlp-main.548,US,2021,EMNLP,112.0,2.0492180226701815,448.0,0,1
2021.emnlp-main.55,US,2021,EMNLP,107.0,2.0293837776852097,448.0,0,1
2021.emnlp-main.550,US,2021,EMNLP,113.8,2.056142262059052,448.0,0,1
2021.emnlp-main.557,US,2021,EMNLP,455.2,2.6582022533870147,448.0,1,1
2021.emnlp-main.566,US,2021,EMNLP,220.0,2.342422680822206,448.0,0,2
2021.emnlp-main.568,US,2021,EMNLP,10.1065,1.0046007803329844,448.0,0,2
2021.emnlp-main.570,US,2021,EMNLP,107.0,2.0293837776852097,448.0,0,1
2021.emnlp-main.572,US,2021,EMNLP,113.8,2.056142262059052,448.0,0,1
2021.emnlp-main.577,US,2021,EMNLP,1248.0,3.0962145853464054,448.0,1,1
2021.emnlp-main.578,US,2021,EMNLP,896.0,2.9523080096621253,448.0,1,1
2021.emnlp-main.583,US,2021,EMNLP,112.0,2.0492180226701815,448.0,0,1
2021.emnlp-main.589,US,2021,EMNLP,896.0,2.9523080096621253,448.0,1,1
2021.emnlp-main.590,US,2021,EMNLP,112.0,2.0492180226701815,448.0,0,2
2021.emnlp-main.592,US,2021,EMNLP,113.8,2.056142262059052,448.0,0,1
2021.emnlp-main.594,US,2021,EMNLP,110.0,2.041392685158225,448.0,0,2
2021.emnlp-main.596,US,2021,EMNLP,1248.0,3.0962145853464054,448.0,1,1
2021.emnlp-main.597,US,2021,EMNLP,312.0,2.494154594018443,448.0,0,1
2021.emnlp-main.598,US,2021,EMNLP,89.2,1.9503648543761232,448.0,0,1
2021.emnlp-main.606,US,2021,EMNLP,713.6,2.8534548413680665,448.0,1,2
2021.emnlp-main.608,US,2021,EMNLP,112.0,2.0492180226701815,448.0,0,1
2021.emnlp-main.609,US,2021,EMNLP,112.0,2.0492180226701815,448.0,0,1
2021.emnlp-main.611,US,2021,EMNLP,6.691,0.8254910298794309,448.0,0,1
2021.emnlp-main.617,US,2021,EMNLP,112.0,2.0492180226701815,448.0,0,2
2021.emnlp-main.62,US,2021,EMNLP,110.0,2.041392685158225,448.0,0,1
2021.emnlp-main.622,US,2021,EMNLP,896.0,2.9523080096621253,448.0,1,2
2021.emnlp-main.63,US,2021,EMNLP,130.5,2.1156105116742996,448.0,0,1
2021.emnlp-main.639,US,2021,EMNLP,130.5,2.1156105116742996,448.0,0,2
2021.emnlp-main.64,US,2021,EMNLP,112.0,2.0492180226701815,448.0,0,1
2021.emnlp-main.655,US,2021,EMNLP,1248.0,3.0962145853464054,448.0,1,3
2021.emnlp-main.658,US,2021,EMNLP,113.8,2.056142262059052,448.0,0,2
2021.emnlp-main.66,US,2021,EMNLP,11.34,1.0546130545568877,448.0,0,1
2021.emnlp-main.678,US,2021,EMNLP,1000.0,3.0,448.0,1,2
2021.emnlp-main.680,US,2021,EMNLP,1248.0,3.0962145853464054,448.0,1,2
2021.emnlp-main.685,US,2021,EMNLP,4992.0,3.6982745766743674,448.0,1,2
2021.emnlp-main.686,US,2021,EMNLP,130.5,2.1156105116742996,448.0,0,2
2021.emnlp-main.721,US,2021,EMNLP,312.0,2.494154594018443,448.0,0,1
2021.emnlp-main.725,US,2021,EMNLP,8.126,0.9098768179903928,448.0,0,2
2021.emnlp-main.75,US,2021,EMNLP,2496.0,3.397244581010386,448.0,1,1
2021.emnlp-main.755,US,2021,EMNLP,113.8,2.056142262059052,448.0,0,2
2021.emnlp-main.756,US,2021,EMNLP,910.4,2.959232249050996,448.0,1,1
2021.emnlp-main.773,US,2021,EMNLP,1792.0,3.2533380053261065,448.0,1,3
2021.emnlp-main.783,US,2021,EMNLP,11.34,1.0546130545568877,448.0,0,1
2021.emnlp-main.787,US,2021,EMNLP,45.36,1.6566730458848502,448.0,0,2
2021.emnlp-main.804,US,2021,EMNLP,110.0,2.041392685158225,448.0,0,1
2021.emnlp-main.808,US,2021,EMNLP,2496.0,3.397244581010386,448.0,1,1
2021.emnlp-main.809,US,2021,EMNLP,11.76,1.0704073217401198,448.0,0,2
2021.emnlp-main.810,US,2021,EMNLP,22.68,1.355643050220869,448.0,0,1
2021.emnlp-main.812,US,2021,EMNLP,112.0,2.0492180226701815,448.0,0,1
2021.emnlp-main.819,US,2021,EMNLP,107.0,2.0293837776852097,448.0,0,3
2021.emnlp-main.82,US,2021,EMNLP,112.0,2.0492180226701815,448.0,0,1
2021.emnlp-main.821,US,2021,EMNLP,112.0,2.0492180226701815,448.0,0,4
2021.emnlp-main.83,US,2021,EMNLP,312.0,2.494154594018443,448.0,0,1
2021.emnlp-main.830,US,2021,EMNLP,896.0,2.9523080096621253,448.0,1,2
2021.emnlp-main.834,US,2021,EMNLP,112.0,2.0492180226701815,448.0,0,2
2021.emnlp-main.838,US,2021,EMNLP,2496.0,3.397244581010386,448.0,1,1
2021.emnlp-main.841,US,2021,EMNLP,89.2,1.9503648543761232,448.0,0,1
2021.emnlp-main.843,US,2021,EMNLP,856.0,2.932473764677153,448.0,1,2
2021.emnlp-main.846,US,2021,EMNLP,113.8,2.056142262059052,448.0,0,1
2021.emnlp-main.94,US,2021,EMNLP,910.4,2.959232249050996,448.0,1,2
2021.emnlp-main.95,US,2021,EMNLP,1248.0,3.0962145853464054,448.0,1,2
2021.emnlp-main.99,US,2021,EMNLP,3584.0,3.5543680009900878,448.0,1,2
2021.naacl-main.1,US,2021,NAACL,12.15,1.084576277934331,448.0,0,2
2021.naacl-main.100,US,2021,NAACL,896.0,2.9523080096621253,448.0,1,1
2021.naacl-main.104,US,2021,NAACL,113.8,2.056142262059052,448.0,0,1
2021.naacl-main.108,US,2021,NAACL,11.34,1.0546130545568877,448.0,0,1
2021.naacl-main.111,US,2021,NAACL,19.052,1.2799405728395528,448.0,0,2
2021.naacl-main.112,US,2021,NAACL,178.4,2.2513948500401044,448.0,0,1
2021.naacl-main.128,US,2021,NAACL,11.34,1.0546130545568877,448.0,0,2
2021.naacl-main.129,US,2021,NAACL,89.2,1.9503648543761232,448.0,0,1
2021.naacl-main.130,US,2021,NAACL,11.34,1.0546130545568877,448.0,0,1
2021.naacl-main.138,US,2021,NAACL,112.0,2.0492180226701815,448.0,0,2
2021.naacl-main.141,US,2021,NAACL,261.0,2.416640507338281,448.0,0,2
2021.naacl-main.154,US,2021,NAACL,448.0,2.651278013998144,448.0,1,1
2021.naacl-main.161,US,2021,NAACL,112.0,2.0492180226701815,448.0,0,3
2021.naacl-main.178,US,2021,NAACL,112.0,2.0492180226701815,448.0,0,1
2021.naacl-main.193,US,2021,NAACL,11.34,1.0546130545568877,448.0,0,1
2021.naacl-main.195,US,2021,NAACL,896.0,2.9523080096621253,448.0,1,2
2021.naacl-main.196,US,2021,NAACL,53.528,1.7285810168713744,448.0,0,1
2021.naacl-main.197,US,2021,NAACL,112.0,2.0492180226701815,448.0,0,5
2021.naacl-main.205,US,2021,NAACL,90.72,1.9577030415488315,448.0,0,1
2021.naacl-main.211,US,2021,NAACL,910.4,2.959232249050996,448.0,1,1
2021.naacl-main.220,US,2021,NAACL,112.0,2.0492180226701815,448.0,0,2
2021.naacl-main.230,US,2021,NAACL,112.0,2.0492180226701815,448.0,0,1
2021.naacl-main.254,US,2021,NAACL,112.0,2.0492180226701815,448.0,0,1
2021.naacl-main.256,US,2021,NAACL,448.0,2.651278013998144,448.0,1,1
2021.naacl-main.270,US,2021,NAACL,896.0,2.9523080096621253,448.0,1,1
2021.naacl-main.276,US,2021,NAACL,89.2,1.9503648543761232,448.0,0,1
2021.naacl-main.305,US,2021,NAACL,71.0,1.8512583487190752,448.0,0,1
2021.naacl-main.306,US,2021,NAACL,8.873,0.9480704815189411,448.0,0,2
2021.naacl-main.319,US,2021,NAACL,5376.0,3.7304592600457687,448.0,1,1
2021.naacl-main.323,US,2021,NAACL,6.691,0.8254910298794309,448.0,0,1
2021.naacl-main.336,US,2021,NAACL,428.0,2.6314437690131722,448.0,0,2
2021.naacl-main.340,US,2021,NAACL,6.691,0.8254910298794309,448.0,0,1
2021.naacl-main.343,US,2021,NAACL,113.8,2.056142262059052,448.0,0,2
2021.naacl-main.346,US,2021,NAACL,110.0,2.041392685158225,448.0,0,1
2021.naacl-main.357,US,2021,NAACL,12.15,1.084576277934331,448.0,0,1
2021.naacl-main.365,US,2021,NAACL,110.0,2.041392685158225,448.0,0,1
2021.naacl-main.368,US,2021,NAACL,682.8,2.834293512442696,448.0,1,1
2021.naacl-main.37,US,2021,NAACL,112.0,2.0492180226701815,448.0,0,2
2021.naacl-main.373,US,2021,NAACL,892.0,2.950364854376123,448.0,1,1
2021.naacl-main.374,US,2021,NAACL,113.8,2.056142262059052,448.0,0,1
2021.naacl-main.38,US,2021,NAACL,1957.5,3.291701770729981,448.0,1,2
2021.naacl-main.380,US,2021,NAACL,448.0,2.651278013998144,448.0,1,1
2021.naacl-main.381,US,2021,NAACL,448.0,2.651278013998144,448.0,1,1
2021.naacl-main.390,US,2021,NAACL,113.8,2.056142262059052,448.0,0,1
2021.naacl-main.393,US,2021,NAACL,9.526,0.9789105771755716,448.0,0,1
2021.naacl-main.394,US,2021,NAACL,428.0,2.6314437690131722,448.0,0,1
2021.naacl-main.407,US,2021,NAACL,45.36,1.6566730458848502,448.0,0,1
2021.naacl-main.413,US,2021,NAACL,12.15,1.084576277934331,448.0,0,1
2021.naacl-main.415,US,2021,NAACL,224.0,2.3502480183341627,448.0,0,1
2021.naacl-main.418,US,2021,NAACL,448.0,2.651278013998144,448.0,1,2
2021.naacl-main.420,US,2021,NAACL,448.0,2.651278013998144,448.0,1,1
2021.naacl-main.432,US,2021,NAACL,112.0,2.0492180226701815,448.0,0,2
2021.naacl-main.443,US,2021,NAACL,130.5,2.1156105116742996,448.0,0,1
2021.naacl-main.445,US,2021,NAACL,89.2,1.9503648543761232,448.0,0,1
2021.naacl-main.454,US,2021,NAACL,9.526,0.9789105771755716,448.0,0,2
2021.naacl-main.59,US,2021,NAACL,112.0,2.0492180226701815,448.0,0,1
2021.naacl-main.60,US,2021,NAACL,113.8,2.056142262059052,448.0,0,1
2021.naacl-main.62,US,2021,NAACL,224.0,2.3502480183341627,448.0,0,1
2021.naacl-main.67,US,2021,NAACL,113.8,2.056142262059052,448.0,0,1
2021.naacl-main.68,US,2021,NAACL,12.15,1.084576277934331,448.0,0,1
2021.naacl-main.80,US,2021,NAACL,112.0,2.0492180226701815,448.0,0,1
2021.naacl-main.89,US,2021,NAACL,896.0,2.9523080096621253,448.0,1,1
2021.naacl-main.95,US,2021,NAACL,220.0,2.342422680822206,448.0,0,1
2021.naacl-main.96,US,2021,NAACL,112.0,2.0492180226701815,448.0,0,2
2021.emnlp-main.427,VN,2021,EMNLP,1248.0,3.0962145853464054,448.0,1,2
2022.acl-long.55,AE,2022,ACL,107.0,2.0293837776852097,896.0,0,2
2022.emnlp-main.222,AE,2022,EMNLP,71.0,1.8512583487190752,896.0,0,2
2022.emnlp-main.331,AE,2022,EMNLP,238.2,2.3769417571467586,896.0,0,3
2022.emnlp-main.403,AE,2022,EMNLP,112.0,2.0492180226701815,896.0,0,2
2022.emnlp-main.46,AE,2022,EMNLP,107.0,2.0293837776852097,896.0,0,3
2022.emnlp-main.506,AE,2022,EMNLP,8.126,0.9098768179903928,896.0,0,4
2022.emnlp-main.779,AE,2022,EMNLP,142.0,2.1522883443830563,896.0,0,2
2022.emnlp-main.279,AT,2022,EMNLP,1248.0,3.0962145853464054,896.0,1,2
2022.emnlp-main.727,AT,2022,EMNLP,1248.0,3.0962145853464054,896.0,1,2
2022.acl-long.181,AU,2022,ACL,448.0,2.651278013998144,896.0,0,2
2022.acl-long.292,AU,2022,ACL,312.0,2.494154594018443,896.0,0,2
2022.acl-long.329,AU,2022,ACL,227.6,2.3571722577230334,896.0,0,2
2022.acl-long.332,AU,2022,ACL,3584.0,3.5543680009900878,896.0,1,2
2022.acl-long.351,AU,2022,ACL,89.2,1.9503648543761232,896.0,0,1
2022.acl-long.442,AU,2022,ACL,3584.0,3.5543680009900878,896.0,1,2
2022.acl-long.550,AU,2022,ACL,112.0,2.0492180226701815,896.0,0,3
2022.emnlp-main.12,AU,2022,EMNLP,89.2,1.9503648543761232,896.0,0,2
2022.emnlp-main.172,AU,2022,EMNLP,71.0,1.8512583487190752,896.0,0,2
2022.emnlp-main.271,AU,2022,EMNLP,71.0,1.8512583487190752,896.0,0,3
2022.emnlp-main.32,AU,2022,EMNLP,341.4,2.5332635167787148,896.0,0,2
2022.emnlp-main.327,AU,2022,EMNLP,119.1,2.0759117614827773,896.0,0,3
2022.emnlp-main.328,AU,2022,EMNLP,71.0,1.8512583487190752,896.0,0,2
2022.emnlp-main.332,AU,2022,EMNLP,1248.0,3.0962145853464054,896.0,1,2
2022.emnlp-main.372,AU,2022,EMNLP,448.0,2.651278013998144,896.0,0,3
2022.emnlp-main.473,AU,2022,EMNLP,896.0,2.9523080096621253,896.0,1,2
2022.emnlp-main.651,AU,2022,EMNLP,112.0,2.0492180226701815,896.0,0,4
2022.emnlp-main.706,AU,2022,EMNLP,112.0,2.0492180226701815,896.0,0,1
2022.emnlp-main.738,AU,2022,EMNLP,112.0,2.0492180226701815,896.0,0,3
2022.emnlp-main.779,AU,2022,EMNLP,142.0,2.1522883443830563,896.0,0,2
2022.emnlp-main.821,AU,2022,EMNLP,112.0,2.0492180226701815,896.0,0,4
2022.emnlp-main.824,AU,2022,EMNLP,6.691,0.8254910298794309,896.0,0,3
2022.emnlp-main.99,AU,2022,EMNLP,112.0,2.0492180226701815,896.0,0,4
2022.naacl-main.149,AU,2022,NAACL,6.691,0.8254910298794309,896.0,0,2
2022.naacl-main.219,AU,2022,NAACL,113.8,2.056142262059052,896.0,0,1
2022.naacl-main.364,AU,2022,NAACL,1248.0,3.0962145853464054,896.0,1,1
2022.emnlp-main.529,BD,2022,EMNLP,224.0,2.3502480183341627,896.0,0,1
2022.emnlp-main.738,BD,2022,EMNLP,112.0,2.0492180226701815,896.0,0,3
2022.acl-long.466,BE,2022,ACL,112.0,2.0492180226701815,896.0,0,3
2022.emnlp-main.783,BE,2022,EMNLP,112.0,2.0492180226701815,896.0,0,1
2022.acl-long.435,BR,2022,ACL,224.0,2.3502480183341627,896.0,0,7
2022.emnlp-main.776,BR,2022,EMNLP,147.0,2.167317334748176,896.0,0,3
2022.acl-long.17,CA,2022,ACL,952.8,2.979001748474721,896.0,1,1
2022.acl-long.210,CA,2022,ACL,112.0,2.0492180226701815,896.0,0,2
2022.acl-long.236,CA,2022,ACL,448.0,2.651278013998144,896.0,0,1
2022.acl-long.360,CA,2022,ACL,1248.0,3.0962145853464054,896.0,1,2
2022.acl-long.378,CA,2022,ACL,125.0,2.0969100130080562,896.0,0,1
2022.acl-long.507,CA,2022,ACL,125.0,2.0969100130080562,896.0,0,3
2022.acl-long.545,CA,2022,ACL,89.2,1.9503648543761232,896.0,0,1
2022.acl-long.602,CA,2022,ACL,112.0,2.0492180226701815,896.0,0,2
2022.acl-long.87,CA,2022,ACL,8.126,0.9098768179903928,896.0,0,1
2022.emnlp-main.153,CA,2022,EMNLP,110.0,2.041392685158225,896.0,0,2
2022.emnlp-main.195,CA,2022,EMNLP,112.0,2.0492180226701815,896.0,0,2
2022.emnlp-main.205,CA,2022,EMNLP,14336.0,4.15642799231805,896.0,1,2
2022.emnlp-main.249,CA,2022,EMNLP,2496.0,3.397244581010386,896.0,1,2
2022.emnlp-main.278,CA,2022,EMNLP,3584.0,3.5543680009900878,896.0,1,2
2022.emnlp-main.298,CA,2022,EMNLP,113.8,2.056142262059052,896.0,0,14
2022.emnlp-main.41,CA,2022,EMNLP,896.0,2.9523080096621253,896.0,1,3
2022.emnlp-main.521,CA,2022,EMNLP,112.0,2.0492180226701815,896.0,0,2
2022.emnlp-main.586,CA,2022,EMNLP,9.526,0.9789105771755716,896.0,0,3
2022.emnlp-main.620,CA,2022,EMNLP,10.1065,1.0046007803329844,896.0,0,2
2022.emnlp-main.663,CA,2022,EMNLP,448.0,2.651278013998144,896.0,0,1
2022.emnlp-main.694,CA,2022,EMNLP,112.0,2.0492180226701815,896.0,0,2
2022.emnlp-main.793,CA,2022,EMNLP,89.2,1.9503648543761232,896.0,0,1
2022.emnlp-main.803,CA,2022,EMNLP,112.0,2.0492180226701815,896.0,0,2
2022.emnlp-main.819,CA,2022,EMNLP,112.0,2.0492180226701815,896.0,0,2
2022.naacl-main.139,CA,2022,NAACL,896.0,2.9523080096621253,896.0,1,3
2022.naacl-main.168,CA,2022,NAACL,112.0,2.0492180226701815,896.0,0,3
2022.naacl-main.192,CA,2022,NAACL,125.0,2.0969100130080562,896.0,0,1
2022.naacl-main.257,CA,2022,NAACL,312.0,2.494154594018443,896.0,0,2
2022.naacl-main.387,CA,2022,NAACL,112.0,2.0492180226701815,896.0,0,2
2022.acl-long.101,CH,2022,ACL,8.873,0.9480704815189411,896.0,0,2
2022.acl-long.254,CH,2022,ACL,312.0,2.494154594018443,896.0,0,2
2022.acl-long.435,CH,2022,ACL,224.0,2.3502480183341627,896.0,0,7
2022.acl-long.450,CH,2022,ACL,910.4,2.959232249050996,896.0,1,1
2022.acl-long.538,CH,2022,ACL,312.0,2.494154594018443,896.0,0,2
2022.emnlp-main.159,CH,2022,EMNLP,444.4,2.64777405026883,896.0,0,2
2022.emnlp-main.323,CH,2022,EMNLP,312.0,2.494154594018443,896.0,0,2
2022.emnlp-main.324,CH,2022,EMNLP,113.8,2.056142262059052,896.0,0,2
2022.emnlp-main.334,CH,2022,EMNLP,312.0,2.494154594018443,896.0,0,2
2022.emnlp-main.405,CH,2022,EMNLP,312.0,2.494154594018443,896.0,0,4
2022.emnlp-main.513,CH,2022,EMNLP,110.0,2.041392685158225,896.0,0,1
2022.emnlp-main.571,CH,2022,EMNLP,1792.0,3.2533380053261065,896.0,1,2
2022.emnlp-main.607,CH,2022,EMNLP,34.02,1.5317343092765503,896.0,0,1
2022.emnlp-main.656,CH,2022,EMNLP,113.8,2.056142262059052,896.0,0,2
2022.emnlp-main.662,CH,2022,EMNLP,9.526,0.9789105771755716,896.0,0,2
2022.emnlp-main.74,CH,2022,EMNLP,312.0,2.494154594018443,896.0,0,2
2022.naacl-main.84,CH,2022,NAACL,1044.0,3.0187004986662433,896.0,1,1
2022.acl-long.118,CN,2022,ACL,110.0,2.041392685158225,896.0,0,2
2022.acl-long.12,CN,2022,ACL,14336.0,4.15642799231805,896.0,1,2
2022.acl-long.128,CN,2022,ACL,896.0,2.9523080096621253,896.0,1,1
2022.acl-long.130,CN,2022,ACL,3584.0,3.5543680009900878,896.0,1,1
2022.acl-long.133,CN,2022,ACL,112.0,2.0492180226701815,896.0,0,2
2022.acl-long.138,CN,2022,ACL,1792.0,3.2533380053261065,896.0,1,1
2022.acl-long.142,CN,2022,ACL,112.0,2.0492180226701815,896.0,0,2
2022.acl-long.143,CN,2022,ACL,910.4,2.959232249050996,896.0,1,1
2022.acl-long.146,CN,2022,ACL,113.8,2.056142262059052,896.0,0,1
2022.acl-long.148,CN,2022,ACL,896.0,2.9523080096621253,896.0,1,1
2022.acl-long.152,CN,2022,ACL,71.0,1.8512583487190752,896.0,0,1
2022.acl-long.154,CN,2022,ACL,9.526,0.9789105771755716,896.0,0,1
2022.acl-long.16,CN,2022,ACL,89.2,1.9503648543761232,896.0,0,2
2022.acl-long.160,CN,2022,ACL,112.0,2.0492180226701815,896.0,0,2
2022.acl-long.163,CN,2022,ACL,112.0,2.0492180226701815,896.0,0,3
2022.acl-long.168,CN,2022,ACL,71.0,1.8512583487190752,896.0,0,2
2022.acl-long.169,CN,2022,ACL,896.0,2.9523080096621253,896.0,1,1
2022.acl-long.170,CN,2022,ACL,112.0,2.0492180226701815,896.0,0,1
2022.acl-long.171,CN,2022,ACL,14.9,1.173186268412274,896.0,0,1
2022.acl-long.181,CN,2022,ACL,448.0,2.651278013998144,896.0,0,2
2022.acl-long.182,CN,2022,ACL,71.0,1.8512583487190752,896.0,0,1
2022.acl-long.186,CN,2022,ACL,448.0,2.651278013998144,896.0,0,1
2022.acl-long.193,CN,2022,ACL,1792.0,3.2533380053261065,896.0,1,2
2022.acl-long.194,CN,2022,ACL,568.0,2.754348335711019,896.0,0,1
2022.acl-long.20,CN,2022,ACL,89.2,1.9503648543761232,896.0,0,3
2022.acl-long.200,CN,2022,ACL,113.8,2.056142262059052,896.0,0,1
2022.acl-long.204,CN,2022,ACL,1792.0,3.2533380053261065,896.0,1,2
2022.acl-long.205,CN,2022,ACL,113.8,2.056142262059052,896.0,0,1
2022.acl-long.206,CN,2022,ACL,112.0,2.0492180226701815,896.0,0,1
2022.acl-long.208,CN,2022,ACL,48.6,1.6866362692622934,896.0,0,1
2022.acl-long.21,CN,2022,ACL,71.0,1.8512583487190752,896.0,0,2
2022.acl-long.248,CN,2022,ACL,6.691,0.8254910298794309,896.0,0,2
2022.acl-long.25,CN,2022,ACL,112.0,2.0492180226701815,896.0,0,1
2022.acl-long.26,CN,2022,ACL,7168.0,3.8553979966540686,896.0,1,2
2022.acl-long.27,CN,2022,ACL,448.0,2.651278013998144,896.0,0,1
2022.acl-long.290,CN,2022,ACL,71.0,1.8512583487190752,896.0,0,1
2022.acl-long.291,CN,2022,ACL,71.0,1.8512583487190752,896.0,0,1
2022.acl-long.295,CN,2022,ACL,448.0,2.651278013998144,896.0,0,1
2022.acl-long.300,CN,2022,ACL,896.0,2.9523080096621253,896.0,1,1
2022.acl-long.304,CN,2022,ACL,9.526,0.9789105771755716,896.0,0,2
2022.acl-long.308,CN,2022,ACL,1248.0,3.0962145853464054,896.0,1,1
2022.acl-long.319,CN,2022,ACL,112.0,2.0492180226701815,896.0,0,3
2022.acl-long.322,CN,2022,ACL,896.0,2.9523080096621253,896.0,1,1
2022.acl-long.323,CN,2022,ACL,107.0,2.0293837776852097,896.0,0,1
2022.acl-long.330,CN,2022,ACL,112.0,2.0492180226701815,896.0,0,1
2022.acl-long.331,CN,2022,ACL,896.0,2.9523080096621253,896.0,1,1
2022.acl-long.332,CN,2022,ACL,3584.0,3.5543680009900878,896.0,1,2
2022.acl-long.333,CN,2022,ACL,3584.0,3.5543680009900878,896.0,1,2
2022.acl-long.334,CN,2022,ACL,448.0,2.651278013998144,896.0,0,1
2022.acl-long.337,CN,2022,ACL,312.0,2.494154594018443,896.0,0,1
2022.acl-long.347,CN,2022,ACL,107.0,2.0293837776852097,896.0,0,1
2022.acl-long.348,CN,2022,ACL,113.8,2.056142262059052,896.0,0,2
2022.acl-long.349,CN,2022,ACL,113.8,2.056142262059052,896.0,0,2
2022.acl-long.352,CN,2022,ACL,107.0,2.0293837776852097,896.0,0,1
2022.acl-long.353,CN,2022,ACL,224.0,2.3502480183341627,896.0,0,1
2022.acl-long.358,CN,2022,ACL,312.0,2.494154594018443,896.0,0,1
2022.acl-long.370,CN,2022,ACL,1248.0,3.0962145853464054,896.0,1,2
2022.acl-long.382,CN,2022,ACL,14.9,1.173186268412274,896.0,0,2
2022.acl-long.383,CN,2022,ACL,113.8,2.056142262059052,896.0,0,1
2022.acl-long.386,CN,2022,ACL,113.8,2.056142262059052,896.0,0,1
2022.acl-long.389,CN,2022,ACL,312.0,2.494154594018443,896.0,0,1
2022.acl-long.390,CN,2022,ACL,142.0,2.1522883443830563,896.0,0,1
2022.acl-long.393,CN,2022,ACL,3584.0,3.5543680009900878,896.0,1,2
2022.acl-long.395,CN,2022,ACL,2496.0,3.397244581010386,896.0,1,1
2022.acl-long.397,CN,2022,ACL,130.5,2.1156105116742996,896.0,0,1
2022.acl-long.398,CN,2022,ACL,312.0,2.494154594018443,896.0,0,1
2022.acl-long.405,CN,2022,ACL,71.0,1.8512583487190752,896.0,0,1
2022.acl-long.406,CN,2022,ACL,149.7,2.1752218003430523,896.0,0,1
2022.acl-long.409,CN,2022,ACL,455.2,2.6582022533870147,896.0,0,1
2022.acl-long.410,CN,2022,ACL,112.0,2.0492180226701815,896.0,0,3
2022.acl-long.414,CN,2022,ACL,896.0,2.9523080096621253,896.0,1,2
2022.acl-long.42,CN,2022,ACL,112.0,2.0492180226701815,896.0,0,1
2022.acl-long.420,CN,2022,ACL,2496.0,3.397244581010386,896.0,1,1
2022.acl-long.424,CN,2022,ACL,1280.0,3.1072099696478683,896.0,1,1
2022.acl-long.427,CN,2022,ACL,19968.0,4.30033456800233,896.0,1,2
2022.acl-long.441,CN,2022,ACL,142.0,2.1522883443830563,896.0,0,2
2022.acl-long.442,CN,2022,ACL,3584.0,3.5543680009900878,896.0,1,2
2022.acl-long.444,CN,2022,ACL,119.1,2.0759117614827773,896.0,0,2
2022.acl-long.466,CN,2022,ACL,112.0,2.0492180226701815,896.0,0,3
2022.acl-long.474,CN,2022,ACL,113.8,2.056142262059052,896.0,0,1
2022.acl-long.48,CN,2022,ACL,224.0,2.3502480183341627,896.0,0,2
2022.acl-long.486,CN,2022,ACL,896.0,2.9523080096621253,896.0,1,2
2022.acl-long.487,CN,2022,ACL,448.0,2.651278013998144,896.0,0,1
2022.acl-long.489,CN,2022,ACL,112.0,2.0492180226701815,896.0,0,2
2022.acl-long.493,CN,2022,ACL,896.0,2.9523080096621253,896.0,1,1
2022.acl-long.494,CN,2022,ACL,112.0,2.0492180226701815,896.0,0,1
2022.acl-long.497,CN,2022,ACL,113.8,2.056142262059052,896.0,0,1
2022.acl-long.499,CN,2022,ACL,7168.0,3.8553979966540686,896.0,1,1
2022.acl-long.5,CN,2022,ACL,112.0,2.0492180226701815,896.0,0,2
2022.acl-long.50,CN,2022,ACL,448.0,2.651278013998144,896.0,0,2
2022.acl-long.515,CN,2022,ACL,1248.0,3.0962145853464054,896.0,1,4
2022.acl-long.522,CN,2022,ACL,107.0,2.0293837776852097,896.0,0,1
2022.acl-long.525,CN,2022,ACL,142.0,2.1522883443830563,896.0,0,1
2022.acl-long.528,CN,2022,ACL,284.0,2.4533183400470375,896.0,0,1
2022.acl-long.534,CN,2022,ACL,598.8,2.777281791671015,896.0,0,1
2022.acl-long.535,CN,2022,ACL,910.4,2.959232249050996,896.0,1,1
2022.acl-long.546,CN,2022,ACL,896.0,2.9523080096621253,896.0,1,1
2022.acl-long.549,CN,2022,ACL,112.0,2.0492180226701815,896.0,0,1
2022.acl-long.550,CN,2022,ACL,112.0,2.0492180226701815,896.0,0,3
2022.acl-long.552,CN,2022,ACL,112.0,2.0492180226701815,896.0,0,2
2022.acl-long.558,CN,2022,ACL,448.0,2.651278013998144,896.0,0,2
2022.acl-long.56,CN,2022,ACL,89.2,1.9503648543761232,896.0,0,2
2022.acl-long.560,CN,2022,ACL,896.0,2.9523080096621253,896.0,1,1
2022.acl-long.562,CN,2022,ACL,71.0,1.8512583487190752,896.0,0,1
2022.acl-long.564,CN,2022,ACL,113.8,2.056142262059052,896.0,0,2
2022.acl-long.576,CN,2022,ACL,1792.0,3.2533380053261065,896.0,1,1
2022.acl-long.580,CN,2022,ACL,112.0,2.0492180226701815,896.0,0,3
2022.acl-long.581,CN,2022,ACL,112.0,2.0492180226701815,896.0,0,2
2022.acl-long.592,CN,2022,ACL,112.0,2.0492180226701815,896.0,0,1
2022.acl-long.594,CN,2022,ACL,94.08,1.9734973087320633,896.0,0,1
2022.acl-long.63,CN,2022,ACL,11.34,1.0546130545568877,896.0,0,1
2022.acl-long.65,CN,2022,ACL,7168.0,3.8553979966540686,896.0,1,2
2022.acl-long.66,CN,2022,ACL,598.8,2.777281791671015,896.0,0,1
2022.acl-long.67,CN,2022,ACL,119.1,2.0759117614827773,896.0,0,1
2022.acl-long.72,CN,2022,ACL,71.0,1.8512583487190752,896.0,0,2
2022.acl-long.76,CN,2022,ACL,896.0,2.9523080096621253,896.0,1,1
2022.acl-long.78,CN,2022,ACL,448.0,2.651278013998144,896.0,0,2
2022.acl-long.82,CN,2022,ACL,448.0,2.651278013998144,896.0,0,1
2022.acl-long.91,CN,2022,ACL,261.0,2.416640507338281,896.0,0,1
2022.acl-long.98,CN,2022,ACL,6.691,0.8254910298794309,896.0,0,2
2022.emnlp-main.103,CN,2022,EMNLP,2496.0,3.397244581010386,896.0,1,2
2022.emnlp-main.105,CN,2022,EMNLP,224.0,2.3502480183341627,896.0,0,1
2022.emnlp-main.106,CN,2022,EMNLP,896.0,2.9523080096621253,896.0,1,1
2022.emnlp-main.107,CN,2022,EMNLP,71.0,1.8512583487190752,896.0,0,1
2022.emnlp-main.108,CN,2022,EMNLP,7168.0,3.8553979966540686,896.0,1,2
2022.emnlp-main.112,CN,2022,EMNLP,71.0,1.8512583487190752,896.0,0,1
2022.emnlp-main.113,CN,2022,EMNLP,142.0,2.1522883443830563,896.0,0,2
2022.emnlp-main.116,CN,2022,EMNLP,136.4,2.13481437032046,896.0,0,2
2022.emnlp-main.122,CN,2022,EMNLP,71.0,1.8512583487190752,896.0,0,1
2022.emnlp-main.123,CN,2022,EMNLP,8.873,0.9480704815189411,896.0,0,2
2022.emnlp-main.145,CN,2022,EMNLP,448.0,2.651278013998144,896.0,0,2
2022.emnlp-main.157,CN,2022,EMNLP,71.0,1.8512583487190752,896.0,0,1
2022.emnlp-main.16,CN,2022,EMNLP,112.0,2.0492180226701815,896.0,0,2
2022.emnlp-main.162,CN,2022,EMNLP,896.0,2.9523080096621253,896.0,1,1
2022.emnlp-main.166,CN,2022,EMNLP,130.5,2.1156105116742996,896.0,0,2
2022.emnlp-main.171,CN,2022,EMNLP,896.0,2.9523080096621253,896.0,1,1
2022.emnlp-main.172,CN,2022,EMNLP,71.0,1.8512583487190752,896.0,0,2
2022.emnlp-main.178,CN,2022,EMNLP,312.0,2.494154594018443,896.0,0,1
2022.emnlp-main.18,CN,2022,EMNLP,125.0,2.0969100130080562,896.0,0,1
2022.emnlp-main.181,CN,2022,EMNLP,2496.0,3.397244581010386,896.0,1,2
2022.emnlp-main.184,CN,2022,EMNLP,2496.0,3.397244581010386,896.0,1,1
2022.emnlp-main.187,CN,2022,EMNLP,896.0,2.9523080096621253,896.0,1,2
2022.emnlp-main.188,CN,2022,EMNLP,112.0,2.0492180226701815,896.0,0,1
2022.emnlp-main.189,CN,2022,EMNLP,910.4,2.959232249050996,896.0,1,2
2022.emnlp-main.191,CN,2022,EMNLP,112.0,2.0492180226701815,896.0,0,1
2022.emnlp-main.194,CN,2022,EMNLP,112.0,2.0492180226701815,896.0,0,1
2022.emnlp-main.195,CN,2022,EMNLP,112.0,2.0492180226701815,896.0,0,2
2022.emnlp-main.197,CN,2022,EMNLP,896.0,2.9523080096621253,896.0,1,2
2022.emnlp-main.199,CN,2022,EMNLP,22.68,1.355643050220869,896.0,0,1
2022.emnlp-main.2,CN,2022,EMNLP,112.0,2.0492180226701815,896.0,0,1
2022.emnlp-main.200,CN,2022,EMNLP,71.0,1.8512583487190752,896.0,0,1
2022.emnlp-main.201,CN,2022,EMNLP,113.8,2.056142262059052,896.0,0,1
2022.emnlp-main.203,CN,2022,EMNLP,2496.0,3.397244581010386,896.0,1,2
2022.emnlp-main.204,CN,2022,EMNLP,312.0,2.494154594018443,896.0,0,2
2022.emnlp-main.205,CN,2022,EMNLP,14336.0,4.15642799231805,896.0,1,2
2022.emnlp-main.207,CN,2022,EMNLP,896.0,2.9523080096621253,896.0,1,1
2022.emnlp-main.209,CN,2022,EMNLP,113.8,2.056142262059052,896.0,0,1
2022.emnlp-main.21,CN,2022,EMNLP,125.0,2.0969100130080562,896.0,0,2
2022.emnlp-main.210,CN,2022,EMNLP,112.0,2.0492180226701815,896.0,0,1
2022.emnlp-main.211,CN,2022,EMNLP,2496.0,3.397244581010386,896.0,1,2
2022.emnlp-main.212,CN,2022,EMNLP,71.0,1.8512583487190752,896.0,0,2
2022.emnlp-main.213,CN,2022,EMNLP,107.0,2.0293837776852097,896.0,0,1
2022.emnlp-main.216,CN,2022,EMNLP,112.0,2.0492180226701815,896.0,0,1
2022.emnlp-main.217,CN,2022,EMNLP,112.0,2.0492180226701815,896.0,0,1
2022.emnlp-main.219,CN,2022,EMNLP,224.0,2.3502480183341627,896.0,0,1
2022.emnlp-main.220,CN,2022,EMNLP,112.0,2.0492180226701815,896.0,0,4
2022.emnlp-main.223,CN,2022,EMNLP,119.1,2.0759117614827773,896.0,0,1
2022.emnlp-main.227,CN,2022,EMNLP,896.0,2.9523080096621253,896.0,1,1
2022.emnlp-main.236,CN,2022,EMNLP,113.8,2.056142262059052,896.0,0,1
2022.emnlp-main.24,CN,2022,EMNLP,312.0,2.494154594018443,896.0,0,2
2022.emnlp-main.240,CN,2022,EMNLP,896.0,2.9523080096621253,896.0,1,1
2022.emnlp-main.241,CN,2022,EMNLP,112.0,2.0492180226701815,896.0,0,1
2022.emnlp-main.244,CN,2022,EMNLP,896.0,2.9523080096621253,896.0,1,1
2022.emnlp-main.245,CN,2022,EMNLP,71.0,1.8512583487190752,896.0,0,1
2022.emnlp-main.247,CN,2022,EMNLP,112.0,2.0492180226701815,896.0,0,1
2022.emnlp-main.257,CN,2022,EMNLP,130.5,2.1156105116742996,896.0,0,1
2022.emnlp-main.258,CN,2022,EMNLP,112.0,2.0492180226701815,896.0,0,1
2022.emnlp-main.259,CN,2022,EMNLP,71.0,1.8512583487190752,896.0,0,1
2022.emnlp-main.270,CN,2022,EMNLP,112.0,2.0492180226701815,896.0,0,3
2022.emnlp-main.273,CN,2022,EMNLP,896.0,2.9523080096621253,896.0,1,1
2022.emnlp-main.275,CN,2022,EMNLP,113.8,2.056142262059052,896.0,0,1
2022.emnlp-main.276,CN,2022,EMNLP,312.0,2.494154594018443,896.0,0,1
2022.emnlp-main.278,CN,2022,EMNLP,3584.0,3.5543680009900878,896.0,1,2
2022.emnlp-main.282,CN,2022,EMNLP,312.0,2.494154594018443,896.0,0,1
2022.emnlp-main.286,CN,2022,EMNLP,112.0,2.0492180226701815,896.0,0,1
2022.emnlp-main.287,CN,2022,EMNLP,142.0,2.1522883443830563,896.0,0,1
2022.emnlp-main.289,CN,2022,EMNLP,112.0,2.0492180226701815,896.0,0,1
2022.emnlp-main.291,CN,2022,EMNLP,896.0,2.9523080096621253,896.0,1,1
2022.emnlp-main.294,CN,2022,EMNLP,2496.0,3.397244581010386,896.0,1,2
2022.emnlp-main.295,CN,2022,EMNLP,12.15,1.084576277934331,896.0,0,3
2022.emnlp-main.31,CN,2022,EMNLP,71.0,1.8512583487190752,896.0,0,1
2022.emnlp-main.310,CN,2022,EMNLP,896.0,2.9523080096621253,896.0,1,1
2022.emnlp-main.311,CN,2022,EMNLP,112.0,2.0492180226701815,896.0,0,1
2022.emnlp-main.315,CN,2022,EMNLP,112.0,2.0492180226701815,896.0,0,1
2022.emnlp-main.316,CN,2022,EMNLP,224.0,2.3502480183341627,896.0,0,1
2022.emnlp-main.319,CN,2022,EMNLP,312.0,2.494154594018443,896.0,0,2
2022.emnlp-main.32,CN,2022,EMNLP,341.4,2.5332635167787148,896.0,0,2
2022.emnlp-main.327,CN,2022,EMNLP,119.1,2.0759117614827773,896.0,0,3
2022.emnlp-main.328,CN,2022,EMNLP,71.0,1.8512583487190752,896.0,0,2
2022.emnlp-main.330,CN,2022,EMNLP,896.0,2.9523080096621253,896.0,1,1
2022.emnlp-main.331,CN,2022,EMNLP,238.2,2.3769417571467586,896.0,0,3
2022.emnlp-main.332,CN,2022,EMNLP,1248.0,3.0962145853464054,896.0,1,2
2022.emnlp-main.335,CN,2022,EMNLP,112.0,2.0492180226701815,896.0,0,1
2022.emnlp-main.34,CN,2022,EMNLP,896.0,2.9523080096621253,896.0,1,1
2022.emnlp-main.341,CN,2022,EMNLP,142.0,2.1522883443830563,896.0,0,2
2022.emnlp-main.342,CN,2022,EMNLP,110.0,2.041392685158225,896.0,0,1
2022.emnlp-main.343,CN,2022,EMNLP,112.0,2.0492180226701815,896.0,0,1
2022.emnlp-main.346,CN,2022,EMNLP,312.0,2.494154594018443,896.0,0,2
2022.emnlp-main.349,CN,2022,EMNLP,45.36,1.6566730458848502,896.0,0,2
2022.emnlp-main.35,CN,2022,EMNLP,2496.0,3.397244581010386,896.0,1,1
2022.emnlp-main.350,CN,2022,EMNLP,2496.0,3.397244581010386,896.0,1,2
2022.emnlp-main.357,CN,2022,EMNLP,2496.0,3.397244581010386,896.0,1,2
2022.emnlp-main.362,CN,2022,EMNLP,2496.0,3.397244581010386,896.0,1,2
2022.emnlp-main.365,CN,2022,EMNLP,896.0,2.9523080096621253,896.0,1,1
2022.emnlp-main.367,CN,2022,EMNLP,112.0,2.0492180226701815,896.0,0,1
2022.emnlp-main.368,CN,2022,EMNLP,1248.0,3.0962145853464054,896.0,1,1
2022.emnlp-main.370,CN,2022,EMNLP,11.34,1.0546130545568877,896.0,0,1
2022.emnlp-main.372,CN,2022,EMNLP,448.0,2.651278013998144,896.0,0,3
2022.emnlp-main.376,CN,2022,EMNLP,130.5,2.1156105116742996,896.0,0,2
2022.emnlp-main.377,CN,2022,EMNLP,71.0,1.8512583487190752,896.0,0,1
2022.emnlp-main.394,CN,2022,EMNLP,896.0,2.9523080096621253,896.0,1,1
2022.emnlp-main.397,CN,2022,EMNLP,312.0,2.494154594018443,896.0,0,2
2022.emnlp-main.419,CN,2022,EMNLP,5.304,0.7246035153967167,896.0,0,1
2022.emnlp-main.420,CN,2022,EMNLP,149.7,2.1752218003430523,896.0,0,1
2022.emnlp-main.422,CN,2022,EMNLP,113.8,2.056142262059052,896.0,0,1
2022.emnlp-main.423,CN,2022,EMNLP,112.0,2.0492180226701815,896.0,0,1
2022.emnlp-main.424,CN,2022,EMNLP,896.0,2.9523080096621253,896.0,1,1
2022.emnlp-main.428,CN,2022,EMNLP,568.0,2.754348335711019,896.0,0,2
2022.emnlp-main.431,CN,2022,EMNLP,19.052,1.2799405728395528,896.0,0,1
2022.emnlp-main.436,CN,2022,EMNLP,5.046,0.7029472461815558,896.0,0,1
2022.emnlp-main.441,CN,2022,EMNLP,112.0,2.0492180226701815,896.0,0,1
2022.emnlp-main.442,CN,2022,EMNLP,312.0,2.494154594018443,896.0,0,1
2022.emnlp-main.445,CN,2022,EMNLP,448.0,2.651278013998144,896.0,0,2
2022.emnlp-main.451,CN,2022,EMNLP,896.0,2.9523080096621253,896.0,1,1
2022.emnlp-main.453,CN,2022,EMNLP,11.76,1.0704073217401198,896.0,0,1
2022.emnlp-main.458,CN,2022,EMNLP,896.0,2.9523080096621253,896.0,1,1
2022.emnlp-main.459,CN,2022,EMNLP,112.0,2.0492180226701815,896.0,0,1
2022.emnlp-main.46,CN,2022,EMNLP,107.0,2.0293837776852097,896.0,0,3
2022.emnlp-main.462,CN,2022,EMNLP,896.0,2.9523080096621253,896.0,1,3
2022.emnlp-main.463,CN,2022,EMNLP,136.4,2.13481437032046,896.0,0,1
2022.emnlp-main.466,CN,2022,EMNLP,2496.0,3.397244581010386,896.0,1,2
2022.emnlp-main.468,CN,2022,EMNLP,112.0,2.0492180226701815,896.0,0,1
2022.emnlp-main.469,CN,2022,EMNLP,336.0,2.526339277389844,896.0,0,2
2022.emnlp-main.47,CN,2022,EMNLP,112.0,2.0492180226701815,896.0,0,2
2022.emnlp-main.473,CN,2022,EMNLP,896.0,2.9523080096621253,896.0,1,2
2022.emnlp-main.474,CN,2022,EMNLP,2496.0,3.397244581010386,896.0,1,2
2022.emnlp-main.475,CN,2022,EMNLP,896.0,2.9523080096621253,896.0,1,1
2022.emnlp-main.477,CN,2022,EMNLP,112.0,2.0492180226701815,896.0,0,1
2022.emnlp-main.483,CN,2022,EMNLP,261.0,2.416640507338281,896.0,0,2
2022.emnlp-main.487,CN,2022,EMNLP,112.0,2.0492180226701815,896.0,0,1
2022.emnlp-main.488,CN,2022,EMNLP,4992.0,3.6982745766743674,896.0,1,1
2022.emnlp-main.489,CN,2022,EMNLP,2496.0,3.397244581010386,896.0,1,1
2022.emnlp-main.490,CN,2022,EMNLP,448.0,2.651278013998144,896.0,0,1
2022.emnlp-main.494,CN,2022,EMNLP,130.5,2.1156105116742996,896.0,0,1
2022.emnlp-main.497,CN,2022,EMNLP,71.0,1.8512583487190752,896.0,0,1
2022.emnlp-main.5,CN,2022,EMNLP,71.0,1.8512583487190752,896.0,0,1
2022.emnlp-main.505,CN,2022,EMNLP,224.0,2.3502480183341627,896.0,0,1
2022.emnlp-main.508,CN,2022,EMNLP,312.0,2.494154594018443,896.0,0,1
2022.emnlp-main.514,CN,2022,EMNLP,312.0,2.494154594018443,896.0,0,1
2022.emnlp-main.515,CN,2022,EMNLP,312.0,2.494154594018443,896.0,0,1
2022.emnlp-main.518,CN,2022,EMNLP,71.0,1.8512583487190752,896.0,0,1
2022.emnlp-main.52,CN,2022,EMNLP,71.0,1.8512583487190752,896.0,0,2
2022.emnlp-main.521,CN,2022,EMNLP,112.0,2.0492180226701815,896.0,0,2
2022.emnlp-main.526,CN,2022,EMNLP,896.0,2.9523080096621253,896.0,1,1
2022.emnlp-main.53,CN,2022,EMNLP,448.0,2.651278013998144,896.0,0,1
2022.emnlp-main.534,CN,2022,EMNLP,312.0,2.494154594018443,896.0,0,1
2022.emnlp-main.537,CN,2022,EMNLP,312.0,2.494154594018443,896.0,0,1
2022.emnlp-main.538,CN,2022,EMNLP,119.1,2.0759117614827773,896.0,0,1
2022.emnlp-main.542,CN,2022,EMNLP,448.0,2.651278013998144,896.0,0,2
2022.emnlp-main.550,CN,2022,EMNLP,2496.0,3.397244581010386,896.0,1,2
2022.emnlp-main.555,CN,2022,EMNLP,312.0,2.494154594018443,896.0,0,2
2022.emnlp-main.556,CN,2022,EMNLP,2496.0,3.397244581010386,896.0,1,1
2022.emnlp-main.557,CN,2022,EMNLP,896.0,2.9523080096621253,896.0,1,2
2022.emnlp-main.569,CN,2022,EMNLP,910.4,2.959232249050996,896.0,1,1
2022.emnlp-main.572,CN,2022,EMNLP,113.8,2.056142262059052,896.0,0,1
2022.emnlp-main.574,CN,2022,EMNLP,2496.0,3.397244581010386,896.0,1,2
2022.emnlp-main.576,CN,2022,EMNLP,32.504,1.5119368093183552,896.0,0,2
2022.emnlp-main.577,CN,2022,EMNLP,2496.0,3.397244581010386,896.0,1,2
2022.emnlp-main.579,CN,2022,EMNLP,224.0,2.3502480183341627,896.0,0,1
2022.emnlp-main.583,CN,2022,EMNLP,71.0,1.8512583487190752,896.0,0,3
2022.emnlp-main.584,CN,2022,EMNLP,312.0,2.494154594018443,896.0,0,1
2022.emnlp-main.586,CN,2022,EMNLP,9.526,0.9789105771755716,896.0,0,3
2022.emnlp-main.59,CN,2022,EMNLP,112.0,2.0492180226701815,896.0,0,2
2022.emnlp-main.60,CN,2022,EMNLP,71.0,1.8512583487190752,896.0,0,1
2022.emnlp-main.608,CN,2022,EMNLP,1792.0,3.2533380053261065,896.0,1,1
2022.emnlp-main.615,CN,2022,EMNLP,1777.6,3.2498340415967926,896.0,1,2
2022.emnlp-main.628,CN,2022,EMNLP,476.4,2.67797175281074,896.0,0,1
2022.emnlp-main.643,CN,2022,EMNLP,112.0,2.0492180226701815,896.0,0,2
2022.emnlp-main.65,CN,2022,EMNLP,71.0,1.8512583487190752,896.0,0,1
2022.emnlp-main.66,CN,2022,EMNLP,112.0,2.0492180226701815,896.0,0,2
2022.emnlp-main.664,CN,2022,EMNLP,112.0,2.0492180226701815,896.0,0,2
2022.emnlp-main.665,CN,2022,EMNLP,112.0,2.0492180226701815,896.0,0,2
2022.emnlp-main.67,CN,2022,EMNLP,312.0,2.494154594018443,896.0,0,1
2022.emnlp-main.673,CN,2022,EMNLP,312.0,2.494154594018443,896.0,0,2
2022.emnlp-main.676,CN,2022,EMNLP,119.1,2.0759117614827773,896.0,0,2
2022.emnlp-main.682,CN,2022,EMNLP,71.0,1.8512583487190752,896.0,0,2
2022.emnlp-main.683,CN,2022,EMNLP,71.0,1.8512583487190752,896.0,0,1
2022.emnlp-main.687,CN,2022,EMNLP,476.4,2.67797175281074,896.0,0,1
2022.emnlp-main.689,CN,2022,EMNLP,48.6,1.6866362692622934,896.0,0,1
2022.emnlp-main.693,CN,2022,EMNLP,2496.0,3.397244581010386,896.0,1,2
2022.emnlp-main.694,CN,2022,EMNLP,112.0,2.0492180226701815,896.0,0,2
2022.emnlp-main.699,CN,2022,EMNLP,112.0,2.0492180226701815,896.0,0,2
2022.emnlp-main.700,CN,2022,EMNLP,355.0,2.550228353055094,896.0,0,1
2022.emnlp-main.705,CN,2022,EMNLP,896.0,2.9523080096621253,896.0,1,3
2022.emnlp-main.708,CN,2022,EMNLP,448.0,2.651278013998144,896.0,0,2
2022.emnlp-main.715,CN,2022,EMNLP,112.0,2.0492180226701815,896.0,0,2
2022.emnlp-main.719,CN,2022,EMNLP,119.1,2.0759117614827773,896.0,0,1
2022.emnlp-main.720,CN,2022,EMNLP,2496.0,3.397244581010386,896.0,1,1
2022.emnlp-main.723,CN,2022,EMNLP,130.5,2.1156105116742996,896.0,0,1
2022.emnlp-main.724,CN,2022,EMNLP,500.0,2.6989700043360187,896.0,0,2
2022.emnlp-main.728,CN,2022,EMNLP,112.0,2.0492180226701815,896.0,0,1
2022.emnlp-main.730,CN,2022,EMNLP,2496.0,3.397244581010386,896.0,1,1
2022.emnlp-main.735,CN,2022,EMNLP,71.0,1.8512583487190752,896.0,0,1
2022.emnlp-main.737,CN,2022,EMNLP,896.0,2.9523080096621253,896.0,1,2
2022.emnlp-main.738,CN,2022,EMNLP,112.0,2.0492180226701815,896.0,0,3
2022.emnlp-main.742,CN,2022,EMNLP,1792.0,3.2533380053261065,896.0,1,1
2022.emnlp-main.745,CN,2022,EMNLP,71.0,1.8512583487190752,896.0,0,1
2022.emnlp-main.749,CN,2022,EMNLP,112.0,2.0492180226701815,896.0,0,1
2022.emnlp-main.757,CN,2022,EMNLP,11.34,1.0546130545568877,896.0,0,1
2022.emnlp-main.762,CN,2022,EMNLP,112.0,2.0492180226701815,896.0,0,2
2022.emnlp-main.763,CN,2022,EMNLP,3584.0,3.5543680009900878,896.0,1,2
2022.emnlp-main.765,CN,2022,EMNLP,113.8,2.056142262059052,896.0,0,1
2022.emnlp-main.766,CN,2022,EMNLP,112.0,2.0492180226701815,896.0,0,1
2022.emnlp-main.770,CN,2022,EMNLP,2496.0,3.397244581010386,896.0,1,2
2022.emnlp-main.773,CN,2022,EMNLP,568.0,2.754348335711019,896.0,0,1
2022.emnlp-main.78,CN,2022,EMNLP,2688.0,3.429429264381788,896.0,1,2
2022.emnlp-main.8,CN,2022,EMNLP,94.08,1.9734973087320633,896.0,0,2
2022.emnlp-main.801,CN,2022,EMNLP,312.0,2.494154594018443,896.0,0,2
2022.emnlp-main.821,CN,2022,EMNLP,112.0,2.0492180226701815,896.0,0,4
2022.emnlp-main.824,CN,2022,EMNLP,6.691,0.8254910298794309,896.0,0,3
2022.emnlp-main.827,CN,2022,EMNLP,896.0,2.9523080096621253,896.0,1,1
2022.emnlp-main.828,CN,2022,EMNLP,73.0,1.863322860120456,896.0,0,2
2022.emnlp-main.85,CN,2022,EMNLP,71.0,1.8512583487190752,896.0,0,2
2022.emnlp-main.87,CN,2022,EMNLP,71.0,1.8512583487190752,896.0,0,1
2022.emnlp-main.94,CN,2022,EMNLP,2496.0,3.397244581010386,896.0,1,1
2022.emnlp-main.95,CN,2022,EMNLP,2496.0,3.397244581010386,896.0,1,2
2022.emnlp-main.98,CN,2022,EMNLP,130.5,2.1156105116742996,896.0,0,1
2022.emnlp-main.99,CN,2022,EMNLP,112.0,2.0492180226701815,896.0,0,4
2022.naacl-main.108,CN,2022,NAACL,119.1,2.0759117614827773,896.0,0,3
2022.naacl-main.109,CN,2022,NAACL,71.0,1.8512583487190752,896.0,0,1
2022.naacl-main.12,CN,2022,NAACL,312.0,2.494154594018443,896.0,0,2
2022.naacl-main.120,CN,2022,NAACL,112.0,2.0492180226701815,896.0,0,1
2022.naacl-main.125,CN,2022,NAACL,112.0,2.0492180226701815,896.0,0,2
2022.naacl-main.126,CN,2022,NAACL,448.0,2.651278013998144,896.0,0,1
2022.naacl-main.133,CN,2022,NAACL,142.0,2.1522883443830563,896.0,0,2
2022.naacl-main.139,CN,2022,NAACL,896.0,2.9523080096621253,896.0,1,3
2022.naacl-main.145,CN,2022,NAACL,112.0,2.0492180226701815,896.0,0,2
2022.naacl-main.194,CN,2022,NAACL,112.0,2.0492180226701815,896.0,0,2
2022.naacl-main.223,CN,2022,NAACL,112.0,2.0492180226701815,896.0,0,14
2022.naacl-main.227,CN,2022,NAACL,896.0,2.9523080096621253,896.0,1,1
2022.naacl-main.228,CN,2022,NAACL,113.8,2.056142262059052,896.0,0,1
2022.naacl-main.257,CN,2022,NAACL,312.0,2.494154594018443,896.0,0,2
2022.naacl-main.263,CN,2022,NAACL,71.0,1.8512583487190752,896.0,0,2
2022.naacl-main.279,CN,2022,NAACL,448.0,2.651278013998144,896.0,0,1
2022.naacl-main.283,CN,2022,NAACL,112.0,2.0492180226701815,896.0,0,1
2022.naacl-main.289,CN,2022,NAACL,896.0,2.9523080096621253,896.0,1,1
2022.naacl-main.291,CN,2022,NAACL,896.0,2.9523080096621253,896.0,1,2
2022.naacl-main.30,CN,2022,NAACL,448.0,2.651278013998144,896.0,0,1
2022.naacl-main.316,CN,2022,NAACL,896.0,2.9523080096621253,896.0,1,1
2022.naacl-main.317,CN,2022,NAACL,112.0,2.0492180226701815,896.0,0,2
2022.naacl-main.352,CN,2022,NAACL,312.0,2.494154594018443,896.0,0,2
2022.naacl-main.367,CN,2022,NAACL,896.0,2.9523080096621253,896.0,1,1
2022.naacl-main.384,CN,2022,NAACL,312.0,2.494154594018443,896.0,0,1
2022.naacl-main.44,CN,2022,NAACL,7168.0,3.8553979966540686,896.0,1,1
2022.acl-long.271,CZ,2022,ACL,71.0,1.8512583487190752,896.0,0,1
2022.naacl-main.129,CZ,2022,NAACL,312.0,2.494154594018443,896.0,0,2
2022.naacl-main.361,CZ,2022,NAACL,113.8,2.056142262059052,896.0,0,2
2022.acl-long.101,DE,2022,ACL,8.873,0.9480704815189411,896.0,0,2
2022.acl-long.122,DE,2022,ACL,113.8,2.056142262059052,896.0,0,2
2022.acl-long.20,DE,2022,ACL,89.2,1.9503648543761232,896.0,0,3
2022.acl-long.201,DE,2022,ACL,45.36,1.6566730458848502,896.0,0,2
2022.acl-long.279,DE,2022,ACL,312.0,2.494154594018443,896.0,0,2
2022.acl-long.286,DE,2022,ACL,3584.0,3.5543680009900878,896.0,1,3
2022.acl-long.435,DE,2022,ACL,224.0,2.3502480183341627,896.0,0,7
2022.acl-long.453,DE,2022,ACL,112.0,2.0492180226701815,896.0,0,4
2022.acl-long.472,DE,2022,ACL,119.1,2.0759117614827773,896.0,0,1
2022.acl-long.478,DE,2022,ACL,130.5,2.1156105116742996,896.0,0,2
2022.acl-long.484,DE,2022,ACL,312.0,2.494154594018443,896.0,0,1
2022.acl-long.537,DE,2022,ACL,23.52,1.3714373174041008,896.0,0,1
2022.acl-long.538,DE,2022,ACL,312.0,2.494154594018443,896.0,0,2
2022.acl-long.587,DE,2022,ACL,227.6,2.3571722577230334,896.0,0,1
2022.acl-long.65,DE,2022,ACL,7168.0,3.8553979966540686,896.0,1,2
2022.emnlp-main.102,DE,2022,EMNLP,8.873,0.9480704815189411,896.0,0,2
2022.emnlp-main.130,DE,2022,EMNLP,624.0,2.795184589682424,896.0,0,2
2022.emnlp-main.149,DE,2022,EMNLP,2496.0,3.397244581010386,896.0,1,2
2022.emnlp-main.181,DE,2022,EMNLP,2496.0,3.397244581010386,896.0,1,2
2022.emnlp-main.220,DE,2022,EMNLP,112.0,2.0492180226701815,896.0,0,4
2022.emnlp-main.283,DE,2022,EMNLP,312.0,2.494154594018443,896.0,0,2
2022.emnlp-main.297,DE,2022,EMNLP,11.34,1.0546130545568877,896.0,0,1
2022.emnlp-main.298,DE,2022,EMNLP,113.8,2.056142262059052,896.0,0,14
2022.emnlp-main.323,DE,2022,EMNLP,312.0,2.494154594018443,896.0,0,2
2022.emnlp-main.337,DE,2022,EMNLP,112.0,2.0492180226701815,896.0,0,1
2022.emnlp-main.397,DE,2022,EMNLP,312.0,2.494154594018443,896.0,0,2
2022.emnlp-main.476,DE,2022,EMNLP,312.0,2.494154594018443,896.0,0,1
2022.emnlp-main.500,DE,2022,EMNLP,312.0,2.494154594018443,896.0,0,1
2022.emnlp-main.519,DE,2022,EMNLP,130.5,2.1156105116742996,896.0,0,2
2022.emnlp-main.527,DE,2022,EMNLP,312.0,2.494154594018443,896.0,0,2
2022.emnlp-main.590,DE,2022,EMNLP,2496.0,3.397244581010386,896.0,1,2
2022.emnlp-main.69,DE,2022,EMNLP,312.0,2.494154594018443,896.0,0,1
2022.emnlp-main.736,DE,2022,EMNLP,112.0,2.0492180226701815,896.0,0,2
2022.emnlp-main.74,DE,2022,EMNLP,312.0,2.494154594018443,896.0,0,2
2022.emnlp-main.740,DE,2022,EMNLP,112.0,2.0492180226701815,896.0,0,2
2022.emnlp-main.746,DE,2022,EMNLP,312.0,2.494154594018443,896.0,0,2
2022.emnlp-main.748,DE,2022,EMNLP,9.526,0.9789105771755716,896.0,0,2
2022.emnlp-main.752,DE,2022,EMNLP,110.0,2.041392685158225,896.0,0,2
2022.emnlp-main.791,DE,2022,EMNLP,112.0,2.0492180226701815,896.0,0,2
2022.emnlp-main.802,DE,2022,EMNLP,178.4,2.2513948500401044,896.0,0,2
2022.naacl-main.130,DE,2022,NAACL,71.0,1.8512583487190752,896.0,0,2
2022.naacl-main.168,DE,2022,NAACL,112.0,2.0492180226701815,896.0,0,3
2022.naacl-main.218,DE,2022,NAACL,112.0,2.0492180226701815,896.0,0,1
2022.naacl-main.223,DE,2022,NAACL,112.0,2.0492180226701815,896.0,0,14
2022.naacl-main.255,DE,2022,NAACL,7168.0,3.8553979966540686,896.0,1,2
2022.naacl-main.366,DE,2022,NAACL,12.15,1.084576277934331,896.0,0,2
2022.naacl-main.441,DE,2022,NAACL,107.0,2.0293837776852097,896.0,0,1
2022.naacl-main.93,DE,2022,NAACL,312.0,2.494154594018443,896.0,0,2
2022.acl-long.175,DK,2022,ACL,112.0,2.0492180226701815,896.0,0,2
2022.acl-long.303,DK,2022,ACL,448.0,2.651278013998144,896.0,0,2
2022.acl-long.532,DK,2022,ACL,312.0,2.494154594018443,896.0,0,1
2022.emnlp-main.117,DK,2022,EMNLP,130.5,2.1156105116742996,896.0,0,2
2022.emnlp-main.159,DK,2022,EMNLP,444.4,2.64777405026883,896.0,0,2
2022.emnlp-main.283,DK,2022,EMNLP,312.0,2.494154594018443,896.0,0,2
2022.emnlp-main.527,DK,2022,EMNLP,312.0,2.494154594018443,896.0,0,2
2022.emnlp-main.802,DK,2022,EMNLP,178.4,2.2513948500401044,896.0,0,2
2022.naacl-main.108,DK,2022,NAACL,119.1,2.0759117614827773,896.0,0,3
2022.naacl-main.366,DK,2022,NAACL,12.15,1.084576277934331,896.0,0,2
2022.naacl-main.93,DK,2022,NAACL,312.0,2.494154594018443,896.0,0,2
2022.naacl-main.94,DK,2022,NAACL,448.0,2.651278013998144,896.0,0,3
2022.acl-long.480,ES,2022,ACL,455.2,2.6582022533870147,896.0,0,1
2022.acl-long.584,ES,2022,ACL,11.34,1.0546130545568877,896.0,0,1
2022.emnlp-main.220,ES,2022,EMNLP,112.0,2.0492180226701815,896.0,0,4
2022.emnlp-main.511,ES,2022,EMNLP,910.4,2.959232249050996,896.0,1,1
2022.emnlp-main.546,ES,2022,EMNLP,2496.0,3.397244581010386,896.0,1,2
2022.naacl-main.223,ES,2022,NAACL,112.0,2.0492180226701815,896.0,0,14
2022.acl-long.153,FR,2022,ACL,110.0,2.041392685158225,896.0,0,2
2022.acl-long.187,FR,2022,ACL,112.0,2.0492180226701815,896.0,0,1
2022.acl-long.250,FR,2022,ACL,57.0,1.7558748556724915,896.0,0,2
2022.acl-long.312,FR,2022,ACL,448.0,2.651278013998144,896.0,0,2
2022.acl-long.93,FR,2022,ACL,130.5,2.1156105116742996,896.0,0,2
2022.emnlp-main.102,FR,2022,EMNLP,8.873,0.9480704815189411,896.0,0,2
2022.emnlp-main.298,FR,2022,EMNLP,113.8,2.056142262059052,896.0,0,14
2022.emnlp-main.386,FR,2022,EMNLP,14.9,1.173186268412274,896.0,0,1
2022.emnlp-main.391,FR,2022,EMNLP,5376.0,3.7304592600457687,896.0,1,2
2022.emnlp-main.548,FR,2022,EMNLP,448.0,2.651278013998144,896.0,0,1
2022.emnlp-main.604,FR,2022,EMNLP,10.1065,1.0046007803329844,896.0,0,3
2022.emnlp-main.651,FR,2022,EMNLP,112.0,2.0492180226701815,896.0,0,4
2022.emnlp-main.752,FR,2022,EMNLP,110.0,2.041392685158225,896.0,0,2
2022.emnlp-main.784,FR,2022,EMNLP,35.492,1.5501304728469034,896.0,0,2
2022.naacl-main.223,FR,2022,NAACL,112.0,2.0492180226701815,896.0,0,14
2022.naacl-main.235,FR,2022,NAACL,44.200000000001,1.6454222693491016,896.0,0,2
2022.acl-long.104,GB,2022,ACL,9.526,0.9789105771755716,896.0,0,1
2022.acl-long.190,GB,2022,ACL,312.0,2.494154594018443,896.0,0,2
2022.acl-long.285,GB,2022,ACL,71.0,1.8512583487190752,896.0,0,1
2022.acl-long.286,GB,2022,ACL,3584.0,3.5543680009900878,896.0,1,3
2022.acl-long.299,GB,2022,ACL,142.0,2.1522883443830563,896.0,0,1
2022.acl-long.319,GB,2022,ACL,112.0,2.0492180226701815,896.0,0,3
2022.acl-long.329,GB,2022,ACL,227.6,2.3571722577230334,896.0,0,2
2022.acl-long.375,GB,2022,ACL,130.5,2.1156105116742996,896.0,0,2
2022.acl-long.382,GB,2022,ACL,14.9,1.173186268412274,896.0,0,2
2022.acl-long.384,GB,2022,ACL,110.0,2.041392685158225,896.0,0,1
2022.acl-long.400,GB,2022,ACL,125.0,2.0969100130080562,896.0,0,1
2022.acl-long.435,GB,2022,ACL,224.0,2.3502480183341627,896.0,0,7
2022.acl-long.477,GB,2022,ACL,112.0,2.0492180226701815,896.0,0,1
2022.acl-long.507,GB,2022,ACL,125.0,2.0969100130080562,896.0,0,3
2022.acl-long.515,GB,2022,ACL,1248.0,3.0962145853464054,896.0,1,4
2022.acl-long.574,GB,2022,ACL,112.0,2.0492180226701815,896.0,0,3
2022.acl-long.582,GB,2022,ACL,130.5,2.1156105116742996,896.0,0,2
2022.emnlp-main.110,GB,2022,EMNLP,8.873,0.9480704815189411,896.0,0,1
2022.emnlp-main.141,GB,2022,EMNLP,112.0,2.0492180226701815,896.0,0,2
2022.emnlp-main.167,GB,2022,EMNLP,112.0,2.0492180226701815,896.0,0,1
2022.emnlp-main.28,GB,2022,EMNLP,112.0,2.0492180226701815,896.0,0,1
2022.emnlp-main.284,GB,2022,EMNLP,341.4,2.5332635167787148,896.0,0,2
2022.emnlp-main.298,GB,2022,EMNLP,113.8,2.056142262059052,896.0,0,14
2022.emnlp-main.346,GB,2022,EMNLP,312.0,2.494154594018443,896.0,0,2
2022.emnlp-main.355,GB,2022,EMNLP,312.0,2.494154594018443,896.0,0,1
2022.emnlp-main.357,GB,2022,EMNLP,2496.0,3.397244581010386,896.0,1,2
2022.emnlp-main.360,GB,2022,EMNLP,312.0,2.494154594018443,896.0,0,4
2022.emnlp-main.376,GB,2022,EMNLP,130.5,2.1156105116742996,896.0,0,2
2022.emnlp-main.405,GB,2022,EMNLP,312.0,2.494154594018443,896.0,0,4
2022.emnlp-main.411,GB,2022,EMNLP,110.0,2.041392685158225,896.0,0,1
2022.emnlp-main.42,GB,2022,EMNLP,220.0,2.342422680822206,896.0,0,1
2022.emnlp-main.421,GB,2022,EMNLP,130.5,2.1156105116742996,896.0,0,2
2022.emnlp-main.426,GB,2022,EMNLP,45.36,1.6566730458848502,896.0,0,1
2022.emnlp-main.485,GB,2022,EMNLP,119.1,2.0759117614827773,896.0,0,1
2022.emnlp-main.536,GB,2022,EMNLP,896.0,2.9523080096621253,896.0,1,1
2022.emnlp-main.560,GB,2022,EMNLP,624.0,2.795184589682424,896.0,0,2
2022.emnlp-main.583,GB,2022,EMNLP,71.0,1.8512583487190752,896.0,0,3
2022.emnlp-main.586,GB,2022,EMNLP,9.526,0.9789105771755716,896.0,0,3
2022.emnlp-main.604,GB,2022,EMNLP,10.1065,1.0046007803329844,896.0,0,3
2022.emnlp-main.716,GB,2022,EMNLP,4992.0,3.6982745766743674,896.0,1,2
2022.emnlp-main.724,GB,2022,EMNLP,500.0,2.6989700043360187,896.0,0,2
2022.emnlp-main.734,GB,2022,EMNLP,312.0,2.494154594018443,896.0,0,1
2022.emnlp-main.736,GB,2022,EMNLP,112.0,2.0492180226701815,896.0,0,2
2022.emnlp-main.740,GB,2022,EMNLP,112.0,2.0492180226701815,896.0,0,2
2022.emnlp-main.743,GB,2022,EMNLP,312.0,2.494154594018443,896.0,0,1
2022.emnlp-main.746,GB,2022,EMNLP,312.0,2.494154594018443,896.0,0,2
2022.emnlp-main.768,GB,2022,EMNLP,312.0,2.494154594018443,896.0,0,3
2022.emnlp-main.772,GB,2022,EMNLP,312.0,2.494154594018443,896.0,0,1
2022.emnlp-main.776,GB,2022,EMNLP,147.0,2.167317334748176,896.0,0,3
2022.emnlp-main.786,GB,2022,EMNLP,896.0,2.9523080096621253,896.0,1,1
2022.emnlp-main.820,GB,2022,EMNLP,112.0,2.0492180226701815,896.0,0,2
2022.emnlp-main.821,GB,2022,EMNLP,112.0,2.0492180226701815,896.0,0,4
2022.emnlp-main.99,GB,2022,EMNLP,112.0,2.0492180226701815,896.0,0,4
2022.naacl-main.108,GB,2022,NAACL,119.1,2.0759117614827773,896.0,0,3
2022.naacl-main.112,GB,2022,NAACL,107.0,2.0293837776852097,896.0,0,1
2022.naacl-main.129,GB,2022,NAACL,312.0,2.494154594018443,896.0,0,2
2022.naacl-main.130,GB,2022,NAACL,71.0,1.8512583487190752,896.0,0,2
2022.naacl-main.133,GB,2022,NAACL,142.0,2.1522883443830563,896.0,0,2
2022.naacl-main.163,GB,2022,NAACL,222.2,2.346744054604849,896.0,0,2
2022.naacl-main.188,GB,2022,NAACL,119.1,2.0759117614827773,896.0,0,2
2022.naacl-main.197,GB,2022,NAACL,113.8,2.056142262059052,896.0,0,3
2022.naacl-main.275,GB,2022,NAACL,9.526,0.9789105771755716,896.0,0,2
2022.naacl-main.333,GB,2022,NAACL,440.0,2.6434526764861874,896.0,0,2
2022.naacl-main.67,GB,2022,NAACL,112.0,2.0492180226701815,896.0,0,1
2022.naacl-main.94,GB,2022,NAACL,448.0,2.651278013998144,896.0,0,3
2022.naacl-main.97,GB,2022,NAACL,896.0,2.9523080096621253,896.0,1,2
2022.acl-long.303,GR,2022,ACL,448.0,2.651278013998144,896.0,0,2
2022.acl-long.93,GR,2022,ACL,130.5,2.1156105116742996,896.0,0,2
2022.naacl-main.176,HU,2022,NAACL,428.0,2.6314437690131722,896.0,0,1
2022.acl-long.90,IE,2022,ACL,130.5,2.1156105116742996,896.0,0,1
2022.emnlp-main.651,IE,2022,EMNLP,112.0,2.0492180226701815,896.0,0,4
2022.emnlp-main.784,IE,2022,EMNLP,35.492,1.5501304728469034,896.0,0,2
2022.acl-long.4,IL,2022,ACL,896.0,2.9523080096621253,896.0,1,1
2022.acl-long.416,IL,2022,ACL,110.0,2.041392685158225,896.0,0,1
2022.acl-long.45,IL,2022,ACL,624.0,2.795184589682424,896.0,0,2
2022.acl-long.453,IL,2022,ACL,112.0,2.0492180226701815,896.0,0,4
2022.acl-long.515,IL,2022,ACL,1248.0,3.0962145853464054,896.0,1,4
2022.emnlp-main.101,IL,2022,EMNLP,130.5,2.1156105116742996,896.0,0,2
2022.emnlp-main.175,IL,2022,EMNLP,130.5,2.1156105116742996,896.0,0,2
2022.emnlp-main.405,IL,2022,EMNLP,312.0,2.494154594018443,896.0,0,4
2022.emnlp-main.58,IL,2022,EMNLP,48.6,1.6866362692622934,896.0,0,1
2022.emnlp-main.658,IL,2022,EMNLP,119.1,2.0759117614827773,896.0,0,2
2022.emnlp-main.711,IL,2022,EMNLP,112.0,2.0492180226701815,896.0,0,2
2022.emnlp-main.769,IL,2022,EMNLP,896.0,2.9523080096621253,896.0,1,2
2022.emnlp-main.823,IL,2022,EMNLP,896.0,2.9523080096621253,896.0,1,2
2022.naacl-main.188,IL,2022,NAACL,119.1,2.0759117614827773,896.0,0,2
2022.naacl-main.191,IL,2022,NAACL,568.0,2.754348335711019,896.0,0,1
2022.naacl-main.193,IL,2022,NAACL,2496.0,3.397244581010386,896.0,1,1
2022.naacl-main.207,IL,2022,NAACL,440.0,2.6434526764861874,896.0,0,2
2022.naacl-main.361,IL,2022,NAACL,113.8,2.056142262059052,896.0,0,2
2022.acl-long.150,IN,2022,ACL,112.0,2.0492180226701815,896.0,0,2
2022.acl-long.179,IN,2022,ACL,112.0,2.0492180226701815,896.0,0,1
2022.acl-long.201,IN,2022,ACL,45.36,1.6566730458848502,896.0,0,2
2022.acl-long.460,IN,2022,ACL,113.8,2.056142262059052,896.0,0,1
2022.acl-long.49,IN,2022,ACL,11.34,1.0546130545568877,896.0,0,1
2022.acl-long.77,IN,2022,ACL,113.8,2.056142262059052,896.0,0,2
2022.emnlp-main.158,IN,2022,EMNLP,312.0,2.494154594018443,896.0,0,2
2022.emnlp-main.290,IN,2022,EMNLP,112.0,2.0492180226701815,896.0,0,1
2022.emnlp-main.340,IN,2022,EMNLP,2496.0,3.397244581010386,896.0,1,5
2022.emnlp-main.360,IN,2022,EMNLP,312.0,2.494154594018443,896.0,0,4
2022.emnlp-main.361,IN,2022,EMNLP,312.0,2.494154594018443,896.0,0,1
2022.emnlp-main.41,IN,2022,EMNLP,896.0,2.9523080096621253,896.0,1,3
2022.emnlp-main.506,IN,2022,EMNLP,8.126,0.9098768179903928,896.0,0,4
2022.emnlp-main.525,IN,2022,EMNLP,112.0,2.0492180226701815,896.0,0,1
2022.emnlp-main.675,IN,2022,EMNLP,1248.0,3.0962145853464054,896.0,1,2
2022.emnlp-main.707,IN,2022,EMNLP,149.7,2.1752218003430523,896.0,0,1
2022.emnlp-main.711,IN,2022,EMNLP,112.0,2.0492180226701815,896.0,0,2
2022.emnlp-main.732,IN,2022,EMNLP,119.1,2.0759117614827773,896.0,0,1
2022.emnlp-main.739,IN,2022,EMNLP,112.0,2.0492180226701815,896.0,0,1
2022.emnlp-main.748,IN,2022,EMNLP,9.526,0.9789105771755716,896.0,0,2
2022.emnlp-main.782,IN,2022,EMNLP,11.34,1.0546130545568877,896.0,0,1
2022.emnlp-main.794,IN,2022,EMNLP,147.0,2.167317334748176,896.0,0,1
2022.emnlp-main.817,IN,2022,EMNLP,119.1,2.0759117614827773,896.0,0,1
2022.naacl-main.235,IN,2022,NAACL,44.200000000001,1.6454222693491016,896.0,0,2
2022.naacl-main.295,IN,2022,NAACL,45.36,1.6566730458848502,896.0,0,2
2022.naacl-main.310,IN,2022,NAACL,11.34,1.0546130545568877,896.0,0,1
2022.acl-long.1,IR,2022,ACL,227.6,2.3571722577230334,896.0,0,2
2022.acl-long.310,IR,2022,ACL,312.0,2.494154594018443,896.0,0,2
2022.emnlp-main.340,IR,2022,EMNLP,2496.0,3.397244581010386,896.0,1,5
2022.acl-long.127,IT,2022,ACL,32.504,1.5119368093183552,896.0,0,1
2022.acl-long.15,IT,2022,ACL,71.0,1.8512583487190752,896.0,0,1
2022.acl-long.177,IT,2022,ACL,71.0,1.8512583487190752,896.0,0,1
2022.acl-long.507,IT,2022,ACL,125.0,2.0969100130080562,896.0,0,3
2022.emnlp-main.390,IT,2022,EMNLP,4992.0,3.6982745766743674,896.0,1,1
2022.emnlp-main.604,IT,2022,EMNLP,10.1065,1.0046007803329844,896.0,0,3
2022.emnlp-main.620,IT,2022,EMNLP,10.1065,1.0046007803329844,896.0,0,2
2022.emnlp-main.645,IT,2022,EMNLP,2496.0,3.397244581010386,896.0,1,2
2022.emnlp-main.66,IT,2022,EMNLP,112.0,2.0492180226701815,896.0,0,2
2022.acl-long.166,JP,2022,ACL,130.5,2.1156105116742996,896.0,0,1
2022.acl-long.321,JP,2022,ACL,312.0,2.494154594018443,896.0,0,1
2022.acl-long.496,JP,2022,ACL,448.0,2.651278013998144,896.0,0,1
2022.acl-long.504,JP,2022,ACL,121.5,2.084576277934331,896.0,0,1
2022.acl-long.505,JP,2022,ACL,284.0,2.4533183400470375,896.0,0,1
2022.acl-long.574,JP,2022,ACL,112.0,2.0492180226701815,896.0,0,3
2022.acl-long.580,JP,2022,ACL,112.0,2.0492180226701815,896.0,0,3
2022.emnlp-main.113,JP,2022,EMNLP,142.0,2.1522883443830563,896.0,0,2
2022.emnlp-main.114,JP,2022,EMNLP,2496.0,3.397244581010386,896.0,1,1
2022.emnlp-main.298,JP,2022,EMNLP,113.8,2.056142262059052,896.0,0,14
2022.emnlp-main.326,JP,2022,EMNLP,312.0,2.494154594018443,896.0,0,2
2022.emnlp-main.360,JP,2022,EMNLP,312.0,2.494154594018443,896.0,0,4
2022.emnlp-main.373,JP,2022,EMNLP,112.0,2.0492180226701815,896.0,0,2
2022.emnlp-main.416,JP,2022,EMNLP,112.0,2.0492180226701815,896.0,0,1
2022.emnlp-main.474,JP,2022,EMNLP,2496.0,3.397244581010386,896.0,1,2
2022.emnlp-main.480,JP,2022,EMNLP,107.0,2.0293837776852097,896.0,0,1
2022.emnlp-main.495,JP,2022,EMNLP,1248.0,3.0962145853464054,896.0,1,1
2022.emnlp-main.565,JP,2022,EMNLP,1248.0,3.0962145853464054,896.0,1,2
2022.emnlp-main.63,JP,2022,EMNLP,896.0,2.9523080096621253,896.0,1,2
2022.emnlp-main.712,JP,2022,EMNLP,448.0,2.651278013998144,896.0,0,1
2022.emnlp-main.99,JP,2022,EMNLP,112.0,2.0492180226701815,896.0,0,4
2022.naacl-main.197,JP,2022,NAACL,113.8,2.056142262059052,896.0,0,3
2022.naacl-main.223,JP,2022,NAACL,112.0,2.0492180226701815,896.0,0,14
2022.naacl-main.238,JP,2022,NAACL,896.0,2.9523080096621253,896.0,1,2
2022.naacl-main.284,JP,2022,NAACL,312.0,2.494154594018443,896.0,0,1
2022.naacl-main.58,JP,2022,NAACL,3584.0,3.5543680009900878,896.0,1,2
2022.emnlp-main.212,KE,2022,EMNLP,71.0,1.8512583487190752,896.0,0,2
2022.naacl-main.223,KE,2022,NAACL,112.0,2.0492180226701815,896.0,0,14
2022.acl-long.210,KH,2022,ACL,112.0,2.0492180226701815,896.0,0,2
2022.acl-long.116,KR,2022,ACL,71.0,1.8512583487190752,896.0,0,1
2022.acl-long.3,KR,2022,ACL,149.7,2.1752218003430523,896.0,0,1
2022.acl-long.305,KR,2022,ACL,284.0,2.4533183400470375,896.0,0,1
2022.acl-long.312,KR,2022,ACL,448.0,2.651278013998144,896.0,0,2
2022.acl-long.354,KR,2022,ACL,896.0,2.9523080096621253,896.0,1,2
2022.acl-long.412,KR,2022,ACL,112.0,2.0492180226701815,896.0,0,2
2022.acl-long.459,KR,2022,ACL,12.15,1.084576277934331,896.0,0,2
2022.emnlp-main.151,KR,2022,EMNLP,896.0,2.9523080096621253,896.0,1,1
2022.emnlp-main.198,KR,2022,EMNLP,2496.0,3.397244581010386,896.0,1,2
2022.emnlp-main.267,KR,2022,EMNLP,440.0,2.6434526764861874,896.0,0,2
2022.emnlp-main.280,KR,2022,EMNLP,14.9,1.173186268412274,896.0,0,1
2022.emnlp-main.285,KR,2022,EMNLP,2496.0,3.397244581010386,896.0,1,1
2022.emnlp-main.344,KR,2022,EMNLP,2496.0,3.397244581010386,896.0,1,1
2022.emnlp-main.352,KR,2022,EMNLP,1248.0,3.0962145853464054,896.0,1,1
2022.emnlp-main.366,KR,2022,EMNLP,119.1,2.0759117614827773,896.0,0,1
2022.emnlp-main.417,KR,2022,EMNLP,71.0,1.8512583487190752,896.0,0,2
2022.emnlp-main.418,KR,2022,EMNLP,896.0,2.9523080096621253,896.0,1,1
2022.emnlp-main.450,KR,2022,EMNLP,119.1,2.0759117614827773,896.0,0,1
2022.emnlp-main.465,KR,2022,EMNLP,110.0,2.041392685158225,896.0,0,1
2022.emnlp-main.498,KR,2022,EMNLP,71.0,1.8512583487190752,896.0,0,1
2022.emnlp-main.502,KR,2022,EMNLP,888.8,2.9488040459328113,896.0,0,1
2022.emnlp-main.530,KR,2022,EMNLP,110.0,2.041392685158225,896.0,0,1
2022.emnlp-main.571,KR,2022,EMNLP,1792.0,3.2533380053261065,896.0,1,2
2022.emnlp-main.6,KR,2022,EMNLP,284.0,2.4533183400470375,896.0,0,1
2022.emnlp-main.680,KR,2022,EMNLP,896.0,2.9523080096621253,896.0,1,1
2022.emnlp-main.702,KR,2022,EMNLP,142.0,2.1522883443830563,896.0,0,2
2022.emnlp-main.709,KR,2022,EMNLP,312.0,2.494154594018443,896.0,0,1
2022.emnlp-main.733,KR,2022,EMNLP,261.0,2.416640507338281,896.0,0,1
2022.emnlp-main.737,KR,2022,EMNLP,896.0,2.9523080096621253,896.0,1,2
2022.emnlp-main.744,KR,2022,EMNLP,113.8,2.056142262059052,896.0,0,1
2022.emnlp-main.800,KR,2022,EMNLP,2496.0,3.397244581010386,896.0,1,1
2022.emnlp-main.86,KR,2022,EMNLP,160.0,2.2041199826559246,896.0,0,1
2022.emnlp-main.91,KR,2022,EMNLP,112.0,2.0492180226701815,896.0,0,1
2022.naacl-main.148,KR,2022,NAACL,440.0,2.6434526764861874,896.0,0,1
2022.naacl-main.163,KR,2022,NAACL,222.2,2.346744054604849,896.0,0,2
2022.naacl-main.23,KR,2022,NAACL,22.68,1.355643050220869,896.0,0,1
2022.naacl-main.3,KR,2022,NAACL,112.0,2.0492180226701815,896.0,0,2
2022.naacl-main.380,KR,2022,NAACL,319488.0,5.504454550658255,896.0,1,2
2022.emnlp-main.762,LB,2022,EMNLP,112.0,2.0492180226701815,896.0,0,2
2022.acl-long.163,MO,2022,ACL,112.0,2.0492180226701815,896.0,0,3
2022.acl-long.558,MO,2022,ACL,448.0,2.651278013998144,896.0,0,2
2022.emnlp-main.189,MO,2022,EMNLP,910.4,2.959232249050996,896.0,1,2
2022.emnlp-main.362,MO,2022,EMNLP,2496.0,3.397244581010386,896.0,1,2
2022.emnlp-main.574,MO,2022,EMNLP,2496.0,3.397244581010386,896.0,1,2
2022.emnlp-main.705,MO,2022,EMNLP,896.0,2.9523080096621253,896.0,1,3
2022.emnlp-main.298,MW,2022,EMNLP,113.8,2.056142262059052,896.0,0,14
2022.naacl-main.223,MW,2022,NAACL,112.0,2.0492180226701815,896.0,0,14
2022.acl-long.435,MX,2022,ACL,224.0,2.3502480183341627,896.0,0,7
2022.emnlp-main.298,NG,2022,EMNLP,113.8,2.056142262059052,896.0,0,14
2022.naacl-main.223,NG,2022,NAACL,112.0,2.0492180226701815,896.0,0,14
2022.acl-long.1,NL,2022,ACL,227.6,2.3571722577230334,896.0,0,2
2022.acl-long.248,NL,2022,ACL,6.691,0.8254910298794309,896.0,0,2
2022.acl-long.279,NL,2022,ACL,312.0,2.494154594018443,896.0,0,2
2022.acl-long.468,NL,2022,ACL,112.0,2.0492180226701815,896.0,0,1
2022.acl-long.550,NL,2022,ACL,112.0,2.0492180226701815,896.0,0,3
2022.acl-long.582,NL,2022,ACL,130.5,2.1156105116742996,896.0,0,2
2022.acl-long.98,NL,2022,ACL,6.691,0.8254910298794309,896.0,0,2
2022.emnlp-main.340,NL,2022,EMNLP,2496.0,3.397244581010386,896.0,1,5
2022.emnlp-main.509,NL,2022,EMNLP,130.5,2.1156105116742996,896.0,0,2
2022.emnlp-main.541,NL,2022,EMNLP,112.0,2.0492180226701815,896.0,0,2
2022.emnlp-main.754,NL,2022,EMNLP,11.34,1.0546130545568877,896.0,0,1
2022.emnlp-main.298,NO,2022,EMNLP,113.8,2.056142262059052,896.0,0,14
2022.acl-long.590,PL,2022,ACL,2496.0,3.397244581010386,896.0,1,1
2022.emnlp-main.768,PL,2022,EMNLP,312.0,2.494154594018443,896.0,0,3
2022.acl-long.375,PT,2022,ACL,130.5,2.1156105116742996,896.0,0,2
2022.acl-long.574,PT,2022,ACL,112.0,2.0492180226701815,896.0,0,3
2022.emnlp-main.284,PT,2022,EMNLP,341.4,2.5332635167787148,896.0,0,2
2022.emnlp-main.298,PT,2022,EMNLP,113.8,2.056142262059052,896.0,0,14
2022.emnlp-main.591,PT,2022,EMNLP,356.8,2.5524248457040857,896.0,0,1
2022.naacl-main.223,PT,2022,NAACL,112.0,2.0492180226701815,896.0,0,14
2022.acl-long.453,QA,2022,ACL,112.0,2.0492180226701815,896.0,0,4
2022.emnlp-main.331,QA,2022,EMNLP,238.2,2.3769417571467586,896.0,0,3
2022.emnlp-main.506,QA,2022,EMNLP,8.126,0.9098768179903928,896.0,0,4
2022.naacl-main.9,QA,2022,NAACL,11.34,1.0546130545568877,896.0,0,2
2022.acl-long.566,RU,2022,ACL,112.0,2.0492180226701815,896.0,0,1
2022.naacl-main.9,RU,2022,NAACL,11.34,1.0546130545568877,896.0,0,2
2022.acl-long.304,SA,2022,ACL,9.526,0.9789105771755716,896.0,0,2
2022.emnlp-main.270,SA,2022,EMNLP,112.0,2.0492180226701815,896.0,0,3
2022.emnlp-main.295,SA,2022,EMNLP,12.15,1.084576277934331,896.0,0,3
2022.emnlp-main.662,SA,2022,EMNLP,9.526,0.9789105771755716,896.0,0,2
2022.emnlp-main.298,SE,2022,EMNLP,113.8,2.056142262059052,896.0,0,14
2022.naacl-main.223,SE,2022,NAACL,112.0,2.0492180226701815,896.0,0,14
2022.naacl-main.413,SE,2022,NAACL,6.691,0.8254910298794309,896.0,0,2
2022.acl-long.133,SG,2022,ACL,112.0,2.0492180226701815,896.0,0,2
2022.acl-long.160,SG,2022,ACL,112.0,2.0492180226701815,896.0,0,2
2022.acl-long.277,SG,2022,ACL,455.2,2.6582022533870147,896.0,0,2
2022.acl-long.309,SG,2022,ACL,113.8,2.056142262059052,896.0,0,2
2022.acl-long.344,SG,2022,ACL,110.0,2.041392685158225,896.0,0,2
2022.acl-long.410,SG,2022,ACL,112.0,2.0492180226701815,896.0,0,3
2022.acl-long.437,SG,2022,ACL,71.0,1.8512583487190752,896.0,0,1
2022.acl-long.466,SG,2022,ACL,112.0,2.0492180226701815,896.0,0,3
2022.acl-long.5,SG,2022,ACL,112.0,2.0492180226701815,896.0,0,2
2022.acl-long.588,SG,2022,ACL,71.0,1.8512583487190752,896.0,0,1
2022.emnlp-main.12,SG,2022,EMNLP,89.2,1.9503648543761232,896.0,0,2
2022.emnlp-main.166,SG,2022,EMNLP,130.5,2.1156105116742996,896.0,0,2
2022.emnlp-main.204,SG,2022,EMNLP,312.0,2.494154594018443,896.0,0,2
2022.emnlp-main.22,SG,2022,EMNLP,112.0,2.0492180226701815,896.0,0,1
2022.emnlp-main.220,SG,2022,EMNLP,112.0,2.0492180226701815,896.0,0,4
2022.emnlp-main.272,SG,2022,EMNLP,112.0,2.0492180226701815,896.0,0,1
2022.emnlp-main.327,SG,2022,EMNLP,119.1,2.0759117614827773,896.0,0,3
2022.emnlp-main.340,SG,2022,EMNLP,2496.0,3.397244581010386,896.0,1,5
2022.emnlp-main.350,SG,2022,EMNLP,2496.0,3.397244581010386,896.0,1,2
2022.emnlp-main.41,SG,2022,EMNLP,896.0,2.9523080096621253,896.0,1,3
2022.emnlp-main.462,SG,2022,EMNLP,896.0,2.9523080096621253,896.0,1,3
2022.emnlp-main.469,SG,2022,EMNLP,336.0,2.526339277389844,896.0,0,2
2022.emnlp-main.471,SG,2022,EMNLP,178.4,2.2513948500401044,896.0,0,1
2022.emnlp-main.52,SG,2022,EMNLP,71.0,1.8512583487190752,896.0,0,2
2022.emnlp-main.520,SG,2022,EMNLP,110.0,2.041392685158225,896.0,0,1
2022.emnlp-main.570,SG,2022,EMNLP,107.0,2.0293837776852097,896.0,0,2
2022.emnlp-main.577,SG,2022,EMNLP,2496.0,3.397244581010386,896.0,1,2
2022.emnlp-main.581,SG,2022,EMNLP,89.2,1.9503648543761232,896.0,0,2
2022.emnlp-main.674,SG,2022,EMNLP,312.0,2.494154594018443,896.0,0,1
2022.emnlp-main.691,SG,2022,EMNLP,110.0,2.041392685158225,896.0,0,2
2022.emnlp-main.699,SG,2022,EMNLP,112.0,2.0492180226701815,896.0,0,2
2022.emnlp-main.717,SG,2022,EMNLP,119.1,2.0759117614827773,896.0,0,1
2022.emnlp-main.763,SG,2022,EMNLP,3584.0,3.5543680009900878,896.0,1,2
2022.emnlp-main.768,SG,2022,EMNLP,312.0,2.494154594018443,896.0,0,3
2022.emnlp-main.811,SG,2022,EMNLP,312.0,2.494154594018443,896.0,0,2
2022.emnlp-main.828,SG,2022,EMNLP,73.0,1.863322860120456,896.0,0,2
2022.naacl-main.145,SG,2022,NAACL,112.0,2.0492180226701815,896.0,0,2
2022.naacl-main.291,SG,2022,NAACL,896.0,2.9523080096621253,896.0,1,2
2022.naacl-main.3,SG,2022,NAACL,112.0,2.0492180226701815,896.0,0,2
2022.emnlp-main.298,SN,2022,EMNLP,113.8,2.056142262059052,896.0,0,14
2022.naacl-main.223,SN,2022,NAACL,112.0,2.0492180226701815,896.0,0,14
2022.emnlp-main.70,TH,2022,EMNLP,312.0,2.494154594018443,896.0,0,1
2022.emnlp-main.777,TH,2022,EMNLP,896.0,2.9523080096621253,896.0,1,1
2022.emnlp-main.298,UG,2022,EMNLP,113.8,2.056142262059052,896.0,0,14
2022.naacl-main.223,UG,2022,NAACL,112.0,2.0492180226701815,896.0,0,14
2022.acl-long.100,US,2022,ACL,312.0,2.494154594018443,896.0,0,1
2022.acl-long.105,US,2022,ACL,4992.0,3.6982745766743674,896.0,1,1
2022.acl-long.106,US,2022,ACL,113.8,2.056142262059052,896.0,0,1
2022.acl-long.107,US,2022,ACL,455.2,2.6582022533870147,896.0,0,1
2022.acl-long.110,US,2022,ACL,130.5,2.1156105116742996,896.0,0,1
2022.acl-long.112,US,2022,ACL,119.1,2.0759117614827773,896.0,0,1
2022.acl-long.113,US,2022,ACL,1792.0,3.2533380053261065,896.0,1,1
2022.acl-long.117,US,2022,ACL,112.0,2.0492180226701815,896.0,0,1
2022.acl-long.118,US,2022,ACL,110.0,2.041392685158225,896.0,0,2
2022.acl-long.12,US,2022,ACL,14336.0,4.15642799231805,896.0,1,2
2022.acl-long.122,US,2022,ACL,113.8,2.056142262059052,896.0,0,2
2022.acl-long.123,US,2022,ACL,142.0,2.1522883443830563,896.0,0,1
2022.acl-long.142,US,2022,ACL,112.0,2.0492180226701815,896.0,0,2
2022.acl-long.150,US,2022,ACL,112.0,2.0492180226701815,896.0,0,2
2022.acl-long.153,US,2022,ACL,110.0,2.041392685158225,896.0,0,2
2022.acl-long.16,US,2022,ACL,89.2,1.9503648543761232,896.0,0,2
2022.acl-long.163,US,2022,ACL,112.0,2.0492180226701815,896.0,0,3
2022.acl-long.168,US,2022,ACL,71.0,1.8512583487190752,896.0,0,2
2022.acl-long.175,US,2022,ACL,112.0,2.0492180226701815,896.0,0,2
2022.acl-long.188,US,2022,ACL,11.34,1.0546130545568877,896.0,0,1
2022.acl-long.190,US,2022,ACL,312.0,2.494154594018443,896.0,0,2
2022.acl-long.193,US,2022,ACL,1792.0,3.2533380053261065,896.0,1,2
2022.acl-long.195,US,2022,ACL,110.0,2.041392685158225,896.0,0,1
2022.acl-long.20,US,2022,ACL,89.2,1.9503648543761232,896.0,0,3
2022.acl-long.202,US,2022,ACL,73.0,1.863322860120456,896.0,0,1
2022.acl-long.203,US,2022,ACL,455.2,2.6582022533870147,896.0,0,1
2022.acl-long.204,US,2022,ACL,1792.0,3.2533380053261065,896.0,1,2
2022.acl-long.207,US,2022,ACL,284.0,2.4533183400470375,896.0,0,1
2022.acl-long.209,US,2022,ACL,112.0,2.0492180226701815,896.0,0,1
2022.acl-long.21,US,2022,ACL,71.0,1.8512583487190752,896.0,0,2
2022.acl-long.215,US,2022,ACL,1044.0,3.0187004986662433,896.0,1,1
2022.acl-long.222,US,2022,ACL,110.0,2.041392685158225,896.0,0,1
2022.acl-long.225,US,2022,ACL,110.0,2.041392685158225,896.0,0,1
2022.acl-long.238,US,2022,ACL,107.0,2.0293837776852097,896.0,0,1
2022.acl-long.242,US,2022,ACL,8960.0,3.9523080096621253,896.0,1,1
2022.acl-long.244,US,2022,ACL,2496.0,3.397244581010386,896.0,1,1
2022.acl-long.246,US,2022,ACL,125.0,2.0969100130080562,896.0,0,1
2022.acl-long.247,US,2022,ACL,112.0,2.0492180226701815,896.0,0,1
2022.acl-long.250,US,2022,ACL,57.0,1.7558748556724915,896.0,0,2
2022.acl-long.251,US,2022,ACL,112.0,2.0492180226701815,896.0,0,1
2022.acl-long.254,US,2022,ACL,312.0,2.494154594018443,896.0,0,2
2022.acl-long.255,US,2022,ACL,113.8,2.056142262059052,896.0,0,1
2022.acl-long.26,US,2022,ACL,7168.0,3.8553979966540686,896.0,1,2
2022.acl-long.263,US,2022,ACL,1248.0,3.0962145853464054,896.0,1,1
2022.acl-long.276,US,2022,ACL,107.0,2.0293837776852097,896.0,0,1
2022.acl-long.277,US,2022,ACL,455.2,2.6582022533870147,896.0,0,2
2022.acl-long.28,US,2022,ACL,110.0,2.041392685158225,896.0,0,1
2022.acl-long.286,US,2022,ACL,3584.0,3.5543680009900878,896.0,1,3
2022.acl-long.292,US,2022,ACL,312.0,2.494154594018443,896.0,0,2
2022.acl-long.309,US,2022,ACL,113.8,2.056142262059052,896.0,0,2
2022.acl-long.31,US,2022,ACL,428.0,2.6314437690131722,896.0,0,1
2022.acl-long.310,US,2022,ACL,312.0,2.494154594018443,896.0,0,2
2022.acl-long.319,US,2022,ACL,112.0,2.0492180226701815,896.0,0,3
2022.acl-long.326,US,2022,ACL,8.873,0.9480704815189411,896.0,0,1
2022.acl-long.333,US,2022,ACL,3584.0,3.5543680009900878,896.0,1,2
2022.acl-long.339,US,2022,ACL,45.36,1.6566730458848502,896.0,0,1
2022.acl-long.340,US,2022,ACL,2496.0,3.397244581010386,896.0,1,1
2022.acl-long.344,US,2022,ACL,110.0,2.041392685158225,896.0,0,2
2022.acl-long.348,US,2022,ACL,113.8,2.056142262059052,896.0,0,2
2022.acl-long.349,US,2022,ACL,113.8,2.056142262059052,896.0,0,2
2022.acl-long.354,US,2022,ACL,896.0,2.9523080096621253,896.0,1,2
2022.acl-long.355,US,2022,ACL,130.5,2.1156105116742996,896.0,0,1
2022.acl-long.356,US,2022,ACL,896.0,2.9523080096621253,896.0,1,1
2022.acl-long.357,US,2022,ACL,130.5,2.1156105116742996,896.0,0,1
2022.acl-long.360,US,2022,ACL,1248.0,3.0962145853464054,896.0,1,2
2022.acl-long.364,US,2022,ACL,312.0,2.494154594018443,896.0,0,1
2022.acl-long.367,US,2022,ACL,113.8,2.056142262059052,896.0,0,1
2022.acl-long.368,US,2022,ACL,222.2,2.346744054604849,896.0,0,1
2022.acl-long.370,US,2022,ACL,1248.0,3.0962145853464054,896.0,1,2
2022.acl-long.393,US,2022,ACL,3584.0,3.5543680009900878,896.0,1,2
2022.acl-long.410,US,2022,ACL,112.0,2.0492180226701815,896.0,0,3
2022.acl-long.412,US,2022,ACL,112.0,2.0492180226701815,896.0,0,2
2022.acl-long.414,US,2022,ACL,896.0,2.9523080096621253,896.0,1,2
2022.acl-long.427,US,2022,ACL,19968.0,4.30033456800233,896.0,1,2
2022.acl-long.43,US,2022,ACL,76.208,1.8820005641675153,896.0,0,1
2022.acl-long.435,US,2022,ACL,224.0,2.3502480183341627,896.0,0,7
2022.acl-long.436,US,2022,ACL,224.0,2.3502480183341627,896.0,0,1
2022.acl-long.439,US,2022,ACL,119.1,2.0759117614827773,896.0,0,1
2022.acl-long.441,US,2022,ACL,142.0,2.1522883443830563,896.0,0,2
2022.acl-long.444,US,2022,ACL,119.1,2.0759117614827773,896.0,0,2
2022.acl-long.446,US,2022,ACL,112.0,2.0492180226701815,896.0,0,1
2022.acl-long.45,US,2022,ACL,624.0,2.795184589682424,896.0,0,2
2022.acl-long.451,US,2022,ACL,125.0,2.0969100130080562,896.0,0,1
2022.acl-long.453,US,2022,ACL,112.0,2.0492180226701815,896.0,0,4
2022.acl-long.459,US,2022,ACL,12.15,1.084576277934331,896.0,0,2
2022.acl-long.478,US,2022,ACL,130.5,2.1156105116742996,896.0,0,2
2022.acl-long.48,US,2022,ACL,224.0,2.3502480183341627,896.0,0,2
2022.acl-long.485,US,2022,ACL,112.0,2.0492180226701815,896.0,0,1
2022.acl-long.486,US,2022,ACL,896.0,2.9523080096621253,896.0,1,2
2022.acl-long.489,US,2022,ACL,112.0,2.0492180226701815,896.0,0,2
2022.acl-long.495,US,2022,ACL,112.0,2.0492180226701815,896.0,0,1
2022.acl-long.50,US,2022,ACL,448.0,2.651278013998144,896.0,0,2
2022.acl-long.511,US,2022,ACL,112.0,2.0492180226701815,896.0,0,1
2022.acl-long.515,US,2022,ACL,1248.0,3.0962145853464054,896.0,1,4
2022.acl-long.519,US,2022,ACL,112.0,2.0492180226701815,896.0,0,1
2022.acl-long.520,US,2022,ACL,22.68,1.355643050220869,896.0,0,1
2022.acl-long.526,US,2022,ACL,112.0,2.0492180226701815,896.0,0,1
2022.acl-long.55,US,2022,ACL,107.0,2.0293837776852097,896.0,0,2
2022.acl-long.551,US,2022,ACL,2496.0,3.397244581010386,896.0,1,1
2022.acl-long.552,US,2022,ACL,112.0,2.0492180226701815,896.0,0,2
2022.acl-long.554,US,2022,ACL,110.0,2.041392685158225,896.0,0,1
2022.acl-long.56,US,2022,ACL,89.2,1.9503648543761232,896.0,0,2
2022.acl-long.564,US,2022,ACL,113.8,2.056142262059052,896.0,0,2
2022.acl-long.569,US,2022,ACL,6.691,0.8254910298794309,896.0,0,1
2022.acl-long.57,US,2022,ACL,113.8,2.056142262059052,896.0,0,1
2022.acl-long.572,US,2022,ACL,9.526,0.9789105771755716,896.0,0,1
2022.acl-long.58,US,2022,ACL,312.0,2.494154594018443,896.0,0,1
2022.acl-long.580,US,2022,ACL,112.0,2.0492180226701815,896.0,0,3
2022.acl-long.581,US,2022,ACL,112.0,2.0492180226701815,896.0,0,2
2022.acl-long.602,US,2022,ACL,112.0,2.0492180226701815,896.0,0,2
2022.acl-long.69,US,2022,ACL,2496.0,3.397244581010386,896.0,1,1
2022.acl-long.72,US,2022,ACL,71.0,1.8512583487190752,896.0,0,2
2022.acl-long.75,US,2022,ACL,4.709,0.6729286904427224,896.0,0,1
2022.acl-long.77,US,2022,ACL,113.8,2.056142262059052,896.0,0,2
2022.acl-long.78,US,2022,ACL,448.0,2.651278013998144,896.0,0,2
2022.acl-long.83,US,2022,ACL,6.691,0.8254910298794309,896.0,0,1
2022.acl-long.85,US,2022,ACL,312.0,2.494154594018443,896.0,0,1
2022.acl-long.86,US,2022,ACL,113.8,2.056142262059052,896.0,0,1
2022.acl-long.97,US,2022,ACL,12.15,1.084576277934331,896.0,0,1
2022.emnlp-main.101,US,2022,EMNLP,130.5,2.1156105116742996,896.0,0,2
2022.emnlp-main.103,US,2022,EMNLP,2496.0,3.397244581010386,896.0,1,2
2022.emnlp-main.108,US,2022,EMNLP,7168.0,3.8553979966540686,896.0,1,2
2022.emnlp-main.11,US,2022,EMNLP,113.8,2.056142262059052,896.0,0,1
2022.emnlp-main.115,US,2022,EMNLP,71.0,1.8512583487190752,896.0,0,1
2022.emnlp-main.116,US,2022,EMNLP,136.4,2.13481437032046,896.0,0,2
2022.emnlp-main.117,US,2022,EMNLP,130.5,2.1156105116742996,896.0,0,2
2022.emnlp-main.119,US,2022,EMNLP,428.0,2.6314437690131722,896.0,0,1
2022.emnlp-main.120,US,2022,EMNLP,896.0,2.9523080096621253,896.0,1,1
2022.emnlp-main.123,US,2022,EMNLP,8.873,0.9480704815189411,896.0,0,2
2022.emnlp-main.125,US,2022,EMNLP,1044.0,3.0187004986662433,896.0,1,1
2022.emnlp-main.129,US,2022,EMNLP,2496.0,3.397244581010386,896.0,1,1
2022.emnlp-main.130,US,2022,EMNLP,624.0,2.795184589682424,896.0,0,2
2022.emnlp-main.131,US,2022,EMNLP,238.2,2.3769417571467586,896.0,0,1
2022.emnlp-main.134,US,2022,EMNLP,2496.0,3.397244581010386,896.0,1,1
2022.emnlp-main.137,US,2022,EMNLP,312.0,2.494154594018443,896.0,0,1
2022.emnlp-main.14,US,2022,EMNLP,880.0,2.9444826721501687,896.0,0,1
2022.emnlp-main.140,US,2022,EMNLP,227.6,2.3571722577230334,896.0,0,1
2022.emnlp-main.141,US,2022,EMNLP,112.0,2.0492180226701815,896.0,0,2
2022.emnlp-main.143,US,2022,EMNLP,110.0,2.041392685158225,896.0,0,1
2022.emnlp-main.144,US,2022,EMNLP,160.0,2.2041199826559246,896.0,0,1
2022.emnlp-main.145,US,2022,EMNLP,448.0,2.651278013998144,896.0,0,2
2022.emnlp-main.146,US,2022,EMNLP,110.0,2.041392685158225,896.0,0,1
2022.emnlp-main.148,US,2022,EMNLP,112.0,2.0492180226701815,896.0,0,1
2022.emnlp-main.149,US,2022,EMNLP,2496.0,3.397244581010386,896.0,1,2
2022.emnlp-main.15,US,2022,EMNLP,71.0,1.8512583487190752,896.0,0,1
2022.emnlp-main.153,US,2022,EMNLP,110.0,2.041392685158225,896.0,0,2
2022.emnlp-main.158,US,2022,EMNLP,312.0,2.494154594018443,896.0,0,2
2022.emnlp-main.16,US,2022,EMNLP,112.0,2.0492180226701815,896.0,0,2
2022.emnlp-main.161,US,2022,EMNLP,112.0,2.0492180226701815,896.0,0,1
2022.emnlp-main.169,US,2022,EMNLP,11.34,1.0546130545568877,896.0,0,1
2022.emnlp-main.170,US,2022,EMNLP,89.2,1.9503648543761232,896.0,0,1
2022.emnlp-main.175,US,2022,EMNLP,130.5,2.1156105116742996,896.0,0,2
2022.emnlp-main.179,US,2022,EMNLP,312.0,2.494154594018443,896.0,0,1
2022.emnlp-main.185,US,2022,EMNLP,71.0,1.8512583487190752,896.0,0,1
2022.emnlp-main.187,US,2022,EMNLP,896.0,2.9523080096621253,896.0,1,2
2022.emnlp-main.197,US,2022,EMNLP,896.0,2.9523080096621253,896.0,1,2
2022.emnlp-main.198,US,2022,EMNLP,2496.0,3.397244581010386,896.0,1,2
2022.emnlp-main.202,US,2022,EMNLP,312.0,2.494154594018443,896.0,0,1
2022.emnlp-main.203,US,2022,EMNLP,2496.0,3.397244581010386,896.0,1,2
2022.emnlp-main.21,US,2022,EMNLP,125.0,2.0969100130080562,896.0,0,2
2022.emnlp-main.211,US,2022,EMNLP,2496.0,3.397244581010386,896.0,1,2
2022.emnlp-main.222,US,2022,EMNLP,71.0,1.8512583487190752,896.0,0,2
2022.emnlp-main.228,US,2022,EMNLP,12.15,1.084576277934331,896.0,0,1
2022.emnlp-main.229,US,2022,EMNLP,2496.0,3.397244581010386,896.0,1,1
2022.emnlp-main.230,US,2022,EMNLP,107.0,2.0293837776852097,896.0,0,1
2022.emnlp-main.231,US,2022,EMNLP,312.0,2.494154594018443,896.0,0,1
2022.emnlp-main.233,US,2022,EMNLP,112.0,2.0492180226701815,896.0,0,1
2022.emnlp-main.234,US,2022,EMNLP,7168.0,3.8553979966540686,896.0,1,1
2022.emnlp-main.24,US,2022,EMNLP,312.0,2.494154594018443,896.0,0,2
2022.emnlp-main.249,US,2022,EMNLP,2496.0,3.397244581010386,896.0,1,2
2022.emnlp-main.250,US,2022,EMNLP,312.0,2.494154594018443,896.0,0,1
2022.emnlp-main.253,US,2022,EMNLP,112.0,2.0492180226701815,896.0,0,1
2022.emnlp-main.254,US,2022,EMNLP,110.0,2.041392685158225,896.0,0,1
2022.emnlp-main.26,US,2022,EMNLP,112.0,2.0492180226701815,896.0,0,1
2022.emnlp-main.261,US,2022,EMNLP,6.691,0.8254910298794309,896.0,0,1
2022.emnlp-main.262,US,2022,EMNLP,11.34,1.0546130545568877,896.0,0,1
2022.emnlp-main.264,US,2022,EMNLP,89.2,1.9503648543761232,896.0,0,1
2022.emnlp-main.265,US,2022,EMNLP,896.0,2.9523080096621253,896.0,1,1
2022.emnlp-main.266,US,2022,EMNLP,130.5,2.1156105116742996,896.0,0,1
2022.emnlp-main.267,US,2022,EMNLP,440.0,2.6434526764861874,896.0,0,2
2022.emnlp-main.270,US,2022,EMNLP,112.0,2.0492180226701815,896.0,0,3
2022.emnlp-main.271,US,2022,EMNLP,71.0,1.8512583487190752,896.0,0,3
2022.emnlp-main.279,US,2022,EMNLP,1248.0,3.0962145853464054,896.0,1,2
2022.emnlp-main.29,US,2022,EMNLP,112.0,2.0492180226701815,896.0,0,1
2022.emnlp-main.292,US,2022,EMNLP,896.0,2.9523080096621253,896.0,1,1
2022.emnlp-main.293,US,2022,EMNLP,640.0,2.806179973983887,896.0,0,1
2022.emnlp-main.294,US,2022,EMNLP,2496.0,3.397244581010386,896.0,1,2
2022.emnlp-main.295,US,2022,EMNLP,12.15,1.084576277934331,896.0,0,3
2022.emnlp-main.298,US,2022,EMNLP,113.8,2.056142262059052,896.0,0,14
2022.emnlp-main.30,US,2022,EMNLP,312.0,2.494154594018443,896.0,0,1
2022.emnlp-main.300,US,2022,EMNLP,2496.0,3.397244581010386,896.0,1,1
2022.emnlp-main.301,US,2022,EMNLP,149.7,2.1752218003430523,896.0,0,1
2022.emnlp-main.304,US,2022,EMNLP,112.0,2.0492180226701815,896.0,0,1
2022.emnlp-main.305,US,2022,EMNLP,110.0,2.041392685158225,896.0,0,1
2022.emnlp-main.306,US,2022,EMNLP,112.0,2.0492180226701815,896.0,0,1
2022.emnlp-main.307,US,2022,EMNLP,112.0,2.0492180226701815,896.0,0,1
2022.emnlp-main.319,US,2022,EMNLP,312.0,2.494154594018443,896.0,0,2
2022.emnlp-main.324,US,2022,EMNLP,113.8,2.056142262059052,896.0,0,2
2022.emnlp-main.326,US,2022,EMNLP,312.0,2.494154594018443,896.0,0,2
2022.emnlp-main.33,US,2022,EMNLP,238.2,2.3769417571467586,896.0,0,1
2022.emnlp-main.334,US,2022,EMNLP,312.0,2.494154594018443,896.0,0,2
2022.emnlp-main.340,US,2022,EMNLP,2496.0,3.397244581010386,896.0,1,5
2022.emnlp-main.341,US,2022,EMNLP,142.0,2.1522883443830563,896.0,0,2
2022.emnlp-main.349,US,2022,EMNLP,45.36,1.6566730458848502,896.0,0,2
2022.emnlp-main.360,US,2022,EMNLP,312.0,2.494154594018443,896.0,0,4
2022.emnlp-main.372,US,2022,EMNLP,448.0,2.651278013998144,896.0,0,3
2022.emnlp-main.373,US,2022,EMNLP,112.0,2.0492180226701815,896.0,0,2
2022.emnlp-main.378,US,2022,EMNLP,119.1,2.0759117614827773,896.0,0,1
2022.emnlp-main.38,US,2022,EMNLP,130.5,2.1156105116742996,896.0,0,1
2022.emnlp-main.382,US,2022,EMNLP,2496.0,3.397244581010386,896.0,1,1
2022.emnlp-main.388,US,2022,EMNLP,112.0,2.0492180226701815,896.0,0,1
2022.emnlp-main.391,US,2022,EMNLP,5376.0,3.7304592600457687,896.0,1,2
2022.emnlp-main.393,US,2022,EMNLP,312.0,2.494154594018443,896.0,0,1
2022.emnlp-main.395,US,2022,EMNLP,1792.0,3.2533380053261065,896.0,1,1
2022.emnlp-main.396,US,2022,EMNLP,896.0,2.9523080096621253,896.0,1,1
2022.emnlp-main.403,US,2022,EMNLP,112.0,2.0492180226701815,896.0,0,2
2022.emnlp-main.404,US,2022,EMNLP,11.34,1.0546130545568877,896.0,0,1
2022.emnlp-main.405,US,2022,EMNLP,312.0,2.494154594018443,896.0,0,4
2022.emnlp-main.408,US,2022,EMNLP,119.1,2.0759117614827773,896.0,0,1
2022.emnlp-main.409,US,2022,EMNLP,896.0,2.9523080096621253,896.0,1,1
2022.emnlp-main.415,US,2022,EMNLP,896.0,2.9523080096621253,896.0,1,1
2022.emnlp-main.417,US,2022,EMNLP,71.0,1.8512583487190752,896.0,0,2
2022.emnlp-main.421,US,2022,EMNLP,130.5,2.1156105116742996,896.0,0,2
2022.emnlp-main.427,US,2022,EMNLP,153.4,2.185825359612962,896.0,0,1
2022.emnlp-main.428,US,2022,EMNLP,568.0,2.754348335711019,896.0,0,2
2022.emnlp-main.43,US,2022,EMNLP,4992.0,3.6982745766743674,896.0,1,1
2022.emnlp-main.438,US,2022,EMNLP,89.2,1.9503648543761232,896.0,0,1
2022.emnlp-main.439,US,2022,EMNLP,119.1,2.0759117614827773,896.0,0,1
2022.emnlp-main.444,US,2022,EMNLP,1534.0,3.185825359612962,896.0,1,1
2022.emnlp-main.445,US,2022,EMNLP,448.0,2.651278013998144,896.0,0,2
2022.emnlp-main.446,US,2022,EMNLP,330.0,2.5185139398778875,896.0,0,1
2022.emnlp-main.448,US,2022,EMNLP,149.7,2.1752218003430523,896.0,0,1
2022.emnlp-main.456,US,2022,EMNLP,112.0,2.0492180226701815,896.0,0,1
2022.emnlp-main.46,US,2022,EMNLP,107.0,2.0293837776852097,896.0,0,3
2022.emnlp-main.460,US,2022,EMNLP,2496.0,3.397244581010386,896.0,1,1
2022.emnlp-main.461,US,2022,EMNLP,119.1,2.0759117614827773,896.0,0,1
2022.emnlp-main.462,US,2022,EMNLP,896.0,2.9523080096621253,896.0,1,3
2022.emnlp-main.464,US,2022,EMNLP,71.0,1.8512583487190752,896.0,0,1
2022.emnlp-main.466,US,2022,EMNLP,2496.0,3.397244581010386,896.0,1,2
2022.emnlp-main.47,US,2022,EMNLP,112.0,2.0492180226701815,896.0,0,2
2022.emnlp-main.483,US,2022,EMNLP,261.0,2.416640507338281,896.0,0,2
2022.emnlp-main.484,US,2022,EMNLP,112.0,2.0492180226701815,896.0,0,1
2022.emnlp-main.50,US,2022,EMNLP,112.0,2.0492180226701815,896.0,0,1
2022.emnlp-main.506,US,2022,EMNLP,8.126,0.9098768179903928,896.0,0,4
2022.emnlp-main.509,US,2022,EMNLP,130.5,2.1156105116742996,896.0,0,2
2022.emnlp-main.519,US,2022,EMNLP,130.5,2.1156105116742996,896.0,0,2
2022.emnlp-main.541,US,2022,EMNLP,112.0,2.0492180226701815,896.0,0,2
2022.emnlp-main.542,US,2022,EMNLP,448.0,2.651278013998144,896.0,0,2
2022.emnlp-main.546,US,2022,EMNLP,2496.0,3.397244581010386,896.0,1,2
2022.emnlp-main.550,US,2022,EMNLP,2496.0,3.397244581010386,896.0,1,2
2022.emnlp-main.551,US,2022,EMNLP,448.0,2.651278013998144,896.0,0,1
2022.emnlp-main.555,US,2022,EMNLP,312.0,2.494154594018443,896.0,0,2
2022.emnlp-main.557,US,2022,EMNLP,896.0,2.9523080096621253,896.0,1,2
2022.emnlp-main.560,US,2022,EMNLP,624.0,2.795184589682424,896.0,0,2
2022.emnlp-main.564,US,2022,EMNLP,330.0,2.5185139398778875,896.0,0,1
2022.emnlp-main.565,US,2022,EMNLP,1248.0,3.0962145853464054,896.0,1,2
2022.emnlp-main.570,US,2022,EMNLP,107.0,2.0293837776852097,896.0,0,2
2022.emnlp-main.576,US,2022,EMNLP,32.504,1.5119368093183552,896.0,0,2
2022.emnlp-main.581,US,2022,EMNLP,89.2,1.9503648543761232,896.0,0,2
2022.emnlp-main.583,US,2022,EMNLP,71.0,1.8512583487190752,896.0,0,3
2022.emnlp-main.59,US,2022,EMNLP,112.0,2.0492180226701815,896.0,0,2
2022.emnlp-main.590,US,2022,EMNLP,2496.0,3.397244581010386,896.0,1,2
2022.emnlp-main.592,US,2022,EMNLP,107.0,2.0293837776852097,896.0,0,1
2022.emnlp-main.593,US,2022,EMNLP,896.0,2.9523080096621253,896.0,1,1
2022.emnlp-main.594,US,2022,EMNLP,110.0,2.041392685158225,896.0,0,1
2022.emnlp-main.602,US,2022,EMNLP,112.0,2.0492180226701815,896.0,0,1
2022.emnlp-main.605,US,2022,EMNLP,4992.0,3.6982745766743674,896.0,1,1
2022.emnlp-main.61,US,2022,EMNLP,112.0,2.0492180226701815,896.0,0,1
2022.emnlp-main.610,US,2022,EMNLP,65.008,1.8129668049823364,896.0,0,1
2022.emnlp-main.613,US,2022,EMNLP,113.8,2.056142262059052,896.0,0,1
2022.emnlp-main.615,US,2022,EMNLP,1777.6,3.2498340415967926,896.0,1,2
2022.emnlp-main.616,US,2022,EMNLP,79872.0,4.9023945593302924,896.0,1,1
2022.emnlp-main.617,US,2022,EMNLP,2496.0,3.397244581010386,896.0,1,1
2022.emnlp-main.623,US,2022,EMNLP,2496.0,3.397244581010386,896.0,1,1
2022.emnlp-main.625,US,2022,EMNLP,896.0,2.9523080096621253,896.0,1,1
2022.emnlp-main.627,US,2022,EMNLP,113.8,2.056142262059052,896.0,0,1
2022.emnlp-main.629,US,2022,EMNLP,20.7,1.3159703454569178,896.0,0,1
2022.emnlp-main.63,US,2022,EMNLP,896.0,2.9523080096621253,896.0,1,2
2022.emnlp-main.631,US,2022,EMNLP,598.8,2.777281791671015,896.0,0,1
2022.emnlp-main.636,US,2022,EMNLP,2496.0,3.397244581010386,896.0,1,1
2022.emnlp-main.637,US,2022,EMNLP,312.0,2.494154594018443,896.0,0,1
2022.emnlp-main.639,US,2022,EMNLP,2496.0,3.397244581010386,896.0,1,1
2022.emnlp-main.641,US,2022,EMNLP,598.8,2.777281791671015,896.0,0,1
2022.emnlp-main.642,US,2022,EMNLP,222.2,2.346744054604849,896.0,0,1
2022.emnlp-main.643,US,2022,EMNLP,112.0,2.0492180226701815,896.0,0,2
2022.emnlp-main.645,US,2022,EMNLP,2496.0,3.397244581010386,896.0,1,2
2022.emnlp-main.646,US,2022,EMNLP,28672.0,4.457457987982031,896.0,1,1
2022.emnlp-main.647,US,2022,EMNLP,713.6,2.8534548413680665,896.0,0,1
2022.emnlp-main.650,US,2022,EMNLP,896.0,2.9523080096621253,896.0,1,1
2022.emnlp-main.651,US,2022,EMNLP,112.0,2.0492180226701815,896.0,0,4
2022.emnlp-main.653,US,2022,EMNLP,440.0,2.6434526764861874,896.0,0,1
2022.emnlp-main.654,US,2022,EMNLP,476.4,2.67797175281074,896.0,0,1
2022.emnlp-main.656,US,2022,EMNLP,113.8,2.056142262059052,896.0,0,2
2022.emnlp-main.657,US,2022,EMNLP,284.0,2.4533183400470375,896.0,0,1
2022.emnlp-main.658,US,2022,EMNLP,119.1,2.0759117614827773,896.0,0,2
2022.emnlp-main.659,US,2022,EMNLP,238.2,2.3769417571467586,896.0,0,1
2022.emnlp-main.661,US,2022,EMNLP,312.0,2.494154594018443,896.0,0,1
2022.emnlp-main.664,US,2022,EMNLP,112.0,2.0492180226701815,896.0,0,2
2022.emnlp-main.665,US,2022,EMNLP,112.0,2.0492180226701815,896.0,0,2
2022.emnlp-main.666,US,2022,EMNLP,110.0,2.041392685158225,896.0,0,1
2022.emnlp-main.667,US,2022,EMNLP,26.764,1.4275510212073932,896.0,0,1
2022.emnlp-main.670,US,2022,EMNLP,110.0,2.041392685158225,896.0,0,1
2022.emnlp-main.673,US,2022,EMNLP,312.0,2.494154594018443,896.0,0,2
2022.emnlp-main.675,US,2022,EMNLP,1248.0,3.0962145853464054,896.0,1,2
2022.emnlp-main.676,US,2022,EMNLP,119.1,2.0759117614827773,896.0,0,2
2022.emnlp-main.678,US,2022,EMNLP,448.0,2.651278013998144,896.0,0,1
2022.emnlp-main.682,US,2022,EMNLP,71.0,1.8512583487190752,896.0,0,2
2022.emnlp-main.691,US,2022,EMNLP,110.0,2.041392685158225,896.0,0,2
2022.emnlp-main.692,US,2022,EMNLP,119.1,2.0759117614827773,896.0,0,1
2022.emnlp-main.693,US,2022,EMNLP,2496.0,3.397244581010386,896.0,1,2
2022.emnlp-main.696,US,2022,EMNLP,112.0,2.0492180226701815,896.0,0,1
2022.emnlp-main.697,US,2022,EMNLP,312.0,2.494154594018443,896.0,0,1
2022.emnlp-main.698,US,2022,EMNLP,71.0,1.8512583487190752,896.0,0,1
2022.emnlp-main.7,US,2022,EMNLP,119.1,2.0759117614827773,896.0,0,1
2022.emnlp-main.702,US,2022,EMNLP,142.0,2.1522883443830563,896.0,0,2
2022.emnlp-main.703,US,2022,EMNLP,220.0,2.342422680822206,896.0,0,1
2022.emnlp-main.705,US,2022,EMNLP,896.0,2.9523080096621253,896.0,1,3
2022.emnlp-main.708,US,2022,EMNLP,448.0,2.651278013998144,896.0,0,2
2022.emnlp-main.71,US,2022,EMNLP,336.0,2.526339277389844,896.0,0,1
2022.emnlp-main.715,US,2022,EMNLP,112.0,2.0492180226701815,896.0,0,2
2022.emnlp-main.716,US,2022,EMNLP,4992.0,3.6982745766743674,896.0,1,2
2022.emnlp-main.718,US,2022,EMNLP,1248.0,3.0962145853464054,896.0,1,1
2022.emnlp-main.727,US,2022,EMNLP,1248.0,3.0962145853464054,896.0,1,2
2022.emnlp-main.73,US,2022,EMNLP,312.0,2.494154594018443,896.0,0,1
2022.emnlp-main.741,US,2022,EMNLP,7168.0,3.8553979966540686,896.0,1,1
2022.emnlp-main.75,US,2022,EMNLP,112.0,2.0492180226701815,896.0,0,1
2022.emnlp-main.750,US,2022,EMNLP,2496.0,3.397244581010386,896.0,1,1
2022.emnlp-main.753,US,2022,EMNLP,130.5,2.1156105116742996,896.0,0,1
2022.emnlp-main.756,US,2022,EMNLP,112.0,2.0492180226701815,896.0,0,1
2022.emnlp-main.769,US,2022,EMNLP,896.0,2.9523080096621253,896.0,1,2
2022.emnlp-main.770,US,2022,EMNLP,2496.0,3.397244581010386,896.0,1,2
2022.emnlp-main.775,US,2022,EMNLP,119.1,2.0759117614827773,896.0,0,1
2022.emnlp-main.776,US,2022,EMNLP,147.0,2.167317334748176,896.0,0,3
2022.emnlp-main.778,US,2022,EMNLP,119.1,2.0759117614827773,896.0,0,1
2022.emnlp-main.78,US,2022,EMNLP,2688.0,3.429429264381788,896.0,1,2
2022.emnlp-main.79,US,2022,EMNLP,12.15,1.084576277934331,896.0,0,1
2022.emnlp-main.791,US,2022,EMNLP,112.0,2.0492180226701815,896.0,0,2
2022.emnlp-main.795,US,2022,EMNLP,125.0,2.0969100130080562,896.0,0,1
2022.emnlp-main.8,US,2022,EMNLP,94.08,1.9734973087320633,896.0,0,2
2022.emnlp-main.801,US,2022,EMNLP,312.0,2.494154594018443,896.0,0,2
2022.emnlp-main.803,US,2022,EMNLP,112.0,2.0492180226701815,896.0,0,2
2022.emnlp-main.805,US,2022,EMNLP,110.0,2.041392685158225,896.0,0,1
2022.emnlp-main.806,US,2022,EMNLP,250.0,2.3979400086720375,896.0,0,1
2022.emnlp-main.807,US,2022,EMNLP,952.8,2.979001748474721,896.0,1,1
2022.emnlp-main.811,US,2022,EMNLP,312.0,2.494154594018443,896.0,0,2
2022.emnlp-main.815,US,2022,EMNLP,312.0,2.494154594018443,896.0,0,1
2022.emnlp-main.816,US,2022,EMNLP,440.0,2.6434526764861874,896.0,0,1
2022.emnlp-main.819,US,2022,EMNLP,112.0,2.0492180226701815,896.0,0,2
2022.emnlp-main.820,US,2022,EMNLP,112.0,2.0492180226701815,896.0,0,2
2022.emnlp-main.821,US,2022,EMNLP,112.0,2.0492180226701815,896.0,0,4
2022.emnlp-main.823,US,2022,EMNLP,896.0,2.9523080096621253,896.0,1,2
2022.emnlp-main.824,US,2022,EMNLP,6.691,0.8254910298794309,896.0,0,3
2022.emnlp-main.83,US,2022,EMNLP,1197.6,3.078311787334996,896.0,1,1
2022.emnlp-main.85,US,2022,EMNLP,71.0,1.8512583487190752,896.0,0,2
2022.emnlp-main.88,US,2022,EMNLP,11.34,1.0546130545568877,896.0,0,1
2022.emnlp-main.9,US,2022,EMNLP,97.2,1.9876662649262746,896.0,0,1
2022.emnlp-main.95,US,2022,EMNLP,2496.0,3.397244581010386,896.0,1,2
2022.emnlp-main.96,US,2022,EMNLP,448.0,2.651278013998144,896.0,0,1
2022.naacl-main.101,US,2022,NAACL,535.2,2.7285161047597666,896.0,0,1
2022.naacl-main.104,US,2022,NAACL,312.0,2.494154594018443,896.0,0,1
2022.naacl-main.110,US,2022,NAACL,1138.0,3.056142262059052,896.0,1,1
2022.naacl-main.116,US,2022,NAACL,112.0,2.0492180226701815,896.0,0,1
2022.naacl-main.12,US,2022,NAACL,312.0,2.494154594018443,896.0,0,2
2022.naacl-main.125,US,2022,NAACL,112.0,2.0492180226701815,896.0,0,2
2022.naacl-main.138,US,2022,NAACL,1248.0,3.0962145853464054,896.0,1,1
2022.naacl-main.139,US,2022,NAACL,896.0,2.9523080096621253,896.0,1,3
2022.naacl-main.144,US,2022,NAACL,9984.0,3.9993045723383487,896.0,1,1
2022.naacl-main.149,US,2022,NAACL,6.691,0.8254910298794309,896.0,0,2
2022.naacl-main.15,US,2022,NAACL,896.0,2.9523080096621253,896.0,1,1
2022.naacl-main.151,US,2022,NAACL,110.0,2.041392685158225,896.0,0,1
2022.naacl-main.159,US,2022,NAACL,896.0,2.9523080096621253,896.0,1,1
2022.naacl-main.168,US,2022,NAACL,112.0,2.0492180226701815,896.0,0,3
2022.naacl-main.172,US,2022,NAACL,119.1,2.0759117614827773,896.0,0,1
2022.naacl-main.179,US,2022,NAACL,112.0,2.0492180226701815,896.0,0,1
2022.naacl-main.18,US,2022,NAACL,224.0,2.3502480183341627,896.0,0,1
2022.naacl-main.180,US,2022,NAACL,896.0,2.9523080096621253,896.0,1,1
2022.naacl-main.186,US,2022,NAACL,448.0,2.651278013998144,896.0,0,1
2022.naacl-main.190,US,2022,NAACL,222.2,2.346744054604849,896.0,0,1
2022.naacl-main.194,US,2022,NAACL,112.0,2.0492180226701815,896.0,0,2
2022.naacl-main.197,US,2022,NAACL,113.8,2.056142262059052,896.0,0,3
2022.naacl-main.200,US,2022,NAACL,448.0,2.651278013998144,896.0,0,1
2022.naacl-main.204,US,2022,NAACL,107.0,2.0293837776852097,896.0,0,1
2022.naacl-main.207,US,2022,NAACL,440.0,2.6434526764861874,896.0,0,2
2022.naacl-main.223,US,2022,NAACL,112.0,2.0492180226701815,896.0,0,14
2022.naacl-main.234,US,2022,NAACL,71.0,1.8512583487190752,896.0,0,1
2022.naacl-main.238,US,2022,NAACL,896.0,2.9523080096621253,896.0,1,2
2022.naacl-main.25,US,2022,NAACL,22.68,1.355643050220869,896.0,0,1
2022.naacl-main.251,US,2022,NAACL,90.72,1.9577030415488315,896.0,0,1
2022.naacl-main.255,US,2022,NAACL,7168.0,3.8553979966540686,896.0,1,2
2022.naacl-main.263,US,2022,NAACL,71.0,1.8512583487190752,896.0,0,2
2022.naacl-main.266,US,2022,NAACL,312.0,2.494154594018443,896.0,0,1
2022.naacl-main.271,US,2022,NAACL,110.0,2.041392685158225,896.0,0,1
2022.naacl-main.272,US,2022,NAACL,1248.0,3.0962145853464054,896.0,1,1
2022.naacl-main.275,US,2022,NAACL,9.526,0.9789105771755716,896.0,0,2
2022.naacl-main.295,US,2022,NAACL,45.36,1.6566730458848502,896.0,0,2
2022.naacl-main.314,US,2022,NAACL,119.1,2.0759117614827773,896.0,0,1
2022.naacl-main.317,US,2022,NAACL,112.0,2.0492180226701815,896.0,0,2
2022.naacl-main.319,US,2022,NAACL,896.0,2.9523080096621253,896.0,1,1
2022.naacl-main.322,US,2022,NAACL,112.0,2.0492180226701815,896.0,0,1
2022.naacl-main.323,US,2022,NAACL,896.0,2.9523080096621253,896.0,1,1
2022.naacl-main.328,US,2022,NAACL,896.0,2.9523080096621253,896.0,1,1
2022.naacl-main.331,US,2022,NAACL,220.0,2.342422680822206,896.0,0,1
2022.naacl-main.333,US,2022,NAACL,440.0,2.6434526764861874,896.0,0,2
2022.naacl-main.335,US,2022,NAACL,1792.0,3.2533380053261065,896.0,1,1
2022.naacl-main.344,US,2022,NAACL,8.873,0.9480704815189411,896.0,0,1
2022.naacl-main.346,US,2022,NAACL,312.0,2.494154594018443,896.0,0,1
2022.naacl-main.350,US,2022,NAACL,11.34,1.0546130545568877,896.0,0,1
2022.naacl-main.352,US,2022,NAACL,312.0,2.494154594018443,896.0,0,2
2022.naacl-main.380,US,2022,NAACL,319488.0,5.504454550658255,896.0,1,2
2022.naacl-main.387,US,2022,NAACL,112.0,2.0492180226701815,896.0,0,2
2022.naacl-main.399,US,2022,NAACL,896.0,2.9523080096621253,896.0,1,1
2022.naacl-main.408,US,2022,NAACL,476.4,2.67797175281074,896.0,0,1
2022.naacl-main.411,US,2022,NAACL,112.0,2.0492180226701815,896.0,0,1
2022.naacl-main.413,US,2022,NAACL,6.691,0.8254910298794309,896.0,0,2
2022.naacl-main.42,US,2022,NAACL,12.15,1.084576277934331,896.0,0,1
2022.naacl-main.55,US,2022,NAACL,896.0,2.9523080096621253,896.0,1,1
2022.naacl-main.58,US,2022,NAACL,3584.0,3.5543680009900878,896.0,1,2
2022.naacl-main.6,US,2022,NAACL,6.691,0.8254910298794309,896.0,0,1
2022.naacl-main.66,US,2022,NAACL,11.34,1.0546130545568877,896.0,0,1
2022.naacl-main.68,US,2022,NAACL,896.0,2.9523080096621253,896.0,1,1
2022.naacl-main.80,US,2022,NAACL,113.8,2.056142262059052,896.0,0,1
2022.naacl-main.94,US,2022,NAACL,448.0,2.651278013998144,896.0,0,3
2022.naacl-main.97,US,2022,NAACL,896.0,2.9523080096621253,896.0,1,2
2022.acl-long.435,UY,2022,ACL,224.0,2.3502480183341627,896.0,0,7
2022.emnlp-main.271,VN,2022,EMNLP,71.0,1.8512583487190752,896.0,0,3
2022.naacl-main.229,VN,2022,NAACL,9.526,0.9789105771755716,896.0,0,1
2022.emnlp-main.298,ZA,2022,EMNLP,113.8,2.056142262059052,896.0,0,14
2022.naacl-main.223,ZA,2022,NAACL,112.0,2.0492180226701815,896.0,0,14
2023.acl-long.487,AE,2023,ACL,652.5,2.814580516010319,896.0,0,4
2023.acl-long.558,AE,2023,ACL,455.2,2.6582022533870147,896.0,0,3
2023.acl-long.652,AE,2023,ACL,112.0,2.0492180226701815,896.0,0,3
2023.acl-long.653,AE,2023,ACL,2496.0,3.397244581010386,896.0,1,7
2023.acl-long.706,AE,2023,ACL,3584.0,3.5543680009900878,896.0,1,2
2023.acl-long.815,AE,2023,ACL,112.0,2.0492180226701815,896.0,0,2
2023.emnlp-main.1030,AE,2023,EMNLP,125.0,2.0969100130080562,896.0,0,3
2023.emnlp-main.1044,AE,2023,EMNLP,89.2,1.9503648543761232,896.0,0,1
2023.emnlp-main.140,AE,2023,EMNLP,896.0,2.9523080096621253,896.0,1,2
2023.emnlp-main.236,AE,2023,EMNLP,312.0,2.494154594018443,896.0,0,2
2023.emnlp-main.44,AE,2023,EMNLP,624.0,2.795184589682424,896.0,0,3
2023.emnlp-main.507,AE,2023,EMNLP,888.8,2.9488040459328113,896.0,0,2
2023.emnlp-main.619,AE,2023,EMNLP,9984.0,3.9993045723383487,896.0,1,2
2023.emnlp-main.672,AE,2023,EMNLP,896.0,2.9523080096621253,896.0,1,3
2023.acl-long.263,AT,2023,ACL,312.0,2.494154594018443,896.0,0,2
2023.acl-long.796,AT,2023,ACL,112.0,2.0492180226701815,896.0,0,3
2023.acl-long.876,AT,2023,ACL,130.5,2.1156105116742996,896.0,0,2
2023.emnlp-main.1012,AT,2023,EMNLP,149.7,2.1752218003430523,896.0,0,2
2023.emnlp-main.254,AT,2023,EMNLP,112.0,2.0492180226701815,896.0,0,1
2023.emnlp-main.418,AT,2023,EMNLP,2496.0,3.397244581010386,896.0,1,2
2023.emnlp-main.527,AT,2023,EMNLP,48.6,1.6866362692622934,896.0,0,2
2023.acl-long.143,AU,2023,ACL,38.104,1.580970568503534,896.0,0,3
2023.acl-long.193,AU,2023,ACL,896.0,2.9523080096621253,896.0,1,2
2023.acl-long.324,AU,2023,ACL,312.0,2.494154594018443,896.0,0,4
2023.acl-long.377,AU,2023,ACL,312.0,2.494154594018443,896.0,0,1
2023.acl-long.378,AU,2023,ACL,312.0,2.494154594018443,896.0,0,4
2023.acl-long.391,AU,2023,ACL,224.0,2.3502480183341627,896.0,0,3
2023.acl-long.40,AU,2023,ACL,312.0,2.494154594018443,896.0,0,2
2023.acl-long.486,AU,2023,ACL,312.0,2.494154594018443,896.0,0,2
2023.acl-long.579,AU,2023,ACL,312.0,2.494154594018443,896.0,0,2
2023.acl-long.740,AU,2023,ACL,71.0,1.8512583487190752,896.0,0,2
2023.acl-long.743,AU,2023,ACL,312.0,2.494154594018443,896.0,0,3
2023.emnlp-main.1004,AU,2023,EMNLP,261.0,2.416640507338281,896.0,0,2
2023.emnlp-main.191,AU,2023,EMNLP,149.7,2.1752218003430523,896.0,0,1
2023.emnlp-main.265,AU,2023,EMNLP,448.0,2.651278013998144,896.0,0,2
2023.emnlp-main.509,AU,2023,EMNLP,312.0,2.494154594018443,896.0,0,2
2023.emnlp-main.60,AU,2023,EMNLP,112.0,2.0492180226701815,896.0,0,2
2023.emnlp-main.627,AU,2023,EMNLP,2496.0,3.397244581010386,896.0,1,2
2023.emnlp-main.696,AU,2023,EMNLP,312.0,2.494154594018443,896.0,0,2
2023.emnlp-main.907,AU,2023,EMNLP,896.0,2.9523080096621253,896.0,1,3
2023.acl-long.143,BD,2023,ACL,38.104,1.580970568503534,896.0,0,3
2023.acl-long.324,BD,2023,ACL,312.0,2.494154594018443,896.0,0,4
2023.emnlp-main.826,BD,2023,EMNLP,1248.0,3.0962145853464054,896.0,1,2
2023.acl-long.628,BE,2023,ACL,112.0,2.0492180226701815,896.0,0,2
2023.emnlp-main.175,BE,2023,EMNLP,9.526,0.9789105771755716,896.0,0,3
2023.emnlp-main.722,BE,2023,EMNLP,119.1,2.0759117614827773,896.0,0,2
2023.emnlp-main.837,BE,2023,EMNLP,87.0,1.9395192526186185,896.0,0,4
2023.acl-long.487,BG,2023,ACL,652.5,2.814580516010319,896.0,0,4
2023.emnlp-main.302,BG,2023,EMNLP,312.0,2.494154594018443,896.0,0,4
2023.acl-long.184,CA,2023,ACL,448.0,2.651278013998144,896.0,0,1
2023.acl-long.26,CA,2023,ACL,14.9,1.173186268412274,896.0,0,1
2023.acl-long.274,CA,2023,ACL,312.0,2.494154594018443,896.0,0,2
2023.acl-long.310,CA,2023,ACL,130.5,2.1156105116742996,896.0,0,3
2023.acl-long.317,CA,2023,ACL,1792.0,3.2533380053261065,896.0,1,2
2023.acl-long.421,CA,2023,ACL,71.0,1.8512583487190752,896.0,0,2
2023.acl-long.488,CA,2023,ACL,312.0,2.494154594018443,896.0,0,2
2023.acl-long.526,CA,2023,ACL,71.0,1.8512583487190752,896.0,0,2
2023.acl-long.605,CA,2023,ACL,312.0,2.494154594018443,896.0,0,2
2023.acl-long.609,CA,2023,ACL,112.0,2.0492180226701815,896.0,0,15
2023.acl-long.663,CA,2023,ACL,9984.0,3.9993045723383487,896.0,1,2
2023.acl-long.693,CA,2023,ACL,312.0,2.494154594018443,896.0,0,3
2023.acl-long.758,CA,2023,ACL,896.0,2.9523080096621253,896.0,1,2
2023.acl-long.841,CA,2023,ACL,110.0,2.041392685158225,896.0,0,2
2023.acl-long.95,CA,2023,ACL,113.8,2.056142262059052,896.0,0,2
2023.emnlp-main.12,CA,2023,EMNLP,2496.0,3.397244581010386,896.0,1,1
2023.emnlp-main.134,CA,2023,EMNLP,312.0,2.494154594018443,896.0,0,3
2023.emnlp-main.144,CA,2023,EMNLP,110.0,2.041392685158225,896.0,0,2
2023.emnlp-main.265,CA,2023,EMNLP,448.0,2.651278013998144,896.0,0,2
2023.emnlp-main.284,CA,2023,EMNLP,952.8,2.979001748474721,896.0,1,2
2023.emnlp-main.297,CA,2023,EMNLP,1248.0,3.0962145853464054,896.0,1,2
2023.emnlp-main.302,CA,2023,EMNLP,312.0,2.494154594018443,896.0,0,4
2023.emnlp-main.346,CA,2023,EMNLP,448.0,2.651278013998144,896.0,0,2
2023.emnlp-main.357,CA,2023,EMNLP,112.0,2.0492180226701815,896.0,0,3
2023.emnlp-main.395,CA,2023,EMNLP,130.5,2.1156105116742996,896.0,0,4
2023.emnlp-main.404,CA,2023,EMNLP,112.0,2.0492180226701815,896.0,0,1
2023.emnlp-main.433,CA,2023,EMNLP,952.8,2.979001748474721,896.0,1,2
2023.emnlp-main.496,CA,2023,EMNLP,356.8,2.5524248457040857,896.0,0,1
2023.emnlp-main.652,CA,2023,EMNLP,312.0,2.494154594018443,896.0,0,2
2023.emnlp-main.675,CA,2023,EMNLP,312.0,2.494154594018443,896.0,0,1
2023.emnlp-main.686,CA,2023,EMNLP,261.0,2.416640507338281,896.0,0,1
2023.emnlp-main.715,CA,2023,EMNLP,312.0,2.494154594018443,896.0,0,1
2023.emnlp-main.821,CA,2023,EMNLP,1560.0,3.1931245983544616,896.0,1,5
2023.emnlp-main.83,CA,2023,EMNLP,2496.0,3.397244581010386,896.0,1,2
2023.emnlp-main.903,CA,2023,EMNLP,71.0,1.8512583487190752,896.0,0,2
2023.emnlp-main.955,CA,2023,EMNLP,312.0,2.494154594018443,896.0,0,2
2023.acl-long.302,CH,2023,ACL,119.1,2.0759117614827773,896.0,0,2
2023.acl-long.315,CH,2023,ACL,2496.0,3.397244581010386,896.0,1,3
2023.acl-long.32,CH,2023,ACL,624.0,2.795184589682424,896.0,0,1
2023.acl-long.362,CH,2023,ACL,48.6,1.6866362692622934,896.0,0,2
2023.acl-long.412,CH,2023,ACL,107.0,2.0293837776852097,896.0,0,1
2023.acl-long.493,CH,2023,ACL,896.0,2.9523080096621253,896.0,1,2
2023.acl-long.556,CH,2023,ACL,8.126,0.9098768179903928,896.0,0,4
2023.acl-long.567,CH,2023,ACL,312.0,2.494154594018443,896.0,0,1
2023.acl-long.644,CH,2023,ACL,1248.0,3.0962145853464054,896.0,1,1
2023.acl-long.684,CH,2023,ACL,110.0,2.041392685158225,896.0,0,2
2023.acl-long.783,CH,2023,ACL,112.0,2.0492180226701815,896.0,0,2
2023.acl-long.789,CH,2023,ACL,113.8,2.056142262059052,896.0,0,4
2023.emnlp-main.1019,CH,2023,EMNLP,312.0,2.494154594018443,896.0,0,2
2023.emnlp-main.400,CH,2023,EMNLP,312.0,2.494154594018443,896.0,0,2
2023.emnlp-main.403,CH,2023,EMNLP,312.0,2.494154594018443,896.0,0,2
2023.emnlp-main.435,CH,2023,EMNLP,312.0,2.494154594018443,896.0,0,2
2023.emnlp-main.52,CH,2023,EMNLP,312.0,2.494154594018443,896.0,0,1
2023.emnlp-main.566,CH,2023,EMNLP,2496.0,3.397244581010386,896.0,1,2
2023.emnlp-main.809,CH,2023,EMNLP,130.0,2.113943352306837,896.0,0,4
2023.emnlp-main.821,CH,2023,EMNLP,1560.0,3.1931245983544616,896.0,1,5
2023.emnlp-main.835,CH,2023,EMNLP,71.0,1.8512583487190752,896.0,0,1
2023.emnlp-main.96,CH,2023,EMNLP,2496.0,3.397244581010386,896.0,1,1
2023.emnlp-main.960,CH,2023,EMNLP,284.0,2.4533183400470375,896.0,0,2
2023.acl-long.609,CM,2023,ACL,112.0,2.0492180226701815,896.0,0,15
2023.acl-long.1,CN,2023,ACL,112.0,2.0492180226701815,896.0,0,1
2023.acl-long.11,CN,2023,ACL,910.4,2.959232249050996,896.0,1,1
2023.acl-long.118,CN,2023,ACL,2395.2,3.379341782998977,896.0,1,2
2023.acl-long.119,CN,2023,ACL,149.7,2.1752218003430523,896.0,0,1
2023.acl-long.123,CN,2023,ACL,112.0,2.0492180226701815,896.0,0,1
2023.acl-long.124,CN,2023,ACL,149.7,2.1752218003430523,896.0,0,1
2023.acl-long.128,CN,2023,ACL,112.0,2.0492180226701815,896.0,0,2
2023.acl-long.13,CN,2023,ACL,312.0,2.494154594018443,896.0,0,1
2023.acl-long.136,CN,2023,ACL,312.0,2.494154594018443,896.0,0,2
2023.acl-long.139,CN,2023,ACL,113.8,2.056142262059052,896.0,0,1
2023.acl-long.148,CN,2023,ACL,896.0,2.9523080096621253,896.0,1,1
2023.acl-long.155,CN,2023,ACL,71.0,1.8512583487190752,896.0,0,1
2023.acl-long.156,CN,2023,ACL,112.0,2.0492180226701815,896.0,0,1
2023.acl-long.157,CN,2023,ACL,113.8,2.056142262059052,896.0,0,1
2023.acl-long.16,CN,2023,ACL,2496.0,3.397244581010386,896.0,1,1
2023.acl-long.162,CN,2023,ACL,112.0,2.0492180226701815,896.0,0,2
2023.acl-long.165,CN,2023,ACL,896.0,2.9523080096621253,896.0,1,1
2023.acl-long.168,CN,2023,ACL,112.0,2.0492180226701815,896.0,0,1
2023.acl-long.17,CN,2023,ACL,448.0,2.651278013998144,896.0,0,1
2023.acl-long.178,CN,2023,ACL,448.0,2.651278013998144,896.0,0,2
2023.acl-long.18,CN,2023,ACL,448.0,2.651278013998144,896.0,0,1
2023.acl-long.182,CN,2023,ACL,112.0,2.0492180226701815,896.0,0,1
2023.acl-long.183,CN,2023,ACL,2496.0,3.397244581010386,896.0,1,2
2023.acl-long.185,CN,2023,ACL,110.0,2.041392685158225,896.0,0,2
2023.acl-long.19,CN,2023,ACL,71.0,1.8512583487190752,896.0,0,2
2023.acl-long.191,CN,2023,ACL,896.0,2.9523080096621253,896.0,1,2
2023.acl-long.193,CN,2023,ACL,896.0,2.9523080096621253,896.0,1,2
2023.acl-long.195,CN,2023,ACL,896.0,2.9523080096621253,896.0,1,1
2023.acl-long.197,CN,2023,ACL,112.0,2.0492180226701815,896.0,0,2
2023.acl-long.2,CN,2023,ACL,112.0,2.0492180226701815,896.0,0,1
2023.acl-long.207,CN,2023,ACL,19.052,1.2799405728395528,896.0,0,1
2023.acl-long.208,CN,2023,ACL,1280.0,3.1072099696478683,896.0,1,2
2023.acl-long.209,CN,2023,ACL,71.0,1.8512583487190752,896.0,0,1
2023.acl-long.211,CN,2023,ACL,112.0,2.0492180226701815,896.0,0,1
2023.acl-long.212,CN,2023,ACL,896.0,2.9523080096621253,896.0,1,1
2023.acl-long.215,CN,2023,ACL,71.0,1.8512583487190752,896.0,0,1
2023.acl-long.216,CN,2023,ACL,119.1,2.0759117614827773,896.0,0,2
2023.acl-long.218,CN,2023,ACL,284.0,2.4533183400470375,896.0,0,1
2023.acl-long.221,CN,2023,ACL,312.0,2.494154594018443,896.0,0,2
2023.acl-long.224,CN,2023,ACL,2496.0,3.397244581010386,896.0,1,1
2023.acl-long.226,CN,2023,ACL,71.0,1.8512583487190752,896.0,0,1
2023.acl-long.24,CN,2023,ACL,149.7,2.1752218003430523,896.0,0,2
2023.acl-long.240,CN,2023,ACL,71.0,1.8512583487190752,896.0,0,1
2023.acl-long.241,CN,2023,ACL,165.0,2.2174839442139063,896.0,0,2
2023.acl-long.243,CN,2023,ACL,896.0,2.9523080096621253,896.0,1,2
2023.acl-long.245,CN,2023,ACL,2496.0,3.397244581010386,896.0,1,3
2023.acl-long.248,CN,2023,ACL,1248.0,3.0962145853464054,896.0,1,1
2023.acl-long.249,CN,2023,ACL,2496.0,3.397244581010386,896.0,1,1
2023.acl-long.250,CN,2023,ACL,112.0,2.0492180226701815,896.0,0,1
2023.acl-long.251,CN,2023,ACL,448.0,2.651278013998144,896.0,0,1
2023.acl-long.255,CN,2023,ACL,71.0,1.8512583487190752,896.0,0,1
2023.acl-long.256,CN,2023,ACL,2496.0,3.397244581010386,896.0,1,1
2023.acl-long.257,CN,2023,ACL,476.4,2.67797175281074,896.0,0,1
2023.acl-long.258,CN,2023,ACL,2496.0,3.397244581010386,896.0,1,1
2023.acl-long.259,CN,2023,ACL,448.0,2.651278013998144,896.0,0,1
2023.acl-long.264,CN,2023,ACL,112.0,2.0492180226701815,896.0,0,3
2023.acl-long.267,CN,2023,ACL,7168.0,3.8553979966540686,896.0,1,2
2023.acl-long.272,CN,2023,ACL,112.0,2.0492180226701815,896.0,0,1
2023.acl-long.273,CN,2023,ACL,71.0,1.8512583487190752,896.0,0,1
2023.acl-long.274,CN,2023,ACL,312.0,2.494154594018443,896.0,0,2
2023.acl-long.275,CN,2023,ACL,896.0,2.9523080096621253,896.0,1,2
2023.acl-long.278,CN,2023,ACL,71.0,1.8512583487190752,896.0,0,1
2023.acl-long.280,CN,2023,ACL,455.2,2.6582022533870147,896.0,0,1
2023.acl-long.281,CN,2023,ACL,71.0,1.8512583487190752,896.0,0,1
2023.acl-long.283,CN,2023,ACL,2496.0,3.397244581010386,896.0,1,2
2023.acl-long.288,CN,2023,ACL,2496.0,3.397244581010386,896.0,1,2
2023.acl-long.299,CN,2023,ACL,112.0,2.0492180226701815,896.0,0,1
2023.acl-long.315,CN,2023,ACL,2496.0,3.397244581010386,896.0,1,3
2023.acl-long.324,CN,2023,ACL,312.0,2.494154594018443,896.0,0,4
2023.acl-long.325,CN,2023,ACL,71.0,1.8512583487190752,896.0,0,1
2023.acl-long.327,CN,2023,ACL,568.0,2.754348335711019,896.0,0,1
2023.acl-long.328,CN,2023,ACL,71.0,1.8512583487190752,896.0,0,1
2023.acl-long.329,CN,2023,ACL,312.0,2.494154594018443,896.0,0,2
2023.acl-long.330,CN,2023,ACL,112.0,2.0492180226701815,896.0,0,2
2023.acl-long.334,CN,2023,ACL,112.0,2.0492180226701815,896.0,0,2
2023.acl-long.336,CN,2023,ACL,9984.0,3.9993045723383487,896.0,1,1
2023.acl-long.351,CN,2023,ACL,2496.0,3.397244581010386,896.0,1,1
2023.acl-long.356,CN,2023,ACL,71.0,1.8512583487190752,896.0,0,1
2023.acl-long.357,CN,2023,ACL,71.0,1.8512583487190752,896.0,0,1
2023.acl-long.360,CN,2023,ACL,2496.0,3.397244581010386,896.0,1,1
2023.acl-long.363,CN,2023,ACL,71.0,1.8512583487190752,896.0,0,1
2023.acl-long.364,CN,2023,ACL,896.0,2.9523080096621253,896.0,1,1
2023.acl-long.365,CN,2023,ACL,224.0,2.3502480183341627,896.0,0,1
2023.acl-long.366,CN,2023,ACL,896.0,2.9523080096621253,896.0,1,2
2023.acl-long.369,CN,2023,ACL,71.0,1.8512583487190752,896.0,0,1
2023.acl-long.374,CN,2023,ACL,71.0,1.8512583487190752,896.0,0,1
2023.acl-long.376,CN,2023,ACL,896.0,2.9523080096621253,896.0,1,1
2023.acl-long.378,CN,2023,ACL,312.0,2.494154594018443,896.0,0,4
2023.acl-long.380,CN,2023,ACL,71.0,1.8512583487190752,896.0,0,2
2023.acl-long.383,CN,2023,ACL,1248.0,3.0962145853464054,896.0,1,2
2023.acl-long.388,CN,2023,ACL,19968.0,4.30033456800233,896.0,1,1
2023.acl-long.391,CN,2023,ACL,224.0,2.3502480183341627,896.0,0,3
2023.acl-long.392,CN,2023,ACL,89.2,1.9503648543761232,896.0,0,2
2023.acl-long.395,CN,2023,ACL,1777.6,3.2498340415967926,896.0,1,3
2023.acl-long.399,CN,2023,ACL,1248.0,3.0962145853464054,896.0,1,2
2023.acl-long.40,CN,2023,ACL,312.0,2.494154594018443,896.0,0,2
2023.acl-long.403,CN,2023,ACL,112.0,2.0492180226701815,896.0,0,2
2023.acl-long.405,CN,2023,ACL,2496.0,3.397244581010386,896.0,1,2
2023.acl-long.407,CN,2023,ACL,299.4,2.4762517960070336,896.0,0,1
2023.acl-long.408,CN,2023,ACL,312.0,2.494154594018443,896.0,0,1
2023.acl-long.421,CN,2023,ACL,71.0,1.8512583487190752,896.0,0,2
2023.acl-long.423,CN,2023,ACL,112.0,2.0492180226701815,896.0,0,3
2023.acl-long.424,CN,2023,ACL,448.0,2.651278013998144,896.0,0,2
2023.acl-long.434,CN,2023,ACL,9.526,0.9789105771755716,896.0,0,1
2023.acl-long.436,CN,2023,ACL,284.0,2.4533183400470375,896.0,0,1
2023.acl-long.438,CN,2023,ACL,2496.0,3.397244581010386,896.0,1,1
2023.acl-long.439,CN,2023,ACL,71.0,1.8512583487190752,896.0,0,1
2023.acl-long.443,CN,2023,ACL,312.0,2.494154594018443,896.0,0,1
2023.acl-long.445,CN,2023,ACL,224.0,2.3502480183341627,896.0,0,2
2023.acl-long.448,CN,2023,ACL,284.0,2.4533183400470375,896.0,0,1
2023.acl-long.45,CN,2023,ACL,448.0,2.651278013998144,896.0,0,2
2023.acl-long.450,CN,2023,ACL,11.34,1.0546130545568877,896.0,0,1
2023.acl-long.451,CN,2023,ACL,71.0,1.8512583487190752,896.0,0,1
2023.acl-long.453,CN,2023,ACL,312.0,2.494154594018443,896.0,0,1
2023.acl-long.455,CN,2023,ACL,312.0,2.494154594018443,896.0,0,1
2023.acl-long.457,CN,2023,ACL,9.526,0.9789105771755716,896.0,0,1
2023.acl-long.462,CN,2023,ACL,149.7,2.1752218003430523,896.0,0,1
2023.acl-long.464,CN,2023,ACL,1248.0,3.0962145853464054,896.0,1,1
2023.acl-long.465,CN,2023,ACL,112.0,2.0492180226701815,896.0,0,1
2023.acl-long.471,CN,2023,ACL,113.8,2.056142262059052,896.0,0,2
2023.acl-long.475,CN,2023,ACL,213.0,2.3283796034387376,896.0,0,1
2023.acl-long.476,CN,2023,ACL,71.0,1.8512583487190752,896.0,0,1
2023.acl-long.479,CN,2023,ACL,672.0,2.8273692730538253,896.0,0,1
2023.acl-long.484,CN,2023,ACL,112.0,2.0492180226701815,896.0,0,1
2023.acl-long.486,CN,2023,ACL,312.0,2.494154594018443,896.0,0,2
2023.acl-long.488,CN,2023,ACL,312.0,2.494154594018443,896.0,0,2
2023.acl-long.496,CN,2023,ACL,448.0,2.651278013998144,896.0,0,3
2023.acl-long.500,CN,2023,ACL,71.0,1.8512583487190752,896.0,0,1
2023.acl-long.509,CN,2023,ACL,71.0,1.8512583487190752,896.0,0,1
2023.acl-long.514,CN,2023,ACL,22.68,1.355643050220869,896.0,0,1
2023.acl-long.515,CN,2023,ACL,71.0,1.8512583487190752,896.0,0,1
2023.acl-long.518,CN,2023,ACL,640.0,2.806179973983887,896.0,0,1
2023.acl-long.519,CN,2023,ACL,312.0,2.494154594018443,896.0,0,2
2023.acl-long.522,CN,2023,ACL,39936.0,4.601364563666311,896.0,1,1
2023.acl-long.525,CN,2023,ACL,113.8,2.056142262059052,896.0,0,1
2023.acl-long.526,CN,2023,ACL,71.0,1.8512583487190752,896.0,0,2
2023.acl-long.527,CN,2023,ACL,2496.0,3.397244581010386,896.0,1,2
2023.acl-long.532,CN,2023,ACL,10.61,1.0257153839013406,896.0,0,1
2023.acl-long.533,CN,2023,ACL,2496.0,3.397244581010386,896.0,1,1
2023.acl-long.534,CN,2023,ACL,71.0,1.8512583487190752,896.0,0,1
2023.acl-long.536,CN,2023,ACL,149.7,2.1752218003430523,896.0,0,2
2023.acl-long.538,CN,2023,ACL,71.0,1.8512583487190752,896.0,0,1
2023.acl-long.539,CN,2023,ACL,312.0,2.494154594018443,896.0,0,1
2023.acl-long.540,CN,2023,ACL,112.0,2.0492180226701815,896.0,0,2
2023.acl-long.542,CN,2023,ACL,476.4,2.67797175281074,896.0,0,2
2023.acl-long.553,CN,2023,ACL,448.0,2.651278013998144,896.0,0,1
2023.acl-long.56,CN,2023,ACL,142.0,2.1522883443830563,896.0,0,2
2023.acl-long.564,CN,2023,ACL,11.76,1.0704073217401198,896.0,0,1
2023.acl-long.57,CN,2023,ACL,330.0,2.5185139398778875,896.0,0,1
2023.acl-long.570,CN,2023,ACL,896.0,2.9523080096621253,896.0,1,1
2023.acl-long.572,CN,2023,ACL,320.0,2.505149978319906,896.0,0,1
2023.acl-long.573,CN,2023,ACL,113.8,2.056142262059052,896.0,0,2
2023.acl-long.575,CN,2023,ACL,71.0,1.8512583487190752,896.0,0,2
2023.acl-long.577,CN,2023,ACL,1248.0,3.0962145853464054,896.0,1,1
2023.acl-long.578,CN,2023,ACL,11.34,1.0546130545568877,896.0,0,1
2023.acl-long.579,CN,2023,ACL,312.0,2.494154594018443,896.0,0,2
2023.acl-long.584,CN,2023,ACL,71.0,1.8512583487190752,896.0,0,2
2023.acl-long.585,CN,2023,ACL,71.0,1.8512583487190752,896.0,0,1
2023.acl-long.593,CN,2023,ACL,1248.0,3.0962145853464054,896.0,1,1
2023.acl-long.594,CN,2023,ACL,112.0,2.0492180226701815,896.0,0,1
2023.acl-long.595,CN,2023,ACL,71.0,1.8512583487190752,896.0,0,1
2023.acl-long.599,CN,2023,ACL,448.0,2.651278013998144,896.0,0,2
2023.acl-long.600,CN,2023,ACL,2496.0,3.397244581010386,896.0,1,1
2023.acl-long.601,CN,2023,ACL,624.0,2.795184589682424,896.0,0,1
2023.acl-long.603,CN,2023,ACL,11.76,1.0704073217401198,896.0,0,3
2023.acl-long.604,CN,2023,ACL,107.0,2.0293837776852097,896.0,0,2
2023.acl-long.605,CN,2023,ACL,312.0,2.494154594018443,896.0,0,2
2023.acl-long.606,CN,2023,ACL,112.0,2.0492180226701815,896.0,0,1
2023.acl-long.607,CN,2023,ACL,149.7,2.1752218003430523,896.0,0,1
2023.acl-long.608,CN,2023,ACL,112.0,2.0492180226701815,896.0,0,2
2023.acl-long.611,CN,2023,ACL,227.6,2.3571722577230334,896.0,0,1
2023.acl-long.612,CN,2023,ACL,71.0,1.8512583487190752,896.0,0,1
2023.acl-long.614,CN,2023,ACL,3744.0,3.5733358400660675,896.0,1,1
2023.acl-long.615,CN,2023,ACL,952.8,2.979001748474721,896.0,1,2
2023.acl-long.618,CN,2023,ACL,2496.0,3.397244581010386,896.0,1,2
2023.acl-long.62,CN,2023,ACL,71.0,1.8512583487190752,896.0,0,1
2023.acl-long.623,CN,2023,ACL,71.0,1.8512583487190752,896.0,0,1
2023.acl-long.625,CN,2023,ACL,312.0,2.494154594018443,896.0,0,1
2023.acl-long.627,CN,2023,ACL,71.0,1.8512583487190752,896.0,0,1
2023.acl-long.636,CN,2023,ACL,213.0,2.3283796034387376,896.0,0,2
2023.acl-long.637,CN,2023,ACL,71.0,1.8512583487190752,896.0,0,2
2023.acl-long.639,CN,2023,ACL,896.0,2.9523080096621253,896.0,1,2
2023.acl-long.640,CN,2023,ACL,71.0,1.8512583487190752,896.0,0,1
2023.acl-long.65,CN,2023,ACL,119.1,2.0759117614827773,896.0,0,1
2023.acl-long.651,CN,2023,ACL,113.8,2.056142262059052,896.0,0,1
2023.acl-long.653,CN,2023,ACL,2496.0,3.397244581010386,896.0,1,7
2023.acl-long.656,CN,2023,ACL,2395.2,3.379341782998977,896.0,1,2
2023.acl-long.666,CN,2023,ACL,71.0,1.8512583487190752,896.0,0,1
2023.acl-long.670,CN,2023,ACL,500.0,2.6989700043360187,896.0,0,1
2023.acl-long.677,CN,2023,ACL,142.0,2.1522883443830563,896.0,0,1
2023.acl-long.679,CN,2023,ACL,112.0,2.0492180226701815,896.0,0,2
2023.acl-long.680,CN,2023,ACL,71.0,1.8512583487190752,896.0,0,1
2023.acl-long.683,CN,2023,ACL,112.0,2.0492180226701815,896.0,0,2
2023.acl-long.684,CN,2023,ACL,110.0,2.041392685158225,896.0,0,2
2023.acl-long.686,CN,2023,ACL,112.0,2.0492180226701815,896.0,0,2
2023.acl-long.696,CN,2023,ACL,112.0,2.0492180226701815,896.0,0,1
2023.acl-long.698,CN,2023,ACL,71.0,1.8512583487190752,896.0,0,1
2023.acl-long.70,CN,2023,ACL,896.0,2.9523080096621253,896.0,1,2
2023.acl-long.701,CN,2023,ACL,312.0,2.494154594018443,896.0,0,1
2023.acl-long.702,CN,2023,ACL,71.0,1.8512583487190752,896.0,0,1
2023.acl-long.704,CN,2023,ACL,312.0,2.494154594018443,896.0,0,1
2023.acl-long.705,CN,2023,ACL,112.0,2.0492180226701815,896.0,0,1
2023.acl-long.706,CN,2023,ACL,3584.0,3.5543680009900878,896.0,1,2
2023.acl-long.709,CN,2023,ACL,112.0,2.0492180226701815,896.0,0,1
2023.acl-long.71,CN,2023,ACL,112.0,2.0492180226701815,896.0,0,2
2023.acl-long.715,CN,2023,ACL,71.0,1.8512583487190752,896.0,0,1
2023.acl-long.718,CN,2023,ACL,4992.0,3.6982745766743674,896.0,1,2
2023.acl-long.719,CN,2023,ACL,227.6,2.3571722577230334,896.0,0,2
2023.acl-long.720,CN,2023,ACL,522.0,2.717670503002262,896.0,0,2
2023.acl-long.722,CN,2023,ACL,2496.0,3.397244581010386,896.0,1,1
2023.acl-long.723,CN,2023,ACL,119.1,2.0759117614827773,896.0,0,2
2023.acl-long.727,CN,2023,ACL,71.0,1.8512583487190752,896.0,0,1
2023.acl-long.728,CN,2023,ACL,896.0,2.9523080096621253,896.0,1,2
2023.acl-long.732,CN,2023,ACL,147.0,2.167317334748176,896.0,0,1
2023.acl-long.733,CN,2023,ACL,476.4,2.67797175281074,896.0,0,1
2023.acl-long.738,CN,2023,ACL,160.0,2.2041199826559246,896.0,0,1
2023.acl-long.740,CN,2023,ACL,71.0,1.8512583487190752,896.0,0,2
2023.acl-long.741,CN,2023,ACL,312.0,2.494154594018443,896.0,0,1
2023.acl-long.744,CN,2023,ACL,312.0,2.494154594018443,896.0,0,1
2023.acl-long.747,CN,2023,ACL,222.2,2.346744054604849,896.0,0,2
2023.acl-long.748,CN,2023,ACL,32768.0,4.515449934959718,896.0,1,1
2023.acl-long.749,CN,2023,ACL,2496.0,3.397244581010386,896.0,1,1
2023.acl-long.751,CN,2023,ACL,1044.0,3.0187004986662433,896.0,1,1
2023.acl-long.755,CN,2023,ACL,213.0,2.3283796034387376,896.0,0,2
2023.acl-long.760,CN,2023,ACL,142.0,2.1522883443830563,896.0,0,1
2023.acl-long.764,CN,2023,ACL,312.0,2.494154594018443,896.0,0,1
2023.acl-long.766,CN,2023,ACL,312.0,2.494154594018443,896.0,0,1
2023.acl-long.769,CN,2023,ACL,71.0,1.8512583487190752,896.0,0,1
2023.acl-long.771,CN,2023,ACL,312.0,2.494154594018443,896.0,0,3
2023.acl-long.772,CN,2023,ACL,224.0,2.3502480183341627,896.0,0,2
2023.acl-long.775,CN,2023,ACL,71.0,1.8512583487190752,896.0,0,3
2023.acl-long.779,CN,2023,ACL,11.34,1.0546130545568877,896.0,0,1
2023.acl-long.785,CN,2023,ACL,2496.0,3.397244581010386,896.0,1,1
2023.acl-long.788,CN,2023,ACL,448.0,2.651278013998144,896.0,0,1
2023.acl-long.790,CN,2023,ACL,11.34,1.0546130545568877,896.0,0,1
2023.acl-long.793,CN,2023,ACL,112.0,2.0492180226701815,896.0,0,1
2023.acl-long.798,CN,2023,ACL,448.0,2.651278013998144,896.0,0,1
2023.acl-long.800,CN,2023,ACL,112.0,2.0492180226701815,896.0,0,1
2023.acl-long.802,CN,2023,ACL,312.0,2.494154594018443,896.0,0,3
2023.acl-long.81,CN,2023,ACL,11.34,1.0546130545568877,896.0,0,1
2023.acl-long.811,CN,2023,ACL,14.9,1.173186268412274,896.0,0,2
2023.acl-long.816,CN,2023,ACL,1792.0,3.2533380053261065,896.0,1,2
2023.acl-long.819,CN,2023,ACL,896.0,2.9523080096621253,896.0,1,1
2023.acl-long.821,CN,2023,ACL,112.0,2.0492180226701815,896.0,0,2
2023.acl-long.823,CN,2023,ACL,312.0,2.494154594018443,896.0,0,2
2023.acl-long.826,CN,2023,ACL,312.0,2.494154594018443,896.0,0,2
2023.acl-long.827,CN,2023,ACL,89.2,1.9503648543761232,896.0,0,1
2023.acl-long.833,CN,2023,ACL,71.0,1.8512583487190752,896.0,0,1
2023.acl-long.836,CN,2023,ACL,107.0,2.0293837776852097,896.0,0,1
2023.acl-long.840,CN,2023,ACL,312.0,2.494154594018443,896.0,0,1
2023.acl-long.843,CN,2023,ACL,896.0,2.9523080096621253,896.0,1,1
2023.acl-long.848,CN,2023,ACL,448.0,2.651278013998144,896.0,0,3
2023.acl-long.849,CN,2023,ACL,71.0,1.8512583487190752,896.0,0,1
2023.acl-long.852,CN,2023,ACL,624.0,2.795184589682424,896.0,0,1
2023.acl-long.857,CN,2023,ACL,2496.0,3.397244581010386,896.0,1,1
2023.acl-long.858,CN,2023,ACL,112.0,2.0492180226701815,896.0,0,1
2023.acl-long.86,CN,2023,ACL,522.0,2.717670503002262,896.0,0,2
2023.acl-long.860,CN,2023,ACL,312.0,2.494154594018443,896.0,0,1
2023.acl-long.861,CN,2023,ACL,160.0,2.2041199826559246,896.0,0,1
2023.acl-long.862,CN,2023,ACL,112.0,2.0492180226701815,896.0,0,1
2023.acl-long.868,CN,2023,ACL,110.0,2.041392685158225,896.0,0,1
2023.acl-long.873,CN,2023,ACL,312.0,2.494154594018443,896.0,0,2
2023.acl-long.875,CN,2023,ACL,2496.0,3.397244581010386,896.0,1,1
2023.acl-long.879,CN,2023,ACL,224.0,2.3502480183341627,896.0,0,3
2023.acl-long.884,CN,2023,ACL,284.0,2.4533183400470375,896.0,0,1
2023.acl-long.888,CN,2023,ACL,312.0,2.494154594018443,896.0,0,1
2023.acl-long.889,CN,2023,ACL,119.1,2.0759117614827773,896.0,0,2
2023.acl-long.892,CN,2023,ACL,113.8,2.056142262059052,896.0,0,1
2023.acl-long.898,CN,2023,ACL,71.0,1.8512583487190752,896.0,0,1
2023.acl-long.92,CN,2023,ACL,71.0,1.8512583487190752,896.0,0,1
2023.acl-long.95,CN,2023,ACL,113.8,2.056142262059052,896.0,0,2
2023.acl-long.96,CN,2023,ACL,112.0,2.0492180226701815,896.0,0,1
2023.acl-long.97,CN,2023,ACL,2496.0,3.397244581010386,896.0,1,1
2023.emnlp-main.1005,CN,2023,EMNLP,2496.0,3.397244581010386,896.0,1,2
2023.emnlp-main.1018,CN,2023,EMNLP,119.1,2.0759117614827773,896.0,0,2
2023.emnlp-main.1021,CN,2023,EMNLP,896.0,2.9523080096621253,896.0,1,1
2023.emnlp-main.1030,CN,2023,EMNLP,125.0,2.0969100130080562,896.0,0,3
2023.emnlp-main.1033,CN,2023,EMNLP,896.0,2.9523080096621253,896.0,1,1
2023.emnlp-main.1034,CN,2023,EMNLP,71.0,1.8512583487190752,896.0,0,1
2023.emnlp-main.1039,CN,2023,EMNLP,284.0,2.4533183400470375,896.0,0,1
2023.emnlp-main.1043,CN,2023,EMNLP,896.0,2.9523080096621253,896.0,1,1
2023.emnlp-main.1046,CN,2023,EMNLP,312.0,2.494154594018443,896.0,0,2
2023.emnlp-main.108,CN,2023,EMNLP,71.0,1.8512583487190752,896.0,0,1
2023.emnlp-main.118,CN,2023,EMNLP,1792.0,3.2533380053261065,896.0,1,1
2023.emnlp-main.120,CN,2023,EMNLP,896.0,2.9523080096621253,896.0,1,2
2023.emnlp-main.129,CN,2023,EMNLP,71.0,1.8512583487190752,896.0,0,1
2023.emnlp-main.138,CN,2023,EMNLP,89.2,1.9503648543761232,896.0,0,1
2023.emnlp-main.141,CN,2023,EMNLP,896.0,2.9523080096621253,896.0,1,1
2023.emnlp-main.143,CN,2023,EMNLP,624.0,2.795184589682424,896.0,0,1
2023.emnlp-main.145,CN,2023,EMNLP,71.0,1.8512583487190752,896.0,0,1
2023.emnlp-main.168,CN,2023,EMNLP,1248.0,3.0962145853464054,896.0,1,2
2023.emnlp-main.174,CN,2023,EMNLP,119.1,2.0759117614827773,896.0,0,1
2023.emnlp-main.177,CN,2023,EMNLP,71.0,1.8512583487190752,896.0,0,1
2023.emnlp-main.178,CN,2023,EMNLP,312.0,2.494154594018443,896.0,0,1
2023.emnlp-main.181,CN,2023,EMNLP,2496.0,3.397244581010386,896.0,1,2
2023.emnlp-main.183,CN,2023,EMNLP,39936.0,4.601364563666311,896.0,1,1
2023.emnlp-main.185,CN,2023,EMNLP,9984.0,3.9993045723383487,896.0,1,2
2023.emnlp-main.187,CN,2023,EMNLP,312.0,2.494154594018443,896.0,0,1
2023.emnlp-main.189,CN,2023,EMNLP,2496.0,3.397244581010386,896.0,1,1
2023.emnlp-main.199,CN,2023,EMNLP,119.1,2.0759117614827773,896.0,0,2
2023.emnlp-main.200,CN,2023,EMNLP,149.7,2.1752218003430523,896.0,0,1
2023.emnlp-main.207,CN,2023,EMNLP,119.1,2.0759117614827773,896.0,0,1
2023.emnlp-main.208,CN,2023,EMNLP,112.0,2.0492180226701815,896.0,0,2
2023.emnlp-main.21,CN,2023,EMNLP,119.1,2.0759117614827773,896.0,0,1
2023.emnlp-main.214,CN,2023,EMNLP,142.0,2.1522883443830563,896.0,0,2
2023.emnlp-main.217,CN,2023,EMNLP,2496.0,3.397244581010386,896.0,1,1
2023.emnlp-main.22,CN,2023,EMNLP,312.0,2.494154594018443,896.0,0,1
2023.emnlp-main.223,CN,2023,EMNLP,2496.0,3.397244581010386,896.0,1,1
2023.emnlp-main.244,CN,2023,EMNLP,112.0,2.0492180226701815,896.0,0,3
2023.emnlp-main.245,CN,2023,EMNLP,312.0,2.494154594018443,896.0,0,2
2023.emnlp-main.247,CN,2023,EMNLP,71.0,1.8512583487190752,896.0,0,1
2023.emnlp-main.25,CN,2023,EMNLP,71.0,1.8512583487190752,896.0,0,2
2023.emnlp-main.250,CN,2023,EMNLP,130.5,2.1156105116742996,896.0,0,1
2023.emnlp-main.252,CN,2023,EMNLP,71.0,1.8512583487190752,896.0,0,2
2023.emnlp-main.259,CN,2023,EMNLP,71.0,1.8512583487190752,896.0,0,2
2023.emnlp-main.264,CN,2023,EMNLP,112.0,2.0492180226701815,896.0,0,1
2023.emnlp-main.269,CN,2023,EMNLP,71.0,1.8512583487190752,896.0,0,1
2023.emnlp-main.271,CN,2023,EMNLP,312.0,2.494154594018443,896.0,0,1
2023.emnlp-main.28,CN,2023,EMNLP,149.7,2.1752218003430523,896.0,0,1
2023.emnlp-main.281,CN,2023,EMNLP,112.0,2.0492180226701815,896.0,0,1
2023.emnlp-main.285,CN,2023,EMNLP,222.2,2.346744054604849,896.0,0,2
2023.emnlp-main.29,CN,2023,EMNLP,119.1,2.0759117614827773,896.0,0,1
2023.emnlp-main.296,CN,2023,EMNLP,149.7,2.1752218003430523,896.0,0,1
2023.emnlp-main.303,CN,2023,EMNLP,896.0,2.9523080096621253,896.0,1,1
2023.emnlp-main.316,CN,2023,EMNLP,112.0,2.0492180226701815,896.0,0,1
2023.emnlp-main.341,CN,2023,EMNLP,112.0,2.0492180226701815,896.0,0,1
2023.emnlp-main.347,CN,2023,EMNLP,112.0,2.0492180226701815,896.0,0,1
2023.emnlp-main.355,CN,2023,EMNLP,896.0,2.9523080096621253,896.0,1,1
2023.emnlp-main.359,CN,2023,EMNLP,112.0,2.0492180226701815,896.0,0,1
2023.emnlp-main.366,CN,2023,EMNLP,149.7,2.1752218003430523,896.0,0,2
2023.emnlp-main.370,CN,2023,EMNLP,312.0,2.494154594018443,896.0,0,4
2023.emnlp-main.374,CN,2023,EMNLP,2496.0,3.397244581010386,896.0,1,2
2023.emnlp-main.375,CN,2023,EMNLP,896.0,2.9523080096621253,896.0,1,2
2023.emnlp-main.381,CN,2023,EMNLP,71.0,1.8512583487190752,896.0,0,1
2023.emnlp-main.385,CN,2023,EMNLP,2496.0,3.397244581010386,896.0,1,2
2023.emnlp-main.386,CN,2023,EMNLP,113.8,2.056142262059052,896.0,0,1
2023.emnlp-main.387,CN,2023,EMNLP,160.0,2.2041199826559246,896.0,0,1
2023.emnlp-main.402,CN,2023,EMNLP,312.0,2.494154594018443,896.0,0,2
2023.emnlp-main.405,CN,2023,EMNLP,71.0,1.8512583487190752,896.0,0,2
2023.emnlp-main.408,CN,2023,EMNLP,312.0,2.494154594018443,896.0,0,1
2023.emnlp-main.409,CN,2023,EMNLP,312.0,2.494154594018443,896.0,0,1
2023.emnlp-main.413,CN,2023,EMNLP,136.4,2.13481437032046,896.0,0,1
2023.emnlp-main.420,CN,2023,EMNLP,112.0,2.0492180226701815,896.0,0,1
2023.emnlp-main.429,CN,2023,EMNLP,312.0,2.494154594018443,896.0,0,2
2023.emnlp-main.432,CN,2023,EMNLP,112.0,2.0492180226701815,896.0,0,1
2023.emnlp-main.437,CN,2023,EMNLP,312.0,2.494154594018443,896.0,0,1
2023.emnlp-main.440,CN,2023,EMNLP,71.0,1.8512583487190752,896.0,0,2
2023.emnlp-main.441,CN,2023,EMNLP,896.0,2.9523080096621253,896.0,1,1
2023.emnlp-main.443,CN,2023,EMNLP,1248.0,3.0962145853464054,896.0,1,1
2023.emnlp-main.45,CN,2023,EMNLP,119.1,2.0759117614827773,896.0,0,1
2023.emnlp-main.465,CN,2023,EMNLP,38.104,1.580970568503534,896.0,0,2
2023.emnlp-main.476,CN,2023,EMNLP,312.0,2.494154594018443,896.0,0,1
2023.emnlp-main.479,CN,2023,EMNLP,261.0,2.416640507338281,896.0,0,1
2023.emnlp-main.480,CN,2023,EMNLP,71.0,1.8512583487190752,896.0,0,1
2023.emnlp-main.484,CN,2023,EMNLP,896.0,2.9523080096621253,896.0,1,1
2023.emnlp-main.49,CN,2023,EMNLP,71.0,1.8512583487190752,896.0,0,2
2023.emnlp-main.490,CN,2023,EMNLP,142.0,2.1522883443830563,896.0,0,1
2023.emnlp-main.492,CN,2023,EMNLP,224.0,2.3502480183341627,896.0,0,1
2023.emnlp-main.498,CN,2023,EMNLP,624.0,2.795184589682424,896.0,0,2
2023.emnlp-main.499,CN,2023,EMNLP,71.0,1.8512583487190752,896.0,0,2
2023.emnlp-main.501,CN,2023,EMNLP,2496.0,3.397244581010386,896.0,1,1
2023.emnlp-main.503,CN,2023,EMNLP,71.0,1.8512583487190752,896.0,0,1
2023.emnlp-main.509,CN,2023,EMNLP,312.0,2.494154594018443,896.0,0,2
2023.emnlp-main.514,CN,2023,EMNLP,71.0,1.8512583487190752,896.0,0,1
2023.emnlp-main.532,CN,2023,EMNLP,9984.0,3.9993045723383487,896.0,1,1
2023.emnlp-main.537,CN,2023,EMNLP,448.0,2.651278013998144,896.0,0,1
2023.emnlp-main.548,CN,2023,EMNLP,112.0,2.0492180226701815,896.0,0,1
2023.emnlp-main.553,CN,2023,EMNLP,149.7,2.1752218003430523,896.0,0,1
2023.emnlp-main.554,CN,2023,EMNLP,113.8,2.056142262059052,896.0,0,1
2023.emnlp-main.561,CN,2023,EMNLP,71.0,1.8512583487190752,896.0,0,1
2023.emnlp-main.564,CN,2023,EMNLP,71.0,1.8512583487190752,896.0,0,1
2023.emnlp-main.565,CN,2023,EMNLP,2496.0,3.397244581010386,896.0,1,1
2023.emnlp-main.567,CN,2023,EMNLP,1792.0,3.2533380053261065,896.0,1,2
2023.emnlp-main.570,CN,2023,EMNLP,2496.0,3.397244581010386,896.0,1,1
2023.emnlp-main.578,CN,2023,EMNLP,312.0,2.494154594018443,896.0,0,2
2023.emnlp-main.58,CN,2023,EMNLP,896.0,2.9523080096621253,896.0,1,2
2023.emnlp-main.587,CN,2023,EMNLP,2496.0,3.397244581010386,896.0,1,1
2023.emnlp-main.59,CN,2023,EMNLP,2395.2,3.379341782998977,896.0,1,2
2023.emnlp-main.597,CN,2023,EMNLP,119.1,2.0759117614827773,896.0,0,1
2023.emnlp-main.610,CN,2023,EMNLP,312.0,2.494154594018443,896.0,0,3
2023.emnlp-main.611,CN,2023,EMNLP,312.0,2.494154594018443,896.0,0,1
2023.emnlp-main.612,CN,2023,EMNLP,3584.0,3.5543680009900878,896.0,1,1
2023.emnlp-main.627,CN,2023,EMNLP,2496.0,3.397244581010386,896.0,1,2
2023.emnlp-main.631,CN,2023,EMNLP,160.0,2.2041199826559246,896.0,0,1
2023.emnlp-main.632,CN,2023,EMNLP,336.0,2.526339277389844,896.0,0,2
2023.emnlp-main.633,CN,2023,EMNLP,71.0,1.8512583487190752,896.0,0,1
2023.emnlp-main.651,CN,2023,EMNLP,2496.0,3.397244581010386,896.0,1,1
2023.emnlp-main.652,CN,2023,EMNLP,312.0,2.494154594018443,896.0,0,2
2023.emnlp-main.653,CN,2023,EMNLP,71.0,1.8512583487190752,896.0,0,1
2023.emnlp-main.663,CN,2023,EMNLP,568.0,2.754348335711019,896.0,0,1
2023.emnlp-main.666,CN,2023,EMNLP,71.0,1.8512583487190752,896.0,0,1
2023.emnlp-main.668,CN,2023,EMNLP,2496.0,3.397244581010386,896.0,1,1
2023.emnlp-main.670,CN,2023,EMNLP,119.1,2.0759117614827773,896.0,0,1
2023.emnlp-main.672,CN,2023,EMNLP,896.0,2.9523080096621253,896.0,1,3
2023.emnlp-main.679,CN,2023,EMNLP,71.0,1.8512583487190752,896.0,0,2
2023.emnlp-main.688,CN,2023,EMNLP,952.8,2.979001748474721,896.0,1,2
2023.emnlp-main.693,CN,2023,EMNLP,112.0,2.0492180226701815,896.0,0,2
2023.emnlp-main.696,CN,2023,EMNLP,312.0,2.494154594018443,896.0,0,2
2023.emnlp-main.699,CN,2023,EMNLP,222.2,2.346744054604849,896.0,0,3
2023.emnlp-main.70,CN,2023,EMNLP,2496.0,3.397244581010386,896.0,1,2
2023.emnlp-main.706,CN,2023,EMNLP,896.0,2.9523080096621253,896.0,1,2
2023.emnlp-main.707,CN,2023,EMNLP,71.0,1.8512583487190752,896.0,0,1
2023.emnlp-main.711,CN,2023,EMNLP,896.0,2.9523080096621253,896.0,1,1
2023.emnlp-main.72,CN,2023,EMNLP,142.0,2.1522883443830563,896.0,0,1
2023.emnlp-main.723,CN,2023,EMNLP,113.8,2.056142262059052,896.0,0,1
2023.emnlp-main.727,CN,2023,EMNLP,149.7,2.1752218003430523,896.0,0,1
2023.emnlp-main.728,CN,2023,EMNLP,2496.0,3.397244581010386,896.0,1,1
2023.emnlp-main.73,CN,2023,EMNLP,330.0,2.5185139398778875,896.0,0,1
2023.emnlp-main.732,CN,2023,EMNLP,476.4,2.67797175281074,896.0,0,1
2023.emnlp-main.734,CN,2023,EMNLP,71.0,1.8512583487190752,896.0,0,3
2023.emnlp-main.736,CN,2023,EMNLP,952.8,2.979001748474721,896.0,1,1
2023.emnlp-main.74,CN,2023,EMNLP,952.8,2.979001748474721,896.0,1,3
2023.emnlp-main.750,CN,2023,EMNLP,312.0,2.494154594018443,896.0,0,1
2023.emnlp-main.757,CN,2023,EMNLP,312.0,2.494154594018443,896.0,0,3
2023.emnlp-main.76,CN,2023,EMNLP,624.0,2.795184589682424,896.0,0,3
2023.emnlp-main.764,CN,2023,EMNLP,480.0,2.681241237375587,896.0,0,1
2023.emnlp-main.768,CN,2023,EMNLP,2496.0,3.397244581010386,896.0,1,1
2023.emnlp-main.769,CN,2023,EMNLP,112.0,2.0492180226701815,896.0,0,2
2023.emnlp-main.77,CN,2023,EMNLP,45.36,1.6566730458848502,896.0,0,2
2023.emnlp-main.775,CN,2023,EMNLP,312.0,2.494154594018443,896.0,0,3
2023.emnlp-main.781,CN,2023,EMNLP,112.0,2.0492180226701815,896.0,0,1
2023.emnlp-main.789,CN,2023,EMNLP,312.0,2.494154594018443,896.0,0,1
2023.emnlp-main.794,CN,2023,EMNLP,71.0,1.8512583487190752,896.0,0,2
2023.emnlp-main.800,CN,2023,EMNLP,112.0,2.0492180226701815,896.0,0,2
2023.emnlp-main.804,CN,2023,EMNLP,112.0,2.0492180226701815,896.0,0,1
2023.emnlp-main.809,CN,2023,EMNLP,130.0,2.113943352306837,896.0,0,4
2023.emnlp-main.812,CN,2023,EMNLP,2496.0,3.397244581010386,896.0,1,1
2023.emnlp-main.814,CN,2023,EMNLP,2496.0,3.397244581010386,896.0,1,1
2023.emnlp-main.817,CN,2023,EMNLP,312.0,2.494154594018443,896.0,0,2
2023.emnlp-main.821,CN,2023,EMNLP,1560.0,3.1931245983544616,896.0,1,5
2023.emnlp-main.831,CN,2023,EMNLP,2496.0,3.397244581010386,896.0,1,2
2023.emnlp-main.84,CN,2023,EMNLP,2496.0,3.397244581010386,896.0,1,1
2023.emnlp-main.846,CN,2023,EMNLP,2496.0,3.397244581010386,896.0,1,1
2023.emnlp-main.849,CN,2023,EMNLP,2496.0,3.397244581010386,896.0,1,2
2023.emnlp-main.85,CN,2023,EMNLP,312.0,2.494154594018443,896.0,0,3
2023.emnlp-main.852,CN,2023,EMNLP,112.0,2.0492180226701815,896.0,0,1
2023.emnlp-main.860,CN,2023,EMNLP,2496.0,3.397244581010386,896.0,1,1
2023.emnlp-main.867,CN,2023,EMNLP,119.1,2.0759117614827773,896.0,0,1
2023.emnlp-main.871,CN,2023,EMNLP,71.0,1.8512583487190752,896.0,0,1
2023.emnlp-main.876,CN,2023,EMNLP,1197.6,3.078311787334996,896.0,1,1
2023.emnlp-main.888,CN,2023,EMNLP,112.0,2.0492180226701815,896.0,0,1
2023.emnlp-main.889,CN,2023,EMNLP,119.1,2.0759117614827773,896.0,0,2
2023.emnlp-main.900,CN,2023,EMNLP,896.0,2.9523080096621253,896.0,1,2
2023.emnlp-main.902,CN,2023,EMNLP,330.0,2.5185139398778875,896.0,0,1
2023.emnlp-main.907,CN,2023,EMNLP,896.0,2.9523080096621253,896.0,1,3
2023.emnlp-main.911,CN,2023,EMNLP,71.0,1.8512583487190752,896.0,0,2
2023.emnlp-main.917,CN,2023,EMNLP,71.0,1.8512583487190752,896.0,0,2
2023.emnlp-main.918,CN,2023,EMNLP,568.0,2.754348335711019,896.0,0,1
2023.emnlp-main.922,CN,2023,EMNLP,112.0,2.0492180226701815,896.0,0,1
2023.emnlp-main.923,CN,2023,EMNLP,2496.0,3.397244581010386,896.0,1,2
2023.emnlp-main.924,CN,2023,EMNLP,149.7,2.1752218003430523,896.0,0,1
2023.emnlp-main.939,CN,2023,EMNLP,312.0,2.494154594018443,896.0,0,1
2023.emnlp-main.944,CN,2023,EMNLP,149.7,2.1752218003430523,896.0,0,2
2023.emnlp-main.95,CN,2023,EMNLP,2496.0,3.397244581010386,896.0,1,2
2023.emnlp-main.954,CN,2023,EMNLP,312.0,2.494154594018443,896.0,0,1
2023.emnlp-main.955,CN,2023,EMNLP,312.0,2.494154594018443,896.0,0,2
2023.emnlp-main.957,CN,2023,EMNLP,476.4,2.67797175281074,896.0,0,2
2023.emnlp-main.958,CN,2023,EMNLP,311.8,2.4938761108528227,896.0,0,1
2023.emnlp-main.964,CN,2023,EMNLP,448.0,2.651278013998144,896.0,0,1
2023.emnlp-main.966,CN,2023,EMNLP,624.0,2.795184589682424,896.0,0,2
2023.emnlp-main.969,CN,2023,EMNLP,2496.0,3.397244581010386,896.0,1,1
2023.emnlp-main.973,CN,2023,EMNLP,71.0,1.8512583487190752,896.0,0,2
2023.emnlp-main.979,CN,2023,EMNLP,312.0,2.494154594018443,896.0,0,1
2023.emnlp-main.982,CN,2023,EMNLP,71.0,1.8512583487190752,896.0,0,1
2023.emnlp-main.995,CN,2023,EMNLP,448.0,2.651278013998144,896.0,0,3
2023.acl-long.122,CZ,2023,ACL,153.4,2.185825359612962,896.0,0,1
2023.acl-long.382,CZ,2023,ACL,112.0,2.0492180226701815,896.0,0,4
2023.acl-long.492,CZ,2023,ACL,312.0,2.494154594018443,896.0,0,1
2023.emnlp-main.117,CZ,2023,EMNLP,71.0,1.8512583487190752,896.0,0,3
2023.emnlp-main.172,CZ,2023,EMNLP,8.873,0.9480704815189411,896.0,0,1
2023.emnlp-main.742,CZ,2023,EMNLP,312.0,2.494154594018443,896.0,0,1
2023.acl-long.103,DE,2023,ACL,11.76,1.0704073217401198,896.0,0,1
2023.acl-long.132,DE,2023,ACL,2496.0,3.397244581010386,896.0,1,1
2023.acl-long.185,DE,2023,ACL,110.0,2.041392685158225,896.0,0,2
2023.acl-long.210,DE,2023,ACL,89.2,1.9503648543761232,896.0,0,1
2023.acl-long.213,DE,2023,ACL,312.0,2.494154594018443,896.0,0,2
2023.acl-long.237,DE,2023,ACL,71.0,1.8512583487190752,896.0,0,2
2023.acl-long.238,DE,2023,ACL,312.0,2.494154594018443,896.0,0,1
2023.acl-long.245,DE,2023,ACL,2496.0,3.397244581010386,896.0,1,3
2023.acl-long.263,DE,2023,ACL,312.0,2.494154594018443,896.0,0,2
2023.acl-long.277,DE,2023,ACL,312.0,2.494154594018443,896.0,0,1
2023.acl-long.314,DE,2023,ACL,112.0,2.0492180226701815,896.0,0,2
2023.acl-long.322,DE,2023,ACL,119.1,2.0759117614827773,896.0,0,1
2023.acl-long.406,DE,2023,ACL,119.1,2.0759117614827773,896.0,0,1
2023.acl-long.425,DE,2023,ACL,113.8,2.056142262059052,896.0,0,2
2023.acl-long.426,DE,2023,ACL,312.0,2.494154594018443,896.0,0,1
2023.acl-long.431,DE,2023,ACL,11.76,1.0704073217401198,896.0,0,2
2023.acl-long.481,DE,2023,ACL,336.0,2.526339277389844,896.0,0,2
2023.acl-long.609,DE,2023,ACL,112.0,2.0492180226701815,896.0,0,15
2023.acl-long.61,DE,2023,ACL,952.8,2.979001748474721,896.0,1,3
2023.acl-long.645,DE,2023,ACL,896.0,2.9523080096621253,896.0,1,2
2023.acl-long.662,DE,2023,ACL,312.0,2.494154594018443,896.0,0,2
2023.acl-long.676,DE,2023,ACL,312.0,2.494154594018443,896.0,0,1
2023.acl-long.689,DE,2023,ACL,71.0,1.8512583487190752,896.0,0,2
2023.acl-long.700,DE,2023,ACL,119.1,2.0759117614827773,896.0,0,1
2023.acl-long.743,DE,2023,ACL,312.0,2.494154594018443,896.0,0,3
2023.acl-long.796,DE,2023,ACL,112.0,2.0492180226701815,896.0,0,3
2023.acl-long.799,DE,2023,ACL,312.0,2.494154594018443,896.0,0,2
2023.acl-long.810,DE,2023,ACL,113.8,2.056142262059052,896.0,0,3
2023.acl-long.867,DE,2023,ACL,535.2,2.7285161047597666,896.0,0,2
2023.acl-long.874,DE,2023,ACL,11.76,1.0704073217401198,896.0,0,1
2023.acl-long.880,DE,2023,ACL,113.8,2.056142262059052,896.0,0,1
2023.acl-long.908,DE,2023,ACL,222.2,2.346744054604849,896.0,0,1
2023.emnlp-main.1002,DE,2023,EMNLP,119.1,2.0759117614827773,896.0,0,1
2023.emnlp-main.1011,DE,2023,EMNLP,125.0,2.0969100130080562,896.0,0,2
2023.emnlp-main.1012,DE,2023,EMNLP,149.7,2.1752218003430523,896.0,0,2
2023.emnlp-main.208,DE,2023,EMNLP,112.0,2.0492180226701815,896.0,0,2
2023.emnlp-main.218,DE,2023,EMNLP,2496.0,3.397244581010386,896.0,1,2
2023.emnlp-main.243,DE,2023,EMNLP,312.0,2.494154594018443,896.0,0,2
2023.emnlp-main.333,DE,2023,EMNLP,2496.0,3.397244581010386,896.0,1,1
2023.emnlp-main.357,DE,2023,EMNLP,112.0,2.0492180226701815,896.0,0,3
2023.emnlp-main.400,DE,2023,EMNLP,312.0,2.494154594018443,896.0,0,2
2023.emnlp-main.438,DE,2023,EMNLP,119.1,2.0759117614827773,896.0,0,1
2023.emnlp-main.649,DE,2023,EMNLP,312.0,2.494154594018443,896.0,0,3
2023.emnlp-main.687,DE,2023,EMNLP,149.7,2.1752218003430523,896.0,0,1
2023.emnlp-main.689,DE,2023,EMNLP,2496.0,3.397244581010386,896.0,1,1
2023.emnlp-main.829,DE,2023,EMNLP,2496.0,3.397244581010386,896.0,1,1
2023.emnlp-main.837,DE,2023,EMNLP,87.0,1.9395192526186185,896.0,0,4
2023.emnlp-main.877,DE,2023,EMNLP,2496.0,3.397244581010386,896.0,1,2
2023.emnlp-main.953,DE,2023,EMNLP,112.0,2.0492180226701815,896.0,0,1
2023.emnlp-main.960,DE,2023,EMNLP,284.0,2.4533183400470375,896.0,0,2
2023.acl-long.402,DK,2023,ACL,5616.0,3.749427099121749,896.0,1,1
2023.acl-long.487,DK,2023,ACL,652.5,2.814580516010319,896.0,0,4
2023.acl-long.662,DK,2023,ACL,312.0,2.494154594018443,896.0,0,2
2023.acl-long.93,DK,2023,ACL,522.0,2.717670503002262,896.0,0,1
2023.emnlp-main.318,DK,2023,EMNLP,112.0,2.0492180226701815,896.0,0,3
2023.emnlp-main.628,DK,2023,EMNLP,2496.0,3.397244581010386,896.0,1,2
2023.emnlp-main.649,DK,2023,EMNLP,312.0,2.494154594018443,896.0,0,3
2023.emnlp-main.692,DK,2023,EMNLP,142.0,2.1522883443830563,896.0,0,1
2023.emnlp-main.7,DK,2023,EMNLP,624.0,2.795184589682424,896.0,0,1
2023.acl-long.12,ES,2023,ACL,312.0,2.494154594018443,896.0,0,1
2023.acl-long.308,ES,2023,ACL,130.5,2.1156105116742996,896.0,0,1
2023.acl-long.699,ES,2023,ACL,56.7,1.7535830588929067,896.0,0,1
2023.acl-long.789,ES,2023,ACL,113.8,2.056142262059052,896.0,0,4
2023.acl-long.853,ES,2023,ACL,448.0,2.651278013998144,896.0,0,2
2023.emnlp-main.128,ES,2023,EMNLP,71.0,1.8512583487190752,896.0,0,2
2023.emnlp-main.368,ES,2023,EMNLP,71.0,1.8512583487190752,896.0,0,2
2023.emnlp-main.531,ES,2023,EMNLP,312.0,2.494154594018443,896.0,0,1
2023.emnlp-main.1032,FI,2023,EMNLP,383.0,2.583198773968623,896.0,0,1
2023.emnlp-main.164,FI,2023,EMNLP,1532.0,3.185258765296585,896.0,1,2
2023.emnlp-main.370,FI,2023,EMNLP,312.0,2.494154594018443,896.0,0,4
2023.emnlp-main.459,FI,2023,EMNLP,3064.0,3.486288760960566,896.0,1,1
2023.acl-long.178,FR,2023,ACL,448.0,2.651278013998144,896.0,0,2
2023.acl-long.295,FR,2023,ACL,896.0,2.9523080096621253,896.0,1,1
2023.acl-long.393,FR,2023,ACL,35.492,1.5501304728469034,896.0,0,1
2023.acl-long.461,FR,2023,ACL,312.0,2.494154594018443,896.0,0,1
2023.acl-long.50,FR,2023,ACL,110.0,2.041392685158225,896.0,0,2
2023.acl-long.61,FR,2023,ACL,952.8,2.979001748474721,896.0,1,3
2023.acl-long.896,FR,2023,ACL,14336.0,4.15642799231805,896.0,1,1
2023.emnlp-main.123,FR,2023,EMNLP,113.8,2.056142262059052,896.0,0,1
2023.emnlp-main.175,FR,2023,EMNLP,9.526,0.9789105771755716,896.0,0,3
2023.emnlp-main.182,FR,2023,EMNLP,3584.0,3.5543680009900878,896.0,1,3
2023.emnlp-main.351,FR,2023,EMNLP,312.0,2.494154594018443,896.0,0,4
2023.emnlp-main.357,FR,2023,EMNLP,112.0,2.0492180226701815,896.0,0,3
2023.emnlp-main.416,FR,2023,EMNLP,149.7,2.1752218003430523,896.0,0,1
2023.emnlp-main.559,FR,2023,EMNLP,312.0,2.494154594018443,896.0,0,1
2023.emnlp-main.684,FR,2023,EMNLP,110.0,2.041392685158225,896.0,0,1
2023.emnlp-main.722,FR,2023,EMNLP,119.1,2.0759117614827773,896.0,0,2
2023.emnlp-main.739,FR,2023,EMNLP,149.7,2.1752218003430523,896.0,0,1
2023.emnlp-main.837,FR,2023,EMNLP,87.0,1.9395192526186185,896.0,0,4
2023.acl-long.170,GB,2023,ACL,312.0,2.494154594018443,896.0,0,2
2023.acl-long.177,GB,2023,ACL,312.0,2.494154594018443,896.0,0,2
2023.acl-long.24,GB,2023,ACL,149.7,2.1752218003430523,896.0,0,2
2023.acl-long.253,GB,2023,ACL,312.0,2.494154594018443,896.0,0,1
2023.acl-long.261,GB,2023,ACL,112.0,2.0492180226701815,896.0,0,1
2023.acl-long.262,GB,2023,ACL,112.0,2.0492180226701815,896.0,0,2
2023.acl-long.310,GB,2023,ACL,130.5,2.1156105116742996,896.0,0,3
2023.acl-long.314,GB,2023,ACL,112.0,2.0492180226701815,896.0,0,2
2023.acl-long.317,GB,2023,ACL,1792.0,3.2533380053261065,896.0,1,2
2023.acl-long.318,GB,2023,ACL,119.1,2.0759117614827773,896.0,0,2
2023.acl-long.353,GB,2023,ACL,118.5,2.0737183503461227,896.0,0,2
2023.acl-long.382,GB,2023,ACL,112.0,2.0492180226701815,896.0,0,4
2023.acl-long.410,GB,2023,ACL,312.0,2.494154594018443,896.0,0,2
2023.acl-long.428,GB,2023,ACL,896.0,2.9523080096621253,896.0,1,1
2023.acl-long.433,GB,2023,ACL,14.9,1.173186268412274,896.0,0,3
2023.acl-long.473,GB,2023,ACL,312.0,2.494154594018443,896.0,0,1
2023.acl-long.510,GB,2023,ACL,896.0,2.9523080096621253,896.0,1,2
2023.acl-long.520,GB,2023,ACL,119.1,2.0759117614827773,896.0,0,2
2023.acl-long.551,GB,2023,ACL,312.0,2.494154594018443,896.0,0,2
2023.acl-long.563,GB,2023,ACL,89.2,1.9503648543761232,896.0,0,1
2023.acl-long.609,GB,2023,ACL,112.0,2.0492180226701815,896.0,0,15
2023.acl-long.649,GB,2023,ACL,448.0,2.651278013998144,896.0,0,2
2023.acl-long.652,GB,2023,ACL,112.0,2.0492180226701815,896.0,0,3
2023.acl-long.653,GB,2023,ACL,2496.0,3.397244581010386,896.0,1,7
2023.acl-long.66,GB,2023,ACL,312.0,2.494154594018443,896.0,0,2
2023.acl-long.672,GB,2023,ACL,71.0,1.8512583487190752,896.0,0,2
2023.acl-long.69,GB,2023,ACL,448.0,2.651278013998144,896.0,0,2
2023.acl-long.710,GB,2023,ACL,130.5,2.1156105116742996,896.0,0,1
2023.acl-long.743,GB,2023,ACL,312.0,2.494154594018443,896.0,0,3
2023.acl-long.786,GB,2023,ACL,624.0,2.795184589682424,896.0,0,2
2023.acl-long.810,GB,2023,ACL,113.8,2.056142262059052,896.0,0,3
2023.acl-long.838,GB,2023,ACL,112.0,2.0492180226701815,896.0,0,1
2023.acl-long.848,GB,2023,ACL,448.0,2.651278013998144,896.0,0,3
2023.acl-long.873,GB,2023,ACL,312.0,2.494154594018443,896.0,0,2
2023.acl-long.876,GB,2023,ACL,130.5,2.1156105116742996,896.0,0,2
2023.emnlp-main.1003,GB,2023,EMNLP,142.0,2.1522883443830563,896.0,0,1
2023.emnlp-main.1005,GB,2023,EMNLP,2496.0,3.397244581010386,896.0,1,2
2023.emnlp-main.1011,GB,2023,EMNLP,125.0,2.0969100130080562,896.0,0,2
2023.emnlp-main.128,GB,2023,EMNLP,71.0,1.8512583487190752,896.0,0,2
2023.emnlp-main.134,GB,2023,EMNLP,312.0,2.494154594018443,896.0,0,3
2023.emnlp-main.175,GB,2023,EMNLP,9.526,0.9789105771755716,896.0,0,3
2023.emnlp-main.244,GB,2023,EMNLP,112.0,2.0492180226701815,896.0,0,3
2023.emnlp-main.259,GB,2023,EMNLP,71.0,1.8512583487190752,896.0,0,2
2023.emnlp-main.262,GB,2023,EMNLP,2496.0,3.397244581010386,896.0,1,2
2023.emnlp-main.318,GB,2023,EMNLP,112.0,2.0492180226701815,896.0,0,3
2023.emnlp-main.346,GB,2023,EMNLP,448.0,2.651278013998144,896.0,0,2
2023.emnlp-main.368,GB,2023,EMNLP,71.0,1.8512583487190752,896.0,0,2
2023.emnlp-main.369,GB,2023,EMNLP,12.15,1.084576277934331,896.0,0,1
2023.emnlp-main.370,GB,2023,EMNLP,312.0,2.494154594018443,896.0,0,4
2023.emnlp-main.40,GB,2023,EMNLP,149.7,2.1752218003430523,896.0,0,1
2023.emnlp-main.422,GB,2023,EMNLP,624.0,2.795184589682424,896.0,0,1
2023.emnlp-main.44,GB,2023,EMNLP,624.0,2.795184589682424,896.0,0,3
2023.emnlp-main.498,GB,2023,EMNLP,624.0,2.795184589682424,896.0,0,2
2023.emnlp-main.50,GB,2023,EMNLP,896.0,2.9523080096621253,896.0,1,1
2023.emnlp-main.518,GB,2023,EMNLP,312.0,2.494154594018443,896.0,0,3
2023.emnlp-main.521,GB,2023,EMNLP,312.0,2.494154594018443,896.0,0,1
2023.emnlp-main.527,GB,2023,EMNLP,48.6,1.6866362692622934,896.0,0,2
2023.emnlp-main.535,GB,2023,EMNLP,312.0,2.494154594018443,896.0,0,1
2023.emnlp-main.563,GB,2023,EMNLP,1000.0,3.0,896.0,1,1
2023.emnlp-main.595,GB,2023,EMNLP,312.0,2.494154594018443,896.0,0,1
2023.emnlp-main.60,GB,2023,EMNLP,112.0,2.0492180226701815,896.0,0,2
2023.emnlp-main.617,GB,2023,EMNLP,936.0,2.971275848738105,896.0,1,1
2023.emnlp-main.682,GB,2023,EMNLP,448.0,2.651278013998144,896.0,0,2
2023.emnlp-main.699,GB,2023,EMNLP,222.2,2.346744054604849,896.0,0,3
2023.emnlp-main.713,GB,2023,EMNLP,73.0,1.863322860120456,896.0,0,2
2023.emnlp-main.716,GB,2023,EMNLP,2496.0,3.397244581010386,896.0,1,2
2023.emnlp-main.74,GB,2023,EMNLP,952.8,2.979001748474721,896.0,1,3
2023.emnlp-main.76,GB,2023,EMNLP,624.0,2.795184589682424,896.0,0,3
2023.emnlp-main.767,GB,2023,EMNLP,110.0,2.041392685158225,896.0,0,1
2023.emnlp-main.800,GB,2023,EMNLP,112.0,2.0492180226701815,896.0,0,2
2023.emnlp-main.816,GB,2023,EMNLP,312.0,2.494154594018443,896.0,0,1
2023.emnlp-main.821,GB,2023,EMNLP,1560.0,3.1931245983544616,896.0,1,5
2023.emnlp-main.826,GB,2023,EMNLP,1248.0,3.0962145853464054,896.0,1,2
2023.emnlp-main.837,GB,2023,EMNLP,87.0,1.9395192526186185,896.0,0,4
2023.emnlp-main.86,GB,2023,EMNLP,312.0,2.494154594018443,896.0,0,1
2023.emnlp-main.903,GB,2023,EMNLP,71.0,1.8512583487190752,896.0,0,2
2023.emnlp-main.919,GB,2023,EMNLP,312.0,2.494154594018443,896.0,0,2
2023.emnlp-main.925,GB,2023,EMNLP,2496.0,3.397244581010386,896.0,1,2
2023.emnlp-main.986,GB,2023,EMNLP,224.0,2.3502480183341627,896.0,0,2
2023.emnlp-main.988,GB,2023,EMNLP,119.1,2.0759117614827773,896.0,0,2
2023.emnlp-main.994,GB,2023,EMNLP,224.0,2.3502480183341627,896.0,0,1
2023.emnlp-main.995,GB,2023,EMNLP,448.0,2.651278013998144,896.0,0,3
2023.acl-long.556,GR,2023,ACL,8.126,0.9098768179903928,896.0,0,4
2023.emnlp-main.807,GR,2023,EMNLP,261.0,2.416640507338281,896.0,0,1
2023.emnlp-main.919,GR,2023,EMNLP,312.0,2.494154594018443,896.0,0,2
2023.acl-long.485,GT,2023,ACL,250.0,2.3979400086720375,896.0,0,2
2023.emnlp-main.307,HR,2023,EMNLP,284.0,2.4533183400470375,896.0,0,1
2023.acl-long.128,IE,2023,ACL,112.0,2.0492180226701815,896.0,0,2
2023.acl-long.110,IL,2023,ACL,880.0,2.9444826721501687,896.0,0,2
2023.acl-long.140,IL,2023,ACL,880.0,2.9444826721501687,896.0,0,1
2023.acl-long.46,IL,2023,ACL,312.0,2.494154594018443,896.0,0,2
2023.acl-long.490,IL,2023,ACL,153.4,2.185825359612962,896.0,0,1
2023.acl-long.630,IL,2023,ACL,476.4,2.67797175281074,896.0,0,2
2023.acl-long.78,IL,2023,ACL,312.0,2.494154594018443,896.0,0,1
2023.acl-long.806,IL,2023,ACL,3584.0,3.5543680009900878,896.0,1,2
2023.acl-long.818,IL,2023,ACL,448.0,2.651278013998144,896.0,0,2
2023.acl-long.829,IL,2023,ACL,222.2,2.346744054604849,896.0,0,1
2023.emnlp-main.121,IL,2023,EMNLP,224.0,2.3502480183341627,896.0,0,2
2023.emnlp-main.182,IL,2023,EMNLP,3584.0,3.5543680009900878,896.0,1,3
2023.emnlp-main.30,IL,2023,EMNLP,178.4,2.2513948500401044,896.0,0,2
2023.emnlp-main.435,IL,2023,EMNLP,312.0,2.494154594018443,896.0,0,2
2023.emnlp-main.744,IL,2023,EMNLP,312.0,2.494154594018443,896.0,0,2
2023.emnlp-main.796,IL,2023,EMNLP,8.873,0.9480704815189411,896.0,0,1
2023.emnlp-main.870,IL,2023,EMNLP,1248.0,3.0962145853464054,896.0,1,2
2023.emnlp-main.90,IL,2023,EMNLP,312.0,2.494154594018443,896.0,0,2
2023.emnlp-main.93,IL,2023,EMNLP,2496.0,3.397244581010386,896.0,1,2
2023.acl-long.127,IN,2023,ACL,119.1,2.0759117614827773,896.0,0,1
2023.acl-long.289,IN,2023,ACL,112.0,2.0492180226701815,896.0,0,1
2023.acl-long.318,IN,2023,ACL,119.1,2.0759117614827773,896.0,0,2
2023.acl-long.319,IN,2023,ACL,11.34,1.0546130545568877,896.0,0,2
2023.acl-long.346,IN,2023,ACL,312.0,2.494154594018443,896.0,0,1
2023.acl-long.404,IN,2023,ACL,11.34,1.0546130545568877,896.0,0,1
2023.acl-long.449,IN,2023,ACL,624.0,2.795184589682424,896.0,0,1
2023.acl-long.495,IN,2023,ACL,112.0,2.0492180226701815,896.0,0,2
2023.acl-long.576,IN,2023,ACL,2496.0,3.397244581010386,896.0,1,1
2023.acl-long.582,IN,2023,ACL,312.0,2.494154594018443,896.0,0,1
2023.acl-long.66,IN,2023,ACL,312.0,2.494154594018443,896.0,0,2
2023.acl-long.685,IN,2023,ACL,312.0,2.494154594018443,896.0,0,1
2023.acl-long.693,IN,2023,ACL,312.0,2.494154594018443,896.0,0,3
2023.acl-long.725,IN,2023,ACL,119.1,2.0759117614827773,896.0,0,2
2023.acl-long.753,IN,2023,ACL,112.0,2.0492180226701815,896.0,0,1
2023.acl-long.791,IN,2023,ACL,22.68,1.355643050220869,896.0,0,2
2023.acl-long.795,IN,2023,ACL,153.4,2.185825359612962,896.0,0,3
2023.acl-long.8,IN,2023,ACL,312.0,2.494154594018443,896.0,0,2
2023.emnlp-main.1035,IN,2023,EMNLP,11.34,1.0546130545568877,896.0,0,1
2023.emnlp-main.1038,IN,2023,EMNLP,312.0,2.494154594018443,896.0,0,2
2023.emnlp-main.133,IN,2023,EMNLP,312.0,2.494154594018443,896.0,0,1
2023.emnlp-main.181,IN,2023,EMNLP,2496.0,3.397244581010386,896.0,1,2
2023.emnlp-main.222,IN,2023,EMNLP,312.0,2.494154594018443,896.0,0,1
2023.emnlp-main.225,IN,2023,EMNLP,312.0,2.494154594018443,896.0,0,1
2023.emnlp-main.236,IN,2023,EMNLP,312.0,2.494154594018443,896.0,0,2
2023.emnlp-main.275,IN,2023,EMNLP,113.8,2.056142262059052,896.0,0,1
2023.emnlp-main.279,IN,2023,EMNLP,149.7,2.1752218003430523,896.0,0,3
2023.emnlp-main.377,IN,2023,EMNLP,312.0,2.494154594018443,896.0,0,2
2023.emnlp-main.418,IN,2023,EMNLP,2496.0,3.397244581010386,896.0,1,2
2023.emnlp-main.431,IN,2023,EMNLP,112.0,2.0492180226701815,896.0,0,1
2023.emnlp-main.436,IN,2023,EMNLP,312.0,2.494154594018443,896.0,0,2
2023.emnlp-main.444,IN,2023,EMNLP,119.1,2.0759117614827773,896.0,0,1
2023.emnlp-main.468,IN,2023,EMNLP,2496.0,3.397244581010386,896.0,1,2
2023.emnlp-main.471,IN,2023,EMNLP,9.526,0.9789105771755716,896.0,0,2
2023.emnlp-main.618,IN,2023,EMNLP,624.0,2.795184589682424,896.0,0,4
2023.emnlp-main.716,IN,2023,EMNLP,2496.0,3.397244581010386,896.0,1,2
2023.emnlp-main.761,IN,2023,EMNLP,312.0,2.494154594018443,896.0,0,2
2023.emnlp-main.861,IN,2023,EMNLP,312.0,2.494154594018443,896.0,0,1
2023.emnlp-main.977,IN,2023,EMNLP,2496.0,3.397244581010386,896.0,1,1
2023.emnlp-main.987,IN,2023,EMNLP,8.873,0.9480704815189411,896.0,0,1
2023.emnlp-main.988,IN,2023,EMNLP,119.1,2.0759117614827773,896.0,0,2
2023.emnlp-main.999,IN,2023,EMNLP,113.8,2.056142262059052,896.0,0,2
2023.acl-long.237,IT,2023,ACL,71.0,1.8512583487190752,896.0,0,2
2023.acl-long.382,IT,2023,ACL,112.0,2.0492180226701815,896.0,0,4
2023.acl-long.425,IT,2023,ACL,113.8,2.056142262059052,896.0,0,2
2023.acl-long.467,IT,2023,ACL,2496.0,3.397244581010386,896.0,1,2
2023.acl-long.496,IT,2023,ACL,448.0,2.651278013998144,896.0,0,3
2023.acl-long.556,IT,2023,ACL,8.126,0.9098768179903928,896.0,0,4
2023.acl-long.689,IT,2023,ACL,71.0,1.8512583487190752,896.0,0,2
2023.acl-long.745,IT,2023,ACL,598.8,2.777281791671015,896.0,0,1
2023.emnlp-main.243,IT,2023,EMNLP,312.0,2.494154594018443,896.0,0,2
2023.emnlp-main.302,IT,2023,EMNLP,312.0,2.494154594018443,896.0,0,4
2023.emnlp-main.395,IT,2023,EMNLP,130.5,2.1156105116742996,896.0,0,4
2023.emnlp-main.649,IT,2023,EMNLP,312.0,2.494154594018443,896.0,0,3
2023.emnlp-main.703,IT,2023,EMNLP,222.2,2.346744054604849,896.0,0,1
2023.emnlp-main.705,IT,2023,EMNLP,1248.0,3.0962145853464054,896.0,1,1
2023.emnlp-main.873,IT,2023,EMNLP,112.0,2.0492180226701815,896.0,0,1
2023.acl-long.10,JP,2023,ACL,112.0,2.0492180226701815,896.0,0,1
2023.acl-long.15,JP,2023,ACL,312.0,2.494154594018443,896.0,0,1
2023.acl-long.245,JP,2023,ACL,2496.0,3.397244581010386,896.0,1,3
2023.acl-long.247,JP,2023,ACL,119.1,2.0759117614827773,896.0,0,1
2023.acl-long.315,JP,2023,ACL,2496.0,3.397244581010386,896.0,1,3
2023.acl-long.362,JP,2023,ACL,48.6,1.6866362692622934,896.0,0,2
2023.acl-long.423,JP,2023,ACL,112.0,2.0492180226701815,896.0,0,3
2023.acl-long.458,JP,2023,ACL,220.0,2.342422680822206,896.0,0,1
2023.acl-long.535,JP,2023,ACL,119.1,2.0759117614827773,896.0,0,2
2023.acl-long.609,JP,2023,ACL,112.0,2.0492180226701815,896.0,0,15
2023.acl-long.621,JP,2023,ACL,624.0,2.795184589682424,896.0,0,1
2023.acl-long.761,JP,2023,ACL,9.526,0.9789105771755716,896.0,0,1
2023.acl-long.795,JP,2023,ACL,153.4,2.185825359612962,896.0,0,3
2023.emnlp-main.214,JP,2023,EMNLP,142.0,2.1522883443830563,896.0,0,2
2023.emnlp-main.231,JP,2023,EMNLP,1792.0,3.2533380053261065,896.0,1,1
2023.emnlp-main.249,JP,2023,EMNLP,312.0,2.494154594018443,896.0,0,1
2023.emnlp-main.279,JP,2023,EMNLP,149.7,2.1752218003430523,896.0,0,3
2023.emnlp-main.370,JP,2023,EMNLP,312.0,2.494154594018443,896.0,0,4
2023.emnlp-main.457,JP,2023,EMNLP,6.691,0.8254910298794309,896.0,0,1
2023.emnlp-main.481,JP,2023,EMNLP,624.0,2.795184589682424,896.0,0,1
2023.emnlp-main.619,JP,2023,EMNLP,9984.0,3.9993045723383487,896.0,1,2
2023.emnlp-main.839,JP,2023,EMNLP,2496.0,3.397244581010386,896.0,1,1
2023.emnlp-main.9,JP,2023,EMNLP,2496.0,3.397244581010386,896.0,1,1
2023.emnlp-main.905,JP,2023,EMNLP,119.1,2.0759117614827773,896.0,0,1
2023.emnlp-main.935,JP,2023,EMNLP,119.1,2.0759117614827773,896.0,0,1
2023.emnlp-main.973,JP,2023,EMNLP,71.0,1.8512583487190752,896.0,0,2
2023.acl-long.45,KE,2023,ACL,448.0,2.651278013998144,896.0,0,2
2023.acl-long.679,KE,2023,ACL,112.0,2.0492180226701815,896.0,0,2
2023.acl-long.70,KE,2023,ACL,896.0,2.9523080096621253,896.0,1,2
2023.acl-long.771,KE,2023,ACL,312.0,2.494154594018443,896.0,0,3
2023.acl-long.775,KE,2023,ACL,71.0,1.8512583487190752,896.0,0,3
2023.acl-long.802,KE,2023,ACL,312.0,2.494154594018443,896.0,0,3
2023.emnlp-main.285,KE,2023,EMNLP,222.2,2.346744054604849,896.0,0,2
2023.acl-long.637,KH,2023,ACL,71.0,1.8512583487190752,896.0,0,2
2023.acl-long.117,KR,2023,ACL,130.5,2.1156105116742996,896.0,0,1
2023.acl-long.159,KR,2023,ACL,222.2,2.346744054604849,896.0,0,1
2023.acl-long.180,KR,2023,ACL,112.0,2.0492180226701815,896.0,0,1
2023.acl-long.189,KR,2023,ACL,89.2,1.9503648543761232,896.0,0,1
2023.acl-long.198,KR,2023,ACL,448.0,2.651278013998144,896.0,0,2
2023.acl-long.239,KR,2023,ACL,952.8,2.979001748474721,896.0,1,1
2023.acl-long.305,KR,2023,ACL,29.77,1.4737788346467247,896.0,0,1
2023.acl-long.371,KR,2023,ACL,112.0,2.0492180226701815,896.0,0,2
2023.acl-long.394,KR,2023,ACL,71.0,1.8512583487190752,896.0,0,2
2023.acl-long.415,KR,2023,ACL,1248.0,3.0962145853464054,896.0,1,1
2023.acl-long.558,KR,2023,ACL,455.2,2.6582022533870147,896.0,0,3
2023.acl-long.565,KR,2023,ACL,113.8,2.056142262059052,896.0,0,1
2023.acl-long.6,KR,2023,ACL,2496.0,3.397244581010386,896.0,1,1
2023.acl-long.63,KR,2023,ACL,2496.0,3.397244581010386,896.0,1,1
2023.acl-long.646,KR,2023,ACL,1248.0,3.0962145853464054,896.0,1,1
2023.acl-long.653,KR,2023,ACL,2496.0,3.397244581010386,896.0,1,7
2023.acl-long.661,KR,2023,ACL,112.0,2.0492180226701815,896.0,0,1
2023.acl-long.67,KR,2023,ACL,11.34,1.0546130545568877,896.0,0,2
2023.acl-long.681,KR,2023,ACL,71.0,1.8512583487190752,896.0,0,1
2023.acl-long.703,KR,2023,ACL,112.0,2.0492180226701815,896.0,0,2
2023.acl-long.731,KR,2023,ACL,89.2,1.9503648543761232,896.0,0,1
2023.acl-long.879,KR,2023,ACL,224.0,2.3502480183341627,896.0,0,3
2023.acl-long.885,KR,2023,ACL,220.0,2.342422680822206,896.0,0,2
2023.emnlp-main.1014,KR,2023,EMNLP,71.0,1.8512583487190752,896.0,0,1
2023.emnlp-main.1025,KR,2023,EMNLP,312.0,2.494154594018443,896.0,0,1
2023.emnlp-main.1031,KR,2023,EMNLP,312.0,2.494154594018443,896.0,0,1
2023.emnlp-main.1046,KR,2023,EMNLP,312.0,2.494154594018443,896.0,0,2
2023.emnlp-main.197,KR,2023,EMNLP,71.0,1.8512583487190752,896.0,0,1
2023.emnlp-main.251,KR,2023,EMNLP,130.5,2.1156105116742996,896.0,0,2
2023.emnlp-main.261,KR,2023,EMNLP,2496.0,3.397244581010386,896.0,1,1
2023.emnlp-main.267,KR,2023,EMNLP,888.8,2.9488040459328113,896.0,0,1
2023.emnlp-main.286,KR,2023,EMNLP,598.8,2.777281791671015,896.0,0,2
2023.emnlp-main.295,KR,2023,EMNLP,89.2,1.9503648543761232,896.0,0,1
2023.emnlp-main.31,KR,2023,EMNLP,119.1,2.0759117614827773,896.0,0,1
2023.emnlp-main.342,KR,2023,EMNLP,1777.6,3.2498340415967926,896.0,1,2
2023.emnlp-main.362,KR,2023,EMNLP,71.0,1.8512583487190752,896.0,0,2
2023.emnlp-main.367,KR,2023,EMNLP,119.1,2.0759117614827773,896.0,0,1
2023.emnlp-main.425,KR,2023,EMNLP,113.8,2.056142262059052,896.0,0,1
2023.emnlp-main.456,KR,2023,EMNLP,160.0,2.2041199826559246,896.0,0,2
2023.emnlp-main.46,KR,2023,EMNLP,130.5,2.1156105116742996,896.0,0,1
2023.emnlp-main.477,KR,2023,EMNLP,448.0,2.651278013998144,896.0,0,1
2023.emnlp-main.545,KR,2023,EMNLP,476.4,2.67797175281074,896.0,0,1
2023.emnlp-main.601,KR,2023,EMNLP,714.6,2.854063011866421,896.0,0,1
2023.emnlp-main.734,KR,2023,EMNLP,71.0,1.8512583487190752,896.0,0,3
2023.emnlp-main.735,KR,2023,EMNLP,39936.0,4.601364563666311,896.0,1,1
2023.emnlp-main.782,KR,2023,EMNLP,2496.0,3.397244581010386,896.0,1,2
2023.emnlp-main.838,KR,2023,EMNLP,952.8,2.979001748474721,896.0,1,1
2023.emnlp-main.865,KR,2023,EMNLP,71.0,1.8512583487190752,896.0,0,1
2023.emnlp-main.884,KR,2023,EMNLP,119.1,2.0759117614827773,896.0,0,1
2023.emnlp-main.892,KR,2023,EMNLP,312.0,2.494154594018443,896.0,0,1
2023.emnlp-main.927,KR,2023,EMNLP,130.5,2.1156105116742996,896.0,0,1
2023.emnlp-main.961,KR,2023,EMNLP,119.1,2.0759117614827773,896.0,0,2
2023.emnlp-main.976,KR,2023,EMNLP,112.0,2.0492180226701815,896.0,0,1
2023.emnlp-main.845,KZ,2023,EMNLP,112.0,2.0492180226701815,896.0,0,2
2023.emnlp-main.757,LB,2023,EMNLP,312.0,2.494154594018443,896.0,0,3
2023.emnlp-main.380,LK,2023,EMNLP,119.1,2.0759117614827773,896.0,0,2
2023.emnlp-main.530,LT,2023,EMNLP,2496.0,3.397244581010386,896.0,1,2
2023.acl-long.609,ML,2023,ACL,112.0,2.0492180226701815,896.0,0,15
2023.acl-long.311,MO,2023,ACL,112.0,2.0492180226701815,896.0,0,2
2023.acl-long.324,MO,2023,ACL,312.0,2.494154594018443,896.0,0,4
2023.acl-long.380,MO,2023,ACL,71.0,1.8512583487190752,896.0,0,2
2023.emnlp-main.610,MO,2023,EMNLP,312.0,2.494154594018443,896.0,0,3
2023.acl-long.609,MW,2023,ACL,112.0,2.0492180226701815,896.0,0,15
2023.acl-long.485,MX,2023,ACL,250.0,2.3979400086720375,896.0,0,2
2023.acl-long.853,MX,2023,ACL,448.0,2.651278013998144,896.0,0,2
2023.acl-long.609,NG,2023,ACL,112.0,2.0492180226701815,896.0,0,15
2023.acl-long.198,NL,2023,ACL,448.0,2.651278013998144,896.0,0,2
2023.acl-long.233,NL,2023,ACL,119.1,2.0759117614827773,896.0,0,1
2023.acl-long.342,NL,2023,ACL,89.2,1.9503648543761232,896.0,0,1
2023.acl-long.348,NL,2023,ACL,476.4,2.67797175281074,896.0,0,1
2023.acl-long.382,NL,2023,ACL,112.0,2.0492180226701815,896.0,0,4
2023.acl-long.42,NL,2023,ACL,312.0,2.494154594018443,896.0,0,2
2023.acl-long.424,NL,2023,ACL,448.0,2.651278013998144,896.0,0,2
2023.acl-long.481,NL,2023,ACL,336.0,2.526339277389844,896.0,0,2
2023.acl-long.69,NL,2023,ACL,448.0,2.651278013998144,896.0,0,2
2023.acl-long.789,NL,2023,ACL,113.8,2.056142262059052,896.0,0,4
2023.acl-long.810,NL,2023,ACL,113.8,2.056142262059052,896.0,0,3
2023.emnlp-main.395,NL,2023,EMNLP,130.5,2.1156105116742996,896.0,0,4
2023.emnlp-main.447,NL,2023,EMNLP,312.0,2.494154594018443,896.0,0,1
2023.emnlp-main.518,NL,2023,EMNLP,312.0,2.494154594018443,896.0,0,3
2023.emnlp-main.524,NL,2023,EMNLP,112.0,2.0492180226701815,896.0,0,2
2023.emnlp-main.605,NL,2023,EMNLP,476.4,2.67797175281074,896.0,0,1
2023.emnlp-main.744,NL,2023,EMNLP,312.0,2.494154594018443,896.0,0,2
2023.emnlp-main.836,NL,2023,EMNLP,476.4,2.67797175281074,896.0,0,1
2023.emnlp-main.923,NL,2023,EMNLP,2496.0,3.397244581010386,896.0,1,2
2023.emnlp-main.992,NL,2023,EMNLP,142.0,2.1522883443830563,896.0,0,1
2023.acl-long.609,PT,2023,ACL,112.0,2.0492180226701815,896.0,0,15
2023.acl-long.61,PT,2023,ACL,952.8,2.979001748474721,896.0,1,3
2023.acl-long.799,PT,2023,ACL,312.0,2.494154594018443,896.0,0,2
2023.acl-long.842,PT,2023,ACL,341.4,2.5332635167787148,896.0,0,2
2023.emnlp-main.161,PT,2023,EMNLP,312.0,2.494154594018443,896.0,0,2
2023.acl-long.433,QA,2023,ACL,14.9,1.173186268412274,896.0,0,3
2023.acl-long.901,QA,2023,ACL,130.5,2.1156105116742996,896.0,0,1
2023.emnlp-main.473,RO,2023,EMNLP,107.0,2.0293837776852097,896.0,0,1
2023.acl-long.652,RU,2023,ACL,112.0,2.0492180226701815,896.0,0,3
2023.acl-long.86,RU,2023,ACL,522.0,2.717670503002262,896.0,0,2
2023.emnlp-main.262,RU,2023,EMNLP,2496.0,3.397244581010386,896.0,1,2
2023.emnlp-main.318,RU,2023,EMNLP,112.0,2.0492180226701815,896.0,0,3
2023.emnlp-main.845,RU,2023,EMNLP,112.0,2.0492180226701815,896.0,0,2
2023.acl-long.378,SA,2023,ACL,312.0,2.494154594018443,896.0,0,4
2023.acl-long.653,SA,2023,ACL,2496.0,3.397244581010386,896.0,1,7
2023.acl-long.775,SA,2023,ACL,71.0,1.8512583487190752,896.0,0,3
2023.emnlp-main.471,SA,2023,EMNLP,9.526,0.9789105771755716,896.0,0,2
2023.emnlp-main.618,SA,2023,EMNLP,624.0,2.795184589682424,896.0,0,4
2023.acl-long.556,SE,2023,ACL,8.126,0.9098768179903928,896.0,0,4
2023.acl-long.609,SE,2023,ACL,112.0,2.0492180226701815,896.0,0,15
2023.emnlp-main.111,SE,2023,EMNLP,2496.0,3.397244581010386,896.0,1,2
2023.emnlp-main.618,SE,2023,EMNLP,624.0,2.795184589682424,896.0,0,4
2023.emnlp-main.999,SE,2023,EMNLP,113.8,2.056142262059052,896.0,0,2
2023.acl-long.134,SG,2023,ACL,609.664,2.785090551159459,896.0,0,1
2023.acl-long.146,SG,2023,ACL,312.0,2.494154594018443,896.0,0,1
2023.acl-long.220,SG,2023,ACL,312.0,2.494154594018443,896.0,0,1
2023.acl-long.243,SG,2023,ACL,896.0,2.9523080096621253,896.0,1,2
2023.acl-long.252,SG,2023,ACL,112.0,2.0492180226701815,896.0,0,1
2023.acl-long.264,SG,2023,ACL,112.0,2.0492180226701815,896.0,0,3
2023.acl-long.27,SG,2023,ACL,222.2,2.346744054604849,896.0,0,1
2023.acl-long.282,SG,2023,ACL,89.2,1.9503648543761232,896.0,0,2
2023.acl-long.285,SG,2023,ACL,110.0,2.041392685158225,896.0,0,1
2023.acl-long.329,SG,2023,ACL,312.0,2.494154594018443,896.0,0,2
2023.acl-long.384,SG,2023,ACL,112.0,2.0492180226701815,896.0,0,2
2023.acl-long.395,SG,2023,ACL,1777.6,3.2498340415967926,896.0,1,3
2023.acl-long.399,SG,2023,ACL,1248.0,3.0962145853464054,896.0,1,2
2023.acl-long.418,SG,2023,ACL,312.0,2.494154594018443,896.0,0,1
2023.acl-long.445,SG,2023,ACL,224.0,2.3502480183341627,896.0,0,2
2023.acl-long.537,SG,2023,ACL,312.0,2.494154594018443,896.0,0,1
2023.acl-long.544,SG,2023,ACL,112.0,2.0492180226701815,896.0,0,1
2023.acl-long.591,SG,2023,ACL,9.526,0.9789105771755716,896.0,0,2
2023.acl-long.599,SG,2023,ACL,448.0,2.651278013998144,896.0,0,2
2023.acl-long.603,SG,2023,ACL,11.76,1.0704073217401198,896.0,0,3
2023.acl-long.604,SG,2023,ACL,107.0,2.0293837776852097,896.0,0,2
2023.acl-long.608,SG,2023,ACL,112.0,2.0492180226701815,896.0,0,2
2023.acl-long.628,SG,2023,ACL,112.0,2.0492180226701815,896.0,0,2
2023.acl-long.636,SG,2023,ACL,213.0,2.3283796034387376,896.0,0,2
2023.acl-long.649,SG,2023,ACL,448.0,2.651278013998144,896.0,0,2
2023.acl-long.653,SG,2023,ACL,2496.0,3.397244581010386,896.0,1,7
2023.acl-long.686,SG,2023,ACL,112.0,2.0492180226701815,896.0,0,2
2023.acl-long.71,SG,2023,ACL,112.0,2.0492180226701815,896.0,0,2
2023.acl-long.77,SG,2023,ACL,312.0,2.494154594018443,896.0,0,1
2023.acl-long.786,SG,2023,ACL,624.0,2.795184589682424,896.0,0,2
2023.acl-long.812,SG,2023,ACL,119.1,2.0759117614827773,896.0,0,1
2023.acl-long.820,SG,2023,ACL,330.0,2.5185139398778875,896.0,0,1
2023.acl-long.823,SG,2023,ACL,312.0,2.494154594018443,896.0,0,2
2023.acl-long.848,SG,2023,ACL,448.0,2.651278013998144,896.0,0,3
2023.acl-long.889,SG,2023,ACL,119.1,2.0759117614827773,896.0,0,2
2023.emnlp-main.185,SG,2023,EMNLP,9984.0,3.9993045723383487,896.0,1,2
2023.emnlp-main.199,SG,2023,EMNLP,119.1,2.0759117614827773,896.0,0,2
2023.emnlp-main.244,SG,2023,EMNLP,112.0,2.0492180226701815,896.0,0,3
2023.emnlp-main.279,SG,2023,EMNLP,149.7,2.1752218003430523,896.0,0,3
2023.emnlp-main.351,SG,2023,EMNLP,312.0,2.494154594018443,896.0,0,4
2023.emnlp-main.380,SG,2023,EMNLP,119.1,2.0759117614827773,896.0,0,2
2023.emnlp-main.402,SG,2023,EMNLP,312.0,2.494154594018443,896.0,0,2
2023.emnlp-main.417,SG,2023,EMNLP,2496.0,3.397244581010386,896.0,1,2
2023.emnlp-main.430,SG,2023,EMNLP,312.0,2.494154594018443,896.0,0,2
2023.emnlp-main.49,SG,2023,EMNLP,71.0,1.8512583487190752,896.0,0,2
2023.emnlp-main.632,SG,2023,EMNLP,336.0,2.526339277389844,896.0,0,2
2023.emnlp-main.682,SG,2023,EMNLP,448.0,2.651278013998144,896.0,0,2
2023.emnlp-main.717,SG,2023,EMNLP,2496.0,3.397244581010386,896.0,1,2
2023.emnlp-main.757,SG,2023,EMNLP,312.0,2.494154594018443,896.0,0,3
2023.emnlp-main.775,SG,2023,EMNLP,312.0,2.494154594018443,896.0,0,3
2023.emnlp-main.785,SG,2023,EMNLP,312.0,2.494154594018443,896.0,0,1
2023.emnlp-main.786,SG,2023,EMNLP,119.1,2.0759117614827773,896.0,0,1
2023.emnlp-main.809,SG,2023,EMNLP,130.0,2.113943352306837,896.0,0,4
2023.emnlp-main.85,SG,2023,EMNLP,312.0,2.494154594018443,896.0,0,3
2023.emnlp-main.906,SG,2023,EMNLP,1248.0,3.0962145853464054,896.0,1,2
2023.emnlp-main.917,SG,2023,EMNLP,71.0,1.8512583487190752,896.0,0,2
2023.emnlp-main.95,SG,2023,EMNLP,2496.0,3.397244581010386,896.0,1,2
2023.emnlp-main.951,SG,2023,EMNLP,71.0,1.8512583487190752,896.0,0,1
2023.emnlp-main.966,SG,2023,EMNLP,624.0,2.795184589682424,896.0,0,2
2023.emnlp-main.986,SI,2023,EMNLP,224.0,2.3502480183341627,896.0,0,2
2023.emnlp-main.1027,SK,2023,EMNLP,130.5,2.1156105116742996,896.0,0,1
2023.emnlp-main.117,SK,2023,EMNLP,71.0,1.8512583487190752,896.0,0,3
2023.emnlp-main.616,SK,2023,EMNLP,1248.0,3.0962145853464054,896.0,1,2
2023.acl-long.609,SN,2023,ACL,112.0,2.0492180226701815,896.0,0,15
2023.acl-long.609,TG,2023,ACL,112.0,2.0492180226701815,896.0,0,15
2023.acl-long.609,UG,2023,ACL,112.0,2.0492180226701815,896.0,0,15
2023.acl-long.102,US,2023,ACL,110.0,2.041392685158225,896.0,0,1
2023.acl-long.110,US,2023,ACL,880.0,2.9444826721501687,896.0,0,2
2023.acl-long.112,US,2023,ACL,110.0,2.041392685158225,896.0,0,1
2023.acl-long.115,US,2023,ACL,9.526,0.9789105771755716,896.0,0,2
2023.acl-long.118,US,2023,ACL,2395.2,3.379341782998977,896.0,1,2
2023.acl-long.120,US,2023,ACL,14.9,1.173186268412274,896.0,0,1
2023.acl-long.125,US,2023,ACL,2496.0,3.397244581010386,896.0,1,1
2023.acl-long.129,US,2023,ACL,312.0,2.494154594018443,896.0,0,1
2023.acl-long.136,US,2023,ACL,312.0,2.494154594018443,896.0,0,2
2023.acl-long.141,US,2023,ACL,222.2,2.346744054604849,896.0,0,1
2023.acl-long.143,US,2023,ACL,38.104,1.580970568503534,896.0,0,3
2023.acl-long.154,US,2023,ACL,3584.0,3.5543680009900878,896.0,1,1
2023.acl-long.160,US,2023,ACL,1792.0,3.2533380053261065,896.0,1,1
2023.acl-long.162,US,2023,ACL,112.0,2.0492180226701815,896.0,0,2
2023.acl-long.170,US,2023,ACL,312.0,2.494154594018443,896.0,0,2
2023.acl-long.172,US,2023,ACL,312.0,2.494154594018443,896.0,0,1
2023.acl-long.177,US,2023,ACL,312.0,2.494154594018443,896.0,0,2
2023.acl-long.179,US,2023,ACL,448.0,2.651278013998144,896.0,0,1
2023.acl-long.181,US,2023,ACL,110.0,2.041392685158225,896.0,0,1
2023.acl-long.183,US,2023,ACL,2496.0,3.397244581010386,896.0,1,2
2023.acl-long.19,US,2023,ACL,71.0,1.8512583487190752,896.0,0,2
2023.acl-long.190,US,2023,ACL,312.0,2.494154594018443,896.0,0,1
2023.acl-long.191,US,2023,ACL,896.0,2.9523080096621253,896.0,1,2
2023.acl-long.197,US,2023,ACL,112.0,2.0492180226701815,896.0,0,2
2023.acl-long.200,US,2023,ACL,896.0,2.9523080096621253,896.0,1,1
2023.acl-long.203,US,2023,ACL,1248.0,3.0962145853464054,896.0,1,1
2023.acl-long.208,US,2023,ACL,1280.0,3.1072099696478683,896.0,1,2
2023.acl-long.213,US,2023,ACL,312.0,2.494154594018443,896.0,0,2
2023.acl-long.216,US,2023,ACL,119.1,2.0759117614827773,896.0,0,2
2023.acl-long.217,US,2023,ACL,9.526,0.9789105771755716,896.0,0,1
2023.acl-long.22,US,2023,ACL,112.0,2.0492180226701815,896.0,0,1
2023.acl-long.221,US,2023,ACL,312.0,2.494154594018443,896.0,0,2
2023.acl-long.227,US,2023,ACL,160.0,2.2041199826559246,896.0,0,1
2023.acl-long.235,US,2023,ACL,1044.0,3.0187004986662433,896.0,1,1
2023.acl-long.241,US,2023,ACL,165.0,2.2174839442139063,896.0,0,2
2023.acl-long.242,US,2023,ACL,119.1,2.0759117614827773,896.0,0,1
2023.acl-long.260,US,2023,ACL,149.7,2.1752218003430523,896.0,0,1
2023.acl-long.262,US,2023,ACL,112.0,2.0492180226701815,896.0,0,2
2023.acl-long.264,US,2023,ACL,112.0,2.0492180226701815,896.0,0,3
2023.acl-long.267,US,2023,ACL,7168.0,3.8553979966540686,896.0,1,2
2023.acl-long.269,US,2023,ACL,449.1,2.652343055062715,896.0,0,1
2023.acl-long.270,US,2023,ACL,476.4,2.67797175281074,896.0,0,1
2023.acl-long.271,US,2023,ACL,1792.0,3.2533380053261065,896.0,1,1
2023.acl-long.275,US,2023,ACL,896.0,2.9523080096621253,896.0,1,2
2023.acl-long.282,US,2023,ACL,89.2,1.9503648543761232,896.0,0,2
2023.acl-long.283,US,2023,ACL,2496.0,3.397244581010386,896.0,1,2
2023.acl-long.288,US,2023,ACL,2496.0,3.397244581010386,896.0,1,2
2023.acl-long.29,US,2023,ACL,936.0,2.971275848738105,896.0,1,1
2023.acl-long.296,US,2023,ACL,112.0,2.0492180226701815,896.0,0,1
2023.acl-long.298,US,2023,ACL,45.36,1.6566730458848502,896.0,0,1
2023.acl-long.3,US,2023,ACL,20.7,1.3159703454569178,896.0,0,1
2023.acl-long.300,US,2023,ACL,440.0,2.6434526764861874,896.0,0,1
2023.acl-long.302,US,2023,ACL,119.1,2.0759117614827773,896.0,0,2
2023.acl-long.303,US,2023,ACL,112.0,2.0492180226701815,896.0,0,1
2023.acl-long.31,US,2023,ACL,1197.6,3.078311787334996,896.0,1,1
2023.acl-long.310,US,2023,ACL,130.5,2.1156105116742996,896.0,0,3
2023.acl-long.311,US,2023,ACL,112.0,2.0492180226701815,896.0,0,2
2023.acl-long.319,US,2023,ACL,11.34,1.0546130545568877,896.0,0,2
2023.acl-long.330,US,2023,ACL,112.0,2.0492180226701815,896.0,0,2
2023.acl-long.334,US,2023,ACL,112.0,2.0492180226701815,896.0,0,2
2023.acl-long.337,US,2023,ACL,312.0,2.494154594018443,896.0,0,1
2023.acl-long.34,US,2023,ACL,119.1,2.0759117614827773,896.0,0,1
2023.acl-long.340,US,2023,ACL,38.104,1.580970568503534,896.0,0,1
2023.acl-long.345,US,2023,ACL,312.0,2.494154594018443,896.0,0,1
2023.acl-long.347,US,2023,ACL,2496.0,3.397244581010386,896.0,1,1
2023.acl-long.353,US,2023,ACL,118.5,2.0737183503461227,896.0,0,2
2023.acl-long.355,US,2023,ACL,39936.0,4.601364563666311,896.0,1,1
2023.acl-long.366,US,2023,ACL,896.0,2.9523080096621253,896.0,1,2
2023.acl-long.367,US,2023,ACL,149.7,2.1752218003430523,896.0,0,1
2023.acl-long.368,US,2023,ACL,119.1,2.0759117614827773,896.0,0,1
2023.acl-long.371,US,2023,ACL,112.0,2.0492180226701815,896.0,0,2
2023.acl-long.372,US,2023,ACL,149.7,2.1752218003430523,896.0,0,1
2023.acl-long.373,US,2023,ACL,112.0,2.0492180226701815,896.0,0,1
2023.acl-long.378,US,2023,ACL,312.0,2.494154594018443,896.0,0,4
2023.acl-long.379,US,2023,ACL,71.0,1.8512583487190752,896.0,0,1
2023.acl-long.38,US,2023,ACL,896.0,2.9523080096621253,896.0,1,1
2023.acl-long.383,US,2023,ACL,1248.0,3.0962145853464054,896.0,1,2
2023.acl-long.384,US,2023,ACL,112.0,2.0492180226701815,896.0,0,2
2023.acl-long.387,US,2023,ACL,476.4,2.67797175281074,896.0,0,1
2023.acl-long.389,US,2023,ACL,312.0,2.494154594018443,896.0,0,1
2023.acl-long.391,US,2023,ACL,224.0,2.3502480183341627,896.0,0,3
2023.acl-long.392,US,2023,ACL,89.2,1.9503648543761232,896.0,0,2
2023.acl-long.394,US,2023,ACL,71.0,1.8512583487190752,896.0,0,2
2023.acl-long.395,US,2023,ACL,1777.6,3.2498340415967926,896.0,1,3
2023.acl-long.397,US,2023,ACL,284.0,2.4533183400470375,896.0,0,1
2023.acl-long.401,US,2023,ACL,448.0,2.651278013998144,896.0,0,1
2023.acl-long.403,US,2023,ACL,112.0,2.0492180226701815,896.0,0,2
2023.acl-long.405,US,2023,ACL,2496.0,3.397244581010386,896.0,1,2
2023.acl-long.41,US,2023,ACL,2496.0,3.397244581010386,896.0,1,1
2023.acl-long.410,US,2023,ACL,312.0,2.494154594018443,896.0,0,2
2023.acl-long.414,US,2023,ACL,95.0,1.9777236052888478,896.0,0,1
2023.acl-long.416,US,2023,ACL,112.0,2.0492180226701815,896.0,0,1
2023.acl-long.417,US,2023,ACL,2496.0,3.397244581010386,896.0,1,1
2023.acl-long.42,US,2023,ACL,312.0,2.494154594018443,896.0,0,2
2023.acl-long.423,US,2023,ACL,112.0,2.0492180226701815,896.0,0,3
2023.acl-long.43,US,2023,ACL,224.0,2.3502480183341627,896.0,0,1
2023.acl-long.431,US,2023,ACL,11.76,1.0704073217401198,896.0,0,2
2023.acl-long.433,US,2023,ACL,14.9,1.173186268412274,896.0,0,3
2023.acl-long.44,US,2023,ACL,2496.0,3.397244581010386,896.0,1,1
2023.acl-long.440,US,2023,ACL,149.7,2.1752218003430523,896.0,0,1
2023.acl-long.446,US,2023,ACL,476.4,2.67797175281074,896.0,0,1
2023.acl-long.447,US,2023,ACL,119.1,2.0759117614827773,896.0,0,1
2023.acl-long.452,US,2023,ACL,119.1,2.0759117614827773,896.0,0,1
2023.acl-long.456,US,2023,ACL,130.5,2.1156105116742996,896.0,0,1
2023.acl-long.46,US,2023,ACL,312.0,2.494154594018443,896.0,0,2
2023.acl-long.466,US,2023,ACL,444.4,2.64777405026883,896.0,0,1
2023.acl-long.467,US,2023,ACL,2496.0,3.397244581010386,896.0,1,2
2023.acl-long.468,US,2023,ACL,299.4,2.4762517960070336,896.0,0,1
2023.acl-long.470,US,2023,ACL,112.0,2.0492180226701815,896.0,0,1
2023.acl-long.471,US,2023,ACL,113.8,2.056142262059052,896.0,0,2
2023.acl-long.472,US,2023,ACL,312.0,2.494154594018443,896.0,0,1
2023.acl-long.478,US,2023,ACL,880.0,2.9444826721501687,896.0,0,1
2023.acl-long.48,US,2023,ACL,110.0,2.041392685158225,896.0,0,1
2023.acl-long.483,US,2023,ACL,312.0,2.494154594018443,896.0,0,1
2023.acl-long.487,US,2023,ACL,652.5,2.814580516010319,896.0,0,4
2023.acl-long.493,US,2023,ACL,896.0,2.9523080096621253,896.0,1,2
2023.acl-long.495,US,2023,ACL,112.0,2.0492180226701815,896.0,0,2
2023.acl-long.496,US,2023,ACL,448.0,2.651278013998144,896.0,0,3
2023.acl-long.497,US,2023,ACL,261.0,2.416640507338281,896.0,0,1
2023.acl-long.498,US,2023,ACL,112.0,2.0492180226701815,896.0,0,1
2023.acl-long.50,US,2023,ACL,110.0,2.041392685158225,896.0,0,2
2023.acl-long.501,US,2023,ACL,112.0,2.0492180226701815,896.0,0,1
2023.acl-long.502,US,2023,ACL,112.0,2.0492180226701815,896.0,0,1
2023.acl-long.504,US,2023,ACL,448.0,2.651278013998144,896.0,0,1
2023.acl-long.506,US,2023,ACL,1248.0,3.0962145853464054,896.0,1,1
2023.acl-long.507,US,2023,ACL,149.7,2.1752218003430523,896.0,0,1
2023.acl-long.510,US,2023,ACL,896.0,2.9523080096621253,896.0,1,2
2023.acl-long.512,US,2023,ACL,910.4,2.959232249050996,896.0,1,1
2023.acl-long.516,US,2023,ACL,119.1,2.0759117614827773,896.0,0,1
2023.acl-long.517,US,2023,ACL,110.0,2.041392685158225,896.0,0,1
2023.acl-long.519,US,2023,ACL,312.0,2.494154594018443,896.0,0,2
2023.acl-long.520,US,2023,ACL,119.1,2.0759117614827773,896.0,0,2
2023.acl-long.527,US,2023,ACL,2496.0,3.397244581010386,896.0,1,2
2023.acl-long.53,US,2023,ACL,130.5,2.1156105116742996,896.0,0,1
2023.acl-long.531,US,2023,ACL,222.2,2.346744054604849,896.0,0,1
2023.acl-long.535,US,2023,ACL,119.1,2.0759117614827773,896.0,0,2
2023.acl-long.536,US,2023,ACL,149.7,2.1752218003430523,896.0,0,2
2023.acl-long.54,US,2023,ACL,73.0,1.863322860120456,896.0,0,1
2023.acl-long.540,US,2023,ACL,112.0,2.0492180226701815,896.0,0,2
2023.acl-long.541,US,2023,ACL,110.0,2.041392685158225,896.0,0,1
2023.acl-long.542,US,2023,ACL,476.4,2.67797175281074,896.0,0,2
2023.acl-long.546,US,2023,ACL,112.0,2.0492180226701815,896.0,0,1
2023.acl-long.55,US,2023,ACL,112.0,2.0492180226701815,896.0,0,1
2023.acl-long.551,US,2023,ACL,312.0,2.494154594018443,896.0,0,2
2023.acl-long.555,US,2023,ACL,261.0,2.416640507338281,896.0,0,1
2023.acl-long.558,US,2023,ACL,455.2,2.6582022533870147,896.0,0,3
2023.acl-long.56,US,2023,ACL,142.0,2.1522883443830563,896.0,0,2
2023.acl-long.561,US,2023,ACL,598.8,2.777281791671015,896.0,0,1
2023.acl-long.569,US,2023,ACL,356.8,2.5524248457040857,896.0,0,1
2023.acl-long.571,US,2023,ACL,113.8,2.056142262059052,896.0,0,1
2023.acl-long.573,US,2023,ACL,113.8,2.056142262059052,896.0,0,2
2023.acl-long.575,US,2023,ACL,71.0,1.8512583487190752,896.0,0,2
2023.acl-long.580,US,2023,ACL,312.0,2.494154594018443,896.0,0,1
2023.acl-long.583,US,2023,ACL,299.4,2.4762517960070336,896.0,0,1
2023.acl-long.584,US,2023,ACL,71.0,1.8512583487190752,896.0,0,2
2023.acl-long.587,US,2023,ACL,312.0,2.494154594018443,896.0,0,1
2023.acl-long.591,US,2023,ACL,9.526,0.9789105771755716,896.0,0,2
2023.acl-long.592,US,2023,ACL,149.7,2.1752218003430523,896.0,0,2
2023.acl-long.596,US,2023,ACL,312.0,2.494154594018443,896.0,0,1
2023.acl-long.60,US,2023,ACL,14336.0,4.15642799231805,896.0,1,1
2023.acl-long.603,US,2023,ACL,11.76,1.0704073217401198,896.0,0,3
2023.acl-long.609,US,2023,ACL,112.0,2.0492180226701815,896.0,0,15
2023.acl-long.615,US,2023,ACL,952.8,2.979001748474721,896.0,1,2
2023.acl-long.616,US,2023,ACL,222.2,2.346744054604849,896.0,0,1
2023.acl-long.617,US,2023,ACL,112.0,2.0492180226701815,896.0,0,1
2023.acl-long.618,US,2023,ACL,2496.0,3.397244581010386,896.0,1,2
2023.acl-long.624,US,2023,ACL,238.2,2.3769417571467586,896.0,0,1
2023.acl-long.630,US,2023,ACL,476.4,2.67797175281074,896.0,0,2
2023.acl-long.634,US,2023,ACL,888.8,2.9488040459328113,896.0,0,1
2023.acl-long.639,US,2023,ACL,896.0,2.9523080096621253,896.0,1,2
2023.acl-long.641,US,2023,ACL,2496.0,3.397244581010386,896.0,1,1
2023.acl-long.642,US,2023,ACL,1248.0,3.0962145853464054,896.0,1,1
2023.acl-long.643,US,2023,ACL,1248.0,3.0962145853464054,896.0,1,1
2023.acl-long.645,US,2023,ACL,896.0,2.9523080096621253,896.0,1,2
2023.acl-long.647,US,2023,ACL,3584.0,3.5543680009900878,896.0,1,1
2023.acl-long.653,US,2023,ACL,2496.0,3.397244581010386,896.0,1,7
2023.acl-long.654,US,2023,ACL,6.691,0.8254910298794309,896.0,0,1
2023.acl-long.656,US,2023,ACL,2395.2,3.379341782998977,896.0,1,2
2023.acl-long.657,US,2023,ACL,112.0,2.0492180226701815,896.0,0,1
2023.acl-long.658,US,2023,ACL,110.0,2.041392685158225,896.0,0,1
2023.acl-long.663,US,2023,ACL,9984.0,3.9993045723383487,896.0,1,2
2023.acl-long.665,US,2023,ACL,12.15,1.084576277934331,896.0,0,1
2023.acl-long.67,US,2023,ACL,11.34,1.0546130545568877,896.0,0,2
2023.acl-long.671,US,2023,ACL,1248.0,3.0962145853464054,896.0,1,1
2023.acl-long.672,US,2023,ACL,71.0,1.8512583487190752,896.0,0,2
2023.acl-long.678,US,2023,ACL,595.5,2.774881765818796,896.0,0,1
2023.acl-long.682,US,2023,ACL,476.4,2.67797175281074,896.0,0,1
2023.acl-long.683,US,2023,ACL,112.0,2.0492180226701815,896.0,0,2
2023.acl-long.687,US,2023,ACL,312.0,2.494154594018443,896.0,0,1
2023.acl-long.688,US,2023,ACL,2496.0,3.397244581010386,896.0,1,1
2023.acl-long.692,US,2023,ACL,312.0,2.494154594018443,896.0,0,1
2023.acl-long.693,US,2023,ACL,312.0,2.494154594018443,896.0,0,3
2023.acl-long.695,US,2023,ACL,4992.0,3.6982745766743674,896.0,1,1
2023.acl-long.703,US,2023,ACL,112.0,2.0492180226701815,896.0,0,2
2023.acl-long.707,US,2023,ACL,330.0,2.5185139398778875,896.0,0,1
2023.acl-long.708,US,2023,ACL,3584.0,3.5543680009900878,896.0,1,1
2023.acl-long.713,US,2023,ACL,2496.0,3.397244581010386,896.0,1,1
2023.acl-long.717,US,2023,ACL,113.8,2.056142262059052,896.0,0,1
2023.acl-long.718,US,2023,ACL,4992.0,3.6982745766743674,896.0,1,2
2023.acl-long.719,US,2023,ACL,227.6,2.3571722577230334,896.0,0,2
2023.acl-long.720,US,2023,ACL,522.0,2.717670503002262,896.0,0,2
2023.acl-long.721,US,2023,ACL,1248.0,3.0962145853464054,896.0,1,1
2023.acl-long.723,US,2023,ACL,119.1,2.0759117614827773,896.0,0,2
2023.acl-long.724,US,2023,ACL,79872.0,4.9023945593302924,896.0,1,1
2023.acl-long.725,US,2023,ACL,119.1,2.0759117614827773,896.0,0,2
2023.acl-long.728,US,2023,ACL,896.0,2.9523080096621253,896.0,1,2
2023.acl-long.737,US,2023,ACL,428.0,2.6314437690131722,896.0,0,1
2023.acl-long.739,US,2023,ACL,112.0,2.0492180226701815,896.0,0,1
2023.acl-long.74,US,2023,ACL,1792.0,3.2533380053261065,896.0,1,1
2023.acl-long.747,US,2023,ACL,222.2,2.346744054604849,896.0,0,2
2023.acl-long.755,US,2023,ACL,213.0,2.3283796034387376,896.0,0,2
2023.acl-long.756,US,2023,ACL,312.0,2.494154594018443,896.0,0,1
2023.acl-long.758,US,2023,ACL,896.0,2.9523080096621253,896.0,1,2
2023.acl-long.76,US,2023,ACL,1792.0,3.2533380053261065,896.0,1,1
2023.acl-long.763,US,2023,ACL,896.0,2.9523080096621253,896.0,1,1
2023.acl-long.771,US,2023,ACL,312.0,2.494154594018443,896.0,0,3
2023.acl-long.772,US,2023,ACL,224.0,2.3502480183341627,896.0,0,2
2023.acl-long.781,US,2023,ACL,312.0,2.494154594018443,896.0,0,1
2023.acl-long.783,US,2023,ACL,112.0,2.0492180226701815,896.0,0,2
2023.acl-long.789,US,2023,ACL,113.8,2.056142262059052,896.0,0,4
2023.acl-long.791,US,2023,ACL,22.68,1.355643050220869,896.0,0,2
2023.acl-long.795,US,2023,ACL,153.4,2.185825359612962,896.0,0,3
2023.acl-long.796,US,2023,ACL,112.0,2.0492180226701815,896.0,0,3
2023.acl-long.8,US,2023,ACL,312.0,2.494154594018443,896.0,0,2
2023.acl-long.802,US,2023,ACL,312.0,2.494154594018443,896.0,0,3
2023.acl-long.806,US,2023,ACL,3584.0,3.5543680009900878,896.0,1,2
2023.acl-long.811,US,2023,ACL,14.9,1.173186268412274,896.0,0,2
2023.acl-long.815,US,2023,ACL,112.0,2.0492180226701815,896.0,0,2
2023.acl-long.816,US,2023,ACL,1792.0,3.2533380053261065,896.0,1,2
2023.acl-long.818,US,2023,ACL,448.0,2.651278013998144,896.0,0,2
2023.acl-long.82,US,2023,ACL,476.4,2.67797175281074,896.0,0,1
2023.acl-long.821,US,2023,ACL,112.0,2.0492180226701815,896.0,0,2
2023.acl-long.825,US,2023,ACL,112.0,2.0492180226701815,896.0,0,1
2023.acl-long.826,US,2023,ACL,312.0,2.494154594018443,896.0,0,2
2023.acl-long.834,US,2023,ACL,1044.0,3.0187004986662433,896.0,1,1
2023.acl-long.837,US,2023,ACL,990.0,2.99563519459755,896.0,1,1
2023.acl-long.841,US,2023,ACL,110.0,2.041392685158225,896.0,0,2
2023.acl-long.842,US,2023,ACL,341.4,2.5332635167787148,896.0,0,2
2023.acl-long.844,US,2023,ACL,896.0,2.9523080096621253,896.0,1,1
2023.acl-long.846,US,2023,ACL,312.0,2.494154594018443,896.0,0,1
2023.acl-long.854,US,2023,ACL,312.0,2.494154594018443,896.0,0,1
2023.acl-long.856,US,2023,ACL,159744.0,5.203424554994274,896.0,1,1
2023.acl-long.863,US,2023,ACL,107.0,2.0293837776852097,896.0,0,1
2023.acl-long.867,US,2023,ACL,535.2,2.7285161047597666,896.0,0,2
2023.acl-long.869,US,2023,ACL,119.1,2.0759117614827773,896.0,0,1
2023.acl-long.872,US,2023,ACL,112.0,2.0492180226701815,896.0,0,1
2023.acl-long.877,US,2023,ACL,913.5,2.9607085516885565,896.0,1,1
2023.acl-long.879,US,2023,ACL,224.0,2.3502480183341627,896.0,0,3
2023.acl-long.88,US,2023,ACL,312.0,2.494154594018443,896.0,0,1
2023.acl-long.881,US,2023,ACL,149.7,2.1752218003430523,896.0,0,1
2023.acl-long.882,US,2023,ACL,312.0,2.494154594018443,896.0,0,1
2023.acl-long.885,US,2023,ACL,220.0,2.342422680822206,896.0,0,2
2023.acl-long.886,US,2023,ACL,119.1,2.0759117614827773,896.0,0,1
2023.acl-long.89,US,2023,ACL,3584.0,3.5543680009900878,896.0,1,1
2023.acl-long.890,US,2023,ACL,130.5,2.1156105116742996,896.0,0,1
2023.acl-long.899,US,2023,ACL,19968.0,4.30033456800233,896.0,1,1
2023.acl-long.905,US,2023,ACL,598.8,2.777281791671015,896.0,0,1
2023.acl-long.91,US,2023,ACL,89.2,1.9503648543761232,896.0,0,1
2023.emnlp-main.1004,US,2023,EMNLP,261.0,2.416640507338281,896.0,0,2
2023.emnlp-main.1010,US,2023,EMNLP,119.1,2.0759117614827773,896.0,0,1
2023.emnlp-main.1018,US,2023,EMNLP,119.1,2.0759117614827773,896.0,0,2
2023.emnlp-main.1019,US,2023,EMNLP,312.0,2.494154594018443,896.0,0,2
2023.emnlp-main.1020,US,2023,EMNLP,71.0,1.8512583487190752,896.0,0,1
2023.emnlp-main.1028,US,2023,EMNLP,312.0,2.494154594018443,896.0,0,1
2023.emnlp-main.1029,US,2023,EMNLP,856.0,2.932473764677153,896.0,0,1
2023.emnlp-main.1030,US,2023,EMNLP,125.0,2.0969100130080562,896.0,0,3
2023.emnlp-main.1038,US,2023,EMNLP,312.0,2.494154594018443,896.0,0,2
2023.emnlp-main.110,US,2023,EMNLP,238.2,2.3769417571467586,896.0,0,1
2023.emnlp-main.111,US,2023,EMNLP,2496.0,3.397244581010386,896.0,1,2
2023.emnlp-main.112,US,2023,EMNLP,2496.0,3.397244581010386,896.0,1,1
2023.emnlp-main.117,US,2023,EMNLP,71.0,1.8512583487190752,896.0,0,3
2023.emnlp-main.120,US,2023,EMNLP,896.0,2.9523080096621253,896.0,1,2
2023.emnlp-main.121,US,2023,EMNLP,224.0,2.3502480183341627,896.0,0,2
2023.emnlp-main.134,US,2023,EMNLP,312.0,2.494154594018443,896.0,0,3
2023.emnlp-main.135,US,2023,EMNLP,598.8,2.777281791671015,896.0,0,1
2023.emnlp-main.139,US,2023,EMNLP,7168.0,3.8553979966540686,896.0,1,1
2023.emnlp-main.140,US,2023,EMNLP,896.0,2.9523080096621253,896.0,1,2
2023.emnlp-main.144,US,2023,EMNLP,110.0,2.041392685158225,896.0,0,2
2023.emnlp-main.147,US,2023,EMNLP,130.5,2.1156105116742996,896.0,0,1
2023.emnlp-main.161,US,2023,EMNLP,312.0,2.494154594018443,896.0,0,2
2023.emnlp-main.164,US,2023,EMNLP,1532.0,3.185258765296585,896.0,1,2
2023.emnlp-main.168,US,2023,EMNLP,1248.0,3.0962145853464054,896.0,1,2
2023.emnlp-main.170,US,2023,EMNLP,9.526,0.9789105771755716,896.0,0,1
2023.emnlp-main.171,US,2023,EMNLP,624.0,2.795184589682424,896.0,0,1
2023.emnlp-main.179,US,2023,EMNLP,624.0,2.795184589682424,896.0,0,1
2023.emnlp-main.182,US,2023,EMNLP,3584.0,3.5543680009900878,896.0,1,3
2023.emnlp-main.186,US,2023,EMNLP,119.1,2.0759117614827773,896.0,0,1
2023.emnlp-main.198,US,2023,EMNLP,522.0,2.717670503002262,896.0,0,1
2023.emnlp-main.211,US,2023,EMNLP,1197.6,3.078311787334996,896.0,1,1
2023.emnlp-main.218,US,2023,EMNLP,2496.0,3.397244581010386,896.0,1,2
2023.emnlp-main.219,US,2023,EMNLP,312.0,2.494154594018443,896.0,0,1
2023.emnlp-main.221,US,2023,EMNLP,896.0,2.9523080096621253,896.0,1,1
2023.emnlp-main.227,US,2023,EMNLP,119.1,2.0759117614827773,896.0,0,1
2023.emnlp-main.230,US,2023,EMNLP,112.0,2.0492180226701815,896.0,0,1
2023.emnlp-main.232,US,2023,EMNLP,312.0,2.494154594018443,896.0,0,1
2023.emnlp-main.233,US,2023,EMNLP,9.526,0.9789105771755716,896.0,0,1
2023.emnlp-main.235,US,2023,EMNLP,312.0,2.494154594018443,896.0,0,1
2023.emnlp-main.245,US,2023,EMNLP,312.0,2.494154594018443,896.0,0,2
2023.emnlp-main.25,US,2023,EMNLP,71.0,1.8512583487190752,896.0,0,2
2023.emnlp-main.251,US,2023,EMNLP,130.5,2.1156105116742996,896.0,0,2
2023.emnlp-main.252,US,2023,EMNLP,71.0,1.8512583487190752,896.0,0,2
2023.emnlp-main.255,US,2023,EMNLP,6048.0,3.78161178249315,896.0,1,1
2023.emnlp-main.268,US,2023,EMNLP,312.0,2.494154594018443,896.0,0,1
2023.emnlp-main.27,US,2023,EMNLP,312.0,2.494154594018443,896.0,0,1
2023.emnlp-main.270,US,2023,EMNLP,112.0,2.0492180226701815,896.0,0,1
2023.emnlp-main.284,US,2023,EMNLP,952.8,2.979001748474721,896.0,1,2
2023.emnlp-main.286,US,2023,EMNLP,598.8,2.777281791671015,896.0,0,2
2023.emnlp-main.288,US,2023,EMNLP,149.7,2.1752218003430523,896.0,0,1
2023.emnlp-main.289,US,2023,EMNLP,1248.0,3.0962145853464054,896.0,1,1
2023.emnlp-main.297,US,2023,EMNLP,1248.0,3.0962145853464054,896.0,1,2
2023.emnlp-main.30,US,2023,EMNLP,178.4,2.2513948500401044,896.0,0,2
2023.emnlp-main.300,US,2023,EMNLP,149.7,2.1752218003430523,896.0,0,1
2023.emnlp-main.301,US,2023,EMNLP,476.4,2.67797175281074,896.0,0,1
2023.emnlp-main.302,US,2023,EMNLP,312.0,2.494154594018443,896.0,0,4
2023.emnlp-main.304,US,2023,EMNLP,312.0,2.494154594018443,896.0,0,1
2023.emnlp-main.310,US,2023,EMNLP,2496.0,3.397244581010386,896.0,1,1
2023.emnlp-main.313,US,2023,EMNLP,312.0,2.494154594018443,896.0,0,1
2023.emnlp-main.317,US,2023,EMNLP,330.0,2.5185139398778875,896.0,0,1
2023.emnlp-main.329,US,2023,EMNLP,312.0,2.494154594018443,896.0,0,1
2023.emnlp-main.330,US,2023,EMNLP,1248.0,3.0962145853464054,896.0,1,1
2023.emnlp-main.336,US,2023,EMNLP,1872.0,3.2723058444020863,896.0,1,1
2023.emnlp-main.337,US,2023,EMNLP,112.0,2.0492180226701815,896.0,0,1
2023.emnlp-main.338,US,2023,EMNLP,220.0,2.342422680822206,896.0,0,1
2023.emnlp-main.342,US,2023,EMNLP,1777.6,3.2498340415967926,896.0,1,2
2023.emnlp-main.351,US,2023,EMNLP,312.0,2.494154594018443,896.0,0,4
2023.emnlp-main.353,US,2023,EMNLP,312.0,2.494154594018443,896.0,0,1
2023.emnlp-main.354,US,2023,EMNLP,896.0,2.9523080096621253,896.0,1,1
2023.emnlp-main.362,US,2023,EMNLP,71.0,1.8512583487190752,896.0,0,2
2023.emnlp-main.366,US,2023,EMNLP,149.7,2.1752218003430523,896.0,0,2
2023.emnlp-main.374,US,2023,EMNLP,2496.0,3.397244581010386,896.0,1,2
2023.emnlp-main.375,US,2023,EMNLP,896.0,2.9523080096621253,896.0,1,2
2023.emnlp-main.377,US,2023,EMNLP,312.0,2.494154594018443,896.0,0,2
2023.emnlp-main.383,US,2023,EMNLP,598.8,2.777281791671015,896.0,0,1
2023.emnlp-main.385,US,2023,EMNLP,2496.0,3.397244581010386,896.0,1,2
2023.emnlp-main.395,US,2023,EMNLP,130.5,2.1156105116742996,896.0,0,4
2023.emnlp-main.4,US,2023,EMNLP,119.1,2.0759117614827773,896.0,0,1
2023.emnlp-main.403,US,2023,EMNLP,312.0,2.494154594018443,896.0,0,2
2023.emnlp-main.405,US,2023,EMNLP,71.0,1.8512583487190752,896.0,0,2
2023.emnlp-main.410,US,2023,EMNLP,2496.0,3.397244581010386,896.0,1,1
2023.emnlp-main.415,US,2023,EMNLP,220.0,2.342422680822206,896.0,0,1
2023.emnlp-main.417,US,2023,EMNLP,2496.0,3.397244581010386,896.0,1,2
2023.emnlp-main.424,US,2023,EMNLP,880.0,2.9444826721501687,896.0,0,1
2023.emnlp-main.429,US,2023,EMNLP,312.0,2.494154594018443,896.0,0,2
2023.emnlp-main.43,US,2023,EMNLP,312.0,2.494154594018443,896.0,0,1
2023.emnlp-main.430,US,2023,EMNLP,312.0,2.494154594018443,896.0,0,2
2023.emnlp-main.433,US,2023,EMNLP,952.8,2.979001748474721,896.0,1,2
2023.emnlp-main.436,US,2023,EMNLP,312.0,2.494154594018443,896.0,0,2
2023.emnlp-main.44,US,2023,EMNLP,624.0,2.795184589682424,896.0,0,3
2023.emnlp-main.440,US,2023,EMNLP,71.0,1.8512583487190752,896.0,0,2
2023.emnlp-main.450,US,2023,EMNLP,12.15,1.084576277934331,896.0,0,1
2023.emnlp-main.451,US,2023,EMNLP,2496.0,3.397244581010386,896.0,1,1
2023.emnlp-main.452,US,2023,EMNLP,312.0,2.494154594018443,896.0,0,1
2023.emnlp-main.456,US,2023,EMNLP,160.0,2.2041199826559246,896.0,0,2
2023.emnlp-main.465,US,2023,EMNLP,38.104,1.580970568503534,896.0,0,2
2023.emnlp-main.468,US,2023,EMNLP,2496.0,3.397244581010386,896.0,1,2
2023.emnlp-main.470,US,2023,EMNLP,110.0,2.041392685158225,896.0,0,1
2023.emnlp-main.482,US,2023,EMNLP,2496.0,3.397244581010386,896.0,1,1
2023.emnlp-main.485,US,2023,EMNLP,113.8,2.056142262059052,896.0,0,1
2023.emnlp-main.499,US,2023,EMNLP,71.0,1.8512583487190752,896.0,0,2
2023.emnlp-main.505,US,2023,EMNLP,238.2,2.3769417571467586,896.0,0,1
2023.emnlp-main.507,US,2023,EMNLP,888.8,2.9488040459328113,896.0,0,2
2023.emnlp-main.515,US,2023,EMNLP,7168.0,3.8553979966540686,896.0,1,1
2023.emnlp-main.518,US,2023,EMNLP,312.0,2.494154594018443,896.0,0,3
2023.emnlp-main.524,US,2023,EMNLP,112.0,2.0492180226701815,896.0,0,2
2023.emnlp-main.528,US,2023,EMNLP,1248.0,3.0962145853464054,896.0,1,1
2023.emnlp-main.530,US,2023,EMNLP,2496.0,3.397244581010386,896.0,1,2
2023.emnlp-main.540,US,2023,EMNLP,238.2,2.3769417571467586,896.0,0,1
2023.emnlp-main.547,US,2023,EMNLP,312.0,2.494154594018443,896.0,0,1
2023.emnlp-main.55,US,2023,EMNLP,222.2,2.346744054604849,896.0,0,1
2023.emnlp-main.56,US,2023,EMNLP,19968.0,4.30033456800233,896.0,1,1
2023.emnlp-main.560,US,2023,EMNLP,312.0,2.494154594018443,896.0,0,1
2023.emnlp-main.566,US,2023,EMNLP,2496.0,3.397244581010386,896.0,1,2
2023.emnlp-main.567,US,2023,EMNLP,1792.0,3.2533380053261065,896.0,1,2
2023.emnlp-main.578,US,2023,EMNLP,312.0,2.494154594018443,896.0,0,2
2023.emnlp-main.58,US,2023,EMNLP,896.0,2.9523080096621253,896.0,1,2
2023.emnlp-main.59,US,2023,EMNLP,2395.2,3.379341782998977,896.0,1,2
2023.emnlp-main.600,US,2023,EMNLP,224.0,2.3502480183341627,896.0,0,1
2023.emnlp-main.602,US,2023,EMNLP,130.5,2.1156105116742996,896.0,0,1
2023.emnlp-main.610,US,2023,EMNLP,312.0,2.494154594018443,896.0,0,3
2023.emnlp-main.616,US,2023,EMNLP,1248.0,3.0962145853464054,896.0,1,2
2023.emnlp-main.618,US,2023,EMNLP,624.0,2.795184589682424,896.0,0,4
2023.emnlp-main.62,US,2023,EMNLP,624.0,2.795184589682424,896.0,0,1
2023.emnlp-main.622,US,2023,EMNLP,312.0,2.494154594018443,896.0,0,1
2023.emnlp-main.628,US,2023,EMNLP,2496.0,3.397244581010386,896.0,1,2
2023.emnlp-main.638,US,2023,EMNLP,1777.6,3.2498340415967926,896.0,1,1
2023.emnlp-main.659,US,2023,EMNLP,238.2,2.3769417571467586,896.0,0,1
2023.emnlp-main.672,US,2023,EMNLP,896.0,2.9523080096621253,896.0,1,3
2023.emnlp-main.679,US,2023,EMNLP,71.0,1.8512583487190752,896.0,0,2
2023.emnlp-main.68,US,2023,EMNLP,4992.0,3.6982745766743674,896.0,1,1
2023.emnlp-main.688,US,2023,EMNLP,952.8,2.979001748474721,896.0,1,2
2023.emnlp-main.691,US,2023,EMNLP,756.0,2.8785217955012063,896.0,0,1
2023.emnlp-main.693,US,2023,EMNLP,112.0,2.0492180226701815,896.0,0,2
2023.emnlp-main.694,US,2023,EMNLP,119.1,2.0759117614827773,896.0,0,1
2023.emnlp-main.695,US,2023,EMNLP,119.1,2.0759117614827773,896.0,0,1
2023.emnlp-main.697,US,2023,EMNLP,89.2,1.9503648543761232,896.0,0,1
2023.emnlp-main.699,US,2023,EMNLP,222.2,2.346744054604849,896.0,0,3
2023.emnlp-main.70,US,2023,EMNLP,2496.0,3.397244581010386,896.0,1,2
2023.emnlp-main.702,US,2023,EMNLP,2496.0,3.397244581010386,896.0,1,1
2023.emnlp-main.704,US,2023,EMNLP,2496.0,3.397244581010386,896.0,1,1
2023.emnlp-main.706,US,2023,EMNLP,896.0,2.9523080096621253,896.0,1,2
2023.emnlp-main.708,US,2023,EMNLP,7168.0,3.8553979966540686,896.0,1,1
2023.emnlp-main.713,US,2023,EMNLP,73.0,1.863322860120456,896.0,0,2
2023.emnlp-main.714,US,2023,EMNLP,112.0,2.0492180226701815,896.0,0,1
2023.emnlp-main.717,US,2023,EMNLP,2496.0,3.397244581010386,896.0,1,2
2023.emnlp-main.719,US,2023,EMNLP,1248.0,3.0962145853464054,896.0,1,1
2023.emnlp-main.734,US,2023,EMNLP,71.0,1.8512583487190752,896.0,0,3
2023.emnlp-main.738,US,2023,EMNLP,2496.0,3.397244581010386,896.0,1,1
2023.emnlp-main.74,US,2023,EMNLP,952.8,2.979001748474721,896.0,1,3
2023.emnlp-main.745,US,2023,EMNLP,250.0,2.3979400086720375,896.0,0,1
2023.emnlp-main.749,US,2023,EMNLP,71.0,1.8512583487190752,896.0,0,1
2023.emnlp-main.752,US,2023,EMNLP,2496.0,3.397244581010386,896.0,1,1
2023.emnlp-main.758,US,2023,EMNLP,896.0,2.9523080096621253,896.0,1,1
2023.emnlp-main.759,US,2023,EMNLP,2496.0,3.397244581010386,896.0,1,1
2023.emnlp-main.76,US,2023,EMNLP,624.0,2.795184589682424,896.0,0,3
2023.emnlp-main.761,US,2023,EMNLP,312.0,2.494154594018443,896.0,0,2
2023.emnlp-main.769,US,2023,EMNLP,112.0,2.0492180226701815,896.0,0,2
2023.emnlp-main.77,US,2023,EMNLP,45.36,1.6566730458848502,896.0,0,2
2023.emnlp-main.776,US,2023,EMNLP,14.9,1.173186268412274,896.0,0,1
2023.emnlp-main.780,US,2023,EMNLP,119.1,2.0759117614827773,896.0,0,1
2023.emnlp-main.782,US,2023,EMNLP,2496.0,3.397244581010386,896.0,1,2
2023.emnlp-main.79,US,2023,EMNLP,71.0,1.8512583487190752,896.0,0,1
2023.emnlp-main.790,US,2023,EMNLP,113.8,2.056142262059052,896.0,0,1
2023.emnlp-main.792,US,2023,EMNLP,312.0,2.494154594018443,896.0,0,1
2023.emnlp-main.794,US,2023,EMNLP,71.0,1.8512583487190752,896.0,0,2
2023.emnlp-main.801,US,2023,EMNLP,312.0,2.494154594018443,896.0,0,1
2023.emnlp-main.802,US,2023,EMNLP,448.0,2.651278013998144,896.0,0,1
2023.emnlp-main.805,US,2023,EMNLP,112.0,2.0492180226701815,896.0,0,1
2023.emnlp-main.809,US,2023,EMNLP,130.0,2.113943352306837,896.0,0,4
2023.emnlp-main.810,US,2023,EMNLP,2496.0,3.397244581010386,896.0,1,1
2023.emnlp-main.811,US,2023,EMNLP,130.5,2.1156105116742996,896.0,0,1
2023.emnlp-main.813,US,2023,EMNLP,79872.0,4.9023945593302924,896.0,1,1
2023.emnlp-main.817,US,2023,EMNLP,312.0,2.494154594018443,896.0,0,2
2023.emnlp-main.820,US,2023,EMNLP,2496.0,3.397244581010386,896.0,1,1
2023.emnlp-main.821,US,2023,EMNLP,1560.0,3.1931245983544616,896.0,1,5
2023.emnlp-main.825,US,2023,EMNLP,112.0,2.0492180226701815,896.0,0,1
2023.emnlp-main.83,US,2023,EMNLP,2496.0,3.397244581010386,896.0,1,2
2023.emnlp-main.831,US,2023,EMNLP,2496.0,3.397244581010386,896.0,1,2
2023.emnlp-main.832,US,2023,EMNLP,312.0,2.494154594018443,896.0,0,1
2023.emnlp-main.833,US,2023,EMNLP,119.1,2.0759117614827773,896.0,0,1
2023.emnlp-main.849,US,2023,EMNLP,2496.0,3.397244581010386,896.0,1,2
2023.emnlp-main.85,US,2023,EMNLP,312.0,2.494154594018443,896.0,0,3
2023.emnlp-main.858,US,2023,EMNLP,110.0,2.041392685158225,896.0,0,1
2023.emnlp-main.870,US,2023,EMNLP,1248.0,3.0962145853464054,896.0,1,2
2023.emnlp-main.877,US,2023,EMNLP,2496.0,3.397244581010386,896.0,1,2
2023.emnlp-main.879,US,2023,EMNLP,110.0,2.041392685158225,896.0,0,1
2023.emnlp-main.880,US,2023,EMNLP,71.0,1.8512583487190752,896.0,0,1
2023.emnlp-main.882,US,2023,EMNLP,112.0,2.0492180226701815,896.0,0,1
2023.emnlp-main.889,US,2023,EMNLP,119.1,2.0759117614827773,896.0,0,2
2023.emnlp-main.893,US,2023,EMNLP,149.7,2.1752218003430523,896.0,0,1
2023.emnlp-main.90,US,2023,EMNLP,312.0,2.494154594018443,896.0,0,2
2023.emnlp-main.900,US,2023,EMNLP,896.0,2.9523080096621253,896.0,1,2
2023.emnlp-main.906,US,2023,EMNLP,1248.0,3.0962145853464054,896.0,1,2
2023.emnlp-main.907,US,2023,EMNLP,896.0,2.9523080096621253,896.0,1,3
2023.emnlp-main.908,US,2023,EMNLP,112.0,2.0492180226701815,896.0,0,1
2023.emnlp-main.909,US,2023,EMNLP,1000.0,3.0,896.0,1,1
2023.emnlp-main.911,US,2023,EMNLP,71.0,1.8512583487190752,896.0,0,2
2023.emnlp-main.915,US,2023,EMNLP,119.1,2.0759117614827773,896.0,0,1
2023.emnlp-main.925,US,2023,EMNLP,2496.0,3.397244581010386,896.0,1,2
2023.emnlp-main.93,US,2023,EMNLP,2496.0,3.397244581010386,896.0,1,2
2023.emnlp-main.930,US,2023,EMNLP,3584.0,3.5543680009900878,896.0,1,1
2023.emnlp-main.932,US,2023,EMNLP,19968.0,4.30033456800233,896.0,1,1
2023.emnlp-main.934,US,2023,EMNLP,87.0,1.9395192526186185,896.0,0,1
2023.emnlp-main.944,US,2023,EMNLP,149.7,2.1752218003430523,896.0,0,2
2023.emnlp-main.957,US,2023,EMNLP,476.4,2.67797175281074,896.0,0,2
2023.emnlp-main.961,US,2023,EMNLP,119.1,2.0759117614827773,896.0,0,2
2023.emnlp-main.97,US,2023,EMNLP,2496.0,3.397244581010386,896.0,1,1
2023.emnlp-main.970,US,2023,EMNLP,112.0,2.0492180226701815,896.0,0,1
2023.emnlp-main.98,US,2023,EMNLP,312.0,2.494154594018443,896.0,0,1
2023.emnlp-main.984,US,2023,EMNLP,356.8,2.5524248457040857,896.0,0,1
2023.emnlp-main.985,US,2023,EMNLP,110.0,2.041392685158225,896.0,0,1
2023.emnlp-main.995,US,2023,EMNLP,448.0,2.651278013998144,896.0,0,3
2023.acl-long.592,VN,2023,ACL,149.7,2.1752218003430523,896.0,0,2
2023.emnlp-main.315,VN,2023,EMNLP,660.0,2.8195439355418688,896.0,0,1
2023.emnlp-main.351,VN,2023,EMNLP,312.0,2.494154594018443,896.0,0,4
2023.emnlp-main.775,VN,2023,EMNLP,312.0,2.494154594018443,896.0,0,3
2023.acl-long.609,ZA,2023,ACL,112.0,2.0492180226701815,896.0,0,15
2023.acl-long.115,ZM,2023,ACL,9.526,0.9789105771755716,896.0,0,2
2024.acl-long.240,AE,2024,ACL,312.0,2.494154594018443,2496.0,0,3
2024.acl-long.593,AE,2024,ACL,2496.0,3.397244581010386,2496.0,1,2
2024.acl-long.658,AE,2024,ACL,71.0,1.8512583487190752,2496.0,0,2
2024.acl-long.679,AE,2024,ACL,2496.0,3.397244581010386,2496.0,1,3
2024.acl-long.680,AE,2024,ACL,2496.0,3.397244581010386,2496.0,1,2
2024.acl-long.781,AE,2024,ACL,312.0,2.494154594018443,2496.0,0,3
2024.acl-long.796,AE,2024,ACL,2496.0,3.397244581010386,2496.0,1,6
2024.emnlp-main.1030,AE,2024,EMNLP,312.0,2.494154594018443,2496.0,0,1
2024.emnlp-main.1038,AE,2024,EMNLP,2496.0,3.397244581010386,2496.0,1,2
2024.emnlp-main.1085,AE,2024,EMNLP,624.0,2.795184589682424,2496.0,0,4
2024.emnlp-main.1134,AE,2024,EMNLP,896.0,2.9523080096621253,2496.0,0,2
2024.emnlp-main.1211,AE,2024,EMNLP,312.0,2.494154594018443,2496.0,0,9
2024.emnlp-main.285,AE,2024,EMNLP,1000.0,3.0,2496.0,0,2
2024.emnlp-main.296,AE,2024,EMNLP,2496.0,3.397244581010386,2496.0,1,13
2024.emnlp-main.320,AE,2024,EMNLP,112.0,2.0492180226701815,2496.0,0,2
2024.emnlp-main.599,AE,2024,EMNLP,2496.0,3.397244581010386,2496.0,1,3
2024.emnlp-main.867,AE,2024,EMNLP,113.8,2.056142262059052,2496.0,0,2
2024.emnlp-main.884,AE,2024,EMNLP,312.0,2.494154594018443,2496.0,0,2
2024.naacl-long.420,AE,2024,NAACL,312.0,2.494154594018443,2496.0,0,3
2024.naacl-long.460,AE,2024,NAACL,130.5,2.1156105116742996,2496.0,0,3
2024.naacl-long.77,AE,2024,NAACL,312.0,2.494154594018443,2496.0,0,2
2024.acl-long.301,AT,2024,ACL,1320.0,3.12057393120585,2496.0,0,3
2024.emnlp-main.132,AT,2024,EMNLP,299.4,2.4762517960070336,2496.0,0,2
2024.emnlp-main.197,AT,2024,EMNLP,568.0,2.754348335711019,2496.0,0,4
2024.emnlp-main.665,AT,2024,EMNLP,312.0,2.494154594018443,2496.0,0,2
2024.emnlp-main.88,AT,2024,EMNLP,149.7,2.1752218003430523,2496.0,0,2
2024.emnlp-main.946,AT,2024,EMNLP,2496.0,3.397244581010386,2496.0,1,1
2024.acl-long.144,AU,2024,ACL,149.7,2.1752218003430523,2496.0,0,1
2024.acl-long.375,AU,2024,ACL,330.0,2.5185139398778875,2496.0,0,2
2024.acl-long.457,AU,2024,ACL,2494.4,3.3969660978447664,2496.0,0,3
2024.acl-long.538,AU,2024,ACL,2496.0,3.397244581010386,2496.0,1,2
2024.acl-long.547,AU,2024,ACL,2496.0,3.397244581010386,2496.0,1,2
2024.acl-long.587,AU,2024,ACL,2496.0,3.397244581010386,2496.0,1,3
2024.acl-long.679,AU,2024,ACL,2496.0,3.397244581010386,2496.0,1,3
2024.acl-long.725,AU,2024,ACL,312.0,2.494154594018443,2496.0,0,1
2024.acl-long.734,AU,2024,ACL,119.1,2.0759117614827773,2496.0,0,1
2024.acl-long.781,AU,2024,ACL,312.0,2.494154594018443,2496.0,0,3
2024.acl-long.80,AU,2024,ACL,1248.0,3.0962145853464054,2496.0,0,2
2024.acl-long.823,AU,2024,ACL,112.0,2.0492180226701815,2496.0,0,2
2024.acl-long.831,AU,2024,ACL,119.1,2.0759117614827773,2496.0,0,2
2024.emnlp-main.1085,AU,2024,EMNLP,624.0,2.795184589682424,2496.0,0,4
2024.emnlp-main.1122,AU,2024,EMNLP,2496.0,3.397244581010386,2496.0,1,1
2024.emnlp-main.205,AU,2024,EMNLP,1248.0,3.0962145853464054,2496.0,0,4
2024.emnlp-main.250,AU,2024,EMNLP,3584.0,3.5543680009900878,2496.0,1,2
2024.emnlp-main.276,AU,2024,EMNLP,2496.0,3.397244581010386,2496.0,1,2
2024.emnlp-main.296,AU,2024,EMNLP,2496.0,3.397244581010386,2496.0,1,13
2024.emnlp-main.31,AU,2024,EMNLP,112.0,2.0492180226701815,2496.0,0,3
2024.emnlp-main.571,AU,2024,EMNLP,312.0,2.494154594018443,2496.0,0,1
2024.emnlp-main.580,AU,2024,EMNLP,71.0,1.8512583487190752,2496.0,0,3
2024.emnlp-main.614,AU,2024,EMNLP,1248.0,3.0962145853464054,2496.0,0,1
2024.emnlp-main.690,AU,2024,EMNLP,2496.0,3.397244581010386,2496.0,1,3
2024.emnlp-main.77,AU,2024,EMNLP,660.0,2.8195439355418688,2496.0,0,2
2024.emnlp-main.770,AU,2024,EMNLP,9984.0,3.9993045723383487,2496.0,1,1
2024.emnlp-main.8,AU,2024,EMNLP,2496.0,3.397244581010386,2496.0,1,3
2024.emnlp-main.871,AU,2024,EMNLP,2640.0,3.4216039268698313,2496.0,1,3
2024.emnlp-main.9,AU,2024,EMNLP,3584.0,3.5543680009900878,2496.0,1,2
2024.emnlp-main.916,AU,2024,EMNLP,989.0,2.9951962915971793,2496.0,0,1
2024.emnlp-main.980,AU,2024,EMNLP,149.7,2.1752218003430523,2496.0,0,1
2024.naacl-long.229,AU,2024,NAACL,125.0,2.0969100130080562,2496.0,0,1
2024.naacl-long.285,AU,2024,NAACL,312.0,2.494154594018443,2496.0,0,2
2024.acl-long.269,BD,2024,ACL,2496.0,3.397244581010386,2496.0,1,2
2024.acl-long.486,BD,2024,ACL,312.0,2.494154594018443,2496.0,0,2
2024.emnlp-main.187,BD,2024,EMNLP,896.0,2.9523080096621253,2496.0,0,2
2024.emnlp-main.205,BD,2024,EMNLP,1248.0,3.0962145853464054,2496.0,0,4
2024.emnlp-main.1125,BE,2024,EMNLP,119.1,2.0759117614827773,2496.0,0,2
2024.emnlp-main.448,BE,2024,EMNLP,312.0,2.494154594018443,2496.0,0,2
2024.naacl-long.334,BE,2024,NAACL,312.0,2.494154594018443,2496.0,0,17
2024.acl-long.488,BI,2024,ACL,1760.0,3.24551266781415,2496.0,0,4
2024.acl-long.488,BR,2024,ACL,1760.0,3.24551266781415,2496.0,0,4
2024.acl-long.100,CA,2024,ACL,2496.0,3.397244581010386,2496.0,1,2
2024.acl-long.194,CA,2024,ACL,2496.0,3.397244581010386,2496.0,1,2
2024.acl-long.214,CA,2024,ACL,9984.0,3.9993045723383487,2496.0,1,2
2024.acl-long.236,CA,2024,ACL,448.0,2.651278013998144,2496.0,0,2
2024.acl-long.311,CA,2024,ACL,312.0,2.494154594018443,2496.0,0,2
2024.acl-long.37,CA,2024,ACL,312.0,2.494154594018443,2496.0,0,1
2024.acl-long.383,CA,2024,ACL,2496.0,3.397244581010386,2496.0,1,3
2024.acl-long.487,CA,2024,ACL,9.526,0.9789105771755716,2496.0,0,2
2024.acl-long.626,CA,2024,ACL,71.0,1.8512583487190752,2496.0,0,2
2024.acl-long.663,CA,2024,ACL,119.1,2.0759117614827773,2496.0,0,1
2024.acl-long.680,CA,2024,ACL,2496.0,3.397244581010386,2496.0,1,2
2024.acl-long.681,CA,2024,ACL,19968.0,4.30033456800233,2496.0,1,2
2024.acl-long.687,CA,2024,ACL,444.4,2.64777405026883,2496.0,0,1
2024.acl-long.691,CA,2024,ACL,448.0,2.651278013998144,2496.0,0,1
2024.acl-long.764,CA,2024,ACL,896.0,2.9523080096621253,2496.0,0,2
2024.acl-long.768,CA,2024,ACL,119.1,2.0759117614827773,2496.0,0,2
2024.emnlp-main.1014,CA,2024,EMNLP,312.0,2.494154594018443,2496.0,0,4
2024.emnlp-main.1021,CA,2024,EMNLP,312.0,2.494154594018443,2496.0,0,2
2024.emnlp-main.1056,CA,2024,EMNLP,312.0,2.494154594018443,2496.0,0,2
2024.emnlp-main.1066,CA,2024,EMNLP,1248.0,3.0962145853464054,2496.0,0,1
2024.emnlp-main.1073,CA,2024,EMNLP,1248.0,3.0962145853464054,2496.0,0,4
2024.emnlp-main.1176,CA,2024,EMNLP,312.0,2.494154594018443,2496.0,0,2
2024.emnlp-main.1211,CA,2024,EMNLP,312.0,2.494154594018443,2496.0,0,9
2024.emnlp-main.127,CA,2024,EMNLP,2496.0,3.397244581010386,2496.0,1,3
2024.emnlp-main.145,CA,2024,EMNLP,660.0,2.8195439355418688,2496.0,0,2
2024.emnlp-main.210,CA,2024,EMNLP,2496.0,3.397244581010386,2496.0,1,2
2024.emnlp-main.250,CA,2024,EMNLP,3584.0,3.5543680009900878,2496.0,1,2
2024.emnlp-main.251,CA,2024,EMNLP,299.4,2.4762517960070336,2496.0,0,3
2024.emnlp-main.277,CA,2024,EMNLP,71.0,1.8512583487190752,2496.0,0,1
2024.emnlp-main.28,CA,2024,EMNLP,312.0,2.494154594018443,2496.0,0,2
2024.emnlp-main.296,CA,2024,EMNLP,2496.0,3.397244581010386,2496.0,1,13
2024.emnlp-main.311,CA,2024,EMNLP,476.4,2.67797175281074,2496.0,0,4
2024.emnlp-main.332,CA,2024,EMNLP,312.0,2.494154594018443,2496.0,0,2
2024.emnlp-main.338,CA,2024,EMNLP,312.0,2.494154594018443,2496.0,0,3
2024.emnlp-main.348,CA,2024,EMNLP,2496.0,3.397244581010386,2496.0,1,2
2024.emnlp-main.373,CA,2024,EMNLP,756.0,2.8785217955012063,2496.0,0,1
2024.emnlp-main.384,CA,2024,EMNLP,181.0,2.2576785748691846,2496.0,0,2
2024.emnlp-main.388,CA,2024,EMNLP,312.0,2.494154594018443,2496.0,0,3
2024.emnlp-main.422,CA,2024,EMNLP,1248.0,3.0962145853464054,2496.0,0,3
2024.emnlp-main.515,CA,2024,EMNLP,2496.0,3.397244581010386,2496.0,1,2
2024.emnlp-main.521,CA,2024,EMNLP,624.0,2.795184589682424,2496.0,0,1
2024.emnlp-main.537,CA,2024,EMNLP,130.5,2.1156105116742996,2496.0,0,4
2024.emnlp-main.617,CA,2024,EMNLP,12480.0,4.096214585346405,2496.0,1,2
2024.emnlp-main.629,CA,2024,EMNLP,312.0,2.494154594018443,2496.0,0,4
2024.emnlp-main.649,CA,2024,EMNLP,2496.0,3.397244581010386,2496.0,1,1
2024.emnlp-main.695,CA,2024,EMNLP,2496.0,3.397244581010386,2496.0,1,1
2024.emnlp-main.71,CA,2024,EMNLP,2496.0,3.397244581010386,2496.0,1,3
2024.emnlp-main.729,CA,2024,EMNLP,6048.0,3.78161178249315,2496.0,1,1
2024.emnlp-main.734,CA,2024,EMNLP,624.0,2.795184589682424,2496.0,0,2
2024.emnlp-main.786,CA,2024,EMNLP,1777.6,3.2498340415967926,2496.0,0,2
2024.emnlp-main.815,CA,2024,EMNLP,2496.0,3.397244581010386,2496.0,1,3
2024.emnlp-main.854,CA,2024,EMNLP,2496.0,3.397244581010386,2496.0,1,2
2024.emnlp-main.947,CA,2024,EMNLP,624.0,2.795184589682424,2496.0,0,2
2024.emnlp-main.995,CA,2024,EMNLP,71.0,1.8512583487190752,2496.0,0,1
2024.naacl-long.161,CA,2024,NAACL,2496.0,3.397244581010386,2496.0,1,2
2024.naacl-long.170,CA,2024,NAACL,896.0,2.9523080096621253,2496.0,0,5
2024.naacl-long.208,CA,2024,NAACL,1248.0,3.0962145853464054,2496.0,0,1
2024.naacl-long.288,CA,2024,NAACL,1320.0,3.12057393120585,2496.0,0,3
2024.naacl-long.363,CA,2024,NAACL,2496.0,3.397244581010386,2496.0,1,2
2024.naacl-long.38,CA,2024,NAACL,130.5,2.1156105116742996,2496.0,0,2
2024.naacl-long.420,CA,2024,NAACL,312.0,2.494154594018443,2496.0,0,3
2024.naacl-long.433,CA,2024,NAACL,71.0,1.8512583487190752,2496.0,0,2
2024.naacl-long.454,CA,2024,NAACL,112.0,2.0492180226701815,2496.0,0,1
2024.acl-long.104,CH,2024,ACL,2496.0,3.397244581010386,2496.0,1,1
2024.acl-long.105,CH,2024,ACL,1248.0,3.0962145853464054,2496.0,0,2
2024.acl-long.113,CH,2024,ACL,9.526,0.9789105771755716,2496.0,0,2
2024.acl-long.264,CH,2024,ACL,1248.0,3.0962145853464054,2496.0,0,2
2024.acl-long.348,CH,2024,ACL,672.0,2.8273692730538253,2496.0,0,1
2024.acl-long.383,CH,2024,ACL,2496.0,3.397244581010386,2496.0,1,3
2024.acl-long.437,CH,2024,ACL,312.0,2.494154594018443,2496.0,0,3
2024.acl-long.509,CH,2024,ACL,125.0,2.0969100130080562,2496.0,0,1
2024.acl-long.632,CH,2024,ACL,1248.0,3.0962145853464054,2496.0,0,1
2024.acl-long.653,CH,2024,ACL,149.7,2.1752218003430523,2496.0,0,1
2024.acl-long.669,CH,2024,ACL,312.0,2.494154594018443,2496.0,0,1
2024.acl-long.795,CH,2024,ACL,119.1,2.0759117614827773,2496.0,0,3
2024.acl-long.805,CH,2024,ACL,312.0,2.494154594018443,2496.0,0,3
2024.acl-long.834,CH,2024,ACL,312.0,2.494154594018443,2496.0,0,2
2024.emnlp-main.1031,CH,2024,EMNLP,312.0,2.494154594018443,2496.0,0,3
2024.emnlp-main.1047,CH,2024,EMNLP,330.0,2.5185139398778875,2496.0,0,1
2024.emnlp-main.1129,CH,2024,EMNLP,624.0,2.795184589682424,2496.0,0,2
2024.emnlp-main.139,CH,2024,EMNLP,476.4,2.67797175281074,2496.0,0,2
2024.emnlp-main.172,CH,2024,EMNLP,2496.0,3.397244581010386,2496.0,1,2
2024.emnlp-main.197,CH,2024,EMNLP,568.0,2.754348335711019,2496.0,0,4
2024.emnlp-main.292,CH,2024,EMNLP,2496.0,3.397244581010386,2496.0,1,6
2024.emnlp-main.376,CH,2024,EMNLP,312.0,2.494154594018443,2496.0,0,1
2024.emnlp-main.388,CH,2024,EMNLP,312.0,2.494154594018443,2496.0,0,3
2024.emnlp-main.478,CH,2024,EMNLP,312.0,2.494154594018443,2496.0,0,2
2024.emnlp-main.494,CH,2024,EMNLP,2496.0,3.397244581010386,2496.0,1,2
2024.emnlp-main.518,CH,2024,EMNLP,312.0,2.494154594018443,2496.0,0,1
2024.emnlp-main.526,CH,2024,EMNLP,330.0,2.5185139398778875,2496.0,0,2
2024.emnlp-main.580,CH,2024,EMNLP,71.0,1.8512583487190752,2496.0,0,3
2024.emnlp-main.592,CH,2024,EMNLP,119.1,2.0759117614827773,2496.0,0,2
2024.emnlp-main.608,CH,2024,EMNLP,476.4,2.67797175281074,2496.0,0,2
2024.emnlp-main.928,CH,2024,EMNLP,1792.0,3.2533380053261065,2496.0,0,2
2024.naacl-long.327,CH,2024,NAACL,9984.0,3.9993045723383487,2496.0,1,2
2024.naacl-long.382,CH,2024,NAACL,224.0,2.3502480183341627,2496.0,0,1
2024.naacl-long.393,CH,2024,NAACL,312.0,2.494154594018443,2496.0,0,4
2024.emnlp-main.34,CL,2024,EMNLP,110.0,2.041392685158225,2496.0,0,1
2024.naacl-long.334,CM,2024,NAACL,312.0,2.494154594018443,2496.0,0,17
2024.acl-long.1,CN,2024,ACL,888.8,2.9488040459328113,2496.0,0,2
2024.acl-long.10,CN,2024,ACL,2496.0,3.397244581010386,2496.0,1,1
2024.acl-long.100,CN,2024,ACL,2496.0,3.397244581010386,2496.0,1,2
2024.acl-long.101,CN,2024,ACL,160.0,2.2041199826559246,2496.0,0,1
2024.acl-long.103,CN,2024,ACL,312.0,2.494154594018443,2496.0,0,2
2024.acl-long.107,CN,2024,ACL,896.0,2.9523080096621253,2496.0,0,1
2024.acl-long.118,CN,2024,ACL,624.0,2.795184589682424,2496.0,0,1
2024.acl-long.12,CN,2024,ACL,4992.0,3.6982745766743674,2496.0,1,1
2024.acl-long.122,CN,2024,ACL,312.0,2.494154594018443,2496.0,0,1
2024.acl-long.128,CN,2024,ACL,1792.0,3.2533380053261065,2496.0,0,2
2024.acl-long.129,CN,2024,ACL,71.0,1.8512583487190752,2496.0,0,3
2024.acl-long.131,CN,2024,ACL,660.0,2.8195439355418688,2496.0,0,1
2024.acl-long.135,CN,2024,ACL,2496.0,3.397244581010386,2496.0,1,1
2024.acl-long.143,CN,2024,ACL,311.8,2.4938761108528227,2496.0,0,1
2024.acl-long.147,CN,2024,ACL,624.0,2.795184589682424,2496.0,0,1
2024.acl-long.149,CN,2024,ACL,2496.0,3.397244581010386,2496.0,1,1
2024.acl-long.151,CN,2024,ACL,9984.0,3.9993045723383487,2496.0,1,1
2024.acl-long.154,CN,2024,ACL,2496.0,3.397244581010386,2496.0,1,1
2024.acl-long.156,CN,2024,ACL,312.0,2.494154594018443,2496.0,0,1
2024.acl-long.159,CN,2024,ACL,1248.0,3.0962145853464054,2496.0,0,1
2024.acl-long.160,CN,2024,ACL,1248.0,3.0962145853464054,2496.0,0,2
2024.acl-long.163,CN,2024,ACL,2496.0,3.397244581010386,2496.0,1,1
2024.acl-long.165,CN,2024,ACL,896.0,2.9523080096621253,2496.0,0,1
2024.acl-long.167,CN,2024,ACL,19968.0,4.30033456800233,2496.0,1,1
2024.acl-long.168,CN,2024,ACL,311.8,2.4938761108528227,2496.0,0,2
2024.acl-long.171,CN,2024,ACL,623.6,2.794906106516804,2496.0,0,2
2024.acl-long.172,CN,2024,ACL,2496.0,3.397244581010386,2496.0,1,1
2024.acl-long.173,CN,2024,ACL,2496.0,3.397244581010386,2496.0,1,2
2024.acl-long.176,CN,2024,ACL,2496.0,3.397244581010386,2496.0,1,1
2024.acl-long.178,CN,2024,ACL,2496.0,3.397244581010386,2496.0,1,1
2024.acl-long.179,CN,2024,ACL,9984.0,3.9993045723383487,2496.0,1,1
2024.acl-long.180,CN,2024,ACL,2496.0,3.397244581010386,2496.0,1,1
2024.acl-long.183,CN,2024,ACL,112.0,2.0492180226701815,2496.0,0,1
2024.acl-long.184,CN,2024,ACL,1870.8,3.2720273612364665,2496.0,0,1
2024.acl-long.185,CN,2024,ACL,9984.0,3.9993045723383487,2496.0,1,3
2024.acl-long.187,CN,2024,ACL,896.0,2.9523080096621253,2496.0,0,1
2024.acl-long.19,CN,2024,ACL,3584.0,3.5543680009900878,2496.0,1,2
2024.acl-long.190,CN,2024,ACL,125.0,2.0969100130080562,2496.0,0,1
2024.acl-long.194,CN,2024,ACL,2496.0,3.397244581010386,2496.0,1,2
2024.acl-long.197,CN,2024,ACL,2496.0,3.397244581010386,2496.0,1,1
2024.acl-long.207,CN,2024,ACL,1247.2,3.095936102180785,2496.0,0,1
2024.acl-long.211,CN,2024,ACL,311.8,2.4938761108528227,2496.0,0,1
2024.acl-long.212,CN,2024,ACL,71.0,1.8512583487190752,2496.0,0,1
2024.acl-long.214,CN,2024,ACL,9984.0,3.9993045723383487,2496.0,1,2
2024.acl-long.217,CN,2024,ACL,448.0,2.651278013998144,2496.0,0,1
2024.acl-long.219,CN,2024,ACL,448.0,2.651278013998144,2496.0,0,1
2024.acl-long.221,CN,2024,ACL,312.0,2.494154594018443,2496.0,0,1
2024.acl-long.229,CN,2024,ACL,476.4,2.67797175281074,2496.0,0,1
2024.acl-long.231,CN,2024,ACL,448.0,2.651278013998144,2496.0,0,1
2024.acl-long.232,CN,2024,ACL,2496.0,3.397244581010386,2496.0,1,2
2024.acl-long.233,CN,2024,ACL,9984.0,3.9993045723383487,2496.0,1,1
2024.acl-long.234,CN,2024,ACL,119.1,2.0759117614827773,2496.0,0,3
2024.acl-long.239,CN,2024,ACL,311.8,2.4938761108528227,2496.0,0,1
2024.acl-long.251,CN,2024,ACL,2496.0,3.397244581010386,2496.0,1,2
2024.acl-long.253,CN,2024,ACL,2496.0,3.397244581010386,2496.0,1,2
2024.acl-long.257,CN,2024,ACL,2496.0,3.397244581010386,2496.0,1,1
2024.acl-long.258,CN,2024,ACL,1248.0,3.0962145853464054,2496.0,0,1
2024.acl-long.262,CN,2024,ACL,71.0,1.8512583487190752,2496.0,0,2
2024.acl-long.265,CN,2024,ACL,312.0,2.494154594018443,2496.0,0,2
2024.acl-long.270,CN,2024,ACL,624.0,2.795184589682424,2496.0,0,1
2024.acl-long.272,CN,2024,ACL,2496.0,3.397244581010386,2496.0,1,1
2024.acl-long.273,CN,2024,ACL,238.2,2.3769417571467586,2496.0,0,2
2024.acl-long.274,CN,2024,ACL,2496.0,3.397244581010386,2496.0,1,2
2024.acl-long.275,CN,2024,ACL,312.0,2.494154594018443,2496.0,0,1
2024.acl-long.276,CN,2024,ACL,624.0,2.795184589682424,2496.0,0,2
2024.acl-long.280,CN,2024,ACL,312.0,2.494154594018443,2496.0,0,2
2024.acl-long.284,CN,2024,ACL,1248.0,3.0962145853464054,2496.0,0,2
2024.acl-long.286,CN,2024,ACL,568.0,2.754348335711019,2496.0,0,1
2024.acl-long.287,CN,2024,ACL,136.4,2.13481437032046,2496.0,0,1
2024.acl-long.30,CN,2024,ACL,284.0,2.4533183400470375,2496.0,0,2
2024.acl-long.301,CN,2024,ACL,1320.0,3.12057393120585,2496.0,0,3
2024.acl-long.308,CN,2024,ACL,2496.0,3.397244581010386,2496.0,1,2
2024.acl-long.310,CN,2024,ACL,1248.0,3.0962145853464054,2496.0,0,1
2024.acl-long.312,CN,2024,ACL,330.0,2.5185139398778875,2496.0,0,1
2024.acl-long.316,CN,2024,ACL,312.0,2.494154594018443,2496.0,0,1
2024.acl-long.317,CN,2024,ACL,312.0,2.494154594018443,2496.0,0,1
2024.acl-long.320,CN,2024,ACL,2496.0,3.397244581010386,2496.0,1,3
2024.acl-long.321,CN,2024,ACL,2496.0,3.397244581010386,2496.0,1,2
2024.acl-long.324,CN,2024,ACL,624.0,2.795184589682424,2496.0,0,3
2024.acl-long.325,CN,2024,ACL,1248.0,3.0962145853464054,2496.0,0,2
2024.acl-long.326,CN,2024,ACL,312.0,2.494154594018443,2496.0,0,2
2024.acl-long.327,CN,2024,ACL,896.0,2.9523080096621253,2496.0,0,1
2024.acl-long.328,CN,2024,ACL,852.0,2.9304395947667,2496.0,0,2
2024.acl-long.330,CN,2024,ACL,312.0,2.494154594018443,2496.0,0,1
2024.acl-long.331,CN,2024,ACL,2496.0,3.397244581010386,2496.0,1,2
2024.acl-long.332,CN,2024,ACL,119.1,2.0759117614827773,2496.0,0,1
2024.acl-long.333,CN,2024,ACL,2496.0,3.397244581010386,2496.0,1,1
2024.acl-long.334,CN,2024,ACL,4992.0,3.6982745766743674,2496.0,1,2
2024.acl-long.335,CN,2024,ACL,312.0,2.494154594018443,2496.0,0,1
2024.acl-long.339,CN,2024,ACL,896.0,2.9523080096621253,2496.0,0,1
2024.acl-long.341,CN,2024,ACL,149.7,2.1752218003430523,2496.0,0,2
2024.acl-long.346,CN,2024,ACL,2496.0,3.397244581010386,2496.0,1,1
2024.acl-long.347,CN,2024,ACL,330.0,2.5185139398778875,2496.0,0,1
2024.acl-long.349,CN,2024,ACL,312.0,2.494154594018443,2496.0,0,1
2024.acl-long.351,CN,2024,ACL,312.0,2.494154594018443,2496.0,0,2
2024.acl-long.352,CN,2024,ACL,15824.0,4.199316274253104,2496.0,1,1
2024.acl-long.353,CN,2024,ACL,455.2,2.6582022533870147,2496.0,0,1
2024.acl-long.358,CN,2024,ACL,149.7,2.1752218003430523,2496.0,0,1
2024.acl-long.36,CN,2024,ACL,312.0,2.494154594018443,2496.0,0,1
2024.acl-long.360,CN,2024,ACL,2496.0,3.397244581010386,2496.0,1,1
2024.acl-long.38,CN,2024,ACL,1248.0,3.0962145853464054,2496.0,0,2
2024.acl-long.391,CN,2024,ACL,312.0,2.494154594018443,2496.0,0,1
2024.acl-long.392,CN,2024,ACL,284.0,2.4533183400470375,2496.0,0,1
2024.acl-long.393,CN,2024,ACL,330.0,2.5185139398778875,2496.0,0,1
2024.acl-long.394,CN,2024,ACL,2496.0,3.397244581010386,2496.0,1,1
2024.acl-long.396,CN,2024,ACL,896.0,2.9523080096621253,2496.0,0,1
2024.acl-long.397,CN,2024,ACL,936.0,2.971275848738105,2496.0,0,3
2024.acl-long.4,CN,2024,ACL,178.4,2.2513948500401044,2496.0,0,2
2024.acl-long.401,CN,2024,ACL,2496.0,3.397244581010386,2496.0,1,1
2024.acl-long.406,CN,2024,ACL,2496.0,3.397244581010386,2496.0,1,2
2024.acl-long.408,CN,2024,ACL,1248.0,3.0962145853464054,2496.0,0,1
2024.acl-long.409,CN,2024,ACL,2496.0,3.397244581010386,2496.0,1,2
2024.acl-long.410,CN,2024,ACL,2496.0,3.397244581010386,2496.0,1,1
2024.acl-long.411,CN,2024,ACL,624.0,2.795184589682424,2496.0,0,1
2024.acl-long.417,CN,2024,ACL,238.2,2.3769417571467586,2496.0,0,1
2024.acl-long.418,CN,2024,ACL,568.0,2.754348335711019,2496.0,0,1
2024.acl-long.423,CN,2024,ACL,19968.0,4.30033456800233,2496.0,1,1
2024.acl-long.425,CN,2024,ACL,2496.0,3.397244581010386,2496.0,1,1
2024.acl-long.427,CN,2024,ACL,39936.0,4.601364563666311,2496.0,1,3
2024.acl-long.428,CN,2024,ACL,312.0,2.494154594018443,2496.0,0,1
2024.acl-long.429,CN,2024,ACL,500.0,2.6989700043360187,2496.0,0,1
2024.acl-long.430,CN,2024,ACL,71.0,1.8512583487190752,2496.0,0,1
2024.acl-long.431,CN,2024,ACL,330.0,2.5185139398778875,2496.0,0,1
2024.acl-long.432,CN,2024,ACL,284.0,2.4533183400470375,2496.0,0,2
2024.acl-long.433,CN,2024,ACL,312.0,2.494154594018443,2496.0,0,2
2024.acl-long.434,CN,2024,ACL,2496.0,3.397244581010386,2496.0,1,1
2024.acl-long.438,CN,2024,ACL,598.8,2.777281791671015,2496.0,0,3
2024.acl-long.441,CN,2024,ACL,71.0,1.8512583487190752,2496.0,0,1
2024.acl-long.442,CN,2024,ACL,2494.4,3.3969660978447664,2496.0,0,1
2024.acl-long.443,CN,2024,ACL,1248.0,3.0962145853464054,2496.0,0,1
2024.acl-long.445,CN,2024,ACL,568.0,2.754348335711019,2496.0,0,1
2024.acl-long.457,CN,2024,ACL,2494.4,3.3969660978447664,2496.0,0,3
2024.acl-long.459,CN,2024,ACL,130.5,2.1156105116742996,2496.0,0,3
2024.acl-long.468,CN,2024,ACL,952.8,2.979001748474721,2496.0,0,2
2024.acl-long.478,CN,2024,ACL,2496.0,3.397244581010386,2496.0,1,1
2024.acl-long.479,CN,2024,ACL,2496.0,3.397244581010386,2496.0,1,1
2024.acl-long.480,CN,2024,ACL,71.0,1.8512583487190752,2496.0,0,1
2024.acl-long.481,CN,2024,ACL,1248.0,3.0962145853464054,2496.0,0,1
2024.acl-long.484,CN,2024,ACL,1248.0,3.0962145853464054,2496.0,0,1
2024.acl-long.485,CN,2024,ACL,284.0,2.4533183400470375,2496.0,0,1
2024.acl-long.486,CN,2024,ACL,312.0,2.494154594018443,2496.0,0,2
2024.acl-long.489,CN,2024,ACL,312.0,2.494154594018443,2496.0,0,2
2024.acl-long.491,CN,2024,ACL,142.0,2.1522883443830563,2496.0,0,1
2024.acl-long.493,CN,2024,ACL,2496.0,3.397244581010386,2496.0,1,1
2024.acl-long.494,CN,2024,ACL,9984.0,3.9993045723383487,2496.0,1,1
2024.acl-long.496,CN,2024,ACL,312.0,2.494154594018443,2496.0,0,2
2024.acl-long.499,CN,2024,ACL,284.0,2.4533183400470375,2496.0,0,1
2024.acl-long.500,CN,2024,ACL,312.0,2.494154594018443,2496.0,0,1
2024.acl-long.504,CN,2024,ACL,71.0,1.8512583487190752,2496.0,0,1
2024.acl-long.505,CN,2024,ACL,2496.0,3.397244581010386,2496.0,1,1
2024.acl-long.512,CN,2024,ACL,312.0,2.494154594018443,2496.0,0,2
2024.acl-long.513,CN,2024,ACL,476.4,2.67797175281074,2496.0,0,1
2024.acl-long.514,CN,2024,ACL,2496.0,3.397244581010386,2496.0,1,2
2024.acl-long.515,CN,2024,ACL,2496.0,3.397244581010386,2496.0,1,1
2024.acl-long.521,CN,2024,ACL,312.0,2.494154594018443,2496.0,0,1
2024.acl-long.522,CN,2024,ACL,119.1,2.0759117614827773,2496.0,0,2
2024.acl-long.523,CN,2024,ACL,2496.0,3.397244581010386,2496.0,1,2
2024.acl-long.525,CN,2024,ACL,2496.0,3.397244581010386,2496.0,1,1
2024.acl-long.526,CN,2024,ACL,227.6,2.3571722577230334,2496.0,0,1
2024.acl-long.527,CN,2024,ACL,2496.0,3.397244581010386,2496.0,1,2
2024.acl-long.53,CN,2024,ACL,312.0,2.494154594018443,2496.0,0,1
2024.acl-long.530,CN,2024,ACL,71.0,1.8512583487190752,2496.0,0,1
2024.acl-long.531,CN,2024,ACL,2496.0,3.397244581010386,2496.0,1,1
2024.acl-long.535,CN,2024,ACL,44.200000000001,1.6454222693491016,2496.0,0,1
2024.acl-long.537,CN,2024,ACL,112.0,2.0492180226701815,2496.0,0,1
2024.acl-long.538,CN,2024,ACL,2496.0,3.397244581010386,2496.0,1,2
2024.acl-long.539,CN,2024,ACL,6048.0,3.78161178249315,2496.0,1,1
2024.acl-long.540,CN,2024,ACL,1248.0,3.0962145853464054,2496.0,0,1
2024.acl-long.542,CN,2024,ACL,2640.0,3.4216039268698313,2496.0,1,1
2024.acl-long.548,CN,2024,ACL,312.0,2.494154594018443,2496.0,0,2
2024.acl-long.55,CN,2024,ACL,2496.0,3.397244581010386,2496.0,1,2
2024.acl-long.551,CN,2024,ACL,9984.0,3.9993045723383487,2496.0,1,1
2024.acl-long.569,CN,2024,ACL,1248.0,3.0962145853464054,2496.0,0,1
2024.acl-long.575,CN,2024,ACL,1320.0,3.12057393120585,2496.0,0,2
2024.acl-long.577,CN,2024,ACL,238.2,2.3769417571467586,2496.0,0,1
2024.acl-long.578,CN,2024,ACL,624.0,2.795184589682424,2496.0,0,2
2024.acl-long.579,CN,2024,ACL,2494.4,3.3969660978447664,2496.0,0,1
2024.acl-long.581,CN,2024,ACL,19.052,1.2799405728395528,2496.0,0,1
2024.acl-long.582,CN,2024,ACL,312.0,2.494154594018443,2496.0,0,1
2024.acl-long.583,CN,2024,ACL,952.8,2.979001748474721,2496.0,0,2
2024.acl-long.587,CN,2024,ACL,2496.0,3.397244581010386,2496.0,1,3
2024.acl-long.588,CN,2024,ACL,896.0,2.9523080096621253,2496.0,0,1
2024.acl-long.589,CN,2024,ACL,896.0,2.9523080096621253,2496.0,0,2
2024.acl-long.59,CN,2024,ACL,312.0,2.494154594018443,2496.0,0,1
2024.acl-long.590,CN,2024,ACL,3584.0,3.5543680009900878,2496.0,1,1
2024.acl-long.592,CN,2024,ACL,312.0,2.494154594018443,2496.0,0,1
2024.acl-long.593,CN,2024,ACL,2496.0,3.397244581010386,2496.0,1,2
2024.acl-long.596,CN,2024,ACL,119.1,2.0759117614827773,2496.0,0,1
2024.acl-long.597,CN,2024,ACL,312.0,2.494154594018443,2496.0,0,1
2024.acl-long.6,CN,2024,ACL,71.0,1.8512583487190752,2496.0,0,1
2024.acl-long.601,CN,2024,ACL,312.0,2.494154594018443,2496.0,0,2
2024.acl-long.602,CN,2024,ACL,39936.0,4.601364563666311,2496.0,1,1
2024.acl-long.603,CN,2024,ACL,2494.4,3.3969660978447664,2496.0,0,1
2024.acl-long.605,CN,2024,ACL,312.0,2.494154594018443,2496.0,0,1
2024.acl-long.607,CN,2024,ACL,624.0,2.795184589682424,2496.0,0,2
2024.acl-long.608,CN,2024,ACL,112.0,2.0492180226701815,2496.0,0,1
2024.acl-long.609,CN,2024,ACL,448.0,2.651278013998144,2496.0,0,1
2024.acl-long.61,CN,2024,ACL,2496.0,3.397244581010386,2496.0,1,1
2024.acl-long.614,CN,2024,ACL,2496.0,3.397244581010386,2496.0,1,1
2024.acl-long.619,CN,2024,ACL,2494.4,3.3969660978447664,2496.0,0,1
2024.acl-long.62,CN,2024,ACL,896.0,2.9523080096621253,2496.0,0,1
2024.acl-long.625,CN,2024,ACL,1247.2,3.095936102180785,2496.0,0,1
2024.acl-long.626,CN,2024,ACL,71.0,1.8512583487190752,2496.0,0,2
2024.acl-long.627,CN,2024,ACL,312.0,2.494154594018443,2496.0,0,1
2024.acl-long.630,CN,2024,ACL,119.1,2.0759117614827773,2496.0,0,1
2024.acl-long.631,CN,2024,ACL,130.0,2.113943352306837,2496.0,0,3
2024.acl-long.633,CN,2024,ACL,952.8,2.979001748474721,2496.0,0,1
2024.acl-long.637,CN,2024,ACL,312.0,2.494154594018443,2496.0,0,2
2024.acl-long.639,CN,2024,ACL,888.8,2.9488040459328113,2496.0,0,2
2024.acl-long.643,CN,2024,ACL,149.7,2.1752218003430523,2496.0,0,2
2024.acl-long.644,CN,2024,ACL,9984.0,3.9993045723383487,2496.0,1,1
2024.acl-long.646,CN,2024,ACL,312.0,2.494154594018443,2496.0,0,2
2024.acl-long.658,CN,2024,ACL,71.0,1.8512583487190752,2496.0,0,2
2024.acl-long.66,CN,2024,ACL,2496.0,3.397244581010386,2496.0,1,1
2024.acl-long.668,CN,2024,ACL,312.0,2.494154594018443,2496.0,0,1
2024.acl-long.685,CN,2024,ACL,2496.0,3.397244581010386,2496.0,1,1
2024.acl-long.69,CN,2024,ACL,624.0,2.795184589682424,2496.0,0,1
2024.acl-long.695,CN,2024,ACL,2496.0,3.397244581010386,2496.0,1,1
2024.acl-long.696,CN,2024,ACL,39910.4,4.601086080500691,2496.0,1,1
2024.acl-long.7,CN,2024,ACL,312.0,2.494154594018443,2496.0,0,2
2024.acl-long.70,CN,2024,ACL,989.0,2.9951962915971793,2496.0,0,1
2024.acl-long.704,CN,2024,ACL,2494.4,3.3969660978447664,2496.0,0,1
2024.acl-long.707,CN,2024,ACL,2496.0,3.397244581010386,2496.0,1,2
2024.acl-long.71,CN,2024,ACL,2496.0,3.397244581010386,2496.0,1,1
2024.acl-long.715,CN,2024,ACL,284.0,2.4533183400470375,2496.0,0,1
2024.acl-long.716,CN,2024,ACL,312.0,2.494154594018443,2496.0,0,1
2024.acl-long.719,CN,2024,ACL,71.0,1.8512583487190752,2496.0,0,1
2024.acl-long.72,CN,2024,ACL,330.0,2.5185139398778875,2496.0,0,2
2024.acl-long.721,CN,2024,ACL,71.0,1.8512583487190752,2496.0,0,1
2024.acl-long.723,CN,2024,ACL,476.4,2.67797175281074,2496.0,0,1
2024.acl-long.724,CN,2024,ACL,312.0,2.494154594018443,2496.0,0,1
2024.acl-long.727,CN,2024,ACL,1320.0,3.12057393120585,2496.0,0,1
2024.acl-long.729,CN,2024,ACL,896.0,2.9523080096621253,2496.0,0,1
2024.acl-long.731,CN,2024,ACL,312.0,2.494154594018443,2496.0,0,2
2024.acl-long.732,CN,2024,ACL,624.0,2.795184589682424,2496.0,0,1
2024.acl-long.733,CN,2024,ACL,9984.0,3.9993045723383487,2496.0,1,1
2024.acl-long.735,CN,2024,ACL,476.4,2.67797175281074,2496.0,0,1
2024.acl-long.736,CN,2024,ACL,4992.0,3.6982745766743674,2496.0,1,1
2024.acl-long.74,CN,2024,ACL,312.0,2.494154594018443,2496.0,0,1
2024.acl-long.748,CN,2024,ACL,312.0,2.494154594018443,2496.0,0,2
2024.acl-long.759,CN,2024,ACL,312.0,2.494154594018443,2496.0,0,1
2024.acl-long.764,CN,2024,ACL,896.0,2.9523080096621253,2496.0,0,2
2024.acl-long.766,CN,2024,ACL,89.2,1.9503648543761232,2496.0,0,3
2024.acl-long.771,CN,2024,ACL,149.7,2.1752218003430523,2496.0,0,2
2024.acl-long.772,CN,2024,ACL,7168.0,3.8553979966540686,2496.0,1,1
2024.acl-long.775,CN,2024,ACL,2496.0,3.397244581010386,2496.0,1,1
2024.acl-long.776,CN,2024,ACL,311.8,2.4938761108528227,2496.0,0,2
2024.acl-long.779,CN,2024,ACL,2496.0,3.397244581010386,2496.0,1,2
2024.acl-long.78,CN,2024,ACL,2496.0,3.397244581010386,2496.0,1,1
2024.acl-long.780,CN,2024,ACL,112.0,2.0492180226701815,2496.0,0,1
2024.acl-long.784,CN,2024,ACL,34.02,1.5317343092765503,2496.0,0,2
2024.acl-long.786,CN,2024,ACL,2496.0,3.397244581010386,2496.0,1,2
2024.acl-long.791,CN,2024,ACL,2496.0,3.397244581010386,2496.0,1,1
2024.acl-long.794,CN,2024,ACL,71.0,1.8512583487190752,2496.0,0,1
2024.acl-long.795,CN,2024,ACL,119.1,2.0759117614827773,2496.0,0,3
2024.acl-long.796,CN,2024,ACL,2496.0,3.397244581010386,2496.0,1,6
2024.acl-long.801,CN,2024,ACL,1320.0,3.12057393120585,2496.0,0,1
2024.acl-long.806,CN,2024,ACL,2496.0,3.397244581010386,2496.0,1,1
2024.acl-long.811,CN,2024,ACL,311.8,2.4938761108528227,2496.0,0,1
2024.acl-long.814,CN,2024,ACL,312.0,2.494154594018443,2496.0,0,1
2024.acl-long.819,CN,2024,ACL,222.2,2.346744054604849,2496.0,0,1
2024.acl-long.821,CN,2024,ACL,4992.0,3.6982745766743674,2496.0,1,1
2024.acl-long.823,CN,2024,ACL,112.0,2.0492180226701815,2496.0,0,2
2024.acl-long.825,CN,2024,ACL,312.0,2.494154594018443,2496.0,0,2
2024.acl-long.83,CN,2024,ACL,2496.0,3.397244581010386,2496.0,1,1
2024.acl-long.831,CN,2024,ACL,119.1,2.0759117614827773,2496.0,0,2
2024.acl-long.84,CN,2024,ACL,119.1,2.0759117614827773,2496.0,0,1
2024.acl-long.842,CN,2024,ACL,2496.0,3.397244581010386,2496.0,1,1
2024.acl-long.848,CN,2024,ACL,560.0,2.7481880270062002,2496.0,0,1
2024.acl-long.859,CN,2024,ACL,624.0,2.795184589682424,2496.0,0,1
2024.acl-long.86,CN,2024,ACL,624.0,2.795184589682424,2496.0,0,1
2024.acl-long.87,CN,2024,ACL,888.8,2.9488040459328113,2496.0,0,3
2024.acl-long.89,CN,2024,ACL,1248.0,3.0962145853464054,2496.0,0,1
2024.acl-long.9,CN,2024,ACL,1248.0,3.0962145853464054,2496.0,0,1
2024.acl-long.93,CN,2024,ACL,284.0,2.4533183400470375,2496.0,0,3
2024.acl-long.96,CN,2024,ACL,330.0,2.5185139398778875,2496.0,0,1
2024.acl-long.97,CN,2024,ACL,1792.0,3.2533380053261065,2496.0,0,1
2024.emnlp-main.1003,CN,2024,EMNLP,312.0,2.494154594018443,2496.0,0,1
2024.emnlp-main.1010,CN,2024,EMNLP,1227.2,3.0889153466049057,2496.0,0,1
2024.emnlp-main.1013,CN,2024,EMNLP,448.0,2.651278013998144,2496.0,0,1
2024.emnlp-main.1014,CN,2024,EMNLP,312.0,2.494154594018443,2496.0,0,4
2024.emnlp-main.1015,CN,2024,EMNLP,312.0,2.494154594018443,2496.0,0,2
2024.emnlp-main.1016,CN,2024,EMNLP,119.1,2.0759117614827773,2496.0,0,1
2024.emnlp-main.1018,CN,2024,EMNLP,2496.0,3.397244581010386,2496.0,1,1
2024.emnlp-main.102,CN,2024,EMNLP,312.0,2.494154594018443,2496.0,0,1
2024.emnlp-main.1023,CN,2024,EMNLP,312.0,2.494154594018443,2496.0,0,2
2024.emnlp-main.1037,CN,2024,EMNLP,311.8,2.4938761108528227,2496.0,0,2
2024.emnlp-main.1038,CN,2024,EMNLP,2496.0,3.397244581010386,2496.0,1,2
2024.emnlp-main.1052,CN,2024,EMNLP,312.0,2.494154594018443,2496.0,0,2
2024.emnlp-main.1053,CN,2024,EMNLP,142.0,2.1522883443830563,2496.0,0,1
2024.emnlp-main.1058,CN,2024,EMNLP,312.0,2.494154594018443,2496.0,0,1
2024.emnlp-main.1070,CN,2024,EMNLP,1248.0,3.0962145853464054,2496.0,0,1
2024.emnlp-main.1085,CN,2024,EMNLP,624.0,2.795184589682424,2496.0,0,4
2024.emnlp-main.110,CN,2024,EMNLP,624.0,2.795184589682424,2496.0,0,1
2024.emnlp-main.1109,CN,2024,EMNLP,312.0,2.494154594018443,2496.0,0,1
2024.emnlp-main.1115,CN,2024,EMNLP,238.2,2.3769417571467586,2496.0,0,2
2024.emnlp-main.1116,CN,2024,EMNLP,2496.0,3.397244581010386,2496.0,1,1
2024.emnlp-main.1118,CN,2024,EMNLP,2496.0,3.397244581010386,2496.0,1,2
2024.emnlp-main.112,CN,2024,EMNLP,3584.0,3.5543680009900878,2496.0,1,1
2024.emnlp-main.1120,CN,2024,EMNLP,440.0,2.6434526764861874,2496.0,0,2
2024.emnlp-main.1131,CN,2024,EMNLP,1247.2,3.095936102180785,2496.0,0,1
2024.emnlp-main.115,CN,2024,EMNLP,2496.0,3.397244581010386,2496.0,1,1
2024.emnlp-main.1164,CN,2024,EMNLP,2496.0,3.397244581010386,2496.0,1,1
2024.emnlp-main.1169,CN,2024,EMNLP,311.8,2.4938761108528227,2496.0,0,1
2024.emnlp-main.117,CN,2024,EMNLP,640.0,2.806179973983887,2496.0,0,1
2024.emnlp-main.1187,CN,2024,EMNLP,312.0,2.494154594018443,2496.0,0,1
2024.emnlp-main.1205,CN,2024,EMNLP,989.0,2.9951962915971793,2496.0,0,2
2024.emnlp-main.1215,CN,2024,EMNLP,9048.0,3.956552591917399,2496.0,1,2
2024.emnlp-main.123,CN,2024,EMNLP,330.0,2.5185139398778875,2496.0,0,1
2024.emnlp-main.1259,CN,2024,EMNLP,2496.0,3.397244581010386,2496.0,1,1
2024.emnlp-main.1260,CN,2024,EMNLP,624.0,2.795184589682424,2496.0,0,1
2024.emnlp-main.1261,CN,2024,EMNLP,312.0,2.494154594018443,2496.0,0,1
2024.emnlp-main.127,CN,2024,EMNLP,2496.0,3.397244581010386,2496.0,1,3
2024.emnlp-main.129,CN,2024,EMNLP,312.0,2.494154594018443,2496.0,0,1
2024.emnlp-main.130,CN,2024,EMNLP,312.0,2.494154594018443,2496.0,0,1
2024.emnlp-main.131,CN,2024,EMNLP,312.0,2.494154594018443,2496.0,0,1
2024.emnlp-main.136,CN,2024,EMNLP,598.8,2.777281791671015,2496.0,0,1
2024.emnlp-main.137,CN,2024,EMNLP,1320.0,3.12057393120585,2496.0,0,2
2024.emnlp-main.138,CN,2024,EMNLP,2496.0,3.397244581010386,2496.0,1,2
2024.emnlp-main.145,CN,2024,EMNLP,660.0,2.8195439355418688,2496.0,0,2
2024.emnlp-main.148,CN,2024,EMNLP,2496.0,3.397244581010386,2496.0,1,2
2024.emnlp-main.149,CN,2024,EMNLP,284.0,2.4533183400470375,2496.0,0,1
2024.emnlp-main.152,CN,2024,EMNLP,2496.0,3.397244581010386,2496.0,1,1
2024.emnlp-main.157,CN,2024,EMNLP,2496.0,3.397244581010386,2496.0,1,1
2024.emnlp-main.160,CN,2024,EMNLP,312.0,2.494154594018443,2496.0,0,1
2024.emnlp-main.163,CN,2024,EMNLP,1870.8,3.2720273612364665,2496.0,0,1
2024.emnlp-main.165,CN,2024,EMNLP,113.8,2.056142262059052,2496.0,0,1
2024.emnlp-main.170,CN,2024,EMNLP,71.0,1.8512583487190752,2496.0,0,2
2024.emnlp-main.180,CN,2024,EMNLP,312.0,2.494154594018443,2496.0,0,2
2024.emnlp-main.182,CN,2024,EMNLP,9984.0,3.9993045723383487,2496.0,1,1
2024.emnlp-main.183,CN,2024,EMNLP,112.0,2.0492180226701815,2496.0,0,2
2024.emnlp-main.187,CN,2024,EMNLP,896.0,2.9523080096621253,2496.0,0,2
2024.emnlp-main.19,CN,2024,EMNLP,312.0,2.494154594018443,2496.0,0,1
2024.emnlp-main.190,CN,2024,EMNLP,2494.4,3.3969660978447664,2496.0,0,1
2024.emnlp-main.195,CN,2024,EMNLP,989.0,2.9951962915971793,2496.0,0,1
2024.emnlp-main.197,CN,2024,EMNLP,568.0,2.754348335711019,2496.0,0,4
2024.emnlp-main.199,CN,2024,EMNLP,2496.0,3.397244581010386,2496.0,1,2
2024.emnlp-main.203,CN,2024,EMNLP,2496.0,3.397244581010386,2496.0,1,1
2024.emnlp-main.204,CN,2024,EMNLP,330.0,2.5185139398778875,2496.0,0,1
2024.emnlp-main.205,CN,2024,EMNLP,1248.0,3.0962145853464054,2496.0,0,4
2024.emnlp-main.207,CN,2024,EMNLP,71.0,1.8512583487190752,2496.0,0,1
2024.emnlp-main.210,CN,2024,EMNLP,2496.0,3.397244581010386,2496.0,1,2
2024.emnlp-main.218,CN,2024,EMNLP,2496.0,3.397244581010386,2496.0,1,2
2024.emnlp-main.221,CN,2024,EMNLP,2496.0,3.397244581010386,2496.0,1,1
2024.emnlp-main.223,CN,2024,EMNLP,2496.0,3.397244581010386,2496.0,1,1
2024.emnlp-main.224,CN,2024,EMNLP,448.0,2.651278013998144,2496.0,0,1
2024.emnlp-main.231,CN,2024,EMNLP,71.0,1.8512583487190752,2496.0,0,3
2024.emnlp-main.255,CN,2024,EMNLP,311.8,2.4938761108528227,2496.0,0,1
2024.emnlp-main.256,CN,2024,EMNLP,112.0,2.0492180226701815,2496.0,0,1
2024.emnlp-main.26,CN,2024,EMNLP,448.0,2.651278013998144,2496.0,0,2
2024.emnlp-main.260,CN,2024,EMNLP,330.0,2.5185139398778875,2496.0,0,2
2024.emnlp-main.262,CN,2024,EMNLP,113.8,2.056142262059052,2496.0,0,1
2024.emnlp-main.264,CN,2024,EMNLP,2496.0,3.397244581010386,2496.0,1,1
2024.emnlp-main.265,CN,2024,EMNLP,14976.0,4.17539583139403,2496.0,1,1
2024.emnlp-main.267,CN,2024,EMNLP,2496.0,3.397244581010386,2496.0,1,1
2024.emnlp-main.268,CN,2024,EMNLP,448.0,2.651278013998144,2496.0,0,1
2024.emnlp-main.269,CN,2024,EMNLP,2496.0,3.397244581010386,2496.0,1,1
2024.emnlp-main.270,CN,2024,EMNLP,476.4,2.67797175281074,2496.0,0,1
2024.emnlp-main.271,CN,2024,EMNLP,1248.0,3.0962145853464054,2496.0,0,2
2024.emnlp-main.274,CN,2024,EMNLP,989.0,2.9951962915971793,2496.0,0,1
2024.emnlp-main.276,CN,2024,EMNLP,2496.0,3.397244581010386,2496.0,1,2
2024.emnlp-main.28,CN,2024,EMNLP,312.0,2.494154594018443,2496.0,0,2
2024.emnlp-main.284,CN,2024,EMNLP,2496.0,3.397244581010386,2496.0,1,1
2024.emnlp-main.292,CN,2024,EMNLP,2496.0,3.397244581010386,2496.0,1,6
2024.emnlp-main.296,CN,2024,EMNLP,2496.0,3.397244581010386,2496.0,1,13
2024.emnlp-main.297,CN,2024,EMNLP,2496.0,3.397244581010386,2496.0,1,1
2024.emnlp-main.298,CN,2024,EMNLP,312.0,2.494154594018443,2496.0,0,2
2024.emnlp-main.303,CN,2024,EMNLP,3120.0,3.494154594018443,2496.0,1,1
2024.emnlp-main.309,CN,2024,EMNLP,284.0,2.4533183400470375,2496.0,0,1
2024.emnlp-main.31,CN,2024,EMNLP,112.0,2.0492180226701815,2496.0,0,3
2024.emnlp-main.313,CN,2024,EMNLP,311.8,2.4938761108528227,2496.0,0,1
2024.emnlp-main.314,CN,2024,EMNLP,112.0,2.0492180226701815,2496.0,0,1
2024.emnlp-main.316,CN,2024,EMNLP,1248.0,3.0962145853464054,2496.0,0,2
2024.emnlp-main.321,CN,2024,EMNLP,2496.0,3.397244581010386,2496.0,1,2
2024.emnlp-main.322,CN,2024,EMNLP,2496.0,3.397244581010386,2496.0,1,1
2024.emnlp-main.327,CN,2024,EMNLP,2496.0,3.397244581010386,2496.0,1,2
2024.emnlp-main.332,CN,2024,EMNLP,312.0,2.494154594018443,2496.0,0,2
2024.emnlp-main.336,CN,2024,EMNLP,312.0,2.494154594018443,2496.0,0,1
2024.emnlp-main.338,CN,2024,EMNLP,312.0,2.494154594018443,2496.0,0,3
2024.emnlp-main.340,CN,2024,EMNLP,2496.0,3.397244581010386,2496.0,1,1
2024.emnlp-main.341,CN,2024,EMNLP,1247.2,3.095936102180785,2496.0,0,1
2024.emnlp-main.342,CN,2024,EMNLP,2496.0,3.397244581010386,2496.0,1,1
2024.emnlp-main.349,CN,2024,EMNLP,624.0,2.795184589682424,2496.0,0,1
2024.emnlp-main.352,CN,2024,EMNLP,1792.0,3.2533380053261065,2496.0,0,2
2024.emnlp-main.358,CN,2024,EMNLP,4992.0,3.6982745766743674,2496.0,1,1
2024.emnlp-main.36,CN,2024,EMNLP,71.0,1.8512583487190752,2496.0,0,1
2024.emnlp-main.38,CN,2024,EMNLP,1792.0,3.2533380053261065,2496.0,0,2
2024.emnlp-main.394,CN,2024,EMNLP,2496.0,3.397244581010386,2496.0,1,1
2024.emnlp-main.399,CN,2024,EMNLP,312.0,2.494154594018443,2496.0,0,1
2024.emnlp-main.411,CN,2024,EMNLP,312.0,2.494154594018443,2496.0,0,2
2024.emnlp-main.414,CN,2024,EMNLP,2496.0,3.397244581010386,2496.0,1,1
2024.emnlp-main.418,CN,2024,EMNLP,4992.0,3.6982745766743674,2496.0,1,1
2024.emnlp-main.419,CN,2024,EMNLP,312.0,2.494154594018443,2496.0,0,1
2024.emnlp-main.420,CN,2024,EMNLP,312.0,2.494154594018443,2496.0,0,1
2024.emnlp-main.422,CN,2024,EMNLP,1248.0,3.0962145853464054,2496.0,0,3
2024.emnlp-main.424,CN,2024,EMNLP,312.0,2.494154594018443,2496.0,0,1
2024.emnlp-main.428,CN,2024,EMNLP,312.0,2.494154594018443,2496.0,0,1
2024.emnlp-main.429,CN,2024,EMNLP,448.0,2.651278013998144,2496.0,0,1
2024.emnlp-main.43,CN,2024,EMNLP,4992.0,3.6982745766743674,2496.0,1,1
2024.emnlp-main.434,CN,2024,EMNLP,2496.0,3.397244581010386,2496.0,1,2
2024.emnlp-main.435,CN,2024,EMNLP,312.0,2.494154594018443,2496.0,0,1
2024.emnlp-main.436,CN,2024,EMNLP,312.0,2.494154594018443,2496.0,0,2
2024.emnlp-main.437,CN,2024,EMNLP,112.0,2.0492180226701815,2496.0,0,1
2024.emnlp-main.438,CN,2024,EMNLP,312.0,2.494154594018443,2496.0,0,1
2024.emnlp-main.44,CN,2024,EMNLP,312.0,2.494154594018443,2496.0,0,1
2024.emnlp-main.446,CN,2024,EMNLP,896.0,2.9523080096621253,2496.0,0,2
2024.emnlp-main.449,CN,2024,EMNLP,896.0,2.9523080096621253,2496.0,0,2
2024.emnlp-main.450,CN,2024,EMNLP,1248.0,3.0962145853464054,2496.0,0,1
2024.emnlp-main.452,CN,2024,EMNLP,312.0,2.494154594018443,2496.0,0,4
2024.emnlp-main.453,CN,2024,EMNLP,312.0,2.494154594018443,2496.0,0,2
2024.emnlp-main.455,CN,2024,EMNLP,2494.4,3.3969660978447664,2496.0,0,1
2024.emnlp-main.457,CN,2024,EMNLP,125.0,2.0969100130080562,2496.0,0,1
2024.emnlp-main.458,CN,2024,EMNLP,2496.0,3.397244581010386,2496.0,1,2
2024.emnlp-main.459,CN,2024,EMNLP,4992.0,3.6982745766743674,2496.0,1,1
2024.emnlp-main.46,CN,2024,EMNLP,4992.0,3.6982745766743674,2496.0,1,2
2024.emnlp-main.467,CN,2024,EMNLP,6048.0,3.78161178249315,2496.0,1,2
2024.emnlp-main.469,CN,2024,EMNLP,2496.0,3.397244581010386,2496.0,1,1
2024.emnlp-main.47,CN,2024,EMNLP,29952.0,4.476425827058011,2496.0,1,2
2024.emnlp-main.472,CN,2024,EMNLP,448.0,2.651278013998144,2496.0,0,1
2024.emnlp-main.476,CN,2024,EMNLP,2494.4,3.3969660978447664,2496.0,0,2
2024.emnlp-main.48,CN,2024,EMNLP,2496.0,3.397244581010386,2496.0,1,1
2024.emnlp-main.485,CN,2024,EMNLP,568.0,2.754348335711019,2496.0,0,1
2024.emnlp-main.488,CN,2024,EMNLP,312.0,2.494154594018443,2496.0,0,1
2024.emnlp-main.489,CN,2024,EMNLP,119.1,2.0759117614827773,2496.0,0,1
2024.emnlp-main.49,CN,2024,EMNLP,284.0,2.4533183400470375,2496.0,0,1
2024.emnlp-main.491,CN,2024,EMNLP,1248.0,3.0962145853464054,2496.0,0,2
2024.emnlp-main.51,CN,2024,EMNLP,71.0,1.8512583487190752,2496.0,0,1
2024.emnlp-main.523,CN,2024,EMNLP,896.0,2.9523080096621253,2496.0,0,1
2024.emnlp-main.540,CN,2024,EMNLP,311.8,2.4938761108528227,2496.0,0,1
2024.emnlp-main.542,CN,2024,EMNLP,312.0,2.494154594018443,2496.0,0,2
2024.emnlp-main.543,CN,2024,EMNLP,119.1,2.0759117614827773,2496.0,0,1
2024.emnlp-main.546,CN,2024,EMNLP,312.0,2.494154594018443,2496.0,0,2
2024.emnlp-main.555,CN,2024,EMNLP,149.7,2.1752218003430523,2496.0,0,1
2024.emnlp-main.556,CN,2024,EMNLP,312.0,2.494154594018443,2496.0,0,1
2024.emnlp-main.561,CN,2024,EMNLP,1248.0,3.0962145853464054,2496.0,0,1
2024.emnlp-main.566,CN,2024,EMNLP,1320.0,3.12057393120585,2496.0,0,1
2024.emnlp-main.567,CN,2024,EMNLP,330.0,2.5185139398778875,2496.0,0,1
2024.emnlp-main.568,CN,2024,EMNLP,312.0,2.494154594018443,2496.0,0,1
2024.emnlp-main.570,CN,2024,EMNLP,19968.0,4.30033456800233,2496.0,1,2
2024.emnlp-main.572,CN,2024,EMNLP,2496.0,3.397244581010386,2496.0,1,1
2024.emnlp-main.575,CN,2024,EMNLP,284.0,2.4533183400470375,2496.0,0,1
2024.emnlp-main.577,CN,2024,EMNLP,2494.4,3.3969660978447664,2496.0,0,1
2024.emnlp-main.581,CN,2024,EMNLP,312.0,2.494154594018443,2496.0,0,1
2024.emnlp-main.585,CN,2024,EMNLP,2496.0,3.397244581010386,2496.0,1,1
2024.emnlp-main.588,CN,2024,EMNLP,71.0,1.8512583487190752,2496.0,0,2
2024.emnlp-main.589,CN,2024,EMNLP,94.0,1.9731278535996986,2496.0,0,2
2024.emnlp-main.60,CN,2024,EMNLP,2496.0,3.397244581010386,2496.0,1,2
2024.emnlp-main.610,CN,2024,EMNLP,4992.0,3.6982745766743674,2496.0,1,1
2024.emnlp-main.611,CN,2024,EMNLP,330.0,2.5185139398778875,2496.0,0,1
2024.emnlp-main.613,CN,2024,EMNLP,312.0,2.494154594018443,2496.0,0,1
2024.emnlp-main.616,CN,2024,EMNLP,71.0,1.8512583487190752,2496.0,0,1
2024.emnlp-main.619,CN,2024,EMNLP,896.0,2.9523080096621253,2496.0,0,1
2024.emnlp-main.62,CN,2024,EMNLP,476.4,2.67797175281074,2496.0,0,2
2024.emnlp-main.620,CN,2024,EMNLP,149.7,2.1752218003430523,2496.0,0,1
2024.emnlp-main.621,CN,2024,EMNLP,1248.0,3.0962145853464054,2496.0,0,2
2024.emnlp-main.636,CN,2024,EMNLP,952.8,2.979001748474721,2496.0,0,1
2024.emnlp-main.637,CN,2024,EMNLP,364.24,2.5613876373001334,2496.0,0,3
2024.emnlp-main.64,CN,2024,EMNLP,312.0,2.494154594018443,2496.0,0,2
2024.emnlp-main.642,CN,2024,EMNLP,149.7,2.1752218003430523,2496.0,0,2
2024.emnlp-main.644,CN,2024,EMNLP,12480.0,4.096214585346405,2496.0,1,1
2024.emnlp-main.65,CN,2024,EMNLP,624.0,2.795184589682424,2496.0,0,1
2024.emnlp-main.655,CN,2024,EMNLP,71.0,1.8512583487190752,2496.0,0,1
2024.emnlp-main.658,CN,2024,EMNLP,312.0,2.494154594018443,2496.0,0,1
2024.emnlp-main.66,CN,2024,EMNLP,1247.2,3.095936102180785,2496.0,0,1
2024.emnlp-main.663,CN,2024,EMNLP,1320.0,3.12057393120585,2496.0,0,1
2024.emnlp-main.666,CN,2024,EMNLP,71.0,1.8512583487190752,2496.0,0,1
2024.emnlp-main.667,CN,2024,EMNLP,952.8,2.979001748474721,2496.0,0,2
2024.emnlp-main.668,CN,2024,EMNLP,448.0,2.651278013998144,2496.0,0,1
2024.emnlp-main.67,CN,2024,EMNLP,312.0,2.494154594018443,2496.0,0,1
2024.emnlp-main.680,CN,2024,EMNLP,2496.0,3.397244581010386,2496.0,1,2
2024.emnlp-main.681,CN,2024,EMNLP,71.0,1.8512583487190752,2496.0,0,2
2024.emnlp-main.685,CN,2024,EMNLP,2496.0,3.397244581010386,2496.0,1,1
2024.emnlp-main.688,CN,2024,EMNLP,71.0,1.8512583487190752,2496.0,0,2
2024.emnlp-main.69,CN,2024,EMNLP,1248.0,3.0962145853464054,2496.0,0,2
2024.emnlp-main.690,CN,2024,EMNLP,2496.0,3.397244581010386,2496.0,1,3
2024.emnlp-main.697,CN,2024,EMNLP,312.0,2.494154594018443,2496.0,0,1
2024.emnlp-main.698,CN,2024,EMNLP,1248.0,3.0962145853464054,2496.0,0,2
2024.emnlp-main.7,CN,2024,EMNLP,312.0,2.494154594018443,2496.0,0,2
2024.emnlp-main.703,CN,2024,EMNLP,952.8,2.979001748474721,2496.0,0,2
2024.emnlp-main.71,CN,2024,EMNLP,2496.0,3.397244581010386,2496.0,1,3
2024.emnlp-main.710,CN,2024,EMNLP,2496.0,3.397244581010386,2496.0,1,1
2024.emnlp-main.718,CN,2024,EMNLP,4992.0,3.6982745766743674,2496.0,1,1
2024.emnlp-main.728,CN,2024,EMNLP,312.0,2.494154594018443,2496.0,0,2
2024.emnlp-main.73,CN,2024,EMNLP,1248.0,3.0962145853464054,2496.0,0,1
2024.emnlp-main.738,CN,2024,EMNLP,312.0,2.494154594018443,2496.0,0,2
2024.emnlp-main.739,CN,2024,EMNLP,9984.0,3.9993045723383487,2496.0,1,1
2024.emnlp-main.74,CN,2024,EMNLP,112.0,2.0492180226701815,2496.0,0,1
2024.emnlp-main.742,CN,2024,EMNLP,624.0,2.795184589682424,2496.0,0,1
2024.emnlp-main.743,CN,2024,EMNLP,112.0,2.0492180226701815,2496.0,0,3
2024.emnlp-main.744,CN,2024,EMNLP,2496.0,3.397244581010386,2496.0,1,2
2024.emnlp-main.746,CN,2024,EMNLP,119.1,2.0759117614827773,2496.0,0,2
2024.emnlp-main.748,CN,2024,EMNLP,312.0,2.494154594018443,2496.0,0,2
2024.emnlp-main.749,CN,2024,EMNLP,142.0,2.1522883443830563,2496.0,0,2
2024.emnlp-main.751,CN,2024,EMNLP,311.8,2.4938761108528227,2496.0,0,1
2024.emnlp-main.754,CN,2024,EMNLP,312.0,2.494154594018443,2496.0,0,1
2024.emnlp-main.758,CN,2024,EMNLP,312.0,2.494154594018443,2496.0,0,1
2024.emnlp-main.759,CN,2024,EMNLP,1248.0,3.0962145853464054,2496.0,0,4
2024.emnlp-main.76,CN,2024,EMNLP,119.1,2.0759117614827773,2496.0,0,2
2024.emnlp-main.760,CN,2024,EMNLP,2496.0,3.397244581010386,2496.0,1,1
2024.emnlp-main.765,CN,2024,EMNLP,119.1,2.0759117614827773,2496.0,0,2
2024.emnlp-main.768,CN,2024,EMNLP,1247.2,3.095936102180785,2496.0,0,1
2024.emnlp-main.77,CN,2024,EMNLP,660.0,2.8195439355418688,2496.0,0,2
2024.emnlp-main.772,CN,2024,EMNLP,624.0,2.795184589682424,2496.0,0,1
2024.emnlp-main.775,CN,2024,EMNLP,2496.0,3.397244581010386,2496.0,1,1
2024.emnlp-main.777,CN,2024,EMNLP,71.0,1.8512583487190752,2496.0,0,1
2024.emnlp-main.779,CN,2024,EMNLP,330.0,2.5185139398778875,2496.0,0,1
2024.emnlp-main.782,CN,2024,EMNLP,2496.0,3.397244581010386,2496.0,1,1
2024.emnlp-main.785,CN,2024,EMNLP,1248.0,3.0962145853464054,2496.0,0,2
2024.emnlp-main.791,CN,2024,EMNLP,1320.0,3.12057393120585,2496.0,0,1
2024.emnlp-main.797,CN,2024,EMNLP,312.0,2.494154594018443,2496.0,0,3
2024.emnlp-main.8,CN,2024,EMNLP,2496.0,3.397244581010386,2496.0,1,3
2024.emnlp-main.80,CN,2024,EMNLP,2496.0,3.397244581010386,2496.0,1,1
2024.emnlp-main.804,CN,2024,EMNLP,299.4,2.4762517960070336,2496.0,0,2
2024.emnlp-main.806,CN,2024,EMNLP,311.8,2.4938761108528227,2496.0,0,1
2024.emnlp-main.807,CN,2024,EMNLP,312.0,2.494154594018443,2496.0,0,2
2024.emnlp-main.808,CN,2024,EMNLP,312.0,2.494154594018443,2496.0,0,1
2024.emnlp-main.81,CN,2024,EMNLP,112.0,2.0492180226701815,2496.0,0,1
2024.emnlp-main.810,CN,2024,EMNLP,112.0,2.0492180226701815,2496.0,0,1
2024.emnlp-main.817,CN,2024,EMNLP,2496.0,3.397244581010386,2496.0,1,2
2024.emnlp-main.82,CN,2024,EMNLP,1248.0,3.0962145853464054,2496.0,0,1
2024.emnlp-main.820,CN,2024,EMNLP,568.0,2.754348335711019,2496.0,0,1
2024.emnlp-main.823,CN,2024,EMNLP,568.0,2.754348335711019,2496.0,0,1
2024.emnlp-main.828,CN,2024,EMNLP,71.0,1.8512583487190752,2496.0,0,1
2024.emnlp-main.83,CN,2024,EMNLP,24960.0,4.397244581010386,2496.0,1,1
2024.emnlp-main.832,CN,2024,EMNLP,330.0,2.5185139398778875,2496.0,0,1
2024.emnlp-main.834,CN,2024,EMNLP,130.0,2.113943352306837,2496.0,0,2
2024.emnlp-main.836,CN,2024,EMNLP,71.0,1.8512583487190752,2496.0,0,1
2024.emnlp-main.845,CN,2024,EMNLP,9.526,0.9789105771755716,2496.0,0,2
2024.emnlp-main.849,CN,2024,EMNLP,119.1,2.0759117614827773,2496.0,0,1
2024.emnlp-main.85,CN,2024,EMNLP,2496.0,3.397244581010386,2496.0,1,1
2024.emnlp-main.851,CN,2024,EMNLP,136.4,2.13481437032046,2496.0,0,2
2024.emnlp-main.852,CN,2024,EMNLP,2496.0,3.397244581010386,2496.0,1,1
2024.emnlp-main.853,CN,2024,EMNLP,448.0,2.651278013998144,2496.0,0,1
2024.emnlp-main.856,CN,2024,EMNLP,312.0,2.494154594018443,2496.0,0,2
2024.emnlp-main.863,CN,2024,EMNLP,119.1,2.0759117614827773,2496.0,0,1
2024.emnlp-main.864,CN,2024,EMNLP,1248.0,3.0962145853464054,2496.0,0,1
2024.emnlp-main.868,CN,2024,EMNLP,112.0,2.0492180226701815,2496.0,0,1
2024.emnlp-main.87,CN,2024,EMNLP,71.0,1.8512583487190752,2496.0,0,1
2024.emnlp-main.871,CN,2024,EMNLP,2640.0,3.4216039268698313,2496.0,1,3
2024.emnlp-main.875,CN,2024,EMNLP,1248.0,3.0962145853464054,2496.0,0,1
2024.emnlp-main.879,CN,2024,EMNLP,312.0,2.494154594018443,2496.0,0,1
2024.emnlp-main.88,CN,2024,EMNLP,149.7,2.1752218003430523,2496.0,0,2
2024.emnlp-main.880,CN,2024,EMNLP,896.0,2.9523080096621253,2496.0,0,3
2024.emnlp-main.883,CN,2024,EMNLP,2496.0,3.397244581010386,2496.0,1,1
2024.emnlp-main.885,CN,2024,EMNLP,1320.0,3.12057393120585,2496.0,0,1
2024.emnlp-main.89,CN,2024,EMNLP,312.0,2.494154594018443,2496.0,0,1
2024.emnlp-main.890,CN,2024,EMNLP,34944.0,4.543372616688624,2496.0,1,1
2024.emnlp-main.891,CN,2024,EMNLP,2496.0,3.397244581010386,2496.0,1,1
2024.emnlp-main.892,CN,2024,EMNLP,2494.4,3.3969660978447664,2496.0,0,1
2024.emnlp-main.895,CN,2024,EMNLP,1197.6,3.078311787334996,2496.0,0,2
2024.emnlp-main.896,CN,2024,EMNLP,149.7,2.1752218003430523,2496.0,0,2
2024.emnlp-main.898,CN,2024,EMNLP,312.0,2.494154594018443,2496.0,0,1
2024.emnlp-main.901,CN,2024,EMNLP,312.0,2.494154594018443,2496.0,0,1
2024.emnlp-main.91,CN,2024,EMNLP,330.0,2.5185139398778875,2496.0,0,1
2024.emnlp-main.919,CN,2024,EMNLP,284.0,2.4533183400470375,2496.0,0,1
2024.emnlp-main.92,CN,2024,EMNLP,936.0,2.971275848738105,2496.0,0,1
2024.emnlp-main.927,CN,2024,EMNLP,330.0,2.5185139398778875,2496.0,0,1
2024.emnlp-main.929,CN,2024,EMNLP,2496.0,3.397244581010386,2496.0,1,1
2024.emnlp-main.93,CN,2024,EMNLP,2496.0,3.397244581010386,2496.0,1,2
2024.emnlp-main.934,CN,2024,EMNLP,312.0,2.494154594018443,2496.0,0,2
2024.emnlp-main.959,CN,2024,EMNLP,130.5,2.1156105116742996,2496.0,0,4
2024.emnlp-main.960,CN,2024,EMNLP,1248.0,3.0962145853464054,2496.0,0,1
2024.emnlp-main.961,CN,2024,EMNLP,312.0,2.494154594018443,2496.0,0,2
2024.emnlp-main.962,CN,2024,EMNLP,284.0,2.4533183400470375,2496.0,0,2
2024.emnlp-main.963,CN,2024,EMNLP,2496.0,3.397244581010386,2496.0,1,1
2024.emnlp-main.964,CN,2024,EMNLP,19968.0,4.30033456800233,2496.0,1,1
2024.emnlp-main.966,CN,2024,EMNLP,312.0,2.494154594018443,2496.0,0,1
2024.emnlp-main.971,CN,2024,EMNLP,149.7,2.1752218003430523,2496.0,0,1
2024.emnlp-main.972,CN,2024,EMNLP,568.0,2.754348335711019,2496.0,0,1
2024.emnlp-main.974,CN,2024,EMNLP,2496.0,3.397244581010386,2496.0,1,2
2024.emnlp-main.98,CN,2024,EMNLP,119.1,2.0759117614827773,2496.0,0,2
2024.emnlp-main.99,CN,2024,EMNLP,312.0,2.494154594018443,2496.0,0,1
2024.emnlp-main.993,CN,2024,EMNLP,2496.0,3.397244581010386,2496.0,1,2
2024.emnlp-main.997,CN,2024,EMNLP,1248.0,3.0962145853464054,2496.0,0,1
2024.emnlp-main.998,CN,2024,EMNLP,2496.0,3.397244581010386,2496.0,1,1
2024.emnlp-main.999,CN,2024,EMNLP,29.77,1.4737788346467247,2496.0,0,1
2024.naacl-long.109,CN,2024,NAACL,2496.0,3.397244581010386,2496.0,1,1
2024.naacl-long.118,CN,2024,NAACL,312.0,2.494154594018443,2496.0,0,1
2024.naacl-long.15,CN,2024,NAACL,2496.0,3.397244581010386,2496.0,1,2
2024.naacl-long.205,CN,2024,NAACL,312.0,2.494154594018443,2496.0,0,1
2024.naacl-long.212,CN,2024,NAACL,119.1,2.0759117614827773,2496.0,0,2
2024.naacl-long.243,CN,2024,NAACL,71.0,1.8512583487190752,2496.0,0,10
2024.naacl-long.252,CN,2024,NAACL,149.7,2.1752218003430523,2496.0,0,2
2024.naacl-long.256,CN,2024,NAACL,2496.0,3.397244581010386,2496.0,1,1
2024.naacl-long.259,CN,2024,NAACL,112.0,2.0492180226701815,2496.0,0,1
2024.naacl-long.262,CN,2024,NAACL,910.4,2.959232249050996,2496.0,0,2
2024.naacl-long.263,CN,2024,NAACL,2496.0,3.397244581010386,2496.0,1,1
2024.naacl-long.271,CN,2024,NAACL,4992.0,3.6982745766743674,2496.0,1,1
2024.naacl-long.296,CN,2024,NAACL,119.1,2.0759117614827773,2496.0,0,2
2024.naacl-long.299,CN,2024,NAACL,71.0,1.8512583487190752,2496.0,0,1
2024.naacl-long.304,CN,2024,NAACL,149.7,2.1752218003430523,2496.0,0,1
2024.naacl-long.305,CN,2024,NAACL,2496.0,3.397244581010386,2496.0,1,1
2024.naacl-long.315,CN,2024,NAACL,312.0,2.494154594018443,2496.0,0,1
2024.naacl-long.326,CN,2024,NAACL,284.0,2.4533183400470375,2496.0,0,2
2024.naacl-long.334,CN,2024,NAACL,312.0,2.494154594018443,2496.0,0,17
2024.naacl-long.338,CN,2024,NAACL,2496.0,3.397244581010386,2496.0,1,1
2024.naacl-long.339,CN,2024,NAACL,896.0,2.9523080096621253,2496.0,0,1
2024.naacl-long.341,CN,2024,NAACL,312.0,2.494154594018443,2496.0,0,1
2024.naacl-long.343,CN,2024,NAACL,2496.0,3.397244581010386,2496.0,1,1
2024.naacl-long.351,CN,2024,NAACL,119.1,2.0759117614827773,2496.0,0,2
2024.naacl-long.360,CN,2024,NAACL,312.0,2.494154594018443,2496.0,0,1
2024.naacl-long.368,CN,2024,NAACL,312.0,2.494154594018443,2496.0,0,2
2024.naacl-long.369,CN,2024,NAACL,2496.0,3.397244581010386,2496.0,1,2
2024.naacl-long.372,CN,2024,NAACL,112.0,2.0492180226701815,2496.0,0,1
2024.naacl-long.373,CN,2024,NAACL,896.0,2.9523080096621253,2496.0,0,1
2024.naacl-long.376,CN,2024,NAACL,1248.0,3.0962145853464054,2496.0,0,2
2024.naacl-long.390,CN,2024,NAACL,624.0,2.795184589682424,2496.0,0,2
2024.naacl-long.394,CN,2024,NAACL,312.0,2.494154594018443,2496.0,0,2
2024.naacl-long.396,CN,2024,NAACL,311.8,2.4938761108528227,2496.0,0,1
2024.naacl-long.398,CN,2024,NAACL,568.0,2.754348335711019,2496.0,0,1
2024.naacl-long.399,CN,2024,NAACL,110.0,2.041392685158225,2496.0,0,3
2024.naacl-long.436,CN,2024,NAACL,112.0,2.0492180226701815,2496.0,0,2
2024.naacl-long.440,CN,2024,NAACL,9984.0,3.9993045723383487,2496.0,1,1
2024.naacl-long.441,CN,2024,NAACL,11.34,1.0546130545568877,2496.0,0,1
2024.naacl-long.445,CN,2024,NAACL,2496.0,3.397244581010386,2496.0,1,1
2024.naacl-long.446,CN,2024,NAACL,2640.0,3.4216039268698313,2496.0,1,1
2024.naacl-long.45,CN,2024,NAACL,640.0,2.806179973983887,2496.0,0,1
2024.naacl-long.450,CN,2024,NAACL,7488.0,3.874365835730049,2496.0,1,2
2024.naacl-long.452,CN,2024,NAACL,112.0,2.0492180226701815,2496.0,0,1
2024.naacl-long.473,CN,2024,NAACL,149.7,2.1752218003430523,2496.0,0,2
2024.naacl-long.478,CN,2024,NAACL,119.1,2.0759117614827773,2496.0,0,2
2024.naacl-long.479,CN,2024,NAACL,910.4,2.959232249050996,2496.0,0,2
2024.naacl-long.48,CN,2024,NAACL,1248.0,3.0962145853464054,2496.0,0,2
2024.naacl-long.486,CN,2024,NAACL,896.0,2.9523080096621253,2496.0,0,1
2024.acl-long.710,CZ,2024,ACL,1248.0,3.0962145853464054,2496.0,0,3
2024.acl-long.793,CZ,2024,ACL,1248.0,3.0962145853464054,2496.0,0,2
2024.acl-long.804,CZ,2024,ACL,149.7,2.1752218003430523,2496.0,0,2
2024.emnlp-main.32,CZ,2024,EMNLP,312.0,2.494154594018443,2496.0,0,2
2024.emnlp-main.753,CZ,2024,EMNLP,222.2,2.346744054604849,2496.0,0,3
2024.acl-long.105,DE,2024,ACL,1248.0,3.0962145853464054,2496.0,0,2
2024.acl-long.127,DE,2024,ACL,312.0,2.494154594018443,2496.0,0,2
2024.acl-long.136,DE,2024,ACL,476.4,2.67797175281074,2496.0,0,1
2024.acl-long.166,DE,2024,ACL,149.7,2.1752218003430523,2496.0,0,1
2024.acl-long.234,DE,2024,ACL,119.1,2.0759117614827773,2496.0,0,3
2024.acl-long.236,DE,2024,ACL,448.0,2.651278013998144,2496.0,0,2
2024.acl-long.240,DE,2024,ACL,312.0,2.494154594018443,2496.0,0,3
2024.acl-long.244,DE,2024,ACL,1248.0,3.0962145853464054,2496.0,0,1
2024.acl-long.255,DE,2024,ACL,238.2,2.3769417571467586,2496.0,0,1
2024.acl-long.256,DE,2024,ACL,500.0,2.6989700043360187,2496.0,0,1
2024.acl-long.265,DE,2024,ACL,312.0,2.494154594018443,2496.0,0,2
2024.acl-long.266,DE,2024,ACL,125.0,2.0969100130080562,2496.0,0,1
2024.acl-long.277,DE,2024,ACL,71.0,1.8512583487190752,2496.0,0,1
2024.acl-long.279,DE,2024,ACL,312.0,2.494154594018443,2496.0,0,2
2024.acl-long.342,DE,2024,ACL,24.6,1.390935107103379,2496.0,0,3
2024.acl-long.355,DE,2024,ACL,113.8,2.056142262059052,2496.0,0,3
2024.acl-long.362,DE,2024,ACL,130.5,2.1156105116742996,2496.0,0,2
2024.acl-long.366,DE,2024,ACL,312.0,2.494154594018443,2496.0,0,2
2024.acl-long.437,DE,2024,ACL,312.0,2.494154594018443,2496.0,0,3
2024.acl-long.459,DE,2024,ACL,130.5,2.1156105116742996,2496.0,0,3
2024.acl-long.462,DE,2024,ACL,44.200000000001,1.6454222693491016,2496.0,0,2
2024.acl-long.795,DE,2024,ACL,119.1,2.0759117614827773,2496.0,0,3
2024.acl-long.803,DE,2024,ACL,312.0,2.494154594018443,2496.0,0,2
2024.acl-long.816,DE,2024,ACL,624.0,2.795184589682424,2496.0,0,4
2024.acl-long.824,DE,2024,ACL,112.0,2.0492180226701815,2496.0,0,3
2024.acl-long.828,DE,2024,ACL,362.0,2.558708570533166,2496.0,0,2
2024.acl-long.857,DE,2024,ACL,71.0,1.8512583487190752,2496.0,0,2
2024.emnlp-main.1015,DE,2024,EMNLP,312.0,2.494154594018443,2496.0,0,2
2024.emnlp-main.1031,DE,2024,EMNLP,312.0,2.494154594018443,2496.0,0,3
2024.emnlp-main.1055,DE,2024,EMNLP,112.0,2.0492180226701815,2496.0,0,2
2024.emnlp-main.1159,DE,2024,EMNLP,756.0,2.8785217955012063,2496.0,0,1
2024.emnlp-main.1168,DE,2024,EMNLP,312.0,2.494154594018443,2496.0,0,2
2024.emnlp-main.1183,DE,2024,EMNLP,149.7,2.1752218003430523,2496.0,0,1
2024.emnlp-main.1197,DE,2024,EMNLP,1248.0,3.0962145853464054,2496.0,0,2
2024.emnlp-main.1203,DE,2024,EMNLP,119.1,2.0759117614827773,2496.0,0,1
2024.emnlp-main.1211,DE,2024,EMNLP,312.0,2.494154594018443,2496.0,0,9
2024.emnlp-main.1223,DE,2024,EMNLP,312.0,2.494154594018443,2496.0,0,2
2024.emnlp-main.132,DE,2024,EMNLP,299.4,2.4762517960070336,2496.0,0,2
2024.emnlp-main.153,DE,2024,EMNLP,756.0,2.8785217955012063,2496.0,0,1
2024.emnlp-main.154,DE,2024,EMNLP,71.0,1.8512583487190752,2496.0,0,1
2024.emnlp-main.159,DE,2024,EMNLP,71.0,1.8512583487190752,2496.0,0,1
2024.emnlp-main.177,DE,2024,EMNLP,312.0,2.494154594018443,2496.0,0,1
2024.emnlp-main.231,DE,2024,EMNLP,71.0,1.8512583487190752,2496.0,0,3
2024.emnlp-main.24,DE,2024,EMNLP,6048.0,3.78161178249315,2496.0,1,3
2024.emnlp-main.318,DE,2024,EMNLP,312.0,2.494154594018443,2496.0,0,1
2024.emnlp-main.324,DE,2024,EMNLP,119.1,2.0759117614827773,2496.0,0,1
2024.emnlp-main.325,DE,2024,EMNLP,2494.4,3.3969660978447664,2496.0,0,2
2024.emnlp-main.339,DE,2024,EMNLP,624.0,2.795184589682424,2496.0,0,1
2024.emnlp-main.344,DE,2024,EMNLP,312.0,2.494154594018443,2496.0,0,2
2024.emnlp-main.350,DE,2024,EMNLP,112.0,2.0492180226701815,2496.0,0,2
2024.emnlp-main.404,DE,2024,EMNLP,312.0,2.494154594018443,2496.0,0,1
2024.emnlp-main.448,DE,2024,EMNLP,312.0,2.494154594018443,2496.0,0,2
2024.emnlp-main.452,DE,2024,EMNLP,312.0,2.494154594018443,2496.0,0,4
2024.emnlp-main.453,DE,2024,EMNLP,312.0,2.494154594018443,2496.0,0,2
2024.emnlp-main.463,DE,2024,EMNLP,756.0,2.8785217955012063,2496.0,0,1
2024.emnlp-main.471,DE,2024,EMNLP,1872.0,3.2723058444020863,2496.0,0,3
2024.emnlp-main.478,DE,2024,EMNLP,312.0,2.494154594018443,2496.0,0,2
2024.emnlp-main.507,DE,2024,EMNLP,2496.0,3.397244581010386,2496.0,1,4
2024.emnlp-main.526,DE,2024,EMNLP,330.0,2.5185139398778875,2496.0,0,2
2024.emnlp-main.533,DE,2024,EMNLP,476.4,2.67797175281074,2496.0,0,2
2024.emnlp-main.537,DE,2024,EMNLP,130.5,2.1156105116742996,2496.0,0,4
2024.emnlp-main.592,DE,2024,EMNLP,119.1,2.0759117614827773,2496.0,0,2
2024.emnlp-main.608,DE,2024,EMNLP,476.4,2.67797175281074,2496.0,0,2
2024.emnlp-main.617,DE,2024,EMNLP,12480.0,4.096214585346405,2496.0,1,2
2024.emnlp-main.629,DE,2024,EMNLP,312.0,2.494154594018443,2496.0,0,4
2024.emnlp-main.645,DE,2024,EMNLP,113.8,2.056142262059052,2496.0,0,3
2024.emnlp-main.647,DE,2024,EMNLP,119.1,2.0759117614827773,2496.0,0,1
2024.emnlp-main.669,DE,2024,EMNLP,312.0,2.494154594018443,2496.0,0,1
2024.emnlp-main.684,DE,2024,EMNLP,121.0,2.0827853703164503,2496.0,0,2
2024.emnlp-main.811,DE,2024,EMNLP,312.0,2.494154594018443,2496.0,0,2
2024.emnlp-main.839,DE,2024,EMNLP,1512.0,3.1795517911651876,2496.0,0,1
2024.emnlp-main.876,DE,2024,EMNLP,119.1,2.0759117614827773,2496.0,0,1
2024.emnlp-main.886,DE,2024,EMNLP,312.0,2.494154594018443,2496.0,0,2
2024.emnlp-main.889,DE,2024,EMNLP,312.0,2.494154594018443,2496.0,0,2
2024.emnlp-main.925,DE,2024,EMNLP,149.7,2.1752218003430523,2496.0,0,4
2024.naacl-long.137,DE,2024,NAACL,2496.0,3.397244581010386,2496.0,1,1
2024.naacl-long.204,DE,2024,NAACL,312.0,2.494154594018443,2496.0,0,2
2024.naacl-long.243,DE,2024,NAACL,71.0,1.8512583487190752,2496.0,0,10
2024.naacl-long.281,DE,2024,NAACL,71.0,1.8512583487190752,2496.0,0,2
2024.naacl-long.298,DE,2024,NAACL,312.0,2.494154594018443,2496.0,0,1
2024.naacl-long.325,DE,2024,NAACL,756.0,2.8785217955012063,2496.0,0,1
2024.naacl-long.393,DE,2024,NAACL,312.0,2.494154594018443,2496.0,0,4
2024.naacl-long.59,DE,2024,NAACL,312.0,2.494154594018443,2496.0,0,1
2024.acl-long.444,DK,2024,ACL,312.0,2.494154594018443,2496.0,0,1
2024.acl-long.467,DK,2024,ACL,19968.0,4.30033456800233,2496.0,1,2
2024.acl-long.477,DK,2024,ACL,888.8,2.9488040459328113,2496.0,0,2
2024.acl-long.503,DK,2024,ACL,312.0,2.494154594018443,2496.0,0,3
2024.acl-long.805,DK,2024,ACL,312.0,2.494154594018443,2496.0,0,3
2024.acl-long.817,DK,2024,ACL,4992.0,3.6982745766743674,2496.0,1,1
2024.acl-long.824,DK,2024,ACL,112.0,2.0492180226701815,2496.0,0,3
2024.emnlp-main.183,DK,2024,EMNLP,112.0,2.0492180226701815,2496.0,0,2
2024.emnlp-main.196,DK,2024,EMNLP,1792.0,3.2533380053261065,2496.0,0,2
2024.emnlp-main.280,DK,2024,EMNLP,312.0,2.494154594018443,2496.0,0,2
2024.emnlp-main.311,DK,2024,EMNLP,476.4,2.67797175281074,2496.0,0,4
2024.emnlp-main.312,DK,2024,EMNLP,312.0,2.494154594018443,2496.0,0,1
2024.emnlp-main.315,DK,2024,EMNLP,312.0,2.494154594018443,2496.0,0,1
2024.emnlp-main.773,DK,2024,EMNLP,112.0,2.0492180226701815,2496.0,0,2
2024.naacl-long.243,DK,2024,NAACL,71.0,1.8512583487190752,2496.0,0,10
2024.naacl-long.311,DK,2024,NAACL,130.5,2.1156105116742996,2496.0,0,2
2024.emnlp-main.925,EE,2024,EMNLP,149.7,2.1752218003430523,2496.0,0,4
2024.emnlp-main.1211,EG,2024,EMNLP,312.0,2.494154594018443,2496.0,0,9
2024.acl-long.342,ES,2024,ACL,24.6,1.390935107103379,2496.0,0,3
2024.acl-long.364,ES,2024,ACL,312.0,2.494154594018443,2496.0,0,2
2024.acl-long.622,ES,2024,ACL,149.7,2.1752218003430523,2496.0,0,1
2024.acl-long.799,ES,2024,ACL,4313088.0,6.634788319153261,2496.0,1,1
2024.emnlp-main.1171,ES,2024,EMNLP,312.0,2.494154594018443,2496.0,0,2
2024.emnlp-main.635,ES,2024,EMNLP,107.0,2.0293837776852097,2496.0,0,1
2024.emnlp-main.638,ES,2024,EMNLP,56.7,1.7535830588929067,2496.0,0,1
2024.emnlp-main.659,ES,2024,EMNLP,568.0,2.754348335711019,2496.0,0,1
2024.emnlp-main.831,ES,2024,EMNLP,149.7,2.1752218003430523,2496.0,0,2
2024.naacl-long.334,ES,2024,NAACL,312.0,2.494154594018443,2496.0,0,17
2024.naacl-long.354,ES,2024,NAACL,9.526,0.9789105771755716,2496.0,0,3
2024.naacl-long.387,ES,2024,NAACL,112.0,2.0492180226701815,2496.0,0,1
2024.emnlp-main.280,FI,2024,EMNLP,312.0,2.494154594018443,2496.0,0,2
2024.emnlp-main.893,FI,2024,EMNLP,383.0,2.583198773968623,2496.0,0,1
2024.naacl-long.334,FI,2024,NAACL,312.0,2.494154594018443,2496.0,0,17
2024.acl-long.462,FR,2024,ACL,44.200000000001,1.6454222693491016,2496.0,0,2
2024.acl-long.553,FR,2024,ACL,89.2,1.9503648543761232,2496.0,0,1
2024.acl-long.616,FR,2024,ACL,1248.0,3.0962145853464054,2496.0,0,1
2024.emnlp-main.1021,FR,2024,EMNLP,312.0,2.494154594018443,2496.0,0,2
2024.emnlp-main.1087,FR,2024,EMNLP,112.0,2.0492180226701815,2496.0,0,1
2024.emnlp-main.1121,FR,2024,EMNLP,71.0,1.8512583487190752,2496.0,0,3
2024.emnlp-main.176,FR,2024,EMNLP,357.3,2.55303301620244,2496.0,0,1
2024.emnlp-main.301,FR,2024,EMNLP,312.0,2.494154594018443,2496.0,0,1
2024.emnlp-main.545,FR,2024,EMNLP,312.0,2.494154594018443,2496.0,0,2
2024.emnlp-main.675,FR,2024,EMNLP,71.0,1.8512583487190752,2496.0,0,2
2024.emnlp-main.677,FR,2024,EMNLP,476.4,2.67797175281074,2496.0,0,2
2024.emnlp-main.731,FR,2024,EMNLP,312.0,2.494154594018443,2496.0,0,1
2024.emnlp-main.759,FR,2024,EMNLP,1248.0,3.0962145853464054,2496.0,0,4
2024.emnlp-main.780,FR,2024,EMNLP,2496.0,3.397244581010386,2496.0,1,3
2024.emnlp-main.803,FR,2024,EMNLP,624.0,2.795184589682424,2496.0,0,3
2024.emnlp-main.922,FR,2024,EMNLP,312.0,2.494154594018443,2496.0,0,1
2024.emnlp-main.925,FR,2024,EMNLP,149.7,2.1752218003430523,2496.0,0,4
2024.emnlp-main.933,FR,2024,EMNLP,989.4,2.9953719060281623,2496.0,0,3
2024.naacl-long.170,FR,2024,NAACL,896.0,2.9523080096621253,2496.0,0,5
2024.naacl-long.243,FR,2024,NAACL,71.0,1.8512583487190752,2496.0,0,10
2024.naacl-long.270,FR,2024,NAACL,312.0,2.494154594018443,2496.0,0,1
2024.naacl-long.300,FR,2024,NAACL,312.0,2.494154594018443,2496.0,0,1
2024.naacl-long.334,FR,2024,NAACL,312.0,2.494154594018443,2496.0,0,17
2024.acl-long.103,GB,2024,ACL,312.0,2.494154594018443,2496.0,0,2
2024.acl-long.113,GB,2024,ACL,9.526,0.9789105771755716,2496.0,0,2
2024.acl-long.21,GB,2024,ACL,312.0,2.494154594018443,2496.0,0,1
2024.acl-long.279,GB,2024,ACL,312.0,2.494154594018443,2496.0,0,2
2024.acl-long.289,GB,2024,ACL,1248.0,3.0962145853464054,2496.0,0,1
2024.acl-long.291,GB,2024,ACL,1248.0,3.0962145853464054,2496.0,0,1
2024.acl-long.32,GB,2024,ACL,312.0,2.494154594018443,2496.0,0,1
2024.acl-long.343,GB,2024,ACL,312.0,2.494154594018443,2496.0,0,3
2024.acl-long.355,GB,2024,ACL,113.8,2.056142262059052,2496.0,0,3
2024.acl-long.364,GB,2024,ACL,312.0,2.494154594018443,2496.0,0,2
2024.acl-long.382,GB,2024,ACL,312.0,2.494154594018443,2496.0,0,1
2024.acl-long.415,GB,2024,ACL,357.3,2.55303301620244,2496.0,0,2
2024.acl-long.427,GB,2024,ACL,39936.0,4.601364563666311,2496.0,1,3
2024.acl-long.433,GB,2024,ACL,312.0,2.494154594018443,2496.0,0,2
2024.acl-long.448,GB,2024,ACL,1248.0,3.0962145853464054,2496.0,0,1
2024.acl-long.450,GB,2024,ACL,312.0,2.494154594018443,2496.0,0,1
2024.acl-long.488,GB,2024,ACL,1760.0,3.24551266781415,2496.0,0,4
2024.acl-long.489,GB,2024,ACL,312.0,2.494154594018443,2496.0,0,2
2024.acl-long.506,GB,2024,ACL,312.0,2.494154594018443,2496.0,0,3
2024.acl-long.533,GB,2024,ACL,71.0,1.8512583487190752,2496.0,0,2
2024.acl-long.544,GB,2024,ACL,312.0,2.494154594018443,2496.0,0,1
2024.acl-long.550,GB,2024,ACL,2496.0,3.397244581010386,2496.0,1,3
2024.acl-long.554,GB,2024,ACL,312.0,2.494154594018443,2496.0,0,1
2024.acl-long.641,GB,2024,ACL,312.0,2.494154594018443,2496.0,0,2
2024.acl-long.674,GB,2024,ACL,3811.2,3.5810617398026836,2496.0,1,2
2024.acl-long.712,GB,2024,ACL,2496.0,3.397244581010386,2496.0,1,1
2024.acl-long.784,GB,2024,ACL,34.02,1.5317343092765503,2496.0,0,2
2024.acl-long.816,GB,2024,ACL,624.0,2.795184589682424,2496.0,0,4
2024.acl-long.834,GB,2024,ACL,312.0,2.494154594018443,2496.0,0,2
2024.acl-long.93,GB,2024,ACL,284.0,2.4533183400470375,2496.0,0,3
2024.emnlp-main.1037,GB,2024,EMNLP,311.8,2.4938761108528227,2496.0,0,2
2024.emnlp-main.1052,GB,2024,EMNLP,312.0,2.494154594018443,2496.0,0,2
2024.emnlp-main.1080,GB,2024,EMNLP,1248.0,3.0962145853464054,2496.0,0,1
2024.emnlp-main.1095,GB,2024,EMNLP,495.0,2.694605198933569,2496.0,0,1
2024.emnlp-main.1098,GB,2024,EMNLP,896.0,2.9523080096621253,2496.0,0,2
2024.emnlp-main.1123,GB,2024,EMNLP,330.0,2.5185139398778875,2496.0,0,2
2024.emnlp-main.113,GB,2024,EMNLP,312.0,2.494154594018443,2496.0,0,1
2024.emnlp-main.1171,GB,2024,EMNLP,312.0,2.494154594018443,2496.0,0,2
2024.emnlp-main.1172,GB,2024,EMNLP,113.8,2.056142262059052,2496.0,0,2
2024.emnlp-main.1211,GB,2024,EMNLP,312.0,2.494154594018443,2496.0,0,9
2024.emnlp-main.1214,GB,2024,EMNLP,1248.0,3.0962145853464054,2496.0,0,1
2024.emnlp-main.1265,GB,2024,EMNLP,112.0,2.0492180226701815,2496.0,0,1
2024.emnlp-main.139,GB,2024,EMNLP,476.4,2.67797175281074,2496.0,0,2
2024.emnlp-main.147,GB,2024,EMNLP,130.5,2.1156105116742996,2496.0,0,2
2024.emnlp-main.172,GB,2024,EMNLP,2496.0,3.397244581010386,2496.0,1,2
2024.emnlp-main.192,GB,2024,EMNLP,312.0,2.494154594018443,2496.0,0,1
2024.emnlp-main.205,GB,2024,EMNLP,1248.0,3.0962145853464054,2496.0,0,4
2024.emnlp-main.214,GB,2024,EMNLP,444.4,2.64777405026883,2496.0,0,3
2024.emnlp-main.225,GB,2024,EMNLP,312.0,2.494154594018443,2496.0,0,1
2024.emnlp-main.24,GB,2024,EMNLP,6048.0,3.78161178249315,2496.0,1,3
2024.emnlp-main.292,GB,2024,EMNLP,2496.0,3.397244581010386,2496.0,1,6
2024.emnlp-main.296,GB,2024,EMNLP,2496.0,3.397244581010386,2496.0,1,13
2024.emnlp-main.299,GB,2024,EMNLP,312.0,2.494154594018443,2496.0,0,2
2024.emnlp-main.306,GB,2024,EMNLP,2496.0,3.397244581010386,2496.0,1,2
2024.emnlp-main.311,GB,2024,EMNLP,476.4,2.67797175281074,2496.0,0,4
2024.emnlp-main.316,GB,2024,EMNLP,1248.0,3.0962145853464054,2496.0,0,2
2024.emnlp-main.330,GB,2024,EMNLP,29.77,1.4737788346467247,2496.0,0,1
2024.emnlp-main.344,GB,2024,EMNLP,312.0,2.494154594018443,2496.0,0,2
2024.emnlp-main.389,GB,2024,EMNLP,724.0,2.859738566197147,2496.0,0,1
2024.emnlp-main.430,GB,2024,EMNLP,312.0,2.494154594018443,2496.0,0,1
2024.emnlp-main.449,GB,2024,EMNLP,896.0,2.9523080096621253,2496.0,0,2
2024.emnlp-main.45,GB,2024,EMNLP,312.0,2.494154594018443,2496.0,0,2
2024.emnlp-main.454,GB,2024,EMNLP,9984.0,3.9993045723383487,2496.0,1,3
2024.emnlp-main.458,GB,2024,EMNLP,2496.0,3.397244581010386,2496.0,1,2
2024.emnlp-main.481,GB,2024,EMNLP,71.0,1.8512583487190752,2496.0,0,1
2024.emnlp-main.515,GB,2024,EMNLP,2496.0,3.397244581010386,2496.0,1,2
2024.emnlp-main.537,GB,2024,EMNLP,130.5,2.1156105116742996,2496.0,0,4
2024.emnlp-main.542,GB,2024,EMNLP,312.0,2.494154594018443,2496.0,0,2
2024.emnlp-main.569,GB,2024,EMNLP,89.2,1.9503648543761232,2496.0,0,1
2024.emnlp-main.584,GB,2024,EMNLP,311.8,2.4938761108528227,2496.0,0,2
2024.emnlp-main.60,GB,2024,EMNLP,2496.0,3.397244581010386,2496.0,1,2
2024.emnlp-main.643,GB,2024,EMNLP,299.4,2.4762517960070336,2496.0,0,1
2024.emnlp-main.645,GB,2024,EMNLP,113.8,2.056142262059052,2496.0,0,3
2024.emnlp-main.656,GB,2024,EMNLP,1197.6,3.078311787334996,2496.0,0,1
2024.emnlp-main.665,GB,2024,EMNLP,312.0,2.494154594018443,2496.0,0,2
2024.emnlp-main.678,GB,2024,EMNLP,476.4,2.67797175281074,2496.0,0,1
2024.emnlp-main.688,GB,2024,EMNLP,71.0,1.8512583487190752,2496.0,0,2
2024.emnlp-main.694,GB,2024,EMNLP,112.0,2.0492180226701815,2496.0,0,1
2024.emnlp-main.696,GB,2024,EMNLP,149.7,2.1752218003430523,2496.0,0,1
2024.emnlp-main.699,GB,2024,EMNLP,312.0,2.494154594018443,2496.0,0,2
2024.emnlp-main.743,GB,2024,EMNLP,112.0,2.0492180226701815,2496.0,0,3
2024.emnlp-main.755,GB,2024,EMNLP,4992.0,3.6982745766743674,2496.0,1,3
2024.emnlp-main.759,GB,2024,EMNLP,1248.0,3.0962145853464054,2496.0,0,4
2024.emnlp-main.780,GB,2024,EMNLP,2496.0,3.397244581010386,2496.0,1,3
2024.emnlp-main.781,GB,2024,EMNLP,756.0,2.8785217955012063,2496.0,0,3
2024.emnlp-main.79,GB,2024,EMNLP,2496.0,3.397244581010386,2496.0,1,2
2024.emnlp-main.793,GB,2024,EMNLP,1512.0,3.1795517911651876,2496.0,0,1
2024.emnlp-main.807,GB,2024,EMNLP,312.0,2.494154594018443,2496.0,0,2
2024.emnlp-main.811,GB,2024,EMNLP,312.0,2.494154594018443,2496.0,0,2
2024.emnlp-main.816,GB,2024,EMNLP,312.0,2.494154594018443,2496.0,0,1
2024.emnlp-main.847,GB,2024,EMNLP,1248.0,3.0962145853464054,2496.0,0,2
2024.emnlp-main.856,GB,2024,EMNLP,312.0,2.494154594018443,2496.0,0,2
2024.emnlp-main.93,GB,2024,EMNLP,2496.0,3.397244581010386,2496.0,1,2
2024.emnlp-main.94,GB,2024,EMNLP,640.0,2.806179973983887,2496.0,0,2
2024.emnlp-main.941,GB,2024,EMNLP,1560.0,3.1931245983544616,2496.0,0,3
2024.emnlp-main.993,GB,2024,EMNLP,2496.0,3.397244581010386,2496.0,1,2
2024.naacl-long.178,GB,2024,NAACL,312.0,2.494154594018443,2496.0,0,1
2024.naacl-long.243,GB,2024,NAACL,71.0,1.8512583487190752,2496.0,0,10
2024.naacl-long.309,GB,2024,NAACL,19968.0,4.30033456800233,2496.0,1,2
2024.naacl-long.334,GB,2024,NAACL,312.0,2.494154594018443,2496.0,0,17
2024.naacl-long.349,GB,2024,NAACL,3744.0,3.5733358400660675,2496.0,1,2
2024.naacl-long.354,GB,2024,NAACL,9.526,0.9789105771755716,2496.0,0,3
2024.naacl-long.374,GB,2024,NAACL,312.0,2.494154594018443,2496.0,0,2
2024.naacl-long.388,GB,2024,NAACL,113.8,2.056142262059052,2496.0,0,1
2024.naacl-long.393,GB,2024,NAACL,312.0,2.494154594018443,2496.0,0,4
2024.naacl-long.408,GB,2024,NAACL,312.0,2.494154594018443,2496.0,0,1
2024.naacl-long.416,GB,2024,NAACL,312.0,2.494154594018443,2496.0,0,2
2024.naacl-long.420,GB,2024,NAACL,312.0,2.494154594018443,2496.0,0,3
2024.naacl-long.459,GB,2024,NAACL,880.0,2.9444826721501687,2496.0,0,2
2024.naacl-long.465,GB,2024,NAACL,2496.0,3.397244581010386,2496.0,1,2
2024.naacl-long.467,GB,2024,NAACL,312.0,2.494154594018443,2496.0,0,1
2024.naacl-long.86,GB,2024,NAACL,312.0,2.494154594018443,2496.0,0,2
2024.acl-long.438,GE,2024,ACL,598.8,2.777281791671015,2496.0,0,3
2024.acl-long.631,GE,2024,ACL,130.0,2.113943352306837,2496.0,0,3
2024.naacl-long.334,GH,2024,NAACL,312.0,2.494154594018443,2496.0,0,17
2024.emnlp-main.431,GR,2024,EMNLP,238.2,2.3769417571467586,2496.0,0,1
2024.emnlp-main.541,GR,2024,EMNLP,6240.0,3.795184589682424,2496.0,1,2
2024.acl-long.796,ID,2024,ACL,2496.0,3.397244581010386,2496.0,1,6
2024.emnlp-main.296,ID,2024,EMNLP,2496.0,3.397244581010386,2496.0,1,13
2024.acl-long.240,IE,2024,ACL,312.0,2.494154594018443,2496.0,0,3
2024.emnlp-main.862,IE,2024,EMNLP,330.0,2.5185139398778875,2496.0,0,1
2024.acl-long.18,IL,2024,ACL,1248.0,3.0962145853464054,2496.0,0,2
2024.acl-long.182,IL,2024,ACL,312.0,2.494154594018443,2496.0,0,2
2024.acl-long.377,IL,2024,ACL,119.1,2.0759117614827773,2496.0,0,2
2024.acl-long.470,IL,2024,ACL,119.1,2.0759117614827773,2496.0,0,2
2024.acl-long.506,IL,2024,ACL,312.0,2.494154594018443,2496.0,0,3
2024.acl-long.524,IL,2024,ACL,153.4,2.185825359612962,2496.0,0,1
2024.acl-long.550,IL,2024,ACL,2496.0,3.397244581010386,2496.0,1,3
2024.emnlp-main.1043,IL,2024,EMNLP,112.0,2.0492180226701815,2496.0,0,2
2024.emnlp-main.15,IL,2024,EMNLP,1248.0,3.0962145853464054,2496.0,0,1
2024.emnlp-main.16,IL,2024,EMNLP,160.0,2.2041199826559246,2496.0,0,2
2024.emnlp-main.198,IL,2024,EMNLP,312.0,2.494154594018443,2496.0,0,2
2024.emnlp-main.232,IL,2024,EMNLP,756.0,2.8785217955012063,2496.0,0,1
2024.emnlp-main.40,IL,2024,EMNLP,19968.0,4.30033456800233,2496.0,1,2
2024.emnlp-main.505,IL,2024,EMNLP,2496.0,3.397244581010386,2496.0,1,2
2024.emnlp-main.535,IL,2024,EMNLP,2496.0,3.397244581010386,2496.0,1,2
2024.emnlp-main.629,IL,2024,EMNLP,312.0,2.494154594018443,2496.0,0,4
2024.emnlp-main.781,IL,2024,EMNLP,756.0,2.8785217955012063,2496.0,0,3
2024.naacl-long.243,IL,2024,NAACL,71.0,1.8512583487190752,2496.0,0,10
2024.naacl-long.329,IL,2024,NAACL,312.0,2.494154594018443,2496.0,0,1
2024.naacl-long.378,IL,2024,NAACL,312.0,2.494154594018443,2496.0,0,1
2024.naacl-long.58,IL,2024,NAACL,112.0,2.0492180226701815,2496.0,0,1
2024.acl-long.130,IN,2024,ACL,121.0,2.0827853703164503,2496.0,0,1
2024.acl-long.228,IN,2024,ACL,312.0,2.494154594018443,2496.0,0,1
2024.acl-long.359,IN,2024,ACL,312.0,2.494154594018443,2496.0,0,1
2024.acl-long.437,IN,2024,ACL,312.0,2.494154594018443,2496.0,0,3
2024.acl-long.495,IN,2024,ACL,312.0,2.494154594018443,2496.0,0,1
2024.acl-long.545,IN,2024,ACL,112.0,2.0492180226701815,2496.0,0,1
2024.acl-long.618,IN,2024,ACL,119.1,2.0759117614827773,2496.0,0,1
2024.acl-long.708,IN,2024,ACL,113.8,2.056142262059052,2496.0,0,1
2024.emnlp-main.1014,IN,2024,EMNLP,312.0,2.494154594018443,2496.0,0,4
2024.emnlp-main.1040,IN,2024,EMNLP,312.0,2.494154594018443,2496.0,0,2
2024.emnlp-main.1061,IN,2024,EMNLP,4992.0,3.6982745766743674,2496.0,1,2
2024.emnlp-main.1151,IN,2024,EMNLP,357.3,2.55303301620244,2496.0,0,1
2024.emnlp-main.1172,IN,2024,EMNLP,113.8,2.056142262059052,2496.0,0,2
2024.emnlp-main.1234,IN,2024,EMNLP,11.34,1.0546130545568877,2496.0,0,1
2024.emnlp-main.1237,IN,2024,EMNLP,2496.0,3.397244581010386,2496.0,1,2
2024.emnlp-main.1252,IN,2024,EMNLP,312.0,2.494154594018443,2496.0,0,1
2024.emnlp-main.1256,IN,2024,EMNLP,112.0,2.0492180226701815,2496.0,0,1
2024.emnlp-main.1262,IN,2024,EMNLP,312.0,2.494154594018443,2496.0,0,2
2024.emnlp-main.13,IN,2024,EMNLP,112.0,2.0492180226701815,2496.0,0,3
2024.emnlp-main.214,IN,2024,EMNLP,444.4,2.64777405026883,2496.0,0,3
2024.emnlp-main.307,IN,2024,EMNLP,312.0,2.494154594018443,2496.0,0,2
2024.emnlp-main.320,IN,2024,EMNLP,112.0,2.0492180226701815,2496.0,0,2
2024.emnlp-main.334,IN,2024,EMNLP,312.0,2.494154594018443,2496.0,0,2
2024.emnlp-main.607,IN,2024,EMNLP,312.0,2.494154594018443,2496.0,0,1
2024.emnlp-main.629,IN,2024,EMNLP,312.0,2.494154594018443,2496.0,0,4
2024.emnlp-main.652,IN,2024,EMNLP,330.0,2.5185139398778875,2496.0,0,2
2024.emnlp-main.676,IN,2024,EMNLP,336.0,2.526339277389844,2496.0,0,1
2024.emnlp-main.798,IN,2024,EMNLP,312.0,2.494154594018443,2496.0,0,2
2024.emnlp-main.873,IN,2024,EMNLP,181.0,2.2576785748691846,2496.0,0,1
2024.emnlp-main.884,IN,2024,EMNLP,312.0,2.494154594018443,2496.0,0,2
2024.emnlp-main.886,IN,2024,EMNLP,312.0,2.494154594018443,2496.0,0,2
2024.emnlp-main.887,IN,2024,EMNLP,312.0,2.494154594018443,2496.0,0,1
2024.emnlp-main.889,IN,2024,EMNLP,312.0,2.494154594018443,2496.0,0,2
2024.emnlp-main.920,IN,2024,EMNLP,312.0,2.494154594018443,2496.0,0,1
2024.emnlp-main.936,IN,2024,EMNLP,624.0,2.795184589682424,2496.0,0,1
2024.emnlp-main.937,IN,2024,EMNLP,149.7,2.1752218003430523,2496.0,0,2
2024.emnlp-main.959,IN,2024,EMNLP,130.5,2.1156105116742996,2496.0,0,4
2024.naacl-long.28,IN,2024,NAACL,125.0,2.0969100130080562,2496.0,0,2
2024.naacl-long.342,IN,2024,NAACL,153.4,2.185825359612962,2496.0,0,1
2024.naacl-long.374,IN,2024,NAACL,312.0,2.494154594018443,2496.0,0,2
2024.naacl-long.410,IN,2024,NAACL,112.0,2.0492180226701815,2496.0,0,2
2024.naacl-long.487,IN,2024,NAACL,312.0,2.494154594018443,2496.0,0,2
2024.naacl-long.54,IN,2024,NAACL,2496.0,3.397244581010386,2496.0,1,1
2024.emnlp-main.773,IR,2024,EMNLP,112.0,2.0492180226701815,2496.0,0,2
2024.acl-long.200,IT,2024,ACL,299.4,2.4762517960070336,2496.0,0,2
2024.acl-long.201,IT,2024,ACL,1248.0,3.0962145853464054,2496.0,0,1
2024.acl-long.202,IT,2024,ACL,598.8,2.777281791671015,2496.0,0,1
2024.acl-long.415,IT,2024,ACL,357.3,2.55303301620244,2496.0,0,2
2024.acl-long.416,IT,2024,ACL,130.5,2.1156105116742996,2496.0,0,1
2024.acl-long.533,IT,2024,ACL,71.0,1.8512583487190752,2496.0,0,2
2024.acl-long.637,IT,2024,ACL,312.0,2.494154594018443,2496.0,0,2
2024.acl-long.722,IT,2024,ACL,330.0,2.5185139398778875,2496.0,0,1
2024.acl-long.816,IT,2024,ACL,624.0,2.795184589682424,2496.0,0,4
2024.acl-long.849,IT,2024,ACL,560.0,2.7481880270062002,2496.0,0,2
2024.acl-long.857,IT,2024,ACL,71.0,1.8512583487190752,2496.0,0,2
2024.emnlp-main.1099,IT,2024,EMNLP,149.7,2.1752218003430523,2496.0,0,1
2024.emnlp-main.1103,IT,2024,EMNLP,181.0,2.2576785748691846,2496.0,0,3
2024.emnlp-main.1136,IT,2024,EMNLP,1248.0,3.0962145853464054,2496.0,0,1
2024.emnlp-main.1186,IT,2024,EMNLP,312.0,2.494154594018443,2496.0,0,1
2024.emnlp-main.1188,IT,2024,EMNLP,312.0,2.494154594018443,2496.0,0,2
2024.emnlp-main.166,IT,2024,EMNLP,660.0,2.8195439355418688,2496.0,0,1
2024.emnlp-main.628,IT,2024,EMNLP,149.7,2.1752218003430523,2496.0,0,1
2024.emnlp-main.675,IT,2024,EMNLP,71.0,1.8512583487190752,2496.0,0,2
2024.emnlp-main.769,IT,2024,EMNLP,444.4,2.64777405026883,2496.0,0,2
2024.emnlp-main.776,IT,2024,EMNLP,312.0,2.494154594018443,2496.0,0,2
2024.emnlp-main.914,IT,2024,EMNLP,112.0,2.0492180226701815,2496.0,0,2
2024.naacl-long.204,IT,2024,NAACL,312.0,2.494154594018443,2496.0,0,2
2024.naacl-long.407,IT,2024,NAACL,113.8,2.056142262059052,2496.0,0,3
2024.naacl-long.461,IT,2024,NAACL,330.0,2.5185139398778875,2496.0,0,1
2024.emnlp-main.1211,JO,2024,EMNLP,312.0,2.494154594018443,2496.0,0,9
2024.acl-long.264,JP,2024,ACL,1248.0,3.0962145853464054,2496.0,0,2
2024.acl-long.324,JP,2024,ACL,624.0,2.795184589682424,2496.0,0,3
2024.acl-long.343,JP,2024,ACL,312.0,2.494154594018443,2496.0,0,3
2024.acl-long.436,JP,2024,ACL,112.0,2.0492180226701815,2496.0,0,1
2024.acl-long.453,JP,2024,ACL,3024.0,3.480581786829169,2496.0,1,1
2024.acl-long.549,JP,2024,ACL,19968.0,4.30033456800233,2496.0,1,2
2024.acl-long.781,JP,2024,ACL,312.0,2.494154594018443,2496.0,0,3
2024.acl-long.90,JP,2024,ACL,1248.0,3.0962145853464054,2496.0,0,1
2024.emnlp-main.1008,JP,2024,EMNLP,6048.0,3.78161178249315,2496.0,1,1
2024.emnlp-main.1049,JP,2024,EMNLP,312.0,2.494154594018443,2496.0,0,1
2024.emnlp-main.1177,JP,2024,EMNLP,476.4,2.67797175281074,2496.0,0,1
2024.emnlp-main.1178,JP,2024,EMNLP,312.0,2.494154594018443,2496.0,0,1
2024.emnlp-main.1238,JP,2024,EMNLP,119.1,2.0759117614827773,2496.0,0,1
2024.emnlp-main.1264,JP,2024,EMNLP,48384.0,4.684701769485094,2496.0,1,1
2024.emnlp-main.1266,JP,2024,EMNLP,312.0,2.494154594018443,2496.0,0,1
2024.emnlp-main.188,JP,2024,EMNLP,1248.0,3.0962145853464054,2496.0,0,1
2024.emnlp-main.296,JP,2024,EMNLP,2496.0,3.397244581010386,2496.0,1,13
2024.emnlp-main.334,JP,2024,EMNLP,312.0,2.494154594018443,2496.0,0,2
2024.emnlp-main.471,JP,2024,EMNLP,1872.0,3.2723058444020863,2496.0,0,3
2024.emnlp-main.497,JP,2024,EMNLP,2496.0,3.397244581010386,2496.0,1,1
2024.emnlp-main.599,JP,2024,EMNLP,2496.0,3.397244581010386,2496.0,1,3
2024.emnlp-main.627,JP,2024,EMNLP,19968.0,4.30033456800233,2496.0,1,1
2024.emnlp-main.637,JP,2024,EMNLP,364.24,2.5613876373001334,2496.0,0,3
2024.emnlp-main.653,JP,2024,EMNLP,330.0,2.5185139398778875,2496.0,0,1
2024.emnlp-main.69,JP,2024,EMNLP,1248.0,3.0962145853464054,2496.0,0,2
2024.emnlp-main.71,JP,2024,EMNLP,2496.0,3.397244581010386,2496.0,1,3
2024.emnlp-main.740,JP,2024,EMNLP,312.0,2.494154594018443,2496.0,0,1
2024.emnlp-main.797,JP,2024,EMNLP,312.0,2.494154594018443,2496.0,0,3
2024.emnlp-main.878,JP,2024,EMNLP,356.8,2.5524248457040857,2496.0,0,2
2024.emnlp-main.905,JP,2024,EMNLP,936.0,2.971275848738105,2496.0,0,1
2024.naacl-long.170,JP,2024,NAACL,896.0,2.9523080096621253,2496.0,0,5
2024.naacl-long.384,JP,2024,NAACL,312.0,2.494154594018443,2496.0,0,1
2024.acl-long.320,KE,2024,ACL,2496.0,3.397244581010386,2496.0,1,3
2024.acl-long.583,KE,2024,ACL,952.8,2.979001748474721,2496.0,0,2
2024.acl-long.601,KE,2024,ACL,312.0,2.494154594018443,2496.0,0,2
2024.naacl-long.334,KE,2024,NAACL,312.0,2.494154594018443,2496.0,0,17
2024.acl-long.125,KR,2024,ACL,2496.0,3.397244581010386,2496.0,1,1
2024.acl-long.134,KR,2024,ACL,1777.6,3.2498340415967926,2496.0,0,1
2024.acl-long.181,KR,2024,ACL,2496.0,3.397244581010386,2496.0,1,1
2024.acl-long.186,KR,2024,ACL,896.0,2.9523080096621253,2496.0,0,1
2024.acl-long.213,KR,2024,ACL,2496.0,3.397244581010386,2496.0,1,2
2024.acl-long.268,KR,2024,ACL,119.1,2.0759117614827773,2496.0,0,2
2024.acl-long.298,KR,2024,ACL,791.2,2.898286278589123,2496.0,0,2
2024.acl-long.304,KR,2024,ACL,952.8,2.979001748474721,2496.0,0,2
2024.acl-long.319,KR,2024,ACL,312.0,2.494154594018443,2496.0,0,2
2024.acl-long.322,KR,2024,ACL,284.0,2.4533183400470375,2496.0,0,1
2024.acl-long.323,KR,2024,ACL,113.8,2.056142262059052,2496.0,0,1
2024.acl-long.405,KR,2024,ACL,1248.0,3.0962145853464054,2496.0,0,2
2024.acl-long.490,KR,2024,ACL,312.0,2.494154594018443,2496.0,0,2
2024.acl-long.51,KR,2024,ACL,2496.0,3.397244581010386,2496.0,1,2
2024.acl-long.52,KR,2024,ACL,2496.0,3.397244581010386,2496.0,1,2
2024.acl-long.617,KR,2024,ACL,2496.0,3.397244581010386,2496.0,1,1
2024.acl-long.730,KR,2024,ACL,238.2,2.3769417571467586,2496.0,0,1
2024.acl-long.766,KR,2024,ACL,89.2,1.9503648543761232,2496.0,0,3
2024.acl-long.767,KR,2024,ACL,448.0,2.651278013998144,2496.0,0,1
2024.acl-long.796,KR,2024,ACL,2496.0,3.397244581010386,2496.0,1,6
2024.acl-long.813,KR,2024,ACL,624.0,2.795184589682424,2496.0,0,1
2024.acl-long.824,KR,2024,ACL,112.0,2.0492180226701815,2496.0,0,3
2024.acl-long.860,KR,2024,ACL,714.6,2.854063011866421,2496.0,0,1
2024.emnlp-main.1,KR,2024,EMNLP,312.0,2.494154594018443,2496.0,0,1
2024.emnlp-main.1036,KR,2024,EMNLP,4992.0,3.6982745766743674,2496.0,1,1
2024.emnlp-main.1048,KR,2024,EMNLP,89.2,1.9503648543761232,2496.0,0,1
2024.emnlp-main.1062,KR,2024,EMNLP,110.0,2.041392685158225,2496.0,0,1
2024.emnlp-main.1076,KR,2024,EMNLP,444.4,2.64777405026883,2496.0,0,2
2024.emnlp-main.1145,KR,2024,EMNLP,119.1,2.0759117614827773,2496.0,0,2
2024.emnlp-main.1148,KR,2024,EMNLP,222.2,2.346744054604849,2496.0,0,2
2024.emnlp-main.1150,KR,2024,EMNLP,2496.0,3.397244581010386,2496.0,1,1
2024.emnlp-main.1153,KR,2024,EMNLP,330.0,2.5185139398778875,2496.0,0,1
2024.emnlp-main.1157,KR,2024,EMNLP,330.0,2.5185139398778875,2496.0,0,1
2024.emnlp-main.1179,KR,2024,EMNLP,119.1,2.0759117614827773,2496.0,0,2
2024.emnlp-main.119,KR,2024,EMNLP,112.0,2.0492180226701815,2496.0,0,1
2024.emnlp-main.1194,KR,2024,EMNLP,1248.0,3.0962145853464054,2496.0,0,1
2024.emnlp-main.1236,KR,2024,EMNLP,1248.0,3.0962145853464054,2496.0,0,1
2024.emnlp-main.124,KR,2024,EMNLP,71.0,1.8512583487190752,2496.0,0,1
2024.emnlp-main.1242,KR,2024,EMNLP,312.0,2.494154594018443,2496.0,0,2
2024.emnlp-main.1253,KR,2024,EMNLP,624.0,2.795184589682424,2496.0,0,2
2024.emnlp-main.1254,KR,2024,EMNLP,568.0,2.754348335711019,2496.0,0,1
2024.emnlp-main.134,KR,2024,EMNLP,476.4,2.67797175281074,2496.0,0,2
2024.emnlp-main.143,KR,2024,EMNLP,330.0,2.5185139398778875,2496.0,0,2
2024.emnlp-main.144,KR,2024,EMNLP,312.0,2.494154594018443,2496.0,0,1
2024.emnlp-main.186,KR,2024,EMNLP,312.0,2.494154594018443,2496.0,0,2
2024.emnlp-main.2,KR,2024,EMNLP,312.0,2.494154594018443,2496.0,0,1
2024.emnlp-main.247,KR,2024,EMNLP,312.0,2.494154594018443,2496.0,0,2
2024.emnlp-main.248,KR,2024,EMNLP,2496.0,3.397244581010386,2496.0,1,2
2024.emnlp-main.288,KR,2024,EMNLP,119.1,2.0759117614827773,2496.0,0,2
2024.emnlp-main.291,KR,2024,EMNLP,448.0,2.651278013998144,2496.0,0,2
2024.emnlp-main.294,KR,2024,EMNLP,71.0,1.8512583487190752,2496.0,0,1
2024.emnlp-main.296,KR,2024,EMNLP,2496.0,3.397244581010386,2496.0,1,13
2024.emnlp-main.351,KR,2024,EMNLP,119.1,2.0759117614827773,2496.0,0,2
2024.emnlp-main.370,KR,2024,EMNLP,312.0,2.494154594018443,2496.0,0,1
2024.emnlp-main.407,KR,2024,EMNLP,888.8,2.9488040459328113,2496.0,0,2
2024.emnlp-main.442,KR,2024,EMNLP,312.0,2.494154594018443,2496.0,0,3
2024.emnlp-main.454,KR,2024,EMNLP,9984.0,3.9993045723383487,2496.0,1,3
2024.emnlp-main.504,KR,2024,EMNLP,238.2,2.3769417571467586,2496.0,0,2
2024.emnlp-main.551,KR,2024,EMNLP,312.0,2.494154594018443,2496.0,0,1
2024.emnlp-main.563,KR,2024,EMNLP,71.0,1.8512583487190752,2496.0,0,2
2024.emnlp-main.594,KR,2024,EMNLP,2496.0,3.397244581010386,2496.0,1,1
2024.emnlp-main.602,KR,2024,EMNLP,71.0,1.8512583487190752,2496.0,0,1
2024.emnlp-main.626,KR,2024,EMNLP,1248.0,3.0962145853464054,2496.0,0,1
2024.emnlp-main.633,KR,2024,EMNLP,2496.0,3.397244581010386,2496.0,1,1
2024.emnlp-main.640,KR,2024,EMNLP,714.6,2.854063011866421,2496.0,0,1
2024.emnlp-main.68,KR,2024,EMNLP,1560.0,3.1931245983544616,2496.0,0,2
2024.emnlp-main.693,KR,2024,EMNLP,756.0,2.8785217955012063,2496.0,0,1
2024.emnlp-main.753,KR,2024,EMNLP,222.2,2.346744054604849,2496.0,0,3
2024.emnlp-main.755,KR,2024,EMNLP,4992.0,3.6982745766743674,2496.0,1,3
2024.emnlp-main.762,KR,2024,EMNLP,476.4,2.67797175281074,2496.0,0,1
2024.emnlp-main.788,KR,2024,EMNLP,476.4,2.67797175281074,2496.0,0,1
2024.emnlp-main.792,KR,2024,EMNLP,1248.0,3.0962145853464054,2496.0,0,2
2024.emnlp-main.848,KR,2024,EMNLP,312.0,2.494154594018443,2496.0,0,1
2024.emnlp-main.897,KR,2024,EMNLP,312.0,2.494154594018443,2496.0,0,2
2024.emnlp-main.917,KR,2024,EMNLP,2496.0,3.397244581010386,2496.0,1,1
2024.emnlp-main.944,KR,2024,EMNLP,2496.0,3.397244581010386,2496.0,1,1
2024.emnlp-main.977,KR,2024,EMNLP,238.2,2.3769417571467586,2496.0,0,1
2024.emnlp-main.979,KR,2024,EMNLP,476.4,2.67797175281074,2496.0,0,1
2024.emnlp-main.994,KR,2024,EMNLP,444.4,2.64777405026883,2496.0,0,1
2024.naacl-long.182,KR,2024,NAACL,312.0,2.494154594018443,2496.0,0,2
2024.naacl-long.251,KR,2024,NAACL,1248.0,3.0962145853464054,2496.0,0,2
2024.naacl-long.288,KR,2024,NAACL,1320.0,3.12057393120585,2496.0,0,3
2024.naacl-long.303,KR,2024,NAACL,6048.0,3.78161178249315,2496.0,1,1
2024.naacl-long.316,KR,2024,NAACL,149.7,2.1752218003430523,2496.0,0,3
2024.naacl-long.328,KR,2024,NAACL,448.0,2.651278013998144,2496.0,0,1
2024.naacl-long.336,KR,2024,NAACL,330.0,2.5185139398778875,2496.0,0,2
2024.naacl-long.356,KR,2024,NAACL,896.0,2.9523080096621253,2496.0,0,2
2024.naacl-long.357,KR,2024,NAACL,71.0,1.8512583487190752,2496.0,0,1
2024.naacl-long.364,KR,2024,NAACL,2496.0,3.397244581010386,2496.0,1,1
2024.naacl-long.389,KR,2024,NAACL,312.0,2.494154594018443,2496.0,0,1
2024.naacl-long.401,KR,2024,NAACL,312.0,2.494154594018443,2496.0,0,1
2024.naacl-long.427,KR,2024,NAACL,756.0,2.8785217955012063,2496.0,0,1
2024.naacl-long.429,KR,2024,NAACL,299.4,2.4762517960070336,2496.0,0,2
2024.naacl-long.449,KR,2024,NAACL,119.1,2.0759117614827773,2496.0,0,1
2024.naacl-long.64,KR,2024,NAACL,142.0,2.1522883443830563,2496.0,0,2
2024.acl-long.575,LB,2024,ACL,1320.0,3.12057393120585,2496.0,0,2
2024.emnlp-main.749,LB,2024,EMNLP,142.0,2.1522883443830563,2496.0,0,2
2024.naacl-long.326,LB,2024,NAACL,284.0,2.4533183400470375,2496.0,0,2
2024.emnlp-main.1115,LT,2024,EMNLP,238.2,2.3769417571467586,2496.0,0,2
2024.emnlp-main.1145,LT,2024,EMNLP,119.1,2.0759117614827773,2496.0,0,2
2024.emnlp-main.296,LT,2024,EMNLP,2496.0,3.397244581010386,2496.0,1,13
2024.emnlp-main.815,LT,2024,EMNLP,2496.0,3.397244581010386,2496.0,1,3
2024.naacl-long.369,LT,2024,NAACL,2496.0,3.397244581010386,2496.0,1,2
2024.naacl-long.77,LT,2024,NAACL,312.0,2.494154594018443,2496.0,0,2
2024.emnlp-main.1211,MA,2024,EMNLP,312.0,2.494154594018443,2496.0,0,9
2024.naacl-long.334,MA,2024,NAACL,312.0,2.494154594018443,2496.0,0,17
2024.emnlp-main.1205,MO,2024,EMNLP,989.0,2.9951962915971793,2496.0,0,2
2024.emnlp-main.271,MO,2024,EMNLP,1248.0,3.0962145853464054,2496.0,0,2
2024.emnlp-main.434,MO,2024,EMNLP,2496.0,3.397244581010386,2496.0,1,2
2024.emnlp-main.1211,MR,2024,EMNLP,312.0,2.494154594018443,2496.0,0,9
2024.naacl-long.285,MX,2024,NAACL,312.0,2.494154594018443,2496.0,0,2
2024.naacl-long.460,MX,2024,NAACL,130.5,2.1156105116742996,2496.0,0,3
2024.emnlp-main.824,MZ,2024,EMNLP,125.0,2.0969100130080562,2496.0,0,2
2024.naacl-long.170,NG,2024,NAACL,896.0,2.9523080096621253,2496.0,0,5
2024.naacl-long.334,NG,2024,NAACL,312.0,2.494154594018443,2496.0,0,17
2024.acl-long.129,NL,2024,ACL,71.0,1.8512583487190752,2496.0,0,3
2024.acl-long.168,NL,2024,ACL,311.8,2.4938761108528227,2496.0,0,2
2024.acl-long.343,NL,2024,ACL,312.0,2.494154594018443,2496.0,0,3
2024.acl-long.355,NL,2024,ACL,113.8,2.056142262059052,2496.0,0,3
2024.acl-long.397,NL,2024,ACL,936.0,2.971275848738105,2496.0,0,3
2024.acl-long.649,NL,2024,ACL,1248.0,3.0962145853464054,2496.0,0,1
2024.acl-long.803,NL,2024,ACL,312.0,2.494154594018443,2496.0,0,2
2024.emnlp-main.1031,NL,2024,EMNLP,312.0,2.494154594018443,2496.0,0,3
2024.emnlp-main.1168,NL,2024,EMNLP,312.0,2.494154594018443,2496.0,0,2
2024.emnlp-main.1197,NL,2024,EMNLP,1248.0,3.0962145853464054,2496.0,0,2
2024.emnlp-main.1213,NL,2024,EMNLP,119.1,2.0759117614827773,2496.0,0,1
2024.emnlp-main.214,NL,2024,EMNLP,444.4,2.64777405026883,2496.0,0,3
2024.emnlp-main.307,NL,2024,EMNLP,312.0,2.494154594018443,2496.0,0,2
2024.emnlp-main.374,NL,2024,EMNLP,476.4,2.67797175281074,2496.0,0,1
2024.emnlp-main.45,NL,2024,EMNLP,312.0,2.494154594018443,2496.0,0,2
2024.emnlp-main.5,NL,2024,EMNLP,119.1,2.0759117614827773,2496.0,0,1
2024.emnlp-main.507,NL,2024,EMNLP,2496.0,3.397244581010386,2496.0,1,4
2024.emnlp-main.52,NL,2024,EMNLP,312.0,2.494154594018443,2496.0,0,1
2024.emnlp-main.645,NL,2024,EMNLP,113.8,2.056142262059052,2496.0,0,3
2024.emnlp-main.769,NL,2024,EMNLP,444.4,2.64777405026883,2496.0,0,2
2024.emnlp-main.941,NL,2024,EMNLP,1560.0,3.1931245983544616,2496.0,0,3
2024.naacl-long.239,NL,2024,NAACL,2496.0,3.397244581010386,2496.0,1,1
2024.naacl-long.334,NL,2024,NAACL,312.0,2.494154594018443,2496.0,0,17
2024.naacl-long.390,NL,2024,NAACL,624.0,2.795184589682424,2496.0,0,2
2024.naacl-long.399,NL,2024,NAACL,110.0,2.041392685158225,2496.0,0,3
2024.naacl-long.407,NL,2024,NAACL,113.8,2.056142262059052,2496.0,0,3
2024.emnlp-main.317,NO,2024,EMNLP,8736.0,3.941312625360662,2496.0,1,1
2024.acl-long.720,NZ,2024,ACL,2496.0,3.397244581010386,2496.0,1,3
2024.emnlp-main.24,NZ,2024,EMNLP,6048.0,3.78161178249315,2496.0,1,3
2024.emnlp-main.292,NZ,2024,EMNLP,2496.0,3.397244581010386,2496.0,1,6
2024.emnlp-main.325,NZ,2024,EMNLP,2494.4,3.3969660978447664,2496.0,0,2
2024.emnlp-main.452,NZ,2024,EMNLP,312.0,2.494154594018443,2496.0,0,4
2024.emnlp-main.507,NZ,2024,EMNLP,2496.0,3.397244581010386,2496.0,1,4
2024.emnlp-main.296,PH,2024,EMNLP,2496.0,3.397244581010386,2496.0,1,13
2024.naacl-long.243,PH,2024,NAACL,71.0,1.8512583487190752,2496.0,0,10
2024.acl-long.427,PL,2024,ACL,39936.0,4.601364563666311,2496.0,1,3
2024.emnlp-main.1103,PL,2024,EMNLP,181.0,2.2576785748691846,2496.0,0,3
2024.emnlp-main.1211,PS,2024,EMNLP,312.0,2.494154594018443,2496.0,0,9
2024.acl-long.503,PT,2024,ACL,312.0,2.494154594018443,2496.0,0,3
2024.acl-long.690,PT,2024,ACL,312.0,2.494154594018443,2496.0,0,2
2024.emnlp-main.1188,PT,2024,EMNLP,312.0,2.494154594018443,2496.0,0,2
2024.emnlp-main.1191,PT,2024,EMNLP,312.0,2.494154594018443,2496.0,0,1
2024.emnlp-main.803,PT,2024,EMNLP,624.0,2.795184589682424,2496.0,0,3
2024.emnlp-main.824,PT,2024,EMNLP,125.0,2.0969100130080562,2496.0,0,2
2024.naacl-long.334,PT,2024,NAACL,312.0,2.494154594018443,2496.0,0,17
2024.acl-long.269,QA,2024,ACL,2496.0,3.397244581010386,2496.0,1,2
2024.emnlp-main.1073,QA,2024,EMNLP,1248.0,3.0962145853464054,2496.0,0,4
2024.emnlp-main.362,RO,2024,EMNLP,113.8,2.056142262059052,2496.0,0,1
2024.emnlp-main.454,RO,2024,EMNLP,9984.0,3.9993045723383487,2496.0,1,3
2024.emnlp-main.933,RO,2024,EMNLP,989.4,2.9953719060281623,2496.0,0,3
2024.acl-long.127,RU,2024,ACL,312.0,2.494154594018443,2496.0,0,2
2024.acl-long.534,RU,2024,ACL,312.0,2.494154594018443,2496.0,0,1
2024.emnlp-main.1223,RU,2024,EMNLP,312.0,2.494154594018443,2496.0,0,2
2024.emnlp-main.831,RU,2024,EMNLP,149.7,2.1752218003430523,2496.0,0,2
2024.acl-long.320,SA,2024,ACL,2496.0,3.397244581010386,2496.0,1,3
2024.acl-long.765,SA,2024,ACL,1248.0,3.0962145853464054,2496.0,0,2
2024.emnlp-main.1121,SA,2024,EMNLP,71.0,1.8512583487190752,2496.0,0,3
2024.emnlp-main.197,SA,2024,EMNLP,568.0,2.754348335711019,2496.0,0,4
2024.emnlp-main.231,SA,2024,EMNLP,71.0,1.8512583487190752,2496.0,0,3
2024.naacl-long.450,SA,2024,NAACL,7488.0,3.874365835730049,2496.0,1,2
2024.acl-long.251,SE,2024,ACL,2496.0,3.397244581010386,2496.0,1,2
2024.acl-long.679,SE,2024,ACL,2496.0,3.397244581010386,2496.0,1,3
2024.emnlp-main.392,SE,2024,EMNLP,112.0,2.0492180226701815,2496.0,0,2
2024.emnlp-main.525,SE,2024,EMNLP,2496.0,3.397244581010386,2496.0,1,2
2024.emnlp-main.776,SE,2024,EMNLP,312.0,2.494154594018443,2496.0,0,2
2024.emnlp-main.943,SE,2024,EMNLP,312.0,2.494154594018443,2496.0,0,1
2024.naacl-long.334,SE,2024,NAACL,312.0,2.494154594018443,2496.0,0,17
2024.acl-long.171,SG,2024,ACL,623.6,2.794906106516804,2496.0,0,2
2024.acl-long.174,SG,2024,ACL,130.5,2.1156105116742996,2496.0,0,2
2024.acl-long.185,SG,2024,ACL,9984.0,3.9993045723383487,2496.0,1,3
2024.acl-long.232,SG,2024,ACL,2496.0,3.397244581010386,2496.0,1,2
2024.acl-long.262,SG,2024,ACL,71.0,1.8512583487190752,2496.0,0,2
2024.acl-long.273,SG,2024,ACL,238.2,2.3769417571467586,2496.0,0,2
2024.acl-long.321,SG,2024,ACL,2496.0,3.397244581010386,2496.0,1,2
2024.acl-long.324,SG,2024,ACL,624.0,2.795184589682424,2496.0,0,3
2024.acl-long.341,SG,2024,ACL,149.7,2.1752218003430523,2496.0,0,2
2024.acl-long.351,SG,2024,ACL,312.0,2.494154594018443,2496.0,0,2
2024.acl-long.390,SG,2024,ACL,312.0,2.494154594018443,2496.0,0,1
2024.acl-long.432,SG,2024,ACL,284.0,2.4533183400470375,2496.0,0,2
2024.acl-long.477,SG,2024,ACL,888.8,2.9488040459328113,2496.0,0,2
2024.acl-long.496,SG,2024,ACL,312.0,2.494154594018443,2496.0,0,2
2024.acl-long.512,SG,2024,ACL,312.0,2.494154594018443,2496.0,0,2
2024.acl-long.522,SG,2024,ACL,119.1,2.0759117614827773,2496.0,0,2
2024.acl-long.548,SG,2024,ACL,312.0,2.494154594018443,2496.0,0,2
2024.acl-long.578,SG,2024,ACL,624.0,2.795184589682424,2496.0,0,2
2024.acl-long.587,SG,2024,ACL,2496.0,3.397244581010386,2496.0,1,3
2024.acl-long.639,SG,2024,ACL,888.8,2.9488040459328113,2496.0,0,2
2024.acl-long.643,SG,2024,ACL,149.7,2.1752218003430523,2496.0,0,2
2024.acl-long.646,SG,2024,ACL,312.0,2.494154594018443,2496.0,0,2
2024.acl-long.707,SG,2024,ACL,2496.0,3.397244581010386,2496.0,1,2
2024.acl-long.720,SG,2024,ACL,2496.0,3.397244581010386,2496.0,1,3
2024.acl-long.75,SG,2024,ACL,312.0,2.494154594018443,2496.0,0,1
2024.acl-long.796,SG,2024,ACL,2496.0,3.397244581010386,2496.0,1,6
2024.acl-long.87,SG,2024,ACL,888.8,2.9488040459328113,2496.0,0,3
2024.emnlp-main.1073,SG,2024,EMNLP,1248.0,3.0962145853464054,2496.0,0,4
2024.emnlp-main.1138,SG,2024,EMNLP,181.0,2.2576785748691846,2496.0,0,1
2024.emnlp-main.13,SG,2024,EMNLP,112.0,2.0492180226701815,2496.0,0,3
2024.emnlp-main.147,SG,2024,EMNLP,130.5,2.1156105116742996,2496.0,0,2
2024.emnlp-main.20,SG,2024,EMNLP,3024.0,3.480581786829169,2496.0,1,2
2024.emnlp-main.227,SG,2024,EMNLP,330.0,2.5185139398778875,2496.0,0,1
2024.emnlp-main.26,SG,2024,EMNLP,448.0,2.651278013998144,2496.0,0,2
2024.emnlp-main.291,SG,2024,EMNLP,448.0,2.651278013998144,2496.0,0,2
2024.emnlp-main.292,SG,2024,EMNLP,2496.0,3.397244581010386,2496.0,1,6
2024.emnlp-main.296,SG,2024,EMNLP,2496.0,3.397244581010386,2496.0,1,13
2024.emnlp-main.321,SG,2024,EMNLP,2496.0,3.397244581010386,2496.0,1,2
2024.emnlp-main.345,SG,2024,EMNLP,238.2,2.3769417571467586,2496.0,0,2
2024.emnlp-main.37,SG,2024,EMNLP,312.0,2.494154594018443,2496.0,0,1
2024.emnlp-main.405,SG,2024,EMNLP,222.2,2.346744054604849,2496.0,0,1
2024.emnlp-main.409,SG,2024,EMNLP,149.7,2.1752218003430523,2496.0,0,1
2024.emnlp-main.432,SG,2024,EMNLP,312.0,2.494154594018443,2496.0,0,2
2024.emnlp-main.442,SG,2024,EMNLP,312.0,2.494154594018443,2496.0,0,3
2024.emnlp-main.445,SG,2024,EMNLP,149.7,2.1752218003430523,2496.0,0,1
2024.emnlp-main.476,SG,2024,EMNLP,2494.4,3.3969660978447664,2496.0,0,2
2024.emnlp-main.548,SG,2024,EMNLP,476.4,2.67797175281074,2496.0,0,1
2024.emnlp-main.584,SG,2024,EMNLP,311.8,2.4938761108528227,2496.0,0,2
2024.emnlp-main.589,SG,2024,EMNLP,94.0,1.9731278535996986,2496.0,0,2
2024.emnlp-main.621,SG,2024,EMNLP,1248.0,3.0962145853464054,2496.0,0,2
2024.emnlp-main.63,SG,2024,EMNLP,568.0,2.754348335711019,2496.0,0,1
2024.emnlp-main.642,SG,2024,EMNLP,149.7,2.1752218003430523,2496.0,0,2
2024.emnlp-main.690,SG,2024,EMNLP,2496.0,3.397244581010386,2496.0,1,3
2024.emnlp-main.7,SG,2024,EMNLP,312.0,2.494154594018443,2496.0,0,2
2024.emnlp-main.757,SG,2024,EMNLP,888.8,2.9488040459328113,2496.0,0,1
2024.emnlp-main.765,SG,2024,EMNLP,119.1,2.0759117614827773,2496.0,0,2
2024.emnlp-main.794,SG,2024,EMNLP,238.2,2.3769417571467586,2496.0,0,1
2024.emnlp-main.8,SG,2024,EMNLP,2496.0,3.397244581010386,2496.0,1,3
2024.emnlp-main.804,SG,2024,EMNLP,299.4,2.4762517960070336,2496.0,0,2
2024.emnlp-main.834,SG,2024,EMNLP,130.0,2.113943352306837,2496.0,0,2
2024.emnlp-main.851,SG,2024,EMNLP,136.4,2.13481437032046,2496.0,0,2
2024.emnlp-main.855,SG,2024,EMNLP,312.0,2.494154594018443,2496.0,0,2
2024.emnlp-main.880,SG,2024,EMNLP,896.0,2.9523080096621253,2496.0,0,3
2024.emnlp-main.9,SG,2024,EMNLP,3584.0,3.5543680009900878,2496.0,1,2
2024.emnlp-main.959,SG,2024,EMNLP,130.5,2.1156105116742996,2496.0,0,4
2024.emnlp-main.962,SG,2024,EMNLP,284.0,2.4533183400470375,2496.0,0,2
2024.emnlp-main.970,SG,2024,EMNLP,71.0,1.8512583487190752,2496.0,0,1
2024.emnlp-main.976,SG,2024,EMNLP,2496.0,3.397244581010386,2496.0,1,1
2024.naacl-long.191,SG,2024,NAACL,476.4,2.67797175281074,2496.0,0,1
2024.naacl-long.316,SG,2024,NAACL,149.7,2.1752218003430523,2496.0,0,3
2024.naacl-long.359,SG,2024,NAACL,11.76,1.0704073217401198,2496.0,0,1
2024.naacl-long.368,SG,2024,NAACL,312.0,2.494154594018443,2496.0,0,2
2024.naacl-long.42,SG,2024,NAACL,119.1,2.0759117614827773,2496.0,0,1
2024.naacl-long.436,SG,2024,NAACL,112.0,2.0492180226701815,2496.0,0,2
2024.naacl-long.443,SG,2024,NAACL,1000.0,3.0,2496.0,0,1
2024.naacl-long.459,SG,2024,NAACL,880.0,2.9444826721501687,2496.0,0,2
2024.naacl-long.243,SI,2024,NAACL,71.0,1.8512583487190752,2496.0,0,10
2024.acl-long.710,SK,2024,ACL,1248.0,3.0962145853464054,2496.0,0,3
2024.acl-long.793,SK,2024,ACL,1248.0,3.0962145853464054,2496.0,0,2
2024.emnlp-main.32,SK,2024,EMNLP,312.0,2.494154594018443,2496.0,0,2
2024.naacl-long.243,SK,2024,NAACL,71.0,1.8512583487190752,2496.0,0,10
2024.naacl-long.334,SO,2024,NAACL,312.0,2.494154594018443,2496.0,0,17
2024.emnlp-main.296,TH,2024,EMNLP,2496.0,3.397244581010386,2496.0,1,13
2024.emnlp-main.442,TH,2024,EMNLP,312.0,2.494154594018443,2496.0,0,3
2024.emnlp-main.855,TH,2024,EMNLP,312.0,2.494154594018443,2496.0,0,2
2024.naacl-long.311,TR,2024,NAACL,130.5,2.1156105116742996,2496.0,0,2
2024.acl-long.1,US,2024,ACL,888.8,2.9488040459328113,2496.0,0,2
2024.acl-long.128,US,2024,ACL,1792.0,3.2533380053261065,2496.0,0,2
2024.acl-long.129,US,2024,ACL,71.0,1.8512583487190752,2496.0,0,3
2024.acl-long.139,US,2024,ACL,444.4,2.64777405026883,2496.0,0,1
2024.acl-long.140,US,2024,ACL,2496.0,3.397244581010386,2496.0,1,1
2024.acl-long.141,US,2024,ACL,1197.6,3.078311787334996,2496.0,0,1
2024.acl-long.142,US,2024,ACL,2496.0,3.397244581010386,2496.0,1,1
2024.acl-long.148,US,2024,ACL,112.0,2.0492180226701815,2496.0,0,1
2024.acl-long.16,US,2024,ACL,312.0,2.494154594018443,2496.0,0,1
2024.acl-long.160,US,2024,ACL,1248.0,3.0962145853464054,2496.0,0,2
2024.acl-long.173,US,2024,ACL,2496.0,3.397244581010386,2496.0,1,2
2024.acl-long.18,US,2024,ACL,1248.0,3.0962145853464054,2496.0,0,2
2024.acl-long.182,US,2024,ACL,312.0,2.494154594018443,2496.0,0,2
2024.acl-long.185,US,2024,ACL,9984.0,3.9993045723383487,2496.0,1,3
2024.acl-long.19,US,2024,ACL,3584.0,3.5543680009900878,2496.0,1,2
2024.acl-long.200,US,2024,ACL,299.4,2.4762517960070336,2496.0,0,2
2024.acl-long.204,US,2024,ACL,222.2,2.346744054604849,2496.0,0,1
2024.acl-long.206,US,2024,ACL,267.6,2.4274861090957853,2496.0,0,1
2024.acl-long.213,US,2024,ACL,2496.0,3.397244581010386,2496.0,1,2
2024.acl-long.227,US,2024,ACL,312.0,2.494154594018443,2496.0,0,1
2024.acl-long.234,US,2024,ACL,119.1,2.0759117614827773,2496.0,0,3
2024.acl-long.24,US,2024,ACL,312.0,2.494154594018443,2496.0,0,1
2024.acl-long.253,US,2024,ACL,2496.0,3.397244581010386,2496.0,1,2
2024.acl-long.26,US,2024,ACL,119.1,2.0759117614827773,2496.0,0,1
2024.acl-long.263,US,2024,ACL,2496.0,3.397244581010386,2496.0,1,1
2024.acl-long.268,US,2024,ACL,119.1,2.0759117614827773,2496.0,0,2
2024.acl-long.27,US,2024,ACL,1248.0,3.0962145853464054,2496.0,0,1
2024.acl-long.274,US,2024,ACL,2496.0,3.397244581010386,2496.0,1,2
2024.acl-long.276,US,2024,ACL,624.0,2.795184589682424,2496.0,0,2
2024.acl-long.280,US,2024,ACL,312.0,2.494154594018443,2496.0,0,2
2024.acl-long.282,US,2024,ACL,71.0,1.8512583487190752,2496.0,0,1
2024.acl-long.284,US,2024,ACL,1248.0,3.0962145853464054,2496.0,0,2
2024.acl-long.285,US,2024,ACL,1248.0,3.0962145853464054,2496.0,0,1
2024.acl-long.29,US,2024,ACL,6.832,0.8345478576809486,2496.0,0,1
2024.acl-long.298,US,2024,ACL,791.2,2.898286278589123,2496.0,0,2
2024.acl-long.299,US,2024,ACL,624.0,2.795184589682424,2496.0,0,1
2024.acl-long.30,US,2024,ACL,284.0,2.4533183400470375,2496.0,0,2
2024.acl-long.301,US,2024,ACL,1320.0,3.12057393120585,2496.0,0,3
2024.acl-long.302,US,2024,ACL,1248.0,3.0962145853464054,2496.0,0,1
2024.acl-long.304,US,2024,ACL,952.8,2.979001748474721,2496.0,0,2
2024.acl-long.308,US,2024,ACL,2496.0,3.397244581010386,2496.0,1,2
2024.acl-long.31,US,2024,ACL,130.5,2.1156105116742996,2496.0,0,1
2024.acl-long.311,US,2024,ACL,312.0,2.494154594018443,2496.0,0,2
2024.acl-long.319,US,2024,ACL,312.0,2.494154594018443,2496.0,0,2
2024.acl-long.325,US,2024,ACL,1248.0,3.0962145853464054,2496.0,0,2
2024.acl-long.326,US,2024,ACL,312.0,2.494154594018443,2496.0,0,2
2024.acl-long.328,US,2024,ACL,852.0,2.9304395947667,2496.0,0,2
2024.acl-long.331,US,2024,ACL,2496.0,3.397244581010386,2496.0,1,2
2024.acl-long.334,US,2024,ACL,4992.0,3.6982745766743674,2496.0,1,2
2024.acl-long.34,US,2024,ACL,476.4,2.67797175281074,2496.0,0,1
2024.acl-long.342,US,2024,ACL,24.6,1.390935107103379,2496.0,0,3
2024.acl-long.35,US,2024,ACL,112.0,2.0492180226701815,2496.0,0,1
2024.acl-long.362,US,2024,ACL,130.5,2.1156105116742996,2496.0,0,2
2024.acl-long.366,US,2024,ACL,312.0,2.494154594018443,2496.0,0,2
2024.acl-long.373,US,2024,ACL,119.1,2.0759117614827773,2496.0,0,1
2024.acl-long.374,US,2024,ACL,130.5,2.1156105116742996,2496.0,0,1
2024.acl-long.375,US,2024,ACL,330.0,2.5185139398778875,2496.0,0,2
2024.acl-long.377,US,2024,ACL,119.1,2.0759117614827773,2496.0,0,2
2024.acl-long.378,US,2024,ACL,476.4,2.67797175281074,2496.0,0,1
2024.acl-long.379,US,2024,ACL,2496.0,3.397244581010386,2496.0,1,1
2024.acl-long.38,US,2024,ACL,1248.0,3.0962145853464054,2496.0,0,2
2024.acl-long.381,US,2024,ACL,476.4,2.67797175281074,2496.0,0,1
2024.acl-long.383,US,2024,ACL,2496.0,3.397244581010386,2496.0,1,3
2024.acl-long.387,US,2024,ACL,312.0,2.494154594018443,2496.0,0,1
2024.acl-long.397,US,2024,ACL,936.0,2.971275848738105,2496.0,0,3
2024.acl-long.398,US,2024,ACL,1086.0,3.035829825252828,2496.0,0,1
2024.acl-long.399,US,2024,ACL,110.0,2.041392685158225,2496.0,0,1
2024.acl-long.4,US,2024,ACL,178.4,2.2513948500401044,2496.0,0,2
2024.acl-long.40,US,2024,ACL,2496.0,3.397244581010386,2496.0,1,1
2024.acl-long.405,US,2024,ACL,1248.0,3.0962145853464054,2496.0,0,2
2024.acl-long.406,US,2024,ACL,2496.0,3.397244581010386,2496.0,1,2
2024.acl-long.409,US,2024,ACL,2496.0,3.397244581010386,2496.0,1,2
2024.acl-long.414,US,2024,ACL,238.2,2.3769417571467586,2496.0,0,1
2024.acl-long.419,US,2024,ACL,312.0,2.494154594018443,2496.0,0,1
2024.acl-long.43,US,2024,ACL,312.0,2.494154594018443,2496.0,0,1
2024.acl-long.438,US,2024,ACL,598.8,2.777281791671015,2496.0,0,3
2024.acl-long.45,US,2024,ACL,624.0,2.795184589682424,2496.0,0,1
2024.acl-long.451,US,2024,ACL,2496.0,3.397244581010386,2496.0,1,1
2024.acl-long.452,US,2024,ACL,2496.0,3.397244581010386,2496.0,1,1
2024.acl-long.457,US,2024,ACL,2494.4,3.3969660978447664,2496.0,0,3
2024.acl-long.459,US,2024,ACL,130.5,2.1156105116742996,2496.0,0,3
2024.acl-long.463,US,2024,ACL,1000.0,3.0,2496.0,0,1
2024.acl-long.464,US,2024,ACL,756.0,2.8785217955012063,2496.0,0,1
2024.acl-long.467,US,2024,ACL,19968.0,4.30033456800233,2496.0,1,2
2024.acl-long.468,US,2024,ACL,952.8,2.979001748474721,2496.0,0,2
2024.acl-long.470,US,2024,ACL,119.1,2.0759117614827773,2496.0,0,2
2024.acl-long.471,US,2024,ACL,952.8,2.979001748474721,2496.0,0,1
2024.acl-long.473,US,2024,ACL,2496.0,3.397244581010386,2496.0,1,1
2024.acl-long.474,US,2024,ACL,598.8,2.777281791671015,2496.0,0,1
2024.acl-long.48,US,2024,ACL,1512.0,3.1795517911651876,2496.0,0,1
2024.acl-long.482,US,2024,ACL,2496.0,3.397244581010386,2496.0,1,1
2024.acl-long.487,US,2024,ACL,9.526,0.9789105771755716,2496.0,0,2
2024.acl-long.488,US,2024,ACL,1760.0,3.24551266781415,2496.0,0,4
2024.acl-long.490,US,2024,ACL,312.0,2.494154594018443,2496.0,0,2
2024.acl-long.503,US,2024,ACL,312.0,2.494154594018443,2496.0,0,3
2024.acl-long.506,US,2024,ACL,312.0,2.494154594018443,2496.0,0,3
2024.acl-long.51,US,2024,ACL,2496.0,3.397244581010386,2496.0,1,2
2024.acl-long.514,US,2024,ACL,2496.0,3.397244581010386,2496.0,1,2
2024.acl-long.52,US,2024,ACL,2496.0,3.397244581010386,2496.0,1,2
2024.acl-long.523,US,2024,ACL,2496.0,3.397244581010386,2496.0,1,2
2024.acl-long.527,US,2024,ACL,2496.0,3.397244581010386,2496.0,1,2
2024.acl-long.536,US,2024,ACL,1792.0,3.2533380053261065,2496.0,0,1
2024.acl-long.547,US,2024,ACL,2496.0,3.397244581010386,2496.0,1,2
2024.acl-long.549,US,2024,ACL,19968.0,4.30033456800233,2496.0,1,2
2024.acl-long.55,US,2024,ACL,2496.0,3.397244581010386,2496.0,1,2
2024.acl-long.550,US,2024,ACL,2496.0,3.397244581010386,2496.0,1,3
2024.acl-long.555,US,2024,ACL,1777.6,3.2498340415967926,2496.0,0,1
2024.acl-long.56,US,2024,ACL,330.0,2.5185139398778875,2496.0,0,1
2024.acl-long.561,US,2024,ACL,756.0,2.8785217955012063,2496.0,0,1
2024.acl-long.566,US,2024,ACL,112.0,2.0492180226701815,2496.0,0,1
2024.acl-long.567,US,2024,ACL,224.0,2.3502480183341627,2496.0,0,1
2024.acl-long.568,US,2024,ACL,119.1,2.0759117614827773,2496.0,0,1
2024.acl-long.570,US,2024,ACL,1248.0,3.0962145853464054,2496.0,0,1
2024.acl-long.585,US,2024,ACL,1248.0,3.0962145853464054,2496.0,0,1
2024.acl-long.589,US,2024,ACL,896.0,2.9523080096621253,2496.0,0,2
2024.acl-long.591,US,2024,ACL,1248.0,3.0962145853464054,2496.0,0,1
2024.acl-long.595,US,2024,ACL,112.0,2.0492180226701815,2496.0,0,1
2024.acl-long.607,US,2024,ACL,624.0,2.795184589682424,2496.0,0,2
2024.acl-long.623,US,2024,ACL,312.0,2.494154594018443,2496.0,0,1
2024.acl-long.631,US,2024,ACL,130.0,2.113943352306837,2496.0,0,3
2024.acl-long.64,US,2024,ACL,12.15,1.084576277934331,2496.0,0,1
2024.acl-long.641,US,2024,ACL,312.0,2.494154594018443,2496.0,0,2
2024.acl-long.642,US,2024,ACL,3584.0,3.5543680009900878,2496.0,1,1
2024.acl-long.670,US,2024,ACL,624.0,2.795184589682424,2496.0,0,1
2024.acl-long.673,US,2024,ACL,598.8,2.777281791671015,2496.0,0,1
2024.acl-long.674,US,2024,ACL,3811.2,3.5810617398026836,2496.0,1,2
2024.acl-long.678,US,2024,ACL,330.0,2.5185139398778875,2496.0,0,1
2024.acl-long.681,US,2024,ACL,19968.0,4.30033456800233,2496.0,1,2
2024.acl-long.684,US,2024,ACL,110.0,2.041392685158225,2496.0,0,1
2024.acl-long.690,US,2024,ACL,312.0,2.494154594018443,2496.0,0,2
2024.acl-long.698,US,2024,ACL,476.4,2.67797175281074,2496.0,0,1
2024.acl-long.7,US,2024,ACL,312.0,2.494154594018443,2496.0,0,2
2024.acl-long.700,US,2024,ACL,476.4,2.67797175281074,2496.0,0,1
2024.acl-long.701,US,2024,ACL,1248.0,3.0962145853464054,2496.0,0,1
2024.acl-long.710,US,2024,ACL,1248.0,3.0962145853464054,2496.0,0,3
2024.acl-long.718,US,2024,ACL,2496.0,3.397244581010386,2496.0,1,1
2024.acl-long.72,US,2024,ACL,330.0,2.5185139398778875,2496.0,0,2
2024.acl-long.720,US,2024,ACL,2496.0,3.397244581010386,2496.0,1,3
2024.acl-long.731,US,2024,ACL,312.0,2.494154594018443,2496.0,0,2
2024.acl-long.738,US,2024,ACL,1248.0,3.0962145853464054,2496.0,0,1
2024.acl-long.739,US,2024,ACL,119.1,2.0759117614827773,2496.0,0,1
2024.acl-long.740,US,2024,ACL,598.8,2.777281791671015,2496.0,0,1
2024.acl-long.741,US,2024,ACL,1197.6,3.078311787334996,2496.0,0,1
2024.acl-long.747,US,2024,ACL,119.1,2.0759117614827773,2496.0,0,1
2024.acl-long.748,US,2024,ACL,312.0,2.494154594018443,2496.0,0,2
2024.acl-long.749,US,2024,ACL,299.4,2.4762517960070336,2496.0,0,1
2024.acl-long.751,US,2024,ACL,756.0,2.8785217955012063,2496.0,0,1
2024.acl-long.752,US,2024,ACL,312.0,2.494154594018443,2496.0,0,1
2024.acl-long.757,US,2024,ACL,19968.0,4.30033456800233,2496.0,1,1
2024.acl-long.758,US,2024,ACL,476.4,2.67797175281074,2496.0,0,1
2024.acl-long.760,US,2024,ACL,312.0,2.494154594018443,2496.0,0,1
2024.acl-long.765,US,2024,ACL,1248.0,3.0962145853464054,2496.0,0,2
2024.acl-long.766,US,2024,ACL,89.2,1.9503648543761232,2496.0,0,3
2024.acl-long.768,US,2024,ACL,119.1,2.0759117614827773,2496.0,0,2
2024.acl-long.771,US,2024,ACL,149.7,2.1752218003430523,2496.0,0,2
2024.acl-long.774,US,2024,ACL,222.2,2.346744054604849,2496.0,0,1
2024.acl-long.776,US,2024,ACL,311.8,2.4938761108528227,2496.0,0,2
2024.acl-long.779,US,2024,ACL,2496.0,3.397244581010386,2496.0,1,2
2024.acl-long.785,US,2024,ACL,312.0,2.494154594018443,2496.0,0,1
2024.acl-long.786,US,2024,ACL,2496.0,3.397244581010386,2496.0,1,2
2024.acl-long.787,US,2024,ACL,119.1,2.0759117614827773,2496.0,0,1
2024.acl-long.788,US,2024,ACL,125.0,2.0969100130080562,2496.0,0,1
2024.acl-long.796,US,2024,ACL,2496.0,3.397244581010386,2496.0,1,6
2024.acl-long.80,US,2024,ACL,1248.0,3.0962145853464054,2496.0,0,2
2024.acl-long.804,US,2024,ACL,149.7,2.1752218003430523,2496.0,0,2
2024.acl-long.805,US,2024,ACL,312.0,2.494154594018443,2496.0,0,3
2024.acl-long.816,US,2024,ACL,624.0,2.795184589682424,2496.0,0,4
2024.acl-long.82,US,2024,ACL,1248.0,3.0962145853464054,2496.0,0,1
2024.acl-long.825,US,2024,ACL,312.0,2.494154594018443,2496.0,0,2
2024.acl-long.828,US,2024,ACL,362.0,2.558708570533166,2496.0,0,2
2024.acl-long.838,US,2024,ACL,222.2,2.346744054604849,2496.0,0,1
2024.acl-long.840,US,2024,ACL,24512.0,4.3893787479525095,2496.0,1,1
2024.acl-long.841,US,2024,ACL,392192.0,5.5934987306084345,2496.0,1,1
2024.acl-long.849,US,2024,ACL,560.0,2.7481880270062002,2496.0,0,2
2024.acl-long.851,US,2024,ACL,312.0,2.494154594018443,2496.0,0,1
2024.acl-long.853,US,2024,ACL,119.1,2.0759117614827773,2496.0,0,1
2024.acl-long.854,US,2024,ACL,1248.0,3.0962145853464054,2496.0,0,1
2024.acl-long.862,US,2024,ACL,312.0,2.494154594018443,2496.0,0,1
2024.acl-long.864,US,2024,ACL,112.0,2.0492180226701815,2496.0,0,1
2024.acl-long.87,US,2024,ACL,888.8,2.9488040459328113,2496.0,0,3
2024.acl-long.91,US,2024,ACL,112.0,2.0492180226701815,2496.0,0,1
2024.acl-long.93,US,2024,ACL,284.0,2.4533183400470375,2496.0,0,3
2024.emnlp-main.1000,US,2024,EMNLP,312.0,2.494154594018443,2496.0,0,1
2024.emnlp-main.1007,US,2024,EMNLP,181.0,2.2576785748691846,2496.0,0,1
2024.emnlp-main.1014,US,2024,EMNLP,312.0,2.494154594018443,2496.0,0,4
2024.emnlp-main.1017,US,2024,EMNLP,125.0,2.0969100130080562,2496.0,0,1
2024.emnlp-main.1023,US,2024,EMNLP,312.0,2.494154594018443,2496.0,0,2
2024.emnlp-main.1040,US,2024,EMNLP,312.0,2.494154594018443,2496.0,0,2
2024.emnlp-main.1043,US,2024,EMNLP,112.0,2.0492180226701815,2496.0,0,2
2024.emnlp-main.1044,US,2024,EMNLP,312.0,2.494154594018443,2496.0,0,1
2024.emnlp-main.1045,US,2024,EMNLP,113.8,2.056142262059052,2496.0,0,1
2024.emnlp-main.1055,US,2024,EMNLP,112.0,2.0492180226701815,2496.0,0,2
2024.emnlp-main.1056,US,2024,EMNLP,312.0,2.494154594018443,2496.0,0,2
2024.emnlp-main.1061,US,2024,EMNLP,4992.0,3.6982745766743674,2496.0,1,2
2024.emnlp-main.1068,US,2024,EMNLP,1248.0,3.0962145853464054,2496.0,0,1
2024.emnlp-main.107,US,2024,EMNLP,444.4,2.64777405026883,2496.0,0,1
2024.emnlp-main.1073,US,2024,EMNLP,1248.0,3.0962145853464054,2496.0,0,4
2024.emnlp-main.1074,US,2024,EMNLP,2496.0,3.397244581010386,2496.0,1,1
2024.emnlp-main.1075,US,2024,EMNLP,9984.0,3.9993045723383487,2496.0,1,1
2024.emnlp-main.1076,US,2024,EMNLP,444.4,2.64777405026883,2496.0,0,2
2024.emnlp-main.1077,US,2024,EMNLP,119.1,2.0759117614827773,2496.0,0,1
2024.emnlp-main.1081,US,2024,EMNLP,39936.0,4.601364563666311,2496.0,1,1
2024.emnlp-main.1085,US,2024,EMNLP,624.0,2.795184589682424,2496.0,0,4
2024.emnlp-main.1089,US,2024,EMNLP,45.36,1.6566730458848502,2496.0,0,1
2024.emnlp-main.1091,US,2024,EMNLP,312.0,2.494154594018443,2496.0,0,1
2024.emnlp-main.1092,US,2024,EMNLP,227.6,2.3571722577230334,2496.0,0,1
2024.emnlp-main.1094,US,2024,EMNLP,149.7,2.1752218003430523,2496.0,0,1
2024.emnlp-main.1098,US,2024,EMNLP,896.0,2.9523080096621253,2496.0,0,2
2024.emnlp-main.1100,US,2024,EMNLP,356.8,2.5524248457040857,2496.0,0,1
2024.emnlp-main.1103,US,2024,EMNLP,181.0,2.2576785748691846,2496.0,0,3
2024.emnlp-main.1106,US,2024,EMNLP,312.0,2.494154594018443,2496.0,0,1
2024.emnlp-main.1111,US,2024,EMNLP,312.0,2.494154594018443,2496.0,0,1
2024.emnlp-main.1114,US,2024,EMNLP,449.1,2.652343055062715,2496.0,0,1
2024.emnlp-main.1118,US,2024,EMNLP,2496.0,3.397244581010386,2496.0,1,2
2024.emnlp-main.1120,US,2024,EMNLP,440.0,2.6434526764861874,2496.0,0,2
2024.emnlp-main.1121,US,2024,EMNLP,71.0,1.8512583487190752,2496.0,0,3
2024.emnlp-main.1123,US,2024,EMNLP,330.0,2.5185139398778875,2496.0,0,2
2024.emnlp-main.1125,US,2024,EMNLP,119.1,2.0759117614827773,2496.0,0,2
2024.emnlp-main.1129,US,2024,EMNLP,624.0,2.795184589682424,2496.0,0,2
2024.emnlp-main.1132,US,2024,EMNLP,500.0,2.6989700043360187,2496.0,0,1
2024.emnlp-main.1134,US,2024,EMNLP,896.0,2.9523080096621253,2496.0,0,2
2024.emnlp-main.1137,US,2024,EMNLP,1197.6,3.078311787334996,2496.0,0,1
2024.emnlp-main.1141,US,2024,EMNLP,357.3,2.55303301620244,2496.0,0,1
2024.emnlp-main.1144,US,2024,EMNLP,356.8,2.5524248457040857,2496.0,0,1
2024.emnlp-main.1148,US,2024,EMNLP,222.2,2.346744054604849,2496.0,0,2
2024.emnlp-main.1154,US,2024,EMNLP,2496.0,3.397244581010386,2496.0,1,1
2024.emnlp-main.1156,US,2024,EMNLP,312.0,2.494154594018443,2496.0,0,1
2024.emnlp-main.1176,US,2024,EMNLP,312.0,2.494154594018443,2496.0,0,2
2024.emnlp-main.1179,US,2024,EMNLP,119.1,2.0759117614827773,2496.0,0,2
2024.emnlp-main.1185,US,2024,EMNLP,71.0,1.8512583487190752,2496.0,0,1
2024.emnlp-main.1192,US,2024,EMNLP,39936.0,4.601364563666311,2496.0,1,1
2024.emnlp-main.1196,US,2024,EMNLP,660.0,2.8195439355418688,2496.0,0,1
2024.emnlp-main.120,US,2024,EMNLP,2496.0,3.397244581010386,2496.0,1,1
2024.emnlp-main.1201,US,2024,EMNLP,153.4,2.185825359612962,2496.0,0,1
2024.emnlp-main.1202,US,2024,EMNLP,756.0,2.8785217955012063,2496.0,0,1
2024.emnlp-main.1204,US,2024,EMNLP,500.0,2.6989700043360187,2496.0,0,1
2024.emnlp-main.1209,US,2024,EMNLP,2272.0,3.3564083270389813,2496.0,0,1
2024.emnlp-main.1215,US,2024,EMNLP,9048.0,3.956552591917399,2496.0,1,2
2024.emnlp-main.1216,US,2024,EMNLP,149.7,2.1752218003430523,2496.0,0,1
2024.emnlp-main.1218,US,2024,EMNLP,119.1,2.0759117614827773,2496.0,0,1
2024.emnlp-main.1221,US,2024,EMNLP,220.0,2.342422680822206,2496.0,0,1
2024.emnlp-main.1222,US,2024,EMNLP,312.0,2.494154594018443,2496.0,0,1
2024.emnlp-main.1225,US,2024,EMNLP,312.0,2.494154594018443,2496.0,0,1
2024.emnlp-main.1231,US,2024,EMNLP,3024.0,3.480581786829169,2496.0,1,1
2024.emnlp-main.1237,US,2024,EMNLP,2496.0,3.397244581010386,2496.0,1,2
2024.emnlp-main.1239,US,2024,EMNLP,312.0,2.494154594018443,2496.0,0,1
2024.emnlp-main.1241,US,2024,EMNLP,3024.0,3.480581786829169,2496.0,1,1
2024.emnlp-main.1242,US,2024,EMNLP,312.0,2.494154594018443,2496.0,0,2
2024.emnlp-main.1244,US,2024,EMNLP,1248.0,3.0962145853464054,2496.0,0,1
2024.emnlp-main.1245,US,2024,EMNLP,222.2,2.346744054604849,2496.0,0,1
2024.emnlp-main.1249,US,2024,EMNLP,1248.0,3.0962145853464054,2496.0,0,1
2024.emnlp-main.1253,US,2024,EMNLP,624.0,2.795184589682424,2496.0,0,2
2024.emnlp-main.1255,US,2024,EMNLP,2496.0,3.397244581010386,2496.0,1,1
2024.emnlp-main.1257,US,2024,EMNLP,112.0,2.0492180226701815,2496.0,0,1
2024.emnlp-main.1262,US,2024,EMNLP,312.0,2.494154594018443,2496.0,0,2
2024.emnlp-main.127,US,2024,EMNLP,2496.0,3.397244581010386,2496.0,1,3
2024.emnlp-main.13,US,2024,EMNLP,112.0,2.0492180226701815,2496.0,0,3
2024.emnlp-main.134,US,2024,EMNLP,476.4,2.67797175281074,2496.0,0,2
2024.emnlp-main.137,US,2024,EMNLP,1320.0,3.12057393120585,2496.0,0,2
2024.emnlp-main.138,US,2024,EMNLP,2496.0,3.397244581010386,2496.0,1,2
2024.emnlp-main.143,US,2024,EMNLP,330.0,2.5185139398778875,2496.0,0,2
2024.emnlp-main.148,US,2024,EMNLP,2496.0,3.397244581010386,2496.0,1,2
2024.emnlp-main.16,US,2024,EMNLP,160.0,2.2041199826559246,2496.0,0,2
2024.emnlp-main.170,US,2024,EMNLP,71.0,1.8512583487190752,2496.0,0,2
2024.emnlp-main.180,US,2024,EMNLP,312.0,2.494154594018443,2496.0,0,2
2024.emnlp-main.186,US,2024,EMNLP,312.0,2.494154594018443,2496.0,0,2
2024.emnlp-main.196,US,2024,EMNLP,1792.0,3.2533380053261065,2496.0,0,2
2024.emnlp-main.198,US,2024,EMNLP,312.0,2.494154594018443,2496.0,0,2
2024.emnlp-main.199,US,2024,EMNLP,2496.0,3.397244581010386,2496.0,1,2
2024.emnlp-main.20,US,2024,EMNLP,3024.0,3.480581786829169,2496.0,1,2
2024.emnlp-main.200,US,2024,EMNLP,6048.0,3.78161178249315,2496.0,1,1
2024.emnlp-main.202,US,2024,EMNLP,149.7,2.1752218003430523,2496.0,0,1
2024.emnlp-main.212,US,2024,EMNLP,2496.0,3.397244581010386,2496.0,1,1
2024.emnlp-main.218,US,2024,EMNLP,2496.0,3.397244581010386,2496.0,1,2
2024.emnlp-main.22,US,2024,EMNLP,113.4,2.0546130545568877,2496.0,0,1
2024.emnlp-main.220,US,2024,EMNLP,312.0,2.494154594018443,2496.0,0,1
2024.emnlp-main.226,US,2024,EMNLP,2496.0,3.397244581010386,2496.0,1,1
2024.emnlp-main.229,US,2024,EMNLP,2496.0,3.397244581010386,2496.0,1,1
2024.emnlp-main.230,US,2024,EMNLP,312.0,2.494154594018443,2496.0,0,1
2024.emnlp-main.234,US,2024,EMNLP,2808.0,3.4483971034577676,2496.0,1,1
2024.emnlp-main.235,US,2024,EMNLP,8.126,0.9098768179903928,2496.0,0,1
2024.emnlp-main.236,US,2024,EMNLP,222.2,2.346744054604849,2496.0,0,1
2024.emnlp-main.237,US,2024,EMNLP,119.1,2.0759117614827773,2496.0,0,1
2024.emnlp-main.241,US,2024,EMNLP,1248.0,3.0962145853464054,2496.0,0,1
2024.emnlp-main.247,US,2024,EMNLP,312.0,2.494154594018443,2496.0,0,2
2024.emnlp-main.248,US,2024,EMNLP,2496.0,3.397244581010386,2496.0,1,2
2024.emnlp-main.249,US,2024,EMNLP,2496.0,3.397244581010386,2496.0,1,1
2024.emnlp-main.251,US,2024,EMNLP,299.4,2.4762517960070336,2496.0,0,3
2024.emnlp-main.252,US,2024,EMNLP,1248.0,3.0962145853464054,2496.0,0,1
2024.emnlp-main.253,US,2024,EMNLP,896.0,2.9523080096621253,2496.0,0,1
2024.emnlp-main.254,US,2024,EMNLP,312.0,2.494154594018443,2496.0,0,1
2024.emnlp-main.260,US,2024,EMNLP,330.0,2.5185139398778875,2496.0,0,2
2024.emnlp-main.273,US,2024,EMNLP,2496.0,3.397244581010386,2496.0,1,1
2024.emnlp-main.278,US,2024,EMNLP,119.1,2.0759117614827773,2496.0,0,1
2024.emnlp-main.282,US,2024,EMNLP,312.0,2.494154594018443,2496.0,0,1
2024.emnlp-main.283,US,2024,EMNLP,119.1,2.0759117614827773,2496.0,0,1
2024.emnlp-main.285,US,2024,EMNLP,1000.0,3.0,2496.0,0,2
2024.emnlp-main.288,US,2024,EMNLP,119.1,2.0759117614827773,2496.0,0,2
2024.emnlp-main.292,US,2024,EMNLP,2496.0,3.397244581010386,2496.0,1,6
2024.emnlp-main.296,US,2024,EMNLP,2496.0,3.397244581010386,2496.0,1,13
2024.emnlp-main.298,US,2024,EMNLP,312.0,2.494154594018443,2496.0,0,2
2024.emnlp-main.299,US,2024,EMNLP,312.0,2.494154594018443,2496.0,0,2
2024.emnlp-main.302,US,2024,EMNLP,224.0,2.3502480183341627,2496.0,0,1
2024.emnlp-main.306,US,2024,EMNLP,2496.0,3.397244581010386,2496.0,1,2
2024.emnlp-main.31,US,2024,EMNLP,112.0,2.0492180226701815,2496.0,0,3
2024.emnlp-main.311,US,2024,EMNLP,476.4,2.67797175281074,2496.0,0,4
2024.emnlp-main.327,US,2024,EMNLP,2496.0,3.397244581010386,2496.0,1,2
2024.emnlp-main.33,US,2024,EMNLP,952.8,2.979001748474721,2496.0,0,1
2024.emnlp-main.335,US,2024,EMNLP,130.5,2.1156105116742996,2496.0,0,1
2024.emnlp-main.338,US,2024,EMNLP,312.0,2.494154594018443,2496.0,0,3
2024.emnlp-main.343,US,2024,EMNLP,476.4,2.67797175281074,2496.0,0,1
2024.emnlp-main.345,US,2024,EMNLP,238.2,2.3769417571467586,2496.0,0,2
2024.emnlp-main.348,US,2024,EMNLP,2496.0,3.397244581010386,2496.0,1,2
2024.emnlp-main.350,US,2024,EMNLP,112.0,2.0492180226701815,2496.0,0,2
2024.emnlp-main.351,US,2024,EMNLP,119.1,2.0759117614827773,2496.0,0,2
2024.emnlp-main.352,US,2024,EMNLP,1792.0,3.2533380053261065,2496.0,0,2
2024.emnlp-main.355,US,2024,EMNLP,476.4,2.67797175281074,2496.0,0,1
2024.emnlp-main.356,US,2024,EMNLP,448.0,2.651278013998144,2496.0,0,1
2024.emnlp-main.361,US,2024,EMNLP,952.8,2.979001748474721,2496.0,0,1
2024.emnlp-main.363,US,2024,EMNLP,312.0,2.494154594018443,2496.0,0,1
2024.emnlp-main.365,US,2024,EMNLP,119.1,2.0759117614827773,2496.0,0,1
2024.emnlp-main.366,US,2024,EMNLP,1248.0,3.0962145853464054,2496.0,0,1
2024.emnlp-main.367,US,2024,EMNLP,119.1,2.0759117614827773,2496.0,0,1
2024.emnlp-main.371,US,2024,EMNLP,357.3,2.55303301620244,2496.0,0,1
2024.emnlp-main.372,US,2024,EMNLP,357.3,2.55303301620244,2496.0,0,1
2024.emnlp-main.38,US,2024,EMNLP,1792.0,3.2533380053261065,2496.0,0,2
2024.emnlp-main.384,US,2024,EMNLP,181.0,2.2576785748691846,2496.0,0,2
2024.emnlp-main.388,US,2024,EMNLP,312.0,2.494154594018443,2496.0,0,3
2024.emnlp-main.39,US,2024,EMNLP,312.0,2.494154594018443,2496.0,0,1
2024.emnlp-main.392,US,2024,EMNLP,112.0,2.0492180226701815,2496.0,0,2
2024.emnlp-main.393,US,2024,EMNLP,2496.0,3.397244581010386,2496.0,1,1
2024.emnlp-main.397,US,2024,EMNLP,2496.0,3.397244581010386,2496.0,1,1
2024.emnlp-main.4,US,2024,EMNLP,149.7,2.1752218003430523,2496.0,0,1
2024.emnlp-main.40,US,2024,EMNLP,19968.0,4.30033456800233,2496.0,1,2
2024.emnlp-main.406,US,2024,EMNLP,448.0,2.651278013998144,2496.0,0,1
2024.emnlp-main.407,US,2024,EMNLP,888.8,2.9488040459328113,2496.0,0,2
2024.emnlp-main.411,US,2024,EMNLP,312.0,2.494154594018443,2496.0,0,2
2024.emnlp-main.413,US,2024,EMNLP,238.2,2.3769417571467586,2496.0,0,1
2024.emnlp-main.42,US,2024,EMNLP,153.4,2.185825359612962,2496.0,0,1
2024.emnlp-main.422,US,2024,EMNLP,1248.0,3.0962145853464054,2496.0,0,3
2024.emnlp-main.432,US,2024,EMNLP,312.0,2.494154594018443,2496.0,0,2
2024.emnlp-main.436,US,2024,EMNLP,312.0,2.494154594018443,2496.0,0,2
2024.emnlp-main.446,US,2024,EMNLP,896.0,2.9523080096621253,2496.0,0,2
2024.emnlp-main.451,US,2024,EMNLP,1248.0,3.0962145853464054,2496.0,0,1
2024.emnlp-main.452,US,2024,EMNLP,312.0,2.494154594018443,2496.0,0,4
2024.emnlp-main.46,US,2024,EMNLP,4992.0,3.6982745766743674,2496.0,1,2
2024.emnlp-main.464,US,2024,EMNLP,624.0,2.795184589682424,2496.0,0,1
2024.emnlp-main.466,US,2024,EMNLP,181.0,2.2576785748691846,2496.0,0,1
2024.emnlp-main.467,US,2024,EMNLP,6048.0,3.78161178249315,2496.0,1,2
2024.emnlp-main.47,US,2024,EMNLP,29952.0,4.476425827058011,2496.0,1,2
2024.emnlp-main.470,US,2024,EMNLP,2496.0,3.397244581010386,2496.0,1,1
2024.emnlp-main.471,US,2024,EMNLP,1872.0,3.2723058444020863,2496.0,0,3
2024.emnlp-main.475,US,2024,EMNLP,6048.0,3.78161178249315,2496.0,1,1
2024.emnlp-main.483,US,2024,EMNLP,952.8,2.979001748474721,2496.0,0,1
2024.emnlp-main.484,US,2024,EMNLP,4480.0,3.651278013998144,2496.0,1,1
2024.emnlp-main.491,US,2024,EMNLP,1248.0,3.0962145853464054,2496.0,0,2
2024.emnlp-main.493,US,2024,EMNLP,476.4,2.67797175281074,2496.0,0,1
2024.emnlp-main.494,US,2024,EMNLP,2496.0,3.397244581010386,2496.0,1,2
2024.emnlp-main.495,US,2024,EMNLP,238.2,2.3769417571467586,2496.0,0,1
2024.emnlp-main.496,US,2024,EMNLP,1248.0,3.0962145853464054,2496.0,0,1
2024.emnlp-main.499,US,2024,EMNLP,238.2,2.3769417571467586,2496.0,0,1
2024.emnlp-main.500,US,2024,EMNLP,119.1,2.0759117614827773,2496.0,0,1
2024.emnlp-main.501,US,2024,EMNLP,2496.0,3.397244581010386,2496.0,1,1
2024.emnlp-main.504,US,2024,EMNLP,238.2,2.3769417571467586,2496.0,0,2
2024.emnlp-main.505,US,2024,EMNLP,2496.0,3.397244581010386,2496.0,1,2
2024.emnlp-main.506,US,2024,EMNLP,312.0,2.494154594018443,2496.0,0,1
2024.emnlp-main.507,US,2024,EMNLP,2496.0,3.397244581010386,2496.0,1,4
2024.emnlp-main.508,US,2024,EMNLP,119.1,2.0759117614827773,2496.0,0,1
2024.emnlp-main.512,US,2024,EMNLP,312.0,2.494154594018443,2496.0,0,1
2024.emnlp-main.513,US,2024,EMNLP,312.0,2.494154594018443,2496.0,0,1
2024.emnlp-main.517,US,2024,EMNLP,312.0,2.494154594018443,2496.0,0,1
2024.emnlp-main.520,US,2024,EMNLP,713.6,2.8534548413680665,2496.0,0,1
2024.emnlp-main.525,US,2024,EMNLP,2496.0,3.397244581010386,2496.0,1,2
2024.emnlp-main.527,US,2024,EMNLP,952.8,2.979001748474721,2496.0,0,1
2024.emnlp-main.528,US,2024,EMNLP,312.0,2.494154594018443,2496.0,0,1
2024.emnlp-main.53,US,2024,EMNLP,149.7,2.1752218003430523,2496.0,0,1
2024.emnlp-main.531,US,2024,EMNLP,2496.0,3.397244581010386,2496.0,1,1
2024.emnlp-main.533,US,2024,EMNLP,476.4,2.67797175281074,2496.0,0,2
2024.emnlp-main.535,US,2024,EMNLP,2496.0,3.397244581010386,2496.0,1,2
2024.emnlp-main.537,US,2024,EMNLP,130.5,2.1156105116742996,2496.0,0,4
2024.emnlp-main.539,US,2024,EMNLP,312.0,2.494154594018443,2496.0,0,1
2024.emnlp-main.54,US,2024,EMNLP,1792.0,3.2533380053261065,2496.0,0,1
2024.emnlp-main.541,US,2024,EMNLP,6240.0,3.795184589682424,2496.0,1,2
2024.emnlp-main.544,US,2024,EMNLP,1248.0,3.0962145853464054,2496.0,0,1
2024.emnlp-main.545,US,2024,EMNLP,312.0,2.494154594018443,2496.0,0,2
2024.emnlp-main.546,US,2024,EMNLP,312.0,2.494154594018443,2496.0,0,2
2024.emnlp-main.547,US,2024,EMNLP,119.1,2.0759117614827773,2496.0,0,1
2024.emnlp-main.558,US,2024,EMNLP,756.0,2.8785217955012063,2496.0,0,1
2024.emnlp-main.56,US,2024,EMNLP,312.0,2.494154594018443,2496.0,0,1
2024.emnlp-main.560,US,2024,EMNLP,312.0,2.494154594018443,2496.0,0,1
2024.emnlp-main.562,US,2024,EMNLP,1320.0,3.12057393120585,2496.0,0,1
2024.emnlp-main.563,US,2024,EMNLP,71.0,1.8512583487190752,2496.0,0,2
2024.emnlp-main.57,US,2024,EMNLP,2496.0,3.397244581010386,2496.0,1,1
2024.emnlp-main.570,US,2024,EMNLP,19968.0,4.30033456800233,2496.0,1,2
2024.emnlp-main.574,US,2024,EMNLP,119.1,2.0759117614827773,2496.0,0,1
2024.emnlp-main.576,US,2024,EMNLP,112.0,2.0492180226701815,2496.0,0,1
2024.emnlp-main.578,US,2024,EMNLP,728.48,2.8624176329641147,2496.0,0,1
2024.emnlp-main.58,US,2024,EMNLP,2496.0,3.397244581010386,2496.0,1,1
2024.emnlp-main.583,US,2024,EMNLP,312.0,2.494154594018443,2496.0,0,1
2024.emnlp-main.588,US,2024,EMNLP,71.0,1.8512583487190752,2496.0,0,2
2024.emnlp-main.595,US,2024,EMNLP,2496.0,3.397244581010386,2496.0,1,1
2024.emnlp-main.597,US,2024,EMNLP,312.0,2.494154594018443,2496.0,0,1
2024.emnlp-main.598,US,2024,EMNLP,312.0,2.494154594018443,2496.0,0,1
2024.emnlp-main.599,US,2024,EMNLP,2496.0,3.397244581010386,2496.0,1,3
2024.emnlp-main.62,US,2024,EMNLP,476.4,2.67797175281074,2496.0,0,2
2024.emnlp-main.623,US,2024,EMNLP,2496.0,3.397244581010386,2496.0,1,1
2024.emnlp-main.637,US,2024,EMNLP,364.24,2.5613876373001334,2496.0,0,3
2024.emnlp-main.639,US,2024,EMNLP,312.0,2.494154594018443,2496.0,0,1
2024.emnlp-main.64,US,2024,EMNLP,312.0,2.494154594018443,2496.0,0,2
2024.emnlp-main.648,US,2024,EMNLP,500.0,2.6989700043360187,2496.0,0,1
2024.emnlp-main.652,US,2024,EMNLP,330.0,2.5185139398778875,2496.0,0,2
2024.emnlp-main.667,US,2024,EMNLP,952.8,2.979001748474721,2496.0,0,2
2024.emnlp-main.673,US,2024,EMNLP,312.0,2.494154594018443,2496.0,0,1
2024.emnlp-main.677,US,2024,EMNLP,476.4,2.67797175281074,2496.0,0,2
2024.emnlp-main.68,US,2024,EMNLP,1560.0,3.1931245983544616,2496.0,0,2
2024.emnlp-main.680,US,2024,EMNLP,2496.0,3.397244581010386,2496.0,1,2
2024.emnlp-main.681,US,2024,EMNLP,71.0,1.8512583487190752,2496.0,0,2
2024.emnlp-main.682,US,2024,EMNLP,598.8,2.777281791671015,2496.0,0,1
2024.emnlp-main.683,US,2024,EMNLP,312.0,2.494154594018443,2496.0,0,1
2024.emnlp-main.684,US,2024,EMNLP,121.0,2.0827853703164503,2496.0,0,2
2024.emnlp-main.687,US,2024,EMNLP,598.8,2.777281791671015,2496.0,0,1
2024.emnlp-main.698,US,2024,EMNLP,1248.0,3.0962145853464054,2496.0,0,2
2024.emnlp-main.699,US,2024,EMNLP,312.0,2.494154594018443,2496.0,0,2
2024.emnlp-main.701,US,2024,EMNLP,312.0,2.494154594018443,2496.0,0,2
2024.emnlp-main.702,US,2024,EMNLP,2496.0,3.397244581010386,2496.0,1,1
2024.emnlp-main.703,US,2024,EMNLP,952.8,2.979001748474721,2496.0,0,2
2024.emnlp-main.706,US,2024,EMNLP,476.4,2.67797175281074,2496.0,0,1
2024.emnlp-main.712,US,2024,EMNLP,312.0,2.494154594018443,2496.0,0,1
2024.emnlp-main.719,US,2024,EMNLP,24192.0,4.383671773821113,2496.0,1,1
2024.emnlp-main.720,US,2024,EMNLP,952.8,2.979001748474721,2496.0,0,1
2024.emnlp-main.721,US,2024,EMNLP,312.0,2.494154594018443,2496.0,0,1
2024.emnlp-main.722,US,2024,EMNLP,2496.0,3.397244581010386,2496.0,1,1
2024.emnlp-main.724,US,2024,EMNLP,2200.0,3.342422680822206,2496.0,0,1
2024.emnlp-main.725,US,2024,EMNLP,1248.0,3.0962145853464054,2496.0,0,1
2024.emnlp-main.726,US,2024,EMNLP,624.0,2.795184589682424,2496.0,0,1
2024.emnlp-main.728,US,2024,EMNLP,312.0,2.494154594018443,2496.0,0,2
2024.emnlp-main.732,US,2024,EMNLP,6048.0,3.78161178249315,2496.0,1,1
2024.emnlp-main.734,US,2024,EMNLP,624.0,2.795184589682424,2496.0,0,2
2024.emnlp-main.735,US,2024,EMNLP,952.8,2.979001748474721,2496.0,0,1
2024.emnlp-main.737,US,2024,EMNLP,2496.0,3.397244581010386,2496.0,1,1
2024.emnlp-main.738,US,2024,EMNLP,312.0,2.494154594018443,2496.0,0,2
2024.emnlp-main.743,US,2024,EMNLP,112.0,2.0492180226701815,2496.0,0,3
2024.emnlp-main.744,US,2024,EMNLP,2496.0,3.397244581010386,2496.0,1,2
2024.emnlp-main.746,US,2024,EMNLP,119.1,2.0759117614827773,2496.0,0,2
2024.emnlp-main.748,US,2024,EMNLP,312.0,2.494154594018443,2496.0,0,2
2024.emnlp-main.75,US,2024,EMNLP,19968.0,4.30033456800233,2496.0,1,1
2024.emnlp-main.753,US,2024,EMNLP,222.2,2.346744054604849,2496.0,0,3
2024.emnlp-main.755,US,2024,EMNLP,4992.0,3.6982745766743674,2496.0,1,3
2024.emnlp-main.759,US,2024,EMNLP,1248.0,3.0962145853464054,2496.0,0,4
2024.emnlp-main.76,US,2024,EMNLP,119.1,2.0759117614827773,2496.0,0,2
2024.emnlp-main.78,US,2024,EMNLP,476.4,2.67797175281074,2496.0,0,1
2024.emnlp-main.780,US,2024,EMNLP,2496.0,3.397244581010386,2496.0,1,3
2024.emnlp-main.781,US,2024,EMNLP,756.0,2.8785217955012063,2496.0,0,3
2024.emnlp-main.784,US,2024,EMNLP,312.0,2.494154594018443,2496.0,0,1
2024.emnlp-main.785,US,2024,EMNLP,1248.0,3.0962145853464054,2496.0,0,2
2024.emnlp-main.786,US,2024,EMNLP,1777.6,3.2498340415967926,2496.0,0,2
2024.emnlp-main.79,US,2024,EMNLP,2496.0,3.397244581010386,2496.0,1,2
2024.emnlp-main.792,US,2024,EMNLP,1248.0,3.0962145853464054,2496.0,0,2
2024.emnlp-main.797,US,2024,EMNLP,312.0,2.494154594018443,2496.0,0,3
2024.emnlp-main.798,US,2024,EMNLP,312.0,2.494154594018443,2496.0,0,2
2024.emnlp-main.801,US,2024,EMNLP,119.1,2.0759117614827773,2496.0,0,1
2024.emnlp-main.803,US,2024,EMNLP,624.0,2.795184589682424,2496.0,0,3
2024.emnlp-main.815,US,2024,EMNLP,2496.0,3.397244581010386,2496.0,1,3
2024.emnlp-main.817,US,2024,EMNLP,2496.0,3.397244581010386,2496.0,1,2
2024.emnlp-main.819,US,2024,EMNLP,149.7,2.1752218003430523,2496.0,0,1
2024.emnlp-main.835,US,2024,EMNLP,1248.0,3.0962145853464054,2496.0,0,1
2024.emnlp-main.837,US,2024,EMNLP,2496.0,3.397244581010386,2496.0,1,1
2024.emnlp-main.838,US,2024,EMNLP,119.1,2.0759117614827773,2496.0,0,1
2024.emnlp-main.84,US,2024,EMNLP,119.1,2.0759117614827773,2496.0,0,1
2024.emnlp-main.841,US,2024,EMNLP,312.0,2.494154594018443,2496.0,0,1
2024.emnlp-main.845,US,2024,EMNLP,9.526,0.9789105771755716,2496.0,0,2
2024.emnlp-main.847,US,2024,EMNLP,1248.0,3.0962145853464054,2496.0,0,2
2024.emnlp-main.854,US,2024,EMNLP,2496.0,3.397244581010386,2496.0,1,2
2024.emnlp-main.859,US,2024,EMNLP,476.4,2.67797175281074,2496.0,0,1
2024.emnlp-main.867,US,2024,EMNLP,113.8,2.056142262059052,2496.0,0,2
2024.emnlp-main.870,US,2024,EMNLP,2496.0,3.397244581010386,2496.0,1,1
2024.emnlp-main.871,US,2024,EMNLP,2640.0,3.4216039268698313,2496.0,1,3
2024.emnlp-main.878,US,2024,EMNLP,356.8,2.5524248457040857,2496.0,0,2
2024.emnlp-main.880,US,2024,EMNLP,896.0,2.9523080096621253,2496.0,0,3
2024.emnlp-main.881,US,2024,EMNLP,476.4,2.67797175281074,2496.0,0,1
2024.emnlp-main.895,US,2024,EMNLP,1197.6,3.078311787334996,2496.0,0,2
2024.emnlp-main.896,US,2024,EMNLP,149.7,2.1752218003430523,2496.0,0,2
2024.emnlp-main.897,US,2024,EMNLP,312.0,2.494154594018443,2496.0,0,2
2024.emnlp-main.914,US,2024,EMNLP,112.0,2.0492180226701815,2496.0,0,2
2024.emnlp-main.923,US,2024,EMNLP,312.0,2.494154594018443,2496.0,0,1
2024.emnlp-main.925,US,2024,EMNLP,149.7,2.1752218003430523,2496.0,0,4
2024.emnlp-main.928,US,2024,EMNLP,1792.0,3.2533380053261065,2496.0,0,2
2024.emnlp-main.934,US,2024,EMNLP,312.0,2.494154594018443,2496.0,0,2
2024.emnlp-main.937,US,2024,EMNLP,149.7,2.1752218003430523,2496.0,0,2
2024.emnlp-main.939,US,2024,EMNLP,312.0,2.494154594018443,2496.0,0,1
2024.emnlp-main.94,US,2024,EMNLP,640.0,2.806179973983887,2496.0,0,2
2024.emnlp-main.940,US,2024,EMNLP,2496.0,3.397244581010386,2496.0,1,1
2024.emnlp-main.941,US,2024,EMNLP,1560.0,3.1931245983544616,2496.0,0,3
2024.emnlp-main.945,US,2024,EMNLP,3024.0,3.480581786829169,2496.0,1,1
2024.emnlp-main.947,US,2024,EMNLP,624.0,2.795184589682424,2496.0,0,2
2024.emnlp-main.948,US,2024,EMNLP,936.0,2.971275848738105,2496.0,0,1
2024.emnlp-main.952,US,2024,EMNLP,624.0,2.795184589682424,2496.0,0,1
2024.emnlp-main.954,US,2024,EMNLP,112.0,2.0492180226701815,2496.0,0,1
2024.emnlp-main.955,US,2024,EMNLP,9.526,0.9789105771755716,2496.0,0,1
2024.emnlp-main.957,US,2024,EMNLP,1197.6,3.078311787334996,2496.0,0,1
2024.emnlp-main.958,US,2024,EMNLP,149.7,2.1752218003430523,2496.0,0,1
2024.emnlp-main.959,US,2024,EMNLP,130.5,2.1156105116742996,2496.0,0,4
2024.emnlp-main.961,US,2024,EMNLP,312.0,2.494154594018443,2496.0,0,2
2024.emnlp-main.974,US,2024,EMNLP,2496.0,3.397244581010386,2496.0,1,2
2024.emnlp-main.975,US,2024,EMNLP,2496.0,3.397244581010386,2496.0,1,1
2024.emnlp-main.98,US,2024,EMNLP,119.1,2.0759117614827773,2496.0,0,2
2024.emnlp-main.985,US,2024,EMNLP,312.0,2.494154594018443,2496.0,0,1
2024.emnlp-main.990,US,2024,EMNLP,312.0,2.494154594018443,2496.0,0,1
2024.naacl-long.110,US,2024,NAACL,476.4,2.67797175281074,2496.0,0,1
2024.naacl-long.123,US,2024,NAACL,2496.0,3.397244581010386,2496.0,1,1
2024.naacl-long.124,US,2024,NAACL,448.0,2.651278013998144,2496.0,0,1
2024.naacl-long.15,US,2024,NAACL,2496.0,3.397244581010386,2496.0,1,2
2024.naacl-long.157,US,2024,NAACL,107.0,2.0293837776852097,2496.0,0,1
2024.naacl-long.161,US,2024,NAACL,2496.0,3.397244581010386,2496.0,1,2
2024.naacl-long.166,US,2024,NAACL,952.8,2.979001748474721,2496.0,0,1
2024.naacl-long.170,US,2024,NAACL,896.0,2.9523080096621253,2496.0,0,5
2024.naacl-long.177,US,2024,NAACL,119.1,2.0759117614827773,2496.0,0,1
2024.naacl-long.180,US,2024,NAACL,312.0,2.494154594018443,2496.0,0,1
2024.naacl-long.182,US,2024,NAACL,312.0,2.494154594018443,2496.0,0,2
2024.naacl-long.189,US,2024,NAACL,110.0,2.041392685158225,2496.0,0,1
2024.naacl-long.212,US,2024,NAACL,119.1,2.0759117614827773,2496.0,0,2
2024.naacl-long.218,US,2024,NAACL,312.0,2.494154594018443,2496.0,0,1
2024.naacl-long.220,US,2024,NAACL,9.526,0.9789105771755716,2496.0,0,1
2024.naacl-long.222,US,2024,NAACL,312.0,2.494154594018443,2496.0,0,1
2024.naacl-long.243,US,2024,NAACL,71.0,1.8512583487190752,2496.0,0,10
2024.naacl-long.246,US,2024,NAACL,119.1,2.0759117614827773,2496.0,0,1
2024.naacl-long.250,US,2024,NAACL,440.0,2.6434526764861874,2496.0,0,1
2024.naacl-long.251,US,2024,NAACL,1248.0,3.0962145853464054,2496.0,0,2
2024.naacl-long.252,US,2024,NAACL,149.7,2.1752218003430523,2496.0,0,2
2024.naacl-long.262,US,2024,NAACL,910.4,2.959232249050996,2496.0,0,2
2024.naacl-long.27,US,2024,NAACL,222.2,2.346744054604849,2496.0,0,1
2024.naacl-long.272,US,2024,NAACL,312.0,2.494154594018443,2496.0,0,1
2024.naacl-long.276,US,2024,NAACL,119.1,2.0759117614827773,2496.0,0,1
2024.naacl-long.28,US,2024,NAACL,125.0,2.0969100130080562,2496.0,0,2
2024.naacl-long.281,US,2024,NAACL,71.0,1.8512583487190752,2496.0,0,2
2024.naacl-long.287,US,2024,NAACL,312.0,2.494154594018443,2496.0,0,1
2024.naacl-long.288,US,2024,NAACL,1320.0,3.12057393120585,2496.0,0,3
2024.naacl-long.295,US,2024,NAACL,357.3,2.55303301620244,2496.0,0,1
2024.naacl-long.296,US,2024,NAACL,119.1,2.0759117614827773,2496.0,0,2
2024.naacl-long.308,US,2024,NAACL,2496.0,3.397244581010386,2496.0,1,1
2024.naacl-long.309,US,2024,NAACL,19968.0,4.30033456800233,2496.0,1,2
2024.naacl-long.314,US,2024,NAACL,149.7,2.1752218003430523,2496.0,0,1
2024.naacl-long.316,US,2024,NAACL,149.7,2.1752218003430523,2496.0,0,3
2024.naacl-long.32,US,2024,NAACL,2496.0,3.397244581010386,2496.0,1,1
2024.naacl-long.321,US,2024,NAACL,910.4,2.959232249050996,2496.0,0,1
2024.naacl-long.322,US,2024,NAACL,2496.0,3.397244581010386,2496.0,1,1
2024.naacl-long.327,US,2024,NAACL,9984.0,3.9993045723383487,2496.0,1,2
2024.naacl-long.330,US,2024,NAACL,119.1,2.0759117614827773,2496.0,0,1
2024.naacl-long.331,US,2024,NAACL,2496.0,3.397244581010386,2496.0,1,1
2024.naacl-long.333,US,2024,NAACL,448.0,2.651278013998144,2496.0,0,1
2024.naacl-long.334,US,2024,NAACL,312.0,2.494154594018443,2496.0,0,17
2024.naacl-long.335,US,2024,NAACL,14976.0,4.17539583139403,2496.0,1,1
2024.naacl-long.336,US,2024,NAACL,330.0,2.5185139398778875,2496.0,0,2
2024.naacl-long.345,US,2024,NAACL,112.0,2.0492180226701815,2496.0,0,1
2024.naacl-long.346,US,2024,NAACL,624.0,2.795184589682424,2496.0,0,1
2024.naacl-long.348,US,2024,NAACL,312.0,2.494154594018443,2496.0,0,1
2024.naacl-long.349,US,2024,NAACL,3744.0,3.5733358400660675,2496.0,1,2
2024.naacl-long.351,US,2024,NAACL,119.1,2.0759117614827773,2496.0,0,2
2024.naacl-long.353,US,2024,NAACL,130.5,2.1156105116742996,2496.0,0,1
2024.naacl-long.355,US,2024,NAACL,312.0,2.494154594018443,2496.0,0,1
2024.naacl-long.356,US,2024,NAACL,896.0,2.9523080096621253,2496.0,0,2
2024.naacl-long.363,US,2024,NAACL,2496.0,3.397244581010386,2496.0,1,2
2024.naacl-long.370,US,2024,NAACL,448.0,2.651278013998144,2496.0,0,1
2024.naacl-long.376,US,2024,NAACL,1248.0,3.0962145853464054,2496.0,0,2
2024.naacl-long.38,US,2024,NAACL,130.5,2.1156105116742996,2496.0,0,2
2024.naacl-long.393,US,2024,NAACL,312.0,2.494154594018443,2496.0,0,4
2024.naacl-long.394,US,2024,NAACL,312.0,2.494154594018443,2496.0,0,2
2024.naacl-long.399,US,2024,NAACL,110.0,2.041392685158225,2496.0,0,3
2024.naacl-long.406,US,2024,NAACL,2496.0,3.397244581010386,2496.0,1,1
2024.naacl-long.407,US,2024,NAACL,113.8,2.056142262059052,2496.0,0,3
2024.naacl-long.409,US,2024,NAACL,312.0,2.494154594018443,2496.0,0,1
2024.naacl-long.410,US,2024,NAACL,112.0,2.0492180226701815,2496.0,0,2
2024.naacl-long.412,US,2024,NAACL,119.1,2.0759117614827773,2496.0,0,1
2024.naacl-long.414,US,2024,NAACL,149.7,2.1752218003430523,2496.0,0,1
2024.naacl-long.416,US,2024,NAACL,312.0,2.494154594018443,2496.0,0,2
2024.naacl-long.417,US,2024,NAACL,312.0,2.494154594018443,2496.0,0,1
2024.naacl-long.423,US,2024,NAACL,2395.2,3.379341782998977,2496.0,0,1
2024.naacl-long.429,US,2024,NAACL,299.4,2.4762517960070336,2496.0,0,2
2024.naacl-long.432,US,2024,NAACL,149.7,2.1752218003430523,2496.0,0,1
2024.naacl-long.433,US,2024,NAACL,71.0,1.8512583487190752,2496.0,0,2
2024.naacl-long.455,US,2024,NAACL,2496.0,3.397244581010386,2496.0,1,1
2024.naacl-long.457,US,2024,NAACL,312.0,2.494154594018443,2496.0,0,1
2024.naacl-long.460,US,2024,NAACL,130.5,2.1156105116742996,2496.0,0,3
2024.naacl-long.462,US,2024,NAACL,2496.0,3.397244581010386,2496.0,1,1
2024.naacl-long.464,US,2024,NAACL,112.0,2.0492180226701815,2496.0,0,1
2024.naacl-long.465,US,2024,NAACL,2496.0,3.397244581010386,2496.0,1,2
2024.naacl-long.472,US,2024,NAACL,2496.0,3.397244581010386,2496.0,1,1
2024.naacl-long.473,US,2024,NAACL,149.7,2.1752218003430523,2496.0,0,2
2024.naacl-long.475,US,2024,NAACL,952.8,2.979001748474721,2496.0,0,1
2024.naacl-long.476,US,2024,NAACL,312.0,2.494154594018443,2496.0,0,1
2024.naacl-long.478,US,2024,NAACL,119.1,2.0759117614827773,2496.0,0,2
2024.naacl-long.479,US,2024,NAACL,910.4,2.959232249050996,2496.0,0,2
2024.naacl-long.48,US,2024,NAACL,1248.0,3.0962145853464054,2496.0,0,2
2024.naacl-long.480,US,2024,NAACL,119.1,2.0759117614827773,2496.0,0,1
2024.naacl-long.483,US,2024,NAACL,330.0,2.5185139398778875,2496.0,0,1
2024.naacl-long.484,US,2024,NAACL,149.7,2.1752218003430523,2496.0,0,1
2024.naacl-long.487,US,2024,NAACL,312.0,2.494154594018443,2496.0,0,2
2024.naacl-long.64,US,2024,NAACL,142.0,2.1522883443830563,2496.0,0,2
2024.naacl-long.66,US,2024,NAACL,130.5,2.1156105116742996,2496.0,0,1
2024.naacl-long.7,US,2024,NAACL,312.0,2.494154594018443,2496.0,0,1
2024.naacl-long.8,US,2024,NAACL,45.36,1.6566730458848502,2496.0,0,1
2024.naacl-long.86,US,2024,NAACL,312.0,2.494154594018443,2496.0,0,2
2024.naacl-long.354,UY,2024,NAACL,9.526,0.9789105771755716,2496.0,0,3
2024.acl-long.174,VN,2024,ACL,130.5,2.1156105116742996,2496.0,0,2
2024.emnlp-main.426,VN,2024,EMNLP,330.0,2.5185139398778875,2496.0,0,1
2024.emnlp-main.580,VN,2024,EMNLP,71.0,1.8512583487190752,2496.0,0,3
2024.emnlp-main.701,VN,2024,EMNLP,312.0,2.494154594018443,2496.0,0,2
2024.emnlp-main.251,ZA,2024,EMNLP,299.4,2.4762517960070336,2496.0,0,3
2024.naacl-long.334,ZA,2024,NAACL,312.0,2.494154594018443,2496.0,0,17
2024.emnlp-main.933,ZW,2024,EMNLP,989.4,2.9953719060281623,2496.0,0,3
2025.acl-long.1081,AE,2025,ACL,592.0,2.77232170672292,2496.0,0,2
2025.acl-long.1092,AE,2025,ACL,1448.0,3.1607685618611283,2496.0,0,2
2025.acl-long.1096,AE,2025,ACL,312.0,2.494154594018443,2496.0,0,4
2025.acl-long.1232,AE,2025,ACL,312.0,2.494154594018443,2496.0,0,2
2025.acl-long.1296,AE,2025,ACL,598.8,2.777281791671015,2496.0,0,3
2025.acl-long.138,AE,2025,ACL,2496.0,3.397244581010386,2496.0,1,2
2025.acl-long.1427,AE,2025,ACL,1248.0,3.0962145853464054,2496.0,0,2
2025.acl-long.1475,AE,2025,ACL,2496.0,3.397244581010386,2496.0,1,2
2025.acl-long.233,AE,2025,ACL,112.0,2.0492180226701815,2496.0,0,2
2025.acl-long.287,AE,2025,ACL,7912.0,3.898286278589123,2496.0,1,3
2025.acl-long.309,AE,2025,ACL,312.0,2.494154594018443,2496.0,0,2
2025.acl-long.358,AE,2025,ACL,1320.0,3.12057393120585,2496.0,0,3
2025.acl-long.371,AE,2025,ACL,2496.0,3.397244581010386,2496.0,1,3
2025.acl-long.404,AE,2025,ACL,2496.0,3.397244581010386,2496.0,1,2
2025.acl-long.407,AE,2025,ACL,1248.0,3.0962145853464054,2496.0,0,1
2025.acl-long.67,AE,2025,ACL,312.0,2.494154594018443,2496.0,0,2
2025.acl-long.875,AE,2025,ACL,312.0,2.494154594018443,2496.0,0,1
2025.emnlp-main.1016,AE,2025,EMNLP,2496.0,3.397244581010386,2496.0,1,1
2025.emnlp-main.1132,AE,2025,EMNLP,312.0,2.494154594018443,2496.0,0,4
2025.emnlp-main.1174,AE,2025,EMNLP,3024.0,3.480581786829169,2496.0,1,1
2025.emnlp-main.1201,AE,2025,EMNLP,2496.0,3.397244581010386,2496.0,1,1
2025.emnlp-main.127,AE,2025,EMNLP,1512.0,3.1795517911651876,2496.0,0,6
2025.emnlp-main.1422,AE,2025,EMNLP,2496.0,3.397244581010386,2496.0,1,2
2025.emnlp-main.1476,AE,2025,EMNLP,312.0,2.494154594018443,2496.0,0,2
2025.emnlp-main.1524,AE,2025,EMNLP,312.0,2.494154594018443,2496.0,0,1
2025.emnlp-main.1525,AE,2025,EMNLP,936.0,2.971275848738105,2496.0,0,1
2025.emnlp-main.1736,AE,2025,EMNLP,238.2,2.3769417571467586,2496.0,0,2
2025.emnlp-main.175,AE,2025,EMNLP,2496.0,3.397244581010386,2496.0,1,4
2025.emnlp-main.1807,AE,2025,EMNLP,756.0,2.8785217955012063,2496.0,0,3
2025.emnlp-main.1809,AE,2025,EMNLP,728.48,2.8624176329641147,2496.0,0,5
2025.emnlp-main.313,AE,2025,EMNLP,624.0,2.795184589682424,2496.0,0,2
2025.emnlp-main.326,AE,2025,EMNLP,989.5,2.9954157985424152,2496.0,0,2
2025.emnlp-main.341,AE,2025,EMNLP,312.0,2.494154594018443,2496.0,0,3
2025.emnlp-main.370,AE,2025,EMNLP,312.0,2.494154594018443,2496.0,0,4
2025.emnlp-main.408,AE,2025,EMNLP,330.0,2.5185139398778875,2496.0,0,2
2025.emnlp-main.434,AE,2025,EMNLP,312.0,2.494154594018443,2496.0,0,3
2025.emnlp-main.477,AE,2025,EMNLP,598.8,2.777281791671015,2496.0,0,2
2025.emnlp-main.491,AE,2025,EMNLP,888.8,2.9488040459328113,2496.0,0,11
2025.emnlp-main.569,AE,2025,EMNLP,2496.0,3.397244581010386,2496.0,1,2
2025.emnlp-main.612,AE,2025,EMNLP,238.2,2.3769417571467586,2496.0,0,2
2025.emnlp-main.727,AE,2025,EMNLP,5936.4,3.773523156411806,2496.0,1,1
2025.emnlp-main.734,AE,2025,EMNLP,238.2,2.3769417571467586,2496.0,0,2
2025.emnlp-main.835,AE,2025,EMNLP,568.0,2.754348335711019,2496.0,0,4
2025.emnlp-main.881,AE,2025,EMNLP,312.0,2.494154594018443,2496.0,0,2
2025.emnlp-main.912,AE,2025,EMNLP,312.0,2.494154594018443,2496.0,0,2
2025.emnlp-main.940,AE,2025,EMNLP,312.0,2.494154594018443,2496.0,0,2
2025.naacl-long.282,AE,2025,NAACL,1248.0,3.0962145853464054,2496.0,0,2
2025.naacl-long.373,AE,2025,NAACL,119.1,2.0759117614827773,2496.0,0,2
2025.naacl-long.378,AE,2025,NAACL,1248.0,3.0962145853464054,2496.0,0,2
2025.naacl-long.491,AE,2025,NAACL,312.0,2.494154594018443,2496.0,0,4
2025.naacl-long.600,AE,2025,NAACL,724.0,2.859738566197147,2496.0,0,16
2025.acl-long.1561,AR,2025,ACL,1512.0,3.1795517911651876,2496.0,0,6
2025.emnlp-main.1412,AR,2025,EMNLP,330.0,2.5185139398778875,2496.0,0,2
2025.emnlp-main.1664,AR,2025,EMNLP,112.0,2.0492180226701815,2496.0,0,2
2025.acl-long.1304,AT,2025,ACL,12096.0,4.082641778157131,2496.0,1,2
2025.acl-long.1363,AT,2025,ACL,299.4,2.4762517960070336,2496.0,0,2
2025.acl-long.188,AT,2025,ACL,1512.0,3.1795517911651876,2496.0,0,2
2025.emnlp-main.1364,AT,2025,EMNLP,7915.2,3.898461893020106,2496.0,1,2
2025.emnlp-main.1536,AT,2025,EMNLP,312.0,2.494154594018443,2496.0,0,2
2025.emnlp-main.1544,AT,2025,EMNLP,2496.0,3.397244581010386,2496.0,1,3
2025.emnlp-main.1635,AT,2025,EMNLP,2496.0,3.397244581010386,2496.0,1,4
2025.emnlp-main.1728,AT,2025,EMNLP,624.0,2.795184589682424,2496.0,0,3
2025.naacl-long.355,AT,2025,NAACL,224.0,2.3502480183341627,2496.0,0,2
2025.naacl-long.491,AT,2025,NAACL,312.0,2.494154594018443,2496.0,0,4
2025.naacl-long.543,AT,2025,NAACL,330.0,2.5185139398778875,2496.0,0,4
2025.acl-long.1015,AU,2025,ACL,330.0,2.5185139398778875,2496.0,0,1
2025.acl-long.1021,AU,2025,ACL,2496.0,3.397244581010386,2496.0,1,3
2025.acl-long.1024,AU,2025,ACL,2496.0,3.397244581010386,2496.0,1,3
2025.acl-long.1068,AU,2025,ACL,312.0,2.494154594018443,2496.0,0,1
2025.acl-long.1096,AU,2025,ACL,312.0,2.494154594018443,2496.0,0,4
2025.acl-long.1119,AU,2025,ACL,312.0,2.494154594018443,2496.0,0,1
2025.acl-long.1122,AU,2025,ACL,312.0,2.494154594018443,2496.0,0,1
2025.acl-long.1149,AU,2025,ACL,2496.0,3.397244581010386,2496.0,1,3
2025.acl-long.1170,AU,2025,ACL,311.8,2.4938761108528227,2496.0,0,2
2025.acl-long.1185,AU,2025,ACL,149.7,2.1752218003430523,2496.0,0,2
2025.acl-long.1235,AU,2025,ACL,660.0,2.8195439355418688,2496.0,0,2
2025.acl-long.1337,AU,2025,ACL,362.0,2.558708570533166,2496.0,0,2
2025.acl-long.1437,AU,2025,ACL,312.0,2.494154594018443,2496.0,0,4
2025.acl-long.1456,AU,2025,ACL,3024.0,3.480581786829169,2496.0,1,2
2025.acl-long.1489,AU,2025,ACL,121.0,2.0827853703164503,2496.0,0,1
2025.acl-long.1525,AU,2025,ACL,2496.0,3.397244581010386,2496.0,1,3
2025.acl-long.165,AU,2025,ACL,312.0,2.494154594018443,2496.0,0,2
2025.acl-long.221,AU,2025,ACL,624.0,2.795184589682424,2496.0,0,2
2025.acl-long.233,AU,2025,ACL,112.0,2.0492180226701815,2496.0,0,2
2025.acl-long.270,AU,2025,ACL,1248.0,3.0962145853464054,2496.0,0,2
2025.acl-long.446,AU,2025,ACL,3024.0,3.480581786829169,2496.0,1,2
2025.acl-long.471,AU,2025,ACL,624.0,2.795184589682424,2496.0,0,2
2025.acl-long.534,AU,2025,ACL,2496.0,3.397244581010386,2496.0,1,2
2025.acl-long.621,AU,2025,ACL,2496.0,3.397244581010386,2496.0,1,1
2025.acl-long.625,AU,2025,ACL,624.0,2.795184589682424,2496.0,0,1
2025.acl-long.672,AU,2025,ACL,119.1,2.0759117614827773,2496.0,0,2
2025.acl-long.70,AU,2025,ACL,312.0,2.494154594018443,2496.0,0,2
2025.acl-long.733,AU,2025,ACL,1248.0,3.0962145853464054,2496.0,0,2
2025.acl-long.806,AU,2025,ACL,312.0,2.494154594018443,2496.0,0,4
2025.acl-long.837,AU,2025,ACL,1248.0,3.0962145853464054,2496.0,0,4
2025.acl-long.9,AU,2025,ACL,835.5,2.9219464542294102,2496.0,0,1
2025.emnlp-main.1061,AU,2025,EMNLP,623.6,2.794906106516804,2496.0,0,2
2025.emnlp-main.1111,AU,2025,EMNLP,121.0,2.0827853703164503,2496.0,0,2
2025.emnlp-main.1132,AU,2025,EMNLP,312.0,2.494154594018443,2496.0,0,4
2025.emnlp-main.1180,AU,2025,EMNLP,568.0,2.754348335711019,2496.0,0,2
2025.emnlp-main.1239,AU,2025,EMNLP,835.5,2.9219464542294102,2496.0,0,2
2025.emnlp-main.1326,AU,2025,EMNLP,312.0,2.494154594018443,2496.0,0,2
2025.emnlp-main.1381,AU,2025,EMNLP,119.1,2.0759117614827773,2496.0,0,2
2025.emnlp-main.1491,AU,2025,EMNLP,330.0,2.5185139398778875,2496.0,0,2
2025.emnlp-main.1510,AU,2025,EMNLP,181.0,2.2576785748691846,2496.0,0,1
2025.emnlp-main.152,AU,2025,EMNLP,2496.0,3.397244581010386,2496.0,1,2
2025.emnlp-main.1569,AU,2025,EMNLP,112.0,2.0492180226701815,2496.0,0,2
2025.emnlp-main.1596,AU,2025,EMNLP,312.0,2.494154594018443,2496.0,0,3
2025.emnlp-main.1687,AU,2025,EMNLP,1248.0,3.0962145853464054,2496.0,0,3
2025.emnlp-main.1761,AU,2025,EMNLP,149.7,2.1752218003430523,2496.0,0,3
2025.emnlp-main.1807,AU,2025,EMNLP,756.0,2.8785217955012063,2496.0,0,3
2025.emnlp-main.1808,AU,2025,EMNLP,6048.0,3.78161178249315,2496.0,1,4
2025.emnlp-main.1809,AU,2025,EMNLP,728.48,2.8624176329641147,2496.0,0,5
2025.emnlp-main.19,AU,2025,EMNLP,312.0,2.494154594018443,2496.0,0,2
2025.emnlp-main.20,AU,2025,EMNLP,312.0,2.494154594018443,2496.0,0,1
2025.emnlp-main.260,AU,2025,EMNLP,724.0,2.859738566197147,2496.0,0,3
2025.emnlp-main.280,AU,2025,EMNLP,119.1,2.0759117614827773,2496.0,0,1
2025.emnlp-main.398,AU,2025,EMNLP,330.0,2.5185139398778875,2496.0,0,2
2025.emnlp-main.442,AU,2025,EMNLP,312.0,2.494154594018443,2496.0,0,1
2025.emnlp-main.443,AU,2025,EMNLP,312.0,2.494154594018443,2496.0,0,2
2025.emnlp-main.473,AU,2025,EMNLP,312.0,2.494154594018443,2496.0,0,2
2025.emnlp-main.500,AU,2025,EMNLP,2496.0,3.397244581010386,2496.0,1,2
2025.emnlp-main.510,AU,2025,EMNLP,624.0,2.795184589682424,2496.0,0,1
2025.emnlp-main.582,AU,2025,EMNLP,1248.0,3.0962145853464054,2496.0,0,2
2025.emnlp-main.645,AU,2025,EMNLP,312.0,2.494154594018443,2496.0,0,2
2025.emnlp-main.741,AU,2025,EMNLP,888.8,2.9488040459328113,2496.0,0,1
2025.emnlp-main.881,AU,2025,EMNLP,312.0,2.494154594018443,2496.0,0,2
2025.emnlp-main.909,AU,2025,EMNLP,624.0,2.795184589682424,2496.0,0,1
2025.naacl-long.282,AU,2025,NAACL,1248.0,3.0962145853464054,2496.0,0,2
2025.naacl-long.375,AU,2025,NAACL,4992.0,3.6982745766743674,2496.0,1,3
2025.naacl-long.378,AU,2025,NAACL,1248.0,3.0962145853464054,2496.0,0,2
2025.naacl-long.421,AU,2025,NAACL,756.0,2.8785217955012063,2496.0,0,3
2025.naacl-long.465,AU,2025,NAACL,312.0,2.494154594018443,2496.0,0,1
2025.naacl-long.470,AU,2025,NAACL,624.0,2.795184589682424,2496.0,0,1
2025.naacl-long.499,AU,2025,NAACL,2496.0,3.397244581010386,2496.0,1,3
2025.naacl-long.547,AU,2025,NAACL,312.0,2.494154594018443,2496.0,0,1
2025.acl-long.1367,BD,2025,ACL,312.0,2.494154594018443,2496.0,0,1
2025.acl-long.148,BD,2025,ACL,1248.0,3.0962145853464054,2496.0,0,2
2025.acl-long.529,BD,2025,ACL,312.0,2.494154594018443,2496.0,0,2
2025.acl-long.596,BD,2025,ACL,312.0,2.494154594018443,2496.0,0,2
2025.acl-long.652,BD,2025,ACL,312.0,2.494154594018443,2496.0,0,2
2025.acl-long.800,BD,2025,ACL,312.0,2.494154594018443,2496.0,0,2
2025.acl-long.837,BD,2025,ACL,1248.0,3.0962145853464054,2496.0,0,4
2025.acl-long.85,BD,2025,ACL,312.0,2.494154594018443,2496.0,0,2
2025.acl-long.902,BD,2025,ACL,312.0,2.494154594018443,2496.0,0,2
2025.emnlp-main.1186,BD,2025,EMNLP,71.0,1.8512583487190752,2496.0,0,1
2025.emnlp-main.1312,BD,2025,EMNLP,312.0,2.494154594018443,2496.0,0,1
2025.emnlp-main.171,BD,2025,EMNLP,312.0,2.494154594018443,2496.0,0,2
2025.emnlp-main.193,BD,2025,EMNLP,284.0,2.4533183400470375,2496.0,0,1
2025.emnlp-main.848,BD,2025,EMNLP,121.0,2.0827853703164503,2496.0,0,2
2025.emnlp-main.900,BD,2025,EMNLP,312.0,2.494154594018443,2496.0,0,1
2025.naacl-long.234,BD,2025,NAACL,2496.0,3.397244581010386,2496.0,1,2
2025.acl-long.1180,BE,2025,ACL,756.0,2.8785217955012063,2496.0,0,2
2025.acl-long.266,BE,2025,ACL,7916.0,3.8985057855343586,2496.0,1,1
2025.emnlp-main.1728,BE,2025,EMNLP,624.0,2.795184589682424,2496.0,0,3
2025.emnlp-main.491,BE,2025,EMNLP,888.8,2.9488040459328113,2496.0,0,11
2025.emnlp-main.692,BE,2025,EMNLP,476.4,2.67797175281074,2496.0,0,4
2025.naacl-long.600,BE,2025,NAACL,724.0,2.859738566197147,2496.0,0,16
2025.acl-long.1193,BR,2025,ACL,330.0,2.5185139398778875,2496.0,0,1
2025.acl-long.458,BR,2025,ACL,71.0,1.8512583487190752,2496.0,0,1
2025.emnlp-main.1695,BR,2025,EMNLP,4992.0,3.6982745766743674,2496.0,1,2
2025.emnlp-main.1740,BR,2025,EMNLP,624.0,2.795184589682424,2496.0,0,2
2025.naacl-long.168,BR,2025,NAACL,119.1,2.0759117614827773,2496.0,0,2
2025.naacl-long.600,BR,2025,NAACL,724.0,2.859738566197147,2496.0,0,16
2025.acl-long.116,CA,2025,ACL,2496.0,3.397244581010386,2496.0,1,3
2025.acl-long.1238,CA,2025,ACL,312.0,2.494154594018443,2496.0,0,2
2025.acl-long.1241,CA,2025,ACL,312.0,2.494154594018443,2496.0,0,2
2025.acl-long.1253,CA,2025,ACL,312.0,2.494154594018443,2496.0,0,1
2025.acl-long.1294,CA,2025,ACL,383.0,2.583198773968623,2496.0,0,2
2025.acl-long.1357,CA,2025,ACL,330.0,2.5185139398778875,2496.0,0,3
2025.acl-long.1366,CA,2025,ACL,3024.0,3.480581786829169,2496.0,1,2
2025.acl-long.1404,CA,2025,ACL,312.0,2.494154594018443,2496.0,0,2
2025.acl-long.1451,CA,2025,ACL,71.0,1.8512583487190752,2496.0,0,6
2025.acl-long.1456,CA,2025,ACL,3024.0,3.480581786829169,2496.0,1,2
2025.acl-long.1457,CA,2025,ACL,9984.0,3.9993045723383487,2496.0,1,2
2025.acl-long.1458,CA,2025,ACL,220.0,2.342422680822206,2496.0,0,1
2025.acl-long.1470,CA,2025,ACL,330.0,2.5185139398778875,2496.0,0,1
2025.acl-long.1562,CA,2025,ACL,2496.0,3.397244581010386,2496.0,1,2
2025.acl-long.1577,CA,2025,ACL,2496.0,3.397244581010386,2496.0,1,3
2025.acl-long.172,CA,2025,ACL,2496.0,3.397244581010386,2496.0,1,2
2025.acl-long.191,CA,2025,ACL,312.0,2.494154594018443,2496.0,0,3
2025.acl-long.265,CA,2025,ACL,825.0,2.916453948549925,2496.0,0,3
2025.acl-long.3,CA,2025,ACL,2496.0,3.397244581010386,2496.0,1,3
2025.acl-long.332,CA,2025,ACL,312.0,2.494154594018443,2496.0,0,1
2025.acl-long.344,CA,2025,ACL,2496.0,3.397244581010386,2496.0,1,4
2025.acl-long.358,CA,2025,ACL,1320.0,3.12057393120585,2496.0,0,3
2025.acl-long.387,CA,2025,ACL,598.8,2.777281791671015,2496.0,0,1
2025.acl-long.446,CA,2025,ACL,3024.0,3.480581786829169,2496.0,1,2
2025.acl-long.464,CA,2025,ACL,756.0,2.8785217955012063,2496.0,0,8
2025.acl-long.581,CA,2025,ACL,1512.0,3.1795517911651876,2496.0,0,3
2025.acl-long.587,CA,2025,ACL,2496.0,3.397244581010386,2496.0,1,4
2025.acl-long.63,CA,2025,ACL,71.0,1.8512583487190752,2496.0,0,1
2025.acl-long.713,CA,2025,ACL,312.0,2.494154594018443,2496.0,0,2
2025.acl-long.749,CA,2025,ACL,330.0,2.5185139398778875,2496.0,0,3
2025.acl-long.824,CA,2025,ACL,119.1,2.0759117614827773,2496.0,0,2
2025.acl-long.950,CA,2025,ACL,2496.0,3.397244581010386,2496.0,1,3
2025.acl-long.961,CA,2025,ACL,624.0,2.795184589682424,2496.0,0,3
2025.acl-long.973,CA,2025,ACL,6048.0,3.78161178249315,2496.0,1,2
2025.acl-long.980,CA,2025,ACL,160.0,2.2041199826559246,2496.0,0,2
2025.emnlp-main.1075,CA,2025,EMNLP,6048.0,3.78161178249315,2496.0,1,2
2025.emnlp-main.118,CA,2025,EMNLP,2496.0,3.397244581010386,2496.0,1,1
2025.emnlp-main.125,CA,2025,EMNLP,6048.0,3.78161178249315,2496.0,1,2
2025.emnlp-main.1263,CA,2025,EMNLP,112.0,2.0492180226701815,2496.0,0,2
2025.emnlp-main.1277,CA,2025,EMNLP,149.7,2.1752218003430523,2496.0,0,1
2025.emnlp-main.131,CA,2025,EMNLP,1248.0,3.0962145853464054,2496.0,0,2
2025.emnlp-main.1310,CA,2025,EMNLP,756.0,2.8785217955012063,2496.0,0,1
2025.emnlp-main.136,CA,2025,EMNLP,2496.0,3.397244581010386,2496.0,1,2
2025.emnlp-main.1379,CA,2025,EMNLP,1248.0,3.0962145853464054,2496.0,0,2
2025.emnlp-main.140,CA,2025,EMNLP,1307.4,3.1164084806298993,2496.0,0,1
2025.emnlp-main.1426,CA,2025,EMNLP,989.5,2.9954157985424152,2496.0,0,4
2025.emnlp-main.1430,CA,2025,EMNLP,756.0,2.8785217955012063,2496.0,0,3
2025.emnlp-main.1471,CA,2025,EMNLP,2496.0,3.397244581010386,2496.0,1,2
2025.emnlp-main.1505,CA,2025,EMNLP,756.0,2.8785217955012063,2496.0,0,2
2025.emnlp-main.1511,CA,2025,EMNLP,2496.0,3.397244581010386,2496.0,1,2
2025.emnlp-main.1563,CA,2025,EMNLP,1248.0,3.0962145853464054,2496.0,0,4
2025.emnlp-main.1567,CA,2025,EMNLP,112.0,2.0492180226701815,2496.0,0,1
2025.emnlp-main.1596,CA,2025,EMNLP,312.0,2.494154594018443,2496.0,0,3
2025.emnlp-main.1637,CA,2025,EMNLP,624.0,2.795184589682424,2496.0,0,1
2025.emnlp-main.1667,CA,2025,EMNLP,989.5,2.9954157985424152,2496.0,0,2
2025.emnlp-main.1736,CA,2025,EMNLP,238.2,2.3769417571467586,2496.0,0,2
2025.emnlp-main.255,CA,2025,EMNLP,39936.0,4.601364563666311,2496.0,1,3
2025.emnlp-main.368,CA,2025,EMNLP,952.8,2.979001748474721,2496.0,0,1
2025.emnlp-main.37,CA,2025,EMNLP,2496.0,3.397244581010386,2496.0,1,2
2025.emnlp-main.585,CA,2025,EMNLP,119.1,2.0759117614827773,2496.0,0,2
2025.emnlp-main.590,CA,2025,EMNLP,624.0,2.795184589682424,2496.0,0,2
2025.emnlp-main.607,CA,2025,EMNLP,624.0,2.795184589682424,2496.0,0,1
2025.emnlp-main.624,CA,2025,EMNLP,312.0,2.494154594018443,2496.0,0,3
2025.emnlp-main.656,CA,2025,EMNLP,312.0,2.494154594018443,2496.0,0,4
2025.emnlp-main.703,CA,2025,EMNLP,756.0,2.8785217955012063,2496.0,0,2
2025.emnlp-main.72,CA,2025,EMNLP,2496.0,3.397244581010386,2496.0,1,3
2025.emnlp-main.743,CA,2025,EMNLP,448.0,2.651278013998144,2496.0,0,1
2025.emnlp-main.775,CA,2025,EMNLP,312.0,2.494154594018443,2496.0,0,2
2025.emnlp-main.985,CA,2025,EMNLP,1248.0,3.0962145853464054,2496.0,0,4
2025.naacl-long.147,CA,2025,NAACL,112.0,2.0492180226701815,2496.0,0,2
2025.naacl-long.193,CA,2025,NAACL,1197.6,3.078311787334996,2496.0,0,1
2025.naacl-long.305,CA,2025,NAACL,119.1,2.0759117614827773,2496.0,0,2
2025.naacl-long.421,CA,2025,NAACL,756.0,2.8785217955012063,2496.0,0,3
2025.naacl-long.450,CA,2025,NAACL,312.0,2.494154594018443,2496.0,0,2
2025.naacl-long.596,CA,2025,NAACL,1248.0,3.0962145853464054,2496.0,0,1
2025.naacl-long.600,CA,2025,NAACL,724.0,2.859738566197147,2496.0,0,16
2025.acl-long.1206,CH,2025,ACL,119.1,2.0759117614827773,2496.0,0,3
2025.acl-long.1223,CH,2025,ACL,312.0,2.494154594018443,2496.0,0,3
2025.acl-long.1342,CH,2025,ACL,6048.0,3.78161178249315,2496.0,1,4
2025.acl-long.1357,CH,2025,ACL,330.0,2.5185139398778875,2496.0,0,3
2025.acl-long.1374,CH,2025,ACL,312.0,2.494154594018443,2496.0,0,2
2025.acl-long.1450,CH,2025,ACL,672.0,2.8273692730538253,2496.0,0,1
2025.acl-long.1451,CH,2025,ACL,71.0,1.8512583487190752,2496.0,0,6
2025.acl-long.1527,CH,2025,ACL,330.0,2.5185139398778875,2496.0,0,2
2025.acl-long.383,CH,2025,ACL,312.0,2.494154594018443,2496.0,0,2
2025.acl-long.725,CH,2025,ACL,756.0,2.8785217955012063,2496.0,0,2
2025.acl-long.772,CH,2025,ACL,330.0,2.5185139398778875,2496.0,0,3
2025.acl-long.931,CH,2025,ACL,312.0,2.494154594018443,2496.0,0,3
2025.acl-long.961,CH,2025,ACL,624.0,2.795184589682424,2496.0,0,3
2025.emnlp-main.11,CH,2025,EMNLP,989.5,2.9954157985424152,2496.0,0,2
2025.emnlp-main.1149,CH,2025,EMNLP,312.0,2.494154594018443,2496.0,0,2
2025.emnlp-main.1292,CH,2025,EMNLP,2640.0,3.4216039268698313,2496.0,1,2
2025.emnlp-main.1379,CH,2025,EMNLP,1248.0,3.0962145853464054,2496.0,0,2
2025.emnlp-main.1430,CH,2025,EMNLP,756.0,2.8785217955012063,2496.0,0,3
2025.emnlp-main.1434,CH,2025,EMNLP,312.0,2.494154594018443,2496.0,0,2
2025.emnlp-main.1471,CH,2025,EMNLP,2496.0,3.397244581010386,2496.0,1,2
2025.emnlp-main.1490,CH,2025,EMNLP,756.0,2.8785217955012063,2496.0,0,1
2025.emnlp-main.15,CH,2025,EMNLP,1248.0,3.0962145853464054,2496.0,0,2
2025.emnlp-main.1517,CH,2025,EMNLP,3024.0,3.480581786829169,2496.0,1,5
2025.emnlp-main.1563,CH,2025,EMNLP,1248.0,3.0962145853464054,2496.0,0,4
2025.emnlp-main.1635,CH,2025,EMNLP,2496.0,3.397244581010386,2496.0,1,4
2025.emnlp-main.1807,CH,2025,EMNLP,756.0,2.8785217955012063,2496.0,0,3
2025.emnlp-main.1809,CH,2025,EMNLP,728.48,2.8624176329641147,2496.0,0,5
2025.emnlp-main.21,CH,2025,EMNLP,7916.0,3.8985057855343586,2496.0,1,2
2025.emnlp-main.3,CH,2025,EMNLP,357.3,2.55303301620244,2496.0,0,2
2025.emnlp-main.411,CH,2025,EMNLP,330.0,2.5185139398778875,2496.0,0,1
2025.emnlp-main.414,CH,2025,EMNLP,7916.0,3.8985057855343586,2496.0,1,2
2025.emnlp-main.434,CH,2025,EMNLP,312.0,2.494154594018443,2496.0,0,3
2025.emnlp-main.539,CH,2025,EMNLP,330.0,2.5185139398778875,2496.0,0,1
2025.emnlp-main.547,CH,2025,EMNLP,3024.0,3.480581786829169,2496.0,1,1
2025.emnlp-main.592,CH,2025,EMNLP,320.0,2.505149978319906,2496.0,0,2
2025.emnlp-main.822,CH,2025,EMNLP,312.0,2.494154594018443,2496.0,0,2
2025.emnlp-main.837,CH,2025,EMNLP,312.0,2.494154594018443,2496.0,0,3
2025.emnlp-main.863,CH,2025,EMNLP,660.0,2.8195439355418688,2496.0,0,2
2025.emnlp-main.926,CH,2025,EMNLP,6.691,0.8254910298794309,2496.0,0,1
2025.naacl-long.271,CH,2025,NAACL,1248.0,3.0962145853464054,2496.0,0,2
2025.naacl-long.288,CH,2025,NAACL,1248.0,3.0962145853464054,2496.0,0,3
2025.naacl-long.312,CH,2025,NAACL,952.8,2.979001748474721,2496.0,0,4
2025.naacl-long.343,CH,2025,NAACL,222.2,2.346744054604849,2496.0,0,2
2025.naacl-long.363,CH,2025,NAACL,238.2,2.3769417571467586,2496.0,0,3
2025.naacl-long.371,CH,2025,NAACL,624.0,2.795184589682424,2496.0,0,2
2025.naacl-long.374,CH,2025,NAACL,624.0,2.795184589682424,2496.0,0,1
2025.naacl-long.495,CH,2025,NAACL,71.0,1.8512583487190752,2496.0,0,2
2025.naacl-long.518,CH,2025,NAACL,312.0,2.494154594018443,2496.0,0,1
2025.naacl-long.557,CH,2025,NAACL,476.4,2.67797175281074,2496.0,0,2
2025.acl-long.10,CN,2025,ACL,71.0,1.8512583487190752,2496.0,0,2
2025.acl-long.100,CN,2025,ACL,606208.0,5.782621663362732,2496.0,1,2
2025.acl-long.1021,CN,2025,ACL,2496.0,3.397244581010386,2496.0,1,3
2025.acl-long.1024,CN,2025,ACL,2496.0,3.397244581010386,2496.0,1,3
2025.acl-long.1025,CN,2025,ACL,1248.0,3.0962145853464054,2496.0,0,2
2025.acl-long.1031,CN,2025,ACL,2496.0,3.397244581010386,2496.0,1,1
2025.acl-long.1035,CN,2025,ACL,1248.0,3.0962145853464054,2496.0,0,2
2025.acl-long.1038,CN,2025,ACL,119.1,2.0759117614827773,2496.0,0,3
2025.acl-long.1040,CN,2025,ACL,2496.0,3.397244581010386,2496.0,1,1
2025.acl-long.1046,CN,2025,ACL,952.8,2.979001748474721,2496.0,0,1
2025.acl-long.1048,CN,2025,ACL,357.3,2.55303301620244,2496.0,0,2
2025.acl-long.1049,CN,2025,ACL,1248.0,3.0962145853464054,2496.0,0,1
2025.acl-long.105,CN,2025,ACL,2496.0,3.397244581010386,2496.0,1,2
2025.acl-long.1050,CN,2025,ACL,112.0,2.0492180226701815,2496.0,0,1
2025.acl-long.1051,CN,2025,ACL,238.2,2.3769417571467586,2496.0,0,1
2025.acl-long.1054,CN,2025,ACL,119.1,2.0759117614827773,2496.0,0,2
2025.acl-long.1063,CN,2025,ACL,284.0,2.4533183400470375,2496.0,0,3
2025.acl-long.1064,CN,2025,ACL,312.0,2.494154594018443,2496.0,0,1
2025.acl-long.1065,CN,2025,ACL,39936.0,4.601364563666311,2496.0,1,2
2025.acl-long.1073,CN,2025,ACL,312.0,2.494154594018443,2496.0,0,1
2025.acl-long.1075,CN,2025,ACL,149.7,2.1752218003430523,2496.0,0,1
2025.acl-long.1077,CN,2025,ACL,112.0,2.0492180226701815,2496.0,0,1
2025.acl-long.1081,CN,2025,ACL,592.0,2.77232170672292,2496.0,0,2
2025.acl-long.1082,CN,2025,ACL,2496.0,3.397244581010386,2496.0,1,2
2025.acl-long.1084,CN,2025,ACL,624.0,2.795184589682424,2496.0,0,2
2025.acl-long.1088,CN,2025,ACL,1248.0,3.0962145853464054,2496.0,0,1
2025.acl-long.109,CN,2025,ACL,147.0,2.167317334748176,2496.0,0,1
2025.acl-long.1090,CN,2025,ACL,1248.0,3.0962145853464054,2496.0,0,2
2025.acl-long.1091,CN,2025,ACL,2496.0,3.397244581010386,2496.0,1,1
2025.acl-long.1092,CN,2025,ACL,1448.0,3.1607685618611283,2496.0,0,2
2025.acl-long.1095,CN,2025,ACL,2496.0,3.397244581010386,2496.0,1,1
2025.acl-long.1096,CN,2025,ACL,312.0,2.494154594018443,2496.0,0,4
2025.acl-long.1097,CN,2025,ACL,4992.0,3.6982745766743674,2496.0,1,3
2025.acl-long.11,CN,2025,ACL,213.0,2.3283796034387376,2496.0,0,1
2025.acl-long.110,CN,2025,ACL,311.8,2.4938761108528227,2496.0,0,1
2025.acl-long.1102,CN,2025,ACL,2496.0,3.397244581010386,2496.0,1,1
2025.acl-long.1103,CN,2025,ACL,2496.0,3.397244581010386,2496.0,1,1
2025.acl-long.1109,CN,2025,ACL,1248.0,3.0962145853464054,2496.0,0,1
2025.acl-long.1121,CN,2025,ACL,896.0,2.9523080096621253,2496.0,0,1
2025.acl-long.1123,CN,2025,ACL,79872.0,4.9023945593302924,2496.0,1,1
2025.acl-long.1124,CN,2025,ACL,312.0,2.494154594018443,2496.0,0,2
2025.acl-long.1126,CN,2025,ACL,2496.0,3.397244581010386,2496.0,1,2
2025.acl-long.1127,CN,2025,ACL,2496.0,3.397244581010386,2496.0,1,1
2025.acl-long.1129,CN,2025,ACL,312.0,2.494154594018443,2496.0,0,1
2025.acl-long.1132,CN,2025,ACL,312.0,2.494154594018443,2496.0,0,1
2025.acl-long.1133,CN,2025,ACL,19968.0,4.30033456800233,2496.0,1,1
2025.acl-long.1135,CN,2025,ACL,2496.0,3.397244581010386,2496.0,1,2
2025.acl-long.1142,CN,2025,ACL,568.0,2.754348335711019,2496.0,0,2
2025.acl-long.1146,CN,2025,ACL,2496.0,3.397244581010386,2496.0,1,1
2025.acl-long.1148,CN,2025,ACL,896.0,2.9523080096621253,2496.0,0,1
2025.acl-long.1149,CN,2025,ACL,2496.0,3.397244581010386,2496.0,1,3
2025.acl-long.1153,CN,2025,ACL,2496.0,3.397244581010386,2496.0,1,1
2025.acl-long.1157,CN,2025,ACL,311.8,2.4938761108528227,2496.0,0,1
2025.acl-long.1158,CN,2025,ACL,312.0,2.494154594018443,2496.0,0,1
2025.acl-long.116,CN,2025,ACL,2496.0,3.397244581010386,2496.0,1,3
2025.acl-long.1161,CN,2025,ACL,330.0,2.5185139398778875,2496.0,0,1
2025.acl-long.1162,CN,2025,ACL,623.6,2.794906106516804,2496.0,0,2
2025.acl-long.1165,CN,2025,ACL,2496.0,3.397244581010386,2496.0,1,1
2025.acl-long.1166,CN,2025,ACL,2496.0,3.397244581010386,2496.0,1,1
2025.acl-long.1169,CN,2025,ACL,1248.0,3.0962145853464054,2496.0,0,1
2025.acl-long.1170,CN,2025,ACL,311.8,2.4938761108528227,2496.0,0,2
2025.acl-long.1174,CN,2025,ACL,39936.0,4.601364563666311,2496.0,1,2
2025.acl-long.1175,CN,2025,ACL,2496.0,3.397244581010386,2496.0,1,1
2025.acl-long.1176,CN,2025,ACL,2496.0,3.397244581010386,2496.0,1,2
2025.acl-long.1182,CN,2025,ACL,1320.0,3.12057393120585,2496.0,0,3
2025.acl-long.1183,CN,2025,ACL,2494.4,3.3969660978447664,2496.0,0,1
2025.acl-long.1189,CN,2025,ACL,312.0,2.494154594018443,2496.0,0,1
2025.acl-long.1191,CN,2025,ACL,142.0,2.1522883443830563,2496.0,0,1
2025.acl-long.1196,CN,2025,ACL,312.0,2.494154594018443,2496.0,0,2
2025.acl-long.1198,CN,2025,ACL,312.0,2.494154594018443,2496.0,0,1
2025.acl-long.1199,CN,2025,ACL,2496.0,3.397244581010386,2496.0,1,1
2025.acl-long.12,CN,2025,ACL,2496.0,3.397244581010386,2496.0,1,2
2025.acl-long.1202,CN,2025,ACL,2496.0,3.397244581010386,2496.0,1,1
2025.acl-long.1203,CN,2025,ACL,312.0,2.494154594018443,2496.0,0,1
2025.acl-long.1212,CN,2025,ACL,1247.2,3.095936102180785,2496.0,0,1
2025.acl-long.1229,CN,2025,ACL,1248.0,3.0962145853464054,2496.0,0,2
2025.acl-long.1231,CN,2025,ACL,238.2,2.3769417571467586,2496.0,0,2
2025.acl-long.1235,CN,2025,ACL,660.0,2.8195439355418688,2496.0,0,2
2025.acl-long.1236,CN,2025,ACL,312.0,2.494154594018443,2496.0,0,1
2025.acl-long.1239,CN,2025,ACL,448.0,2.651278013998144,2496.0,0,1
2025.acl-long.1240,CN,2025,ACL,311.8,2.4938761108528227,2496.0,0,3
2025.acl-long.1242,CN,2025,ACL,2494.4,3.3969660978447664,2496.0,0,1
2025.acl-long.1270,CN,2025,ACL,9984.0,3.9993045723383487,2496.0,1,1
2025.acl-long.1273,CN,2025,ACL,110.0,2.041392685158225,2496.0,0,1
2025.acl-long.1276,CN,2025,ACL,2496.0,3.397244581010386,2496.0,1,2
2025.acl-long.1282,CN,2025,ACL,2496.0,3.397244581010386,2496.0,1,2
2025.acl-long.1286,CN,2025,ACL,448.0,2.651278013998144,2496.0,0,1
2025.acl-long.1289,CN,2025,ACL,1248.0,3.0962145853464054,2496.0,0,1
2025.acl-long.1297,CN,2025,ACL,2496.0,3.397244581010386,2496.0,1,1
2025.acl-long.1299,CN,2025,ACL,71.0,1.8512583487190752,2496.0,0,1
2025.acl-long.1300,CN,2025,ACL,2640.0,3.4216039268698313,2496.0,1,1
2025.acl-long.1305,CN,2025,ACL,1248.0,3.0962145853464054,2496.0,0,2
2025.acl-long.1310,CN,2025,ACL,9977.6,3.999026089172729,2496.0,1,1
2025.acl-long.1312,CN,2025,ACL,284.0,2.4533183400470375,2496.0,0,2
2025.acl-long.1314,CN,2025,ACL,2496.0,3.397244581010386,2496.0,1,2
2025.acl-long.1316,CN,2025,ACL,19968.0,4.30033456800233,2496.0,1,1
2025.acl-long.1317,CN,2025,ACL,238.2,2.3769417571467586,2496.0,0,2
2025.acl-long.132,CN,2025,ACL,624.0,2.795184589682424,2496.0,0,3
2025.acl-long.1324,CN,2025,ACL,2496.0,3.397244581010386,2496.0,1,1
2025.acl-long.1326,CN,2025,ACL,312.0,2.494154594018443,2496.0,0,1
2025.acl-long.1327,CN,2025,ACL,2496.0,3.397244581010386,2496.0,1,1
2025.acl-long.1328,CN,2025,ACL,312.0,2.494154594018443,2496.0,0,2
2025.acl-long.1331,CN,2025,ACL,112.0,2.0492180226701815,2496.0,0,1
2025.acl-long.1332,CN,2025,ACL,2496.0,3.397244581010386,2496.0,1,1
2025.acl-long.1335,CN,2025,ACL,2496.0,3.397244581010386,2496.0,1,1
2025.acl-long.1336,CN,2025,ACL,2496.0,3.397244581010386,2496.0,1,1
2025.acl-long.1339,CN,2025,ACL,2496.0,3.397244581010386,2496.0,1,1
2025.acl-long.1341,CN,2025,ACL,9984.0,3.9993045723383487,2496.0,1,1
2025.acl-long.1346,CN,2025,ACL,2496.0,3.397244581010386,2496.0,1,1
2025.acl-long.1347,CN,2025,ACL,2496.0,3.397244581010386,2496.0,1,1
2025.acl-long.1348,CN,2025,ACL,330.0,2.5185139398778875,2496.0,0,1
2025.acl-long.135,CN,2025,ACL,896.0,2.9523080096621253,2496.0,0,1
2025.acl-long.1350,CN,2025,ACL,2640.0,3.4216039268698313,2496.0,1,1
2025.acl-long.1352,CN,2025,ACL,2496.0,3.397244581010386,2496.0,1,1
2025.acl-long.1355,CN,2025,ACL,2496.0,3.397244581010386,2496.0,1,1
2025.acl-long.1360,CN,2025,ACL,2496.0,3.397244581010386,2496.0,1,1
2025.acl-long.1368,CN,2025,ACL,312.0,2.494154594018443,2496.0,0,2
2025.acl-long.1369,CN,2025,ACL,2496.0,3.397244581010386,2496.0,1,1
2025.acl-long.137,CN,2025,ACL,2496.0,3.397244581010386,2496.0,1,3
2025.acl-long.1372,CN,2025,ACL,312.0,2.494154594018443,2496.0,0,1
2025.acl-long.1373,CN,2025,ACL,130.0,2.113943352306837,2496.0,0,1
2025.acl-long.1375,CN,2025,ACL,2496.0,3.397244581010386,2496.0,1,2
2025.acl-long.1376,CN,2025,ACL,989.0,2.9951962915971793,2496.0,0,2
2025.acl-long.1379,CN,2025,ACL,660.0,2.8195439355418688,2496.0,0,1
2025.acl-long.138,CN,2025,ACL,2496.0,3.397244581010386,2496.0,1,2
2025.acl-long.1380,CN,2025,ACL,71.0,1.8512583487190752,2496.0,0,1
2025.acl-long.1385,CN,2025,ACL,112.0,2.0492180226701815,2496.0,0,2
2025.acl-long.1387,CN,2025,ACL,2494.4,3.3969660978447664,2496.0,0,1
2025.acl-long.1389,CN,2025,ACL,2496.0,3.397244581010386,2496.0,1,1
2025.acl-long.139,CN,2025,ACL,222.2,2.346744054604849,2496.0,0,2
2025.acl-long.1391,CN,2025,ACL,2496.0,3.397244581010386,2496.0,1,2
2025.acl-long.1394,CN,2025,ACL,6048.0,3.78161178249315,2496.0,1,2
2025.acl-long.14,CN,2025,ACL,2496.0,3.397244581010386,2496.0,1,2
2025.acl-long.1401,CN,2025,ACL,2496.0,3.397244581010386,2496.0,1,2
2025.acl-long.1402,CN,2025,ACL,2494.4,3.3969660978447664,2496.0,0,1
2025.acl-long.1403,CN,2025,ACL,9984.0,3.9993045723383487,2496.0,1,1
2025.acl-long.1407,CN,2025,ACL,312.0,2.494154594018443,2496.0,0,1
2025.acl-long.1408,CN,2025,ACL,2496.0,3.397244581010386,2496.0,1,1
2025.acl-long.1413,CN,2025,ACL,330.0,2.5185139398778875,2496.0,0,1
2025.acl-long.1414,CN,2025,ACL,2496.0,3.397244581010386,2496.0,1,1
2025.acl-long.1420,CN,2025,ACL,6048.0,3.78161178249315,2496.0,1,2
2025.acl-long.1421,CN,2025,ACL,312.0,2.494154594018443,2496.0,0,1
2025.acl-long.1425,CN,2025,ACL,2496.0,3.397244581010386,2496.0,1,1
2025.acl-long.1426,CN,2025,ACL,756.0,2.8785217955012063,2496.0,0,2
2025.acl-long.1437,CN,2025,ACL,312.0,2.494154594018443,2496.0,0,4
2025.acl-long.1441,CN,2025,ACL,19968.0,4.30033456800233,2496.0,1,1
2025.acl-long.1443,CN,2025,ACL,284.0,2.4533183400470375,2496.0,0,1
2025.acl-long.1455,CN,2025,ACL,1320.0,3.12057393120585,2496.0,0,2
2025.acl-long.147,CN,2025,ACL,119.1,2.0759117614827773,2496.0,0,2
2025.acl-long.1472,CN,2025,ACL,1248.0,3.0962145853464054,2496.0,0,1
2025.acl-long.1475,CN,2025,ACL,2496.0,3.397244581010386,2496.0,1,2
2025.acl-long.1478,CN,2025,ACL,2496.0,3.397244581010386,2496.0,1,1
2025.acl-long.1479,CN,2025,ACL,2496.0,3.397244581010386,2496.0,1,1
2025.acl-long.148,CN,2025,ACL,1248.0,3.0962145853464054,2496.0,0,2
2025.acl-long.1482,CN,2025,ACL,1248.0,3.0962145853464054,2496.0,0,1
2025.acl-long.1483,CN,2025,ACL,312.0,2.494154594018443,2496.0,0,2
2025.acl-long.1485,CN,2025,ACL,2496.0,3.397244581010386,2496.0,1,2
2025.acl-long.1491,CN,2025,ACL,2494.4,3.3969660978447664,2496.0,0,4
2025.acl-long.1492,CN,2025,ACL,112.0,2.0492180226701815,2496.0,0,2
2025.acl-long.1494,CN,2025,ACL,160.0,2.2041199826559246,2496.0,0,2
2025.acl-long.1495,CN,2025,ACL,624.0,2.795184589682424,2496.0,0,1
2025.acl-long.1496,CN,2025,ACL,2496.0,3.397244581010386,2496.0,1,2
2025.acl-long.1499,CN,2025,ACL,990.0,2.99563519459755,2496.0,0,1
2025.acl-long.150,CN,2025,ACL,6048.0,3.78161178249315,2496.0,1,1
2025.acl-long.1500,CN,2025,ACL,2496.0,3.397244581010386,2496.0,1,1
2025.acl-long.1501,CN,2025,ACL,756.0,2.8785217955012063,2496.0,0,1
2025.acl-long.1514,CN,2025,ACL,312.0,2.494154594018443,2496.0,0,1
2025.acl-long.1516,CN,2025,ACL,2496.0,3.397244581010386,2496.0,1,1
2025.acl-long.1521,CN,2025,ACL,112.0,2.0492180226701815,2496.0,0,2
2025.acl-long.1524,CN,2025,ACL,71.0,1.8512583487190752,2496.0,0,2
2025.acl-long.1525,CN,2025,ACL,2496.0,3.397244581010386,2496.0,1,3
2025.acl-long.1530,CN,2025,ACL,6048.0,3.78161178249315,2496.0,1,1
2025.acl-long.1532,CN,2025,ACL,119.1,2.0759117614827773,2496.0,0,2
2025.acl-long.1535,CN,2025,ACL,71.0,1.8512583487190752,2496.0,0,2
2025.acl-long.1539,CN,2025,ACL,4992.0,3.6982745766743674,2496.0,1,2
2025.acl-long.1541,CN,2025,ACL,312.0,2.494154594018443,2496.0,0,2
2025.acl-long.1543,CN,2025,ACL,6048.0,3.78161178249315,2496.0,1,2
2025.acl-long.1544,CN,2025,ACL,2494.4,3.3969660978447664,2496.0,0,1
2025.acl-long.155,CN,2025,ACL,1248.0,3.0962145853464054,2496.0,0,2
2025.acl-long.1558,CN,2025,ACL,357.3,2.55303301620244,2496.0,0,1
2025.acl-long.1565,CN,2025,ACL,2496.0,3.397244581010386,2496.0,1,2
2025.acl-long.1570,CN,2025,ACL,119.1,2.0759117614827773,2496.0,0,2
2025.acl-long.1573,CN,2025,ACL,1248.0,3.0962145853464054,2496.0,0,3
2025.acl-long.1578,CN,2025,ACL,21504.0,4.332519251373731,2496.0,1,1
2025.acl-long.158,CN,2025,ACL,2496.0,3.397244581010386,2496.0,1,2
2025.acl-long.1580,CN,2025,ACL,624.0,2.795184589682424,2496.0,0,2
2025.acl-long.1583,CN,2025,ACL,6048.0,3.78161178249315,2496.0,1,2
2025.acl-long.1591,CN,2025,ACL,387072.0,5.587791756477038,2496.0,1,1
2025.acl-long.1592,CN,2025,ACL,2496.0,3.397244581010386,2496.0,1,3
2025.acl-long.1595,CN,2025,ACL,94.0,1.9731278535996986,2496.0,0,1
2025.acl-long.1597,CN,2025,ACL,119.5,2.0773679052841563,2496.0,0,1
2025.acl-long.1603,CN,2025,ACL,8316.0,3.9199144806594317,2496.0,1,1
2025.acl-long.163,CN,2025,ACL,7912.0,3.898286278589123,2496.0,1,1
2025.acl-long.164,CN,2025,ACL,312.0,2.494154594018443,2496.0,0,1
2025.acl-long.17,CN,2025,ACL,624.0,2.795184589682424,2496.0,0,2
2025.acl-long.172,CN,2025,ACL,2496.0,3.397244581010386,2496.0,1,2
2025.acl-long.173,CN,2025,ACL,426.0,2.629409599102719,2496.0,0,2
2025.acl-long.176,CN,2025,ACL,312.0,2.494154594018443,2496.0,0,1
2025.acl-long.178,CN,2025,ACL,312.0,2.494154594018443,2496.0,0,1
2025.acl-long.179,CN,2025,ACL,2494.4,3.3969660978447664,2496.0,0,1
2025.acl-long.181,CN,2025,ACL,989.0,2.9951962915971793,2496.0,0,1
2025.acl-long.182,CN,2025,ACL,624.0,2.795184589682424,2496.0,0,1
2025.acl-long.185,CN,2025,ACL,119.1,2.0759117614827773,2496.0,0,1
2025.acl-long.186,CN,2025,ACL,2000.0,3.3010299956639813,2496.0,0,2
2025.acl-long.187,CN,2025,ACL,31648.0,4.5003462699170855,2496.0,1,1
2025.acl-long.192,CN,2025,ACL,936.0,2.971275848738105,2496.0,0,1
2025.acl-long.194,CN,2025,ACL,3024.0,3.480581786829169,2496.0,1,1
2025.acl-long.196,CN,2025,ACL,2496.0,3.397244581010386,2496.0,1,2
2025.acl-long.198,CN,2025,ACL,312.0,2.494154594018443,2496.0,0,1
2025.acl-long.200,CN,2025,ACL,2496.0,3.397244581010386,2496.0,1,1
2025.acl-long.203,CN,2025,ACL,1248.0,3.0962145853464054,2496.0,0,1
2025.acl-long.206,CN,2025,ACL,12096.0,4.082641778157131,2496.0,1,1
2025.acl-long.208,CN,2025,ACL,952.8,2.979001748474721,2496.0,0,1
2025.acl-long.21,CN,2025,ACL,1248.0,3.0962145853464054,2496.0,0,1
2025.acl-long.211,CN,2025,ACL,2496.0,3.397244581010386,2496.0,1,1
2025.acl-long.212,CN,2025,ACL,7916.0,3.8985057855343586,2496.0,1,1
2025.acl-long.214,CN,2025,ACL,2496.0,3.397244581010386,2496.0,1,1
2025.acl-long.216,CN,2025,ACL,1248.0,3.0962145853464054,2496.0,0,1
2025.acl-long.218,CN,2025,ACL,311.8,2.4938761108528227,2496.0,0,1
2025.acl-long.220,CN,2025,ACL,2496.0,3.397244581010386,2496.0,1,1
2025.acl-long.222,CN,2025,ACL,4992.0,3.6982745766743674,2496.0,1,1
2025.acl-long.225,CN,2025,ACL,623.6,2.794906106516804,2496.0,0,2
2025.acl-long.227,CN,2025,ACL,2494.4,3.3969660978447664,2496.0,0,1
2025.acl-long.230,CN,2025,ACL,2496.0,3.397244581010386,2496.0,1,1
2025.acl-long.231,CN,2025,ACL,312.0,2.494154594018443,2496.0,0,1
2025.acl-long.237,CN,2025,ACL,2496.0,3.397244581010386,2496.0,1,2
2025.acl-long.239,CN,2025,ACL,1248.0,3.0962145853464054,2496.0,0,2
2025.acl-long.24,CN,2025,ACL,1777.6,3.2498340415967926,2496.0,0,1
2025.acl-long.240,CN,2025,ACL,330.0,2.5185139398778875,2496.0,0,1
2025.acl-long.244,CN,2025,ACL,1044.0,3.0187004986662433,2496.0,0,1
2025.acl-long.245,CN,2025,ACL,312.0,2.494154594018443,2496.0,0,1
2025.acl-long.246,CN,2025,ACL,2496.0,3.397244581010386,2496.0,1,2
2025.acl-long.250,CN,2025,ACL,624.0,2.795184589682424,2496.0,0,1
2025.acl-long.255,CN,2025,ACL,312.0,2.494154594018443,2496.0,0,2
2025.acl-long.257,CN,2025,ACL,9472.0,3.9764416893788446,2496.0,1,2
2025.acl-long.258,CN,2025,ACL,624.0,2.795184589682424,2496.0,0,1
2025.acl-long.261,CN,2025,ACL,1248.0,3.0962145853464054,2496.0,0,1
2025.acl-long.268,CN,2025,ACL,17460.8,4.242064137859023,2496.0,1,2
2025.acl-long.273,CN,2025,ACL,312.0,2.494154594018443,2496.0,0,1
2025.acl-long.274,CN,2025,ACL,1248.0,3.0962145853464054,2496.0,0,1
2025.acl-long.277,CN,2025,ACL,2496.0,3.397244581010386,2496.0,1,3
2025.acl-long.278,CN,2025,ACL,592.0,2.77232170672292,2496.0,0,1
2025.acl-long.28,CN,2025,ACL,989.0,2.9951962915971793,2496.0,0,1
2025.acl-long.282,CN,2025,ACL,362.0,2.558708570533166,2496.0,0,1
2025.acl-long.283,CN,2025,ACL,1248.0,3.0962145853464054,2496.0,0,1
2025.acl-long.285,CN,2025,ACL,9984.0,3.9993045723383487,2496.0,1,1
2025.acl-long.287,CN,2025,ACL,7912.0,3.898286278589123,2496.0,1,3
2025.acl-long.290,CN,2025,ACL,312.0,2.494154594018443,2496.0,0,3
2025.acl-long.291,CN,2025,ACL,9984.0,3.9993045723383487,2496.0,1,1
2025.acl-long.297,CN,2025,ACL,2496.0,3.397244581010386,2496.0,1,2
2025.acl-long.299,CN,2025,ACL,1248.0,3.0962145853464054,2496.0,0,1
2025.acl-long.301,CN,2025,ACL,2496.0,3.397244581010386,2496.0,1,1
2025.acl-long.308,CN,2025,ACL,952.8,2.979001748474721,2496.0,0,2
2025.acl-long.31,CN,2025,ACL,624.0,2.795184589682424,2496.0,0,1
2025.acl-long.312,CN,2025,ACL,660.0,2.8195439355418688,2496.0,0,2
2025.acl-long.313,CN,2025,ACL,7915.2,3.898461893020106,2496.0,1,2
2025.acl-long.314,CN,2025,ACL,2496.0,3.397244581010386,2496.0,1,2
2025.acl-long.315,CN,2025,ACL,2496.0,3.397244581010386,2496.0,1,1
2025.acl-long.321,CN,2025,ACL,1247.2,3.095936102180785,2496.0,0,2
2025.acl-long.323,CN,2025,ACL,2496.0,3.397244581010386,2496.0,1,2
2025.acl-long.325,CN,2025,ACL,89.0,1.9493900066449128,2496.0,0,1
2025.acl-long.327,CN,2025,ACL,9977.6,3.999026089172729,2496.0,1,1
2025.acl-long.331,CN,2025,ACL,1248.0,3.0962145853464054,2496.0,0,1
2025.acl-long.333,CN,2025,ACL,6048.0,3.78161178249315,2496.0,1,2
2025.acl-long.338,CN,2025,ACL,312.0,2.494154594018443,2496.0,0,1
2025.acl-long.343,CN,2025,ACL,2494.4,3.3969660978447664,2496.0,0,1
2025.acl-long.344,CN,2025,ACL,2496.0,3.397244581010386,2496.0,1,4
2025.acl-long.345,CN,2025,ACL,660.0,2.8195439355418688,2496.0,0,2
2025.acl-long.346,CN,2025,ACL,2496.0,3.397244581010386,2496.0,1,1
2025.acl-long.347,CN,2025,ACL,48384.0,4.684701769485094,2496.0,1,1
2025.acl-long.350,CN,2025,ACL,989.0,2.9951962915971793,2496.0,0,1
2025.acl-long.351,CN,2025,ACL,1248.0,3.0962145853464054,2496.0,0,2
2025.acl-long.353,CN,2025,ACL,568.0,2.754348335711019,2496.0,0,2
2025.acl-long.363,CN,2025,ACL,9984.0,3.9993045723383487,2496.0,1,1
2025.acl-long.367,CN,2025,ACL,2496.0,3.397244581010386,2496.0,1,1
2025.acl-long.373,CN,2025,ACL,448.0,2.651278013998144,2496.0,0,1
2025.acl-long.376,CN,2025,ACL,2496.0,3.397244581010386,2496.0,1,1
2025.acl-long.378,CN,2025,ACL,2496.0,3.397244581010386,2496.0,1,2
2025.acl-long.381,CN,2025,ACL,2496.0,3.397244581010386,2496.0,1,2
2025.acl-long.385,CN,2025,ACL,2496.0,3.397244581010386,2496.0,1,3
2025.acl-long.391,CN,2025,ACL,312.0,2.494154594018443,2496.0,0,2
2025.acl-long.4,CN,2025,ACL,1248.0,3.0962145853464054,2496.0,0,3
2025.acl-long.405,CN,2025,ACL,2496.0,3.397244581010386,2496.0,1,1
2025.acl-long.414,CN,2025,ACL,119.1,2.0759117614827773,2496.0,0,1
2025.acl-long.42,CN,2025,ACL,4992.0,3.6982745766743674,2496.0,1,2
2025.acl-long.430,CN,2025,ACL,311.8,2.4938761108528227,2496.0,0,2
2025.acl-long.451,CN,2025,ACL,660.0,2.8195439355418688,2496.0,0,2
2025.acl-long.46,CN,2025,ACL,598.8,2.777281791671015,2496.0,0,1
2025.acl-long.465,CN,2025,ACL,2496.0,3.397244581010386,2496.0,1,1
2025.acl-long.466,CN,2025,ACL,9977.6,3.999026089172729,2496.0,1,2
2025.acl-long.468,CN,2025,ACL,2496.0,3.397244581010386,2496.0,1,1
2025.acl-long.47,CN,2025,ACL,476.4,2.67797175281074,2496.0,0,2
2025.acl-long.473,CN,2025,ACL,71.0,1.8512583487190752,2496.0,0,1
2025.acl-long.475,CN,2025,ACL,624.0,2.795184589682424,2496.0,0,1
2025.acl-long.477,CN,2025,ACL,1320.0,3.12057393120585,2496.0,0,1
2025.acl-long.48,CN,2025,ACL,119.1,2.0759117614827773,2496.0,0,1
2025.acl-long.484,CN,2025,ACL,312.0,2.494154594018443,2496.0,0,1
2025.acl-long.486,CN,2025,ACL,119.1,2.0759117614827773,2496.0,0,1
2025.acl-long.487,CN,2025,ACL,330.0,2.5185139398778875,2496.0,0,1
2025.acl-long.489,CN,2025,ACL,1248.0,3.0962145853464054,2496.0,0,1
2025.acl-long.493,CN,2025,ACL,2496.0,3.397244581010386,2496.0,1,1
2025.acl-long.494,CN,2025,ACL,4992.0,3.6982745766743674,2496.0,1,1
2025.acl-long.497,CN,2025,ACL,2496.0,3.397244581010386,2496.0,1,1
2025.acl-long.498,CN,2025,ACL,312.0,2.494154594018443,2496.0,0,1
2025.acl-long.50,CN,2025,ACL,2496.0,3.397244581010386,2496.0,1,1
2025.acl-long.501,CN,2025,ACL,39936.0,4.601364563666311,2496.0,1,1
2025.acl-long.502,CN,2025,ACL,2496.0,3.397244581010386,2496.0,1,2
2025.acl-long.503,CN,2025,ACL,284.0,2.4533183400470375,2496.0,0,1
2025.acl-long.505,CN,2025,ACL,710.0,2.8512583487190755,2496.0,0,1
2025.acl-long.509,CN,2025,ACL,624.0,2.795184589682424,2496.0,0,1
2025.acl-long.51,CN,2025,ACL,2496.0,3.397244581010386,2496.0,1,2
2025.acl-long.510,CN,2025,ACL,2496.0,3.397244581010386,2496.0,1,1
2025.acl-long.511,CN,2025,ACL,312.0,2.494154594018443,2496.0,0,1
2025.acl-long.512,CN,2025,ACL,330.0,2.5185139398778875,2496.0,0,2
2025.acl-long.513,CN,2025,ACL,2496.0,3.397244581010386,2496.0,1,1
2025.acl-long.515,CN,2025,ACL,119.1,2.0759117614827773,2496.0,0,1
2025.acl-long.516,CN,2025,ACL,710.0,2.8512583487190755,2496.0,0,1
2025.acl-long.517,CN,2025,ACL,48384.0,4.684701769485094,2496.0,1,1
2025.acl-long.518,CN,2025,ACL,1978.0,3.2962262872611605,2496.0,0,2
2025.acl-long.52,CN,2025,ACL,19955.2,4.30005608483671,2496.0,1,1
2025.acl-long.520,CN,2025,ACL,2496.0,3.397244581010386,2496.0,1,1
2025.acl-long.523,CN,2025,ACL,2496.0,3.397244581010386,2496.0,1,1
2025.acl-long.524,CN,2025,ACL,2494.4,3.3969660978447664,2496.0,0,2
2025.acl-long.525,CN,2025,ACL,2496.0,3.397244581010386,2496.0,1,1
2025.acl-long.526,CN,2025,ACL,1197.6,3.078311787334996,2496.0,0,1
2025.acl-long.527,CN,2025,ACL,312.0,2.494154594018443,2496.0,0,1
2025.acl-long.53,CN,2025,ACL,312.0,2.494154594018443,2496.0,0,1
2025.acl-long.531,CN,2025,ACL,148.0,2.1702617153949575,2496.0,0,1
2025.acl-long.533,CN,2025,ACL,9977.6,3.999026089172729,2496.0,1,1
2025.acl-long.534,CN,2025,ACL,2496.0,3.397244581010386,2496.0,1,2
2025.acl-long.535,CN,2025,ACL,660.0,2.8195439355418688,2496.0,0,1
2025.acl-long.536,CN,2025,ACL,312.0,2.494154594018443,2496.0,0,1
2025.acl-long.537,CN,2025,ACL,149.7,2.1752218003430523,2496.0,0,1
2025.acl-long.539,CN,2025,ACL,624.0,2.795184589682424,2496.0,0,1
2025.acl-long.54,CN,2025,ACL,1247.2,3.095936102180785,2496.0,0,3
2025.acl-long.540,CN,2025,ACL,624.0,2.795184589682424,2496.0,0,2
2025.acl-long.541,CN,2025,ACL,119.1,2.0759117614827773,2496.0,0,1
2025.acl-long.544,CN,2025,ACL,1248.0,3.0962145853464054,2496.0,0,2
2025.acl-long.55,CN,2025,ACL,2496.0,3.397244581010386,2496.0,1,1
2025.acl-long.550,CN,2025,ACL,312.0,2.494154594018443,2496.0,0,2
2025.acl-long.551,CN,2025,ACL,7912.0,3.898286278589123,2496.0,1,1
2025.acl-long.552,CN,2025,ACL,1248.0,3.0962145853464054,2496.0,0,1
2025.acl-long.553,CN,2025,ACL,142.0,2.1522883443830563,2496.0,0,2
2025.acl-long.554,CN,2025,ACL,2496.0,3.397244581010386,2496.0,1,2
2025.acl-long.555,CN,2025,ACL,2496.0,3.397244581010386,2496.0,1,1
2025.acl-long.556,CN,2025,ACL,2496.0,3.397244581010386,2496.0,1,1
2025.acl-long.558,CN,2025,ACL,6048.0,3.78161178249315,2496.0,1,1
2025.acl-long.559,CN,2025,ACL,4736.0,3.6754116937148633,2496.0,1,1
2025.acl-long.560,CN,2025,ACL,568.0,2.754348335711019,2496.0,0,1
2025.acl-long.561,CN,2025,ACL,312.0,2.494154594018443,2496.0,0,2
2025.acl-long.565,CN,2025,ACL,284.0,2.4533183400470375,2496.0,0,1
2025.acl-long.566,CN,2025,ACL,2496.0,3.397244581010386,2496.0,1,1
2025.acl-long.568,CN,2025,ACL,71.0,1.8512583487190752,2496.0,0,3
2025.acl-long.569,CN,2025,ACL,756.0,2.8785217955012063,2496.0,0,1
2025.acl-long.57,CN,2025,ACL,2496.0,3.397244581010386,2496.0,1,1
2025.acl-long.570,CN,2025,ACL,624.0,2.795184589682424,2496.0,0,1
2025.acl-long.571,CN,2025,ACL,1248.0,3.0962145853464054,2496.0,0,1
2025.acl-long.572,CN,2025,ACL,12096.0,4.082641778157131,2496.0,1,1
2025.acl-long.576,CN,2025,ACL,3956.0,3.5972562829251418,2496.0,1,1
2025.acl-long.579,CN,2025,ACL,312.0,2.494154594018443,2496.0,0,1
2025.acl-long.58,CN,2025,ACL,1247.2,3.095936102180785,2496.0,0,1
2025.acl-long.580,CN,2025,ACL,2496.0,3.397244581010386,2496.0,1,1
2025.acl-long.581,CN,2025,ACL,1512.0,3.1795517911651876,2496.0,0,3
2025.acl-long.583,CN,2025,ACL,2496.0,3.397244581010386,2496.0,1,1
2025.acl-long.584,CN,2025,ACL,624.0,2.795184589682424,2496.0,0,1
2025.acl-long.585,CN,2025,ACL,239.0,2.3783979009481375,2496.0,0,1
2025.acl-long.586,CN,2025,ACL,2496.0,3.397244581010386,2496.0,1,1
2025.acl-long.587,CN,2025,ACL,2496.0,3.397244581010386,2496.0,1,4
2025.acl-long.588,CN,2025,ACL,330.0,2.5185139398778875,2496.0,0,2
2025.acl-long.591,CN,2025,ACL,1248.0,3.0962145853464054,2496.0,0,1
2025.acl-long.595,CN,2025,ACL,311.8,2.4938761108528227,2496.0,0,1
2025.acl-long.596,CN,2025,ACL,312.0,2.494154594018443,2496.0,0,2
2025.acl-long.597,CN,2025,ACL,311.8,2.4938761108528227,2496.0,0,1
2025.acl-long.598,CN,2025,ACL,6048.0,3.78161178249315,2496.0,1,1
2025.acl-long.6,CN,2025,ACL,476.4,2.67797175281074,2496.0,0,1
2025.acl-long.606,CN,2025,ACL,624.0,2.795184589682424,2496.0,0,1
2025.acl-long.61,CN,2025,ACL,312.0,2.494154594018443,2496.0,0,1
2025.acl-long.610,CN,2025,ACL,1248.0,3.0962145853464054,2496.0,0,2
2025.acl-long.613,CN,2025,ACL,1248.0,3.0962145853464054,2496.0,0,1
2025.acl-long.614,CN,2025,ACL,1320.0,3.12057393120585,2496.0,0,1
2025.acl-long.616,CN,2025,ACL,2496.0,3.397244581010386,2496.0,1,1
2025.acl-long.617,CN,2025,ACL,71.0,1.8512583487190752,2496.0,0,1
2025.acl-long.619,CN,2025,ACL,2496.0,3.397244581010386,2496.0,1,1
2025.acl-long.62,CN,2025,ACL,126592.0,5.102406261245048,2496.0,1,1
2025.acl-long.626,CN,2025,ACL,2496.0,3.397244581010386,2496.0,1,1
2025.acl-long.629,CN,2025,ACL,2496.0,3.397244581010386,2496.0,1,1
2025.acl-long.630,CN,2025,ACL,312.0,2.494154594018443,2496.0,0,1
2025.acl-long.631,CN,2025,ACL,312.0,2.494154594018443,2496.0,0,1
2025.acl-long.632,CN,2025,ACL,476.4,2.67797175281074,2496.0,0,2
2025.acl-long.633,CN,2025,ACL,312.0,2.494154594018443,2496.0,0,1
2025.acl-long.635,CN,2025,ACL,2496.0,3.397244581010386,2496.0,1,1
2025.acl-long.637,CN,2025,ACL,2494.4,3.3969660978447664,2496.0,0,1
2025.acl-long.638,CN,2025,ACL,2496.0,3.397244581010386,2496.0,1,1
2025.acl-long.639,CN,2025,ACL,2496.0,3.397244581010386,2496.0,1,1
2025.acl-long.640,CN,2025,ACL,756.0,2.8785217955012063,2496.0,0,1
2025.acl-long.642,CN,2025,ACL,126592.0,5.102406261245048,2496.0,1,1
2025.acl-long.643,CN,2025,ACL,44.200000000001,1.6454222693491016,2496.0,0,1
2025.acl-long.644,CN,2025,ACL,9984.0,3.9993045723383487,2496.0,1,1
2025.acl-long.645,CN,2025,ACL,112.0,2.0492180226701815,2496.0,0,2
2025.acl-long.647,CN,2025,ACL,312.0,2.494154594018443,2496.0,0,2
2025.acl-long.648,CN,2025,ACL,7912.0,3.898286278589123,2496.0,1,2
2025.acl-long.65,CN,2025,ACL,1792.0,3.2533380053261065,2496.0,0,2
2025.acl-long.651,CN,2025,ACL,724.0,2.859738566197147,2496.0,0,1
2025.acl-long.652,CN,2025,ACL,312.0,2.494154594018443,2496.0,0,2
2025.acl-long.653,CN,2025,ACL,4992.0,3.6982745766743674,2496.0,1,1
2025.acl-long.654,CN,2025,ACL,2496.0,3.397244581010386,2496.0,1,1
2025.acl-long.658,CN,2025,ACL,2496.0,3.397244581010386,2496.0,1,1
2025.acl-long.660,CN,2025,ACL,1320.0,3.12057393120585,2496.0,0,1
2025.acl-long.662,CN,2025,ACL,1248.0,3.0962145853464054,2496.0,0,1
2025.acl-long.663,CN,2025,ACL,624.0,2.795184589682424,2496.0,0,1
2025.acl-long.666,CN,2025,ACL,311.8,2.4938761108528227,2496.0,0,1
2025.acl-long.667,CN,2025,ACL,3024.0,3.480581786829169,2496.0,1,2
2025.acl-long.668,CN,2025,ACL,624.0,2.795184589682424,2496.0,0,1
2025.acl-long.669,CN,2025,ACL,2494.4,3.3969660978447664,2496.0,0,1
2025.acl-long.672,CN,2025,ACL,119.1,2.0759117614827773,2496.0,0,2
2025.acl-long.673,CN,2025,ACL,1320.0,3.12057393120585,2496.0,0,2
2025.acl-long.674,CN,2025,ACL,2494.4,3.3969660978447664,2496.0,0,1
2025.acl-long.676,CN,2025,ACL,4992.0,3.6982745766743674,2496.0,1,1
2025.acl-long.678,CN,2025,ACL,312.0,2.494154594018443,2496.0,0,1
2025.acl-long.679,CN,2025,ACL,568.0,2.754348335711019,2496.0,0,2
2025.acl-long.684,CN,2025,ACL,71.0,1.8512583487190752,2496.0,0,1
2025.acl-long.686,CN,2025,ACL,330.0,2.5185139398778875,2496.0,0,1
2025.acl-long.688,CN,2025,ACL,2496.0,3.397244581010386,2496.0,1,1
2025.acl-long.689,CN,2025,ACL,1184.0,3.073351702386901,2496.0,0,1
2025.acl-long.692,CN,2025,ACL,312.0,2.494154594018443,2496.0,0,2
2025.acl-long.693,CN,2025,ACL,1248.0,3.0962145853464054,2496.0,0,2
2025.acl-long.694,CN,2025,ACL,2496.0,3.397244581010386,2496.0,1,2
2025.acl-long.696,CN,2025,ACL,71.0,1.8512583487190752,2496.0,0,1
2025.acl-long.698,CN,2025,ACL,2496.0,3.397244581010386,2496.0,1,2
2025.acl-long.700,CN,2025,ACL,311.8,2.4938761108528227,2496.0,0,3
2025.acl-long.703,CN,2025,ACL,312.0,2.494154594018443,2496.0,0,1
2025.acl-long.713,CN,2025,ACL,312.0,2.494154594018443,2496.0,0,2
2025.acl-long.714,CN,2025,ACL,1248.0,3.0962145853464054,2496.0,0,1
2025.acl-long.717,CN,2025,ACL,71.0,1.8512583487190752,2496.0,0,1
2025.acl-long.719,CN,2025,ACL,623.6,2.794906106516804,2496.0,0,1
2025.acl-long.721,CN,2025,ACL,956.0,2.9804578922761,2496.0,0,1
2025.acl-long.722,CN,2025,ACL,330.0,2.5185139398778875,2496.0,0,1
2025.acl-long.726,CN,2025,ACL,448.0,2.651278013998144,2496.0,0,1
2025.acl-long.732,CN,2025,ACL,2496.0,3.397244581010386,2496.0,1,1
2025.acl-long.733,CN,2025,ACL,1248.0,3.0962145853464054,2496.0,0,2
2025.acl-long.735,CN,2025,ACL,448.0,2.651278013998144,2496.0,0,1
2025.acl-long.74,CN,2025,ACL,2496.0,3.397244581010386,2496.0,1,2
2025.acl-long.741,CN,2025,ACL,2496.0,3.397244581010386,2496.0,1,1
2025.acl-long.742,CN,2025,ACL,312.0,2.494154594018443,2496.0,0,1
2025.acl-long.743,CN,2025,ACL,71.0,1.8512583487190752,2496.0,0,1
2025.acl-long.747,CN,2025,ACL,1872.0,3.2723058444020863,2496.0,0,1
2025.acl-long.749,CN,2025,ACL,330.0,2.5185139398778875,2496.0,0,3
2025.acl-long.752,CN,2025,ACL,2496.0,3.397244581010386,2496.0,1,1
2025.acl-long.753,CN,2025,ACL,1248.0,3.0962145853464054,2496.0,0,3
2025.acl-long.761,CN,2025,ACL,312.0,2.494154594018443,2496.0,0,2
2025.acl-long.77,CN,2025,ACL,2496.0,3.397244581010386,2496.0,1,1
2025.acl-long.770,CN,2025,ACL,952.8,2.979001748474721,2496.0,0,1
2025.acl-long.771,CN,2025,ACL,4992.0,3.6982745766743674,2496.0,1,1
2025.acl-long.773,CN,2025,ACL,2496.0,3.397244581010386,2496.0,1,1
2025.acl-long.776,CN,2025,ACL,71.0,1.8512583487190752,2496.0,0,1
2025.acl-long.780,CN,2025,ACL,312.0,2.494154594018443,2496.0,0,1
2025.acl-long.781,CN,2025,ACL,71.0,1.8512583487190752,2496.0,0,1
2025.acl-long.784,CN,2025,ACL,48384.0,4.684701769485094,2496.0,1,1
2025.acl-long.785,CN,2025,ACL,624.0,2.795184589682424,2496.0,0,1
2025.acl-long.786,CN,2025,ACL,112.0,2.0492180226701815,2496.0,0,1
2025.acl-long.787,CN,2025,ACL,142.0,2.1522883443830563,2496.0,0,1
2025.acl-long.79,CN,2025,ACL,896.0,2.9523080096621253,2496.0,0,1
2025.acl-long.790,CN,2025,ACL,2496.0,3.397244581010386,2496.0,1,1
2025.acl-long.792,CN,2025,ACL,31648.0,4.5003462699170855,2496.0,1,1
2025.acl-long.794,CN,2025,ACL,2496.0,3.397244581010386,2496.0,1,1
2025.acl-long.799,CN,2025,ACL,476.4,2.67797175281074,2496.0,0,1
2025.acl-long.8,CN,2025,ACL,1248.0,3.0962145853464054,2496.0,0,1
2025.acl-long.804,CN,2025,ACL,312.0,2.494154594018443,2496.0,0,1
2025.acl-long.806,CN,2025,ACL,312.0,2.494154594018443,2496.0,0,4
2025.acl-long.807,CN,2025,ACL,71.0,1.8512583487190752,2496.0,0,1
2025.acl-long.808,CN,2025,ACL,2496.0,3.397244581010386,2496.0,1,1
2025.acl-long.811,CN,2025,ACL,311.8,2.4938761108528227,2496.0,0,2
2025.acl-long.813,CN,2025,ACL,48384.0,4.684701769485094,2496.0,1,3
2025.acl-long.815,CN,2025,ACL,149.7,2.1752218003430523,2496.0,0,2
2025.acl-long.817,CN,2025,ACL,624.0,2.795184589682424,2496.0,0,2
2025.acl-long.819,CN,2025,ACL,2496.0,3.397244581010386,2496.0,1,1
2025.acl-long.825,CN,2025,ACL,312.0,2.494154594018443,2496.0,0,2
2025.acl-long.826,CN,2025,ACL,2496.0,3.397244581010386,2496.0,1,1
2025.acl-long.827,CN,2025,ACL,312.0,2.494154594018443,2496.0,0,1
2025.acl-long.829,CN,2025,ACL,568.0,2.754348335711019,2496.0,0,1
2025.acl-long.833,CN,2025,ACL,1247.2,3.095936102180785,2496.0,0,1
2025.acl-long.835,CN,2025,ACL,125.0,2.0969100130080562,2496.0,0,1
2025.acl-long.837,CN,2025,ACL,1248.0,3.0962145853464054,2496.0,0,4
2025.acl-long.839,CN,2025,ACL,2496.0,3.397244581010386,2496.0,1,1
2025.acl-long.840,CN,2025,ACL,2496.0,3.397244581010386,2496.0,1,1
2025.acl-long.845,CN,2025,ACL,2496.0,3.397244581010386,2496.0,1,2
2025.acl-long.846,CN,2025,ACL,2496.0,3.397244581010386,2496.0,1,1
2025.acl-long.849,CN,2025,ACL,2496.0,3.397244581010386,2496.0,1,1
2025.acl-long.85,CN,2025,ACL,312.0,2.494154594018443,2496.0,0,2
2025.acl-long.851,CN,2025,ACL,312.0,2.494154594018443,2496.0,0,1
2025.acl-long.853,CN,2025,ACL,2496.0,3.397244581010386,2496.0,1,1
2025.acl-long.856,CN,2025,ACL,2494.4,3.3969660978447664,2496.0,0,1
2025.acl-long.862,CN,2025,ACL,312.0,2.494154594018443,2496.0,0,4
2025.acl-long.863,CN,2025,ACL,1247.2,3.095936102180785,2496.0,0,2
2025.acl-long.864,CN,2025,ACL,238.2,2.3769417571467586,2496.0,0,2
2025.acl-long.865,CN,2025,ACL,2496.0,3.397244581010386,2496.0,1,1
2025.acl-long.871,CN,2025,ACL,312.0,2.494154594018443,2496.0,0,1
2025.acl-long.877,CN,2025,ACL,568.0,2.754348335711019,2496.0,0,2
2025.acl-long.878,CN,2025,ACL,2496.0,3.397244581010386,2496.0,1,1
2025.acl-long.880,CN,2025,ACL,710.0,2.8512583487190755,2496.0,0,1
2025.acl-long.881,CN,2025,ACL,6048.0,3.78161178249315,2496.0,1,1
2025.acl-long.888,CN,2025,ACL,2496.0,3.397244581010386,2496.0,1,1
2025.acl-long.889,CN,2025,ACL,312.0,2.494154594018443,2496.0,0,1
2025.acl-long.89,CN,2025,ACL,2496.0,3.397244581010386,2496.0,1,1
2025.acl-long.890,CN,2025,ACL,835.5,2.9219464542294102,2496.0,0,2
2025.acl-long.893,CN,2025,ACL,624.0,2.795184589682424,2496.0,0,1
2025.acl-long.897,CN,2025,ACL,312.0,2.494154594018443,2496.0,0,2
2025.acl-long.899,CN,2025,ACL,312.0,2.494154594018443,2496.0,0,2
2025.acl-long.902,CN,2025,ACL,312.0,2.494154594018443,2496.0,0,2
2025.acl-long.906,CN,2025,ACL,9977.6,3.999026089172729,2496.0,1,1
2025.acl-long.908,CN,2025,ACL,7912.0,3.898286278589123,2496.0,1,1
2025.acl-long.909,CN,2025,ACL,2496.0,3.397244581010386,2496.0,1,1
2025.acl-long.912,CN,2025,ACL,3956.0,3.5972562829251418,2496.0,1,1
2025.acl-long.913,CN,2025,ACL,119.1,2.0759117614827773,2496.0,0,1
2025.acl-long.917,CN,2025,ACL,9977.6,3.999026089172729,2496.0,1,1
2025.acl-long.92,CN,2025,ACL,1248.0,3.0962145853464054,2496.0,0,1
2025.acl-long.920,CN,2025,ACL,660.0,2.8195439355418688,2496.0,0,1
2025.acl-long.924,CN,2025,ACL,119.1,2.0759117614827773,2496.0,0,2
2025.acl-long.926,CN,2025,ACL,2496.0,3.397244581010386,2496.0,1,3
2025.acl-long.928,CN,2025,ACL,2496.0,3.397244581010386,2496.0,1,2
2025.acl-long.933,CN,2025,ACL,2494.4,3.3969660978447664,2496.0,0,1
2025.acl-long.937,CN,2025,ACL,9984.0,3.9993045723383487,2496.0,1,2
2025.acl-long.940,CN,2025,ACL,2494.4,3.3969660978447664,2496.0,0,1
2025.acl-long.943,CN,2025,ACL,311.8,2.4938761108528227,2496.0,0,1
2025.acl-long.944,CN,2025,ACL,299.4,2.4762517960070336,2496.0,0,1
2025.acl-long.945,CN,2025,ACL,2496.0,3.397244581010386,2496.0,1,1
2025.acl-long.946,CN,2025,ACL,312.0,2.494154594018443,2496.0,0,1
2025.acl-long.951,CN,2025,ACL,1248.0,3.0962145853464054,2496.0,0,1
2025.acl-long.952,CN,2025,ACL,311.8,2.4938761108528227,2496.0,0,1
2025.acl-long.959,CN,2025,ACL,2496.0,3.397244581010386,2496.0,1,1
2025.acl-long.960,CN,2025,ACL,2496.0,3.397244581010386,2496.0,1,1
2025.acl-long.967,CN,2025,ACL,1248.0,3.0962145853464054,2496.0,0,1
2025.acl-long.971,CN,2025,ACL,1248.0,3.0962145853464054,2496.0,0,1
2025.acl-long.972,CN,2025,ACL,2496.0,3.397244581010386,2496.0,1,1
2025.acl-long.975,CN,2025,ACL,312.0,2.494154594018443,2496.0,0,1
2025.acl-long.982,CN,2025,ACL,7488.0,3.874365835730049,2496.0,1,2
2025.acl-long.983,CN,2025,ACL,2494.4,3.3969660978447664,2496.0,0,1
2025.acl-long.986,CN,2025,ACL,2494.4,3.3969660978447664,2496.0,0,1
2025.acl-long.997,CN,2025,ACL,19968.0,4.30033456800233,2496.0,1,2
2025.emnlp-main.1002,CN,2025,EMNLP,2496.0,3.397244581010386,2496.0,1,1
2025.emnlp-main.1004,CN,2025,EMNLP,330.0,2.5185139398778875,2496.0,0,1
2025.emnlp-main.1020,CN,2025,EMNLP,1248.0,3.0962145853464054,2496.0,0,1
2025.emnlp-main.1028,CN,2025,EMNLP,2496.0,3.397244581010386,2496.0,1,3
2025.emnlp-main.1045,CN,2025,EMNLP,2496.0,3.397244581010386,2496.0,1,2
2025.emnlp-main.1047,CN,2025,EMNLP,448.0,2.651278013998144,2496.0,0,2
2025.emnlp-main.1048,CN,2025,EMNLP,476.4,2.67797175281074,2496.0,0,1
2025.emnlp-main.105,CN,2025,EMNLP,1248.0,3.0962145853464054,2496.0,0,1
2025.emnlp-main.1050,CN,2025,EMNLP,312.0,2.494154594018443,2496.0,0,1
2025.emnlp-main.1058,CN,2025,EMNLP,119.1,2.0759117614827773,2496.0,0,1
2025.emnlp-main.1059,CN,2025,EMNLP,1248.0,3.0962145853464054,2496.0,0,1
2025.emnlp-main.1061,CN,2025,EMNLP,623.6,2.794906106516804,2496.0,0,2
2025.emnlp-main.1063,CN,2025,EMNLP,312.0,2.494154594018443,2496.0,0,1
2025.emnlp-main.1066,CN,2025,EMNLP,112.0,2.0492180226701815,2496.0,0,1
2025.emnlp-main.1067,CN,2025,EMNLP,1184.0,3.073351702386901,2496.0,0,1
2025.emnlp-main.1068,CN,2025,EMNLP,896.0,2.9523080096621253,2496.0,0,1
2025.emnlp-main.1071,CN,2025,EMNLP,71.0,1.8512583487190752,2496.0,0,3
2025.emnlp-main.1074,CN,2025,EMNLP,312.0,2.494154594018443,2496.0,0,1
2025.emnlp-main.1078,CN,2025,EMNLP,1248.0,3.0962145853464054,2496.0,0,1
2025.emnlp-main.1080,CN,2025,EMNLP,1248.0,3.0962145853464054,2496.0,0,1
2025.emnlp-main.1081,CN,2025,EMNLP,1504.0,3.1772478362556233,2496.0,0,1
2025.emnlp-main.1082,CN,2025,EMNLP,3956.0,3.5972562829251418,2496.0,1,1
2025.emnlp-main.1083,CN,2025,EMNLP,624.0,2.795184589682424,2496.0,0,1
2025.emnlp-main.1084,CN,2025,EMNLP,113.8,2.056142262059052,2496.0,0,1
2025.emnlp-main.1085,CN,2025,EMNLP,1248.0,3.0962145853464054,2496.0,0,2
2025.emnlp-main.1094,CN,2025,EMNLP,238.2,2.3769417571467586,2496.0,0,1
2025.emnlp-main.1096,CN,2025,EMNLP,2496.0,3.397244581010386,2496.0,1,1
2025.emnlp-main.1097,CN,2025,EMNLP,1248.0,3.0962145853464054,2496.0,0,1
2025.emnlp-main.110,CN,2025,EMNLP,2496.0,3.397244581010386,2496.0,1,1
2025.emnlp-main.1106,CN,2025,EMNLP,15824.0,4.199316274253104,2496.0,1,1
2025.emnlp-main.1108,CN,2025,EMNLP,1248.0,3.0962145853464054,2496.0,0,1
2025.emnlp-main.111,CN,2025,EMNLP,312.0,2.494154594018443,2496.0,0,1
2025.emnlp-main.1111,CN,2025,EMNLP,121.0,2.0827853703164503,2496.0,0,2
2025.emnlp-main.1112,CN,2025,EMNLP,148.0,2.1702617153949575,2496.0,0,1
2025.emnlp-main.1114,CN,2025,EMNLP,312.0,2.494154594018443,2496.0,0,1
2025.emnlp-main.1115,CN,2025,EMNLP,31648.0,4.5003462699170855,2496.0,1,3
2025.emnlp-main.1116,CN,2025,EMNLP,3958.0,3.5974757898703773,2496.0,1,3
2025.emnlp-main.1127,CN,2025,EMNLP,1248.0,3.0962145853464054,2496.0,0,2
2025.emnlp-main.1128,CN,2025,EMNLP,2496.0,3.397244581010386,2496.0,1,1
2025.emnlp-main.1129,CN,2025,EMNLP,1248.0,3.0962145853464054,2496.0,0,1
2025.emnlp-main.1136,CN,2025,EMNLP,2494.4,3.3969660978447664,2496.0,0,1
2025.emnlp-main.114,CN,2025,EMNLP,2496.0,3.397244581010386,2496.0,1,1
2025.emnlp-main.1141,CN,2025,EMNLP,4992.0,3.6982745766743674,2496.0,1,1
2025.emnlp-main.115,CN,2025,EMNLP,2496.0,3.397244581010386,2496.0,1,1
2025.emnlp-main.1154,CN,2025,EMNLP,1247.2,3.095936102180785,2496.0,0,1
2025.emnlp-main.1157,CN,2025,EMNLP,312.0,2.494154594018443,2496.0,0,1
2025.emnlp-main.1161,CN,2025,EMNLP,7912.0,3.898286278589123,2496.0,1,1
2025.emnlp-main.1166,CN,2025,EMNLP,1248.0,3.0962145853464054,2496.0,0,3
2025.emnlp-main.1167,CN,2025,EMNLP,1248.0,3.0962145853464054,2496.0,0,1
2025.emnlp-main.1179,CN,2025,EMNLP,296.0,2.4712917110589387,2496.0,0,1
2025.emnlp-main.1185,CN,2025,EMNLP,568.0,2.754348335711019,2496.0,0,1
2025.emnlp-main.1187,CN,2025,EMNLP,311.8,2.4938761108528227,2496.0,0,1
2025.emnlp-main.1209,CN,2025,EMNLP,2496.0,3.397244581010386,2496.0,1,1
2025.emnlp-main.1211,CN,2025,EMNLP,476.4,2.67797175281074,2496.0,0,1
2025.emnlp-main.1220,CN,2025,EMNLP,2496.0,3.397244581010386,2496.0,1,1
2025.emnlp-main.1222,CN,2025,EMNLP,71.0,1.8512583487190752,2496.0,0,1
2025.emnlp-main.1229,CN,2025,EMNLP,311.8,2.4938761108528227,2496.0,0,2
2025.emnlp-main.1245,CN,2025,EMNLP,2496.0,3.397244581010386,2496.0,1,2
2025.emnlp-main.1246,CN,2025,EMNLP,312.0,2.494154594018443,2496.0,0,1
2025.emnlp-main.1248,CN,2025,EMNLP,312.0,2.494154594018443,2496.0,0,2
2025.emnlp-main.125,CN,2025,EMNLP,6048.0,3.78161178249315,2496.0,1,2
2025.emnlp-main.1252,CN,2025,EMNLP,756.0,2.8785217955012063,2496.0,0,2
2025.emnlp-main.1263,CN,2025,EMNLP,112.0,2.0492180226701815,2496.0,0,2
2025.emnlp-main.1267,CN,2025,EMNLP,1184.0,3.073351702386901,2496.0,0,2
2025.emnlp-main.1283,CN,2025,EMNLP,312.0,2.494154594018443,2496.0,0,2
2025.emnlp-main.1317,CN,2025,EMNLP,2496.0,3.397244581010386,2496.0,1,1
2025.emnlp-main.1318,CN,2025,EMNLP,1184.0,3.073351702386901,2496.0,0,1
2025.emnlp-main.1320,CN,2025,EMNLP,1248.0,3.0962145853464054,2496.0,0,1
2025.emnlp-main.1322,CN,2025,EMNLP,119.5,2.0773679052841563,2496.0,0,1
2025.emnlp-main.1329,CN,2025,EMNLP,2496.0,3.397244581010386,2496.0,1,1
2025.emnlp-main.1335,CN,2025,EMNLP,3024.0,3.480581786829169,2496.0,1,1
2025.emnlp-main.1338,CN,2025,EMNLP,312.0,2.494154594018443,2496.0,0,1
2025.emnlp-main.1340,CN,2025,EMNLP,336.0,2.526339277389844,2496.0,0,1
2025.emnlp-main.1341,CN,2025,EMNLP,330.0,2.5185139398778875,2496.0,0,1
2025.emnlp-main.1344,CN,2025,EMNLP,2368.0,3.374381698050882,2496.0,0,1
2025.emnlp-main.1351,CN,2025,EMNLP,312.0,2.494154594018443,2496.0,0,2
2025.emnlp-main.1357,CN,2025,EMNLP,6016.0,3.779307827583586,2496.0,1,1
2025.emnlp-main.136,CN,2025,EMNLP,2496.0,3.397244581010386,2496.0,1,2
2025.emnlp-main.1362,CN,2025,EMNLP,989.0,2.9951962915971793,2496.0,0,1
2025.emnlp-main.1366,CN,2025,EMNLP,2496.0,3.397244581010386,2496.0,1,1
2025.emnlp-main.1367,CN,2025,EMNLP,1248.0,3.0962145853464054,2496.0,0,2
2025.emnlp-main.1372,CN,2025,EMNLP,1320.0,3.12057393120585,2496.0,0,1
2025.emnlp-main.1374,CN,2025,EMNLP,312.0,2.494154594018443,2496.0,0,3
2025.emnlp-main.1376,CN,2025,EMNLP,624.0,2.795184589682424,2496.0,0,1
2025.emnlp-main.1378,CN,2025,EMNLP,2496.0,3.397244581010386,2496.0,1,1
2025.emnlp-main.1380,CN,2025,EMNLP,2496.0,3.397244581010386,2496.0,1,1
2025.emnlp-main.1382,CN,2025,EMNLP,1248.0,3.0962145853464054,2496.0,0,1
2025.emnlp-main.1393,CN,2025,EMNLP,2496.0,3.397244581010386,2496.0,1,1
2025.emnlp-main.14,CN,2025,EMNLP,2496.0,3.397244581010386,2496.0,1,1
2025.emnlp-main.1421,CN,2025,EMNLP,910.4,2.959232249050996,2496.0,0,2
2025.emnlp-main.1433,CN,2025,EMNLP,2496.0,3.397244581010386,2496.0,1,1
2025.emnlp-main.1444,CN,2025,EMNLP,330.0,2.5185139398778875,2496.0,0,2
2025.emnlp-main.1450,CN,2025,EMNLP,624.0,2.795184589682424,2496.0,0,1
2025.emnlp-main.1453,CN,2025,EMNLP,119.5,2.0773679052841563,2496.0,0,1
2025.emnlp-main.1454,CN,2025,EMNLP,299.4,2.4762517960070336,2496.0,0,2
2025.emnlp-main.1458,CN,2025,EMNLP,312.0,2.494154594018443,2496.0,0,1
2025.emnlp-main.1470,CN,2025,EMNLP,312.0,2.494154594018443,2496.0,0,1
2025.emnlp-main.1478,CN,2025,EMNLP,71.0,1.8512583487190752,2496.0,0,1
2025.emnlp-main.1491,CN,2025,EMNLP,330.0,2.5185139398778875,2496.0,0,2
2025.emnlp-main.1492,CN,2025,EMNLP,2494.4,3.3969660978447664,2496.0,0,1
2025.emnlp-main.1493,CN,2025,EMNLP,1248.0,3.0962145853464054,2496.0,0,1
2025.emnlp-main.1497,CN,2025,EMNLP,1184.0,3.073351702386901,2496.0,0,1
2025.emnlp-main.1498,CN,2025,EMNLP,1248.0,3.0962145853464054,2496.0,0,1
2025.emnlp-main.1518,CN,2025,EMNLP,311.8,2.4938761108528227,2496.0,0,1
2025.emnlp-main.1520,CN,2025,EMNLP,312.0,2.494154594018443,2496.0,0,1
2025.emnlp-main.1532,CN,2025,EMNLP,4992.0,3.6982745766743674,2496.0,1,1
2025.emnlp-main.1542,CN,2025,EMNLP,7912.0,3.898286278589123,2496.0,1,1
2025.emnlp-main.1544,CN,2025,EMNLP,2496.0,3.397244581010386,2496.0,1,3
2025.emnlp-main.1548,CN,2025,EMNLP,119.1,2.0759117614827773,2496.0,0,2
2025.emnlp-main.155,CN,2025,EMNLP,3024.0,3.480581786829169,2496.0,1,2
2025.emnlp-main.1569,CN,2025,EMNLP,112.0,2.0492180226701815,2496.0,0,2
2025.emnlp-main.1570,CN,2025,EMNLP,41836.8,4.6215584589498055,2496.0,1,2
2025.emnlp-main.1572,CN,2025,EMNLP,48384.0,4.684701769485094,2496.0,1,1
2025.emnlp-main.1574,CN,2025,EMNLP,2496.0,3.397244581010386,2496.0,1,1
2025.emnlp-main.1584,CN,2025,EMNLP,312.0,2.494154594018443,2496.0,0,2
2025.emnlp-main.1586,CN,2025,EMNLP,2640.0,3.4216039268698313,2496.0,1,2
2025.emnlp-main.1589,CN,2025,EMNLP,2496.0,3.397244581010386,2496.0,1,2
2025.emnlp-main.1594,CN,2025,EMNLP,2496.0,3.397244581010386,2496.0,1,1
2025.emnlp-main.1595,CN,2025,EMNLP,2496.0,3.397244581010386,2496.0,1,2
2025.emnlp-main.1596,CN,2025,EMNLP,312.0,2.494154594018443,2496.0,0,3
2025.emnlp-main.16,CN,2025,EMNLP,238.2,2.3769417571467586,2496.0,0,1
2025.emnlp-main.1607,CN,2025,EMNLP,181.0,2.2576785748691846,2496.0,0,1
2025.emnlp-main.161,CN,2025,EMNLP,624.0,2.795184589682424,2496.0,0,1
2025.emnlp-main.1610,CN,2025,EMNLP,623.6,2.794906106516804,2496.0,0,2
2025.emnlp-main.1611,CN,2025,EMNLP,312.0,2.494154594018443,2496.0,0,1
2025.emnlp-main.1612,CN,2025,EMNLP,330.0,2.5185139398778875,2496.0,0,1
2025.emnlp-main.1614,CN,2025,EMNLP,2496.0,3.397244581010386,2496.0,1,1
2025.emnlp-main.162,CN,2025,EMNLP,2496.0,3.397244581010386,2496.0,1,1
2025.emnlp-main.1627,CN,2025,EMNLP,6048.0,3.78161178249315,2496.0,1,3
2025.emnlp-main.1630,CN,2025,EMNLP,576.0,2.760422483423212,2496.0,0,1
2025.emnlp-main.1635,CN,2025,EMNLP,2496.0,3.397244581010386,2496.0,1,4
2025.emnlp-main.1636,CN,2025,EMNLP,311.8,2.4938761108528227,2496.0,0,1
2025.emnlp-main.1646,CN,2025,EMNLP,623.6,2.794906106516804,2496.0,0,2
2025.emnlp-main.165,CN,2025,EMNLP,142.0,2.1522883443830563,2496.0,0,1
2025.emnlp-main.1652,CN,2025,EMNLP,4736.0,3.6754116937148633,2496.0,1,2
2025.emnlp-main.1684,CN,2025,EMNLP,312.0,2.494154594018443,2496.0,0,1
2025.emnlp-main.1687,CN,2025,EMNLP,1248.0,3.0962145853464054,2496.0,0,3
2025.emnlp-main.1690,CN,2025,EMNLP,2494.4,3.3969660978447664,2496.0,0,1
2025.emnlp-main.170,CN,2025,EMNLP,624.0,2.795184589682424,2496.0,0,1
2025.emnlp-main.171,CN,2025,EMNLP,312.0,2.494154594018443,2496.0,0,2
2025.emnlp-main.1711,CN,2025,EMNLP,181.0,2.2576785748691846,2496.0,0,2
2025.emnlp-main.1716,CN,2025,EMNLP,2496.0,3.397244581010386,2496.0,1,2
2025.emnlp-main.172,CN,2025,EMNLP,752.0,2.876217840591642,2496.0,0,1
2025.emnlp-main.1732,CN,2025,EMNLP,312.0,2.494154594018443,2496.0,0,1
2025.emnlp-main.174,CN,2025,EMNLP,312.0,2.494154594018443,2496.0,0,2
2025.emnlp-main.1751,CN,2025,EMNLP,2496.0,3.397244581010386,2496.0,1,2
2025.emnlp-main.177,CN,2025,EMNLP,142.0,2.1522883443830563,2496.0,0,2
2025.emnlp-main.178,CN,2025,EMNLP,2496.0,3.397244581010386,2496.0,1,1
2025.emnlp-main.1793,CN,2025,EMNLP,624.0,2.795184589682424,2496.0,0,1
2025.emnlp-main.18,CN,2025,EMNLP,71.0,1.8512583487190752,2496.0,0,1
2025.emnlp-main.1805,CN,2025,EMNLP,2496.0,3.397244581010386,2496.0,1,3
2025.emnlp-main.1808,CN,2025,EMNLP,6048.0,3.78161178249315,2496.0,1,4
2025.emnlp-main.182,CN,2025,EMNLP,639.0,2.8055008581584002,2496.0,0,1
2025.emnlp-main.183,CN,2025,EMNLP,3024.0,3.480581786829169,2496.0,1,1
2025.emnlp-main.186,CN,2025,EMNLP,312.0,2.494154594018443,2496.0,0,2
2025.emnlp-main.190,CN,2025,EMNLP,312.0,2.494154594018443,2496.0,0,1
2025.emnlp-main.191,CN,2025,EMNLP,330.0,2.5185139398778875,2496.0,0,1
2025.emnlp-main.192,CN,2025,EMNLP,2496.0,3.397244581010386,2496.0,1,1
2025.emnlp-main.195,CN,2025,EMNLP,989.0,2.9951962915971793,2496.0,0,2
2025.emnlp-main.196,CN,2025,EMNLP,6048.0,3.78161178249315,2496.0,1,1
2025.emnlp-main.197,CN,2025,EMNLP,330.0,2.5185139398778875,2496.0,0,1
2025.emnlp-main.201,CN,2025,EMNLP,312.0,2.494154594018443,2496.0,0,1
2025.emnlp-main.202,CN,2025,EMNLP,1248.0,3.0962145853464054,2496.0,0,3
2025.emnlp-main.204,CN,2025,EMNLP,2494.4,3.3969660978447664,2496.0,0,1
2025.emnlp-main.205,CN,2025,EMNLP,312.0,2.494154594018443,2496.0,0,1
2025.emnlp-main.207,CN,2025,EMNLP,1320.0,3.12057393120585,2496.0,0,1
2025.emnlp-main.208,CN,2025,EMNLP,1248.0,3.0962145853464054,2496.0,0,1
2025.emnlp-main.209,CN,2025,EMNLP,1448.0,3.1607685618611283,2496.0,0,3
2025.emnlp-main.210,CN,2025,EMNLP,312.0,2.494154594018443,2496.0,0,1
2025.emnlp-main.211,CN,2025,EMNLP,1248.0,3.0962145853464054,2496.0,0,1
2025.emnlp-main.212,CN,2025,EMNLP,2496.0,3.397244581010386,2496.0,1,1
2025.emnlp-main.213,CN,2025,EMNLP,476.4,2.67797175281074,2496.0,0,3
2025.emnlp-main.215,CN,2025,EMNLP,7912.0,3.898286278589123,2496.0,1,2
2025.emnlp-main.216,CN,2025,EMNLP,2496.0,3.397244581010386,2496.0,1,1
2025.emnlp-main.218,CN,2025,EMNLP,2496.0,3.397244581010386,2496.0,1,3
2025.emnlp-main.221,CN,2025,EMNLP,336.0,2.526339277389844,2496.0,0,1
2025.emnlp-main.222,CN,2025,EMNLP,2496.0,3.397244581010386,2496.0,1,1
2025.emnlp-main.223,CN,2025,EMNLP,312.0,2.494154594018443,2496.0,0,1
2025.emnlp-main.23,CN,2025,EMNLP,119.1,2.0759117614827773,2496.0,0,1
2025.emnlp-main.231,CN,2025,EMNLP,312.0,2.494154594018443,2496.0,0,1
2025.emnlp-main.232,CN,2025,EMNLP,311.8,2.4938761108528227,2496.0,0,1
2025.emnlp-main.239,CN,2025,EMNLP,444.4,2.64777405026883,2496.0,0,2
2025.emnlp-main.24,CN,2025,EMNLP,312.0,2.494154594018443,2496.0,0,1
2025.emnlp-main.240,CN,2025,EMNLP,478.0,2.6794278966121188,2496.0,0,1
2025.emnlp-main.241,CN,2025,EMNLP,284.0,2.4533183400470375,2496.0,0,1
2025.emnlp-main.243,CN,2025,EMNLP,2494.4,3.3969660978447664,2496.0,0,1
2025.emnlp-main.244,CN,2025,EMNLP,896.0,2.9523080096621253,2496.0,0,2
2025.emnlp-main.245,CN,2025,EMNLP,476.4,2.67797175281074,2496.0,0,1
2025.emnlp-main.247,CN,2025,EMNLP,296.0,2.4712917110589387,2496.0,0,2
2025.emnlp-main.248,CN,2025,EMNLP,3024.0,3.480581786829169,2496.0,1,2
2025.emnlp-main.252,CN,2025,EMNLP,2496.0,3.397244581010386,2496.0,1,1
2025.emnlp-main.253,CN,2025,EMNLP,7912.0,3.898286278589123,2496.0,1,1
2025.emnlp-main.255,CN,2025,EMNLP,39936.0,4.601364563666311,2496.0,1,3
2025.emnlp-main.256,CN,2025,EMNLP,1000.0,3.0,2496.0,0,1
2025.emnlp-main.257,CN,2025,EMNLP,2496.0,3.397244581010386,2496.0,1,1
2025.emnlp-main.258,CN,2025,EMNLP,2640.0,3.4216039268698313,2496.0,1,1
2025.emnlp-main.26,CN,2025,EMNLP,312.0,2.494154594018443,2496.0,0,1
2025.emnlp-main.260,CN,2025,EMNLP,724.0,2.859738566197147,2496.0,0,3
2025.emnlp-main.261,CN,2025,EMNLP,624.0,2.795184589682424,2496.0,0,1
2025.emnlp-main.262,CN,2025,EMNLP,4992.0,3.6982745766743674,2496.0,1,1
2025.emnlp-main.264,CN,2025,EMNLP,568.0,2.754348335711019,2496.0,0,2
2025.emnlp-main.266,CN,2025,EMNLP,660.0,2.8195439355418688,2496.0,0,1
2025.emnlp-main.268,CN,2025,EMNLP,624.0,2.795184589682424,2496.0,0,1
2025.emnlp-main.269,CN,2025,EMNLP,2496.0,3.397244581010386,2496.0,1,1
2025.emnlp-main.27,CN,2025,EMNLP,7912.0,3.898286278589123,2496.0,1,2
2025.emnlp-main.271,CN,2025,EMNLP,2496.0,3.397244581010386,2496.0,1,2
2025.emnlp-main.272,CN,2025,EMNLP,2494.4,3.3969660978447664,2496.0,0,1
2025.emnlp-main.275,CN,2025,EMNLP,2496.0,3.397244581010386,2496.0,1,1
2025.emnlp-main.276,CN,2025,EMNLP,2496.0,3.397244581010386,2496.0,1,1
2025.emnlp-main.286,CN,2025,EMNLP,19955.2,4.30005608483671,2496.0,1,1
2025.emnlp-main.287,CN,2025,EMNLP,2496.0,3.397244581010386,2496.0,1,1
2025.emnlp-main.288,CN,2025,EMNLP,238.2,2.3769417571467586,2496.0,0,1
2025.emnlp-main.293,CN,2025,EMNLP,2640.0,3.4216039268698313,2496.0,1,1
2025.emnlp-main.294,CN,2025,EMNLP,71.0,1.8512583487190752,2496.0,0,1
2025.emnlp-main.297,CN,2025,EMNLP,312.0,2.494154594018443,2496.0,0,1
2025.emnlp-main.298,CN,2025,EMNLP,142.0,2.1522883443830563,2496.0,0,1
2025.emnlp-main.299,CN,2025,EMNLP,119.1,2.0759117614827773,2496.0,0,1
2025.emnlp-main.300,CN,2025,EMNLP,1248.0,3.0962145853464054,2496.0,0,1
2025.emnlp-main.302,CN,2025,EMNLP,6048.0,3.78161178249315,2496.0,1,1
2025.emnlp-main.303,CN,2025,EMNLP,312.0,2.494154594018443,2496.0,0,1
2025.emnlp-main.304,CN,2025,EMNLP,119.1,2.0759117614827773,2496.0,0,2
2025.emnlp-main.305,CN,2025,EMNLP,624.0,2.795184589682424,2496.0,0,2
2025.emnlp-main.306,CN,2025,EMNLP,1248.0,3.0962145853464054,2496.0,0,1
2025.emnlp-main.308,CN,2025,EMNLP,330.0,2.5185139398778875,2496.0,0,1
2025.emnlp-main.309,CN,2025,EMNLP,112.0,2.0492180226701815,2496.0,0,1
2025.emnlp-main.31,CN,2025,EMNLP,110.0,2.041392685158225,2496.0,0,2
2025.emnlp-main.311,CN,2025,EMNLP,2496.0,3.397244581010386,2496.0,1,1
2025.emnlp-main.312,CN,2025,EMNLP,2640.0,3.4216039268698313,2496.0,1,1
2025.emnlp-main.32,CN,2025,EMNLP,2496.0,3.397244581010386,2496.0,1,2
2025.emnlp-main.327,CN,2025,EMNLP,312.0,2.494154594018443,2496.0,0,1
2025.emnlp-main.328,CN,2025,EMNLP,1248.0,3.0962145853464054,2496.0,0,1
2025.emnlp-main.33,CN,2025,EMNLP,312.0,2.494154594018443,2496.0,0,1
2025.emnlp-main.330,CN,2025,EMNLP,2496.0,3.397244581010386,2496.0,1,1
2025.emnlp-main.333,CN,2025,EMNLP,312.0,2.494154594018443,2496.0,0,2
2025.emnlp-main.336,CN,2025,EMNLP,4736.0,3.6754116937148633,2496.0,1,1
2025.emnlp-main.337,CN,2025,EMNLP,989.0,2.9951962915971793,2496.0,0,1
2025.emnlp-main.338,CN,2025,EMNLP,330.0,2.5185139398778875,2496.0,0,2
2025.emnlp-main.339,CN,2025,EMNLP,1248.0,3.0962145853464054,2496.0,0,3
2025.emnlp-main.340,CN,2025,EMNLP,312.0,2.494154594018443,2496.0,0,1
2025.emnlp-main.341,CN,2025,EMNLP,312.0,2.494154594018443,2496.0,0,3
2025.emnlp-main.343,CN,2025,EMNLP,1248.0,3.0962145853464054,2496.0,0,1
2025.emnlp-main.35,CN,2025,EMNLP,312.0,2.494154594018443,2496.0,0,2
2025.emnlp-main.350,CN,2025,EMNLP,2496.0,3.397244581010386,2496.0,1,1
2025.emnlp-main.353,CN,2025,EMNLP,330.0,2.5185139398778875,2496.0,0,1
2025.emnlp-main.355,CN,2025,EMNLP,624.0,2.795184589682424,2496.0,0,1
2025.emnlp-main.356,CN,2025,EMNLP,330.0,2.5185139398778875,2496.0,0,1
2025.emnlp-main.357,CN,2025,EMNLP,238.2,2.3769417571467586,2496.0,0,1
2025.emnlp-main.359,CN,2025,EMNLP,1248.0,3.0962145853464054,2496.0,0,2
2025.emnlp-main.366,CN,2025,EMNLP,2496.0,3.397244581010386,2496.0,1,1
2025.emnlp-main.37,CN,2025,EMNLP,2496.0,3.397244581010386,2496.0,1,2
2025.emnlp-main.372,CN,2025,EMNLP,756.0,2.8785217955012063,2496.0,0,2
2025.emnlp-main.374,CN,2025,EMNLP,2496.0,3.397244581010386,2496.0,1,2
2025.emnlp-main.375,CN,2025,EMNLP,2496.0,3.397244581010386,2496.0,1,1
2025.emnlp-main.377,CN,2025,EMNLP,9977.6,3.999026089172729,2496.0,1,1
2025.emnlp-main.378,CN,2025,EMNLP,1512.0,3.1795517911651876,2496.0,0,2
2025.emnlp-main.38,CN,2025,EMNLP,2496.0,3.397244581010386,2496.0,1,1
2025.emnlp-main.380,CN,2025,EMNLP,149.7,2.1752218003430523,2496.0,0,1
2025.emnlp-main.384,CN,2025,EMNLP,478.0,2.6794278966121188,2496.0,0,1
2025.emnlp-main.388,CN,2025,EMNLP,238.2,2.3769417571467586,2496.0,0,1
2025.emnlp-main.389,CN,2025,EMNLP,311.8,2.4938761108528227,2496.0,0,1
2025.emnlp-main.393,CN,2025,EMNLP,1247.2,3.095936102180785,2496.0,0,2
2025.emnlp-main.398,CN,2025,EMNLP,330.0,2.5185139398778875,2496.0,0,2
2025.emnlp-main.405,CN,2025,EMNLP,1247.2,3.095936102180785,2496.0,0,1
2025.emnlp-main.406,CN,2025,EMNLP,2496.0,3.397244581010386,2496.0,1,1
2025.emnlp-main.407,CN,2025,EMNLP,71.0,1.8512583487190752,2496.0,0,1
2025.emnlp-main.408,CN,2025,EMNLP,330.0,2.5185139398778875,2496.0,0,2
2025.emnlp-main.410,CN,2025,EMNLP,2496.0,3.397244581010386,2496.0,1,1
2025.emnlp-main.412,CN,2025,EMNLP,952.8,2.979001748474721,2496.0,0,2
2025.emnlp-main.413,CN,2025,EMNLP,2640.0,3.4216039268698313,2496.0,1,1
2025.emnlp-main.416,CN,2025,EMNLP,311.8,2.4938761108528227,2496.0,0,1
2025.emnlp-main.419,CN,2025,EMNLP,2496.0,3.397244581010386,2496.0,1,1
2025.emnlp-main.42,CN,2025,EMNLP,2640.0,3.4216039268698313,2496.0,1,1
2025.emnlp-main.420,CN,2025,EMNLP,330.0,2.5185139398778875,2496.0,0,1
2025.emnlp-main.429,CN,2025,EMNLP,1247.2,3.095936102180785,2496.0,0,1
2025.emnlp-main.430,CN,2025,EMNLP,312.0,2.494154594018443,2496.0,0,1
2025.emnlp-main.432,CN,2025,EMNLP,311.8,2.4938761108528227,2496.0,0,1
2025.emnlp-main.433,CN,2025,EMNLP,119.1,2.0759117614827773,2496.0,0,1
2025.emnlp-main.44,CN,2025,EMNLP,7912.0,3.898286278589123,2496.0,1,1
2025.emnlp-main.440,CN,2025,EMNLP,2640.0,3.4216039268698313,2496.0,1,2
2025.emnlp-main.443,CN,2025,EMNLP,312.0,2.494154594018443,2496.0,0,2
2025.emnlp-main.448,CN,2025,EMNLP,311.8,2.4938761108528227,2496.0,0,2
2025.emnlp-main.452,CN,2025,EMNLP,1248.0,3.0962145853464054,2496.0,0,1
2025.emnlp-main.453,CN,2025,EMNLP,312.0,2.494154594018443,2496.0,0,1
2025.emnlp-main.456,CN,2025,EMNLP,336.0,2.526339277389844,2496.0,0,2
2025.emnlp-main.457,CN,2025,EMNLP,312.0,2.494154594018443,2496.0,0,2
2025.emnlp-main.459,CN,2025,EMNLP,1512.0,3.1795517911651876,2496.0,0,2
2025.emnlp-main.464,CN,2025,EMNLP,2496.0,3.397244581010386,2496.0,1,1
2025.emnlp-main.468,CN,2025,EMNLP,112.0,2.0492180226701815,2496.0,0,2
2025.emnlp-main.469,CN,2025,EMNLP,312.0,2.494154594018443,2496.0,0,2
2025.emnlp-main.47,CN,2025,EMNLP,1978.0,3.2962262872611605,2496.0,0,1
2025.emnlp-main.470,CN,2025,EMNLP,6048.0,3.78161178249315,2496.0,1,1
2025.emnlp-main.473,CN,2025,EMNLP,312.0,2.494154594018443,2496.0,0,2
2025.emnlp-main.474,CN,2025,EMNLP,312.0,2.494154594018443,2496.0,0,2
2025.emnlp-main.476,CN,2025,EMNLP,2496.0,3.397244581010386,2496.0,1,1
2025.emnlp-main.489,CN,2025,EMNLP,79872.0,4.9023945593302924,2496.0,1,1
2025.emnlp-main.49,CN,2025,EMNLP,2496.0,3.397244581010386,2496.0,1,2
2025.emnlp-main.492,CN,2025,EMNLP,1248.0,3.0962145853464054,2496.0,0,1
2025.emnlp-main.494,CN,2025,EMNLP,71.0,1.8512583487190752,2496.0,0,1
2025.emnlp-main.500,CN,2025,EMNLP,2496.0,3.397244581010386,2496.0,1,2
2025.emnlp-main.502,CN,2025,EMNLP,312.0,2.494154594018443,2496.0,0,1
2025.emnlp-main.503,CN,2025,EMNLP,312.0,2.494154594018443,2496.0,0,1
2025.emnlp-main.505,CN,2025,EMNLP,312.0,2.494154594018443,2496.0,0,1
2025.emnlp-main.506,CN,2025,EMNLP,756.0,2.8785217955012063,2496.0,0,2
2025.emnlp-main.508,CN,2025,EMNLP,312.0,2.494154594018443,2496.0,0,1
2025.emnlp-main.513,CN,2025,EMNLP,1248.0,3.0962145853464054,2496.0,0,1
2025.emnlp-main.518,CN,2025,EMNLP,312.0,2.494154594018443,2496.0,0,1
2025.emnlp-main.528,CN,2025,EMNLP,227.6,2.3571722577230334,2496.0,0,2
2025.emnlp-main.531,CN,2025,EMNLP,284.0,2.4533183400470375,2496.0,0,1
2025.emnlp-main.537,CN,2025,EMNLP,3956.0,3.5972562829251418,2496.0,1,1
2025.emnlp-main.54,CN,2025,EMNLP,312.0,2.494154594018443,2496.0,0,2
2025.emnlp-main.540,CN,2025,EMNLP,312.0,2.494154594018443,2496.0,0,1
2025.emnlp-main.541,CN,2025,EMNLP,2496.0,3.397244581010386,2496.0,1,1
2025.emnlp-main.543,CN,2025,EMNLP,6048.0,3.78161178249315,2496.0,1,1
2025.emnlp-main.549,CN,2025,EMNLP,119.1,2.0759117614827773,2496.0,0,2
2025.emnlp-main.55,CN,2025,EMNLP,7912.0,3.898286278589123,2496.0,1,1
2025.emnlp-main.554,CN,2025,EMNLP,119.5,2.0773679052841563,2496.0,0,1
2025.emnlp-main.563,CN,2025,EMNLP,3956.0,3.5972562829251418,2496.0,1,2
2025.emnlp-main.57,CN,2025,EMNLP,311.8,2.4938761108528227,2496.0,0,1
2025.emnlp-main.571,CN,2025,EMNLP,71.0,1.8512583487190752,2496.0,0,1
2025.emnlp-main.572,CN,2025,EMNLP,624.0,2.795184589682424,2496.0,0,3
2025.emnlp-main.579,CN,2025,EMNLP,312.0,2.494154594018443,2496.0,0,1
2025.emnlp-main.59,CN,2025,EMNLP,9472.0,3.9764416893788446,2496.0,1,1
2025.emnlp-main.597,CN,2025,EMNLP,119.1,2.0759117614827773,2496.0,0,1
2025.emnlp-main.609,CN,2025,EMNLP,119.1,2.0759117614827773,2496.0,0,1
2025.emnlp-main.61,CN,2025,EMNLP,312.0,2.494154594018443,2496.0,0,1
2025.emnlp-main.611,CN,2025,EMNLP,756.0,2.8785217955012063,2496.0,0,3
2025.emnlp-main.613,CN,2025,EMNLP,330.0,2.5185139398778875,2496.0,0,1
2025.emnlp-main.617,CN,2025,EMNLP,224.0,2.3502480183341627,2496.0,0,1
2025.emnlp-main.62,CN,2025,EMNLP,3956.0,3.5972562829251418,2496.0,1,1
2025.emnlp-main.620,CN,2025,EMNLP,896.0,2.9523080096621253,2496.0,0,1
2025.emnlp-main.622,CN,2025,EMNLP,222.2,2.346744054604849,2496.0,0,1
2025.emnlp-main.624,CN,2025,EMNLP,312.0,2.494154594018443,2496.0,0,3
2025.emnlp-main.625,CN,2025,EMNLP,284.0,2.4533183400470375,2496.0,0,1
2025.emnlp-main.626,CN,2025,EMNLP,312.0,2.494154594018443,2496.0,0,1
2025.emnlp-main.629,CN,2025,EMNLP,112.0,2.0492180226701815,2496.0,0,2
2025.emnlp-main.634,CN,2025,EMNLP,284.0,2.4533183400470375,2496.0,0,1
2025.emnlp-main.637,CN,2025,EMNLP,2496.0,3.397244581010386,2496.0,1,3
2025.emnlp-main.639,CN,2025,EMNLP,1248.0,3.0962145853464054,2496.0,0,1
2025.emnlp-main.64,CN,2025,EMNLP,2496.0,3.397244581010386,2496.0,1,1
2025.emnlp-main.642,CN,2025,EMNLP,330.0,2.5185139398778875,2496.0,0,1
2025.emnlp-main.644,CN,2025,EMNLP,2496.0,3.397244581010386,2496.0,1,2
2025.emnlp-main.645,CN,2025,EMNLP,312.0,2.494154594018443,2496.0,0,2
2025.emnlp-main.646,CN,2025,EMNLP,330.0,2.5185139398778875,2496.0,0,1
2025.emnlp-main.658,CN,2025,EMNLP,9.526,0.9789105771755716,2496.0,0,1
2025.emnlp-main.665,CN,2025,EMNLP,119.1,2.0759117614827773,2496.0,0,1
2025.emnlp-main.666,CN,2025,EMNLP,2640.0,3.4216039268698313,2496.0,1,1
2025.emnlp-main.67,CN,2025,EMNLP,956.0,2.9804578922761,2496.0,0,1
2025.emnlp-main.670,CN,2025,EMNLP,71.0,1.8512583487190752,2496.0,0,2
2025.emnlp-main.671,CN,2025,EMNLP,284.0,2.4533183400470375,2496.0,0,1
2025.emnlp-main.673,CN,2025,EMNLP,1247.2,3.095936102180785,2496.0,0,1
2025.emnlp-main.674,CN,2025,EMNLP,1512.0,3.1795517911651876,2496.0,0,2
2025.emnlp-main.676,CN,2025,EMNLP,1248.0,3.0962145853464054,2496.0,0,1
2025.emnlp-main.677,CN,2025,EMNLP,568.0,2.754348335711019,2496.0,0,1
2025.emnlp-main.678,CN,2025,EMNLP,896.0,2.9523080096621253,2496.0,0,1
2025.emnlp-main.679,CN,2025,EMNLP,756.0,2.8785217955012063,2496.0,0,1
2025.emnlp-main.680,CN,2025,EMNLP,2496.0,3.397244581010386,2496.0,1,1
2025.emnlp-main.681,CN,2025,EMNLP,1248.0,3.0962145853464054,2496.0,0,1
2025.emnlp-main.682,CN,2025,EMNLP,952.8,2.979001748474721,2496.0,0,1
2025.emnlp-main.683,CN,2025,EMNLP,9984.0,3.9993045723383487,2496.0,1,1
2025.emnlp-main.685,CN,2025,EMNLP,312.0,2.494154594018443,2496.0,0,1
2025.emnlp-main.686,CN,2025,EMNLP,330.0,2.5185139398778875,2496.0,0,2
2025.emnlp-main.687,CN,2025,EMNLP,2496.0,3.397244581010386,2496.0,1,2
2025.emnlp-main.691,CN,2025,EMNLP,522.0,2.717670503002262,2496.0,0,1
2025.emnlp-main.694,CN,2025,EMNLP,330.0,2.5185139398778875,2496.0,0,1
2025.emnlp-main.695,CN,2025,EMNLP,2496.0,3.397244581010386,2496.0,1,1
2025.emnlp-main.696,CN,2025,EMNLP,2496.0,3.397244581010386,2496.0,1,2
2025.emnlp-main.70,CN,2025,EMNLP,666.6,2.8238653093245114,2496.0,0,1
2025.emnlp-main.701,CN,2025,EMNLP,1000.0,3.0,2496.0,0,1
2025.emnlp-main.705,CN,2025,EMNLP,2494.4,3.3969660978447664,2496.0,0,1
2025.emnlp-main.708,CN,2025,EMNLP,357.3,2.55303301620244,2496.0,0,2
2025.emnlp-main.713,CN,2025,EMNLP,2496.0,3.397244581010386,2496.0,1,1
2025.emnlp-main.714,CN,2025,EMNLP,623.6,2.794906106516804,2496.0,0,1
2025.emnlp-main.719,CN,2025,EMNLP,2496.0,3.397244581010386,2496.0,1,1
2025.emnlp-main.721,CN,2025,EMNLP,2496.0,3.397244581010386,2496.0,1,1
2025.emnlp-main.724,CN,2025,EMNLP,312.0,2.494154594018443,2496.0,0,1
2025.emnlp-main.725,CN,2025,EMNLP,568.0,2.754348335711019,2496.0,0,1
2025.emnlp-main.728,CN,2025,EMNLP,312.0,2.494154594018443,2496.0,0,1
2025.emnlp-main.73,CN,2025,EMNLP,2496.0,3.397244581010386,2496.0,1,3
2025.emnlp-main.731,CN,2025,EMNLP,2494.4,3.3969660978447664,2496.0,0,1
2025.emnlp-main.733,CN,2025,EMNLP,624.0,2.795184589682424,2496.0,0,1
2025.emnlp-main.735,CN,2025,EMNLP,4992.0,3.6982745766743674,2496.0,1,1
2025.emnlp-main.739,CN,2025,EMNLP,1248.0,3.0962145853464054,2496.0,0,1
2025.emnlp-main.740,CN,2025,EMNLP,312.0,2.494154594018443,2496.0,0,1
2025.emnlp-main.745,CN,2025,EMNLP,2494.4,3.3969660978447664,2496.0,0,1
2025.emnlp-main.747,CN,2025,EMNLP,896.0,2.9523080096621253,2496.0,0,1
2025.emnlp-main.748,CN,2025,EMNLP,500.0,2.6989700043360187,2496.0,0,2
2025.emnlp-main.75,CN,2025,EMNLP,2496.0,3.397244581010386,2496.0,1,1
2025.emnlp-main.758,CN,2025,EMNLP,6016.0,3.779307827583586,2496.0,1,1
2025.emnlp-main.768,CN,2025,EMNLP,2496.0,3.397244581010386,2496.0,1,2
2025.emnlp-main.770,CN,2025,EMNLP,624.0,2.795184589682424,2496.0,0,2
2025.emnlp-main.775,CN,2025,EMNLP,312.0,2.494154594018443,2496.0,0,2
2025.emnlp-main.78,CN,2025,EMNLP,148.0,2.1702617153949575,2496.0,0,1
2025.emnlp-main.780,CN,2025,EMNLP,224.0,2.3502480183341627,2496.0,0,1
2025.emnlp-main.781,CN,2025,EMNLP,311.8,2.4938761108528227,2496.0,0,2
2025.emnlp-main.782,CN,2025,EMNLP,149.7,2.1752218003430523,2496.0,0,1
2025.emnlp-main.788,CN,2025,EMNLP,2496.0,3.397244581010386,2496.0,1,2
2025.emnlp-main.790,CN,2025,EMNLP,660.0,2.8195439355418688,2496.0,0,1
2025.emnlp-main.793,CN,2025,EMNLP,330.0,2.5185139398778875,2496.0,0,3
2025.emnlp-main.799,CN,2025,EMNLP,312.0,2.494154594018443,2496.0,0,1
2025.emnlp-main.809,CN,2025,EMNLP,357.3,2.55303301620244,2496.0,0,2
2025.emnlp-main.82,CN,2025,EMNLP,63296.0,4.801376265581067,2496.0,1,1
2025.emnlp-main.829,CN,2025,EMNLP,896.0,2.9523080096621253,2496.0,0,1
2025.emnlp-main.832,CN,2025,EMNLP,119.1,2.0759117614827773,2496.0,0,2
2025.emnlp-main.835,CN,2025,EMNLP,568.0,2.754348335711019,2496.0,0,4
2025.emnlp-main.855,CN,2025,EMNLP,9984.0,3.9993045723383487,2496.0,1,1
2025.emnlp-main.857,CN,2025,EMNLP,2494.4,3.3969660978447664,2496.0,0,2
2025.emnlp-main.860,CN,2025,EMNLP,312.0,2.494154594018443,2496.0,0,1
2025.emnlp-main.863,CN,2025,EMNLP,660.0,2.8195439355418688,2496.0,0,2
2025.emnlp-main.864,CN,2025,EMNLP,284.0,2.4533183400470375,2496.0,0,1
2025.emnlp-main.867,CN,2025,EMNLP,330.0,2.5185139398778875,2496.0,0,1
2025.emnlp-main.868,CN,2025,EMNLP,1248.0,3.0962145853464054,2496.0,0,1
2025.emnlp-main.869,CN,2025,EMNLP,2496.0,3.397244581010386,2496.0,1,1
2025.emnlp-main.872,CN,2025,EMNLP,119.1,2.0759117614827773,2496.0,0,2
2025.emnlp-main.873,CN,2025,EMNLP,1248.0,3.0962145853464054,2496.0,0,1
2025.emnlp-main.879,CN,2025,EMNLP,2496.0,3.397244581010386,2496.0,1,1
2025.emnlp-main.88,CN,2025,EMNLP,2496.0,3.397244581010386,2496.0,1,1
2025.emnlp-main.880,CN,2025,EMNLP,224.0,2.3502480183341627,2496.0,0,2
2025.emnlp-main.884,CN,2025,EMNLP,2496.0,3.397244581010386,2496.0,1,1
2025.emnlp-main.886,CN,2025,EMNLP,2494.4,3.3969660978447664,2496.0,0,1
2025.emnlp-main.897,CN,2025,EMNLP,2494.4,3.3969660978447664,2496.0,0,1
2025.emnlp-main.898,CN,2025,EMNLP,9977.6,3.999026089172729,2496.0,1,1
2025.emnlp-main.903,CN,2025,EMNLP,330.0,2.5185139398778875,2496.0,0,1
2025.emnlp-main.911,CN,2025,EMNLP,330.0,2.5185139398778875,2496.0,0,1
2025.emnlp-main.914,CN,2025,EMNLP,238.2,2.3769417571467586,2496.0,0,1
2025.emnlp-main.915,CN,2025,EMNLP,1184.0,3.073351702386901,2496.0,0,1
2025.emnlp-main.916,CN,2025,EMNLP,311.8,2.4938761108528227,2496.0,0,1
2025.emnlp-main.918,CN,2025,EMNLP,222.2,2.346744054604849,2496.0,0,1
2025.emnlp-main.920,CN,2025,EMNLP,14336.0,4.15642799231805,2496.0,1,1
2025.emnlp-main.927,CN,2025,EMNLP,330.0,2.5185139398778875,2496.0,0,1
2025.emnlp-main.929,CN,2025,EMNLP,181.0,2.2576785748691846,2496.0,0,1
2025.emnlp-main.930,CN,2025,EMNLP,2496.0,3.397244581010386,2496.0,1,2
2025.emnlp-main.931,CN,2025,EMNLP,624.0,2.795184589682424,2496.0,0,1
2025.emnlp-main.932,CN,2025,EMNLP,4992.0,3.6982745766743674,2496.0,1,1
2025.emnlp-main.937,CN,2025,EMNLP,1248.0,3.0962145853464054,2496.0,0,1
2025.emnlp-main.943,CN,2025,EMNLP,110.0,2.041392685158225,2496.0,0,1
2025.emnlp-main.945,CN,2025,EMNLP,2496.0,3.397244581010386,2496.0,1,1
2025.emnlp-main.946,CN,2025,EMNLP,312.0,2.494154594018443,2496.0,0,1
2025.emnlp-main.951,CN,2025,EMNLP,312.0,2.494154594018443,2496.0,0,2
2025.emnlp-main.952,CN,2025,EMNLP,1320.0,3.12057393120585,2496.0,0,2
2025.emnlp-main.956,CN,2025,EMNLP,1248.0,3.0962145853464054,2496.0,0,1
2025.emnlp-main.957,CN,2025,EMNLP,1248.0,3.0962145853464054,2496.0,0,2
2025.emnlp-main.961,CN,2025,EMNLP,312.0,2.494154594018443,2496.0,0,1
2025.emnlp-main.968,CN,2025,EMNLP,312.0,2.494154594018443,2496.0,0,1
2025.emnlp-main.970,CN,2025,EMNLP,9984.0,3.9993045723383487,2496.0,1,1
2025.emnlp-main.971,CN,2025,EMNLP,6048.0,3.78161178249315,2496.0,1,2
2025.emnlp-main.972,CN,2025,EMNLP,2496.0,3.397244581010386,2496.0,1,1
2025.emnlp-main.975,CN,2025,EMNLP,312.0,2.494154594018443,2496.0,0,1
2025.emnlp-main.976,CN,2025,EMNLP,3024.0,3.480581786829169,2496.0,1,2
2025.emnlp-main.979,CN,2025,EMNLP,1248.0,3.0962145853464054,2496.0,0,1
2025.emnlp-main.98,CN,2025,EMNLP,1248.0,3.0962145853464054,2496.0,0,1
2025.emnlp-main.980,CN,2025,EMNLP,119.1,2.0759117614827773,2496.0,0,1
2025.emnlp-main.982,CN,2025,EMNLP,2496.0,3.397244581010386,2496.0,1,1
2025.emnlp-main.983,CN,2025,EMNLP,6048.0,3.78161178249315,2496.0,1,1
2025.emnlp-main.985,CN,2025,EMNLP,1248.0,3.0962145853464054,2496.0,0,4
2025.emnlp-main.989,CN,2025,EMNLP,312.0,2.494154594018443,2496.0,0,1
2025.emnlp-main.99,CN,2025,EMNLP,312.0,2.494154594018443,2496.0,0,2
2025.emnlp-main.991,CN,2025,EMNLP,624.0,2.795184589682424,2496.0,0,1
2025.emnlp-main.995,CN,2025,EMNLP,2496.0,3.397244581010386,2496.0,1,2
2025.naacl-long.147,CN,2025,NAACL,112.0,2.0492180226701815,2496.0,0,2
2025.naacl-long.169,CN,2025,NAACL,1248.0,3.0962145853464054,2496.0,0,1
2025.naacl-long.202,CN,2025,NAACL,130.5,2.1156105116742996,2496.0,0,2
2025.naacl-long.211,CN,2025,NAACL,312.0,2.494154594018443,2496.0,0,2
2025.naacl-long.245,CN,2025,NAACL,1248.0,3.0962145853464054,2496.0,0,1
2025.naacl-long.259,CN,2025,NAACL,71.0,1.8512583487190752,2496.0,0,1
2025.naacl-long.261,CN,2025,NAACL,312.0,2.494154594018443,2496.0,0,1
2025.naacl-long.263,CN,2025,NAACL,2496.0,3.397244581010386,2496.0,1,1
2025.naacl-long.265,CN,2025,NAACL,4992.0,3.6982745766743674,2496.0,1,1
2025.naacl-long.270,CN,2025,NAACL,312.0,2.494154594018443,2496.0,0,1
2025.naacl-long.271,CN,2025,NAACL,1248.0,3.0962145853464054,2496.0,0,2
2025.naacl-long.272,CN,2025,NAACL,312.0,2.494154594018443,2496.0,0,2
2025.naacl-long.274,CN,2025,NAACL,1247.2,3.095936102180785,2496.0,0,1
2025.naacl-long.280,CN,2025,NAACL,31648.0,4.5003462699170855,2496.0,1,1
2025.naacl-long.288,CN,2025,NAACL,1248.0,3.0962145853464054,2496.0,0,3
2025.naacl-long.3,CN,2025,NAACL,312.0,2.494154594018443,2496.0,0,2
2025.naacl-long.30,CN,2025,NAACL,2496.0,3.397244581010386,2496.0,1,3
2025.naacl-long.312,CN,2025,NAACL,952.8,2.979001748474721,2496.0,0,4
2025.naacl-long.315,CN,2025,NAACL,568.0,2.754348335711019,2496.0,0,1
2025.naacl-long.319,CN,2025,NAACL,312.0,2.494154594018443,2496.0,0,1
2025.naacl-long.321,CN,2025,NAACL,312.0,2.494154594018443,2496.0,0,2
2025.naacl-long.323,CN,2025,NAACL,1248.0,3.0962145853464054,2496.0,0,1
2025.naacl-long.335,CN,2025,NAACL,2640.0,3.4216039268698313,2496.0,1,1
2025.naacl-long.349,CN,2025,NAACL,312.0,2.494154594018443,2496.0,0,1
2025.naacl-long.350,CN,2025,NAACL,312.0,2.494154594018443,2496.0,0,1
2025.naacl-long.355,CN,2025,NAACL,224.0,2.3502480183341627,2496.0,0,2
2025.naacl-long.362,CN,2025,NAACL,312.0,2.494154594018443,2496.0,0,2
2025.naacl-long.363,CN,2025,NAACL,238.2,2.3769417571467586,2496.0,0,3
2025.naacl-long.365,CN,2025,NAACL,9984.0,3.9993045723383487,2496.0,1,1
2025.naacl-long.370,CN,2025,NAACL,2496.0,3.397244581010386,2496.0,1,1
2025.naacl-long.373,CN,2025,NAACL,119.1,2.0759117614827773,2496.0,0,2
2025.naacl-long.375,CN,2025,NAACL,4992.0,3.6982745766743674,2496.0,1,3
2025.naacl-long.385,CN,2025,NAACL,71.0,1.8512583487190752,2496.0,0,1
2025.naacl-long.399,CN,2025,NAACL,896.0,2.9523080096621253,2496.0,0,2
2025.naacl-long.423,CN,2025,NAACL,2496.0,3.397244581010386,2496.0,1,1
2025.naacl-long.437,CN,2025,NAACL,1247.2,3.095936102180785,2496.0,0,1
2025.naacl-long.438,CN,2025,NAACL,9977.6,3.999026089172729,2496.0,1,1
2025.naacl-long.446,CN,2025,NAACL,44.200000000001,1.6454222693491016,2496.0,0,1
2025.naacl-long.450,CN,2025,NAACL,312.0,2.494154594018443,2496.0,0,2
2025.naacl-long.454,CN,2025,NAACL,19968.0,4.30033456800233,2496.0,1,1
2025.naacl-long.459,CN,2025,NAACL,1248.0,3.0962145853464054,2496.0,0,1
2025.naacl-long.460,CN,2025,NAACL,476.4,2.67797175281074,2496.0,0,2
2025.naacl-long.468,CN,2025,NAACL,119.5,2.0773679052841563,2496.0,0,1
2025.naacl-long.471,CN,2025,NAACL,624.0,2.795184589682424,2496.0,0,1
2025.naacl-long.474,CN,2025,NAACL,160.0,2.2041199826559246,2496.0,0,1
2025.naacl-long.497,CN,2025,NAACL,130.0,2.113943352306837,2496.0,0,1
2025.naacl-long.499,CN,2025,NAACL,2496.0,3.397244581010386,2496.0,1,3
2025.naacl-long.501,CN,2025,NAACL,660.0,2.8195439355418688,2496.0,0,1
2025.naacl-long.513,CN,2025,NAACL,2496.0,3.397244581010386,2496.0,1,2
2025.naacl-long.516,CN,2025,NAACL,448.0,2.651278013998144,2496.0,0,1
2025.naacl-long.533,CN,2025,NAACL,2496.0,3.397244581010386,2496.0,1,2
2025.naacl-long.536,CN,2025,NAACL,312.0,2.494154594018443,2496.0,0,1
2025.naacl-long.540,CN,2025,NAACL,311.8,2.4938761108528227,2496.0,0,1
2025.naacl-long.550,CN,2025,NAACL,756.0,2.8785217955012063,2496.0,0,2
2025.naacl-long.569,CN,2025,NAACL,2496.0,3.397244581010386,2496.0,1,2
2025.naacl-long.574,CN,2025,NAACL,149.7,2.1752218003430523,2496.0,0,3
2025.naacl-long.587,CN,2025,NAACL,1320.0,3.12057393120585,2496.0,0,2
2025.naacl-long.589,CN,2025,NAACL,110.0,2.041392685158225,2496.0,0,2
2025.naacl-long.594,CN,2025,NAACL,119.1,2.0759117614827773,2496.0,0,2
2025.naacl-long.626,CN,2025,NAACL,125.0,2.0969100130080562,2496.0,0,2
2025.naacl-long.63,CN,2025,NAACL,623.6,2.794906106516804,2496.0,0,1
2025.naacl-long.636,CN,2025,NAACL,112.0,2.0492180226701815,2496.0,0,1
2025.naacl-long.86,CN,2025,NAACL,624.0,2.795184589682424,2496.0,0,2
2025.emnlp-main.399,CU,2025,EMNLP,312.0,2.494154594018443,2496.0,0,2
2025.acl-long.25,CZ,2025,ACL,330.0,2.5185139398778875,2496.0,0,2
2025.acl-long.41,CZ,2025,ACL,181.0,2.2576785748691846,2496.0,0,1
2025.acl-long.854,CZ,2025,ACL,49024.0,4.690408743616491,2496.0,1,5
2025.emnlp-main.418,CZ,2025,EMNLP,756.0,2.8785217955012063,2496.0,0,3
2025.emnlp-main.9,CZ,2025,EMNLP,312.0,2.494154594018443,2496.0,0,2
2025.naacl-long.517,CZ,2025,NAACL,149.7,2.1752218003430523,2496.0,0,3
2025.naacl-long.526,CZ,2025,NAACL,1248.0,3.0962145853464054,2496.0,0,3
2025.acl-long.1032,DE,2025,ACL,624.0,2.795184589682424,2496.0,0,2
2025.acl-long.104,DE,2025,ACL,149.7,2.1752218003430523,2496.0,0,3
2025.acl-long.1045,DE,2025,ACL,624.0,2.795184589682424,2496.0,0,1
2025.acl-long.108,DE,2025,ACL,312.0,2.494154594018443,2496.0,0,1
2025.acl-long.1080,DE,2025,ACL,1248.0,3.0962145853464054,2496.0,0,1
2025.acl-long.1107,DE,2025,ACL,936.0,2.971275848738105,2496.0,0,1
2025.acl-long.111,DE,2025,ACL,19968.0,4.30033456800233,2496.0,1,1
2025.acl-long.1115,DE,2025,ACL,119.1,2.0759117614827773,2496.0,0,2
2025.acl-long.1151,DE,2025,ACL,222.2,2.346744054604849,2496.0,0,2
2025.acl-long.1164,DE,2025,ACL,312.0,2.494154594018443,2496.0,0,1
2025.acl-long.1180,DE,2025,ACL,756.0,2.8785217955012063,2496.0,0,2
2025.acl-long.1195,DE,2025,ACL,312.0,2.494154594018443,2496.0,0,2
2025.acl-long.125,DE,2025,ACL,125.0,2.0969100130080562,2496.0,0,1
2025.acl-long.1264,DE,2025,ACL,312.0,2.494154594018443,2496.0,0,2
2025.acl-long.1266,DE,2025,ACL,2496.0,3.397244581010386,2496.0,1,2
2025.acl-long.1345,DE,2025,ACL,312.0,2.494154594018443,2496.0,0,1
2025.acl-long.1363,DE,2025,ACL,299.4,2.4762517960070336,2496.0,0,2
2025.acl-long.1404,DE,2025,ACL,312.0,2.494154594018443,2496.0,0,2
2025.acl-long.143,DE,2025,ACL,3024.0,3.480581786829169,2496.0,1,1
2025.acl-long.1451,DE,2025,ACL,71.0,1.8512583487190752,2496.0,0,6
2025.acl-long.1467,DE,2025,ACL,1248.0,3.0962145853464054,2496.0,0,2
2025.acl-long.1529,DE,2025,ACL,121.0,2.0827853703164503,2496.0,0,2
2025.acl-long.156,DE,2025,ACL,312.0,2.494154594018443,2496.0,0,2
2025.acl-long.1593,DE,2025,ACL,312.0,2.494154594018443,2496.0,0,2
2025.acl-long.165,DE,2025,ACL,312.0,2.494154594018443,2496.0,0,2
2025.acl-long.191,DE,2025,ACL,312.0,2.494154594018443,2496.0,0,3
2025.acl-long.236,DE,2025,ACL,11.76,1.0704073217401198,2496.0,0,1
2025.acl-long.309,DE,2025,ACL,312.0,2.494154594018443,2496.0,0,2
2025.acl-long.314,DE,2025,ACL,2496.0,3.397244581010386,2496.0,1,2
2025.acl-long.319,DE,2025,ACL,312.0,2.494154594018443,2496.0,0,2
2025.acl-long.329,DE,2025,ACL,149.7,2.1752218003430523,2496.0,0,2
2025.acl-long.422,DE,2025,ACL,181.0,2.2576785748691846,2496.0,0,3
2025.acl-long.464,DE,2025,ACL,756.0,2.8785217955012063,2496.0,0,8
2025.acl-long.675,DE,2025,ACL,1512.0,3.1795517911651876,2496.0,0,1
2025.acl-long.725,DE,2025,ACL,756.0,2.8785217955012063,2496.0,0,2
2025.acl-long.727,DE,2025,ACL,383.0,2.583198773968623,2496.0,0,2
2025.acl-long.764,DE,2025,ACL,756.0,2.8785217955012063,2496.0,0,1
2025.acl-long.798,DE,2025,ACL,1248.0,3.0962145853464054,2496.0,0,2
2025.acl-long.847,DE,2025,ACL,724.0,2.859738566197147,2496.0,0,2
2025.acl-long.863,DE,2025,ACL,1247.2,3.095936102180785,2496.0,0,2
2025.acl-long.88,DE,2025,ACL,356.8,2.5524248457040857,2496.0,0,1
2025.acl-long.886,DE,2025,ACL,110.0,2.041392685158225,2496.0,0,1
2025.acl-long.915,DE,2025,ACL,3958.0,3.5974757898703773,2496.0,1,1
2025.acl-long.931,DE,2025,ACL,312.0,2.494154594018443,2496.0,0,3
2025.acl-long.950,DE,2025,ACL,2496.0,3.397244581010386,2496.0,1,3
2025.acl-long.973,DE,2025,ACL,6048.0,3.78161178249315,2496.0,1,2
2025.acl-long.982,DE,2025,ACL,7488.0,3.874365835730049,2496.0,1,2
2025.acl-long.984,DE,2025,ACL,119.1,2.0759117614827773,2496.0,0,1
2025.acl-long.985,DE,2025,ACL,312.0,2.494154594018443,2496.0,0,1
2025.emnlp-main.1,DE,2025,EMNLP,756.0,2.8785217955012063,2496.0,0,1
2025.emnlp-main.1018,DE,2025,EMNLP,125.0,2.0969100130080562,2496.0,0,3
2025.emnlp-main.11,DE,2025,EMNLP,989.5,2.9954157985424152,2496.0,0,2
2025.emnlp-main.1163,DE,2025,EMNLP,312.0,2.494154594018443,2496.0,0,1
2025.emnlp-main.1198,DE,2025,EMNLP,119.1,2.0759117614827773,2496.0,0,1
2025.emnlp-main.1206,DE,2025,EMNLP,222.2,2.346744054604849,2496.0,0,2
2025.emnlp-main.1281,DE,2025,EMNLP,312.0,2.494154594018443,2496.0,0,2
2025.emnlp-main.1309,DE,2025,EMNLP,312.0,2.494154594018443,2496.0,0,2
2025.emnlp-main.1347,DE,2025,EMNLP,2496.0,3.397244581010386,2496.0,1,2
2025.emnlp-main.1375,DE,2025,EMNLP,181.0,2.2576785748691846,2496.0,0,1
2025.emnlp-main.1386,DE,2025,EMNLP,3024.0,3.480581786829169,2496.0,1,2
2025.emnlp-main.1396,DE,2025,EMNLP,1248.0,3.0962145853464054,2496.0,0,4
2025.emnlp-main.1430,DE,2025,EMNLP,756.0,2.8785217955012063,2496.0,0,3
2025.emnlp-main.1460,DE,2025,EMNLP,119.1,2.0759117614827773,2496.0,0,1
2025.emnlp-main.1476,DE,2025,EMNLP,312.0,2.494154594018443,2496.0,0,2
2025.emnlp-main.1481,DE,2025,EMNLP,3024.0,3.480581786829169,2496.0,1,1
2025.emnlp-main.1494,DE,2025,EMNLP,1248.0,3.0962145853464054,2496.0,0,2
2025.emnlp-main.1495,DE,2025,EMNLP,312.0,2.494154594018443,2496.0,0,2
2025.emnlp-main.15,DE,2025,EMNLP,1248.0,3.0962145853464054,2496.0,0,2
2025.emnlp-main.1507,DE,2025,EMNLP,11.34,1.0546130545568877,2496.0,0,1
2025.emnlp-main.1517,DE,2025,EMNLP,3024.0,3.480581786829169,2496.0,1,5
2025.emnlp-main.1563,DE,2025,EMNLP,1248.0,3.0962145853464054,2496.0,0,4
2025.emnlp-main.1609,DE,2025,EMNLP,1248.0,3.0962145853464054,2496.0,0,1
2025.emnlp-main.1621,DE,2025,EMNLP,624.0,2.795184589682424,2496.0,0,4
2025.emnlp-main.1627,DE,2025,EMNLP,6048.0,3.78161178249315,2496.0,1,3
2025.emnlp-main.163,DE,2025,EMNLP,624.0,2.795184589682424,2496.0,0,2
2025.emnlp-main.1642,DE,2025,EMNLP,1000.0,3.0,2496.0,0,1
2025.emnlp-main.166,DE,2025,EMNLP,312.0,2.494154594018443,2496.0,0,1
2025.emnlp-main.1682,DE,2025,EMNLP,2496.0,3.397244581010386,2496.0,1,3
2025.emnlp-main.1726,DE,2025,EMNLP,444.4,2.64777405026883,2496.0,0,3
2025.emnlp-main.1728,DE,2025,EMNLP,624.0,2.795184589682424,2496.0,0,3
2025.emnlp-main.1735,DE,2025,EMNLP,1248.0,3.0962145853464054,2496.0,0,1
2025.emnlp-main.1748,DE,2025,EMNLP,44.200000000001,1.6454222693491016,2496.0,0,3
2025.emnlp-main.1755,DE,2025,EMNLP,119.1,2.0759117614827773,2496.0,0,1
2025.emnlp-main.1762,DE,2025,EMNLP,3024.0,3.480581786829169,2496.0,1,1
2025.emnlp-main.1797,DE,2025,EMNLP,2496.0,3.397244581010386,2496.0,1,1
2025.emnlp-main.1808,DE,2025,EMNLP,6048.0,3.78161178249315,2496.0,1,4
2025.emnlp-main.218,DE,2025,EMNLP,2496.0,3.397244581010386,2496.0,1,3
2025.emnlp-main.285,DE,2025,EMNLP,2496.0,3.397244581010386,2496.0,1,2
2025.emnlp-main.374,DE,2025,EMNLP,2496.0,3.397244581010386,2496.0,1,2
2025.emnlp-main.392,DE,2025,EMNLP,1248.0,3.0962145853464054,2496.0,0,2
2025.emnlp-main.393,DE,2025,EMNLP,1247.2,3.095936102180785,2496.0,0,2
2025.emnlp-main.396,DE,2025,EMNLP,7916.0,3.8985057855343586,2496.0,1,1
2025.emnlp-main.415,DE,2025,EMNLP,936.0,2.971275848738105,2496.0,0,2
2025.emnlp-main.417,DE,2025,EMNLP,119.1,2.0759117614827773,2496.0,0,1
2025.emnlp-main.418,DE,2025,EMNLP,756.0,2.8785217955012063,2496.0,0,3
2025.emnlp-main.43,DE,2025,EMNLP,714.6,2.854063011866421,2496.0,0,1
2025.emnlp-main.435,DE,2025,EMNLP,952.8,2.979001748474721,2496.0,0,1
2025.emnlp-main.437,DE,2025,EMNLP,312.0,2.494154594018443,2496.0,0,2
2025.emnlp-main.440,DE,2025,EMNLP,2640.0,3.4216039268698313,2496.0,1,2
2025.emnlp-main.441,DE,2025,EMNLP,312.0,2.494154594018443,2496.0,0,3
2025.emnlp-main.449,DE,2025,EMNLP,19968.0,4.30033456800233,2496.0,1,2
2025.emnlp-main.455,DE,2025,EMNLP,119.1,2.0759117614827773,2496.0,0,1
2025.emnlp-main.472,DE,2025,EMNLP,756.0,2.8785217955012063,2496.0,0,1
2025.emnlp-main.481,DE,2025,EMNLP,312.0,2.494154594018443,2496.0,0,2
2025.emnlp-main.490,DE,2025,EMNLP,756.0,2.8785217955012063,2496.0,0,2
2025.emnlp-main.491,DE,2025,EMNLP,888.8,2.9488040459328113,2496.0,0,11
2025.emnlp-main.52,DE,2025,EMNLP,119.1,2.0759117614827773,2496.0,0,3
2025.emnlp-main.525,DE,2025,EMNLP,1248.0,3.0962145853464054,2496.0,0,1
2025.emnlp-main.526,DE,2025,EMNLP,2496.0,3.397244581010386,2496.0,1,1
2025.emnlp-main.598,DE,2025,EMNLP,756.0,2.8785217955012063,2496.0,0,2
2025.emnlp-main.601,DE,2025,EMNLP,968.0,2.9858753573083936,2496.0,0,2
2025.emnlp-main.611,DE,2025,EMNLP,756.0,2.8785217955012063,2496.0,0,3
2025.emnlp-main.692,DE,2025,EMNLP,476.4,2.67797175281074,2496.0,0,4
2025.emnlp-main.762,DE,2025,EMNLP,362.0,2.558708570533166,2496.0,0,2
2025.emnlp-main.830,DE,2025,EMNLP,6048.0,3.78161178249315,2496.0,1,4
2025.emnlp-main.912,DE,2025,EMNLP,312.0,2.494154594018443,2496.0,0,2
2025.emnlp-main.93,DE,2025,EMNLP,2496.0,3.397244581010386,2496.0,1,1
2025.emnlp-main.936,DE,2025,EMNLP,1512.0,3.1795517911651876,2496.0,0,1
2025.emnlp-main.954,DE,2025,EMNLP,312.0,2.494154594018443,2496.0,0,1
2025.naacl-long.300,DE,2025,NAACL,2496.0,3.397244581010386,2496.0,1,2
2025.naacl-long.312,DE,2025,NAACL,952.8,2.979001748474721,2496.0,0,4
2025.naacl-long.34,DE,2025,NAACL,125.0,2.0969100130080562,2496.0,0,2
2025.naacl-long.490,DE,2025,NAACL,2268.0,3.355643050220869,2496.0,0,2
2025.naacl-long.491,DE,2025,NAACL,312.0,2.494154594018443,2496.0,0,4
2025.naacl-long.492,DE,2025,NAACL,312.0,2.494154594018443,2496.0,0,2
2025.naacl-long.495,DE,2025,NAACL,71.0,1.8512583487190752,2496.0,0,2
2025.naacl-long.517,DE,2025,NAACL,149.7,2.1752218003430523,2496.0,0,3
2025.naacl-long.532,DE,2025,NAACL,312.0,2.494154594018443,2496.0,0,1
2025.naacl-long.546,DE,2025,NAACL,89.2,1.9503648543761232,2496.0,0,1
2025.naacl-long.551,DE,2025,NAACL,119.1,2.0759117614827773,2496.0,0,1
2025.naacl-long.567,DE,2025,NAACL,119.1,2.0759117614827773,2496.0,0,1
2025.naacl-long.571,DE,2025,NAACL,71.0,1.8512583487190752,2496.0,0,3
2025.naacl-long.580,DE,2025,NAACL,149.7,2.1752218003430523,2496.0,0,2
2025.naacl-long.600,DE,2025,NAACL,724.0,2.859738566197147,2496.0,0,16
2025.naacl-long.630,DE,2025,NAACL,312.0,2.494154594018443,2496.0,0,2
2025.naacl-long.91,DE,2025,NAACL,1248.0,3.0962145853464054,2496.0,0,1
2025.acl-long.1097,DK,2025,ACL,4992.0,3.6982745766743674,2496.0,1,3
2025.acl-long.1156,DK,2025,ACL,165.0,2.2174839442139063,2496.0,0,2
2025.acl-long.1185,DK,2025,ACL,149.7,2.1752218003430523,2496.0,0,2
2025.acl-long.1260,DK,2025,ACL,2496.0,3.397244581010386,2496.0,1,2
2025.acl-long.1546,DK,2025,ACL,756.0,2.8785217955012063,2496.0,0,2
2025.acl-long.188,DK,2025,ACL,1512.0,3.1795517911651876,2496.0,0,2
2025.acl-long.38,DK,2025,ACL,1248.0,3.0962145853464054,2496.0,0,2
2025.acl-long.729,DK,2025,ACL,1248.0,3.0962145853464054,2496.0,0,5
2025.acl-long.968,DK,2025,ACL,149.7,2.1752218003430523,2496.0,0,2
2025.emnlp-main.1149,DK,2025,EMNLP,312.0,2.494154594018443,2496.0,0,2
2025.emnlp-main.1189,DK,2025,EMNLP,336.0,2.526339277389844,2496.0,0,2
2025.emnlp-main.1494,DK,2025,EMNLP,1248.0,3.0962145853464054,2496.0,0,2
2025.emnlp-main.1606,DK,2025,EMNLP,2496.0,3.397244581010386,2496.0,1,1
2025.emnlp-main.1655,DK,2025,EMNLP,312.0,2.494154594018443,2496.0,0,2
2025.emnlp-main.427,DK,2025,EMNLP,2496.0,3.397244581010386,2496.0,1,1
2025.emnlp-main.477,DK,2025,EMNLP,598.8,2.777281791671015,2496.0,0,2
2025.emnlp-main.95,DK,2025,EMNLP,312.0,2.494154594018443,2496.0,0,2
2025.naacl-long.506,DK,2025,NAACL,142.0,2.1522883443830563,2496.0,0,1
2025.naacl-long.580,DK,2025,NAACL,149.7,2.1752218003430523,2496.0,0,2
2025.naacl-long.600,DK,2025,NAACL,724.0,2.859738566197147,2496.0,0,16
2025.acl-long.330,EE,2025,ACL,12.15,1.084576277934331,2496.0,0,4
2025.acl-long.1156,ES,2025,ACL,165.0,2.2174839442139063,2496.0,0,2
2025.acl-long.1529,ES,2025,ACL,121.0,2.0827853703164503,2496.0,0,2
2025.acl-long.1547,ES,2025,ACL,9984.0,3.9993045723383487,2496.0,1,2
2025.acl-long.1561,ES,2025,ACL,1512.0,3.1795517911651876,2496.0,0,6
2025.acl-long.1586,ES,2025,ACL,330.0,2.5185139398778875,2496.0,0,1
2025.acl-long.265,ES,2025,ACL,825.0,2.916453948549925,2496.0,0,3
2025.acl-long.324,ES,2025,ACL,1248.0,3.0962145853464054,2496.0,0,2
2025.acl-long.330,ES,2025,ACL,12.15,1.084576277934331,2496.0,0,4
2025.acl-long.464,ES,2025,ACL,756.0,2.8785217955012063,2496.0,0,8
2025.acl-long.772,ES,2025,ACL,330.0,2.5185139398778875,2496.0,0,3
2025.acl-long.903,ES,2025,ACL,426.0,2.629409599102719,2496.0,0,2
2025.emnlp-main.1120,ES,2025,EMNLP,990.0,2.99563519459755,2496.0,0,2
2025.emnlp-main.1484,ES,2025,EMNLP,79872.0,4.9023945593302924,2496.0,1,1
2025.emnlp-main.1552,ES,2025,EMNLP,1512.0,3.1795517911651876,2496.0,0,2
2025.emnlp-main.1800,ES,2025,EMNLP,330.0,2.5185139398778875,2496.0,0,1
2025.emnlp-main.21,ES,2025,EMNLP,7916.0,3.8985057855343586,2496.0,1,2
2025.emnlp-main.399,ES,2025,EMNLP,312.0,2.494154594018443,2496.0,0,2
2025.emnlp-main.447,ES,2025,EMNLP,568.0,2.754348335711019,2496.0,0,1
2025.emnlp-main.475,ES,2025,EMNLP,2496.0,3.397244581010386,2496.0,1,3
2025.emnlp-main.491,ES,2025,EMNLP,888.8,2.9488040459328113,2496.0,0,11
2025.naacl-long.553,ES,2025,NAACL,1448.0,3.1607685618611283,2496.0,0,2
2025.naacl-long.629,ES,2025,NAACL,2496.0,3.397244581010386,2496.0,1,1
2025.acl-long.1101,FI,2025,ACL,2496.0,3.397244581010386,2496.0,1,2
2025.acl-long.269,FI,2025,ACL,112.0,2.0492180226701815,2496.0,0,2
2025.acl-long.854,FI,2025,ACL,49024.0,4.690408743616491,2496.0,1,5
2025.acl-long.903,FI,2025,ACL,426.0,2.629409599102719,2496.0,0,2
2025.emnlp-main.1408,FI,2025,EMNLP,448.0,2.651278013998144,2496.0,0,2
2025.emnlp-main.1802,FI,2025,EMNLP,91.06,1.9593276459721711,2496.0,0,1
2025.acl-long.1151,FR,2025,ACL,222.2,2.346744054604849,2496.0,0,2
2025.acl-long.1154,FR,2025,ACL,2496.0,3.397244581010386,2496.0,1,2
2025.acl-long.1168,FR,2025,ACL,2496.0,3.397244581010386,2496.0,1,2
2025.acl-long.193,FR,2025,ACL,2496.0,3.397244581010386,2496.0,1,3
2025.acl-long.269,FR,2025,ACL,112.0,2.0492180226701815,2496.0,0,2
2025.acl-long.334,FR,2025,ACL,756.0,2.8785217955012063,2496.0,0,1
2025.acl-long.335,FR,2025,ACL,312.0,2.494154594018443,2496.0,0,1
2025.acl-long.371,FR,2025,ACL,2496.0,3.397244581010386,2496.0,1,3
2025.acl-long.438,FR,2025,ACL,2496.0,3.397244581010386,2496.0,1,3
2025.acl-long.783,FR,2025,ACL,2496.0,3.397244581010386,2496.0,1,2
2025.acl-long.860,FR,2025,ACL,112.0,2.0492180226701815,2496.0,0,1
2025.acl-long.894,FR,2025,ACL,835.5,2.9219464542294102,2496.0,0,1
2025.emnlp-main.1028,FR,2025,EMNLP,2496.0,3.397244581010386,2496.0,1,3
2025.emnlp-main.122,FR,2025,EMNLP,1248.0,3.0962145853464054,2496.0,0,2
2025.emnlp-main.1295,FR,2025,EMNLP,312.0,2.494154594018443,2496.0,0,2
2025.emnlp-main.1368,FR,2025,EMNLP,312.0,2.494154594018443,2496.0,0,1
2025.emnlp-main.1387,FR,2025,EMNLP,112.0,2.0492180226701815,2496.0,0,1
2025.emnlp-main.1396,FR,2025,EMNLP,1248.0,3.0962145853464054,2496.0,0,4
2025.emnlp-main.1509,FR,2025,EMNLP,39936.0,4.601364563666311,2496.0,1,2
2025.emnlp-main.1599,FR,2025,EMNLP,2496.0,3.397244581010386,2496.0,1,1
2025.emnlp-main.1643,FR,2025,EMNLP,756.0,2.8785217955012063,2496.0,0,1
2025.emnlp-main.371,FR,2025,EMNLP,112.0,2.0492180226701815,2496.0,0,1
2025.emnlp-main.404,FR,2025,EMNLP,624.0,2.795184589682424,2496.0,0,1
2025.emnlp-main.52,FR,2025,EMNLP,119.1,2.0759117614827773,2496.0,0,3
2025.emnlp-main.686,FR,2025,EMNLP,330.0,2.5185139398778875,2496.0,0,2
2025.emnlp-main.720,FR,2025,EMNLP,312.0,2.494154594018443,2496.0,0,1
2025.emnlp-main.81,FR,2025,EMNLP,149.7,2.1752218003430523,2496.0,0,2
2025.emnlp-main.906,FR,2025,EMNLP,2496.0,3.397244581010386,2496.0,1,2
2025.naacl-long.24,FR,2025,NAACL,1248.0,3.0962145853464054,2496.0,0,1
2025.naacl-long.291,FR,2025,NAACL,312.0,2.494154594018443,2496.0,0,1
2025.naacl-long.600,FR,2025,NAACL,724.0,2.859738566197147,2496.0,0,16
2025.acl-long.1054,GB,2025,ACL,119.1,2.0759117614827773,2496.0,0,2
2025.acl-long.1063,GB,2025,ACL,284.0,2.4533183400470375,2496.0,0,3
2025.acl-long.1097,GB,2025,ACL,4992.0,3.6982745766743674,2496.0,1,3
2025.acl-long.1142,GB,2025,ACL,568.0,2.754348335711019,2496.0,0,2
2025.acl-long.115,GB,2025,ACL,112.0,2.0492180226701815,2496.0,0,3
2025.acl-long.1174,GB,2025,ACL,39936.0,4.601364563666311,2496.0,1,2
2025.acl-long.1181,GB,2025,ACL,330.0,2.5185139398778875,2496.0,0,1
2025.acl-long.1182,GB,2025,ACL,1320.0,3.12057393120585,2496.0,0,3
2025.acl-long.1223,GB,2025,ACL,312.0,2.494154594018443,2496.0,0,3
2025.acl-long.1260,GB,2025,ACL,2496.0,3.397244581010386,2496.0,1,2
2025.acl-long.1266,GB,2025,ACL,2496.0,3.397244581010386,2496.0,1,2
2025.acl-long.1277,GB,2025,ACL,312.0,2.494154594018443,2496.0,0,1
2025.acl-long.1317,GB,2025,ACL,238.2,2.3769417571467586,2496.0,0,2
2025.acl-long.134,GB,2025,ACL,484.0,2.6848453616444123,2496.0,0,2
2025.acl-long.1340,GB,2025,ACL,312.0,2.494154594018443,2496.0,0,2
2025.acl-long.1342,GB,2025,ACL,6048.0,3.78161178249315,2496.0,1,4
2025.acl-long.1358,GB,2025,ACL,2496.0,3.397244581010386,2496.0,1,2
2025.acl-long.1368,GB,2025,ACL,312.0,2.494154594018443,2496.0,0,2
2025.acl-long.137,GB,2025,ACL,2496.0,3.397244581010386,2496.0,1,3
2025.acl-long.1374,GB,2025,ACL,312.0,2.494154594018443,2496.0,0,2
2025.acl-long.1375,GB,2025,ACL,2496.0,3.397244581010386,2496.0,1,2
2025.acl-long.1420,GB,2025,ACL,6048.0,3.78161178249315,2496.0,1,2
2025.acl-long.1429,GB,2025,ACL,312.0,2.494154594018443,2496.0,0,2
2025.acl-long.1437,GB,2025,ACL,312.0,2.494154594018443,2496.0,0,4
2025.acl-long.1444,GB,2025,ACL,330.0,2.5185139398778875,2496.0,0,1
2025.acl-long.1448,GB,2025,ACL,624.0,2.795184589682424,2496.0,0,1
2025.acl-long.1467,GB,2025,ACL,1248.0,3.0962145853464054,2496.0,0,2
2025.acl-long.1541,GB,2025,ACL,312.0,2.494154594018443,2496.0,0,2
2025.acl-long.155,GB,2025,ACL,1248.0,3.0962145853464054,2496.0,0,2
2025.acl-long.156,GB,2025,ACL,312.0,2.494154594018443,2496.0,0,2
2025.acl-long.167,GB,2025,ACL,112.0,2.0492180226701815,2496.0,0,1
2025.acl-long.190,GB,2025,ACL,312.0,2.494154594018443,2496.0,0,1
2025.acl-long.191,GB,2025,ACL,312.0,2.494154594018443,2496.0,0,3
2025.acl-long.195,GB,2025,ACL,312.0,2.494154594018443,2496.0,0,1
2025.acl-long.210,GB,2025,ACL,312.0,2.494154594018443,2496.0,0,1
2025.acl-long.237,GB,2025,ACL,2496.0,3.397244581010386,2496.0,1,2
2025.acl-long.255,GB,2025,ACL,312.0,2.494154594018443,2496.0,0,2
2025.acl-long.265,GB,2025,ACL,825.0,2.916453948549925,2496.0,0,3
2025.acl-long.270,GB,2025,ACL,1248.0,3.0962145853464054,2496.0,0,2
2025.acl-long.277,GB,2025,ACL,2496.0,3.397244581010386,2496.0,1,3
2025.acl-long.308,GB,2025,ACL,952.8,2.979001748474721,2496.0,0,2
2025.acl-long.313,GB,2025,ACL,7915.2,3.898461893020106,2496.0,1,2
2025.acl-long.317,GB,2025,ACL,1248.0,3.0962145853464054,2496.0,0,2
2025.acl-long.336,GB,2025,ACL,6048.0,3.78161178249315,2496.0,1,2
2025.acl-long.340,GB,2025,ACL,312.0,2.494154594018443,2496.0,0,1
2025.acl-long.378,GB,2025,ACL,2496.0,3.397244581010386,2496.0,1,2
2025.acl-long.385,GB,2025,ACL,2496.0,3.397244581010386,2496.0,1,3
2025.acl-long.402,GB,2025,ACL,476.4,2.67797175281074,2496.0,0,2
2025.acl-long.422,GB,2025,ACL,181.0,2.2576785748691846,2496.0,0,3
2025.acl-long.433,GB,2025,ACL,330.0,2.5185139398778875,2496.0,0,1
2025.acl-long.454,GB,2025,ACL,119.1,2.0759117614827773,2496.0,0,1
2025.acl-long.464,GB,2025,ACL,756.0,2.8785217955012063,2496.0,0,8
2025.acl-long.466,GB,2025,ACL,9977.6,3.999026089172729,2496.0,1,2
2025.acl-long.529,GB,2025,ACL,312.0,2.494154594018443,2496.0,0,2
2025.acl-long.54,GB,2025,ACL,1247.2,3.095936102180785,2496.0,0,3
2025.acl-long.540,GB,2025,ACL,624.0,2.795184589682424,2496.0,0,2
2025.acl-long.587,GB,2025,ACL,2496.0,3.397244581010386,2496.0,1,4
2025.acl-long.610,GB,2025,ACL,1248.0,3.0962145853464054,2496.0,0,2
2025.acl-long.700,GB,2025,ACL,311.8,2.4938761108528227,2496.0,0,3
2025.acl-long.729,GB,2025,ACL,1248.0,3.0962145853464054,2496.0,0,5
2025.acl-long.756,GB,2025,ACL,91.06,1.9593276459721711,2496.0,0,3
2025.acl-long.796,GB,2025,ACL,312.0,2.494154594018443,2496.0,0,3
2025.acl-long.798,GB,2025,ACL,1248.0,3.0962145853464054,2496.0,0,2
2025.acl-long.800,GB,2025,ACL,312.0,2.494154594018443,2496.0,0,2
2025.acl-long.806,GB,2025,ACL,312.0,2.494154594018443,2496.0,0,4
2025.acl-long.809,GB,2025,ACL,1248.0,3.0962145853464054,2496.0,0,1
2025.acl-long.813,GB,2025,ACL,48384.0,4.684701769485094,2496.0,1,3
2025.acl-long.817,GB,2025,ACL,624.0,2.795184589682424,2496.0,0,2
2025.acl-long.837,GB,2025,ACL,1248.0,3.0962145853464054,2496.0,0,4
2025.acl-long.854,GB,2025,ACL,49024.0,4.690408743616491,2496.0,1,5
2025.acl-long.862,GB,2025,ACL,312.0,2.494154594018443,2496.0,0,4
2025.acl-long.869,GB,2025,ACL,312.0,2.494154594018443,2496.0,0,1
2025.acl-long.899,GB,2025,ACL,312.0,2.494154594018443,2496.0,0,2
2025.acl-long.928,GB,2025,ACL,2496.0,3.397244581010386,2496.0,1,2
2025.acl-long.929,GB,2025,ACL,119.1,2.0759117614827773,2496.0,0,1
2025.acl-long.948,GB,2025,ACL,312.0,2.494154594018443,2496.0,0,3
2025.emnlp-main.1132,GB,2025,EMNLP,312.0,2.494154594018443,2496.0,0,4
2025.emnlp-main.1142,GB,2025,EMNLP,3342.0,3.5240064455573727,2496.0,1,2
2025.emnlp-main.1166,GB,2025,EMNLP,1248.0,3.0962145853464054,2496.0,0,3
2025.emnlp-main.1200,GB,2025,EMNLP,312.0,2.494154594018443,2496.0,0,1
2025.emnlp-main.1215,GB,2025,EMNLP,71.0,1.8512583487190752,2496.0,0,1
2025.emnlp-main.122,GB,2025,EMNLP,1248.0,3.0962145853464054,2496.0,0,2
2025.emnlp-main.1231,GB,2025,EMNLP,3024.0,3.480581786829169,2496.0,1,2
2025.emnlp-main.1252,GB,2025,EMNLP,756.0,2.8785217955012063,2496.0,0,2
2025.emnlp-main.127,GB,2025,EMNLP,1512.0,3.1795517911651876,2496.0,0,6
2025.emnlp-main.1286,GB,2025,EMNLP,2496.0,3.397244581010386,2496.0,1,1
2025.emnlp-main.1321,GB,2025,EMNLP,312.0,2.494154594018443,2496.0,0,2
2025.emnlp-main.1365,GB,2025,EMNLP,149.7,2.1752218003430523,2496.0,0,2
2025.emnlp-main.1369,GB,2025,EMNLP,312.0,2.494154594018443,2496.0,0,2
2025.emnlp-main.1373,GB,2025,EMNLP,119.1,2.0759117614827773,2496.0,0,1
2025.emnlp-main.1408,GB,2025,EMNLP,448.0,2.651278013998144,2496.0,0,2
2025.emnlp-main.1426,GB,2025,EMNLP,989.5,2.9954157985424152,2496.0,0,4
2025.emnlp-main.1444,GB,2025,EMNLP,330.0,2.5185139398778875,2496.0,0,2
2025.emnlp-main.1502,GB,2025,EMNLP,989.5,2.9954157985424152,2496.0,0,1
2025.emnlp-main.1516,GB,2025,EMNLP,989.5,2.9954157985424152,2496.0,0,1
2025.emnlp-main.1517,GB,2025,EMNLP,3024.0,3.480581786829169,2496.0,1,5
2025.emnlp-main.1519,GB,2025,EMNLP,110.0,2.041392685158225,2496.0,0,1
2025.emnlp-main.1531,GB,2025,EMNLP,756.0,2.8785217955012063,2496.0,0,1
2025.emnlp-main.1535,GB,2025,EMNLP,1248.0,3.0962145853464054,2496.0,0,3
2025.emnlp-main.155,GB,2025,EMNLP,3024.0,3.480581786829169,2496.0,1,2
2025.emnlp-main.1595,GB,2025,EMNLP,2496.0,3.397244581010386,2496.0,1,2
2025.emnlp-main.1621,GB,2025,EMNLP,624.0,2.795184589682424,2496.0,0,4
2025.emnlp-main.1624,GB,2025,EMNLP,1307.4,3.1164084806298993,2496.0,0,1
2025.emnlp-main.1626,GB,2025,EMNLP,3024.0,3.480581786829169,2496.0,1,1
2025.emnlp-main.1627,GB,2025,EMNLP,6048.0,3.78161178249315,2496.0,1,3
2025.emnlp-main.1632,GB,2025,EMNLP,312.0,2.494154594018443,2496.0,0,2
2025.emnlp-main.1646,GB,2025,EMNLP,623.6,2.794906106516804,2496.0,0,2
2025.emnlp-main.1655,GB,2025,EMNLP,312.0,2.494154594018443,2496.0,0,2
2025.emnlp-main.1659,GB,2025,EMNLP,1248.0,3.0962145853464054,2496.0,0,2
2025.emnlp-main.1682,GB,2025,EMNLP,2496.0,3.397244581010386,2496.0,1,3
2025.emnlp-main.1705,GB,2025,EMNLP,1248.0,3.0962145853464054,2496.0,0,2
2025.emnlp-main.1726,GB,2025,EMNLP,444.4,2.64777405026883,2496.0,0,3
2025.emnlp-main.173,GB,2025,EMNLP,1248.0,3.0962145853464054,2496.0,0,2
2025.emnlp-main.1740,GB,2025,EMNLP,624.0,2.795184589682424,2496.0,0,2
2025.emnlp-main.1769,GB,2025,EMNLP,110.0,2.041392685158225,2496.0,0,2
2025.emnlp-main.1773,GB,2025,EMNLP,149.7,2.1752218003430523,2496.0,0,1
2025.emnlp-main.1809,GB,2025,EMNLP,728.48,2.8624176329641147,2496.0,0,5
2025.emnlp-main.209,GB,2025,EMNLP,1448.0,3.1607685618611283,2496.0,0,3
2025.emnlp-main.219,GB,2025,EMNLP,312.0,2.494154594018443,2496.0,0,2
2025.emnlp-main.255,GB,2025,EMNLP,39936.0,4.601364563666311,2496.0,1,3
2025.emnlp-main.285,GB,2025,EMNLP,2496.0,3.397244581010386,2496.0,1,2
2025.emnlp-main.333,GB,2025,EMNLP,312.0,2.494154594018443,2496.0,0,2
2025.emnlp-main.359,GB,2025,EMNLP,1248.0,3.0962145853464054,2496.0,0,2
2025.emnlp-main.36,GB,2025,EMNLP,312.0,2.494154594018443,2496.0,0,1
2025.emnlp-main.370,GB,2025,EMNLP,312.0,2.494154594018443,2496.0,0,4
2025.emnlp-main.378,GB,2025,EMNLP,1512.0,3.1795517911651876,2496.0,0,2
2025.emnlp-main.412,GB,2025,EMNLP,952.8,2.979001748474721,2496.0,0,2
2025.emnlp-main.441,GB,2025,EMNLP,312.0,2.494154594018443,2496.0,0,3
2025.emnlp-main.461,GB,2025,EMNLP,476.4,2.67797175281074,2496.0,0,2
2025.emnlp-main.49,GB,2025,EMNLP,2496.0,3.397244581010386,2496.0,1,2
2025.emnlp-main.491,GB,2025,EMNLP,888.8,2.9488040459328113,2496.0,0,11
2025.emnlp-main.52,GB,2025,EMNLP,119.1,2.0759117614827773,2496.0,0,3
2025.emnlp-main.549,GB,2025,EMNLP,119.1,2.0759117614827773,2496.0,0,2
2025.emnlp-main.556,GB,2025,EMNLP,1248.0,3.0962145853464054,2496.0,0,3
2025.emnlp-main.558,GB,2025,EMNLP,2496.0,3.397244581010386,2496.0,1,1
2025.emnlp-main.573,GB,2025,EMNLP,989.5,2.9954157985424152,2496.0,0,2
2025.emnlp-main.577,GB,2025,EMNLP,312.0,2.494154594018443,2496.0,0,2
2025.emnlp-main.611,GB,2025,EMNLP,756.0,2.8785217955012063,2496.0,0,3
2025.emnlp-main.637,GB,2025,EMNLP,2496.0,3.397244581010386,2496.0,1,3
2025.emnlp-main.656,GB,2025,EMNLP,312.0,2.494154594018443,2496.0,0,4
2025.emnlp-main.699,GB,2025,EMNLP,1248.0,3.0962145853464054,2496.0,0,1
2025.emnlp-main.703,GB,2025,EMNLP,756.0,2.8785217955012063,2496.0,0,2
2025.emnlp-main.709,GB,2025,EMNLP,624.0,2.795184589682424,2496.0,0,2
2025.emnlp-main.754,GB,2025,EMNLP,238.16,2.376868821638668,2496.0,0,1
2025.emnlp-main.777,GB,2025,EMNLP,312.0,2.494154594018443,2496.0,0,1
2025.emnlp-main.809,GB,2025,EMNLP,357.3,2.55303301620244,2496.0,0,2
2025.emnlp-main.822,GB,2025,EMNLP,312.0,2.494154594018443,2496.0,0,2
2025.emnlp-main.842,GB,2025,EMNLP,312.0,2.494154594018443,2496.0,0,2
2025.emnlp-main.85,GB,2025,EMNLP,330.0,2.5185139398778875,2496.0,0,1
2025.emnlp-main.874,GB,2025,EMNLP,6048.0,3.78161178249315,2496.0,1,2
2025.emnlp-main.939,GB,2025,EMNLP,476.4,2.67797175281074,2496.0,0,1
2025.emnlp-main.958,GB,2025,EMNLP,2496.0,3.397244581010386,2496.0,1,1
2025.emnlp-main.960,GB,2025,EMNLP,756.0,2.8785217955012063,2496.0,0,3
2025.emnlp-main.992,GB,2025,EMNLP,312.0,2.494154594018443,2496.0,0,2
2025.naacl-long.116,GB,2025,NAACL,312.0,2.494154594018443,2496.0,0,1
2025.naacl-long.155,GB,2025,NAACL,312.0,2.494154594018443,2496.0,0,2
2025.naacl-long.199,GB,2025,NAACL,476.4,2.67797175281074,2496.0,0,2
2025.naacl-long.262,GB,2025,NAACL,312.0,2.494154594018443,2496.0,0,2
2025.naacl-long.288,GB,2025,NAACL,1248.0,3.0962145853464054,2496.0,0,3
2025.naacl-long.304,GB,2025,NAACL,476.4,2.67797175281074,2496.0,0,3
2025.naacl-long.327,GB,2025,NAACL,125.0,2.0969100130080562,2496.0,0,2
2025.naacl-long.358,GB,2025,NAACL,624.0,2.795184589682424,2496.0,0,1
2025.naacl-long.362,GB,2025,NAACL,312.0,2.494154594018443,2496.0,0,2
2025.naacl-long.371,GB,2025,NAACL,624.0,2.795184589682424,2496.0,0,2
2025.naacl-long.386,GB,2025,NAACL,312.0,2.494154594018443,2496.0,0,1
2025.naacl-long.402,GB,2025,NAACL,149.7,2.1752218003430523,2496.0,0,1
2025.naacl-long.426,GB,2025,NAACL,130.5,2.1156105116742996,2496.0,0,4
2025.naacl-long.444,GB,2025,NAACL,312.0,2.494154594018443,2496.0,0,2
2025.naacl-long.492,GB,2025,NAACL,312.0,2.494154594018443,2496.0,0,2
2025.naacl-long.499,GB,2025,NAACL,2496.0,3.397244581010386,2496.0,1,3
2025.naacl-long.509,GB,2025,NAACL,312.0,2.494154594018443,2496.0,0,1
2025.naacl-long.513,GB,2025,NAACL,2496.0,3.397244581010386,2496.0,1,2
2025.naacl-long.521,GB,2025,NAACL,312.0,2.494154594018443,2496.0,0,1
2025.naacl-long.529,GB,2025,NAACL,119.1,2.0759117614827773,2496.0,0,2
2025.naacl-long.534,GB,2025,NAACL,312.0,2.494154594018443,2496.0,0,1
2025.naacl-long.557,GB,2025,NAACL,476.4,2.67797175281074,2496.0,0,2
2025.naacl-long.577,GB,2025,NAACL,476.4,2.67797175281074,2496.0,0,1
2025.naacl-long.597,GB,2025,NAACL,2496.0,3.397244581010386,2496.0,1,2
2025.naacl-long.599,GB,2025,NAACL,1560.0,3.1931245983544616,2496.0,0,2
2025.naacl-long.600,GB,2025,NAACL,724.0,2.859738566197147,2496.0,0,16
2025.naacl-long.630,GB,2025,NAACL,312.0,2.494154594018443,2496.0,0,2
2025.emnlp-main.87,GE,2025,EMNLP,312.0,2.494154594018443,2496.0,0,2
2025.emnlp-main.467,GH,2025,EMNLP,12096.0,4.082641778157131,2496.0,1,1
2025.acl-long.1060,GR,2025,ACL,330.0,2.5185139398778875,2496.0,0,2
2025.emnlp-main.1396,GR,2025,EMNLP,1248.0,3.0962145853464054,2496.0,0,4
2025.emnlp-main.1535,GR,2025,EMNLP,1248.0,3.0962145853464054,2496.0,0,3
2025.emnlp-main.403,GR,2025,EMNLP,476.4,2.67797175281074,2496.0,0,2
2025.naacl-long.284,GR,2025,NAACL,312.0,2.494154594018443,2496.0,0,2
2025.acl-long.1296,ID,2025,ACL,598.8,2.777281791671015,2496.0,0,3
2025.emnlp-main.127,ID,2025,EMNLP,1512.0,3.1795517911651876,2496.0,0,6
2025.emnlp-main.175,ID,2025,EMNLP,2496.0,3.397244581010386,2496.0,1,4
2025.acl-long.431,IE,2025,ACL,756.0,2.8785217955012063,2496.0,0,2
2025.acl-long.749,IE,2025,ACL,330.0,2.5185139398778875,2496.0,0,3
2025.emnlp-main.1173,IE,2025,EMNLP,756.0,2.8785217955012063,2496.0,0,2
2025.emnlp-main.1231,IE,2025,EMNLP,3024.0,3.480581786829169,2496.0,1,2
2025.emnlp-main.1544,IE,2025,EMNLP,2496.0,3.397244581010386,2496.0,1,3
2025.emnlp-main.1809,IE,2025,EMNLP,728.48,2.8624176329641147,2496.0,0,5
2025.emnlp-main.468,IE,2025,EMNLP,112.0,2.0492180226701815,2496.0,0,2
2025.emnlp-main.744,IE,2025,EMNLP,756.0,2.8785217955012063,2496.0,0,2
2025.naacl-long.491,IE,2025,NAACL,312.0,2.494154594018443,2496.0,0,4
2025.acl-long.1143,IL,2025,ACL,312.0,2.494154594018443,2496.0,0,1
2025.acl-long.121,IL,2025,ACL,71.0,1.8512583487190752,2496.0,0,1
2025.acl-long.1411,IL,2025,ACL,756.0,2.8785217955012063,2496.0,0,1
2025.acl-long.1528,IL,2025,ACL,1248.0,3.0962145853464054,2496.0,0,1
2025.acl-long.280,IL,2025,ACL,312.0,2.494154594018443,2496.0,0,1
2025.acl-long.288,IL,2025,ACL,756.0,2.8785217955012063,2496.0,0,1
2025.acl-long.746,IL,2025,ACL,312.0,2.494154594018443,2496.0,0,2
2025.acl-long.866,IL,2025,ACL,6048.0,3.78161178249315,2496.0,1,1
2025.acl-long.947,IL,2025,ACL,222.2,2.346744054604849,2496.0,0,1
2025.acl-long.956,IL,2025,ACL,312.0,2.494154594018443,2496.0,0,1
2025.emnlp-main.1098,IL,2025,EMNLP,89.2,1.9503648543761232,2496.0,0,2
2025.emnlp-main.1547,IL,2025,EMNLP,222.2,2.346744054604849,2496.0,0,2
2025.emnlp-main.1601,IL,2025,EMNLP,312.0,2.494154594018443,2496.0,0,1
2025.emnlp-main.310,IL,2025,EMNLP,2496.0,3.397244581010386,2496.0,1,2
2025.emnlp-main.436,IL,2025,EMNLP,724.0,2.859738566197147,2496.0,0,2
2025.emnlp-main.504,IL,2025,EMNLP,182.12,2.260357641636152,2496.0,0,2
2025.emnlp-main.519,IL,2025,EMNLP,1197.6,3.078311787334996,2496.0,0,2
2025.emnlp-main.736,IL,2025,EMNLP,178.4,2.2513948500401044,2496.0,0,2
2025.emnlp-main.841,IL,2025,EMNLP,312.0,2.494154594018443,2496.0,0,1
2025.emnlp-main.949,IL,2025,EMNLP,312.0,2.494154594018443,2496.0,0,2
2025.emnlp-main.950,IL,2025,EMNLP,312.0,2.494154594018443,2496.0,0,1
2025.emnlp-main.960,IL,2025,EMNLP,756.0,2.8785217955012063,2496.0,0,3
2025.emnlp-main.985,IL,2025,EMNLP,1248.0,3.0962145853464054,2496.0,0,4
2025.naacl-long.277,IL,2025,NAACL,448.0,2.651278013998144,2496.0,0,1
2025.naacl-long.304,IL,2025,NAACL,476.4,2.67797175281074,2496.0,0,3
2025.naacl-long.312,IL,2025,NAACL,952.8,2.979001748474721,2496.0,0,4
2025.naacl-long.389,IL,2025,NAACL,312.0,2.494154594018443,2496.0,0,2
2025.naacl-long.52,IL,2025,NAACL,149.7,2.1752218003430523,2496.0,0,1
2025.naacl-long.527,IL,2025,NAACL,119.1,2.0759117614827773,2496.0,0,2
2025.naacl-long.574,IL,2025,NAACL,149.7,2.1752218003430523,2496.0,0,3
2025.acl-long.1003,IN,2025,ACL,312.0,2.494154594018443,2496.0,0,2
2025.acl-long.1009,IN,2025,ACL,2496.0,3.397244581010386,2496.0,1,2
2025.acl-long.1070,IN,2025,ACL,119.1,2.0759117614827773,2496.0,0,1
2025.acl-long.1110,IN,2025,ACL,714.6,2.854063011866421,2496.0,0,2
2025.acl-long.1131,IN,2025,ACL,8.873,0.9480704815189411,2496.0,0,1
2025.acl-long.1152,IN,2025,ACL,330.0,2.5185139398778875,2496.0,0,1
2025.acl-long.1241,IN,2025,ACL,312.0,2.494154594018443,2496.0,0,2
2025.acl-long.1330,IN,2025,ACL,8.126,0.9098768179903928,2496.0,0,2
2025.acl-long.1340,IN,2025,ACL,312.0,2.494154594018443,2496.0,0,2
2025.acl-long.1390,IN,2025,ACL,112.0,2.0492180226701815,2496.0,0,2
2025.acl-long.1419,IN,2025,ACL,6048.0,3.78161178249315,2496.0,1,3
2025.acl-long.1480,IN,2025,ACL,312.0,2.494154594018443,2496.0,0,2
2025.acl-long.1582,IN,2025,ACL,2496.0,3.397244581010386,2496.0,1,2
2025.acl-long.1600,IN,2025,ACL,2496.0,3.397244581010386,2496.0,1,3
2025.acl-long.330,IN,2025,ACL,12.15,1.084576277934331,2496.0,0,4
2025.acl-long.365,IN,2025,ACL,312.0,2.494154594018443,2496.0,0,2
2025.acl-long.471,IN,2025,ACL,624.0,2.795184589682424,2496.0,0,2
2025.acl-long.720,IN,2025,ACL,2496.0,3.397244581010386,2496.0,1,1
2025.acl-long.730,IN,2025,ACL,2496.0,3.397244581010386,2496.0,1,1
2025.acl-long.954,IN,2025,ACL,312.0,2.494154594018443,2496.0,0,1
2025.acl-long.962,IN,2025,ACL,1777.6,3.2498340415967926,2496.0,0,2
2025.emnlp-main.1034,IN,2025,EMNLP,149.7,2.1752218003430523,2496.0,0,2
2025.emnlp-main.120,IN,2025,EMNLP,312.0,2.494154594018443,2496.0,0,1
2025.emnlp-main.1226,IN,2025,EMNLP,312.0,2.494154594018443,2496.0,0,2
2025.emnlp-main.1269,IN,2025,EMNLP,181.0,2.2576785748691846,2496.0,0,2
2025.emnlp-main.1443,IN,2025,EMNLP,2496.0,3.397244581010386,2496.0,1,2
2025.emnlp-main.1462,IN,2025,EMNLP,238.2,2.3769417571467586,2496.0,0,2
2025.emnlp-main.1536,IN,2025,EMNLP,312.0,2.494154594018443,2496.0,0,2
2025.emnlp-main.1577,IN,2025,EMNLP,112.0,2.0492180226701815,2496.0,0,1
2025.emnlp-main.1613,IN,2025,EMNLP,357.3,2.55303301620244,2496.0,0,1
2025.emnlp-main.1621,IN,2025,EMNLP,624.0,2.795184589682424,2496.0,0,4
2025.emnlp-main.1706,IN,2025,EMNLP,2496.0,3.397244581010386,2496.0,1,1
2025.emnlp-main.1748,IN,2025,EMNLP,44.200000000001,1.6454222693491016,2496.0,0,3
2025.emnlp-main.1760,IN,2025,EMNLP,2496.0,3.397244581010386,2496.0,1,1
2025.emnlp-main.1796,IN,2025,EMNLP,312.0,2.494154594018443,2496.0,0,1
2025.emnlp-main.348,IN,2025,EMNLP,224.0,2.3502480183341627,2496.0,0,1
2025.emnlp-main.575,IN,2025,EMNLP,330.0,2.5185139398778875,2496.0,0,3
2025.emnlp-main.68,IN,2025,EMNLP,312.0,2.494154594018443,2496.0,0,1
2025.emnlp-main.738,IN,2025,EMNLP,312.0,2.494154594018443,2496.0,0,1
2025.emnlp-main.749,IN,2025,EMNLP,222.2,2.346744054604849,2496.0,0,1
2025.emnlp-main.771,IN,2025,EMNLP,312.0,2.494154594018443,2496.0,0,2
2025.emnlp-main.825,IN,2025,EMNLP,312.0,2.494154594018443,2496.0,0,1
2025.emnlp-main.845,IN,2025,EMNLP,181.0,2.2576785748691846,2496.0,0,2
2025.emnlp-main.889,IN,2025,EMNLP,312.0,2.494154594018443,2496.0,0,1
2025.naacl-long.310,IN,2025,NAACL,119.1,2.0759117614827773,2496.0,0,2
2025.naacl-long.329,IN,2025,NAACL,2496.0,3.397244581010386,2496.0,1,2
2025.naacl-long.39,IN,2025,NAACL,6048.0,3.78161178249315,2496.0,1,1
2025.naacl-long.426,IN,2025,NAACL,130.5,2.1156105116742996,2496.0,0,4
2025.naacl-long.488,IN,2025,NAACL,1248.0,3.0962145853464054,2496.0,0,2
2025.naacl-long.537,IN,2025,NAACL,312.0,2.494154594018443,2496.0,0,1
2025.naacl-long.539,IN,2025,NAACL,312.0,2.494154594018443,2496.0,0,1
2025.naacl-long.568,IN,2025,NAACL,312.0,2.494154594018443,2496.0,0,2
2025.naacl-long.571,IN,2025,NAACL,71.0,1.8512583487190752,2496.0,0,3
2025.naacl-long.632,IN,2025,NAACL,222.2,2.346744054604849,2496.0,0,1
2025.acl-long.1451,IQ,2025,ACL,71.0,1.8512583487190752,2496.0,0,6
2025.acl-long.1451,IR,2025,ACL,71.0,1.8512583487190752,2496.0,0,6
2025.acl-long.390,IR,2025,ACL,312.0,2.494154594018443,2496.0,0,1
2025.emnlp-main.1014,IR,2025,EMNLP,8.126,0.9098768179903928,2496.0,0,1
2025.emnlp-main.1352,IR,2025,EMNLP,71.0,1.8512583487190752,2496.0,0,1
2025.emnlp-main.1769,IR,2025,EMNLP,110.0,2.041392685158225,2496.0,0,2
2025.naacl-long.340,IR,2025,NAACL,312.0,2.494154594018443,2496.0,0,2
2025.naacl-long.464,IR,2025,NAACL,330.0,2.5185139398778875,2496.0,0,1
2025.acl-long.104,IT,2025,ACL,149.7,2.1752218003430523,2496.0,0,3
2025.acl-long.1115,IT,2025,ACL,119.1,2.0759117614827773,2496.0,0,2
2025.acl-long.1117,IT,2025,ACL,312.0,2.494154594018443,2496.0,0,1
2025.acl-long.113,IT,2025,ACL,11.34,1.0546130545568877,2496.0,0,1
2025.acl-long.115,IT,2025,ACL,112.0,2.0492180226701815,2496.0,0,3
2025.acl-long.1197,IT,2025,ACL,330.0,2.5185139398778875,2496.0,0,1
2025.acl-long.1215,IT,2025,ACL,181.0,2.2576785748691846,2496.0,0,2
2025.acl-long.1330,IT,2025,ACL,8.126,0.9098768179903928,2496.0,0,2
2025.acl-long.193,IT,2025,ACL,2496.0,3.397244581010386,2496.0,1,3
2025.acl-long.303,IT,2025,ACL,312.0,2.494154594018443,2496.0,0,1
2025.acl-long.304,IT,2025,ACL,71.0,1.8512583487190752,2496.0,0,1
2025.acl-long.330,IT,2025,ACL,12.15,1.084576277934331,2496.0,0,4
2025.acl-long.371,IT,2025,ACL,2496.0,3.397244581010386,2496.0,1,3
2025.acl-long.402,IT,2025,ACL,476.4,2.67797175281074,2496.0,0,2
2025.acl-long.408,IT,2025,ACL,119.1,2.0759117614827773,2496.0,0,1
2025.acl-long.438,IT,2025,ACL,2496.0,3.397244581010386,2496.0,1,3
2025.acl-long.59,IT,2025,ACL,71.0,1.8512583487190752,2496.0,0,1
2025.acl-long.64,IT,2025,ACL,660.0,2.8195439355418688,2496.0,0,1
2025.acl-long.753,IT,2025,ACL,1248.0,3.0962145853464054,2496.0,0,3
2025.acl-long.883,IT,2025,ACL,6048.0,3.78161178249315,2496.0,1,1
2025.emnlp-main.1159,IT,2025,EMNLP,149.7,2.1752218003430523,2496.0,0,1
2025.emnlp-main.1212,IT,2025,EMNLP,2496.0,3.397244581010386,2496.0,1,1
2025.emnlp-main.1354,IT,2025,EMNLP,1320.0,3.12057393120585,2496.0,0,1
2025.emnlp-main.1364,IT,2025,EMNLP,7915.2,3.898461893020106,2496.0,1,2
2025.emnlp-main.1377,IT,2025,EMNLP,91.06,1.9593276459721711,2496.0,0,1
2025.emnlp-main.1383,IT,2025,EMNLP,312.0,2.494154594018443,2496.0,0,1
2025.emnlp-main.1386,IT,2025,EMNLP,3024.0,3.480581786829169,2496.0,1,2
2025.emnlp-main.1422,IT,2025,EMNLP,2496.0,3.397244581010386,2496.0,1,2
2025.emnlp-main.1495,IT,2025,EMNLP,312.0,2.494154594018443,2496.0,0,2
2025.emnlp-main.1517,IT,2025,EMNLP,3024.0,3.480581786829169,2496.0,1,5
2025.emnlp-main.1537,IT,2025,EMNLP,724.0,2.859738566197147,2496.0,0,2
2025.emnlp-main.1720,IT,2025,EMNLP,1248.0,3.0962145853464054,2496.0,0,1
2025.emnlp-main.1726,IT,2025,EMNLP,444.4,2.64777405026883,2496.0,0,3
2025.emnlp-main.1737,IT,2025,EMNLP,330.0,2.5185139398778875,2496.0,0,1
2025.emnlp-main.3,IT,2025,EMNLP,357.3,2.55303301620244,2496.0,0,2
2025.emnlp-main.373,IT,2025,EMNLP,149.7,2.1752218003430523,2496.0,0,2
2025.emnlp-main.461,IT,2025,EMNLP,476.4,2.67797175281074,2496.0,0,2
2025.emnlp-main.488,IT,2025,EMNLP,312.0,2.494154594018443,2496.0,0,1
2025.emnlp-main.491,IT,2025,EMNLP,888.8,2.9488040459328113,2496.0,0,11
2025.emnlp-main.692,IT,2025,EMNLP,476.4,2.67797175281074,2496.0,0,4
2025.emnlp-main.906,IT,2025,EMNLP,2496.0,3.397244581010386,2496.0,1,2
2025.naacl-long.262,IT,2025,NAACL,312.0,2.494154594018443,2496.0,0,2
2025.naacl-long.34,IT,2025,NAACL,125.0,2.0969100130080562,2496.0,0,2
2025.naacl-long.588,IT,2025,NAACL,896.0,2.9523080096621253,2496.0,0,2
2025.naacl-long.600,IT,2025,NAACL,724.0,2.859738566197147,2496.0,0,16
2025.naacl-long.68,IT,2025,NAACL,312.0,2.494154594018443,2496.0,0,1
2025.acl-long.1041,JP,2025,ACL,119.1,2.0759117614827773,2496.0,0,1
2025.acl-long.1052,JP,2025,ACL,8960.0,3.9523080096621253,2496.0,1,1
2025.acl-long.1114,JP,2025,ACL,6048.0,3.78161178249315,2496.0,1,1
2025.acl-long.1155,JP,2025,ACL,312.0,2.494154594018443,2496.0,0,1
2025.acl-long.1229,JP,2025,ACL,1248.0,3.0962145853464054,2496.0,0,2
2025.acl-long.1232,JP,2025,ACL,312.0,2.494154594018443,2496.0,0,2
2025.acl-long.1311,JP,2025,ACL,312.0,2.494154594018443,2496.0,0,1
2025.acl-long.1357,JP,2025,ACL,330.0,2.5185139398778875,2496.0,0,3
2025.acl-long.1370,JP,2025,ACL,312.0,2.494154594018443,2496.0,0,1
2025.acl-long.1410,JP,2025,ACL,119.1,2.0759117614827773,2496.0,0,1
2025.acl-long.1419,JP,2025,ACL,6048.0,3.78161178249315,2496.0,1,3
2025.acl-long.1488,JP,2025,ACL,312.0,2.494154594018443,2496.0,0,1
2025.acl-long.149,JP,2025,ACL,756.0,2.8785217955012063,2496.0,0,1
2025.acl-long.1508,JP,2025,ACL,952.8,2.979001748474721,2496.0,0,1
2025.acl-long.1526,JP,2025,ACL,119.1,2.0759117614827773,2496.0,0,1
2025.acl-long.157,JP,2025,ACL,119.1,2.0759117614827773,2496.0,0,1
2025.acl-long.1584,JP,2025,ACL,91.06,1.9593276459721711,2496.0,0,1
2025.acl-long.257,JP,2025,ACL,9472.0,3.9764416893788446,2496.0,1,2
2025.acl-long.287,JP,2025,ACL,7912.0,3.898286278589123,2496.0,1,3
2025.acl-long.320,JP,2025,ACL,3024.0,3.480581786829169,2496.0,1,4
2025.acl-long.326,JP,2025,ACL,312.0,2.494154594018443,2496.0,0,3
2025.acl-long.342,JP,2025,ACL,312.0,2.494154594018443,2496.0,0,1
2025.acl-long.462,JP,2025,ACL,222.2,2.346744054604849,2496.0,0,1
2025.acl-long.483,JP,2025,ACL,312.0,2.494154594018443,2496.0,0,1
2025.acl-long.547,JP,2025,ACL,284.0,2.4533183400470375,2496.0,0,1
2025.acl-long.608,JP,2025,ACL,1248.0,3.0962145853464054,2496.0,0,1
2025.acl-long.615,JP,2025,ACL,6048.0,3.78161178249315,2496.0,1,3
2025.acl-long.685,JP,2025,ACL,6048.0,3.78161178249315,2496.0,1,1
2025.acl-long.690,JP,2025,ACL,312.0,2.494154594018443,2496.0,0,1
2025.acl-long.698,JP,2025,ACL,2496.0,3.397244581010386,2496.0,1,2
2025.acl-long.729,JP,2025,ACL,1248.0,3.0962145853464054,2496.0,0,5
2025.emnlp-main.1018,JP,2025,EMNLP,125.0,2.0969100130080562,2496.0,0,3
2025.emnlp-main.1028,JP,2025,EMNLP,2496.0,3.397244581010386,2496.0,1,3
2025.emnlp-main.1071,JP,2025,EMNLP,71.0,1.8512583487190752,2496.0,0,3
2025.emnlp-main.1115,JP,2025,EMNLP,31648.0,4.5003462699170855,2496.0,1,3
2025.emnlp-main.1269,JP,2025,EMNLP,181.0,2.2576785748691846,2496.0,0,2
2025.emnlp-main.127,JP,2025,EMNLP,1512.0,3.1795517911651876,2496.0,0,6
2025.emnlp-main.1313,JP,2025,EMNLP,2496.0,3.397244581010386,2496.0,1,1
2025.emnlp-main.1426,JP,2025,EMNLP,989.5,2.9954157985424152,2496.0,0,4
2025.emnlp-main.1456,JP,2025,EMNLP,1248.0,3.0962145853464054,2496.0,0,1
2025.emnlp-main.1529,JP,2025,EMNLP,1448.0,3.1607685618611283,2496.0,0,1
2025.emnlp-main.1618,JP,2025,EMNLP,989.5,2.9954157985424152,2496.0,0,1
2025.emnlp-main.1669,JP,2025,EMNLP,2496.0,3.397244581010386,2496.0,1,2
2025.emnlp-main.1673,JP,2025,EMNLP,91.06,1.9593276459721711,2496.0,0,2
2025.emnlp-main.1710,JP,2025,EMNLP,91.06,1.9593276459721711,2496.0,0,1
2025.emnlp-main.1734,JP,2025,EMNLP,119.1,2.0759117614827773,2496.0,0,1
2025.emnlp-main.19,JP,2025,EMNLP,312.0,2.494154594018443,2496.0,0,2
2025.emnlp-main.202,JP,2025,EMNLP,1248.0,3.0962145853464054,2496.0,0,3
2025.emnlp-main.214,JP,2025,EMNLP,2496.0,3.397244581010386,2496.0,1,1
2025.emnlp-main.313,JP,2025,EMNLP,624.0,2.795184589682424,2496.0,0,2
2025.emnlp-main.320,JP,2025,EMNLP,756.0,2.8785217955012063,2496.0,0,2
2025.emnlp-main.326,JP,2025,EMNLP,989.5,2.9954157985424152,2496.0,0,2
2025.emnlp-main.361,JP,2025,EMNLP,952.8,2.979001748474721,2496.0,0,1
2025.emnlp-main.438,JP,2025,EMNLP,71.0,1.8512583487190752,2496.0,0,1
2025.emnlp-main.527,JP,2025,EMNLP,1248.0,3.0962145853464054,2496.0,0,1
2025.emnlp-main.653,JP,2025,EMNLP,2496.0,3.397244581010386,2496.0,1,1
2025.emnlp-main.73,JP,2025,EMNLP,2496.0,3.397244581010386,2496.0,1,3
2025.emnlp-main.734,JP,2025,EMNLP,238.2,2.3769417571467586,2496.0,0,2
2025.emnlp-main.74,JP,2025,EMNLP,2496.0,3.397244581010386,2496.0,1,2
2025.emnlp-main.874,JP,2025,EMNLP,6048.0,3.78161178249315,2496.0,1,2
2025.emnlp-main.992,JP,2025,EMNLP,312.0,2.494154594018443,2496.0,0,2
2025.naacl-long.339,JP,2025,NAACL,1248.0,3.0962145853464054,2496.0,0,1
2025.naacl-long.380,JP,2025,NAACL,119.1,2.0759117614827773,2496.0,0,1
2025.naacl-long.401,JP,2025,NAACL,112.0,2.0492180226701815,2496.0,0,1
2025.naacl-long.432,JP,2025,NAACL,112.0,2.0492180226701815,2496.0,0,1
2025.naacl-long.472,JP,2025,NAACL,130.5,2.1156105116742996,2496.0,0,1
2025.naacl-long.519,JP,2025,NAACL,312.0,2.494154594018443,2496.0,0,1
2025.naacl-long.528,JP,2025,NAACL,119.1,2.0759117614827773,2496.0,0,2
2025.naacl-long.579,JP,2025,NAACL,2496.0,3.397244581010386,2496.0,1,2
2025.naacl-long.73,JP,2025,NAACL,2496.0,3.397244581010386,2496.0,1,1
2025.acl-long.1182,KE,2025,ACL,1320.0,3.12057393120585,2496.0,0,3
2025.acl-long.4,KE,2025,ACL,1248.0,3.0962145853464054,2496.0,0,3
2025.acl-long.632,KE,2025,ACL,476.4,2.67797175281074,2496.0,0,2
2025.emnlp-main.1610,KE,2025,EMNLP,623.6,2.794906106516804,2496.0,0,2
2025.emnlp-main.264,KE,2025,EMNLP,568.0,2.754348335711019,2496.0,0,2
2025.acl-long.10,KR,2025,ACL,71.0,1.8512583487190752,2496.0,0,2
2025.acl-long.101,KR,2025,ACL,1248.0,3.0962145853464054,2496.0,0,1
2025.acl-long.1023,KR,2025,ACL,1248.0,3.0962145853464054,2496.0,0,1
2025.acl-long.1030,KR,2025,ACL,119.1,2.0759117614827773,2496.0,0,1
2025.acl-long.1036,KR,2025,ACL,2496.0,3.397244581010386,2496.0,1,1
2025.acl-long.1039,KR,2025,ACL,624.0,2.795184589682424,2496.0,0,1
2025.acl-long.1106,KR,2025,ACL,1248.0,3.0962145853464054,2496.0,0,1
2025.acl-long.1108,KR,2025,ACL,312.0,2.494154594018443,2496.0,0,1
2025.acl-long.1128,KR,2025,ACL,1248.0,3.0962145853464054,2496.0,0,1
2025.acl-long.1138,KR,2025,ACL,6048.0,3.78161178249315,2496.0,1,1
2025.acl-long.1154,KR,2025,ACL,2496.0,3.397244581010386,2496.0,1,2
2025.acl-long.1173,KR,2025,ACL,2896.0,3.461798557525109,2496.0,1,2
2025.acl-long.1280,KR,2025,ACL,119.1,2.0759117614827773,2496.0,0,1
2025.acl-long.1302,KR,2025,ACL,238.2,2.3769417571467586,2496.0,0,1
2025.acl-long.1319,KR,2025,ACL,306.8,2.4868553552769432,2496.0,0,1
2025.acl-long.1333,KR,2025,ACL,119.1,2.0759117614827773,2496.0,0,2
2025.acl-long.1338,KR,2025,ACL,476.4,2.67797175281074,2496.0,0,1
2025.acl-long.1342,KR,2025,ACL,6048.0,3.78161178249315,2496.0,1,4
2025.acl-long.1371,KR,2025,ACL,3024.0,3.480581786829169,2496.0,1,1
2025.acl-long.1382,KR,2025,ACL,312.0,2.494154594018443,2496.0,0,1
2025.acl-long.1388,KR,2025,ACL,312.0,2.494154594018443,2496.0,0,1
2025.acl-long.1393,KR,2025,ACL,312.0,2.494154594018443,2496.0,0,1
2025.acl-long.1395,KR,2025,ACL,312.0,2.494154594018443,2496.0,0,1
2025.acl-long.1405,KR,2025,ACL,312.0,2.494154594018443,2496.0,0,1
2025.acl-long.1515,KR,2025,ACL,284.0,2.4533183400470375,2496.0,0,1
2025.acl-long.1519,KR,2025,ACL,952.8,2.979001748474721,2496.0,0,2
2025.acl-long.1532,KR,2025,ACL,119.1,2.0759117614827773,2496.0,0,2
2025.acl-long.1559,KR,2025,ACL,1248.0,3.0962145853464054,2496.0,0,1
2025.acl-long.1592,KR,2025,ACL,2496.0,3.397244581010386,2496.0,1,3
2025.acl-long.1596,KR,2025,ACL,238.2,2.3769417571467586,2496.0,0,1
2025.acl-long.1599,KR,2025,ACL,119.1,2.0759117614827773,2496.0,0,1
2025.acl-long.16,KR,2025,ACL,624.0,2.795184589682424,2496.0,0,2
2025.acl-long.221,KR,2025,ACL,624.0,2.795184589682424,2496.0,0,2
2025.acl-long.29,KR,2025,ACL,222.2,2.346744054604849,2496.0,0,1
2025.acl-long.3,KR,2025,ACL,2496.0,3.397244581010386,2496.0,1,3
2025.acl-long.320,KR,2025,ACL,3024.0,3.480581786829169,2496.0,1,4
2025.acl-long.459,KR,2025,ACL,119.1,2.0759117614827773,2496.0,0,1
2025.acl-long.469,KR,2025,ACL,107.0,2.0293837776852097,2496.0,0,1
2025.acl-long.479,KR,2025,ACL,71.0,1.8512583487190752,2496.0,0,1
2025.acl-long.492,KR,2025,ACL,238.2,2.3769417571467586,2496.0,0,1
2025.acl-long.504,KR,2025,ACL,2496.0,3.397244581010386,2496.0,1,1
2025.acl-long.543,KR,2025,ACL,312.0,2.494154594018443,2496.0,0,1
2025.acl-long.554,KR,2025,ACL,2496.0,3.397244581010386,2496.0,1,2
2025.acl-long.602,KR,2025,ACL,312.0,2.494154594018443,2496.0,0,1
2025.acl-long.649,KR,2025,ACL,952.8,2.979001748474721,2496.0,0,1
2025.acl-long.657,KR,2025,ACL,1248.0,3.0962145853464054,2496.0,0,1
2025.acl-long.659,KR,2025,ACL,455.2,2.6582022533870147,2496.0,0,1
2025.acl-long.671,KR,2025,ACL,3024.0,3.480581786829169,2496.0,1,1
2025.acl-long.699,KR,2025,ACL,1248.0,3.0962145853464054,2496.0,0,1
2025.acl-long.702,KR,2025,ACL,724.0,2.859738566197147,2496.0,0,2
2025.acl-long.704,KR,2025,ACL,444.4,2.64777405026883,2496.0,0,1
2025.acl-long.710,KR,2025,ACL,1248.0,3.0962145853464054,2496.0,0,1
2025.acl-long.734,KR,2025,ACL,2496.0,3.397244581010386,2496.0,1,1
2025.acl-long.740,KR,2025,ACL,222.2,2.346744054604849,2496.0,0,1
2025.acl-long.748,KR,2025,ACL,312.0,2.494154594018443,2496.0,0,1
2025.acl-long.812,KR,2025,ACL,312.0,2.494154594018443,2496.0,0,1
2025.acl-long.838,KR,2025,ACL,2496.0,3.397244581010386,2496.0,1,1
2025.acl-long.861,KR,2025,ACL,4992.0,3.6982745766743674,2496.0,1,2
2025.acl-long.885,KR,2025,ACL,6048.0,3.78161178249315,2496.0,1,1
2025.acl-long.900,KR,2025,ACL,1320.0,3.12057393120585,2496.0,0,1
2025.acl-long.918,KR,2025,ACL,952.8,2.979001748474721,2496.0,0,1
2025.acl-long.942,KR,2025,ACL,312.0,2.494154594018443,2496.0,0,1
2025.acl-long.957,KR,2025,ACL,624.0,2.795184589682424,2496.0,0,1
2025.acl-long.99,KR,2025,ACL,1248.0,3.0962145853464054,2496.0,0,1
2025.acl-long.994,KR,2025,ACL,2496.0,3.397244581010386,2496.0,1,2
2025.emnlp-main.1037,KR,2025,EMNLP,476.4,2.67797175281074,2496.0,0,2
2025.emnlp-main.1062,KR,2025,EMNLP,312.0,2.494154594018443,2496.0,0,1
2025.emnlp-main.1086,KR,2025,EMNLP,6048.0,3.78161178249315,2496.0,1,1
2025.emnlp-main.1088,KR,2025,EMNLP,2496.0,3.397244581010386,2496.0,1,1
2025.emnlp-main.1089,KR,2025,EMNLP,112.0,2.0492180226701815,2496.0,0,1
2025.emnlp-main.1102,KR,2025,EMNLP,119.1,2.0759117614827773,2496.0,0,1
2025.emnlp-main.1109,KR,2025,EMNLP,624.0,2.795184589682424,2496.0,0,1
2025.emnlp-main.1118,KR,2025,EMNLP,119.1,2.0759117614827773,2496.0,0,1
2025.emnlp-main.1153,KR,2025,EMNLP,1248.0,3.0962145853464054,2496.0,0,2
2025.emnlp-main.1197,KR,2025,EMNLP,888.8,2.9488040459328113,2496.0,0,1
2025.emnlp-main.1203,KR,2025,EMNLP,476.4,2.67797175281074,2496.0,0,1
2025.emnlp-main.1204,KR,2025,EMNLP,71.0,1.8512583487190752,2496.0,0,1
2025.emnlp-main.1236,KR,2025,EMNLP,444.4,2.64777405026883,2496.0,0,1
2025.emnlp-main.1241,KR,2025,EMNLP,2496.0,3.397244581010386,2496.0,1,1
2025.emnlp-main.1253,KR,2025,EMNLP,624.0,2.795184589682424,2496.0,0,1
2025.emnlp-main.1305,KR,2025,EMNLP,2496.0,3.397244581010386,2496.0,1,2
2025.emnlp-main.1308,KR,2025,EMNLP,119.1,2.0759117614827773,2496.0,0,1
2025.emnlp-main.1324,KR,2025,EMNLP,568.0,2.754348335711019,2496.0,0,1
2025.emnlp-main.1345,KR,2025,EMNLP,71.0,1.8512583487190752,2496.0,0,1
2025.emnlp-main.1347,KR,2025,EMNLP,2496.0,3.397244581010386,2496.0,1,2
2025.emnlp-main.1365,KR,2025,EMNLP,149.7,2.1752218003430523,2496.0,0,2
2025.emnlp-main.1371,KR,2025,EMNLP,624.0,2.795184589682424,2496.0,0,1
2025.emnlp-main.1423,KR,2025,EMNLP,330.0,2.5185139398778875,2496.0,0,2
2025.emnlp-main.1437,KR,2025,EMNLP,71.0,1.8512583487190752,2496.0,0,1
2025.emnlp-main.1442,KR,2025,EMNLP,312.0,2.494154594018443,2496.0,0,1
2025.emnlp-main.1459,KR,2025,EMNLP,238.2,2.3769417571467586,2496.0,0,1
2025.emnlp-main.1461,KR,2025,EMNLP,119.1,2.0759117614827773,2496.0,0,1
2025.emnlp-main.1466,KR,2025,EMNLP,119.1,2.0759117614827773,2496.0,0,1
2025.emnlp-main.1469,KR,2025,EMNLP,330.0,2.5185139398778875,2496.0,0,1
2025.emnlp-main.1500,KR,2025,EMNLP,1248.0,3.0962145853464054,2496.0,0,1
2025.emnlp-main.1513,KR,2025,EMNLP,936.0,2.971275848738105,2496.0,0,1
2025.emnlp-main.1540,KR,2025,EMNLP,312.0,2.494154594018443,2496.0,0,1
2025.emnlp-main.1549,KR,2025,EMNLP,238.2,2.3769417571467586,2496.0,0,2
2025.emnlp-main.1555,KR,2025,EMNLP,312.0,2.494154594018443,2496.0,0,1
2025.emnlp-main.1558,KR,2025,EMNLP,312.0,2.494154594018443,2496.0,0,2
2025.emnlp-main.1619,KR,2025,EMNLP,312.0,2.494154594018443,2496.0,0,1
2025.emnlp-main.1651,KR,2025,EMNLP,312.0,2.494154594018443,2496.0,0,1
2025.emnlp-main.1694,KR,2025,EMNLP,113.8,2.056142262059052,2496.0,0,1
2025.emnlp-main.1697,KR,2025,EMNLP,624.0,2.795184589682424,2496.0,0,1
2025.emnlp-main.1715,KR,2025,EMNLP,1248.0,3.0962145853464054,2496.0,0,1
2025.emnlp-main.1730,KR,2025,EMNLP,238.2,2.3769417571467586,2496.0,0,1
2025.emnlp-main.1738,KR,2025,EMNLP,91.06,1.9593276459721711,2496.0,0,1
2025.emnlp-main.1747,KR,2025,EMNLP,119.1,2.0759117614827773,2496.0,0,1
2025.emnlp-main.1754,KR,2025,EMNLP,312.0,2.494154594018443,2496.0,0,1
2025.emnlp-main.1799,KR,2025,EMNLP,624.0,2.795184589682424,2496.0,0,1
2025.emnlp-main.1805,KR,2025,EMNLP,2496.0,3.397244581010386,2496.0,1,3
2025.emnlp-main.200,KR,2025,EMNLP,2496.0,3.397244581010386,2496.0,1,1
2025.emnlp-main.225,KR,2025,EMNLP,2496.0,3.397244581010386,2496.0,1,2
2025.emnlp-main.265,KR,2025,EMNLP,1448.0,3.1607685618611283,2496.0,0,1
2025.emnlp-main.283,KR,2025,EMNLP,952.8,2.979001748474721,2496.0,0,1
2025.emnlp-main.345,KR,2025,EMNLP,2496.0,3.397244581010386,2496.0,1,1
2025.emnlp-main.354,KR,2025,EMNLP,119.1,2.0759117614827773,2496.0,0,1
2025.emnlp-main.381,KR,2025,EMNLP,444.4,2.64777405026883,2496.0,0,1
2025.emnlp-main.409,KR,2025,EMNLP,119.1,2.0759117614827773,2496.0,0,1
2025.emnlp-main.422,KR,2025,EMNLP,181.0,2.2576785748691846,2496.0,0,1
2025.emnlp-main.450,KR,2025,EMNLP,312.0,2.494154594018443,2496.0,0,1
2025.emnlp-main.475,KR,2025,EMNLP,2496.0,3.397244581010386,2496.0,1,3
2025.emnlp-main.520,KR,2025,EMNLP,2496.0,3.397244581010386,2496.0,1,1
2025.emnlp-main.546,KR,2025,EMNLP,624.0,2.795184589682424,2496.0,0,2
2025.emnlp-main.602,KR,2025,EMNLP,222.2,2.346744054604849,2496.0,0,2
2025.emnlp-main.649,KR,2025,EMNLP,624.0,2.795184589682424,2496.0,0,1
2025.emnlp-main.650,KR,2025,EMNLP,330.0,2.5185139398778875,2496.0,0,1
2025.emnlp-main.657,KR,2025,EMNLP,312.0,2.494154594018443,2496.0,0,2
2025.emnlp-main.672,KR,2025,EMNLP,624.0,2.795184589682424,2496.0,0,1
2025.emnlp-main.684,KR,2025,EMNLP,119.1,2.0759117614827773,2496.0,0,1
2025.emnlp-main.689,KR,2025,EMNLP,6048.0,3.78161178249315,2496.0,1,1
2025.emnlp-main.7,KR,2025,EMNLP,181.0,2.2576785748691846,2496.0,0,2
2025.emnlp-main.704,KR,2025,EMNLP,119.1,2.0759117614827773,2496.0,0,1
2025.emnlp-main.711,KR,2025,EMNLP,2496.0,3.397244581010386,2496.0,1,1
2025.emnlp-main.718,KR,2025,EMNLP,2496.0,3.397244581010386,2496.0,1,1
2025.emnlp-main.726,KR,2025,EMNLP,476.4,2.67797175281074,2496.0,0,1
2025.emnlp-main.751,KR,2025,EMNLP,1248.0,3.0962145853464054,2496.0,0,1
2025.emnlp-main.778,KR,2025,EMNLP,357.3,2.55303301620244,2496.0,0,1
2025.emnlp-main.789,KR,2025,EMNLP,2496.0,3.397244581010386,2496.0,1,1
2025.emnlp-main.791,KR,2025,EMNLP,312.0,2.494154594018443,2496.0,0,1
2025.emnlp-main.796,KR,2025,EMNLP,1248.0,3.0962145853464054,2496.0,0,2
2025.emnlp-main.810,KR,2025,EMNLP,476.4,2.67797175281074,2496.0,0,1
2025.emnlp-main.837,KR,2025,EMNLP,312.0,2.494154594018443,2496.0,0,3
2025.emnlp-main.854,KR,2025,EMNLP,476.4,2.67797175281074,2496.0,0,1
2025.emnlp-main.856,KR,2025,EMNLP,756.0,2.8785217955012063,2496.0,0,1
2025.emnlp-main.883,KR,2025,EMNLP,476.4,2.67797175281074,2496.0,0,1
2025.emnlp-main.913,KR,2025,EMNLP,312.0,2.494154594018443,2496.0,0,1
2025.naacl-long.232,KR,2025,NAACL,2496.0,3.397244581010386,2496.0,1,1
2025.naacl-long.241,KR,2025,NAACL,71.0,1.8512583487190752,2496.0,0,2
2025.naacl-long.283,KR,2025,NAACL,312.0,2.494154594018443,2496.0,0,1
2025.naacl-long.303,KR,2025,NAACL,4992.0,3.6982745766743674,2496.0,1,2
2025.naacl-long.309,KR,2025,NAACL,1248.0,3.0962145853464054,2496.0,0,1
2025.naacl-long.31,KR,2025,NAACL,1248.0,3.0962145853464054,2496.0,0,2
2025.naacl-long.325,KR,2025,NAACL,119.1,2.0759117614827773,2496.0,0,1
2025.naacl-long.333,KR,2025,NAACL,476.4,2.67797175281074,2496.0,0,2
2025.naacl-long.334,KR,2025,NAACL,71.0,1.8512583487190752,2496.0,0,2
2025.naacl-long.351,KR,2025,NAACL,1248.0,3.0962145853464054,2496.0,0,1
2025.naacl-long.369,KR,2025,NAACL,312.0,2.494154594018443,2496.0,0,1
2025.naacl-long.376,KR,2025,NAACL,1248.0,3.0962145853464054,2496.0,0,2
2025.naacl-long.393,KR,2025,NAACL,312.0,2.494154594018443,2496.0,0,1
2025.naacl-long.403,KR,2025,NAACL,312.0,2.494154594018443,2496.0,0,1
2025.naacl-long.426,KR,2025,NAACL,130.5,2.1156105116742996,2496.0,0,4
2025.naacl-long.428,KR,2025,NAACL,1248.0,3.0962145853464054,2496.0,0,2
2025.naacl-long.429,KR,2025,NAACL,624.0,2.795184589682424,2496.0,0,2
2025.naacl-long.435,KR,2025,NAACL,2496.0,3.397244581010386,2496.0,1,1
2025.naacl-long.452,KR,2025,NAACL,624.0,2.795184589682424,2496.0,0,2
2025.naacl-long.480,KR,2025,NAACL,660.0,2.8195439355418688,2496.0,0,2
2025.naacl-long.482,KR,2025,NAACL,71.0,1.8512583487190752,2496.0,0,1
2025.naacl-long.484,KR,2025,NAACL,1197.6,3.078311787334996,2496.0,0,1
2025.naacl-long.503,KR,2025,NAACL,299.4,2.4762517960070336,2496.0,0,1
2025.naacl-long.515,KR,2025,NAACL,756.0,2.8785217955012063,2496.0,0,2
2025.naacl-long.523,KR,2025,NAACL,756.0,2.8785217955012063,2496.0,0,1
2025.naacl-long.524,KR,2025,NAACL,6048.0,3.78161178249315,2496.0,1,2
2025.naacl-long.528,KR,2025,NAACL,119.1,2.0759117614827773,2496.0,0,2
2025.naacl-long.531,KR,2025,NAACL,2496.0,3.397244581010386,2496.0,1,1
2025.naacl-long.541,KR,2025,NAACL,357.3,2.55303301620244,2496.0,0,1
2025.naacl-long.600,KR,2025,NAACL,724.0,2.859738566197147,2496.0,0,16
2025.naacl-long.603,KR,2025,NAACL,756.0,2.8785217955012063,2496.0,0,1
2025.naacl-long.606,KR,2025,NAACL,312.0,2.494154594018443,2496.0,0,1
2025.naacl-long.612,KR,2025,NAACL,71.0,1.8512583487190752,2496.0,0,1
2025.naacl-long.624,KR,2025,NAACL,312.0,2.494154594018443,2496.0,0,1
2025.naacl-long.628,KR,2025,NAACL,640.0,2.806179973983887,2496.0,0,1
2025.naacl-long.634,KR,2025,NAACL,284.0,2.4533183400470375,2496.0,0,1
2025.acl-long.1063,LB,2025,ACL,284.0,2.4533183400470375,2496.0,0,3
2025.emnlp-main.1169,LB,2025,EMNLP,7915.2,3.898461893020106,2496.0,1,2
2025.emnlp-main.177,LB,2025,EMNLP,142.0,2.1522883443830563,2496.0,0,2
2025.emnlp-main.1435,LK,2025,EMNLP,89.2,1.9503648543761232,2496.0,0,2
2025.emnlp-main.1673,LK,2025,EMNLP,91.06,1.9593276459721711,2496.0,0,2
2025.acl-long.120,LT,2025,ACL,6684.0,3.8250364412213536,2496.0,1,2
2025.acl-long.1206,LT,2025,ACL,119.1,2.0759117614827773,2496.0,0,3
2025.acl-long.1276,LT,2025,ACL,2496.0,3.397244581010386,2496.0,1,2
2025.acl-long.1539,LT,2025,ACL,4992.0,3.6982745766743674,2496.0,1,2
2025.acl-long.1600,LT,2025,ACL,2496.0,3.397244581010386,2496.0,1,3
2025.acl-long.196,LT,2025,ACL,2496.0,3.397244581010386,2496.0,1,2
2025.acl-long.25,LT,2025,ACL,330.0,2.5185139398778875,2496.0,0,2
2025.acl-long.323,LT,2025,ACL,2496.0,3.397244581010386,2496.0,1,2
2025.acl-long.561,LT,2025,ACL,312.0,2.494154594018443,2496.0,0,2
2025.acl-long.587,LT,2025,ACL,2496.0,3.397244581010386,2496.0,1,4
2025.emnlp-main.1254,LT,2025,EMNLP,2496.0,3.397244581010386,2496.0,1,2
2025.emnlp-main.1658,LT,2025,EMNLP,1248.0,3.0962145853464054,2496.0,0,2
2025.emnlp-main.475,LT,2025,EMNLP,2496.0,3.397244581010386,2496.0,1,3
2025.emnlp-main.952,LT,2025,EMNLP,1320.0,3.12057393120585,2496.0,0,2
2025.emnlp-main.964,LT,2025,EMNLP,2496.0,3.397244581010386,2496.0,1,2
2025.emnlp-main.976,LT,2025,EMNLP,3024.0,3.480581786829169,2496.0,1,2
2025.naacl-long.600,LT,2025,NAACL,724.0,2.859738566197147,2496.0,0,16
2025.acl-long.329,LU,2025,ACL,149.7,2.1752218003430523,2496.0,0,2
2025.acl-long.422,LU,2025,ACL,181.0,2.2576785748691846,2496.0,0,3
2025.emnlp-main.1489,MA,2025,EMNLP,624.0,2.795184589682424,2496.0,0,2
2025.emnlp-main.556,MA,2025,EMNLP,1248.0,3.0962145853464054,2496.0,0,3
2025.acl-long.320,MK,2025,ACL,3024.0,3.480581786829169,2496.0,1,4
2025.emnlp-main.830,MK,2025,EMNLP,6048.0,3.78161178249315,2496.0,1,4
2025.acl-long.105,MO,2025,ACL,2496.0,3.397244581010386,2496.0,1,2
2025.acl-long.1240,MO,2025,ACL,311.8,2.4938761108528227,2496.0,0,3
2025.acl-long.1376,MO,2025,ACL,989.0,2.9951962915971793,2496.0,0,2
2025.acl-long.1577,MO,2025,ACL,2496.0,3.397244581010386,2496.0,1,3
2025.acl-long.636,MO,2025,ACL,989.0,2.9951962915971793,2496.0,0,1
2025.emnlp-main.1115,MO,2025,EMNLP,31648.0,4.5003462699170855,2496.0,1,3
2025.emnlp-main.1116,MO,2025,EMNLP,3958.0,3.5974757898703773,2496.0,1,3
2025.emnlp-main.1166,MO,2025,EMNLP,1248.0,3.0962145853464054,2496.0,0,3
2025.emnlp-main.1367,MO,2025,EMNLP,1248.0,3.0962145853464054,2496.0,0,2
2025.emnlp-main.1374,MO,2025,EMNLP,312.0,2.494154594018443,2496.0,0,3
2025.emnlp-main.1698,MO,2025,EMNLP,2496.0,3.397244581010386,2496.0,1,1
2025.emnlp-main.708,MO,2025,EMNLP,357.3,2.55303301620244,2496.0,0,2
2025.emnlp-main.930,MO,2025,EMNLP,2496.0,3.397244581010386,2496.0,1,2
2025.emnlp-main.951,MO,2025,EMNLP,312.0,2.494154594018443,2496.0,0,2
2025.naacl-long.533,MO,2025,NAACL,2496.0,3.397244581010386,2496.0,1,2
2025.acl-long.1554,MX,2025,ACL,2496.0,3.397244581010386,2496.0,1,2
2025.acl-long.1561,MX,2025,ACL,1512.0,3.1795517911651876,2496.0,0,6
2025.acl-long.1491,MY,2025,ACL,2494.4,3.3969660978447664,2496.0,0,4
2025.acl-long.1570,MY,2025,ACL,119.1,2.0759117614827773,2496.0,0,2
2025.emnlp-main.218,MY,2025,EMNLP,2496.0,3.397244581010386,2496.0,1,3
2025.emnlp-main.793,MY,2025,EMNLP,330.0,2.5185139398778875,2496.0,0,3
2025.emnlp-main.1406,MZ,2025,EMNLP,6048.0,3.78161178249315,2496.0,1,2
2025.acl-long.1060,NL,2025,ACL,330.0,2.5185139398778875,2496.0,0,2
2025.acl-long.1401,NL,2025,ACL,2496.0,3.397244581010386,2496.0,1,2
2025.acl-long.1561,NL,2025,ACL,1512.0,3.1795517911651876,2496.0,0,6
2025.acl-long.344,NL,2025,ACL,2496.0,3.397244581010386,2496.0,1,4
2025.acl-long.796,NL,2025,ACL,312.0,2.494154594018443,2496.0,0,3
2025.acl-long.821,NL,2025,ACL,312.0,2.494154594018443,2496.0,0,1
2025.acl-long.862,NL,2025,ACL,312.0,2.494154594018443,2496.0,0,4
2025.acl-long.948,NL,2025,ACL,312.0,2.494154594018443,2496.0,0,3
2025.emnlp-main.1029,NL,2025,EMNLP,444.4,2.64777405026883,2496.0,0,1
2025.emnlp-main.1206,NL,2025,EMNLP,222.2,2.346744054604849,2496.0,0,2
2025.emnlp-main.1369,NL,2025,EMNLP,312.0,2.494154594018443,2496.0,0,2
2025.emnlp-main.1394,NL,2025,EMNLP,756.0,2.8785217955012063,2496.0,0,1
2025.emnlp-main.1517,NL,2025,EMNLP,3024.0,3.480581786829169,2496.0,1,5
2025.emnlp-main.1521,NL,2025,EMNLP,357.3,2.55303301620244,2496.0,0,2
2025.emnlp-main.1568,NL,2025,EMNLP,756.0,2.8785217955012063,2496.0,0,2
2025.emnlp-main.1781,NL,2025,EMNLP,312.0,2.494154594018443,2496.0,0,2
2025.emnlp-main.217,NL,2025,EMNLP,3024.0,3.480581786829169,2496.0,1,1
2025.emnlp-main.373,NL,2025,EMNLP,149.7,2.1752218003430523,2496.0,0,2
2025.emnlp-main.437,NL,2025,EMNLP,312.0,2.494154594018443,2496.0,0,2
2025.emnlp-main.490,NL,2025,EMNLP,756.0,2.8785217955012063,2496.0,0,2
2025.emnlp-main.555,NL,2025,EMNLP,756.0,2.8785217955012063,2496.0,0,1
2025.emnlp-main.697,NL,2025,EMNLP,3024.0,3.480581786829169,2496.0,1,1
2025.naacl-long.300,NL,2025,NAACL,2496.0,3.397244581010386,2496.0,1,2
2025.naacl-long.600,NL,2025,NAACL,724.0,2.859738566197147,2496.0,0,16
2025.naacl-long.626,NL,2025,NAACL,125.0,2.0969100130080562,2496.0,0,2
2025.acl-long.1033,NO,2025,ACL,1512.0,3.1795517911651876,2496.0,0,2
2025.acl-long.60,NO,2025,ACL,312.0,2.494154594018443,2496.0,0,1
2025.acl-long.727,NO,2025,ACL,383.0,2.583198773968623,2496.0,0,2
2025.acl-long.854,NO,2025,ACL,49024.0,4.690408743616491,2496.0,1,5
2025.emnlp-main.441,NO,2025,EMNLP,312.0,2.494154594018443,2496.0,0,3
2025.acl-long.512,NZ,2025,ACL,330.0,2.5185139398778875,2496.0,0,2
2025.acl-long.924,NZ,2025,ACL,119.1,2.0759117614827773,2496.0,0,2
2025.emnlp-main.1435,NZ,2025,EMNLP,89.2,1.9503648543761232,2496.0,0,2
2025.emnlp-main.339,NZ,2025,EMNLP,1248.0,3.0962145853464054,2496.0,0,3
2025.emnlp-main.127,PH,2025,EMNLP,1512.0,3.1795517911651876,2496.0,0,6
2025.emnlp-main.491,PH,2025,EMNLP,888.8,2.9488040459328113,2496.0,0,11
2025.acl-long.120,PL,2025,ACL,6684.0,3.8250364412213536,2496.0,1,2
2025.acl-long.1215,PL,2025,ACL,181.0,2.2576785748691846,2496.0,0,2
2025.acl-long.1223,PL,2025,ACL,312.0,2.494154594018443,2496.0,0,3
2025.emnlp-main.1219,PL,2025,EMNLP,39580.0,4.597475789870377,2496.0,1,1
2025.emnlp-main.1239,PL,2025,EMNLP,835.5,2.9219464542294102,2496.0,0,2
2025.emnlp-main.1537,PL,2025,EMNLP,724.0,2.859738566197147,2496.0,0,2
2025.emnlp-main.1552,PL,2025,EMNLP,1512.0,3.1795517911651876,2496.0,0,2
2025.emnlp-main.1632,PL,2025,EMNLP,312.0,2.494154594018443,2496.0,0,2
2025.emnlp-main.1761,PL,2025,EMNLP,149.7,2.1752218003430523,2496.0,0,3
2025.naacl-long.600,PR,2025,NAACL,724.0,2.859738566197147,2496.0,0,16
2025.emnlp-main.1741,PS,2025,EMNLP,130.5,2.1156105116742996,2496.0,0,2
2025.acl-long.1194,PT,2025,ACL,119.1,2.0759117614827773,2496.0,0,1
2025.acl-long.1228,PT,2025,ACL,238.2,2.3769417571467586,2496.0,0,1
2025.emnlp-main.1406,PT,2025,EMNLP,6048.0,3.78161178249315,2496.0,1,2
2025.emnlp-main.403,PT,2025,EMNLP,476.4,2.67797175281074,2496.0,0,2
2025.emnlp-main.491,PT,2025,EMNLP,888.8,2.9488040459328113,2496.0,0,11
2025.emnlp-main.656,PT,2025,EMNLP,312.0,2.494154594018443,2496.0,0,4
2025.emnlp-main.692,PT,2025,EMNLP,476.4,2.67797175281074,2496.0,0,4
2025.emnlp-main.830,PT,2025,EMNLP,6048.0,3.78161178249315,2496.0,1,4
2025.naacl-long.600,PT,2025,NAACL,724.0,2.859738566197147,2496.0,0,16
2025.emnlp-main.1169,QA,2025,EMNLP,7915.2,3.898461893020106,2496.0,1,2
2025.emnlp-main.1741,QA,2025,EMNLP,130.5,2.1156105116742996,2496.0,0,2
2025.emnlp-main.846,QA,2025,EMNLP,9.526,0.9789105771755716,2496.0,0,1
2025.emnlp-main.709,RO,2025,EMNLP,624.0,2.795184589682424,2496.0,0,2
2025.emnlp-main.773,RO,2025,EMNLP,113.8,2.056142262059052,2496.0,0,1
2025.acl-long.1267,RU,2025,ACL,112.0,2.0492180226701815,2496.0,0,1
2025.acl-long.1593,RU,2025,ACL,312.0,2.494154594018443,2496.0,0,2
2025.acl-long.319,RU,2025,ACL,312.0,2.494154594018443,2496.0,0,2
2025.acl-long.324,RU,2025,ACL,1248.0,3.0962145853464054,2496.0,0,2
2025.acl-long.337,RU,2025,ACL,330.0,2.5185139398778875,2496.0,0,1
2025.acl-long.948,RU,2025,ACL,312.0,2.494154594018443,2496.0,0,3
2025.emnlp-main.1165,RU,2025,EMNLP,756.0,2.8785217955012063,2496.0,0,1
2025.emnlp-main.1238,RU,2025,EMNLP,3024.0,3.480581786829169,2496.0,1,1
2025.emnlp-main.1353,RU,2025,EMNLP,312.0,2.494154594018443,2496.0,0,1
2025.emnlp-main.434,RU,2025,EMNLP,312.0,2.494154594018443,2496.0,0,3
2025.naacl-long.543,RU,2025,NAACL,330.0,2.5185139398778875,2496.0,0,4
2025.acl-long.100,SA,2025,ACL,606208.0,5.782621663362732,2496.0,1,2
2025.acl-long.1240,SA,2025,ACL,311.8,2.4938761108528227,2496.0,0,3
2025.acl-long.1427,SA,2025,ACL,1248.0,3.0962145853464054,2496.0,0,2
2025.acl-long.1491,SA,2025,ACL,2494.4,3.3969660978447664,2496.0,0,4
2025.emnlp-main.1254,SA,2025,EMNLP,2496.0,3.397244581010386,2496.0,1,2
2025.emnlp-main.1664,SA,2025,EMNLP,112.0,2.0492180226701815,2496.0,0,2
2025.emnlp-main.491,SA,2025,EMNLP,888.8,2.9488040459328113,2496.0,0,11
2025.emnlp-main.556,SA,2025,EMNLP,1248.0,3.0962145853464054,2496.0,0,3
2025.emnlp-main.965,SA,2025,EMNLP,312.0,2.494154594018443,2496.0,0,1
2025.naacl-long.543,SA,2025,NAACL,330.0,2.5185139398778875,2496.0,0,4
2025.acl-long.1329,SE,2025,ACL,1248.0,3.0962145853464054,2496.0,0,1
2025.acl-long.968,SE,2025,ACL,149.7,2.1752218003430523,2496.0,0,2
2025.emnlp-main.108,SE,2025,EMNLP,119.1,2.0759117614827773,2496.0,0,2
2025.emnlp-main.113,SE,2025,EMNLP,119.1,2.0759117614827773,2496.0,0,2
2025.emnlp-main.1321,SE,2025,EMNLP,312.0,2.494154594018443,2496.0,0,2
2025.emnlp-main.1396,SE,2025,EMNLP,1248.0,3.0962145853464054,2496.0,0,4
2025.emnlp-main.449,SE,2025,EMNLP,19968.0,4.30033456800233,2496.0,1,2
2025.emnlp-main.491,SE,2025,EMNLP,888.8,2.9488040459328113,2496.0,0,11
2025.emnlp-main.589,SE,2025,EMNLP,1248.0,3.0962145853464054,2496.0,0,3
2025.acl-long.1021,SG,2025,ACL,2496.0,3.397244581010386,2496.0,1,3
2025.acl-long.1024,SG,2025,ACL,2496.0,3.397244581010386,2496.0,1,3
2025.acl-long.1025,SG,2025,ACL,1248.0,3.0962145853464054,2496.0,0,2
2025.acl-long.1035,SG,2025,ACL,1248.0,3.0962145853464054,2496.0,0,2
2025.acl-long.1038,SG,2025,ACL,119.1,2.0759117614827773,2496.0,0,3
2025.acl-long.1065,SG,2025,ACL,39936.0,4.601364563666311,2496.0,1,2
2025.acl-long.1082,SG,2025,ACL,2496.0,3.397244581010386,2496.0,1,2
2025.acl-long.1096,SG,2025,ACL,312.0,2.494154594018443,2496.0,0,4
2025.acl-long.1135,SG,2025,ACL,2496.0,3.397244581010386,2496.0,1,2
2025.acl-long.1137,SG,2025,ACL,312.0,2.494154594018443,2496.0,0,1
2025.acl-long.114,SG,2025,ACL,312.0,2.494154594018443,2496.0,0,2
2025.acl-long.1149,SG,2025,ACL,2496.0,3.397244581010386,2496.0,1,3
2025.acl-long.1196,SG,2025,ACL,312.0,2.494154594018443,2496.0,0,2
2025.acl-long.1282,SG,2025,ACL,2496.0,3.397244581010386,2496.0,1,2
2025.acl-long.1314,SG,2025,ACL,2496.0,3.397244581010386,2496.0,1,2
2025.acl-long.132,SG,2025,ACL,624.0,2.795184589682424,2496.0,0,3
2025.acl-long.1337,SG,2025,ACL,362.0,2.558708570533166,2496.0,0,2
2025.acl-long.134,SG,2025,ACL,484.0,2.6848453616444123,2496.0,0,2
2025.acl-long.14,SG,2025,ACL,2496.0,3.397244581010386,2496.0,1,2
2025.acl-long.1485,SG,2025,ACL,2496.0,3.397244581010386,2496.0,1,2
2025.acl-long.1491,SG,2025,ACL,2494.4,3.3969660978447664,2496.0,0,4
2025.acl-long.1494,SG,2025,ACL,160.0,2.2041199826559246,2496.0,0,2
2025.acl-long.1521,SG,2025,ACL,112.0,2.0492180226701815,2496.0,0,2
2025.acl-long.1524,SG,2025,ACL,71.0,1.8512583487190752,2496.0,0,2
2025.acl-long.1525,SG,2025,ACL,2496.0,3.397244581010386,2496.0,1,3
2025.acl-long.1573,SG,2025,ACL,1248.0,3.0962145853464054,2496.0,0,3
2025.acl-long.1583,SG,2025,ACL,6048.0,3.78161178249315,2496.0,1,2
2025.acl-long.1598,SG,2025,ACL,6048.0,3.78161178249315,2496.0,1,2
2025.acl-long.1602,SG,2025,ACL,756.0,2.8785217955012063,2496.0,0,1
2025.acl-long.17,SG,2025,ACL,624.0,2.795184589682424,2496.0,0,2
2025.acl-long.272,SG,2025,ACL,3024.0,3.480581786829169,2496.0,1,1
2025.acl-long.290,SG,2025,ACL,312.0,2.494154594018443,2496.0,0,3
2025.acl-long.297,SG,2025,ACL,2496.0,3.397244581010386,2496.0,1,2
2025.acl-long.326,SG,2025,ACL,312.0,2.494154594018443,2496.0,0,3
2025.acl-long.333,SG,2025,ACL,6048.0,3.78161178249315,2496.0,1,2
2025.acl-long.351,SG,2025,ACL,1248.0,3.0962145853464054,2496.0,0,2
2025.acl-long.353,SG,2025,ACL,568.0,2.754348335711019,2496.0,0,2
2025.acl-long.47,SG,2025,ACL,476.4,2.67797175281074,2496.0,0,2
2025.acl-long.502,SG,2025,ACL,2496.0,3.397244581010386,2496.0,1,2
2025.acl-long.518,SG,2025,ACL,1978.0,3.2962262872611605,2496.0,0,2
2025.acl-long.524,SG,2025,ACL,2494.4,3.3969660978447664,2496.0,0,2
2025.acl-long.54,SG,2025,ACL,1247.2,3.095936102180785,2496.0,0,3
2025.acl-long.544,SG,2025,ACL,1248.0,3.0962145853464054,2496.0,0,2
2025.acl-long.550,SG,2025,ACL,312.0,2.494154594018443,2496.0,0,2
2025.acl-long.568,SG,2025,ACL,71.0,1.8512583487190752,2496.0,0,3
2025.acl-long.581,SG,2025,ACL,1512.0,3.1795517911651876,2496.0,0,3
2025.acl-long.588,SG,2025,ACL,330.0,2.5185139398778875,2496.0,0,2
2025.acl-long.599,SG,2025,ACL,2496.0,3.397244581010386,2496.0,1,1
2025.acl-long.615,SG,2025,ACL,6048.0,3.78161178249315,2496.0,1,3
2025.acl-long.647,SG,2025,ACL,312.0,2.494154594018443,2496.0,0,2
2025.acl-long.667,SG,2025,ACL,3024.0,3.480581786829169,2496.0,1,2
2025.acl-long.679,SG,2025,ACL,568.0,2.754348335711019,2496.0,0,2
2025.acl-long.692,SG,2025,ACL,312.0,2.494154594018443,2496.0,0,2
2025.acl-long.723,SG,2025,ACL,330.0,2.5185139398778875,2496.0,0,1
2025.acl-long.729,SG,2025,ACL,1248.0,3.0962145853464054,2496.0,0,5
2025.acl-long.761,SG,2025,ACL,312.0,2.494154594018443,2496.0,0,2
2025.acl-long.783,SG,2025,ACL,2496.0,3.397244581010386,2496.0,1,2
2025.acl-long.801,SG,2025,ACL,299.4,2.4762517960070336,2496.0,0,1
2025.acl-long.811,SG,2025,ACL,311.8,2.4938761108528227,2496.0,0,2
2025.acl-long.815,SG,2025,ACL,149.7,2.1752218003430523,2496.0,0,2
2025.acl-long.825,SG,2025,ACL,312.0,2.494154594018443,2496.0,0,2
2025.acl-long.862,SG,2025,ACL,312.0,2.494154594018443,2496.0,0,4
2025.acl-long.864,SG,2025,ACL,238.2,2.3769417571467586,2496.0,0,2
2025.acl-long.877,SG,2025,ACL,568.0,2.754348335711019,2496.0,0,2
2025.acl-long.890,SG,2025,ACL,835.5,2.9219464542294102,2496.0,0,2
2025.acl-long.897,SG,2025,ACL,312.0,2.494154594018443,2496.0,0,2
2025.acl-long.926,SG,2025,ACL,2496.0,3.397244581010386,2496.0,1,3
2025.acl-long.937,SG,2025,ACL,9984.0,3.9993045723383487,2496.0,1,2
2025.acl-long.995,SG,2025,ACL,476.4,2.67797175281074,2496.0,0,2
2025.emnlp-main.1047,SG,2025,EMNLP,448.0,2.651278013998144,2496.0,0,2
2025.emnlp-main.1123,SG,2025,EMNLP,1448.0,3.1607685618611283,2496.0,0,1
2025.emnlp-main.1127,SG,2025,EMNLP,1248.0,3.0962145853464054,2496.0,0,2
2025.emnlp-main.1245,SG,2025,EMNLP,2496.0,3.397244581010386,2496.0,1,2
2025.emnlp-main.1248,SG,2025,EMNLP,312.0,2.494154594018443,2496.0,0,2
2025.emnlp-main.1351,SG,2025,EMNLP,312.0,2.494154594018443,2496.0,0,2
2025.emnlp-main.1374,SG,2025,EMNLP,312.0,2.494154594018443,2496.0,0,3
2025.emnlp-main.1420,SG,2025,EMNLP,476.4,2.67797175281074,2496.0,0,2
2025.emnlp-main.1428,SG,2025,EMNLP,6048.0,3.78161178249315,2496.0,1,2
2025.emnlp-main.1657,SG,2025,EMNLP,724.0,2.859738566197147,2496.0,0,1
2025.emnlp-main.1724,SG,2025,EMNLP,2496.0,3.397244581010386,2496.0,1,1
2025.emnlp-main.1727,SG,2025,EMNLP,312.0,2.494154594018443,2496.0,0,1
2025.emnlp-main.175,SG,2025,EMNLP,2496.0,3.397244581010386,2496.0,1,4
2025.emnlp-main.1768,SG,2025,EMNLP,989.5,2.9954157985424152,2496.0,0,2
2025.emnlp-main.1808,SG,2025,EMNLP,6048.0,3.78161178249315,2496.0,1,4
2025.emnlp-main.195,SG,2025,EMNLP,989.0,2.9951962915971793,2496.0,0,2
2025.emnlp-main.202,SG,2025,EMNLP,1248.0,3.0962145853464054,2496.0,0,3
2025.emnlp-main.213,SG,2025,EMNLP,476.4,2.67797175281074,2496.0,0,3
2025.emnlp-main.248,SG,2025,EMNLP,3024.0,3.480581786829169,2496.0,1,2
2025.emnlp-main.251,SG,2025,EMNLP,6048.0,3.78161178249315,2496.0,1,1
2025.emnlp-main.260,SG,2025,EMNLP,724.0,2.859738566197147,2496.0,0,3
2025.emnlp-main.284,SG,2025,EMNLP,6048.0,3.78161178249315,2496.0,1,1
2025.emnlp-main.305,SG,2025,EMNLP,624.0,2.795184589682424,2496.0,0,2
2025.emnlp-main.32,SG,2025,EMNLP,2496.0,3.397244581010386,2496.0,1,2
2025.emnlp-main.339,SG,2025,EMNLP,1248.0,3.0962145853464054,2496.0,0,3
2025.emnlp-main.370,SG,2025,EMNLP,312.0,2.494154594018443,2496.0,0,4
2025.emnlp-main.372,SG,2025,EMNLP,756.0,2.8785217955012063,2496.0,0,2
2025.emnlp-main.459,SG,2025,EMNLP,1512.0,3.1795517911651876,2496.0,0,2
2025.emnlp-main.469,SG,2025,EMNLP,312.0,2.494154594018443,2496.0,0,2
2025.emnlp-main.506,SG,2025,EMNLP,756.0,2.8785217955012063,2496.0,0,2
2025.emnlp-main.545,SG,2025,EMNLP,624.0,2.795184589682424,2496.0,0,1
2025.emnlp-main.572,SG,2025,EMNLP,624.0,2.795184589682424,2496.0,0,3
2025.emnlp-main.575,SG,2025,EMNLP,330.0,2.5185139398778875,2496.0,0,3
2025.emnlp-main.612,SG,2025,EMNLP,238.2,2.3769417571467586,2496.0,0,2
2025.emnlp-main.629,SG,2025,EMNLP,112.0,2.0492180226701815,2496.0,0,2
2025.emnlp-main.643,SG,2025,EMNLP,311.8,2.4938761108528227,2496.0,0,1
2025.emnlp-main.65,SG,2025,EMNLP,112.0,2.0492180226701815,2496.0,0,1
2025.emnlp-main.72,SG,2025,EMNLP,2496.0,3.397244581010386,2496.0,1,3
2025.emnlp-main.781,SG,2025,EMNLP,311.8,2.4938761108528227,2496.0,0,2
2025.emnlp-main.788,SG,2025,EMNLP,2496.0,3.397244581010386,2496.0,1,2
2025.emnlp-main.81,SG,2025,EMNLP,149.7,2.1752218003430523,2496.0,0,2
2025.emnlp-main.835,SG,2025,EMNLP,568.0,2.754348335711019,2496.0,0,4
2025.emnlp-main.872,SG,2025,EMNLP,119.1,2.0759117614827773,2496.0,0,2
2025.emnlp-main.971,SG,2025,EMNLP,6048.0,3.78161178249315,2496.0,1,2
2025.naacl-long.269,SG,2025,NAACL,311.8,2.4938761108528227,2496.0,0,1
2025.naacl-long.272,SG,2025,NAACL,312.0,2.494154594018443,2496.0,0,2
2025.naacl-long.30,SG,2025,NAACL,2496.0,3.397244581010386,2496.0,1,3
2025.naacl-long.320,SG,2025,NAACL,312.0,2.494154594018443,2496.0,0,1
2025.naacl-long.343,SG,2025,NAACL,222.2,2.346744054604849,2496.0,0,2
2025.naacl-long.363,SG,2025,NAACL,238.2,2.3769417571467586,2496.0,0,3
2025.naacl-long.399,SG,2025,NAACL,896.0,2.9523080096621253,2496.0,0,2
2025.naacl-long.479,SG,2025,NAACL,119.1,2.0759117614827773,2496.0,0,1
2025.naacl-long.50,SG,2025,NAACL,149.7,2.1752218003430523,2496.0,0,1
2025.naacl-long.514,SG,2025,NAACL,312.0,2.494154594018443,2496.0,0,1
2025.naacl-long.600,SG,2025,NAACL,724.0,2.859738566197147,2496.0,0,16
2025.naacl-long.625,SG,2025,NAACL,312.0,2.494154594018443,2496.0,0,1
2025.naacl-long.86,SG,2025,NAACL,624.0,2.795184589682424,2496.0,0,2
2025.acl-long.36,SK,2025,ACL,936.0,2.971275848738105,2496.0,0,1
2025.acl-long.38,SK,2025,ACL,1248.0,3.0962145853464054,2496.0,0,2
2025.emnlp-main.418,SK,2025,EMNLP,756.0,2.8785217955012063,2496.0,0,3
2025.emnlp-main.9,SK,2025,EMNLP,312.0,2.494154594018443,2496.0,0,2
2025.naacl-long.517,SK,2025,NAACL,149.7,2.1752218003430523,2496.0,0,3
2025.naacl-long.526,SK,2025,NAACL,1248.0,3.0962145853464054,2496.0,0,3
2025.acl-long.464,SN,2025,ACL,756.0,2.8785217955012063,2496.0,0,8
2025.acl-long.756,TH,2025,ACL,91.06,1.9593276459721711,2496.0,0,3
2025.emnlp-main.1590,TH,2025,EMNLP,6048.0,3.78161178249315,2496.0,1,1
2025.emnlp-main.1739,TH,2025,EMNLP,1248.0,3.0962145853464054,2496.0,0,1
2025.emnlp-main.175,TH,2025,EMNLP,2496.0,3.397244581010386,2496.0,1,4
2025.emnlp-main.338,TH,2025,EMNLP,330.0,2.5185139398778875,2496.0,0,2
2025.emnlp-main.577,TH,2025,EMNLP,312.0,2.494154594018443,2496.0,0,2
2025.emnlp-main.771,TH,2025,EMNLP,312.0,2.494154594018443,2496.0,0,2
2025.emnlp-main.89,TR,2025,EMNLP,112.0,2.0492180226701815,2496.0,0,1
2025.naacl-long.387,TR,2025,NAACL,1248.0,3.0962145853464054,2496.0,0,1
2025.acl-long.464,UG,2025,ACL,756.0,2.8785217955012063,2496.0,0,8
2025.acl-long.1003,US,2025,ACL,312.0,2.494154594018443,2496.0,0,2
2025.acl-long.1007,US,2025,ACL,476.4,2.67797175281074,2496.0,0,1
2025.acl-long.1008,US,2025,ACL,968.0,2.9858753573083936,2496.0,0,1
2025.acl-long.1009,US,2025,ACL,2496.0,3.397244581010386,2496.0,1,2
2025.acl-long.1010,US,2025,ACL,119.1,2.0759117614827773,2496.0,0,1
2025.acl-long.1012,US,2025,ACL,1086.0,3.035829825252828,2496.0,0,1
2025.acl-long.1013,US,2025,ACL,624.0,2.795184589682424,2496.0,0,1
2025.acl-long.1014,US,2025,ACL,2496.0,3.397244581010386,2496.0,1,1
2025.acl-long.1016,US,2025,ACL,756.0,2.8785217955012063,2496.0,0,1
2025.acl-long.1017,US,2025,ACL,2496.0,3.397244581010386,2496.0,1,1
2025.acl-long.1020,US,2025,ACL,312.0,2.494154594018443,2496.0,0,1
2025.acl-long.1028,US,2025,ACL,312.0,2.494154594018443,2496.0,0,1
2025.acl-long.1029,US,2025,ACL,6048.0,3.78161178249315,2496.0,1,1
2025.acl-long.1032,US,2025,ACL,624.0,2.795184589682424,2496.0,0,2
2025.acl-long.1033,US,2025,ACL,1512.0,3.1795517911651876,2496.0,0,2
2025.acl-long.1038,US,2025,ACL,119.1,2.0759117614827773,2496.0,0,3
2025.acl-long.104,US,2025,ACL,149.7,2.1752218003430523,2496.0,0,3
2025.acl-long.1043,US,2025,ACL,1248.0,3.0962145853464054,2496.0,0,2
2025.acl-long.1048,US,2025,ACL,357.3,2.55303301620244,2496.0,0,2
2025.acl-long.1059,US,2025,ACL,598.8,2.777281791671015,2496.0,0,1
2025.acl-long.1074,US,2025,ACL,119.1,2.0759117614827773,2496.0,0,1
2025.acl-long.1084,US,2025,ACL,624.0,2.795184589682424,2496.0,0,2
2025.acl-long.1090,US,2025,ACL,1248.0,3.0962145853464054,2496.0,0,2
2025.acl-long.1094,US,2025,ACL,222.2,2.346744054604849,2496.0,0,1
2025.acl-long.1098,US,2025,ACL,357.3,2.55303301620244,2496.0,0,1
2025.acl-long.1101,US,2025,ACL,2496.0,3.397244581010386,2496.0,1,2
2025.acl-long.1110,US,2025,ACL,714.6,2.854063011866421,2496.0,0,2
2025.acl-long.1124,US,2025,ACL,312.0,2.494154594018443,2496.0,0,2
2025.acl-long.1126,US,2025,ACL,2496.0,3.397244581010386,2496.0,1,2
2025.acl-long.114,US,2025,ACL,312.0,2.494154594018443,2496.0,0,2
2025.acl-long.115,US,2025,ACL,112.0,2.0492180226701815,2496.0,0,3
2025.acl-long.1159,US,2025,ACL,29.77,1.4737788346467247,2496.0,0,1
2025.acl-long.116,US,2025,ACL,2496.0,3.397244581010386,2496.0,1,3
2025.acl-long.1162,US,2025,ACL,623.6,2.794906106516804,2496.0,0,2
2025.acl-long.1168,US,2025,ACL,2496.0,3.397244581010386,2496.0,1,2
2025.acl-long.1173,US,2025,ACL,2896.0,3.461798557525109,2496.0,1,2
2025.acl-long.1176,US,2025,ACL,2496.0,3.397244581010386,2496.0,1,2
2025.acl-long.118,US,2025,ACL,2496.0,3.397244581010386,2496.0,1,1
2025.acl-long.1195,US,2025,ACL,312.0,2.494154594018443,2496.0,0,2
2025.acl-long.12,US,2025,ACL,2496.0,3.397244581010386,2496.0,1,2
2025.acl-long.1200,US,2025,ACL,312.0,2.494154594018443,2496.0,0,1
2025.acl-long.1206,US,2025,ACL,119.1,2.0759117614827773,2496.0,0,3
2025.acl-long.1208,US,2025,ACL,1248.0,3.0962145853464054,2496.0,0,1
2025.acl-long.1210,US,2025,ACL,666.6,2.8238653093245114,2496.0,0,1
2025.acl-long.1211,US,2025,ACL,312.0,2.494154594018443,2496.0,0,1
2025.acl-long.1214,US,2025,ACL,119.1,2.0759117614827773,2496.0,0,1
2025.acl-long.1220,US,2025,ACL,936.0,2.971275848738105,2496.0,0,1
2025.acl-long.1221,US,2025,ACL,312.0,2.494154594018443,2496.0,0,1
2025.acl-long.1225,US,2025,ACL,756.0,2.8785217955012063,2496.0,0,1
2025.acl-long.1226,US,2025,ACL,149.7,2.1752218003430523,2496.0,0,1
2025.acl-long.123,US,2025,ACL,774144.0,5.888821752141019,2496.0,1,1
2025.acl-long.1231,US,2025,ACL,238.2,2.3769417571467586,2496.0,0,2
2025.acl-long.1238,US,2025,ACL,312.0,2.494154594018443,2496.0,0,2
2025.acl-long.124,US,2025,ACL,119.1,2.0759117614827773,2496.0,0,1
2025.acl-long.1248,US,2025,ACL,181.0,2.2576785748691846,2496.0,0,1
2025.acl-long.1250,US,2025,ACL,2496.0,3.397244581010386,2496.0,1,1
2025.acl-long.1251,US,2025,ACL,312.0,2.494154594018443,2496.0,0,1
2025.acl-long.1252,US,2025,ACL,181.0,2.2576785748691846,2496.0,0,1
2025.acl-long.1257,US,2025,ACL,181.0,2.2576785748691846,2496.0,0,1
2025.acl-long.126,US,2025,ACL,2496.0,3.397244581010386,2496.0,1,1
2025.acl-long.1263,US,2025,ACL,476.4,2.67797175281074,2496.0,0,1
2025.acl-long.1264,US,2025,ACL,312.0,2.494154594018443,2496.0,0,2
2025.acl-long.1269,US,2025,ACL,2496.0,3.397244581010386,2496.0,1,1
2025.acl-long.127,US,2025,ACL,6048.0,3.78161178249315,2496.0,1,1
2025.acl-long.1271,US,2025,ACL,624.0,2.795184589682424,2496.0,0,1
2025.acl-long.128,US,2025,ACL,312.0,2.494154594018443,2496.0,0,1
2025.acl-long.1283,US,2025,ACL,312.0,2.494154594018443,2496.0,0,1
2025.acl-long.1284,US,2025,ACL,952.8,2.979001748474721,2496.0,0,1
2025.acl-long.1294,US,2025,ACL,383.0,2.583198773968623,2496.0,0,2
2025.acl-long.1296,US,2025,ACL,598.8,2.777281791671015,2496.0,0,3
2025.acl-long.1304,US,2025,ACL,12096.0,4.082641778157131,2496.0,1,2
2025.acl-long.1305,US,2025,ACL,1248.0,3.0962145853464054,2496.0,0,2
2025.acl-long.1307,US,2025,ACL,312.0,2.494154594018443,2496.0,0,1
2025.acl-long.131,US,2025,ACL,1248.0,3.0962145853464054,2496.0,0,1
2025.acl-long.1312,US,2025,ACL,284.0,2.4533183400470375,2496.0,0,2
2025.acl-long.132,US,2025,ACL,624.0,2.795184589682424,2496.0,0,3
2025.acl-long.1323,US,2025,ACL,2496.0,3.397244581010386,2496.0,1,1
2025.acl-long.1325,US,2025,ACL,312.0,2.494154594018443,2496.0,0,1
2025.acl-long.1328,US,2025,ACL,312.0,2.494154594018443,2496.0,0,2
2025.acl-long.1333,US,2025,ACL,119.1,2.0759117614827773,2496.0,0,2
2025.acl-long.1342,US,2025,ACL,6048.0,3.78161178249315,2496.0,1,4
2025.acl-long.1358,US,2025,ACL,2496.0,3.397244581010386,2496.0,1,2
2025.acl-long.1366,US,2025,ACL,3024.0,3.480581786829169,2496.0,1,2
2025.acl-long.137,US,2025,ACL,2496.0,3.397244581010386,2496.0,1,3
2025.acl-long.1385,US,2025,ACL,112.0,2.0492180226701815,2496.0,0,2
2025.acl-long.139,US,2025,ACL,222.2,2.346744054604849,2496.0,0,2
2025.acl-long.1390,US,2025,ACL,112.0,2.0492180226701815,2496.0,0,2
2025.acl-long.1391,US,2025,ACL,2496.0,3.397244581010386,2496.0,1,2
2025.acl-long.1394,US,2025,ACL,6048.0,3.78161178249315,2496.0,1,2
2025.acl-long.1397,US,2025,ACL,952.8,2.979001748474721,2496.0,0,1
2025.acl-long.1398,US,2025,ACL,449.1,2.652343055062715,2496.0,0,1
2025.acl-long.1399,US,2025,ACL,312.0,2.494154594018443,2496.0,0,1
2025.acl-long.1417,US,2025,ACL,2496.0,3.397244581010386,2496.0,1,1
2025.acl-long.1418,US,2025,ACL,2496.0,3.397244581010386,2496.0,1,1
2025.acl-long.1419,US,2025,ACL,6048.0,3.78161178249315,2496.0,1,3
2025.acl-long.1422,US,2025,ACL,1248.0,3.0962145853464054,2496.0,0,1
2025.acl-long.1426,US,2025,ACL,756.0,2.8785217955012063,2496.0,0,2
2025.acl-long.1429,US,2025,ACL,312.0,2.494154594018443,2496.0,0,2
2025.acl-long.1432,US,2025,ACL,312.0,2.494154594018443,2496.0,0,1
2025.acl-long.1433,US,2025,ACL,238.2,2.3769417571467586,2496.0,0,1
2025.acl-long.1434,US,2025,ACL,238.2,2.3769417571467586,2496.0,0,1
2025.acl-long.1437,US,2025,ACL,312.0,2.494154594018443,2496.0,0,4
2025.acl-long.1440,US,2025,ACL,119.1,2.0759117614827773,2496.0,0,1
2025.acl-long.1445,US,2025,ACL,936.0,2.971275848738105,2496.0,0,1
2025.acl-long.1446,US,2025,ACL,222.2,2.346744054604849,2496.0,0,1
2025.acl-long.1447,US,2025,ACL,312.0,2.494154594018443,2496.0,0,2
2025.acl-long.1449,US,2025,ACL,312.0,2.494154594018443,2496.0,0,1
2025.acl-long.1451,US,2025,ACL,71.0,1.8512583487190752,2496.0,0,6
2025.acl-long.1452,US,2025,ACL,624.0,2.795184589682424,2496.0,0,1
2025.acl-long.1455,US,2025,ACL,1320.0,3.12057393120585,2496.0,0,2
2025.acl-long.1457,US,2025,ACL,9984.0,3.9993045723383487,2496.0,1,2
2025.acl-long.1459,US,2025,ACL,2496.0,3.397244581010386,2496.0,1,1
2025.acl-long.1462,US,2025,ACL,2496.0,3.397244581010386,2496.0,1,1
2025.acl-long.1469,US,2025,ACL,125.0,2.0969100130080562,2496.0,0,1
2025.acl-long.147,US,2025,ACL,119.1,2.0759117614827773,2496.0,0,2
2025.acl-long.1473,US,2025,ACL,312.0,2.494154594018443,2496.0,0,1
2025.acl-long.1480,US,2025,ACL,312.0,2.494154594018443,2496.0,0,2
2025.acl-long.1483,US,2025,ACL,312.0,2.494154594018443,2496.0,0,2
2025.acl-long.1492,US,2025,ACL,112.0,2.0492180226701815,2496.0,0,2
2025.acl-long.1496,US,2025,ACL,2496.0,3.397244581010386,2496.0,1,2
2025.acl-long.1497,US,2025,ACL,119.1,2.0759117614827773,2496.0,0,1
2025.acl-long.1519,US,2025,ACL,952.8,2.979001748474721,2496.0,0,2
2025.acl-long.1523,US,2025,ACL,2496.0,3.397244581010386,2496.0,1,1
2025.acl-long.1527,US,2025,ACL,330.0,2.5185139398778875,2496.0,0,2
2025.acl-long.1533,US,2025,ACL,624.0,2.795184589682424,2496.0,0,1
2025.acl-long.1534,US,2025,ACL,119.1,2.0759117614827773,2496.0,0,1
2025.acl-long.1535,US,2025,ACL,71.0,1.8512583487190752,2496.0,0,2
2025.acl-long.1542,US,2025,ACL,312.0,2.494154594018443,2496.0,0,1
2025.acl-long.1543,US,2025,ACL,6048.0,3.78161178249315,2496.0,1,2
2025.acl-long.1546,US,2025,ACL,756.0,2.8785217955012063,2496.0,0,2
2025.acl-long.1547,US,2025,ACL,9984.0,3.9993045723383487,2496.0,1,2
2025.acl-long.1550,US,2025,ACL,624.0,2.795184589682424,2496.0,0,1
2025.acl-long.1551,US,2025,ACL,48384.0,4.684701769485094,2496.0,1,1
2025.acl-long.1553,US,2025,ACL,312.0,2.494154594018443,2496.0,0,1
2025.acl-long.1554,US,2025,ACL,2496.0,3.397244581010386,2496.0,1,2
2025.acl-long.1557,US,2025,ACL,130.5,2.1156105116742996,2496.0,0,1
2025.acl-long.1561,US,2025,ACL,1512.0,3.1795517911651876,2496.0,0,6
2025.acl-long.1562,US,2025,ACL,2496.0,3.397244581010386,2496.0,1,2
2025.acl-long.1563,US,2025,ACL,312.0,2.494154594018443,2496.0,0,1
2025.acl-long.1565,US,2025,ACL,2496.0,3.397244581010386,2496.0,1,2
2025.acl-long.1566,US,2025,ACL,4992.0,3.6982745766743674,2496.0,1,1
2025.acl-long.1568,US,2025,ACL,6684.0,3.8250364412213536,2496.0,1,1
2025.acl-long.1573,US,2025,ACL,1248.0,3.0962145853464054,2496.0,0,3
2025.acl-long.1574,US,2025,ACL,2496.0,3.397244581010386,2496.0,1,1
2025.acl-long.1577,US,2025,ACL,2496.0,3.397244581010386,2496.0,1,3
2025.acl-long.158,US,2025,ACL,2496.0,3.397244581010386,2496.0,1,2
2025.acl-long.1580,US,2025,ACL,624.0,2.795184589682424,2496.0,0,2
2025.acl-long.1582,US,2025,ACL,2496.0,3.397244581010386,2496.0,1,2
2025.acl-long.1585,US,2025,ACL,238.2,2.3769417571467586,2496.0,0,1
2025.acl-long.1587,US,2025,ACL,2496.0,3.397244581010386,2496.0,1,1
2025.acl-long.1589,US,2025,ACL,149.7,2.1752218003430523,2496.0,0,1
2025.acl-long.1592,US,2025,ACL,2496.0,3.397244581010386,2496.0,1,3
2025.acl-long.1598,US,2025,ACL,6048.0,3.78161178249315,2496.0,1,2
2025.acl-long.16,US,2025,ACL,624.0,2.795184589682424,2496.0,0,2
2025.acl-long.160,US,2025,ACL,238.2,2.3769417571467586,2496.0,0,1
2025.acl-long.1600,US,2025,ACL,2496.0,3.397244581010386,2496.0,1,3
2025.acl-long.161,US,2025,ACL,238.2,2.3769417571467586,2496.0,0,1
2025.acl-long.168,US,2025,ACL,312.0,2.494154594018443,2496.0,0,1
2025.acl-long.173,US,2025,ACL,426.0,2.629409599102719,2496.0,0,2
2025.acl-long.186,US,2025,ACL,2000.0,3.3010299956639813,2496.0,0,2
2025.acl-long.193,US,2025,ACL,2496.0,3.397244581010386,2496.0,1,3
2025.acl-long.2,US,2025,ACL,756.0,2.8785217955012063,2496.0,0,1
2025.acl-long.209,US,2025,ACL,110.0,2.041392685158225,2496.0,0,1
2025.acl-long.225,US,2025,ACL,623.6,2.794906106516804,2496.0,0,2
2025.acl-long.226,US,2025,ACL,312.0,2.494154594018443,2496.0,0,1
2025.acl-long.239,US,2025,ACL,1248.0,3.0962145853464054,2496.0,0,2
2025.acl-long.242,US,2025,ACL,2496.0,3.397244581010386,2496.0,1,1
2025.acl-long.246,US,2025,ACL,2496.0,3.397244581010386,2496.0,1,2
2025.acl-long.254,US,2025,ACL,238.2,2.3769417571467586,2496.0,0,1
2025.acl-long.264,US,2025,ACL,178.4,2.2513948500401044,2496.0,0,1
2025.acl-long.267,US,2025,ACL,2496.0,3.397244581010386,2496.0,1,1
2025.acl-long.268,US,2025,ACL,17460.8,4.242064137859023,2496.0,1,2
2025.acl-long.277,US,2025,ACL,2496.0,3.397244581010386,2496.0,1,3
2025.acl-long.290,US,2025,ACL,312.0,2.494154594018443,2496.0,0,3
2025.acl-long.294,US,2025,ACL,1248.0,3.0962145853464054,2496.0,0,1
2025.acl-long.295,US,2025,ACL,357.3,2.55303301620244,2496.0,0,1
2025.acl-long.298,US,2025,ACL,449.1,2.652343055062715,2496.0,0,1
2025.acl-long.3,US,2025,ACL,2496.0,3.397244581010386,2496.0,1,3
2025.acl-long.305,US,2025,ACL,2496.0,3.397244581010386,2496.0,1,1
2025.acl-long.312,US,2025,ACL,660.0,2.8195439355418688,2496.0,0,2
2025.acl-long.317,US,2025,ACL,1248.0,3.0962145853464054,2496.0,0,2
2025.acl-long.318,US,2025,ACL,112.0,2.0492180226701815,2496.0,0,1
2025.acl-long.320,US,2025,ACL,3024.0,3.480581786829169,2496.0,1,4
2025.acl-long.321,US,2025,ACL,1247.2,3.095936102180785,2496.0,0,2
2025.acl-long.322,US,2025,ACL,312.0,2.494154594018443,2496.0,0,1
2025.acl-long.326,US,2025,ACL,312.0,2.494154594018443,2496.0,0,3
2025.acl-long.33,US,2025,ACL,312.0,2.494154594018443,2496.0,0,1
2025.acl-long.336,US,2025,ACL,6048.0,3.78161178249315,2496.0,1,2
2025.acl-long.344,US,2025,ACL,2496.0,3.397244581010386,2496.0,1,4
2025.acl-long.345,US,2025,ACL,660.0,2.8195439355418688,2496.0,0,2
2025.acl-long.365,US,2025,ACL,312.0,2.494154594018443,2496.0,0,2
2025.acl-long.366,US,2025,ACL,6048.0,3.78161178249315,2496.0,1,1
2025.acl-long.381,US,2025,ACL,2496.0,3.397244581010386,2496.0,1,2
2025.acl-long.382,US,2025,ACL,299.4,2.4762517960070336,2496.0,0,1
2025.acl-long.383,US,2025,ACL,312.0,2.494154594018443,2496.0,0,2
2025.acl-long.384,US,2025,ACL,2496.0,3.397244581010386,2496.0,1,1
2025.acl-long.385,US,2025,ACL,2496.0,3.397244581010386,2496.0,1,3
2025.acl-long.386,US,2025,ACL,1248.0,3.0962145853464054,2496.0,0,1
2025.acl-long.39,US,2025,ACL,624.0,2.795184589682424,2496.0,0,1
2025.acl-long.391,US,2025,ACL,312.0,2.494154594018443,2496.0,0,2
2025.acl-long.392,US,2025,ACL,2496.0,3.397244581010386,2496.0,1,1
2025.acl-long.397,US,2025,ACL,3958.0,3.5974757898703773,2496.0,1,1
2025.acl-long.398,US,2025,ACL,2496.0,3.397244581010386,2496.0,1,1
2025.acl-long.399,US,2025,ACL,2496.0,3.397244581010386,2496.0,1,1
2025.acl-long.4,US,2025,ACL,1248.0,3.0962145853464054,2496.0,0,3
2025.acl-long.404,US,2025,ACL,2496.0,3.397244581010386,2496.0,1,2
2025.acl-long.413,US,2025,ACL,4992.0,3.6982745766743674,2496.0,1,1
2025.acl-long.42,US,2025,ACL,4992.0,3.6982745766743674,2496.0,1,2
2025.acl-long.430,US,2025,ACL,311.8,2.4938761108528227,2496.0,0,2
2025.acl-long.431,US,2025,ACL,756.0,2.8785217955012063,2496.0,0,2
2025.acl-long.438,US,2025,ACL,2496.0,3.397244581010386,2496.0,1,3
2025.acl-long.439,US,2025,ACL,182.12,2.260357641636152,2496.0,0,1
2025.acl-long.44,US,2025,ACL,119.1,2.0759117614827773,2496.0,0,1
2025.acl-long.442,US,2025,ACL,624.0,2.795184589682424,2496.0,0,1
2025.acl-long.445,US,2025,ACL,119.1,2.0759117614827773,2496.0,0,1
2025.acl-long.451,US,2025,ACL,660.0,2.8195439355418688,2496.0,0,2
2025.acl-long.460,US,2025,ACL,476.4,2.67797175281074,2496.0,0,1
2025.acl-long.464,US,2025,ACL,756.0,2.8785217955012063,2496.0,0,8
2025.acl-long.476,US,2025,ACL,952.8,2.979001748474721,2496.0,0,1
2025.acl-long.478,US,2025,ACL,756.0,2.8785217955012063,2496.0,0,1
2025.acl-long.482,US,2025,ACL,624.0,2.795184589682424,2496.0,0,1
2025.acl-long.51,US,2025,ACL,2496.0,3.397244581010386,2496.0,1,2
2025.acl-long.519,US,2025,ACL,756.0,2.8785217955012063,2496.0,0,1
2025.acl-long.530,US,2025,ACL,312.0,2.494154594018443,2496.0,0,2
2025.acl-long.542,US,2025,ACL,624.0,2.795184589682424,2496.0,0,1
2025.acl-long.545,US,2025,ACL,95.0,1.9777236052888478,2496.0,0,1
2025.acl-long.553,US,2025,ACL,142.0,2.1522883443830563,2496.0,0,2
2025.acl-long.568,US,2025,ACL,71.0,1.8512583487190752,2496.0,0,3
2025.acl-long.573,US,2025,ACL,125.0,2.0969100130080562,2496.0,0,1
2025.acl-long.578,US,2025,ACL,2496.0,3.397244581010386,2496.0,1,1
2025.acl-long.605,US,2025,ACL,6048.0,3.78161178249315,2496.0,1,1
2025.acl-long.615,US,2025,ACL,6048.0,3.78161178249315,2496.0,1,3
2025.acl-long.623,US,2025,ACL,119.1,2.0759117614827773,2496.0,0,1
2025.acl-long.641,US,2025,ACL,2496.0,3.397244581010386,2496.0,1,1
2025.acl-long.645,US,2025,ACL,112.0,2.0492180226701815,2496.0,0,2
2025.acl-long.648,US,2025,ACL,7912.0,3.898286278589123,2496.0,1,2
2025.acl-long.65,US,2025,ACL,1792.0,3.2533380053261065,2496.0,0,2
2025.acl-long.661,US,2025,ACL,312.0,2.494154594018443,2496.0,0,1
2025.acl-long.67,US,2025,ACL,312.0,2.494154594018443,2496.0,0,2
2025.acl-long.673,US,2025,ACL,1320.0,3.12057393120585,2496.0,0,2
2025.acl-long.68,US,2025,ACL,130.5,2.1156105116742996,2496.0,0,1
2025.acl-long.681,US,2025,ACL,9984.0,3.9993045723383487,2496.0,1,1
2025.acl-long.69,US,2025,ACL,119.1,2.0759117614827773,2496.0,0,1
2025.acl-long.693,US,2025,ACL,1248.0,3.0962145853464054,2496.0,0,2
2025.acl-long.694,US,2025,ACL,2496.0,3.397244581010386,2496.0,1,2
2025.acl-long.70,US,2025,ACL,312.0,2.494154594018443,2496.0,0,2
2025.acl-long.700,US,2025,ACL,311.8,2.4938761108528227,2496.0,0,3
2025.acl-long.702,US,2025,ACL,724.0,2.859738566197147,2496.0,0,2
2025.acl-long.712,US,2025,ACL,3024.0,3.480581786829169,2496.0,1,1
2025.acl-long.729,US,2025,ACL,1248.0,3.0962145853464054,2496.0,0,5
2025.acl-long.74,US,2025,ACL,2496.0,3.397244581010386,2496.0,1,2
2025.acl-long.746,US,2025,ACL,312.0,2.494154594018443,2496.0,0,2
2025.acl-long.753,US,2025,ACL,1248.0,3.0962145853464054,2496.0,0,3
2025.acl-long.754,US,2025,ACL,2496.0,3.397244581010386,2496.0,1,1
2025.acl-long.756,US,2025,ACL,91.06,1.9593276459721711,2496.0,0,3
2025.acl-long.772,US,2025,ACL,330.0,2.5185139398778875,2496.0,0,3
2025.acl-long.796,US,2025,ACL,312.0,2.494154594018443,2496.0,0,3
2025.acl-long.806,US,2025,ACL,312.0,2.494154594018443,2496.0,0,4
2025.acl-long.813,US,2025,ACL,48384.0,4.684701769485094,2496.0,1,3
2025.acl-long.82,US,2025,ACL,6048.0,3.78161178249315,2496.0,1,1
2025.acl-long.824,US,2025,ACL,119.1,2.0759117614827773,2496.0,0,2
2025.acl-long.83,US,2025,ACL,222.2,2.346744054604849,2496.0,0,1
2025.acl-long.84,US,2025,ACL,91.06,1.9593276459721711,2496.0,0,1
2025.acl-long.845,US,2025,ACL,2496.0,3.397244581010386,2496.0,1,2
2025.acl-long.847,US,2025,ACL,724.0,2.859738566197147,2496.0,0,2
2025.acl-long.854,US,2025,ACL,49024.0,4.690408743616491,2496.0,1,5
2025.acl-long.861,US,2025,ACL,4992.0,3.6982745766743674,2496.0,1,2
2025.acl-long.926,US,2025,ACL,2496.0,3.397244581010386,2496.0,1,3
2025.acl-long.927,US,2025,ACL,238.2,2.3769417571467586,2496.0,0,1
2025.acl-long.931,US,2025,ACL,312.0,2.494154594018443,2496.0,0,3
2025.acl-long.938,US,2025,ACL,476.4,2.67797175281074,2496.0,0,1
2025.acl-long.94,US,2025,ACL,7488.0,3.874365835730049,2496.0,1,1
2025.acl-long.95,US,2025,ACL,2496.0,3.397244581010386,2496.0,1,1
2025.acl-long.950,US,2025,ACL,2496.0,3.397244581010386,2496.0,1,3
2025.acl-long.961,US,2025,ACL,624.0,2.795184589682424,2496.0,0,3
2025.acl-long.962,US,2025,ACL,1777.6,3.2498340415967926,2496.0,0,2
2025.acl-long.974,US,2025,ACL,835.5,2.9219464542294102,2496.0,0,1
2025.acl-long.979,US,2025,ACL,24192.0,4.383671773821113,2496.0,1,1
2025.acl-long.980,US,2025,ACL,160.0,2.2041199826559246,2496.0,0,2
2025.acl-long.989,US,2025,ACL,312.0,2.494154594018443,2496.0,0,1
2025.acl-long.990,US,2025,ACL,2496.0,3.397244581010386,2496.0,1,1
2025.acl-long.992,US,2025,ACL,2496.0,3.397244581010386,2496.0,1,1
2025.acl-long.993,US,2025,ACL,312.0,2.494154594018443,2496.0,0,1
2025.acl-long.994,US,2025,ACL,2496.0,3.397244581010386,2496.0,1,2
2025.acl-long.995,US,2025,ACL,476.4,2.67797175281074,2496.0,0,2
2025.acl-long.997,US,2025,ACL,19968.0,4.30033456800233,2496.0,1,2
2025.acl-long.999,US,2025,ACL,476.4,2.67797175281074,2496.0,0,1
2025.emnlp-main.100,US,2025,EMNLP,312.0,2.494154594018443,2496.0,0,1
2025.emnlp-main.1003,US,2025,EMNLP,312.0,2.494154594018443,2496.0,0,1
2025.emnlp-main.1005,US,2025,EMNLP,312.0,2.494154594018443,2496.0,0,1
2025.emnlp-main.1008,US,2025,EMNLP,3024.0,3.480581786829169,2496.0,1,1
2025.emnlp-main.1009,US,2025,EMNLP,87.0,1.9395192526186185,2496.0,0,1
2025.emnlp-main.101,US,2025,EMNLP,6048.0,3.78161178249315,2496.0,1,1
2025.emnlp-main.1010,US,2025,EMNLP,312.0,2.494154594018443,2496.0,0,1
2025.emnlp-main.1011,US,2025,EMNLP,2496.0,3.397244581010386,2496.0,1,1
2025.emnlp-main.1018,US,2025,EMNLP,125.0,2.0969100130080562,2496.0,0,3
2025.emnlp-main.1022,US,2025,EMNLP,624.0,2.795184589682424,2496.0,0,1
2025.emnlp-main.1025,US,2025,EMNLP,12096.0,4.082641778157131,2496.0,1,1
2025.emnlp-main.1026,US,2025,EMNLP,119.1,2.0759117614827773,2496.0,0,1
2025.emnlp-main.1027,US,2025,EMNLP,624.0,2.795184589682424,2496.0,0,1
2025.emnlp-main.103,US,2025,EMNLP,2496.0,3.397244581010386,2496.0,1,1
2025.emnlp-main.1030,US,2025,EMNLP,2496.0,3.397244581010386,2496.0,1,1
2025.emnlp-main.1034,US,2025,EMNLP,149.7,2.1752218003430523,2496.0,0,2
2025.emnlp-main.1035,US,2025,EMNLP,312.0,2.494154594018443,2496.0,0,1
2025.emnlp-main.1037,US,2025,EMNLP,476.4,2.67797175281074,2496.0,0,2
2025.emnlp-main.1038,US,2025,EMNLP,312.0,2.494154594018443,2496.0,0,1
2025.emnlp-main.1040,US,2025,EMNLP,1248.0,3.0962145853464054,2496.0,0,1
2025.emnlp-main.1041,US,2025,EMNLP,1512.0,3.1795517911651876,2496.0,0,1
2025.emnlp-main.1043,US,2025,EMNLP,2496.0,3.397244581010386,2496.0,1,1
2025.emnlp-main.1044,US,2025,EMNLP,1197.6,3.078311787334996,2496.0,0,1
2025.emnlp-main.1045,US,2025,EMNLP,2496.0,3.397244581010386,2496.0,1,2
2025.emnlp-main.1046,US,2025,EMNLP,756.0,2.8785217955012063,2496.0,0,1
2025.emnlp-main.1064,US,2025,EMNLP,119.1,2.0759117614827773,2496.0,0,1
2025.emnlp-main.1071,US,2025,EMNLP,71.0,1.8512583487190752,2496.0,0,3
2025.emnlp-main.1072,US,2025,EMNLP,181.0,2.2576785748691846,2496.0,0,1
2025.emnlp-main.1075,US,2025,EMNLP,6048.0,3.78161178249315,2496.0,1,2
2025.emnlp-main.1076,US,2025,EMNLP,9984.0,3.9993045723383487,2496.0,1,1
2025.emnlp-main.1077,US,2025,EMNLP,110.0,2.041392685158225,2496.0,0,1
2025.emnlp-main.108,US,2025,EMNLP,119.1,2.0759117614827773,2496.0,0,2
2025.emnlp-main.1085,US,2025,EMNLP,1248.0,3.0962145853464054,2496.0,0,2
2025.emnlp-main.1087,US,2025,EMNLP,2496.0,3.397244581010386,2496.0,1,1
2025.emnlp-main.1090,US,2025,EMNLP,7916.0,3.8985057855343586,2496.0,1,1
2025.emnlp-main.1093,US,2025,EMNLP,181.0,2.2576785748691846,2496.0,0,1
2025.emnlp-main.1095,US,2025,EMNLP,1560.0,3.1931245983544616,2496.0,0,1
2025.emnlp-main.1098,US,2025,EMNLP,89.2,1.9503648543761232,2496.0,0,2
2025.emnlp-main.1110,US,2025,EMNLP,312.0,2.494154594018443,2496.0,0,1
2025.emnlp-main.1116,US,2025,EMNLP,3958.0,3.5974757898703773,2496.0,1,3
2025.emnlp-main.112,US,2025,EMNLP,312.0,2.494154594018443,2496.0,0,1
2025.emnlp-main.1120,US,2025,EMNLP,990.0,2.99563519459755,2496.0,0,2
2025.emnlp-main.113,US,2025,EMNLP,119.1,2.0759117614827773,2496.0,0,2
2025.emnlp-main.1132,US,2025,EMNLP,312.0,2.494154594018443,2496.0,0,4
2025.emnlp-main.1142,US,2025,EMNLP,3342.0,3.5240064455573727,2496.0,1,2
2025.emnlp-main.1144,US,2025,EMNLP,119.1,2.0759117614827773,2496.0,0,1
2025.emnlp-main.1153,US,2025,EMNLP,1248.0,3.0962145853464054,2496.0,0,2
2025.emnlp-main.1155,US,2025,EMNLP,19968.0,4.30033456800233,2496.0,1,1
2025.emnlp-main.1173,US,2025,EMNLP,756.0,2.8785217955012063,2496.0,0,2
2025.emnlp-main.1180,US,2025,EMNLP,568.0,2.754348335711019,2496.0,0,2
2025.emnlp-main.1188,US,2025,EMNLP,119.1,2.0759117614827773,2496.0,0,1
2025.emnlp-main.1189,US,2025,EMNLP,336.0,2.526339277389844,2496.0,0,2
2025.emnlp-main.1205,US,2025,EMNLP,89.2,1.9503648543761232,2496.0,0,1
2025.emnlp-main.121,US,2025,EMNLP,364.24,2.5613876373001334,2496.0,0,1
2025.emnlp-main.1214,US,2025,EMNLP,1248.0,3.0962145853464054,2496.0,0,1
2025.emnlp-main.1218,US,2025,EMNLP,1248.0,3.0962145853464054,2496.0,0,1
2025.emnlp-main.1221,US,2025,EMNLP,119.1,2.0759117614827773,2496.0,0,1
2025.emnlp-main.1226,US,2025,EMNLP,312.0,2.494154594018443,2496.0,0,2
2025.emnlp-main.1228,US,2025,EMNLP,112.0,2.0492180226701815,2496.0,0,1
2025.emnlp-main.1229,US,2025,EMNLP,311.8,2.4938761108528227,2496.0,0,2
2025.emnlp-main.123,US,2025,EMNLP,756.0,2.8785217955012063,2496.0,0,1
2025.emnlp-main.1232,US,2025,EMNLP,2496.0,3.397244581010386,2496.0,1,1
2025.emnlp-main.1235,US,2025,EMNLP,1248.0,3.0962145853464054,2496.0,0,1
2025.emnlp-main.1242,US,2025,EMNLP,2496.0,3.397244581010386,2496.0,1,1
2025.emnlp-main.1256,US,2025,EMNLP,2496.0,3.397244581010386,2496.0,1,1
2025.emnlp-main.126,US,2025,EMNLP,312.0,2.494154594018443,2496.0,0,1
2025.emnlp-main.1260,US,2025,EMNLP,2496.0,3.397244581010386,2496.0,1,1
2025.emnlp-main.1261,US,2025,EMNLP,2496.0,3.397244581010386,2496.0,1,1
2025.emnlp-main.1264,US,2025,EMNLP,312.0,2.494154594018443,2496.0,0,1
2025.emnlp-main.1267,US,2025,EMNLP,1184.0,3.073351702386901,2496.0,0,2
2025.emnlp-main.127,US,2025,EMNLP,1512.0,3.1795517911651876,2496.0,0,6
2025.emnlp-main.1271,US,2025,EMNLP,299.4,2.4762517960070336,2496.0,0,1
2025.emnlp-main.1274,US,2025,EMNLP,149.7,2.1752218003430523,2496.0,0,1
2025.emnlp-main.1281,US,2025,EMNLP,312.0,2.494154594018443,2496.0,0,2
2025.emnlp-main.1283,US,2025,EMNLP,312.0,2.494154594018443,2496.0,0,2
2025.emnlp-main.1284,US,2025,EMNLP,113.8,2.056142262059052,2496.0,0,1
2025.emnlp-main.1285,US,2025,EMNLP,119.1,2.0759117614827773,2496.0,0,1
2025.emnlp-main.1288,US,2025,EMNLP,1248.0,3.0962145853464054,2496.0,0,1
2025.emnlp-main.1289,US,2025,EMNLP,1448.0,3.1607685618611283,2496.0,0,1
2025.emnlp-main.1292,US,2025,EMNLP,2640.0,3.4216039268698313,2496.0,1,2
2025.emnlp-main.1294,US,2025,EMNLP,149.7,2.1752218003430523,2496.0,0,1
2025.emnlp-main.1295,US,2025,EMNLP,312.0,2.494154594018443,2496.0,0,2
2025.emnlp-main.1298,US,2025,EMNLP,724.0,2.859738566197147,2496.0,0,1
2025.emnlp-main.1300,US,2025,EMNLP,880.0,2.9444826721501687,2496.0,0,1
2025.emnlp-main.1301,US,2025,EMNLP,2496.0,3.397244581010386,2496.0,1,1
2025.emnlp-main.1305,US,2025,EMNLP,2496.0,3.397244581010386,2496.0,1,2
2025.emnlp-main.1306,US,2025,EMNLP,24192.0,4.383671773821113,2496.0,1,1
2025.emnlp-main.1309,US,2025,EMNLP,312.0,2.494154594018443,2496.0,0,2
2025.emnlp-main.131,US,2025,EMNLP,1248.0,3.0962145853464054,2496.0,0,2
2025.emnlp-main.1315,US,2025,EMNLP,756.0,2.8785217955012063,2496.0,0,1
2025.emnlp-main.133,US,2025,EMNLP,312.0,2.494154594018443,2496.0,0,1
2025.emnlp-main.1337,US,2025,EMNLP,1248.0,3.0962145853464054,2496.0,0,1
2025.emnlp-main.134,US,2025,EMNLP,95.0,1.9777236052888478,2496.0,0,1
2025.emnlp-main.1360,US,2025,EMNLP,178.4,2.2513948500401044,2496.0,0,1
2025.emnlp-main.137,US,2025,EMNLP,4992.0,3.6982745766743674,2496.0,1,1
2025.emnlp-main.1381,US,2025,EMNLP,119.1,2.0759117614827773,2496.0,0,2
2025.emnlp-main.139,US,2025,EMNLP,6048.0,3.78161178249315,2496.0,1,2
2025.emnlp-main.1390,US,2025,EMNLP,419.0,2.622214022966295,2496.0,0,1
2025.emnlp-main.1392,US,2025,EMNLP,1248.0,3.0962145853464054,2496.0,0,1
2025.emnlp-main.1399,US,2025,EMNLP,312.0,2.494154594018443,2496.0,0,1
2025.emnlp-main.1412,US,2025,EMNLP,330.0,2.5185139398778875,2496.0,0,2
2025.emnlp-main.1418,US,2025,EMNLP,312.0,2.494154594018443,2496.0,0,1
2025.emnlp-main.1420,US,2025,EMNLP,476.4,2.67797175281074,2496.0,0,2
2025.emnlp-main.1421,US,2025,EMNLP,910.4,2.959232249050996,2496.0,0,2
2025.emnlp-main.1423,US,2025,EMNLP,330.0,2.5185139398778875,2496.0,0,2
2025.emnlp-main.1425,US,2025,EMNLP,14.9,1.173186268412274,2496.0,0,1
2025.emnlp-main.1426,US,2025,EMNLP,989.5,2.9954157985424152,2496.0,0,4
2025.emnlp-main.1428,US,2025,EMNLP,6048.0,3.78161178249315,2496.0,1,2
2025.emnlp-main.143,US,2025,EMNLP,119.1,2.0759117614827773,2496.0,0,1
2025.emnlp-main.1432,US,2025,EMNLP,149.7,2.1752218003430523,2496.0,0,1
2025.emnlp-main.144,US,2025,EMNLP,119.1,2.0759117614827773,2496.0,0,1
2025.emnlp-main.1440,US,2025,EMNLP,112.0,2.0492180226701815,2496.0,0,1
2025.emnlp-main.1443,US,2025,EMNLP,2496.0,3.397244581010386,2496.0,1,2
2025.emnlp-main.1446,US,2025,EMNLP,1191.0,3.0759117614827773,2496.0,0,1
2025.emnlp-main.1447,US,2025,EMNLP,119.1,2.0759117614827773,2496.0,0,1
2025.emnlp-main.1454,US,2025,EMNLP,299.4,2.4762517960070336,2496.0,0,2
2025.emnlp-main.146,US,2025,EMNLP,149.7,2.1752218003430523,2496.0,0,1
2025.emnlp-main.1462,US,2025,EMNLP,238.2,2.3769417571467586,2496.0,0,2
2025.emnlp-main.1465,US,2025,EMNLP,119.1,2.0759117614827773,2496.0,0,1
2025.emnlp-main.1468,US,2025,EMNLP,149.7,2.1752218003430523,2496.0,0,1
2025.emnlp-main.147,US,2025,EMNLP,2496.0,3.397244581010386,2496.0,1,1
2025.emnlp-main.148,US,2025,EMNLP,896.0,2.9523080096621253,2496.0,0,1
2025.emnlp-main.1485,US,2025,EMNLP,119.1,2.0759117614827773,2496.0,0,1
2025.emnlp-main.1489,US,2025,EMNLP,624.0,2.795184589682424,2496.0,0,2
2025.emnlp-main.1505,US,2025,EMNLP,756.0,2.8785217955012063,2496.0,0,2
2025.emnlp-main.1509,US,2025,EMNLP,39936.0,4.601364563666311,2496.0,1,2
2025.emnlp-main.151,US,2025,EMNLP,1248.0,3.0962145853464054,2496.0,0,1
2025.emnlp-main.1511,US,2025,EMNLP,2496.0,3.397244581010386,2496.0,1,2
2025.emnlp-main.152,US,2025,EMNLP,2496.0,3.397244581010386,2496.0,1,2
2025.emnlp-main.1521,US,2025,EMNLP,357.3,2.55303301620244,2496.0,0,2
2025.emnlp-main.1528,US,2025,EMNLP,1320.0,3.12057393120585,2496.0,0,1
2025.emnlp-main.1530,US,2025,EMNLP,2496.0,3.397244581010386,2496.0,1,1
2025.emnlp-main.1535,US,2025,EMNLP,1248.0,3.0962145853464054,2496.0,0,3
2025.emnlp-main.1538,US,2025,EMNLP,330.0,2.5185139398778875,2496.0,0,1
2025.emnlp-main.1541,US,2025,EMNLP,1248.0,3.0962145853464054,2496.0,0,1
2025.emnlp-main.1546,US,2025,EMNLP,6684.0,3.8250364412213536,2496.0,1,1
2025.emnlp-main.1547,US,2025,EMNLP,222.2,2.346744054604849,2496.0,0,2
2025.emnlp-main.1548,US,2025,EMNLP,119.1,2.0759117614827773,2496.0,0,2
2025.emnlp-main.1549,US,2025,EMNLP,238.2,2.3769417571467586,2496.0,0,2
2025.emnlp-main.1550,US,2025,EMNLP,989.5,2.9954157985424152,2496.0,0,1
2025.emnlp-main.1551,US,2025,EMNLP,1248.0,3.0962145853464054,2496.0,0,1
2025.emnlp-main.1554,US,2025,EMNLP,119.1,2.0759117614827773,2496.0,0,1
2025.emnlp-main.1557,US,2025,EMNLP,756.0,2.8785217955012063,2496.0,0,1
2025.emnlp-main.1558,US,2025,EMNLP,312.0,2.494154594018443,2496.0,0,2
2025.emnlp-main.1561,US,2025,EMNLP,312.0,2.494154594018443,2496.0,0,1
2025.emnlp-main.1563,US,2025,EMNLP,1248.0,3.0962145853464054,2496.0,0,4
2025.emnlp-main.1568,US,2025,EMNLP,756.0,2.8785217955012063,2496.0,0,2
2025.emnlp-main.1570,US,2025,EMNLP,41836.8,4.6215584589498055,2496.0,1,2
2025.emnlp-main.1571,US,2025,EMNLP,1512.0,3.1795517911651876,2496.0,0,1
2025.emnlp-main.1581,US,2025,EMNLP,1320.0,3.12057393120585,2496.0,0,1
2025.emnlp-main.1583,US,2025,EMNLP,112.0,2.0492180226701815,2496.0,0,1
2025.emnlp-main.1584,US,2025,EMNLP,312.0,2.494154594018443,2496.0,0,2
2025.emnlp-main.1585,US,2025,EMNLP,39936.0,4.601364563666311,2496.0,1,1
2025.emnlp-main.1586,US,2025,EMNLP,2640.0,3.4216039268698313,2496.0,1,2
2025.emnlp-main.1588,US,2025,EMNLP,71.0,1.8512583487190752,2496.0,0,1
2025.emnlp-main.1589,US,2025,EMNLP,2496.0,3.397244581010386,2496.0,1,2
2025.emnlp-main.1592,US,2025,EMNLP,3024.0,3.480581786829169,2496.0,1,1
2025.emnlp-main.1597,US,2025,EMNLP,312.0,2.494154594018443,2496.0,0,1
2025.emnlp-main.160,US,2025,EMNLP,6048.0,3.78161178249315,2496.0,1,1
2025.emnlp-main.1621,US,2025,EMNLP,624.0,2.795184589682424,2496.0,0,4
2025.emnlp-main.1629,US,2025,EMNLP,165.0,2.2174839442139063,2496.0,0,1
2025.emnlp-main.163,US,2025,EMNLP,624.0,2.795184589682424,2496.0,0,2
2025.emnlp-main.1631,US,2025,EMNLP,312.0,2.494154594018443,2496.0,0,1
2025.emnlp-main.1635,US,2025,EMNLP,2496.0,3.397244581010386,2496.0,1,4
2025.emnlp-main.1647,US,2025,EMNLP,724.0,2.859738566197147,2496.0,0,1
2025.emnlp-main.1652,US,2025,EMNLP,4736.0,3.6754116937148633,2496.0,1,2
2025.emnlp-main.1654,US,2025,EMNLP,336.0,2.526339277389844,2496.0,0,1
2025.emnlp-main.1658,US,2025,EMNLP,1248.0,3.0962145853464054,2496.0,0,2
2025.emnlp-main.1659,US,2025,EMNLP,1248.0,3.0962145853464054,2496.0,0,2
2025.emnlp-main.1666,US,2025,EMNLP,756.0,2.8785217955012063,2496.0,0,1
2025.emnlp-main.1667,US,2025,EMNLP,989.5,2.9954157985424152,2496.0,0,2
2025.emnlp-main.1668,US,2025,EMNLP,149.7,2.1752218003430523,2496.0,0,1
2025.emnlp-main.1669,US,2025,EMNLP,2496.0,3.397244581010386,2496.0,1,2
2025.emnlp-main.1677,US,2025,EMNLP,989.5,2.9954157985424152,2496.0,0,1
2025.emnlp-main.1681,US,2025,EMNLP,2496.0,3.397244581010386,2496.0,1,1
2025.emnlp-main.1682,US,2025,EMNLP,2496.0,3.397244581010386,2496.0,1,3
2025.emnlp-main.1687,US,2025,EMNLP,1248.0,3.0962145853464054,2496.0,0,3
2025.emnlp-main.169,US,2025,EMNLP,330.0,2.5185139398778875,2496.0,0,1
2025.emnlp-main.1691,US,2025,EMNLP,356.8,2.5524248457040857,2496.0,0,1
2025.emnlp-main.1692,US,2025,EMNLP,2496.0,3.397244581010386,2496.0,1,1
2025.emnlp-main.1695,US,2025,EMNLP,4992.0,3.6982745766743674,2496.0,1,2
2025.emnlp-main.17,US,2025,EMNLP,1792.0,3.2533380053261065,2496.0,0,1
2025.emnlp-main.1701,US,2025,EMNLP,130.5,2.1156105116742996,2496.0,0,1
2025.emnlp-main.1705,US,2025,EMNLP,1248.0,3.0962145853464054,2496.0,0,2
2025.emnlp-main.1707,US,2025,EMNLP,1197.6,3.078311787334996,2496.0,0,1
2025.emnlp-main.1708,US,2025,EMNLP,3555.2,3.5508640372607734,2496.0,1,1
2025.emnlp-main.1711,US,2025,EMNLP,181.0,2.2576785748691846,2496.0,0,2
2025.emnlp-main.1712,US,2025,EMNLP,119.1,2.0759117614827773,2496.0,0,1
2025.emnlp-main.1713,US,2025,EMNLP,238.2,2.3769417571467586,2496.0,0,1
2025.emnlp-main.1716,US,2025,EMNLP,2496.0,3.397244581010386,2496.0,1,2
2025.emnlp-main.1721,US,2025,EMNLP,149.7,2.1752218003430523,2496.0,0,1
2025.emnlp-main.173,US,2025,EMNLP,1248.0,3.0962145853464054,2496.0,0,2
2025.emnlp-main.174,US,2025,EMNLP,312.0,2.494154594018443,2496.0,0,2
2025.emnlp-main.1748,US,2025,EMNLP,44.200000000001,1.6454222693491016,2496.0,0,3
2025.emnlp-main.1751,US,2025,EMNLP,2496.0,3.397244581010386,2496.0,1,2
2025.emnlp-main.1761,US,2025,EMNLP,149.7,2.1752218003430523,2496.0,0,3
2025.emnlp-main.1763,US,2025,EMNLP,24192.0,4.383671773821113,2496.0,1,1
2025.emnlp-main.1768,US,2025,EMNLP,989.5,2.9954157985424152,2496.0,0,2
2025.emnlp-main.1772,US,2025,EMNLP,238.2,2.3769417571467586,2496.0,0,1
2025.emnlp-main.1778,US,2025,EMNLP,896.0,2.9523080096621253,2496.0,0,1
2025.emnlp-main.1781,US,2025,EMNLP,312.0,2.494154594018443,2496.0,0,2
2025.emnlp-main.1786,US,2025,EMNLP,2496.0,3.397244581010386,2496.0,1,1
2025.emnlp-main.1789,US,2025,EMNLP,756.0,2.8785217955012063,2496.0,0,1
2025.emnlp-main.180,US,2025,EMNLP,3024.0,3.480581786829169,2496.0,1,1
2025.emnlp-main.1805,US,2025,EMNLP,2496.0,3.397244581010386,2496.0,1,3
2025.emnlp-main.186,US,2025,EMNLP,312.0,2.494154594018443,2496.0,0,2
2025.emnlp-main.189,US,2025,EMNLP,181.0,2.2576785748691846,2496.0,0,1
2025.emnlp-main.209,US,2025,EMNLP,1448.0,3.1607685618611283,2496.0,0,3
2025.emnlp-main.213,US,2025,EMNLP,476.4,2.67797175281074,2496.0,0,3
2025.emnlp-main.215,US,2025,EMNLP,7912.0,3.898286278589123,2496.0,1,2
2025.emnlp-main.219,US,2025,EMNLP,312.0,2.494154594018443,2496.0,0,2
2025.emnlp-main.225,US,2025,EMNLP,2496.0,3.397244581010386,2496.0,1,2
2025.emnlp-main.230,US,2025,EMNLP,2496.0,3.397244581010386,2496.0,1,1
2025.emnlp-main.234,US,2025,EMNLP,624.0,2.795184589682424,2496.0,0,1
2025.emnlp-main.239,US,2025,EMNLP,444.4,2.64777405026883,2496.0,0,2
2025.emnlp-main.244,US,2025,EMNLP,896.0,2.9523080096621253,2496.0,0,2
2025.emnlp-main.247,US,2025,EMNLP,296.0,2.4712917110589387,2496.0,0,2
2025.emnlp-main.259,US,2025,EMNLP,2496.0,3.397244581010386,2496.0,1,1
2025.emnlp-main.27,US,2025,EMNLP,7912.0,3.898286278589123,2496.0,1,2
2025.emnlp-main.271,US,2025,EMNLP,2496.0,3.397244581010386,2496.0,1,2
2025.emnlp-main.301,US,2025,EMNLP,952.8,2.979001748474721,2496.0,0,1
2025.emnlp-main.304,US,2025,EMNLP,119.1,2.0759117614827773,2496.0,0,2
2025.emnlp-main.31,US,2025,EMNLP,110.0,2.041392685158225,2496.0,0,2
2025.emnlp-main.310,US,2025,EMNLP,2496.0,3.397244581010386,2496.0,1,2
2025.emnlp-main.317,US,2025,EMNLP,2496.0,3.397244581010386,2496.0,1,1
2025.emnlp-main.320,US,2025,EMNLP,756.0,2.8785217955012063,2496.0,0,2
2025.emnlp-main.341,US,2025,EMNLP,312.0,2.494154594018443,2496.0,0,3
2025.emnlp-main.35,US,2025,EMNLP,312.0,2.494154594018443,2496.0,0,2
2025.emnlp-main.370,US,2025,EMNLP,312.0,2.494154594018443,2496.0,0,4
2025.emnlp-main.382,US,2025,EMNLP,312.0,2.494154594018443,2496.0,0,1
2025.emnlp-main.392,US,2025,EMNLP,1248.0,3.0962145853464054,2496.0,0,2
2025.emnlp-main.4,US,2025,EMNLP,1248.0,3.0962145853464054,2496.0,0,1
2025.emnlp-main.401,US,2025,EMNLP,2496.0,3.397244581010386,2496.0,1,1
2025.emnlp-main.402,US,2025,EMNLP,989.5,2.9954157985424152,2496.0,0,1
2025.emnlp-main.414,US,2025,EMNLP,7916.0,3.8985057855343586,2496.0,1,2
2025.emnlp-main.415,US,2025,EMNLP,936.0,2.971275848738105,2496.0,0,2
2025.emnlp-main.436,US,2025,EMNLP,724.0,2.859738566197147,2496.0,0,2
2025.emnlp-main.448,US,2025,EMNLP,311.8,2.4938761108528227,2496.0,0,2
2025.emnlp-main.456,US,2025,EMNLP,336.0,2.526339277389844,2496.0,0,2
2025.emnlp-main.457,US,2025,EMNLP,312.0,2.494154594018443,2496.0,0,2
2025.emnlp-main.474,US,2025,EMNLP,312.0,2.494154594018443,2496.0,0,2
2025.emnlp-main.479,US,2025,EMNLP,756.0,2.8785217955012063,2496.0,0,1
2025.emnlp-main.48,US,2025,EMNLP,2496.0,3.397244581010386,2496.0,1,1
2025.emnlp-main.481,US,2025,EMNLP,312.0,2.494154594018443,2496.0,0,2
2025.emnlp-main.486,US,2025,EMNLP,2496.0,3.397244581010386,2496.0,1,1
2025.emnlp-main.491,US,2025,EMNLP,888.8,2.9488040459328113,2496.0,0,11
2025.emnlp-main.504,US,2025,EMNLP,182.12,2.260357641636152,2496.0,0,2
2025.emnlp-main.516,US,2025,EMNLP,2496.0,3.397244581010386,2496.0,1,1
2025.emnlp-main.519,US,2025,EMNLP,1197.6,3.078311787334996,2496.0,0,2
2025.emnlp-main.521,US,2025,EMNLP,1248.0,3.0962145853464054,2496.0,0,1
2025.emnlp-main.528,US,2025,EMNLP,227.6,2.3571722577230334,2496.0,0,2
2025.emnlp-main.530,US,2025,EMNLP,1248.0,3.0962145853464054,2496.0,0,1
2025.emnlp-main.54,US,2025,EMNLP,312.0,2.494154594018443,2496.0,0,2
2025.emnlp-main.544,US,2025,EMNLP,2496.0,3.397244581010386,2496.0,1,1
2025.emnlp-main.546,US,2025,EMNLP,624.0,2.795184589682424,2496.0,0,2
2025.emnlp-main.548,US,2025,EMNLP,238.2,2.3769417571467586,2496.0,0,1
2025.emnlp-main.551,US,2025,EMNLP,238.2,2.3769417571467586,2496.0,0,1
2025.emnlp-main.560,US,2025,EMNLP,71.0,1.8512583487190752,2496.0,0,1
2025.emnlp-main.562,US,2025,EMNLP,312.0,2.494154594018443,2496.0,0,1
2025.emnlp-main.563,US,2025,EMNLP,3956.0,3.5972562829251418,2496.0,1,2
2025.emnlp-main.564,US,2025,EMNLP,756.0,2.8785217955012063,2496.0,0,1
2025.emnlp-main.569,US,2025,EMNLP,2496.0,3.397244581010386,2496.0,1,2
2025.emnlp-main.570,US,2025,EMNLP,1448.0,3.1607685618611283,2496.0,0,1
2025.emnlp-main.572,US,2025,EMNLP,624.0,2.795184589682424,2496.0,0,3
2025.emnlp-main.573,US,2025,EMNLP,989.5,2.9954157985424152,2496.0,0,2
2025.emnlp-main.575,US,2025,EMNLP,330.0,2.5185139398778875,2496.0,0,3
2025.emnlp-main.582,US,2025,EMNLP,1248.0,3.0962145853464054,2496.0,0,2
2025.emnlp-main.585,US,2025,EMNLP,119.1,2.0759117614827773,2496.0,0,2
2025.emnlp-main.587,US,2025,EMNLP,1248.0,3.0962145853464054,2496.0,0,1
2025.emnlp-main.588,US,2025,EMNLP,2496.0,3.397244581010386,2496.0,1,1
2025.emnlp-main.589,US,2025,EMNLP,1248.0,3.0962145853464054,2496.0,0,3
2025.emnlp-main.590,US,2025,EMNLP,624.0,2.795184589682424,2496.0,0,2
2025.emnlp-main.592,US,2025,EMNLP,320.0,2.505149978319906,2496.0,0,2
2025.emnlp-main.595,US,2025,EMNLP,312.0,2.494154594018443,2496.0,0,1
2025.emnlp-main.598,US,2025,EMNLP,756.0,2.8785217955012063,2496.0,0,2
2025.emnlp-main.60,US,2025,EMNLP,1248.0,3.0962145853464054,2496.0,0,1
2025.emnlp-main.601,US,2025,EMNLP,968.0,2.9858753573083936,2496.0,0,2
2025.emnlp-main.602,US,2025,EMNLP,222.2,2.346744054604849,2496.0,0,2
2025.emnlp-main.604,US,2025,EMNLP,476.4,2.67797175281074,2496.0,0,1
2025.emnlp-main.605,US,2025,EMNLP,3024.0,3.480581786829169,2496.0,1,1
2025.emnlp-main.608,US,2025,EMNLP,522.0,2.717670503002262,2496.0,0,1
2025.emnlp-main.615,US,2025,EMNLP,2496.0,3.397244581010386,2496.0,1,1
2025.emnlp-main.624,US,2025,EMNLP,312.0,2.494154594018443,2496.0,0,3
2025.emnlp-main.631,US,2025,EMNLP,119.1,2.0759117614827773,2496.0,0,1
2025.emnlp-main.636,US,2025,EMNLP,149.7,2.1752218003430523,2496.0,0,1
2025.emnlp-main.637,US,2025,EMNLP,2496.0,3.397244581010386,2496.0,1,3
2025.emnlp-main.638,US,2025,EMNLP,1248.0,3.0962145853464054,2496.0,0,1
2025.emnlp-main.641,US,2025,EMNLP,1248.0,3.0962145853464054,2496.0,0,1
2025.emnlp-main.644,US,2025,EMNLP,2496.0,3.397244581010386,2496.0,1,2
2025.emnlp-main.647,US,2025,EMNLP,119.1,2.0759117614827773,2496.0,0,1
2025.emnlp-main.656,US,2025,EMNLP,312.0,2.494154594018443,2496.0,0,4
2025.emnlp-main.657,US,2025,EMNLP,312.0,2.494154594018443,2496.0,0,2
2025.emnlp-main.670,US,2025,EMNLP,71.0,1.8512583487190752,2496.0,0,2
2025.emnlp-main.674,US,2025,EMNLP,1512.0,3.1795517911651876,2496.0,0,2
2025.emnlp-main.687,US,2025,EMNLP,2496.0,3.397244581010386,2496.0,1,2
2025.emnlp-main.696,US,2025,EMNLP,2496.0,3.397244581010386,2496.0,1,2
2025.emnlp-main.7,US,2025,EMNLP,181.0,2.2576785748691846,2496.0,0,2
2025.emnlp-main.706,US,2025,EMNLP,2496.0,3.397244581010386,2496.0,1,1
2025.emnlp-main.72,US,2025,EMNLP,2496.0,3.397244581010386,2496.0,1,3
2025.emnlp-main.73,US,2025,EMNLP,2496.0,3.397244581010386,2496.0,1,3
2025.emnlp-main.736,US,2025,EMNLP,178.4,2.2513948500401044,2496.0,0,2
2025.emnlp-main.74,US,2025,EMNLP,2496.0,3.397244581010386,2496.0,1,2
2025.emnlp-main.744,US,2025,EMNLP,756.0,2.8785217955012063,2496.0,0,2
2025.emnlp-main.748,US,2025,EMNLP,500.0,2.6989700043360187,2496.0,0,2
2025.emnlp-main.76,US,2025,EMNLP,312.0,2.494154594018443,2496.0,0,1
2025.emnlp-main.762,US,2025,EMNLP,362.0,2.558708570533166,2496.0,0,2
2025.emnlp-main.765,US,2025,EMNLP,2496.0,3.397244581010386,2496.0,1,1
2025.emnlp-main.768,US,2025,EMNLP,2496.0,3.397244581010386,2496.0,1,2
2025.emnlp-main.770,US,2025,EMNLP,624.0,2.795184589682424,2496.0,0,2
2025.emnlp-main.776,US,2025,EMNLP,888.8,2.9488040459328113,2496.0,0,1
2025.emnlp-main.783,US,2025,EMNLP,2496.0,3.397244581010386,2496.0,1,1
2025.emnlp-main.793,US,2025,EMNLP,330.0,2.5185139398778875,2496.0,0,3
2025.emnlp-main.795,US,2025,EMNLP,2640.0,3.4216039268698313,2496.0,1,1
2025.emnlp-main.796,US,2025,EMNLP,1248.0,3.0962145853464054,2496.0,0,2
2025.emnlp-main.797,US,2025,EMNLP,119.1,2.0759117614827773,2496.0,0,1
2025.emnlp-main.8,US,2025,EMNLP,952.8,2.979001748474721,2496.0,0,1
2025.emnlp-main.807,US,2025,EMNLP,1248.0,3.0962145853464054,2496.0,0,1
2025.emnlp-main.815,US,2025,EMNLP,119.1,2.0759117614827773,2496.0,0,1
2025.emnlp-main.823,US,2025,EMNLP,125.0,2.0969100130080562,2496.0,0,1
2025.emnlp-main.830,US,2025,EMNLP,6048.0,3.78161178249315,2496.0,1,4
2025.emnlp-main.832,US,2025,EMNLP,119.1,2.0759117614827773,2496.0,0,2
2025.emnlp-main.833,US,2025,EMNLP,624.0,2.795184589682424,2496.0,0,1
2025.emnlp-main.835,US,2025,EMNLP,568.0,2.754348335711019,2496.0,0,4
2025.emnlp-main.837,US,2025,EMNLP,312.0,2.494154594018443,2496.0,0,3
2025.emnlp-main.839,US,2025,EMNLP,2496.0,3.397244581010386,2496.0,1,1
2025.emnlp-main.842,US,2025,EMNLP,312.0,2.494154594018443,2496.0,0,2
2025.emnlp-main.845,US,2025,EMNLP,181.0,2.2576785748691846,2496.0,0,2
2025.emnlp-main.847,US,2025,EMNLP,2496.0,3.397244581010386,2496.0,1,1
2025.emnlp-main.848,US,2025,EMNLP,121.0,2.0827853703164503,2496.0,0,2
2025.emnlp-main.849,US,2025,EMNLP,357.3,2.55303301620244,2496.0,0,1
2025.emnlp-main.857,US,2025,EMNLP,2494.4,3.3969660978447664,2496.0,0,2
2025.emnlp-main.858,US,2025,EMNLP,330.0,2.5185139398778875,2496.0,0,1
2025.emnlp-main.859,US,2025,EMNLP,2496.0,3.397244581010386,2496.0,1,1
2025.emnlp-main.87,US,2025,EMNLP,312.0,2.494154594018443,2496.0,0,2
2025.emnlp-main.871,US,2025,EMNLP,2496.0,3.397244581010386,2496.0,1,1
2025.emnlp-main.880,US,2025,EMNLP,224.0,2.3502480183341627,2496.0,0,2
2025.emnlp-main.882,US,2025,EMNLP,476.4,2.67797175281074,2496.0,0,1
2025.emnlp-main.901,US,2025,EMNLP,312.0,2.494154594018443,2496.0,0,1
2025.emnlp-main.905,US,2025,EMNLP,2496.0,3.397244581010386,2496.0,1,1
2025.emnlp-main.91,US,2025,EMNLP,91.06,1.9593276459721711,2496.0,0,1
2025.emnlp-main.925,US,2025,EMNLP,6048.0,3.78161178249315,2496.0,1,1
2025.emnlp-main.940,US,2025,EMNLP,312.0,2.494154594018443,2496.0,0,2
2025.emnlp-main.947,US,2025,EMNLP,2496.0,3.397244581010386,2496.0,1,1
2025.emnlp-main.949,US,2025,EMNLP,312.0,2.494154594018443,2496.0,0,2
2025.emnlp-main.95,US,2025,EMNLP,312.0,2.494154594018443,2496.0,0,2
2025.emnlp-main.957,US,2025,EMNLP,1248.0,3.0962145853464054,2496.0,0,2
2025.emnlp-main.96,US,2025,EMNLP,1248.0,3.0962145853464054,2496.0,0,1
2025.emnlp-main.960,US,2025,EMNLP,756.0,2.8785217955012063,2496.0,0,3
2025.emnlp-main.964,US,2025,EMNLP,2496.0,3.397244581010386,2496.0,1,2
2025.emnlp-main.967,US,2025,EMNLP,3024.0,3.480581786829169,2496.0,1,1
2025.emnlp-main.97,US,2025,EMNLP,1248.0,3.0962145853464054,2496.0,0,1
2025.emnlp-main.981,US,2025,EMNLP,312.0,2.494154594018443,2496.0,0,1
2025.emnlp-main.985,US,2025,EMNLP,1248.0,3.0962145853464054,2496.0,0,4
2025.emnlp-main.986,US,2025,EMNLP,312.0,2.494154594018443,2496.0,0,1
2025.emnlp-main.99,US,2025,EMNLP,312.0,2.494154594018443,2496.0,0,2
2025.emnlp-main.993,US,2025,EMNLP,312.0,2.494154594018443,2496.0,0,1
2025.emnlp-main.995,US,2025,EMNLP,2496.0,3.397244581010386,2496.0,1,2
2025.emnlp-main.998,US,2025,EMNLP,624.0,2.795184589682424,2496.0,0,1
2025.naacl-long.130,US,2025,NAACL,312.0,2.494154594018443,2496.0,0,1
2025.naacl-long.138,US,2025,NAACL,936.0,2.971275848738105,2496.0,0,1
2025.naacl-long.149,US,2025,NAACL,2496.0,3.397244581010386,2496.0,1,1
2025.naacl-long.154,US,2025,NAACL,1248.0,3.0962145853464054,2496.0,0,1
2025.naacl-long.155,US,2025,NAACL,312.0,2.494154594018443,2496.0,0,2
2025.naacl-long.158,US,2025,NAACL,312.0,2.494154594018443,2496.0,0,1
2025.naacl-long.16,US,2025,NAACL,149.7,2.1752218003430523,2496.0,0,1
2025.naacl-long.166,US,2025,NAACL,624.0,2.795184589682424,2496.0,0,1
2025.naacl-long.168,US,2025,NAACL,119.1,2.0759117614827773,2496.0,0,2
2025.naacl-long.183,US,2025,NAACL,312.0,2.494154594018443,2496.0,0,1
2025.naacl-long.199,US,2025,NAACL,476.4,2.67797175281074,2496.0,0,2
2025.naacl-long.201,US,2025,NAACL,312.0,2.494154594018443,2496.0,0,1
2025.naacl-long.202,US,2025,NAACL,130.5,2.1156105116742996,2496.0,0,2
2025.naacl-long.211,US,2025,NAACL,312.0,2.494154594018443,2496.0,0,2
2025.naacl-long.213,US,2025,NAACL,624.0,2.795184589682424,2496.0,0,1
2025.naacl-long.217,US,2025,NAACL,312.0,2.494154594018443,2496.0,0,1
2025.naacl-long.234,US,2025,NAACL,2496.0,3.397244581010386,2496.0,1,2
2025.naacl-long.241,US,2025,NAACL,71.0,1.8512583487190752,2496.0,0,2
2025.naacl-long.284,US,2025,NAACL,312.0,2.494154594018443,2496.0,0,2
2025.naacl-long.286,US,2025,NAACL,119.1,2.0759117614827773,2496.0,0,1
2025.naacl-long.293,US,2025,NAACL,2496.0,3.397244581010386,2496.0,1,1
2025.naacl-long.297,US,2025,NAACL,2496.0,3.397244581010386,2496.0,1,1
2025.naacl-long.298,US,2025,NAACL,19968.0,4.30033456800233,2496.0,1,1
2025.naacl-long.3,US,2025,NAACL,312.0,2.494154594018443,2496.0,0,2
2025.naacl-long.30,US,2025,NAACL,2496.0,3.397244581010386,2496.0,1,3
2025.naacl-long.302,US,2025,NAACL,312.0,2.494154594018443,2496.0,0,1
2025.naacl-long.303,US,2025,NAACL,4992.0,3.6982745766743674,2496.0,1,2
2025.naacl-long.304,US,2025,NAACL,476.4,2.67797175281074,2496.0,0,3
2025.naacl-long.305,US,2025,NAACL,119.1,2.0759117614827773,2496.0,0,2
2025.naacl-long.306,US,2025,NAACL,2496.0,3.397244581010386,2496.0,1,1
2025.naacl-long.308,US,2025,NAACL,39936.0,4.601364563666311,2496.0,1,1
2025.naacl-long.31,US,2025,NAACL,1248.0,3.0962145853464054,2496.0,0,2
2025.naacl-long.310,US,2025,NAACL,119.1,2.0759117614827773,2496.0,0,2
2025.naacl-long.313,US,2025,NAACL,6048.0,3.78161178249315,2496.0,1,1
2025.naacl-long.321,US,2025,NAACL,312.0,2.494154594018443,2496.0,0,2
2025.naacl-long.326,US,2025,NAACL,1197.6,3.078311787334996,2496.0,0,1
2025.naacl-long.327,US,2025,NAACL,125.0,2.0969100130080562,2496.0,0,2
2025.naacl-long.328,US,2025,NAACL,1248.0,3.0962145853464054,2496.0,0,1
2025.naacl-long.329,US,2025,NAACL,2496.0,3.397244581010386,2496.0,1,2
2025.naacl-long.330,US,2025,NAACL,624.0,2.795184589682424,2496.0,0,1
2025.naacl-long.332,US,2025,NAACL,2496.0,3.397244581010386,2496.0,1,1
2025.naacl-long.333,US,2025,NAACL,476.4,2.67797175281074,2496.0,0,2
2025.naacl-long.334,US,2025,NAACL,71.0,1.8512583487190752,2496.0,0,2
2025.naacl-long.338,US,2025,NAACL,6048.0,3.78161178249315,2496.0,1,2
2025.naacl-long.340,US,2025,NAACL,312.0,2.494154594018443,2496.0,0,2
2025.naacl-long.346,US,2025,NAACL,2496.0,3.397244581010386,2496.0,1,1
2025.naacl-long.366,US,2025,NAACL,6048.0,3.78161178249315,2496.0,1,1
2025.naacl-long.375,US,2025,NAACL,4992.0,3.6982745766743674,2496.0,1,3
2025.naacl-long.376,US,2025,NAACL,1248.0,3.0962145853464054,2496.0,0,2
2025.naacl-long.389,US,2025,NAACL,312.0,2.494154594018443,2496.0,0,2
2025.naacl-long.390,US,2025,NAACL,312.0,2.494154594018443,2496.0,0,1
2025.naacl-long.395,US,2025,NAACL,6048.0,3.78161178249315,2496.0,1,1
2025.naacl-long.406,US,2025,NAACL,312.0,2.494154594018443,2496.0,0,1
2025.naacl-long.410,US,2025,NAACL,1248.0,3.0962145853464054,2496.0,0,1
2025.naacl-long.412,US,2025,NAACL,756.0,2.8785217955012063,2496.0,0,1
2025.naacl-long.415,US,2025,NAACL,222.2,2.346744054604849,2496.0,0,1
2025.naacl-long.416,US,2025,NAACL,312.0,2.494154594018443,2496.0,0,1
2025.naacl-long.419,US,2025,NAACL,312.0,2.494154594018443,2496.0,0,1
2025.naacl-long.421,US,2025,NAACL,756.0,2.8785217955012063,2496.0,0,3
2025.naacl-long.424,US,2025,NAACL,312.0,2.494154594018443,2496.0,0,1
2025.naacl-long.426,US,2025,NAACL,130.5,2.1156105116742996,2496.0,0,4
2025.naacl-long.428,US,2025,NAACL,1248.0,3.0962145853464054,2496.0,0,2
2025.naacl-long.429,US,2025,NAACL,624.0,2.795184589682424,2496.0,0,2
2025.naacl-long.430,US,2025,NAACL,2496.0,3.397244581010386,2496.0,1,1
2025.naacl-long.431,US,2025,NAACL,1197.6,3.078311787334996,2496.0,0,1
2025.naacl-long.436,US,2025,NAACL,952.8,2.979001748474721,2496.0,0,1
2025.naacl-long.439,US,2025,NAACL,19968.0,4.30033456800233,2496.0,1,1
2025.naacl-long.441,US,2025,NAACL,312.0,2.494154594018443,2496.0,0,1
2025.naacl-long.442,US,2025,NAACL,2496.0,3.397244581010386,2496.0,1,1
2025.naacl-long.444,US,2025,NAACL,312.0,2.494154594018443,2496.0,0,2
2025.naacl-long.445,US,2025,NAACL,2496.0,3.397244581010386,2496.0,1,1
2025.naacl-long.448,US,2025,NAACL,1248.0,3.0962145853464054,2496.0,0,1
2025.naacl-long.451,US,2025,NAACL,110.0,2.041392685158225,2496.0,0,1
2025.naacl-long.452,US,2025,NAACL,624.0,2.795184589682424,2496.0,0,2
2025.naacl-long.457,US,2025,NAACL,312.0,2.494154594018443,2496.0,0,1
2025.naacl-long.460,US,2025,NAACL,476.4,2.67797175281074,2496.0,0,2
2025.naacl-long.480,US,2025,NAACL,660.0,2.8195439355418688,2496.0,0,2
2025.naacl-long.488,US,2025,NAACL,1248.0,3.0962145853464054,2496.0,0,2
2025.naacl-long.489,US,2025,NAACL,2496.0,3.397244581010386,2496.0,1,1
2025.naacl-long.490,US,2025,NAACL,2268.0,3.355643050220869,2496.0,0,2
2025.naacl-long.494,US,2025,NAACL,476.4,2.67797175281074,2496.0,0,1
2025.naacl-long.5,US,2025,NAACL,3024.0,3.480581786829169,2496.0,1,1
2025.naacl-long.515,US,2025,NAACL,756.0,2.8785217955012063,2496.0,0,2
2025.naacl-long.524,US,2025,NAACL,6048.0,3.78161178249315,2496.0,1,2
2025.naacl-long.526,US,2025,NAACL,1248.0,3.0962145853464054,2496.0,0,3
2025.naacl-long.527,US,2025,NAACL,119.1,2.0759117614827773,2496.0,0,2
2025.naacl-long.529,US,2025,NAACL,119.1,2.0759117614827773,2496.0,0,2
2025.naacl-long.542,US,2025,NAACL,222.2,2.346744054604849,2496.0,0,1
2025.naacl-long.543,US,2025,NAACL,330.0,2.5185139398778875,2496.0,0,4
2025.naacl-long.545,US,2025,NAACL,1512.0,3.1795517911651876,2496.0,0,1
2025.naacl-long.550,US,2025,NAACL,756.0,2.8785217955012063,2496.0,0,2
2025.naacl-long.552,US,2025,NAACL,2496.0,3.397244581010386,2496.0,1,1
2025.naacl-long.553,US,2025,NAACL,1448.0,3.1607685618611283,2496.0,0,2
2025.naacl-long.554,US,2025,NAACL,119.1,2.0759117614827773,2496.0,0,1
2025.naacl-long.555,US,2025,NAACL,119.1,2.0759117614827773,2496.0,0,1
2025.naacl-long.560,US,2025,NAACL,238.2,2.3769417571467586,2496.0,0,1
2025.naacl-long.565,US,2025,NAACL,476.4,2.67797175281074,2496.0,0,1
2025.naacl-long.568,US,2025,NAACL,312.0,2.494154594018443,2496.0,0,2
2025.naacl-long.569,US,2025,NAACL,2496.0,3.397244581010386,2496.0,1,2
2025.naacl-long.570,US,2025,NAACL,1248.0,3.0962145853464054,2496.0,0,1
2025.naacl-long.571,US,2025,NAACL,71.0,1.8512583487190752,2496.0,0,3
2025.naacl-long.574,US,2025,NAACL,149.7,2.1752218003430523,2496.0,0,3
2025.naacl-long.575,US,2025,NAACL,2496.0,3.397244581010386,2496.0,1,1
2025.naacl-long.576,US,2025,NAACL,312.0,2.494154594018443,2496.0,0,1
2025.naacl-long.578,US,2025,NAACL,756.0,2.8785217955012063,2496.0,0,1
2025.naacl-long.579,US,2025,NAACL,2496.0,3.397244581010386,2496.0,1,2
2025.naacl-long.58,US,2025,NAACL,2496.0,3.397244581010386,2496.0,1,1
2025.naacl-long.585,US,2025,NAACL,896.0,2.9523080096621253,2496.0,0,1
2025.naacl-long.587,US,2025,NAACL,1320.0,3.12057393120585,2496.0,0,2
2025.naacl-long.588,US,2025,NAACL,896.0,2.9523080096621253,2496.0,0,2
2025.naacl-long.589,US,2025,NAACL,110.0,2.041392685158225,2496.0,0,2
2025.naacl-long.590,US,2025,NAACL,181.0,2.2576785748691846,2496.0,0,1
2025.naacl-long.594,US,2025,NAACL,119.1,2.0759117614827773,2496.0,0,2
2025.naacl-long.597,US,2025,NAACL,2496.0,3.397244581010386,2496.0,1,2
2025.naacl-long.599,US,2025,NAACL,1560.0,3.1931245983544616,2496.0,0,2
2025.naacl-long.600,US,2025,NAACL,724.0,2.859738566197147,2496.0,0,16
2025.naacl-long.601,US,2025,NAACL,624.0,2.795184589682424,2496.0,0,1
2025.naacl-long.602,US,2025,NAACL,1248.0,3.0962145853464054,2496.0,0,1
2025.naacl-long.610,US,2025,NAACL,2496.0,3.397244581010386,2496.0,1,1
2025.naacl-long.611,US,2025,NAACL,1777.6,3.2498340415967926,2496.0,0,1
2025.naacl-long.616,US,2025,NAACL,119.1,2.0759117614827773,2496.0,0,1
2025.naacl-long.618,US,2025,NAACL,110.0,2.041392685158225,2496.0,0,1
2025.naacl-long.619,US,2025,NAACL,426.0,2.629409599102719,2496.0,0,1
2025.naacl-long.622,US,2025,NAACL,2496.0,3.397244581010386,2496.0,1,1
2025.acl-long.1561,UY,2025,ACL,1512.0,3.1795517911651876,2496.0,0,6
2025.acl-long.1043,VN,2025,ACL,1248.0,3.0962145853464054,2496.0,0,2
2025.acl-long.530,VN,2025,ACL,312.0,2.494154594018443,2496.0,0,2
2025.emnlp-main.1326,VN,2025,EMNLP,312.0,2.494154594018443,2496.0,0,2
2025.emnlp-main.589,VN,2025,EMNLP,1248.0,3.0962145853464054,2496.0,0,3
2025.acl-long.1447,ZA,2025,ACL,312.0,2.494154594018443,2496.0,0,2
2025.acl-long.464,ZA,2025,ACL,756.0,2.8785217955012063,2496.0,0,8
2025.naacl-long.338,ZA,2025,NAACL,6048.0,3.78161178249315,2496.0,1,2
2025.acl-long.358,ZW,2025,ACL,1320.0,3.12057393120585,2496.0,0,3
2025.emnlp-main.139,ZW,2025,EMNLP,6048.0,3.78161178249315,2496.0,1,2
2025.emnlp-main.1434,ZW,2025,EMNLP,312.0,2.494154594018443,2496.0,0,2
